floating.member_Y_pontoon_lower1:outer_diameter+floating.member_Y_pontoon_lower1:outer_diameter+floating.member_Y_pontoon_lower2:outer_diameter+floating.member_Y_pontoon_lower2:outer_diameter+floating.member_Y_pontoon_lower3:outer_diameter+floating.member_Y_pontoon_lower3:outer_diameter,floating.member_Y_pontoon_upper1:outer_diameter+floating.member_Y_pontoon_upper1:outer_diameter+floating.member_Y_pontoon_upper2:outer_diameter+floating.member_Y_pontoon_upper2:outer_diameter+floating.member_Y_pontoon_upper3:outer_diameter+floating.member_Y_pontoon_upper3:outer_diameter,floating.member_column1:outer_diameter+floating.member_column1:outer_diameter+floating.member_column1:outer_diameter+floating.member_column1:outer_diameter+floating.member_column1:outer_diameter+floating.member_column1:outer_diameter+floating.member_column1:outer_diameter+floating.member_column2:outer_diameter+floating.member_column2:outer_diameter+floating.member_column2:outer_diameter+floating.member_column2:outer_diameter+floating.member_column2:outer_diameter+floating.member_column2:outer_diameter+floating.member_column2:outer_diameter+floating.member_column3:outer_diameter+floating.member_column3:outer_diameter+floating.member_column3:outer_diameter+floating.member_column3:outer_diameter+floating.member_column3:outer_diameter+floating.member_column3:outer_diameter+floating.member_column3:outer_diameter,floating.member_main_column:outer_diameter+floating.member_main_column:outer_diameter+floating.member_main_column:outer_diameter+floating.member_main_column:outer_diameter,configuration.rotor_diameter_user,financese.lcoe,floating.jointdv_0+floating.member_column1:joint1_2+floating.member_column2:joint1_2+floating.member_column3:joint1_2+floating.member_main_column:joint1_2,floating.jointdv_1+floating.member_column1:joint2_2+floating.member_column2:joint2_2+floating.member_column3:joint2_2+floating.member_main_column:joint2_2,floating.jointdv_2,floating.member_column1:joint1_0+floating.member_column1:joint2_0,floating.member_column1:joint1_1+floating.member_column1:joint2_1,floating.member_column2:joint1_0+floating.member_column3:joint1_0+floating.member_column3:joint2_0,floating.member_column2:joint1_1,floating.member_column2:joint2_0,floating.member_column2:joint2_1,floating.member_column3:joint1_1+floating.member_column3:joint2_1,floating.member_main_column:joint1_0+floating.member_main_column:joint1_1+floating.member_main_column:joint2_0+floating.member_main_column:joint2_1+towerse.tower.torsion_freqs_1+towerse.tower.torsion_freqs_2,floatingse.platform_cost,floatingse.platform_mass,floatingse.structural_frequencies_0,floatingse.structural_frequencies_1,floatingse.structural_frequencies_2,floatingse.structural_frequencies_3,floatingse.structural_frequencies_4,floatingse.structural_frequencies_5,floatingse.system_structural_mass,raft.Max_Offset,raft.Max_PtfmPitch,raft.Std_PtfmPitch,raft.heave_avg,raft.heave_period,raft.max_nac_accel,raft.max_tower_base,raft.pitch_period,raft.platform_displacement,raft.platform_mass,raft.platform_total_center_of_mass_0,raft.platform_total_center_of_mass_1,raft.platform_total_center_of_mass_2,raft.roll_period,raft.surge_period,raft.sway_period,raft.yaw_period,rotorse.blade_mass,rotorse.rp.AEP,tcons.tip_deflection_ratio,towerse.tower.fore_aft_freqs_0,towerse.tower.fore_aft_freqs_1,towerse.tower.fore_aft_freqs_2,towerse.tower.side_side_freqs_0,towerse.tower.side_side_freqs_1,towerse.tower.side_side_freqs_2,towerse.tower.top_deflection,towerse.tower.torsion_freqs_0,tune_rosco_ivc.Kp_float,tune_rosco_ivc.omega_pc,tune_rosco_ivc.omega_vs,tune_rosco_ivc.ps_percent,tune_rosco_ivc.ptfm_freq,tune_rosco_ivc.zeta_pc,tune_rosco_ivc.zeta_vs
True,True,True,True,True,False,True,True,True,False,False,False,False,False,False,False,False,False,False,False,False,False,False,False,False,False,False,False,False,False,False,False,False,False,False,False,False,False,False,False,False,False,False,False,False,False,False,False,False,False,False,False,False,False,True,True,True,True,True,True,True
11.384800000000002,0.9688571428571429,10.608571428571429,8.388571428571428,239.69285714285715,0.09743489259632233,-22.937142857142856,15.899999999999999,48.79857142857143,-48.79857142857143,1.7517677158051374e-07,24.399283651814738,42.26080371630045,24.39928787789499,42.26080127637187,-42.26080371630045,0.0,12414741.887910292,19594994.567164984,0.4072107606544185,0.41218655237871976,1.1121828946793013,1.4202720642691284,1.6203271598942774,3.935230416973104,9200060.263811097,16.624998330398824,15.870576427314965,0.37026658128544937,-0.024292068447435994,21.312782400503956,0.45822983686417723,892674703.3259487,43.734915937411024,22252.757640230226,19691988.466192793,-6.583130674955723e-07,-3.493518978187813e-08,-17.608045467846097,43.74916085669858,113.50591871417177,113.50698314275239,75.60016653977019,67572.90452784215,77491120.83511215,1.110250525388983,0.3817431350348392,1.3923506018090026,3.3297431851615955,0.37707774479683737,1.2149398471795925,3.29159966292677,0.5561244162204418,5.400107833218785,-13.17142857142857,0.3751428571428571,0.20371428571428574,0.8010714285714285,0.606,1.4348571428571428,1.3525714285714285
9.5848,0.7357142857142857,12.105714285714285,13.622857142857143,237.97857142857143,0.09780746764095044,-19.69142857142857,11.02,49.941428571428574,-49.941428571428574,1.7927939218604702e-07,24.97071217494047,43.250547062798894,24.970716499995053,43.25054456572746,-43.250547062798894,0.0,11099412.118153688,14924190.007719211,0.407988936114371,0.41283833411961735,1.121168547091987,1.4314618957399414,1.6303053793233426,3.9386284192816094,8727889.758279232,18.825066013595066,7.692924924398798,0.30036286352165953,-0.013138695935068785,14.53581504058025,0.5546045927380678,652130242.5243565,27.522488146315347,17695.23186588754,15021184.669466946,-7.853293996098407e-07,-4.352625274268901e-08,-15.042042900948116,27.534587337813996,104.71878179301329,104.72467018391883,73.15618429456266,67089.62243806409,77170275.0624705,1.072386921293326,0.3823941200374518,1.401297394761337,3.3323174703767675,0.37784832829765486,1.2248046295426784,3.2938138212320744,0.542522950337138,5.407352290690241,-12.6,0.46771428571428575,0.6974285714285714,0.7639285714285714,0.8219999999999998,0.7331428571428571,1.3274285714285714
9.9648,0.8374285714285714,13.602857142857143,11.817142857142857,248.7357142857143,0.09560725639216358,-16.834285714285713,20.42,58.62714285714286,-58.62714285714286,2.1045930878809986e-07,29.31356895069601,50.77259649618707,29.313574027955518,50.77259356482992,-50.77259649618707,0.0,13329151.302781781,17252717.661483098,0.40281647799972703,0.4084882892476378,1.0669311191044044,1.363581219981164,1.5694348336019934,3.9186372075309994,9699254.139622912,22.508488605941942,5.517792230264217,0.6925962484851893,-0.015451232536203426,15.122306819506724,0.9960855133589991,679081879.8298173,20.144352893638622,19928.76506220455,17349691.5133432,-8.683158444729664e-07,-5.719141459214207e-08,-11.005586751444296,20.15704424396709,128.4577835993993,128.4640784005436,93.55643716339613,70122.21755142139,79099367.05407198,1.2352927438298436,0.3784020988163453,1.3468837035677708,3.3171483130185613,0.3730719878590692,1.1651349460992382,3.2808358832671387,0.5714129251141213,5.363578564291743,-19.057142857142857,0.5448571428571428,0.238,0.8453571428571429,1.254,1.2657142857142856,1.213142857142857
12.3448,0.9094285714285715,11.248571428571429,6.24,242.4785714285714,0.09684822404554608,-16.445714285714285,14.1,61.14142857142857,-61.14142857142857,2.1948507412027305e-07,30.570711701572613,52.95003185848365,30.57071699657565,52.95002880141221,-52.95003185848365,0.0,12965664.705850562,24905545.05530402,0.40571093370086414,0.41089297339619973,1.0979191646013717,1.402372221063269,1.6043855891391567,3.9298113446031366,9436119.743062641,23.995567550957407,6.7821556363079365,0.591668617877059,-0.02813978480972483,24.328765059086415,0.7985856675009446,703429102.8167591,27.23074023779658,27359.95732917688,25002508.940304957,-7.588036350088757e-07,-3.3789063014605153e-08,-12.656335508786936,27.243241249107445,154.25664583640318,154.26313837026333,104.51329136267012,68358.23792373149,78001300.86880587,1.153102635945209,0.38065717596429477,1.3780990745057469,3.3256746201108682,0.3757936989978492,1.199204031434139,3.288093018149976,0.5643483491434217,5.387936664684608,-5.742857142857144,0.11114285714285715,0.18657142857142858,0.8575,0.314,0.7582857142857142,0.8085714285714285
8.1648,0.8362857142857143,11.294285714285714,7.017142857142857,245.39285714285714,0.09625800355790452,-21.405714285714286,9.42,42.684285714285714,-42.684285714285714,1.5322775134091075e-07,21.342141053092085,36.96567681253377,21.342144749659663,36.96567467831948,-36.96567681253377,0.0,9603998.661186375,10105884.393384926,0.4046945016099132,0.4101072975759446,1.0832997221935108,1.384133509583101,1.5880043861208704,3.924571722019969,8080322.514982725,13.912276115292999,20.48220044509539,0.26054827599209646,-0.02656623819578701,14.744981510272055,0.4297034923690584,1019851379.6719271,45.96470720102164,13079.037120011575,10202907.151236545,-6.299996709495068e-07,-4.3863153400703745e-08,-16.563325485385562,45.90013374465499,75.88433990237178,75.88639077677423,52.92828726085105,69179.8174763542,78520068.53488152,1.1970254129253428,0.3795961263331255,1.3634062003320875,3.3216126784605104,0.37451862128725394,1.1831205500353388,3.2846260672289604,0.5717770745699431,5.376398529439564,-3.3428571428571416,0.6545714285714285,0.19514285714285717,0.8646428571428572,0.374,1.1834285714285715,1.133142857142857
7.2248,1.098,12.574285714285715,6.102857142857143,242.82142857142856,0.09677733206041769,-21.81714285714286,10.620000000000001,48.39857142857143,-48.39857142857143,1.737408543685771e-07,24.19928366872073,41.914393545025995,24.19928786015997,41.91439112509742,-41.914393545025995,0.0,10258148.307526615,11070050.32981532,0.40564836992181175,0.41085846524666014,1.0961864917093787,1.4002175577942664,1.6024600514997849,3.9292061266067693,8393561.073078785,17.889740866171802,7.6693415108496295,0.33386471922212596,-0.01556528951313475,13.779702015548672,0.6075097277419543,673383910.2312241,26.45298730930213,13945.24678804812,11167045.981631339,-7.71691562460514e-07,-5.5315398913615074e-08,-16.58700289454748,26.466317299800334,91.26609442947922,91.26864111364898,68.89088526451285,68454.89434168709,78063050.75109439,1.158216523956156,0.380533807393576,1.3763615118104928,3.3251912555249032,0.3756452759329458,1.1972933620968362,3.287678983774526,0.5652148854831336,5.3865985237355325,-4.485714285714286,0.6528571428571428,0.6048571428571428,0.9832142857142857,1.1540000000000001,0.9068571428571428,0.7148571428571429
12.1448,0.9540000000000001,13.385714285714286,6.4,249.20714285714288,0.09551900539093076,-23.965714285714284,18.38,53.48428571428572,-53.48428571428572,1.9199751606320016e-07,26.74214059663023,46.318751436944076,26.742145228505244,46.31874876272978,-46.318751436944076,0.0,14107167.538462419,24652167.242997624,0.40261465960358045,0.4083242384614377,1.0646518982619742,1.3607319631223747,1.5668438156679065,3.9178306875457434,9996456.13086153,20.21094873393616,5.129510361955048,0.34296936608703465,-0.017020592757773716,19.55635705857095,0.6006252597676525,588742309.2908767,24.12441768156891,27150.149556334447,24749141.746566933,-7.303552256335826e-07,-4.393085401443979e-08,-18.04358156110927,24.138262927590524,140.08431437630057,140.090940713451,98.3987019744891,70255.12012611034,79179336.66875353,1.2401072776653002,0.37822660780671863,1.3445705685874896,3.3165255890362744,0.37286078673066003,1.162633308757799,3.2803092894881756,0.5709493831510192,5.36166925974217,-15.457142857142857,0.358,0.44885714285714284,0.7789285714285714,0.726,1.1994285714285715,0.8542857142857142
6.8848,1.0534285714285714,11.625714285714286,6.628571428571428,242.73571428571427,0.09679505954822597,-17.085714285714285,15.379999999999999,58.17,-58.17,2.0881826054588656e-07,29.08499754144572,50.376699157587694,29.085002579115496,50.376696249087686,-50.376699157587694,0.0,10408058.153751468,9013308.701260328,0.4056167896819918,0.41081917651113264,1.0966182513975977,1.400748784951986,1.6029347483574607,3.9293496783258717,8396205.787903484,22.233691577933087,6.560433691618022,0.5073995422645025,-0.023660735550339092,14.108079854940144,0.7326024803092915,683444833.9405913,23.014996517176154,11878.161311382235,9110281.197569033,-8.970800923572639e-07,-6.962284393877809e-08,-11.588286884990909,23.027861918363524,97.10755468666515,97.11459448229358,73.17986101465527,68430.7302371982,78047600.78424065,1.1569368111178155,0.38056464981476695,1.3767956047937564,3.325311913403913,0.37568238713306296,1.197770530197163,3.2877823026398505,0.564998250654628,5.386933007508136,-18.2,0.49342857142857144,0.6408571428571428,0.8417857142857142,0.8499999999999999,1.3,0.8611428571428571
9.424800000000001,0.802,13.202857142857143,11.222857142857142,235.15,0.0984292462929469,-17.38285714285714,10.74,47.54142857142857,-47.54142857142857,1.7066388891442714e-07,23.770712276376432,41.17208603515216,23.770716393584923,41.17208365808072,-41.17208603515216,0.0,10666975.658300236,13407663.096739786,0.4093748522033133,0.414019663454817,1.1362266603085123,1.4502520745936063,1.646937138827889,3.9444410757332697,8595200.69545291,17.6583693573626,7.557431797851018,0.3899297351492264,-0.010945606235990233,13.699736548639464,0.7114093817943207,714825077.7581066,24.98749394756816,16253.10293959445,13504673.760749396,-7.45285218748689e-07,-4.472201389924609e-08,-13.08700266556048,24.997313157076594,93.2986661870213,93.30030326075236,66.09728078512647,66292.20698993035,76629844.30860993,1.0114526989053665,0.3834658908712627,1.4162136250217312,3.336675595114315,0.3791148335202672,1.2413737760673533,3.2975870436496764,0.5201639114463503,5.4193091692553015,-16.085714285714285,0.10600000000000001,0.2722857142857143,0.9632142857142857,1.002,1.197142857142857,1.1514285714285715
13.3048,0.8008571428571428,13.728571428571428,12.708571428571428,237.85000000000002,0.09783581807551123,-21.748571428571427,8.06,58.284285714285716,-58.284285714285716,2.092285226064399e-07,29.142140393758293,50.47567349223754,29.1421454413255,50.47567057802325,-50.47567349223754,0.0,13982462.290716391,31593225.69734405,0.4079245558962336,0.41276256348479273,1.1218442223552043,1.432284405899558,1.6310348946902542,3.9388468271510764,9995338.831428103,24.090752262529556,5.465308027200643,0.5272484145421589,-0.01628714442487406,19.78174963560261,0.8489650195032238,588944876.4258628,21.467371496028296,33863.552351214385,31690184.330522873,-7.813796011537363e-07,-3.3921940190896244e-08,-17.958660510454784,21.47570063962407,172.10022884948648,172.10743680840483,116.78657002659338,67053.37628133075,77145995.68448451,1.0695753722166499,0.3824429001380236,1.4019712715834103,3.332512558570122,0.37790602996764383,1.2255498417240784,3.293982051246371,0.5415062873567535,5.407895660075577,-8.314285714285713,0.2225714285714286,0.25857142857142856,0.9225,1.142,1.3297142857142856,1.3251428571428572
7.2648,0.9311428571428572,13.248571428571429,10.445714285714285,236.30714285714288,0.09817442989097679,-22.754285714285714,19.54,48.97,-48.97,1.7579216467134373e-07,24.484997930283598,42.409265218275216,24.485002171210002,42.40926276977521,-42.409265218275216,0.0,12249630.25539624,13163227.761965763,0.40871583639393655,0.4134426642494633,1.1300302461130327,1.4425028007642886,1.64009590468223,3.942011330723004,9233904.204889055,18.56472325133488,7.030106953764472,0.39239560826202313,-0.012555280895091269,12.940400329425527,0.725640537449966,689833425.1019201,24.872893784459364,15976.832983960405,13260223.256038234,-8.373205623103884e-07,-6.614681328592042e-08,-15.14204119242048,24.88414139606991,99.72049412976725,99.72248252252436,76.2672662301645,66618.42240053052,76852881.42235173,1.0361444792374,0.3830278771458871,1.4100885963234338,3.3348759192397184,0.37859754230214976,1.2345511913377172,3.2960250500342867,0.5292247540991637,5.4144187053406405,-13.742857142857144,0.31685714285714284,0.5585714285714285,0.9567857142857144,1.394,1.316,1.1742857142857144
7.8248,1.034,14.494285714285715,12.342857142857143,235.06428571428572,0.09844849027774007,-20.102857142857143,20.86,56.284285714285716,-56.284285714285716,2.0204893654675666e-07,28.142140478288265,48.743622635865265,28.142145352650395,48.74361982165097,-48.743622635865265,0.0,13459724.204759775,15848400.873350957,0.4092365249924656,0.41387260637301676,1.1366839197233387,1.4507967467151355,1.6474143088603126,3.9445711430072032,9798611.56206959,22.51552269026349,6.417904868234111,0.8672570970840978,-0.013119994573490373,12.907345629441267,1.343279959409254,850313024.6428045,19.09453891091371,18540.233438550647,15945375.512526419,-9.399492052477977e-07,-7.150103719360002e-08,-12.918289205483442,19.103375685307842,123.41090768273298,123.41742562232744,95.80658238775287,66268.04288544142,76613210.78742903,1.0096365986200067,0.38349831478936025,1.4166685929153129,3.336809845667993,0.37915310810659714,1.2418816019044696,3.297703781709319,0.519494577827114,5.419671423956237,-3.62857142857143,0.20714285714285713,0.2654285714285714,0.7775,1.058,1.002857142857143,0.964
9.0248,0.8888571428571429,12.974285714285713,13.485714285714286,235.62142857142857,0.0983242862544374,-22.685714285714287,15.22,51.59857142857143,-51.59857142857143,1.8522819206407026e-07,25.799283533472778,44.68567491522164,25.799288002040143,44.68567233529306,-44.68567491522164,0.0,12496086.887735646,16912714.132049173,0.4090270236324608,0.41370401997997935,1.1336947791601917,1.4470732961171107,1.6441328853830157,3.943423625660764,9330093.608009243,20.257215854039586,6.066364315602941,0.3654115336425567,-0.013106049051707435,14.261584470695917,0.6862337153337605,627845612.7600075,24.225204843601777,19601.137808454794,17009697.09283427,-8.46255685828733e-07,-5.324324866990599e-08,-16.59093083432836,24.23591350864102,117.01146378157986,117.01771807087788,85.74870723731698,66425.10956461928,76721034.7526846,1.0214731892994984,0.3832875023880241,1.4137144011707148,3.335939540032324,0.37890421206702923,1.2385867494164098,3.296947538876685,0.5238498228582686,5.417316707110348,-7.571428571428571,0.4454285714285714,0.5294285714285715,0.8560714285714286,0.922,0.9914285714285714,0.836
12.3248,1.0077142857142858,12.791428571428572,8.525714285714287,247.62142857142857,0.0958205749023406,-18.914285714285715,9.7,48.51285714285714,-48.51285714285714,1.7415111642913043e-07,24.256426521033305,42.01336787967584,24.256430722369977,42.01336545403298,-42.01336787967584,0.0,11780137.455161389,20784076.202130675,0.4034930889937947,0.40907816335889974,1.0723349284909731,1.3703787956614335,1.5755836082741468,3.9205843810067003,9043028.19292698,17.42482089564149,7.176233700825902,0.3392339236011015,-0.013514353799527694,18.62111011488548,0.5791894556455569,633332971.8757291,27.366574136243642,23445.71429323406,20881078.13765796,-6.312316934795085e-07,-3.204477621030755e-08,-15.134847097900629,27.382125586245554,114.02922657253188,114.0301590429385,74.65655066133709,69808.08419306563,78909290.2029135,1.224013253680216,0.3787881265581636,1.3523435463703108,3.318605002083517,0.37354355067449807,1.1710716917270394,3.2820701718745453,0.5725330782025554,5.367663641414296,-6.485714285714286,0.37342857142857144,0.6528571428571428,0.8425,0.15400000000000003,0.7125714285714285,1.396
6.8048,0.9334285714285715,11.32857142857143,8.457142857142857,242.26428571428573,0.0968928653304621,-19.02857142857143,16.1,52.455714285714286,-52.455714285714286,1.8830515751822021e-07,26.227854925817073,45.42798242509547,26.22785946861519,45.42797980230975,-45.42798242509547,0.0,10292420.50862578,8548688.325113056,0.40588177032133393,0.41104881894189815,1.0990069547606365,1.4037481989984428,1.6056161392603527,3.9302435781100344,8336970.890327375,19.085100662220828,8.664036836730004,0.3366257616327533,-0.019438286181708973,13.320155551737109,0.5148237903892511,680261749.489961,28.360699464977337,11466.676586308957,8645677.110091923,-8.639967386379527e-07,-6.796642444087479e-08,-12.731639378727305,28.37461390011967,87.6150320164267,87.62190855759351,66.33991190494376,68297.82766250923,77962486.69787961,1.1499135626590724,0.3807342760257487,1.3791864977202706,3.325977677834124,0.3758864316485043,1.2004008464464155,3.2883528093448793,0.5638067671638032,5.388773278131812,-9.228571428571428,0.32885714285714285,0.5997142857142856,0.9517857142857142,0.6579999999999999,1.1285714285714286,1.1422857142857143
11.404800000000002,0.714,12.277142857142858,8.571428571428571,241.87857142857143,0.09697221547517527,-19.759999999999998,12.74,49.08428571428571,-49.08428571428571,1.7620242673189704e-07,24.54214078259617,42.50823955292506,24.542145033420006,42.508237098710765,-42.50823955292506,0.0,11840323.671069678,18621197.800408725,0.40614810954095604,0.4112871952969209,1.1009751633867662,1.4062194013445375,1.6078300025983239,3.9309889025827327,9032529.441924356,17.784445520806845,8.064340399074188,0.3198293163056309,-0.015037317786785565,18.212661417935994,0.5179257825108401,649903501.8464795,28.841625371457962,21319.39985602318,18718196.748708915,-6.501426454289506e-07,-3.6131262567396486e-08,-15.286750768521454,28.855267977221686,110.12640797493823,110.1274534367667,73.30194130995062,68189.08919230917,77892604.33523849,1.1441903334383636,0.3808853993273783,1.3811588971117141,3.3265372403339595,0.37606504569612925,1.2025659309400134,3.2888327002575117,0.562865646666799,5.390464827512926,-1.6285714285714263,0.29114285714285715,0.6254285714285713,0.8725,1.3259999999999998,0.7468571428571428,1.018857142857143
7.6448,0.8248571428571428,12.86,13.737142857142857,248.77857142857144,0.09559910291099072,-18.731428571428573,10.02,60.97,-60.97,2.1886968102944306e-07,30.484997423103756,52.80157035650888,30.485002703260644,52.80156730800887,-52.80157035650888,0.0,11139180.688480241,13924407.291557398,0.40278445591746864,0.4084595208029713,1.0667238715624159,1.363320112266575,1.5691982315858695,3.9185625014609315,8797824.181610856,24.574855897871597,5.667221335943951,0.7484760733014894,-0.018150455713453043,13.302137368547188,1.115466574551597,749336150.9479878,19.71431563658091,16639.727127794067,14021365.05179789,-9.876043108847217e-07,-5.77625599771457e-08,-14.236261091169485,19.72715180810545,128.28303580048959,128.2897548096914,96.54117497574771,70134.29960366584,79106653.26848948,1.2357277994880989,0.37838725597231027,1.3466742756957653,3.3170926452594265,0.37305384312393186,1.1649076397470397,3.2807887885003515,0.571370229390383,5.363421675462764,-0.2571428571428598,0.27914285714285714,0.406,0.7975,0.114,0.7971428571428572,0.9685714285714286
6.6848,0.8294285714285714,12.894285714285715,12.16,235.40714285714287,0.09837180498632901,-16.994285714285716,14.98,50.39857142857143,-50.39857142857143,1.8092044042826032e-07,25.19928358419076,43.64644440139828,25.199287948835078,43.6464418814697,-43.64644440139828,0.0,10580815.027174149,9706569.091590863,0.4091908029839904,0.41385337191330307,1.1348447516377704,1.4485192280353751,1.6454093971483674,3.943892877788639,8556305.486936506,18.89074932725211,7.4842877114021515,0.5162210285928475,-0.012135253899776162,11.556880543567924,0.8209072735727304,762492776.7981744,23.39117005676435,12618.55515695128,9803570.508067712,-8.528300848714713e-07,-6.379423752416422e-08,-11.227980969009385,23.401174125332158,88.10481044019588,88.11115629804758,65.63652512826137,66364.69930339704,76679647.04176733,1.016911746367936,0.3833685969470197,1.414849778894398,3.3362736258289787,0.37899996882902803,1.2398523082788684,3.297237683614079,0.5221733740485017,5.418222331240537,-5.685714285714285,0.13171428571428573,0.6734285714285714,0.7610714285714286,1.202,0.9982857142857142,1.3731428571428572
9.5648,0.7597142857142857,14.46,8.708571428571428,244.10714285714286,0.0965145109409369,-22.86857142857143,12.14,50.17,-50.17,1.8009991630715367e-07,25.084997879565613,43.448495732098586,25.085002224415067,43.448493223598575,-43.448495732098586,0.0,12473198.194361893,19230283.878014643,0.40498510828468837,0.410293113386805,1.0897150304177703,1.3921055853304554,1.595186454099158,3.926816754848773,9417823.811816057,18.967892339603615,6.078570988001498,0.5898145591474179,-0.012210562730501112,15.148556479143787,1.0007329682245405,687776893.8595178,21.516075073319122,21884.61890328871,19327270.452399805,-7.694801215921533e-07,-4.871185345419852e-08,-17.634368849544366,21.527868985574276,117.99625341160873,118.00263603714359,86.71017911636392,68817.35590902063,78293006.7967749,1.1775194489857468,0.3800711463849613,1.3698703592299792,3.3233951376926556,0.3750881856807516,1.190173936560948,3.28614396632355,0.5684644189021595,5.3815865419178115,-14.542857142857143,0.10428571428571429,0.4642857142857143,0.8510714285714286,0.49,0.8977142857142857,0.868
9.7248,0.8305714285714285,12.928571428571429,7.885714285714286,243.12142857142857,0.09671548735635305,-19.097142857142856,8.7,46.455714285714286,-46.455714285714286,1.6676639933917054e-07,23.227855179406994,40.23182985597864,23.227859202589865,40.23182753319292,-40.23182985597864,0.0,10561515.600307396,14536216.985393234,0.405608116586002,0.4108427650362364,1.094673865208591,1.398336807363095,1.6007771738553078,3.9286723996729678,8551663.028195823,16.70880655587628,7.9463899645990805,0.3342853782770535,-0.012553184866418241,15.399176345141825,0.5953748659503583,677130553.5998971,27.142697726864792,17365.049570735977,14633227.111833585,-6.627422379855481e-07,-3.909604070708666e-08,-15.116911658215274,27.155359541707405,94.25184427857687,94.25338887751266,65.2784722884363,68539.46870739826,78117009.67976183,1.1627027576902638,0.38042585294338516,1.3748433839918728,3.32476982707675,0.37551535549330206,1.1956257211575791,3.287318331232937,0.5659731070538064,5.385428152561864,-15.571428571428571,0.5894285714285714,0.6614285714285714,0.7696428571428572,0.254,0.7217142857142856,0.7879999999999999
8.3648,0.842,11.888571428571428,8.434285714285714,239.56428571428572,0.09746243501532124,-20.765714285714285,7.98,54.91285714285714,-54.91285714285714,1.9712579182011673e-07,27.45642625053739,47.55593062006713,27.45643100613032,47.55592787442426,-47.55593062006713,0.0,10329193.481516423,12684823.976262316,0.40716940397860535,0.4121342698602977,1.1128509174524537,1.4210903325617856,1.6210578638938327,3.9354596383125697,8370519.940654001,21.44355005642018,6.490039934749164,0.3756187154851049,-0.02063598561186417,15.291075265404372,0.6029157319656268,614647310.429816,24.51081396595093,15453.440940505045,12781795.83048195,-8.317271381042987e-07,-4.958284079286961e-08,-16.49323586129111,24.52276121993438,108.59685104832475,108.60325856135975,79.40648721130232,67536.6583711088,77467285.06938219,1.1073865082862766,0.381791991004092,1.3930191512647236,3.3299345336367128,0.3771356121561435,1.2156751159020038,3.291763876432603,0.555101827810037,5.400651042167658,-9.457142857142857,0.5191428571428571,0.622,0.9482142857142857,0.298,0.7605714285714286,0.7651428571428571
10.6848,0.9825714285714287,13.705714285714286,9.462857142857143,241.62142857142857,0.09702626271079495,-18.822857142857142,20.62,42.17,-42.17,1.513815720684208e-07,21.08499821768551,36.52029230660948,21.085001869714638,36.52029019810947,-36.52029230660948,0.0,12713109.445239814,16296015.763727903,0.4063619657978803,0.41148299948702827,1.1022866752751919,1.4078764805653265,1.6093086092654867,3.9315006536100854,9474829.692717863,14.411738634640212,9.636102246789193,0.29801561345278765,-0.008968337014064295,14.986826170422436,0.5085173986214993,718715293.7345265,30.446492621298272,19154.9770837236,16393054.75119718,-6.012747787149625e-07,-4.440768588127315e-08,-12.533787396498328,30.4567584878082,87.2030679575422,87.20429380634839,58.680488246906265,68116.59687884247,77845773.76175687,1.1403826331260374,0.38097793552644554,1.3824676614848082,3.3269035090626797,0.3761762691397649,1.2040091505010322,3.289147218865802,0.5622156569359199,5.39146995100752,-12.2,0.6511428571428571,0.43514285714285716,0.9782142857142857,0.6379999999999999,1.2314285714285713,0.9297142857142857
12.404800000000002,0.8934285714285715,12.745714285714286,11.931428571428572,238.57857142857145,0.09767594099549039,-17.68,13.54,55.37,-55.37,1.9876684006233003e-07,27.68499765978768,47.951827958666506,27.685002454970345,47.951825190166495,-47.951827958666506,0.0,13165373.599647526,23996835.66454907,0.407651994213062,0.41254444037621124,1.1180103575223805,1.4275175626001102,1.6267936064122397,3.937408815091774,9602821.232366633,21.406738008849725,5.8504386633777745,0.43496476186944005,-0.01544967847456181,18.952187904684227,0.6388782171187429,632982528.7701163,23.86899587107376,26509.01773077721,24093815.564621907,-7.073725105315878e-07,-3.503977422190975e-08,-13.528491454160687,23.87990231964089,137.75329640410644,137.75953411319506,89.74120068443958,67258.77116948644,77283164.10943706,1.0855597229141445,0.38216639340690395,1.3981579797812813,3.3314108090155625,0.3775788775264809,1.2213368752103282,3.293032773568831,0.5472734764148328,5.404816537496773,-18.942857142857143,0.3425714285714285,0.5397142857142857,0.9310714285714285,1.3860000000000001,1.2885714285714287,1.4371428571428573
8.7448,1.0682857142857143,10.94,11.131428571428572,247.45,0.09585262563049422,-17.314285714285713,18.46,56.57,-56.57,2.0307459169813997e-07,28.2849976090697,48.991058472489875,28.28500250817541,48.99105564398987,-48.991058472489875,0.0,11464580.343682721,11955605.72455597,0.40347349367821894,0.40904383149498624,1.0731740134400627,1.3714141698501081,1.5765254777517268,3.920872632132437,8798445.240183689,20.822030238962856,7.546128010390166,0.3719200074652439,-0.020753264135599827,15.504405877763404,0.4791869908445473,616073803.2224047,28.06977441156302,14772.02618177973,12052584.558545219,-8.267863188402142e-07,-5.5868494299336527e-08,-11.490629906628941,28.086642641778006,105.69841068330514,105.70449821902292,74.50967801366333,69759.75598408784,78879820.87124927,1.2222603195000692,0.3788597355238702,1.3531980189702524,3.318842604586981,0.37362762688855056,1.1719952821787958,3.282271852686365,0.5727017377353407,5.368476736574699,-13.285714285714285,0.24657142857142855,0.6631428571428571,0.8517857142857143,0.9779999999999999,1.2702857142857142,1.2657142857142856
7.2848,1.0637142857142858,10.825714285714286,12.274285714285714,241.3642857142857,0.09708057636602016,-23.645714285714284,14.14,60.57,-60.57,2.1743376381750644e-07,30.28499744000975,52.455160185234426,30.285002685525622,52.45515715673442,-52.455160185234426,0.0,11499957.150888171,12742514.206525365,0.40621697503106835,0.41131426995937515,1.1035916994871624,1.4094757803286375,1.6107308683915418,3.931920011232508,8808213.324793894,25.01346821442176,6.013570362638804,0.31140822214295444,-0.025642001170815408,14.798377543953446,0.5060350279732421,559510518.8008356,25.70420193493312,15456.792724681942,12839464.619989168,-9.598160699151304e-07,-6.213903006702908e-08,-17.39065667999764,25.71758247068613,125.1489062480261,125.15563595405766,93.01948718345163,68044.10456537576,77798784.2418158,1.1365827370221537,0.3810704685502787,1.3837778970596943,3.3272708218752323,0.3762874608799017,1.2054552714169942,3.2894628826583125,0.5615656578418092,5.392475467521481,-16.885714285714286,0.6802857142857142,0.15228571428571427,0.9353571428571429,1.382,1.0691428571428572,0.8977142857142857
8.0648,0.7745714285714286,13.02,11.451428571428572,236.7785714285714,0.0980743585606847,-16.605714285714285,8.38,55.59857142857143,-55.59857142857143,1.995873641834367e-07,27.79928336441283,48.1497766279662,27.79928817939036,48.14977384803762,-48.1497766279662,0.0,10250199.000819087,12193058.661642354,0.4084919762500534,0.4132529728588153,1.1275201695909833,1.4393717612393788,1.637324868794016,3.9410439228505427,8417431.425002113,21.6993281047546,7.4167602812273845,0.7558188034161907,-0.015337506606945522,13.235326574183569,1.1238327072102416,758650171.874307,20.592626378193508,14988.308089727076,12290037.767183272,-8.710950748798375e-07,-5.12081644274307e-08,-12.800388015500982,20.60238916713131,105.30065234005639,105.30692378066313,76.6737283203641,66751.32497521947,76942442.94131784,1.0462968519444693,0.38284928379514743,1.4076024102148867,3.334149475170655,0.3783864938366894,1.2317892532346277,3.295396069754061,0.5329269938184056,5.412426377122136,-16.714285714285715,0.5294285714285715,0.13171428571428573,0.8146428571428571,1.434,0.8451428571428571,0.98
13.0448,0.8225714285714286,12.357142857142858,13.76,248.26428571428573,0.09569706664488704,-23.897142857142857,11.86,44.05571428571429,-44.05571428571429,1.5815089606755068e-07,22.02785528084296,38.15336882833191,22.02785909617974,38.15336662554619,-38.15336882833191,0.0,12968203.535768792,24461570.074165378,0.4031484024382576,0.40878423704384265,1.0692136054448198,1.3664580022901083,1.5720398865150627,3.9194687638909502,9550769.175433684,15.66724716456765,9.606607879815396,0.2704424780333077,-0.011153854816057187,18.181773364553127,0.3688216761563564,627740611.6507423,35.24261239975118,27057.008718046403,24558580.68395752,-7.228939279487199e-07,-3.2777063143416475e-08,-18.969331735101775,35.261063234017755,114.7973481764489,114.79820572349429,80.71052022645732,69989.31497673244,79019204.23745067,1.2305126711866528,0.3785654290463899,1.349190137543331,3.317762427127159,0.3732715768425022,1.1676402909766215,3.2813557855020727,0.5718846304686016,5.365306067726154,-7.057142857142857,0.2122857142857143,0.5362857142857143,0.8674999999999999,1.29,0.9297142857142857,0.9457142857142857
13.3848,0.8694285714285714,12.151428571428571,8.045714285714286,239.65,0.09744406753857777,-16.285714285714285,7.14,53.88428571428571,-53.88428571428571,1.9343343327513678e-07,26.94214057972423,46.665161608218526,26.942145246240262,46.66515891400423,-46.665161608218526,0.0,12237030.317399394,26779026.666762464,0.4071524205225282,0.41212378111737247,1.1124043935199583,1.4205362309462726,1.6205624289244605,3.9352908499684207,9214428.301327297,20.245880908618247,7.331683136132897,0.5339535527626469,-0.018000194665859462,22.736529938276803,0.7270849482712182,718531748.71426,27.603926270511067,29239.52128230403,26876012.13646676,-6.805444158277327e-07,-2.6947907297245478e-08,-13.466365475352728,27.616395723058478,139.31396871807019,139.32029486666596,92.03658217754067,67560.8224755977,77483178.63889916,1.1092954138374562,0.38175941970517085,1.3925733972344414,3.3298069339448833,0.37709703449495285,1.215184861388114,3.2916543683722526,0.5557835066393236,5.40028888474284,-12.485714285714286,0.5877142857142856,0.5414285714285715,0.8503571428571428,0.7859999999999999,1.0828571428571427,0.9822857142857142
8.3248,0.986,14.482857142857142,12.48,249.42142857142855,0.09547854484156361,-20.125714285714285,19.82,41.82714285714286,-41.82714285714286,1.501507858867608e-07,20.91356966074779,36.22336930265994,20.91357328308462,36.223367211302794,-36.22336930265994,0.0,12496601.35605807,14119471.193161562,0.4026572840815993,0.4083869551654566,1.0636244296055217,1.3594672126487841,1.5656967127323662,3.917514647069191,9448695.613621961,14.619446379677525,7.807484282524902,0.3322585796404569,-0.007179506920331815,12.03993937324951,0.6992502030098858,718393239.8808897,27.19946574397938,17036.977265999973,14216507.946613759,-7.264229007264423e-07,-5.7094284991018284e-08,-12.870533510413981,27.215239243417088,85.38281875401054,85.38459423387015,62.82429481212996,70315.53038733259,79215597.92764638,1.2422893482732797,0.3781523785402871,1.3435262614303232,3.3162489613350634,0.37276999537376115,1.1615018140824456,3.2800756025319613,0.5707378534128064,5.360885294273711,-16.2,0.3871428571428571,0.2825714285714286,0.8760714285714286,0.6459999999999999,1.3548571428571428,1.2954285714285714
9.5448,0.8168571428571428,13.557142857142857,7.725714285714286,246.89285714285717,0.09596327452621412,-17.725714285714286,13.940000000000001,52.17,-52.17,1.8727950236683688e-07,26.08499779503564,45.18054658847086,26.085002313090175,45.18054397997086,-45.18054658847086,0.0,11680083.63760384,15487102.217842672,0.40373336106359986,0.4092591786866855,1.0758920991316803,1.3748241248407578,1.5795995153928923,3.921835577414305,9036643.052513342,19.143276371524568,6.008227145975301,0.5609410688030722,-0.013970484259656924,15.333406807245424,0.8653149367622015,694020569.689732,22.015027700760623,18250.8119580735,15584094.158879388,-7.385813432056465e-07,-4.7880157425100825e-08,-13.036884542114892,22.028378253648366,107.48876831193915,107.4948056381805,76.15113509623058,69602.68930490997,78781909.93964244,1.216650036788261,0.3790527303286736,1.3559409090458876,3.319579099065618,0.37386313139516325,1.1749872837160946,3.2828976081250114,0.573278384201299,5.37052245246242,-5.914285714285715,0.5054285714285714,0.4968571428571429,0.8260714285714286,0.83,1.2634285714285713,0.8702857142857142
10.604800000000001,0.9791428571428572,12.517142857142858,9.44,239.99285714285716,0.09737037548440924,-20.46857142857143,16.54,56.74142857142857,-56.74142857142857,2.0368998478896996e-07,28.370711887538558,49.13951997446464,28.370716801490417,49.139517137393206,-49.13951997446464,0.0,13072867.901873332,19773699.294396307,0.4069427007199017,0.4119388885369349,1.11062160694559,1.4183069228099066,1.6185715482502876,3.9346116047471194,9527967.018857457,22.375950894899628,5.507848667566475,0.38799472887573105,-0.01900018689539277,18.043447085519595,0.6503824025993318,590697838.2854862,23.62085872775025,22365.92652492279,19870669.560346853,-7.639284643194663e-07,-4.558017275946542e-08,-15.166195805064747,23.632387937502244,133.95422686895546,133.9605389986655,93.5963944635,67657.47889355334,77546865.36879852,1.1164496631445116,0.3816305028161651,1.390796292676206,3.329299770156375,0.3769439442578374,1.2132279275122144,3.2912187777830475,0.5580969524969838,5.3988617324902854,-13.228571428571428,0.4574285714285714,0.34085714285714286,0.9153571428571429,0.25,1.322857142857143,1.1948571428571428
10.1648,0.7894285714285714,11.48857142857143,11.177142857142858,246.50714285714287,0.09603924282250624,-19.53142857142857,18.54,45.99857142857143,-45.99857142857143,1.6512535109695724e-07,22.9992837701567,39.83593251737926,22.999287753749844,39.83593021745069,-39.83593251737926,0.0,11613702.410489392,13555623.391710464,0.40404224896044594,0.4095396843178296,1.077782620633563,1.377216917355054,1.5817542094223498,3.9225477260157318,8899401.54330948,15.054359837895964,13.635980924642766,0.31511173038888024,-0.015404023141173555,15.519754599226854,0.397511891739625,788913275.0780534,38.490085889860815,16429.78019548288,13652639.82117039,-6.919305256009414e-07,-4.537934600194673e-08,-13.448338380978669,38.50068402114169,89.47845973080476,89.47995635386705,60.640603621692236,69493.9508347099,78714793.57879046,1.2127850441886352,0.3791862550541022,1.35784377605108,3.320091530223574,0.37402600964676763,1.1770663414906972,3.2833335967296815,0.5737150319371088,5.371938229891537,-6.5428571428571445,0.4197142857142857,0.14200000000000002,0.8217857142857143,0.31000000000000005,1.46,1.316
11.424800000000001,0.9185714285714286,11.682857142857143,8.548571428571428,242.39285714285717,0.0968660617072921,-17.474285714285713,16.82,60.62714285714286,-60.62714285714286,2.176388948477831e-07,30.313568866166037,52.50464735255935,30.313574116630626,52.5046443212022,-52.50464735255935,0.0,12956584.726370513,20918606.582822546,0.4057656323687744,0.410941382996071,1.0983538067589653,1.4029192552651515,1.6048746120762725,3.9299770943855568,9431465.607086731,23.92796923396,5.869715914328067,0.4609088804530122,-0.02421276478826518,20.550545882169,0.6334285934218312,630653789.481985,24.537467742175327,23471.64600652671,21015571.04585267,-7.560671516114299e-07,-4.047521821822005e-08,-12.864898393681145,24.54968385159066,142.47483553964724,142.48109583640726,95.2997611526803,68334.07381924259,77985785.86778972,1.1518262678077993,0.38068801262764956,1.3785338930685982,3.3257957480780447,0.3758307917894379,1.1996825165018787,3.2881968382455256,0.5641317161837212,5.388271230247431,-3.171428571428571,0.2997142857142857,0.4454285714285714,0.9453571428571428,1.3539999999999999,0.7765714285714286,1.4508571428571428
8.8248,1.0831428571428572,12.117142857142857,13.897142857142857,244.49285714285716,0.09643790995176453,-18.16,15.06,44.112857142857145,-44.112857142857145,1.5835602709782734e-07,22.056426706999247,38.20285599565683,22.056430527284743,38.20285379001397,-38.20285599565683,0.0,10920435.846003918,11802059.922708876,0.40502122918557115,0.41036246259658826,1.0877825337494889,1.3897257317261251,1.5930414327867362,3.9261710889907655,8671948.570411865,15.080023806909734,12.133865380569016,0.30433050506194076,-0.011021286770914593,12.878450626318267,0.4424035023177965,791834680.8749704,34.47251654570028,14744.714483425456,11899087.344487233,-7.133913960887532e-07,-4.727868121007764e-08,-12.530228646040623,34.48156653657948,82.42018412600082,82.42190228734304,56.857928424894304,68926.09437922071,78361349.8177607,1.1833470940120159,0.3799200907022572,1.367918608725764,3.3228493288282275,0.3749092701380042,1.188046482645405,3.2856786572214487,0.5694213019198618,5.379900810776453,-19.457142857142856,0.5431428571428571,0.38542857142857145,0.9467857142857143,0.45799999999999996,0.724,0.8268571428571428
13.064800000000002,1.0214285714285716,11.64857142857143,8.845714285714285,237.03571428571428,0.09801683301046715,-21.245714285714286,16.060000000000002,53.769999999999996,-53.769999999999996,1.9302317121458344e-07,26.88499772741166,46.56618727356868,26.88500238403026,46.566184585068676,-46.56618727356868,0.0,13884250.289463013,27297110.05055422,0.40836859135841014,0.41314808822653054,1.1261544957881318,1.4376667012480262,1.6358134564735638,3.94051185132105,9844194.584326256,20.39941557642742,7.980790800874967,0.4352786378632453,-0.019715244314455725,23.093121308787172,0.6009661542563612,669761001.8809881,31.01121557170698,29723.151283664112,27394088.691995148,-7.13938566161826e-07,-3.3138053861288296e-08,-16.429640801697126,31.023926344212832,144.3151839959013,144.32171079932124,98.08258006856141,66823.81728868619,76991419.75998251,1.0518614757718134,0.38275177346105566,1.4062483371250085,3.333754771444908,0.3782712503421162,1.2302870298271014,3.2950547328332576,0.5350015336218491,5.411338261422587,-7.342857142857145,0.11971428571428572,0.1162857142857143,0.8660714285714286,1.258,1.469142857142857,0.8885714285714286
7.7248,0.8877142857142857,12.3,6.788571428571428,240.7214285714286,0.09721707358850777,-18.388571428571428,8.42,43.427142857142854,-43.427142857142854,1.5589445473450736e-07,21.713569593123808,37.60900998775776,21.713573354024703,37.60900781640061,-37.60900998775776,0.0,9306915.409627771,9469880.095492763,0.4068225869964751,0.41187596453849723,1.106885878842828,1.4136516682019138,1.6144491516179222,3.933228952802151,8004642.982262668,15.080515376043362,12.168173332819393,0.2930426449333585,-0.01387958620226489,13.353783848609265,0.5395663877119311,798578385.5428458,32.895255763517866,12461.690853962506,9566906.676120458,-6.648113200848785e-07,-4.605388562859121e-08,-14.162583147680945,32.89771296842159,74.0799973968429,74.08260148022279,52.929833887577345,67862.873781709,77680981.21782033,1.1271174203468037,0.38130179239690026,1.3870604899760026,3.3281938310453616,0.3765652998080011,1.2090834420102328,3.2902571129807408,0.5599443161968943,5.394990791951619,-4.085714285714285,0.2002857142857143,0.5157142857142857,0.9082142857142856,1.278,1.3937142857142857,1.0165714285714285
10.3848,1.0362857142857145,14.208571428571428,9.53142857142857,236.2214285714286,0.0981929602567586,-16.537142857142857,20.22,54.284285714285716,-54.284285714285716,1.9486935048707345e-07,27.142140562818238,47.01157177949298,27.142145263975287,47.01156906527869,-47.01157177949298,0.0,13428223.7525976,18363193.594797026,0.4087529430423368,0.4134734281469453,1.1304872588181833,1.4430717467672813,1.6405987749568987,3.942183157286863,9768665.365823444,20.83566653901976,6.327321584519024,0.7325283104667906,-0.012878970890364279,15.653046657482713,1.0797612789125948,718904550.1243172,20.320541966665182,21034.80635771434,18460183.324231975,-7.450059265590717e-07,-5.1396195793107486e-08,-10.941636396875163,20.330010075489778,119.8550171781239,119.86099300922201,84.48857043701447,66594.25829604159,76836452.531372,1.0343043886264565,0.3830603326870815,1.4105412287242562,3.335008418932153,0.37863588866021924,1.2350544511196457,3.296139859490114,0.528552219838392,5.414780829096504,-18.65714285714286,0.6579999999999999,0.6442857142857142,0.9946428571428572,1.114,0.9091428571428571,1.1285714285714286
11.8248,0.77,10.574285714285715,13.165714285714285,249.29285714285717,0.09550280597053279,-20.30857142857143,9.9,57.712857142857146,-57.712857142857146,2.0717721230367325e-07,28.856426132195427,49.98080181898832,28.85643113027547,49.980798933345454,-49.98080181898832,0.0,12318088.133288452,22434550.683844358,0.40257304121804327,0.4082895238046181,1.0642392068669193,1.3602153005642645,1.5663749978520085,3.9176870575261025,9171373.36272823,21.95445801239828,7.601762525743641,0.42139067931981256,-0.022142991453996445,20.399472027478545,0.5277990984000244,617369017.8992068,31.905340931319525,24960.378977102835,22531515.079809494,-8.317927130839402e-07,-3.502415549118348e-08,-16.346665390338554,31.923238632856172,144.95297623638575,144.9595183774936,100.51081705942154,70279.28423059924,79193849.84711021,1.240979713439613,0.3781969182313381,1.3441527342931638,3.3164148646575837,0.37282447460978263,1.1621804855616027,3.2802157346851497,0.5708646068589053,5.361355665258445,-0.5428571428571445,0.5465714285714285,0.41800000000000004,0.7560714285714286,1.486,1.213142857142857,1.3754285714285714
10.344800000000001,0.8031428571428572,14.185714285714287,6.72,241.79285714285714,0.09699022511889445,-23.142857142857142,10.34,57.19857142857143,-57.19857142857143,2.0533103303118327e-07,28.599283296788848,49.535417313064016,28.599288250330442,49.53541445313544,-49.535417313064016,0.0,12766142.055225931,21911600.23257586,0.40600655080584075,0.41113623133095145,1.1014074190188492,1.4067346898016497,1.6082878178592015,3.931100844360398,9493647.18569237,23.322433156073686,5.459521017217893,0.6497947663247008,-0.017785550574082848,17.15666399411345,1.061786871417163,694280031.1272743,19.900505428917768,24427.99529776641,22008560.286195263,-8.366297286440611e-07,-4.756120014318605e-08,-18.483796862993334,19.910167396498483,146.4515585802628,146.45841437379943,109.34300951226774,68164.92508782027,77876992.9811377,1.1429202495720368,0.380916247917908,1.3815950112205275,3.326659221445357,0.3761021257918693,1.2030466775083493,3.288937413858865,0.5626489833719841,5.3907998620495485,-4.0285714285714285,0.14885714285714285,0.1402857142857143,0.8953571428571429,0.4099999999999999,0.996,1.4485714285714286
13.584800000000001,1.0957142857142859,12.768571428571429,7.359999999999999,237.12142857142857,0.09799768682574128,-18.205714285714286,20.54,46.97,-46.97,1.686125786116605e-07,23.48499801481357,40.67721436190294,23.485002082534894,40.67721201340293,-40.67721436190294,0.0,13886015.41183809,25626700.02847345,0.4084265484166117,0.41321366158084216,1.1257020011692065,1.4371161597486954,1.6353265003569433,3.9403627213651755,9911249.521687744,16.32236828774497,9.497552795483939,0.45664405386291845,-0.012751813947402924,21.25867580661092,0.5762823314973923,729325383.8734536,31.871598445819558,28192.077426331358,25723716.426752675,-6.25144067944744e-07,-3.299949963227241e-08,-13.036202028648773,31.884550481571022,116.83712402314737,116.83780350108074,77.29429893307523,66847.98139317508,77007733.71178995,1.0537184280569627,0.38271928030574237,1.4057973925902993,3.3336234842122927,0.3782328382752943,1.2297869691117211,3.294941242045864,0.5356766220510222,5.4109759821041195,-7.62857142857143,0.37857142857142856,0.5534285714285715,0.9932142857142857,0.14200000000000002,0.7445714285714286,1.4165714285714286
9.6448,0.9014285714285715,13.968571428571428,6.445714285714286,244.32142857142858,0.09647248481251317,-23.782857142857143,19.7,60.74142857142857,-60.74142857142857,2.180491569083364e-07,30.37071171847861,52.60362168720919,30.370716978840633,52.603618650137754,-52.60362168720919,0.0,14134710.839888975,20970278.30061602,0.4047976542671908,0.4101203285977568,1.0886332308208257,1.3907439704123556,1.5939543025307226,3.926392273138099,10026560.916544974,25.02122104336184,5.0358489491888205,0.6533920652997505,-0.02054353026673868,17.026614276267132,1.0080107649904637,678942135.5686055,19.666250675379903,23492.463395408984,21067230.330650695,-8.92044850863386e-07,-6.088382879712695e-08,-17.2256650122305,19.676138168308412,152.88877073022604,152.89576754951335,117.27496183623867,68877.76617024292,78330941.36812977,1.1807538916780032,0.37998177302248654,1.3687802096843453,3.323086262906382,0.37498361660820806,1.1889887391398932,3.2858806378842074,0.5689882009043308,5.380568021964378,-3.685714285714287,0.22942857142857143,0.2551428571428571,0.9325,0.342,1.181142857142857,1.0988571428571428
10.8048,0.722,11.454285714285714,8.982857142857142,238.15,0.09776975758661242,-16.377142857142857,16.7,43.48428571428572,-43.48428571428572,1.5609958576478404e-07,21.742141019280098,37.658497155082685,21.74214478512971,37.6584949808684,-37.658497155082685,0.0,10998851.093782146,13573248.42920175,0.40823032656389224,0.41309699237016795,1.1202722947697346,1.4303901593953603,1.6293556311361723,3.9383676383359836,8653448.742472503,13.036920373193567,20.150174066702107,0.3702663968453352,-0.020245508051750776,16.82671150858901,0.5168170752037092,1067392520.825736,44.463286257308134,16486.529882196497,13670284.89853271,-5.722053637956154e-07,-3.670002556519903e-08,-11.481891553439501,44.4177102090592,82.48906345005481,82.49050626414295,52.39957377311658,67137.95064704193,77202599.46350154,1.0761418721594296,0.38232906506260145,1.400399540237816,3.332057795865055,0.3777713674630434,1.2238121905770143,3.293589987791125,0.5438792243332232,5.4066277155041815,-14.257142857142856,0.5602857142857143,0.41628571428571426,0.8625,0.974,1.2177142857142855,0.708
7.1048,1.0511428571428572,10.997142857142856,8.96,242.5642857142857,0.09683041624046035,-22.18285714285714,7.9399999999999995,51.08428571428571,-51.08428571428571,1.8338201279158028e-07,25.542140698066195,44.24029040929734,25.542145122095114,44.24028785508305,-44.24029040929734,0.0,9626536.421216903,9735475.103654834,0.40576882348497423,0.41095923587528277,1.097487124480931,1.4018474506431606,1.6039178470648836,3.9296873749684615,8054174.153504729,18.977562206831887,9.601451794278502,0.26745697318735095,-0.02098398894739748,14.075734036802173,0.46136182164657413,686550694.4319636,30.90027108830234,12608.699810294955,9832457.65861925,-7.984143275128746e-07,-5.432215032977958e-08,-17.26899014597466,30.91312058984753,91.34167658840867,91.34823355170157,66.51168234244314,68382.4020282204,78016797.76976523,1.1543797086434562,0.38062632949138864,1.3776644195206886,3.3255535995105685,0.3757565942897602,1.1987258850864309,3.287989319291787,0.5645649827275186,5.387601994818282,-5.285714285714285,0.33571428571428574,0.15571428571428572,0.9203571428571429,0.9899999999999999,1.2017142857142855,1.002857142857143
10.104800000000001,0.9814285714285715,10.642857142857142,9.98857142857143,235.87857142857143,0.09826770081337936,-21.794285714285714,7.02,60.22714285714286,-60.22714285714286,2.1620297763584645e-07,30.11356888307203,52.158237181284896,30.113574098895604,52.158234169927745,-52.158237181284896,0.0,11457105.848153919,18155557.48708089,0.40890800226030183,0.4136035577074501,1.1323183976431463,1.4453556367412248,1.642616683769377,3.942889130110939,8776020.748102,25.03712809326136,6.674102730962927,0.32906919135350804,-0.02866108638653542,19.723196201702425,0.45444039862003555,567177966.8702394,27.22965990149684,20733.854366786363,18252509.692162115,-7.565851966498916e-07,-3.8719544471156894e-08,-17.91809292268656,27.241224219929645,140.63976532618273,140.64616064822013,95.2152829154153,66497.601878086,76770566.73658624,1.0269617750645053,0.3831901594510247,1.4123534162053177,3.335539709902539,0.37878924900708605,1.2370708531074672,3.29660053324379,0.5258643711426666,5.416229878540128,-9.114285714285714,0.22085714285714286,0.3048571428571428,0.7939285714285714,0.9659999999999999,0.7034285714285714,0.8314285714285714
11.2848,0.7551428571428571,12.585714285714285,7.131428571428572,248.05,0.09573815272822928,-18.137142857142855,15.46,60.79857142857143,-60.79857142857143,2.182542879386131e-07,30.399283144634897,52.65310885453412,30.399288409945637,52.65310581460554,-52.65310885453412,0.0,12940013.094821222,21303054.401953675,0.40313318849166363,0.4087498447929701,1.0702497437425016,1.3677404635362964,1.5731991331432629,3.91980543243864,9476377.6007672,24.013567790232564,4.958824163363544,0.5075033307774774,-0.02279248229058027,19.705866321046198,0.7414822239590357,608382919.3898752,22.045326892740533,23848.26758750841,21400016.32339278,-7.80273957058443e-07,-4.2557257066328226e-08,-13.634146972433467,22.05767193368069,146.51010670245182,146.5165735986282,101.5747191429086,69928.90471551017,78982601.8068984,1.2283437881066268,0.37863966211939803,1.3502402257420811,3.3180426240857406,0.3733622566842999,1.1687821618028196,3.2815932128693985,0.5721001163147345,5.366091636814368,-2.142857142857146,0.2602857142857143,0.6031428571428571,0.8667857142857143,0.162,0.8382857142857143,0.9777142857142858
6.7048,0.9471428571428572,14.414285714285715,6.582857142857143,235.49285714285716,0.09835275880206695,-22.137142857142855,20.82,53.37,-53.37,1.9158725400264682e-07,26.684997744317656,46.21977710229422,26.685002366295237,46.21977443379422,-46.21977710229422,0.0,12634003.960476616,13721109.69018276,0.4090444048849183,0.4137115162121032,1.1343830046492984,1.4479260246711378,1.6448844839986119,3.9436795064562205,9450913.638202785,20.89426916931659,6.40784347238781,0.7982520393187902,-0.014110020885143702,12.941692895500939,1.243815846774063,803392505.3128278,19.924876591247244,16480.296189571178,13818090.010743782,-8.968892357750027e-07,-7.647167419622171e-08,-14.49743392533484,19.934390595498563,111.01961589122085,111.02641644617114,89.11335585948822,66388.86340788592,76696214.42592181,1.0187350438066745,0.3833361571790687,1.414395467259108,3.336139883760843,0.37896166736804016,1.239345837838691,3.2971215171905457,0.522843915236674,5.417860027354068,-16.02857142857143,0.3322857142857143,0.5345714285714286,0.9146428571428571,0.882,1.245142857142857,1.469142857142857
8.3048,0.7185714285714285,11.67142857142857,7.085714285714285,241.8357142857143,0.0969812172748258,-20.262857142857143,16.9,53.65571428571428,-53.65571428571428,1.9261290915403013e-07,26.827854875099085,46.467212938918834,26.82785952182025,46.467210256133114,-46.467212938918834,0.0,11287799.957367986,12265454.641498657,0.4060781605469284,0.4112127075966787,1.1011912863264208,1.406478612121019,1.6080606148697798,3.931051470111778,8761844.712713074,20.13030560008644,7.427992774299077,0.33788667670193917,-0.020387374403206013,15.836282175617892,0.5045623974788469,648721146.0763733,26.89730905785075,15073.749193670177,12362436.386090614,-7.759659977885237e-07,-5.5807264490489075e-08,-14.396028726843236,26.91118952819139,103.29485834847573,103.30107629901853,75.2223014309168,68177.00714006473,77884800.31505662,1.1435551217963973,0.3809008288687302,1.3813769341744602,3.326598220496945,0.3760835912760759,1.2028062678086977,3.288885045868826,0.5627573151043855,5.390632420310243,-7.228571428571428,0.16942857142857143,0.3134285714285714,0.9989285714285714,1.062,1.1308571428571428,1.1582857142857144
11.3048,0.7517142857142857,11.59142857142857,7.611428571428571,240.16428571428574,0.09733608926821542,-23.074285714285715,18.18,41.99857142857143,-41.99857142857143,1.507661789775908e-07,20.99928393921665,36.37183080463471,20.999287576399627,36.37182870470613,-36.37183080463471,0.0,11977999.99157599,16434622.796317881,0.4070975727141832,0.4121086815631252,1.109747954325108,1.4172417217601196,1.617636470944201,3.9342958990625547,9051106.5738203,13.437268231113565,22.38393227324154,0.29452178956122754,-0.02616939765169407,18.07871341712921,0.4620540758892792,1116664215.252551,49.332304725006175,19256.12687752223,16531649.515479144,-5.725161781397549e-07,-3.7885741380079446e-08,-16.936842663893458,49.30405573749065,90.69906364995029,90.70050590335094,59.32654627047467,67705.80710253112,77578592.29004435,1.118953954539038,0.3815022519407836,1.3899132562982632,3.328999208787511,0.3768059227581635,1.2122427147697548,3.2909513437297933,0.558533658900058,5.39717267279306,-6.257142857142856,0.406,0.35285714285714287,0.8403571428571428,0.186,1.1262857142857143,0.9594285714285714
12.6648,0.952857142857143,10.917142857142856,13.668571428571429,240.37857142857143,0.09729053456150508,-19.965714285714284,12.379999999999999,50.284285714285716,-50.284285714285716,1.8051017836770699e-07,25.142140731878186,43.54747006674843,25.14214508662507,43.54746755253414,-43.54747006674843,0.0,12421785.255087588,22367501.523649033,0.40676359791946554,0.4117873154045,1.1086406096966415,1.4158196877428098,1.6163719829058485,3.933820983895142,9228894.372409932,17.802412543932775,11.310094509662036,0.423259003428325,-0.01603089166493127,19.619392999125637,0.4968363272445572,740728041.8679824,37.259431907384574,24957.395235468142,22464494.800357744,-7.495075264156193e-07,-3.24859027085367e-08,-15.629186963315155,37.27558972590885,122.7218167225685,122.72788046710049,83.38477651830668,67766.21736375339,77617765.62359318,1.1220895740054633,0.3814251606968648,1.3888151355909562,3.328688843739713,0.3767134006136098,1.211025957298416,3.290683682563349,0.559077686579317,5.396333330377189,-11.685714285714287,0.5157142857142857,0.3648571428571429,0.7732142857142857,0.5700000000000001,1.1422857142857143,1.4462857142857142
10.9448,0.8260000000000001,11.602857142857143,11.04,249.07857142857145,0.09554334045307976,-16.057142857142857,16.98,55.427142857142854,-55.427142857142854,1.989719710926067e-07,27.713569085943966,48.001315125991425,27.713573886075345,48.00131235463427,-48.001315125991425,0.0,11990502.48286051,16351313.125104692,0.4027331262305511,0.4084334834986866,1.065272259048053,1.3615189001822041,1.5675582164892887,3.9180683225749653,9046238.775834706,20.22010172716399,6.88057664429156,0.4145072560979613,-0.0179280923223662,17.43284218919239,0.5625026140920215,618995484.4193051,26.92719537636845,19079.129913706995,16448298.192871798,-7.713732646226644e-07,-4.314794662621731e-08,-11.292126291348957,26.943909099652185,115.75478673079719,115.76068684594773,78.50744745933326,70218.873969377,79157546.85567148,1.2387992842428532,0.3782711503134622,1.3451977248900793,3.316691896081919,0.372915255434534,1.1633131474864908,3.280449837203852,0.5710767594715955,5.362139836176438,-19.857142857142858,0.5397142857142857,0.2482857142857143,0.8967857142857143,0.9379999999999998,0.8702857142857142,1.3297142857142856
9.2248,0.762,11.637142857142857,9.485714285714286,240.20714285714286,0.09732686121522159,-16.422857142857143,19.1,58.455714285714286,-58.455714285714286,2.0984391569726986e-07,29.227854672227153,50.624134994212305,29.22785973464051,50.62413207142659,-50.624134994212305,0.0,11790272.218538718,13239993.562537774,0.40678954275318224,0.4117995961261091,1.1095206558932231,1.416917331803376,1.617345738448382,3.9341418861435464,8946342.131936524,22.625284052143783,6.324623163557034,0.4394307973532791,-0.021236253230199825,16.16720429236919,0.6232142544755762,618950226.1568843,24.19978503821198,16003.886931396966,13336968.288358388,-8.4001054969411e-07,-5.545465017115541e-08,-10.905335633062341,24.21236830626583,113.48662974514174,113.49272172959652,81.3401377799187,67717.88915477556,77586517.2513579,1.1195804541291792,0.3814868341407377,1.3896935644608102,3.3289370798783144,0.376787420154636,1.2119992042807943,3.2908977464908866,0.5586419877002553,5.397004806565228,-19.685714285714287,0.5791428571428572,0.34771428571428575,0.9289285714285714,0.5499999999999999,1.4668571428571429,1.1262857142857143
9.6248,0.9848571428571429,11.157142857142857,6.857142857142858,245.35,0.096266293301799,-18.594285714285714,9.26,57.31285714285714,-57.31285714285714,2.057412950917366e-07,28.65642614910142,49.63439164771386,28.656431112540446,49.63438878207099,-49.63439164771386,0.0,10765121.25163658,14711459.540759765,0.4044450034092046,0.4098497513047364,1.0835068981756562,1.384352563296365,1.588200295894338,3.9245730134441947,8520660.8616337,21.9708460854895,6.798384020365687,0.36550306189916903,-0.02555950329269445,18.51633232909437,0.5414619529254183,606662910.8465348,26.358933977722803,17432.505669282305,14808428.72415744,-7.196937115665098e-07,-4.1857474206927655e-08,-14.749118645529048,26.373826415790223,118.23110356542709,118.23721949268838,80.85411424017586,69167.73542410975,78512706.79755011,1.196362372331576,0.3796117208628981,1.3636210280455976,3.3216714945738506,0.37453738707037226,1.1833544429655551,3.2846760303158744,0.5715863391778037,5.376567960603512,-15.17142857142857,0.39742857142857146,0.11114285714285715,0.8103571428571429,0.23,0.8405714285714285,1.034857142857143
11.6648,0.754,12.7,6.171428571428572,248.56428571428572,0.0956398867210882,-16.78857142857143,20.740000000000002,45.88428571428572,-45.88428571428572,1.647150890364039e-07,22.942140917844128,39.73695818272942,22.942144891539836,39.736955888515126,-39.73695818272942,0.0,12214471.921679161,16734194.477238521,0.4031422425420346,0.4088046279315689,1.067765022749493,1.3646618906638182,1.5704148904275463,3.918994415377755,9206585.064852215,15.360241129207692,9.518160072179558,0.3557681682523736,-0.012592048921162002,17.65148914158256,0.5339481934321647,721000024.4451573,31.12392250816169,19557.125653500552,16831219.893125545,-6.026210512749802e-07,-4.070385542636734e-08,-11.32021742080143,31.13988502726461,95.05543750401385,95.05660660991988,62.79395286457081,70073.88934244358,79070221.63327135,1.2335530115350941,0.3784614907623817,1.3477217668577095,3.3173712475321806,0.373144577930145,1.1660449040331842,3.281024549899727,0.5715839870456106,5.364206585022189,-16.82857142857143,0.15914285714285714,0.5962857142857143,0.8475,0.626,1.2817142857142856,1.4622857142857142
9.8848,0.7174285714285714,11.02,12.388571428571428,238.79285714285717,0.09762928203249138,-16.33142857142857,17.66,42.74142857142857,-42.74142857142857,1.534328823711874e-07,21.370712479248372,37.0151639798587,21.370716180764667,37.01516184278726,-37.0151639798587,0.0,10637593.164512357,10792836.531569289,0.4079006231856943,0.4128143621437673,1.1168936407753907,1.4261783682837297,1.6256042709854517,3.93708551788128,8485905.987612898,10.650727308282843,30.64554968226046,0.3854333935325884,-0.03370437680064893,14.253446905041868,0.4405018149301433,1267504257.8588371,55.611581729639255,13787.059422878525,10889877.656188896,-6.453687776071546e-07,-4.345057300545094e-08,-10.677724823844713,55.78218291157869,75.61839321054147,75.62225554066093,48.98652270390466,67319.18143070869,77323310.91970663,1.0902850445542724,0.38208503670258476,1.397038872524816,3.3310884929484876,0.37748258358134135,1.2201023394212986,3.292755432088992,0.5489724846242305,5.403911040117681,-1.9714285714285715,0.5585714285714285,0.5174285714285715,0.8039285714285714,1.4140000000000001,1.3205714285714285,0.8588571428571428
12.5648,0.778,11.202857142857143,12.662857142857142,245.56428571428572,0.09622395784730219,-18.754285714285714,7.3,47.427142857142854,-47.427142857142854,1.702536268538738e-07,23.71356942406386,41.07311170050232,23.713573531374916,41.07310932914517,-41.07311170050232,0.0,11221695.91723728,20519265.376688678,0.4044301962759349,0.40985294547683465,1.0824443063701257,1.383036209790257,1.5870126848152637,3.9242084848369716,8768449.160183698,16.17320644996231,12.204877805387927,0.40975618895944266,-0.01502026785880505,19.03052455623863,0.47153333820961174,765225768.4035194,37.949839540134604,23194.6018499819,20616271.232681222,-6.985533323689955e-07,-2.9304131381783654e-08,-15.353468544548837,37.96733369573345,110.28212858907342,110.28310719198406,73.80417128529379,69228.145685332,78550187.81567064,1.1996407905556952,0.37953443728071545,1.3625489116616607,3.3213785582332243,0.3744441881295629,1.1821862577931541,3.28442707920624,0.5722105210556667,5.375732364993385,-2.314285714285713,0.1402857142857143,0.6202857142857142,0.9560714285714286,1.222,1.172,0.9548571428571428
11.1448,0.9734285714285715,10.78,11.268571428571429,245.77857142857144,0.09618152744581177,-20.902857142857144,18.1,58.91285714285714,-58.91285714285714,2.1148496393948317e-07,29.456426081477442,51.02003233281168,29.456431183480532,51.02002938716882,-51.02003233281168,0.0,13293437.85459132,20844387.690711748,0.4041745557760416,0.4096114699972068,1.081378523119002,1.3816815986721982,1.585788697205483,3.9237854017707097,9547755.36497979,22.627396803603528,7.185880948625101,0.4087286982474125,-0.02425253409028836,20.345620493205374,0.5329395654042888,607970293.1734524,30.593941201850413,23400.28450394308,20941350.66921771,-8.501159067415528e-07,-4.257757938145392e-08,-15.4605788898845,30.609975973452514,142.3316442874961,142.338120168019,101.56143953874978,69288.55594655425,78587764.97294994,1.2029150701904032,0.37945731911925623,1.3614783097788141,3.3210865396441283,0.37435112008446286,1.1810201421743092,3.284178998340138,0.5727524519671039,5.374899799478627,-13.457142857142856,0.5499999999999999,0.3185714285714286,0.8496428571428571,0.16599999999999998,1.0142857142857142,0.9159999999999999
8.9448,0.9917142857142858,14.151428571428571,11.108571428571429,237.20714285714286,0.0979785653567694,-22.594285714285714,15.78,46.79857142857143,-46.79857142857143,1.679971855208305e-07,23.39928373634471,40.528752859928176,23.399287789219883,40.5287505199996,-40.528752859928176,0.0,12465174.366297966,16539363.114767369,0.40830569318115195,0.41309807109072344,1.125245869690156,1.4365371845752004,1.634812338027642,3.9401726375904644,9377685.75421042,17.59902481288222,6.5376828422224795,0.4039816752500738,-0.010086794883833749,13.596058686135368,0.7588889693913803,704019483.7917327,23.862641538020352,19292.490725215997,16636366.466460321,-7.865988527011213e-07,-5.4450173948331715e-08,-16.258600961227767,23.87331660508823,102.91310711957907,102.91460595728488,76.2911197591131,66872.14549766398,77024035.03358488,1.0555771418491369,0.3826867887220745,1.405346615408139,3.3334923255050044,0.378194423758079,1.2292872114156188,3.294827886885408,0.5363519355420716,5.410613775186341,-5.4,0.5928571428571429,0.4437142857142857,0.9060714285714286,1.318,1.0897142857142856,1.0302857142857142
12.084800000000001,1.0911428571428572,11.522857142857143,9.6,239.60714285714286,0.09745324834869266,-21.931428571428572,12.22,43.027142857142856,-43.027142857142856,1.544585375225707e-07,21.513569610029805,37.26259981648331,21.51357333628968,37.26259766512616,-37.26259981648331,0.0,12072364.395385612,20549014.65094907,0.40737890867716603,0.4123501711839425,1.1126324729982797,1.4208493734498813,1.620844441200425,3.935429288548755,9127073.690027066,14.401814054428225,18.001971186789753,0.34830880216295096,-0.019075744311986595,19.72938539413304,0.4739833181932259,973695530.1098351,45.00189812200957,23254.444698010077,20646035.801615804,-5.991180941745531e-07,-2.993362674993271e-08,-17.309674971221764,45.00895131549261,101.14858446603412,101.14962064800258,66.31984809465621,67548.74042335326,77475233.38217747,1.1083407380838435,0.38177570478482303,1.3927962353611705,3.3298707138811925,0.37711632361393876,1.2154299509627018,3.291709106199145,0.5554426436330967,5.40046995439147,-19.8,0.36657142857142855,0.3254285714285714,0.9532142857142857,0.478,0.8474285714285714,1.3548571428571428
13.504800000000001,0.9962857142857144,10.814285714285715,7.862857142857143,245.65,0.09620696883404076,-20.01142857142857,14.26,55.48428571428572,-55.48428571428572,1.991771021228834e-07,27.742140512100256,48.05080229331635,27.742145317180352,48.050799519102064,-48.05080229331635,0.0,13411872.473778607,27915377.291522503,0.4042800516103485,0.4097076191062363,1.082016833091711,1.3824853748712107,1.586514717128794,3.924024176436031,9619129.52316548,20.343591630195853,9.153322976281212,0.5327421328326264,-0.024669648306936902,25.643972399965026,0.6957855431725075,756019244.2260797,34.46907552262725,30328.733282897963,28012351.814774763,-7.015787235274328e-07,-3.003932211948276e-08,-15.75843372071731,34.48625590005736,149.6791668371884,149.68578030750396,99.19533277119773,69252.3097898209,78565228.26408173,1.2009498968658339,0.37950359020109886,1.3621205840357486,3.3212616765026475,0.3744069626033786,1.1817195739538802,3.284327757641022,0.5724272921081494,5.37539929258078,-13.342857142857143,0.5002857142857143,0.35457142857142854,0.9739285714285715,0.818,0.7811428571428571,1.3114285714285714
7.0447999999999995,1.1037142857142859,12.448571428571428,8.502857142857142,241.06428571428575,0.09714420961988231,-19.234285714285715,9.100000000000001,46.57,-46.57,1.6717666139972385e-07,23.284998031719564,40.330804190628484,23.285002064799873,40.33080186212848,-40.330804190628484,0.0,9549934.36613509,9386271.542036684,0.40652550103202406,0.41160276691765907,1.1051277382257572,1.4114271470897244,1.612469739557596,3.9325390342070112,8099063.10420437,16.872856862435917,9.121130644342596,0.35193162063348615,-0.013474592739752562,12.52235003917403,0.6227973968033839,739694897.1492302,27.95504973416042,12335.965055879959,9483281.002457187,-7.833588776214484e-07,-5.387031893527357e-08,-14.528753792206258,27.96604169001424,80.98635128372676,80.98925052660098,60.326956633087846,67959.53019966462,77743818.68804719,1.1321596198113073,0.3811784150485745,1.3853085777599605,3.327700723169878,0.37641713777569624,1.2071461472496556,3.2898326166732534,0.5608073765111155,5.393648916516767,-7.0,0.43000000000000005,0.18314285714285716,0.7682142857142857,0.382,1.1605714285714286,1.2154285714285713
8.1448,0.7105714285714285,13.088571428571429,8.16,235.02142857142857,0.09845812989179728,-19.302857142857142,11.54,58.112857142857145,-58.112857142857145,2.086131295156099e-07,29.056426115289433,50.327211990262775,29.056431148010493,50.32720908461991,-50.327211990262775,0.0,11092147.350664357,13496855.876999913,0.4092808225629703,0.41391416888862737,1.1369147943790259,1.4510887191823905,1.6476717990108878,3.9446680046050764,8736029.697283883,23.67131838489611,5.981242372473678,0.7107237108524908,-0.019210324701293937,14.474402128026671,1.0713050737861172,721051737.458782,20.106283818503915,16223.58322207966,13593821.928671025,-9.037153956197684e-07,-5.741348032258499e-08,-14.600686219618735,20.115579623688664,118.72532921057115,118.73189737063197,90.42972755842241,66255.96083319698,76604887.98876143,1.0087291443578354,0.3835145167593242,1.416896156055579,3.3368770165347237,0.3791722346555423,1.2421356511405028,3.297762199586398,0.5191600029747632,5.419852409106416,-11.514285714285714,0.202,0.3494285714285714,0.9960714285714286,1.054,0.7857142857142857,1.0874285714285714
12.724800000000002,1.0842857142857143,11.9,9.005714285714285,243.25,0.09668908174970066,-16.14857142857143,20.66,47.19857142857143,-47.19857142857143,1.6943310273276715e-07,23.599283719438716,40.875163031202625,23.599287806954905,40.87516067127405,-40.875163031202625,0.0,13150489.619006826,21742852.511493616,0.40554877106100456,0.4107931876089458,1.0940259054576658,1.3975244849456152,1.6000494446825726,3.9284316516644195,9580283.412520574,15.534989966080357,11.804616171034667,0.4943558416564552,-0.014068478023328767,20.53659370287085,0.6098436869504849,807455416.566998,35.999431247372414,24423.799397398645,21839873.260497827,-6.128426855722488e-07,-3.294875390942748e-08,-11.141111971183912,36.01574390851452,108.61566739541442,108.61651308199278,70.75369792028721,68575.7148641316,78140076.88341203,1.164628827228099,0.38037958561332674,1.374193453941278,3.324589659487975,0.3754596598592452,1.19491219274136,3.287164224332464,0.5662980545686618,5.384926702392321,-0.4285714285714306,0.10942857142857143,0.2962857142857143,0.9317857142857142,0.714,0.74,1.1834285714285715
7.4648,0.8968571428571429,12.014285714285714,11.84,242.7785714285714,0.09678619257748415,-18.34285714285714,16.939999999999998,46.17,-46.17,1.6574074418778723e-07,23.08499804862556,39.98439401935403,23.08500204706485,39.98439171085403,-39.98439401935403,0.0,10730291.417788064,9789609.530661061,0.4057501137772294,0.41095837179864114,1.0964050504507532,1.400504063916588,1.6027173911521193,3.929312925002455,8575595.76238361,15.801422683646908,10.926108161852444,0.31797463469215115,-0.012540096008923456,12.394195637051867,0.4896295082613614,763019954.4022403,31.971543201752688,12753.896702466885,9886627.39321091,-7.638526651485201e-07,-5.773889946088044e-08,-11.962318505750563,31.980507069184323,78.96231823582464,78.96475577061555,56.49513291744981,68442.81228944262,78055327.61556435,1.1575765001314196,0.38054922922134576,1.376578571475423,3.325251578167334,0.375663831193685,1.1975318877545509,3.2877306241986046,0.5651065681030832,5.386765757870218,-11.171428571428573,0.2774285714285714,0.18485714285714286,0.7582142857142857,0.9139999999999999,0.8565714285714285,1.0714285714285714
7.9248,0.8705714285714286,13.317142857142857,7.7942857142857145,246.85000000000002,0.09597166781957384,-16.46857142857143,8.5,42.855714285714285,-42.855714285714285,1.5384314443174072e-07,21.427855331560945,37.11413831450854,21.427859042974674,37.11413617172282,-37.11413831450854,0.0,9459307.236159723,10014555.044337433,0.40399081407837795,0.40951750269655757,1.076106610365181,1.375129085210303,1.5798758402896749,3.921977880837557,8140071.213650533,14.663467919318045,9.434786195444765,0.3641002879598503,-0.010066346346189189,12.594924060932055,0.6394799008015434,760440965.3222766,28.288688128798043,13023.63649640937,10111589.91504364,-6.675945184508447e-07,-4.4757436357738563e-08,-12.55925082981467,28.296890875524994,73.00599336377604,73.00865491239658,51.676535079956366,69590.60725266552,78774484.99601132,1.2162190284165053,0.3790675788990518,1.3561521471747737,3.3196359322038327,0.3738812455858221,1.1752180028579546,3.28294594984373,0.5733222579034719,5.370679962351139,-7.457142857142857,0.45399999999999996,0.30314285714285716,0.8053571428571429,1.078,1.4554285714285715,0.7514285714285713
6.6248,0.8557142857142858,13.522857142857143,12.045714285714286,244.8785714285714,0.09636035979588832,-21.954285714285714,11.66,45.31285714285714,-45.31285714285714,1.6266377873363725e-07,22.656426656281262,39.242086509480195,22.656430580489804,39.24208424383733,-39.242086509480195,0.0,10771091.005012926,12444025.45264947,0.40468917998473586,0.4100577736128603,1.0858539569250563,1.3872912340339851,1.590849110459989,3.9254308629383203,8689004.612723107,16.483652434714053,7.247752215537312,0.36759470290682306,-0.009994678935928585,11.857702123123973,0.7198013265029743,693320407.3639586,25.568060953337877,15325.141604508191,12541035.069123996,-8.13204878341862e-07,-5.6872653516685156e-08,-16.120524332032808,25.581413721093817,89.27137975929926,89.2736336698601,66.92050890475429,69034.83284942078,78429650.65348774,1.1891910629360924,0.37978136916666017,1.3659825591676809,3.3223179420445748,0.374742006844488,1.185931152192418,3.285226032229677,0.5703960968262664,5.378400984821428,-19.34285714285714,0.3117142857142857,0.6305714285714286,0.8410714285714286,0.6699999999999999,1.3525714285714285,1.0234285714285714
11.8448,0.9105714285714286,10.871428571428572,6.194285714285714,247.8357142857143,0.09577920051815063,-18.434285714285714,15.58,43.712857142857146,-43.712857142857146,1.569201098858907e-07,21.856426723905244,37.85644582438238,21.85643050954972,37.85644363873951,-37.85644582438238,0.0,11378207.110304605,17322268.14380557,0.4035796654728416,0.40918510365409433,1.0712976381246626,1.3691044935583554,1.574433733464195,3.9202643201503147,8807203.647211183,10.535419652719387,29.139273895827067,0.4665225156837934,-0.044637134762410983,20.88469429476063,0.5883684798307733,1317020759.8368113,58.86863912428981,20139.249010620013,17419297.15816123,-5.681743796448768e-07,-3.11422518966854e-08,-13.842121125716556,58.483621048790184,94.74218598586748,94.74667279776098,60.60594977238599,69868.49445428791,78946064.01271851,1.226177336154618,0.3787138976546244,1.3512913416093917,3.3183234796983134,0.37345291847534334,1.169925975182819,3.2818313458086488,0.5723163028882692,5.366877549457469,-19.228571428571428,0.3442857142857143,0.3374285714285714,0.8853571428571428,0.14600000000000002,1.0737142857142856,0.8565714285714285
7.6248000000000005,0.9482857142857144,13.271428571428572,8.205714285714286,249.97857142857143,0.0953741742218947,-16.262857142857143,12.42,43.255714285714284,-43.255714285714284,1.5527906164367736e-07,21.627855314654948,37.460548485782994,21.627859060709692,37.460546322997274,-37.460548485782994,0.0,9784072.833311334,9023996.434372144,0.4025077195832246,0.40828463025970907,1.0609529554940869,1.356140044011741,1.5626734586928537,3.9166141466325013,8256818.073319979,14.540705282961156,9.294171010072377,0.35840738645355247,-0.010026795914529428,11.922225415147167,0.628437875439481,751573824.5125289,28.44558938866969,12063.412248559747,9121031.988103896,-7.293402588260249e-07,-5.423732006269742e-08,-11.34984427273849,28.45618728683673,70.83681301570616,70.84001104695596,51.761976498104865,70472.59706651047,79309341.37636946,1.2479740178121903,0.3779593505105546,1.3408158962377716,3.315532720513963,0.3725338075915807,1.158568807467623,3.2794711726506414,0.570190505085742,5.358847897427929,-4.542857142857141,0.4077142857142857,0.14714285714285713,0.9982142857142857,1.478,0.9502857142857142,1.1765714285714286
12.164800000000001,0.9562857142857143,14.288571428571428,8.114285714285714,247.10714285714283,0.0959215416358369,-22.205714285714286,14.9,60.855714285714285,-60.855714285714285,2.1845941896888975e-07,30.427854570791183,52.70259602185904,30.427859841050637,52.702592979073316,-52.70259602185904,0.0,14636983.365094014,28206150.47366082,0.4035229370236169,0.40906379577319546,1.0748431889581305,1.373490232946767,1.5783966818824122,3.921427786339291,10261375.391007237,24.900376510007124,4.5627542910844054,0.5930752894501857,-0.018946322582499096,19.32956834035667,0.9245147888635847,641510524.8966388,19.860655990998783,30558.166623712066,28303103.392082933,-8.306297848326185e-07,-4.496069355476765e-08,-17.19415719279847,19.868635035217405,172.4124210654573,172.41963207973245,124.3643174929655,69663.09956613222,78818863.12995526,1.2188061030865935,0.37897849372875886,1.354885074458388,3.319295282231043,0.3737725627841414,1.1738349481322594,3.282656355037234,0.5730594065002925,5.369735274549178,-2.7142857142857153,0.2962857142857143,0.202,0.7982142857142858,0.622,0.9822857142857142,1.0211428571428571
12.6248,1.080857142857143,11.145714285714286,11.657142857142857,248.90714285714287,0.09557585348467554,-22.525714285714287,8.34,61.54142857142857,-61.54142857142857,2.209209913322097e-07,30.77071168466662,53.296442029758104,30.770717014310673,53.296438952686664,-53.296442029758104,0.0,13737956.548514282,29807575.706266426,0.40271112913941015,0.4083957325640399,1.0660964511814965,1.3625353586033175,1.568479255875715,3.9183260319691136,9784948.934373874,24.90096412121667,5.8102793892429645,0.43248188783915315,-0.026330897147903556,23.452475472780876,0.5624331935541413,589539903.6689532,28.389674142864354,32108.91978875483,29904523.18036487,-8.187525738560962e-07,-3.254447557008313e-08,-18.683358456782834,28.403651880351777,178.2462732658397,178.25355494282846,123.03023924345288,70170.54576039921,79128457.03201687,1.2370564182522952,0.3783305438525775,1.3460344499079522,3.316913991688324,0.3729878713226709,1.1642206184419344,3.2806376138342275,0.5712469088545528,5.362767517989699,-4.6,0.19685714285714284,0.31685714285714284,0.9725,0.21400000000000002,1.3845714285714286,0.9662857142857142
8.4448,0.7631428571428571,10.585714285714285,7.565714285714286,248.60714285714286,0.09563174431227102,-22.457142857142856,17.380000000000003,52.05571428571429,-52.05571428571429,1.8686924030628357e-07,26.027854942723067,45.08157225382102,26.027859450880168,45.081569651035295,-45.08157225382102,0.0,11201251.665237872,11968406.733559197,0.40298874980159544,0.40865234809161327,1.0675548090550442,1.3643803355373938,1.5701594311296347,3.918891240079693,8686652.456323512,18.315758758119014,11.099936124153398,0.2732720352933159,-0.024626532983785407,16.933168936559163,0.3869659403587229,690995923.5837358,35.73207727938288,14796.540971966058,12065389.549263628,-7.395393870800066e-07,-5.275748963764963e-08,-16.137674617385763,35.75014196336717,99.65883155966631,99.6649225689739,70.55016521703514,70085.97139468802,79077493.47705665,1.2339878033528104,0.3784466475137877,1.3475121739656883,3.317315475165976,0.37312643675758167,1.1658173062113601,3.2809773466977603,0.5715411799180555,5.3640496413341126,-10.257142857142858,0.4882857142857143,0.39742857142857146,0.7946428571428571,0.842,0.708,1.1537142857142857
7.8848,0.9288571428571429,14.357142857142858,11.154285714285715,246.1642857142857,0.09610551350538364,-19.34857142857143,7.62,47.31285714285714,-47.31285714285714,1.698433647933205e-07,23.65642657175129,40.97413736585247,23.656430669164912,40.97413500020961,-40.97413736585247,0.0,10393772.142496342,13504837.784242649,0.40408321846637213,0.409551903986447,1.0794714412073734,1.3793125731727303,1.583648519921698,3.9231271545782453,8576588.5794405,17.264476408551523,6.570629621194373,0.6126618400561804,-0.009780252381805188,12.299129382928275,1.0135597680891395,767741859.7550181,21.923812487975134,16349.942471981174,13601842.805852346,-8.122053845853794e-07,-5.052182443914625e-08,-15.085605808414652,21.936840672689552,94.8583204045593,94.86041209455824,71.02215349367133,69397.29441675432,78655196.62702847,1.2088227623512935,0.37931851176713666,1.3595539534435896,3.320562665785562,0.3741835502030185,1.17892606978178,3.2837343035815554,0.5737279884409725,5.373401986281985,-11.742857142857142,0.37171428571428566,0.2122857142857143,0.9182142857142856,1.334,0.9617142857142857,0.7422857142857142
11.0248,1.0671428571428572,12.14,7.2,241.40714285714284,0.09707150905672343,-17.177142857142858,19.98,44.57,-44.57,1.5999707534004064e-07,22.28499811624954,38.59875333425621,22.285001976124764,38.5987511057562,-38.59875333425621,0.0,11803760.47262222,14817491.640723024,0.40650881153818974,0.41161423781820533,1.1033799893518623,1.4092542887729755,1.6105366585949337,3.9319195768583883,9000226.683595208,14.578302574559947,13.172726002995462,0.343227062712419,-0.014204267671331159,17.084588141998253,0.4704374844071944,810831805.5295504,36.17561176157583,17690.097944456335,14914522.149823006,-5.938142622246436e-07,-4.129010195172284e-08,-11.577544086336836,36.18338298942971,88.13216049168497,88.13340238682439,58.104491793082104,68056.18661762022,77806624.06525302,1.1372155396497223,0.3810550473551853,1.383559411068706,3.3272095284299663,0.37626893283837154,1.205214072083372,3.2894101971466765,0.5616739835773503,5.3923078703450456,-11.457142857142857,0.178,0.5842857142857143,0.8860714285714286,1.47,1.229142857142857,1.0531428571428572
13.3448,0.9277142857142857,13.591428571428573,9.668571428571429,243.37857142857143,0.09666275557084646,-16.4,12.100000000000001,55.31285714285714,-55.31285714285714,1.9856170903205337e-07,27.656426233631393,47.90234079134158,27.65643102386534,47.90233802569872,-47.90234079134158,0.0,13164789.293335695,26228397.57758714,0.4053446476598815,0.4105966536034179,1.0933749739168472,1.3966888203461556,1.5992992674138278,3.928155575537348,9642508.944015794,21.050201144039498,5.391949014703046,0.5415317579841628,-0.014764291812771144,19.67857450882367,0.8095205146693542,660512246.9867666,22.085269266866604,28700.014130145868,26325379.937997688,-6.92089369071632e-07,-3.2902203782266897e-08,-12.751120652295347,22.09632245021263,141.49879806661525,141.50513200395162,91.67918388865489,68611.96102086495,78163093.0586582,1.1665567669187689,0.38033331881210425,1.3735438291081723,3.3244097338226934,0.3754039601402533,1.1941994174731931,3.287010403176979,0.5666230039581255,5.384425391608519,-17.685714285714287,0.42828571428571427,0.5105714285714286,0.9296428571428572,0.398,1.2359999999999998,1.412
10.8848,0.7265714285714285,11.214285714285714,13.051428571428572,244.02142857142857,0.09653187880437399,-21.36,11.74,54.34142857142857,-54.34142857142857,1.950744815173501e-07,27.170711988974524,47.06105894681791,27.17071669508029,47.06105622974647,-47.06105894681791,0.0,11888288.088228304,18325650.356813073,0.4050510181773488,0.41035283470521233,1.0901451341426096,1.3926480549660942,1.5956740081267862,3.9269818864220736,8995928.501109414,20.682607048250453,7.281697957206196,0.3012663297557298,-0.018323931339176428,17.440592708911197,0.4268568205872848,576629085.6949048,29.299948966005683,20969.850903239625,18422624.631339658,-7.993013558460785e-07,-4.018686205840718e-08,-16.666000415275654,29.315103272352868,124.88074044776009,124.88691378879827,85.15075355879564,68793.19180453173,78277760.01293543,1.1762263566985847,0.38010198485292673,1.3703019010166135,3.3235140716933467,0.3751253435613303,1.190646355094919,3.2862454427797654,0.5682477786003639,5.381920263035921,-0.485714285714284,0.30314285714285716,0.47285714285714286,0.8067857142857143,0.15,1.3251428571428572,1.4028571428571428
13.244800000000001,1.0397142857142858,10.677142857142858,12.228571428571428,246.67857142857144,0.09600544268588071,-16.08,19.02,50.57,-50.57,1.8153583351909032e-07,25.28499786265962,43.79490590337304,25.28500224215009,43.79490337487303,-43.79490590337304,0.0,13350591.530325005,24533215.679217555,0.40391434163294526,0.4094243203549792,1.076941839704388,1.3761528569623545,1.5807960342123857,3.9222272130254936,9628067.182460848,16.29378933683667,13.864959298108552,0.5935797260913654,-0.017319076850913558,22.164248423587527,0.7306571392019673,936894196.8084843,41.313130606590896,27110.124263067773,24630220.706424933,-6.29502443035914e-07,-2.9233500362759335e-08,-11.476199332125457,41.33351639356876,124.24744778570633,124.25357980214307,77.94119514412031,69542.27904368775,78744643.41335924,1.214504117950007,0.37912687015152874,1.3569975065097601,3.31986345513481,0.37395359173462833,1.1761415203581282,3.283139506384454,0.5735372965278553,5.371308161983129,-18.142857142857142,0.16085714285714287,0.25,0.9217857142857143,0.7299999999999999,0.868,0.9525714285714286
12.8248,0.9402857142857144,13.065714285714286,11.634285714285713,242.00714285714287,0.09694651294400353,-22.16,19.740000000000002,51.65571428571428,-51.65571428571428,1.854333230943469e-07,25.82785495962906,44.73516208254656,25.827859433145143,44.73515949976084,-44.73516208254656,0.0,14690686.917766767,26277521.344545163,0.4059709026526829,0.4111175164955086,1.1003119408433841,1.4053760415060872,1.6070684459150146,3.930705123083773,10242785.940067023,19.459260658932315,5.92939334990807,0.3250323024000359,-0.01361565072835922,19.10318840250243,0.5714150632565942,575266641.6118466,26.098259963697004,28756.024905171485,26374507.557844587,-6.893252760276115e-07,-3.922993506347373e-08,-16.256722247115317,26.11107548391365,137.5480968102173,137.55454580006247,92.0193966854997,68225.33534904254,77915900.12296073,1.1460980698206682,0.38082677149887134,1.3804927478782367,3.3263422780320115,0.3759976619091675,1.2018396859187142,3.288665582929327,0.5631791787804679,5.389777126958791,-16.771428571428572,0.1437142857142857,0.12657142857142858,0.8653571428571428,0.182,0.7674285714285713,1.1148571428571428
9.3048,0.9700000000000001,12.871428571428572,7.954285714285714,236.99285714285713,0.09802641532304059,-19.942857142857143,13.9,60.455714285714286,-60.455714285714286,2.170235017569531e-07,30.227854587697177,52.35618585058458,30.22785982331562,52.35618282779886,-52.35618585058458,0.0,12331651.727948837,17175710.35923559,0.408337053531371,0.41311276572494565,1.12638085847988,1.4379422426711217,1.6360572349399942,3.940588311798308,9231244.524575487,24.98551216424478,6.799462468548956,0.6618699731181157,-0.021745777974403316,16.77189817074965,0.9979027615316871,675573208.0120255,20.579622418781227,19795.849822616314,17272668.79243182,-8.44030088287104e-07,-5.2115034885036316e-08,-15.023538093732324,20.589061501832244,136.2771444742675,136.2836386766237,99.97197517775851,66811.73523644173,76983258.0816311,1.050933623031154,0.38276802099670343,1.406473890197901,3.333820467856401,0.3782904554589271,1.2305371738040236,3.2951115291485373,0.5346640725487927,5.411519428239586,-10.2,0.20371428571428574,0.13,0.7746428571428572,0.558,0.98,0.8817142857142857
10.3048,0.8077142857142857,11.40857142857143,7.1085714285714285,238.5357142857143,0.09768529286688074,-20.605714285714285,18.979999999999997,56.17,-56.17,2.0163867448620335e-07,28.084997625975692,48.64464830121542,28.085002490440388,48.64464549271541,-48.64464830121542,0.0,12483383.69341857,17101221.336114705,0.407663884402492,0.4125531424340925,1.118235337959013,1.4277972866283584,1.6270428906544472,3.937495082587933,9218975.502108881,21.655068528202094,7.116376617583896,0.33713530292801236,-0.023372347204723278,19.217509138502717,0.516763879094431,613745785.3650907,27.620419079696404,19763.58767018394,17198194.358558226,-7.406051166604587e-07,-4.6769234798667646e-08,-14.89463137651754,27.633247521926695,123.51122291955936,123.51731337220366,85.78485366763839,67246.68911724194,77275123.76887493,1.0846159213488884,0.38218266856448546,1.3983819498542494,3.331475373860653,0.37759813721764246,1.2215840273859786,3.2930883459381204,0.5469338243669801,5.404997724924266,-1.2285714285714278,0.646,0.5277142857142857,0.9039285714285714,1.1300000000000001,1.306857142857143,0.9571428571428571
11.7248,0.8454285714285714,13.237142857142857,12.251428571428571,245.17857142857142,0.09630052347050333,-22.34285714285714,15.34,58.79857142857143,-58.79857142857143,2.1107470187892986e-07,29.39928322916487,50.921057998161835,29.39928832127053,50.92105505823326,-50.921057998161835,0.0,13979852.172182642,24315693.57115109,0.40442282018566067,0.4098124252555217,1.0843572605023861,1.3853996894452243,1.5891435844780761,3.9248493320012376,9932457.789414857,23.719246319709836,4.3708799572050605,0.4464875779855371,-0.017637572252235025,17.81711134085825,0.7398139926525263,545845099.7479293,22.15254005092877,26775.685224056164,24412652.57017854,-8.792259004453365e-07,-4.654926540228537e-08,-17.007001549448816,22.163806215013377,156.26722061346652,156.27411029825234,113.22348870720317,69119.40721513191,78482465.03776453,1.1937515399279994,0.37967340885446743,1.3644791580316336,3.321906170371077,0.3746118042422284,1.184290335035331,3.2848756155650918,0.5711542084987992,5.3772342689523835,-11.114285714285714,0.5311428571428571,0.5002857142857143,0.9389285714285714,0.5459999999999999,1.3777142857142857,0.9754285714285714
7.2048,0.7654285714285715,11.191428571428572,8.48,239.7357142857143,0.0974256082550133,-21.885714285714286,10.46,58.22714285714286,-58.22714285714286,2.0902339157616324e-07,29.113568967602006,50.42618632491262,29.1135740102205,50.42618341355547,-50.42618632491262,0.0,10323568.563620435,10831298.779634267,0.40705639046574016,0.41203344701113953,1.1119565512667224,1.4199725090730035,1.6200581573530712,3.935116346583555,8334955.643130865,23.537236737638054,6.521818185443868,0.35607246134880727,-0.02603342517923871,14.840090993751433,0.5539758126943979,624687874.8673422,24.839173198862273,13613.395810299788,10928258.36633806,-9.008783810491663e-07,-5.985876851907366e-08,-16.741239928928806,24.851886969986168,111.20902905765315,111.21587148803881,84.06113682961282,67584.98658008661,77499151.83478226,1.1112059621382806,0.3817268379052819,1.3921278123371288,3.329679449134896,0.3770584428139174,1.214694905981857,3.2915449799536045,0.5564676494722982,5.399926632356224,-3.8571428571428577,0.6357142857142857,0.5088571428571429,0.9503571428571429,0.8579999999999999,0.948,0.7537142857142857
11.084800000000001,0.85,12.322857142857142,10.08,235.75,0.09829593593469677,-20.285714285714285,20.9,49.712857142857146,-49.712857142857146,1.7845886806494037e-07,24.856426470315323,43.05259839349921,24.856430775575042,43.05259590785634,-43.05259839349921,0.0,13227369.04559561,18800755.479551606,0.4090556062605081,0.41374311508141154,1.1330083000684192,1.446228792071069,1.6433887167128538,3.943178913051647,9589679.194595462,18.26848293285612,8.182633012200766,0.31200407870438696,-0.014298166007562634,17.619501289438947,0.45786606977207756,633792871.1702511,29.043931635675523,21485.62169610609,18897754.659314737,-6.669625292403273e-07,-4.337685852706026e-08,-14.134351343778022,29.055731980270796,112.25567592236898,112.25664469316838,75.55726836463458,66461.35572135265,76745816.18951136,1.0242155181429602,0.38323882870782094,1.4130337043396834,3.335739473179604,0.3788467325154048,1.237828435857237,3.296773874889924,0.524857362225872,5.416773211448676,-3.0,0.6905714285714285,0.5654285714285714,0.9710714285714286,0.358,0.9708571428571429,1.2314285714285713
12.604800000000001,0.7528571428571429,12.494285714285715,6.948571428571428,236.69285714285718,0.09809254628893413,-22.48,17.14,54.17,-54.17,1.9445908842652011e-07,27.084997710505668,46.91259744484314,27.08500240176528,46.91259473634313,-46.91259744484314,0.0,14108382.310292697,26976296.29576946,0.40850443771385825,0.4132586564382589,1.1279754878748622,1.4399338523088199,1.6378219768452584,3.9412048990338473,9971530.45384464,20.939771571007327,6.316986436529809,0.37855172959088024,-0.019065294884464134,22.059494744569903,0.5514373797330615,587309958.8744206,27.31612157875786,29399.817561691336,27073271.17157969,-7.439597491716887e-07,-3.732037010316505e-08,-17.273694593661695,27.327159738058693,145.35601813122244,145.36264011792906,102.18521113026961,66727.16087073056,76926079.44283451,1.0444470283110852,0.38288176189602857,1.4080540572157234,3.3342812697221564,0.3784248792787874,1.2322906624060812,3.2955101144241397,0.5322532006247269,5.412788609144559,-0.02857142857142847,0.11285714285714286,0.358,0.9139285714285714,0.838,0.8131428571428572,1.2725714285714287
12.8848,1.072857142857143,12.905714285714286,11.497142857142858,240.42142857142858,0.09728133271718635,-22.502857142857142,14.059999999999999,49.31285714285714,-49.31285714285714,1.770229508530037e-07,24.656426487221314,42.706188222224746,24.656430757840017,42.70618575658189,-42.706188222224746,0.0,13600557.688497705,25420946.154740017,0.4067521382805393,0.411779194205823,1.1084207978948217,1.415544541332011,1.6161277222232957,3.933739010156693,9792646.695436833,18.4868261996964,6.630018966974551,0.30039038310255906,-0.013025208069046277,18.995986642317195,0.5260437442403084,584180691.9156935,27.267329347623306,27932.830291892835,25517938.052310184,-6.631014437350213e-07,-3.488119789975019e-08,-17.497885280016003,27.27999344581888,129.51882266411397,129.51953190907625,85.4507058546309,67778.29941599781,77625677.43507443,1.1227171793736648,0.3814097331885523,1.388595645154286,3.328626854978971,0.37669488511974913,1.2107828635799263,3.2906302435477537,0.559186015633441,5.396165374966252,-10.485714285714284,0.2928571428571428,0.23285714285714285,0.7625,0.75,1.3274285714285714,0.9708571428571429
10.8448,0.7688571428571428,11.58,10.354285714285714,246.55,0.09603081803775212,-17.36,16.34,51.941428571428574,-51.941428571428574,1.8645897824573023e-07,25.970712090410494,44.98259791917118,25.97071658867016,44.98259532209974,-44.98259791917118,0.0,12016086.078534473,17001808.21173177,0.40396189624945084,0.40946159000955146,1.077571078985438,1.3769420518309106,1.5815063837883498,3.9224530797342267,9080888.683559349,18.446205845487,8.278983133571982,0.36921035958704684,-0.016577270665091924,17.954494014062416,0.4774250648142236,645974421.5964195,29.631922809726113,19735.872033638298,17098803.12982531,-6.698654199822644e-07,-3.883591418364115e-08,-12.568808398927251,29.647848707928855,109.78939856574691,109.79512852287917,71.4243551095796,69506.0328869544,78722233.35524921,1.2132152366807145,0.37917141492867057,1.3576321486242058,3.3200344763255716,0.3740079114385267,1.176834997565726,3.283285031824006,0.5736709090598278,5.37178077465873,-6.828571428571429,0.226,0.10942857142857143,0.9603571428571429,0.7179999999999999,1.1377142857142857,1.2977142857142856
11.104800000000001,1.0374285714285714,13.374285714285715,10.4,239.47857142857143,0.09748111043566239,-23.302857142857142,14.02,50.05571428571429,-50.05571428571429,1.7968965424660033e-07,25.02785502725304,43.34952139744874,25.02785936220506,43.34951889466302,-43.34952139744874,0.0,13197930.609312665,21816711.489369802,0.4072226024660155,0.4121812404885751,1.113298583235934,1.421648362608372,1.621556512155866,3.935627035709555,9642478.197786631,19.113612487500625,5.859783621034776,0.3328908449165275,-0.013286532434002296,17.148262190623488,0.6179220405089513,585545636.3739266,24.723489160073846,24401.756601934212,21913698.40935667,-7.16212983048073e-07,-4.2111548725574764e-08,-17.911225359041776,24.735060365830307,124.27334149014573,124.27962561857102,86.57202404999431,67512.4942666199,77451152.99816307,1.105479597485922,0.38182456098377276,1.393465074398036,3.3300622551563226,0.37717418604694536,1.2161657151643785,3.2918735194946693,0.554417536681079,5.401013272114809,-2.7714285714285722,0.4968571428571429,0.45571428571428574,0.8746428571428572,1.178,0.8588571428571428,0.9091428571428571
11.0648,0.882,11.031428571428572,11.748571428571429,243.85,0.09656667371932616,-21.474285714285713,7.46,58.39857142857143,-58.39857142857143,2.096387846669932e-07,29.199283246070866,50.574647826887386,29.199288303535507,50.5746449069588,-50.574647826887386,0.0,11975809.476779863,21101541.208351947,0.4050739304083056,0.41036152379870455,1.091003863661171,1.3937140200613423,1.5966305536386844,3.9272782008128795,9033837.47095205,23.113052095113837,6.416449543281009,0.35804887117581774,-0.023458379493676313,19.76175614168923,0.4598945397544616,549374741.2788332,28.511078505434167,23636.918287513967,21198499.809585962,-8.551735441607522e-07,-3.726205412322044e-08,-17.657828029199276,28.52523695738131,143.46720644147848,143.47377870000432,101.79749911436285,68744.86359555392,78247235.78252643,1.1736429325452613,0.38016367362255904,1.371165417980314,3.323752273044336,0.37519966021075113,1.1915920841729706,3.2864487599398506,0.5678145006205293,5.38258805654683,-18.02857142857143,0.4831428571428571,0.21057142857142858,0.9410714285714286,0.126,0.8657142857142857,1.4645714285714286
9.4848,0.8271428571428572,14.025714285714287,10.034285714285714,237.6357142857143,0.09788319742701616,-17.04,8.94,49.427142857142854,-49.427142857142854,1.7743321291355704e-07,24.713569339533887,42.80516255687459,24.713573620050024,42.80516008551744,-42.80516255687459,0.0,10672602.318056952,14368710.457371324,0.40814192250924786,0.4129661120010468,1.1229781323871952,1.433715935671318,1.6323084842590225,3.939315199522338,8641620.649372311,18.526108771070923,6.51109205765777,0.6376250367546474,-0.011060836701050127,13.726497279488878,1.048875910383445,736030299.5701014,21.676703180422077,17172.70435012608,14465712.76111063,-7.718909200475887e-07,-4.506342929366074e-08,-13.194985645568647,21.687012374373186,100.055609449231,100.05724999498328,72.26525922928013,66992.9660201085,77105462.12524176,1.0648982842846473,0.38252418633570906,1.4030952276783084,3.3328383228242164,0.37800217193456565,1.2267935397907517,3.294263118951857,0.5398131344477289,5.408801301520801,-19.285714285714285,0.5774285714285714,0.2842857142857143,0.9746428571428571,0.30200000000000005,1.3045714285714287,0.8954285714285714
13.184800000000001,0.8157142857142857,13.077142857142857,9.097142857142856,238.75000000000003,0.0976386003919747,-23.92,17.02,46.74142857142857,-46.74142857142857,1.6779205449055385e-07,23.370712310188424,40.47926569260325,23.37071635811488,40.47926335553181,-40.47926569260325,0.0,14336685.32485828,27865396.183349423,0.40759116205809626,0.4124964595062265,1.1171112551489661,1.4263997892994418,1.625797565274381,3.93707164358451,10127060.112580255,17.069065029996924,7.739845595658943,0.30923200817180213,-0.012626660655673971,20.535386787594,0.4520384042802484,598774361.2892995,30.3894928214557,30338.21212690347,27962397.068649843,-6.710686550845161e-07,-3.4417648183032436e-08,-18.385676895079026,30.40236209899152,126.71088170771218,126.71157045878493,87.46555529484212,67307.09937846425,77315288.91906618,1.089339119091314,0.38210130910212664,1.3972625951937998,3.3311528912966715,0.3775018447391438,1.2203490687735385,3.2928108310942807,0.5486325836649502,5.404092136928935,-2.0285714285714285,0.6425714285714285,0.2277142857142857,0.9553571428571428,1.1380000000000001,1.0394285714285714,1.2474285714285713
13.0048,1.0877142857142859,11.774285714285714,13.074285714285715,242.30714285714288,0.09688392454650914,-22.32,13.299999999999999,47.59857142857143,-47.59857142857143,1.7086901994470382e-07,23.799283702532723,41.22157320247709,23.79928782468993,41.22157082254851,-41.22157320247709,0.0,13049482.778616281,24083584.20796043,0.40586671051872103,0.4110368340051019,1.098789739898387,1.4034739726456495,1.6053707294091837,3.930152772786515,9526757.601584366,17.077894511706848,9.873366795289225,0.3398262548320047,-0.013595602060851902,19.29110552691585,0.4243406612584836,669321599.9584354,35.163223454155556,26649.93625121413,24180583.423977457,-7.433676190833384e-07,-3.343905601160744e-08,-17.473173615689326,35.17929142748145,121.53575248112176,121.53656711211724,84.23434931735656,68309.90971475371,77970256.61404583,1.1505509127971523,0.3807188622836217,1.3789689450407705,3.3259170166276886,0.3758678931391842,1.2001613440389851,3.2883007966439695,0.5639150833949363,5.388606024261333,-3.5142857142857125,0.15057142857142858,0.17971428571428572,0.8582142857142857,1.0659999999999998,1.092,1.3822857142857143
6.924799999999999,0.8511428571428572,13.614285714285714,9.737142857142857,240.6357142857143,0.09723540574722389,-21.542857142857144,19.78,54.855714285714285,-54.855714285714285,1.9692066078984007e-07,27.427854824381104,47.506443452742204,27.427859575025316,47.506440709956486,-47.506443452742204,0.0,12392015.31196563,13120770.161286552,0.4065460661011294,0.4115878589895802,1.1073188346275995,1.4141481701399432,1.6148866713270986,3.9333050335402677,9313291.003349606,21.36141043568547,8.133091427691005,0.7550881274055425,-0.015269881865681924,12.885076473980316,1.184410157129172,814072534.3820596,20.816201419330053,15891.086495917689,13217746.000157587,-9.282523995371041e-07,-7.412234904120588e-08,-14.160157186416644,20.82756450414189,112.18577475248826,112.19254253701676,88.37297898789066,67838.7096772201,77665194.37621734,1.125859073261278,0.38133263248148686,1.3874988733429392,3.3283173980935414,0.3766023294662864,1.2095686108085266,3.290363564106344,0.5597276591858684,5.395326333064775,-0.08571428571428541,0.6408571428571428,0.6082857142857143,0.9996428571428572,0.8099999999999999,1.1925714285714286,1.050857142857143
7.7048,0.9768571428571429,12.848571428571429,11.542857142857143,239.13571428571427,0.09755497685892697,-21.634285714285713,10.780000000000001,55.712857142857146,-55.712857142857146,1.9999762624399005e-07,27.856426216725403,48.24875096261604,27.856431041600363,48.24874817697318,-48.24875096261604,0.0,11258834.099591337,14039900.953590667,0.40732964262484966,0.41226226144029565,1.1150889299785605,1.4238709865595174,1.6235411642101847,3.936292016238295,8814165.655230869,22.383277176045922,5.81990077979909,0.5710710064558101,-0.01687782976274688,13.713030105206391,0.9210727268066201,684236427.6157513,21.762376160147614,16765.962228716253,14136869.415643092,-9.212381480559768e-07,-5.786987917910662e-08,-16.45963621954926,21.773466658790923,118.19501925130989,118.201620243373,89.76483598341407,67415.83784866429,77387354.12946929,1.097868391453364,0.381954817412736,1.3952505795389676,3.330574387221126,0.37732842719859355,1.2181313936180913,3.292313413191646,0.5516934605075788,5.402462079133592,-15.114285714285714,0.2568571428571429,0.3871428571428571,0.9860714285714286,0.6139999999999999,1.0417142857142858,0.8908571428571428
9.7048,0.9037142857142857,10.985714285714286,12.571428571428571,236.65000000000003,0.09810166261965184,-17.017142857142858,15.26,61.027142857142856,-61.027142857142856,2.1907481205971974e-07,30.513568849260043,52.8510575238338,30.513574134365648,52.851054472476655,-52.8510575238338,0.0,11792250.262081156,15199069.6089166,0.4085327534136226,0.41328408640126474,1.1282035256516971,1.440220877598914,1.6380764657182012,3.9413003922576717,8921628.32728781,24.56050795209367,6.372283209565805,0.41306768248251835,-0.02266036870378762,16.782756267376726,0.5310934538487836,588303742.9463916,25.259120403985797,17880.176221395708,15296033.13482314,-8.488159815115863e-07,-4.8167375104472284e-08,-12.236120168092345,25.27054628728435,126.38074226491152,126.38680168907096,86.7047298765985,66715.07881848613,76917893.15195024,1.043522739959532,0.3828980015345883,1.4082799432388888,3.334347215437856,0.37844407181785433,1.232541504037995,3.295567192488998,0.5319163898482169,5.4129697522989835,-14.77142857142857,0.43514285714285716,0.166,0.9496428571428571,0.354,1.4942857142857142,1.2382857142857142
9.1848,1.0522857142857143,10.505714285714285,6.88,240.97857142857146,0.09716244197545221,-16.674285714285716,18.62,58.97,-58.97,2.1169009496975985e-07,29.48499750763373,51.06951950013661,29.485002614585536,51.069516551636596,-51.06951950013661,0.0,11397599.045059606,12865750.628910929,0.40646965252859923,0.4115387958737722,1.1055641951484243,1.4119600957043328,1.6129426333549184,3.932674383558162,8733412.596988644,22.358586888192082,7.91713378008026,0.40189052175052287,-0.028427847813021767,18.618342487133237,0.5052307893027238,642525436.4350545,28.413920128772634,15633.440764110182,12962722.887696017,-7.509829533504541e-07,-5.16003314826317e-08,-11.38796076014917,28.428148374261575,112.27751129830061,112.28345608263432,77.25046830365514,67935.3660951757,77728086.91272843,1.1308977499043076,0.38120926105287256,1.3857462426701528,3.327823809620744,0.3764541861690726,1.2076299899690266,3.2899385498587974,0.5605907231204298,5.393984375406058,-10.600000000000001,0.18314285714285716,0.20885714285714285,0.9475,0.618,0.9662857142857142,1.0577142857142858
10.4048,0.7128571428571429,12.654285714285715,9.69142857142857,248.39285714285714,0.0956724678480845,-18.93714285714286,17.78,51.25571428571429,-51.25571428571429,1.839974058824103e-07,25.62785497653506,44.38875191127211,25.627859415410125,44.38874934848639,-44.38875191127211,0.0,12528348.127318926,17273264.33050649,0.40307591746649885,0.40872195235191516,1.0685908191095876,1.365676064246109,1.571332299931573,3.91924843023377,9343354.055779725,18.407677123794663,6.648630911596751,0.3596169359633673,-0.014456801337991784,16.701291423695903,0.5542806959678788,639120916.5238961,25.941800554974368,20002.362567294593,17370258.89635099,-6.977842435721819e-07,-4.4686888216895616e-08,-13.490946695908448,25.957284803012328,110.15124051172,110.15713478012229,74.9439294375061,70025.5611334658,79041137.85031393,1.231815022665025,0.37852088573906406,1.3485605528517384,3.3175946154492686,0.37321715663377497,1.1669561056433673,3.2812136645172574,0.5717554948124267,5.364834825383351,-8.771428571428572,0.6442857142857142,0.17457142857142857,0.7525,1.0379999999999998,1.1194285714285714,0.9045714285714285
10.424800000000001,0.944857142857143,12.208571428571428,10.057142857142857,239.17857142857142,0.09754571846237495,-21.314285714285713,16.26,61.48428571428572,-61.48428571428572,2.2071586030193304e-07,30.742140258510336,53.246954862433185,30.742145583205673,53.246951788218894,-53.246954862433185,0.0,13419264.854586016,20837899.84497638,0.40729240895354774,0.4122278598829462,1.1148644447132703,1.4235881194399658,1.623288333880596,3.9361994512465,9648343.866956834,25.555301400910906,4.902473897008717,0.41728224716049744,-0.023337205093566373,18.67709657853287,0.6639294615298561,560668238.1526239,22.740852782502337,23359.309301160527,20934853.38548872,-8.248557099224372e-07,-4.728620128017007e-08,-15.991915507584254,22.751274169396076,151.44338284780935,151.4500132827866,107.32324994714074,67427.91990090875,77395343.24502729,1.0988182494829108,0.3819385378820108,1.3950272382807285,3.3305102632105705,0.3773091518705656,1.2178853868413626,3.2922583092253794,0.5520338018143026,5.402280977678203,-10.028571428571428,0.12657142857142858,0.2534285714285714,0.9696428571428571,1.03,0.8954285714285714,1.3342857142857143
6.7848,0.834,12.917142857142856,8.137142857142857,243.93571428571428,0.09654926645738841,-22.662857142857142,8.9,42.62714285714286,-42.62714285714286,1.5302262031063406e-07,21.3135696269358,36.91618964520885,21.31357331855466,36.9161875138517,-36.91618964520885,0.0,9792121.351619918,10620295.82421986,0.405218137269044,0.41051560594246367,1.090577799688656,1.3932088981163644,1.5961789003725826,3.9271772602300876,8234905.232919791,15.42379673667983,9.8677737692312,0.2825023203338269,-0.011836799389045954,12.395315349912863,0.5760541837493103,734844068.2773874,30.3164080104495,13569.853055341877,10717315.17225164,-7.552730056789057e-07,-5.2989790625801473e-08,-17.36205208802204,30.327355236030915,78.8824473107094,78.88525373863689,59.469797285421706,68769.02770004283,78262502.97033322,1.174934271682362,0.3801328348342662,1.3707336102281686,3.323633127620672,0.3751625085272669,1.1911190721783342,3.286347046188828,0.568031139057293,5.382254211781719,-6.428571428571427,0.1677142857142857,0.502,0.7689285714285714,0.702,1.0874285714285714,1.0257142857142858
9.8448,1.000857142857143,10.802857142857142,8.274285714285714,235.6642857142857,0.09831482522504888,-19.485714285714288,17.1,58.57,-58.57,2.102541777578232e-07,29.284997524539722,50.72310932886215,29.285002596850518,50.72310640036214,-50.72310932886215,0.0,12062345.711484624,15876150.346972406,0.4090280361221847,0.41370841972734496,1.1334656226325857,1.4467904271512326,1.64388355539566,3.9433403758739924,9015442.211388726,23.071288286801995,7.420536601868143,0.3599216185670912,-0.026534028673467578,19.179387953051968,0.4687615316051056,605143743.1798097,28.03203539358538,18547.509929078857,15973117.044619475,-7.567735640611488e-07,-4.6418186123095876e-08,-14.203804760068362,28.04410235476198,124.61294689996376,124.61900328641168,85.8487851798972,66437.19161686374,76729297.54042172,1.0223869470146127,0.38327127322062926,1.4134874481842883,3.3358728120861807,0.3788850490048113,1.2383339016025092,3.2968896128514555,0.524186344797658,5.417135467448322,-11.342857142857143,0.5225714285714286,0.10428571428571429,0.7667857142857143,0.998,0.8291428571428571,1.2177142857142855
8.6648,0.9242857142857144,12.46,9.371428571428572,244.70714285714288,0.0963948040259713,-23.097142857142856,12.780000000000001,51.427142857142854,-51.427142857142854,1.8461279897324024e-07,25.713569255003915,44.53721341324687,25.713573708725132,44.53721084188972,-44.53721341324687,0.0,11472733.032783741,14450167.557133742,0.4047153012428596,0.4100695871789492,1.0867077938962006,1.3883506855800452,1.5918023413658415,3.9257231986728782,8875123.382542685,19.34921859435033,6.4196955541803025,0.31869728573897044,-0.01639052128922615,14.987201942547856,0.572380044102537,599820999.3273122,25.635815157288125,17208.642731215525,14547149.002567831,-8.19124302665815e-07,-5.288222279290632e-08,-17.465502261064508,25.649897957941512,107.86725981180484,107.87363787451659,79.67811368428175,68986.50464044297,78399300.92174911,1.1865934797850997,0.3798429921635948,1.3668425131649589,3.3225537885703273,0.37481632676776755,1.186870524306515,3.2854268777049476,0.569962701972692,5.379067144090831,-18.428571428571427,0.39228571428571424,0.5431428571428571,0.8696428571428572,0.9819999999999999,0.9548571428571428,0.7765714285714286
11.1248,1.0602857142857143,14.117142857142857,12.0,236.73571428571427,0.09808344726244847,-18.61714285714286,9.22,48.855714285714285,-48.855714285714285,1.753819026107904e-07,24.427855077971024,42.31029088362537,24.427859308999995,42.31028844083965,-42.31029088362537,0.0,11623440.449945964,18590193.362005167,0.4085566222190493,0.4133150553907572,1.127748984452866,1.439662465348796,1.637582662056221,3.9411390727517666,9033941.295524232,18.466225806702962,6.034170011041031,0.480186181625001,-0.010302936036336925,14.890911530957453,0.8296591017743208,667379613.1393161,22.543444563279227,21286.3299579527,18687194.317268472,-7.576607734215368e-07,-4.062773028194018e-08,-14.622739338968703,22.5537427148019,111.04204599723612,111.04318703465266,78.4921564373492,66739.242922975,76934262.71453184,1.0453717003224658,0.3828655226509928,1.4078282128689772,3.3342153563067156,0.37840568760952425,1.23203994324278,3.295453079494215,0.5325900687024464,5.412607484086595,-2.6571428571428584,0.5208571428571428,0.5311428571428571,0.8803571428571428,1.3980000000000001,0.7514285714285713,0.7171428571428571
10.6648,0.8568571428571429,11.065714285714286,12.022857142857143,241.6642857142857,0.09701723068658913,-23.234285714285715,9.059999999999999,41.77,-41.77,1.4994565485648414e-07,20.884998234591503,36.17388213533502,20.885001851979617,36.173880046835016,-36.17388213533502,0.0,10539071.879948916,14584112.018515283,0.4064273463293282,0.4115529501036685,1.1020697596504585,1.4076174096978051,1.609078532148642,3.931442564418043,8448783.062376492,14.13507529437811,23.117978430348252,0.2732031085302546,-0.026152945098635087,15.843130574310363,0.3701528378532817,1096763130.7308803,50.458873273210564,17441.372546134466,14681134.31936962,-6.447325618940465e-07,-3.561086373930432e-08,-18.41368474733633,50.41066950695368,87.93793962207981,87.93940331820389,58.47417585226718,68128.6789310869,77853594.42547604,1.141016601005549,0.38096251562225086,1.382249420679629,3.3268423912925855,0.3761577363315675,1.20376839917684,3.289094719403891,0.5623239887212994,5.39130244711897,-8.542857142857143,0.12485714285714286,0.6271428571428571,0.9646428571428571,1.034,1.3182857142857143,0.8428571428571427
9.3648,1.0694285714285714,11.431428571428572,6.605714285714286,242.8642857142857,0.09676847736055665,-20.88,9.46,59.02714285714286,-59.02714285714286,2.1189522600003653e-07,29.51356893379002,51.119006667461534,29.513574045690543,51.11900371610438,-51.119006667461534,0.0,11174211.982285673,15489257.940493975,0.40555326252282814,0.4107653228616218,1.095968301898813,1.3999325732359038,1.602204213064427,3.929102681331994,8689775.984361362,23.597318359582914,5.8766145530737335,0.35687202589801903,-0.027206637242253084,18.36779182610041,0.5599739878304186,569181528.0685613,24.694857175389856,18160.68655032208,15586216.763343357,-7.828810966602285e-07,-4.5357769603266206e-08,-16.646288850705567,24.707965540932886,127.29078735691658,127.29717986103898,90.26946404264508,68466.97639393155,78070770.67620902,1.1588567937268597,0.3805183857833759,1.3761444934114573,3.3251309617021394,0.37562671841955186,1.197054868497816,3.287627365919963,0.5653232029411055,5.3864313051016826,-7.2857142857142865,0.6734285714285714,0.6357142857142857,0.8132142857142857,1.198,1.0645714285714285,1.2839999999999998
10.4848,0.7574285714285715,10.734285714285715,13.965714285714286,236.00714285714287,0.09823953428256818,-19.622857142857143,17.5,59.08428571428571,-59.08428571428571,2.1210035703031316e-07,29.542140359946302,51.168493834786446,29.542145476795543,51.16849088057216,-51.168493834786446,0.0,12617257.905402113,17818512.222717848,0.40883823122825547,0.4135429836716319,1.131630986812017,1.4444968946837284,1.641858089356627,3.9426222913404723,9255190.82754165,23.488007664128112,7.139304600295538,0.36070389883904813,-0.021009544085868154,17.50722491660888,0.4542331427036117,583300151.3896763,28.538732440301594,20438.443439323866,17915477.165449366,-8.470778894176209e-07,-4.527354324358353e-08,-14.164589766217137,28.55111348192155,133.43764594076183,133.4438160874921,91.9790115938624,66533.84803481934,76795326.32670657,1.0297119057545507,0.38314148304217116,1.4116734996286489,3.33534023192744,0.37873175408074905,1.2363140938375394,3.2964275228991498,0.5268718736309456,5.415686539380472,-13.971428571428572,0.5619999999999999,0.4522857142857143,0.9346428571428571,0.44600000000000006,1.364,1.165142857142857
12.104800000000001,0.7345714285714285,13.408571428571427,9.120000000000001,239.39285714285714,0.09749953252540389,-20.354285714285716,19.3,49.14142857142857,-49.14142857142857,1.764075577621737e-07,24.570712208752454,42.55772672024998,24.57071646452501,42.55772426317855,-42.55772672024998,0.0,13614112.154747518,21986851.030521326,0.4073023563125272,0.41225525602961965,1.113747025624575,1.4222121922173412,1.6220607278422248,3.935805900767146,9810848.08429888,18.12853922522254,6.568929905656082,0.33870003046049296,-0.012397801879615701,17.93921053197668,0.6171367772209965,628476812.7374663,25.781015267375462,24603.29750408877,22083851.63349821,-6.607808875804587e-07,-4.086991353358241e-08,-14.662521329224953,25.793168611667934,118.82294631152955,118.82379881695422,80.32840204791093,67488.33016213102,77435228.95530729,1.1035742002305067,0.3818571255092841,1.3939112040044257,3.330190104753426,0.3772127501921764,1.2166566155972434,3.291983287048669,0.5537362303460722,5.401375407014123,-5.0,0.2825714285714286,0.5825714285714285,0.8439285714285715,1.242,1.1125714285714285,0.8725714285714286
9.1248,0.7677142857142857,13.545714285714286,7.497142857142857,240.1214285714286,0.09734532263373437,-21.451428571428572,7.7,57.255714285714284,-57.255714285714284,2.0553616406145992e-07,28.627854722945134,49.584904480388936,28.627859681435446,49.584901617603215,-49.584904480388936,0.0,11486466.572280101,17497140.475163378,0.40678945581548465,0.4117923286782638,1.1099607683144006,1.4174627503790527,1.617828908369033,3.9342918289135635,8942355.192100585,23.151602575011243,5.798619748086565,0.6757467134715669,-0.018681977762408816,15.956771748169356,1.0377234642481734,699672021.246456,20.114216361930037,20124.858358086447,17594102.84581388,-8.442540997410037e-07,-4.7780476160370926e-08,-17.348359406553364,20.1241561514939,130.56670714819876,130.57329523845283,96.71223926916484,67693.7250502867,77570664.63396975,1.1183275256534329,0.38151767068340875,1.3901330234175775,3.329061376009229,0.37682442456005955,1.2124863001666728,3.291004972750268,0.5584253302774392,5.397340554610749,-5.114285714285716,0.622,0.274,0.8153571428571429,1.422,0.9525714285714286,1.2611428571428571
13.5448,1.0431428571428571,12.802857142857142,6.057142857142857,246.25,0.09608866532789524,-18.777142857142856,12.34,54.62714285714286,-54.62714285714286,1.9610013666873342e-07,27.313569119755957,47.30849478344252,27.313573850605305,47.30849205208537,-47.30849478344252,0.0,13499043.709392866,29006258.904112726,0.4039839338132341,0.40945812562909034,1.079046770112921,1.3787717217303985,1.5831587976511001,3.92295266051586,9754701.059028588,20.436111914565192,6.043429147972314,0.47613010377545517,-0.018261850715974078,22.959931341614126,0.6802700966285442,650239779.432744,26.152731572587925,31406.758127156354,29103238.37008276,-7.243774262286478e-07,-3.149461883671208e-08,-14.92693193282249,26.165957926133107,148.55668802119808,148.56333813810602,102.18831063295481,69421.4585212432,78670160.22083336,1.2101376358445912,0.3792877049484121,1.3591268724006305,3.320446601745814,0.37414634040659916,1.1784616179529757,3.2836358388289164,0.5739449360806156,5.373069839744568,-15.4,0.154,0.6545714285714285,0.8125,1.102,0.7148571428571429,0.9022857142857142
10.2048,0.8991428571428571,11.305714285714286,13.98857142857143,243.3357142857143,0.09667151784140517,-23.37142857142857,20.02,42.51285714285714,-42.51285714285714,1.5261235825008075e-07,21.256426774623225,36.81721531055901,21.256430456344656,36.81721318491614,-36.81721531055901,0.0,12334727.443786481,15106620.898461793,0.4055537102952268,0.41080570626637486,1.0935955743137604,1.396993232970624,1.5995740965606189,3.9282929431294376,9199659.003444929,13.76520718396727,21.80549445504596,0.25821851182854805,-0.021268758592669433,14.896166117379014,0.4223516107731678,1049723488.6074101,50.205618837878305,17958.70748822745,15203645.159075249,-6.783989911048224e-07,-4.4321190409244595e-08,-16.122648110758863,50.18551172629415,90.66532244807337,90.66680830612998,60.89360119688997,68599.87896862053,78155430.13155073,1.165913820558021,0.38034874844860656,1.37376035236303,3.3244696913152416,0.37542253430358,1.1944369361239227,3.2870616524914187,0.5665146874287701,5.384592590415936,-2.942857142857143,0.18828571428571428,0.634,0.8225,1.0979999999999999,0.8725714285714286,1.2885714285714287
11.2048,0.898,14.014285714285714,6.034285714285715,243.97857142857143,0.09654057018770791,-17.611428571428572,19.5,44.22714285714286,-44.22714285714286,1.5876628915838065e-07,22.11356955931182,38.30183033030667,22.113573389494746,38.30182811894952,-38.30183033030667,0.0,12385932.032370731,16835763.187826622,0.4052259274129567,0.4105269782689605,1.0903636559190788,1.3929433193715057,1.5959403830474361,3.927100462147356,9345260.282774076,15.267028895484657,7.813040580909452,0.3659114595671887,-0.009569483815823052,15.833975743361934,0.6233645708682033,683974704.0190604,26.8337788642392,19663.684836093027,16932794.001255766,-6.149739176708848e-07,-4.388280883967767e-08,-12.013140684102762,26.846856195407547,92.68581350344073,92.68704917562786,63.31287398087057,68781.10975228726,78270132.76655154,1.17558028912388,0.380117409729497,1.370517734828556,3.323573585446873,0.3751439264276104,1.1908826765441765,3.2862962296495724,0.5681394585952283,5.38208722967513,-5.057142857142857,0.15228571428571427,0.5191428571428571,0.9732142857142857,1.238,0.8862857142857142,1.322857142857143
6.9448,0.978,10.768571428571429,6.514285714285714,243.67857142857142,0.09660151806747405,-22.068571428571428,9.98,56.62714285714286,-56.62714285714286,2.0327972272841665e-07,28.313569035225985,49.040545639814795,28.313573939280413,49.040542808457644,-49.040545639814795,0.0,9968353.227129292,9762531.38251233,0.4051970092032925,0.41047224003802807,1.091865745236575,1.3948006350588162,1.5976064265156242,3.927611241561816,8180368.885941813,22.05448799516796,7.594343367344254,0.3128353951466594,-0.028314454241982964,15.350328237048886,0.516417700628799,615969812.9211699,27.511795443950025,12588.536718237121,9859495.472052239,-8.233040311239819e-07,-5.981817205504337e-08,-16.93533187843334,27.526776170386935,103.10487352299539,103.11176691277792,76.9709009431038,68696.53538657614,78216694.61516085,1.1710630257470411,0.38022536880984054,1.3720297330430655,3.3239909614407046,0.37527396738900615,1.1925390838004528,3.2866525677980367,0.5673812262018972,5.3832560975271475,-3.2285714285714278,0.6631428571428571,0.6579999999999999,0.9753571428571428,1.3499999999999999,1.0965714285714285,0.9891428571428571
8.7848,0.7368571428571429,11.694285714285714,10.742857142857144,242.1357142857143,0.0969195976266583,-20.697142857142858,11.26,61.19857142857143,-61.19857142857143,2.196902051505497e-07,30.5992831277289,52.99951902580857,30.599288427680655,52.99951596587999,-52.99951902580857,0.0,11441705.72647515,14963898.85270022,0.4058508984185753,0.41100646971818716,1.0996574465980156,1.404548247352406,1.606329218497772,3.9304514544547704,8818661.901058342,25.107724080930534,5.389712678378988,0.4336757368841449,-0.024223684151900918,16.09784909458873,0.6434574169465702,595142061.6978456,22.865725311036528,17633.21575848053,15060852.351965489,-9.165134113621407e-07,-5.180402570121074e-08,-15.981856355558907,22.87775768646261,131.15459340941973,131.16116023591712,95.8815640824058,68261.58150577589,77939262.12531355,1.1480068320138948,0.38078050421984544,1.3798394040499775,3.3261598257175296,0.3759420318603423,1.2011198859015788,3.2885090370791823,0.5635041754371435,5.389274799807208,-14.6,0.6648571428571428,0.687142857142857,0.7846428571428572,1.0699999999999998,0.7902857142857143,1.0942857142857143
12.8048,0.786,11.477142857142857,12.091428571428573,247.32142857142856,0.09587983220163701,-17.794285714285714,8.46,53.027142857142856,-53.027142857142856,1.9035646782098683e-07,26.513569187379936,45.92285409834469,26.51357377966522,45.92285144698754,-45.92285409834469,0.0,12418018.573392294,25549146.575264864,0.4035545926134945,0.4091147902490441,1.0738007419026543,1.372201654102089,1.5772356664063412,3.9210918377960735,9292665.916495875,19.24489012248434,8.094748657699936,0.4747649834298952,-0.0168159284102248,21.30264402537271,0.6166368977427172,678377145.4753121,30.890678968176267,28051.96496437713,25646132.35851298,-6.837991020173374e-07,-2.7886308410564686e-08,-14.516430368015921,30.90761087770711,135.87324351563078,135.87954896483572,88.87864004553751,69723.50982735449,78855830.86076072,1.2209647002441284,0.3789042609565808,1.3538303259031599,3.3190121464290145,0.3736819759232862,1.1726845625869518,3.2824158195156135,0.5728410796310138,5.368948441058998,-17.62857142857143,0.4385714285714286,0.322,0.8782142857142857,0.41400000000000003,0.964,1.3365714285714285
10.5648,0.9002857142857144,13.568571428571428,12.434285714285714,243.46428571428572,0.09664522618189893,-18.64,18.060000000000002,46.684285714285714,-46.684285714285714,1.675869234602772e-07,23.342140884032137,40.42977852527833,23.34214492700988,40.429776191064036,-40.42977852527833,0.0,12529327.912844623,16410446.040809842,0.4053746180315791,0.4106345199871195,1.092945170027805,1.3961618467295986,1.5988277193337002,3.928021516617779,9384552.665817857,16.49235827471069,7.026398405031871,0.3440341703427252,-0.009633711442987497,14.323743893130885,0.5982895321285204,640092071.9203537,26.045223579551227,19207.468669331563,16507461.310248014,-7.273249396469001e-07,-4.767159158357602e-08,-12.787727008084925,26.058537414644043,98.3148495464379,98.31617740016284,68.66748440517192,68636.12512535386,78178427.19176613,1.1678432501858595,0.38030247374567244,1.3731110420333443,3.324289945091055,0.3753668211569875,1.1937246468468283,3.286908010485702,0.5668396377487852,5.384091206491427,-0.6571428571428584,0.30142857142857143,0.18142857142857144,0.9417857142857142,0.486,0.8999999999999999,0.8839999999999999
13.264800000000001,1.066,11.088571428571429,10.30857142857143,247.87857142857143,0.09577095415430917,-23.53142857142857,9.5,47.14142857142857,-47.14142857142857,1.692279717024905e-07,23.57071229328243,40.825675863877706,23.5707163758499,40.82567350680627,-40.825675863877706,0.0,12668536.56306472,25800704.504174434,0.4033589811896325,0.40896433429985646,1.0710849272958023,1.368808566346417,1.574165149042454,3.9201364860177366,9364199.065356508,16.47453761202307,12.912051786168131,0.36609010127057695,-0.018570319340859072,22.493913138156945,0.4766747072895275,789277318.3395491,41.11368714279367,28325.32593004725,25897700.684085906,-6.384680512098629e-07,-2.75239371809179e-08,-19.31424081191136,41.13371985283039,125.32359461340116,125.3244110816477,82.32407171164672,69880.57650653236,78953399.27669646,1.226610429679373,0.37869904079124805,1.3510809845295233,3.3182672374695215,0.3734347795861233,1.1696970570451175,3.2817836562761977,0.5722730094882363,5.366720207909266,-15.742857142857144,0.19857142857142857,0.49857142857142855,0.7596428571428572,0.4019999999999999,1.22,0.8748571428571428
10.7448,1.0271428571428571,11.877142857142857,13.028571428571428,247.70714285714286,0.09580399052458782,-17.862857142857145,15.66,45.82714285714286,-45.82714285714286,1.6450995800612724e-07,22.91356949168784,39.6874710154045,22.913573460434833,39.68746872404735,-39.6874710154045,0.0,11464093.784553643,14535852.385718029,0.4035130324695308,0.4091062194302385,1.0719195885663118,1.3698677375558082,1.575122732486303,3.9204587950279084,8869952.283148114,15.479477584034486,11.384293550322111,0.32000897915702364,-0.012202910086895587,15.078525334968948,0.40876127108032606,739843231.0289252,34.73466138425456,17397.28957255814,14632872.453878172,-6.89993818218497e-07,-4.1104981805533e-08,-12.6761654025264,34.74936864988561,92.16347021622437,92.16481239585676,61.803768419250765,69832.24829755456,78924024.2368189,1.2248785825802344,0.378758434418273,1.3519225286340044,3.318492310835166,0.3735072996206555,1.1706131622922207,3.281974554640543,0.5724462993934776,5.367349163376396,-1.057142857142857,0.35457142857142854,0.6957142857142857,0.9425,0.8739999999999999,1.2954285714285714,1.4051428571428572
7.5648,1.0751428571428572,13.762857142857143,11.954285714285714,242.35000000000002,0.09687499001383996,-21.222857142857144,17.54,45.027142857142856,-45.027142857142856,1.6163812358225395e-07,22.51356952549983,38.994650672855585,22.51357342496479,38.99464842149843,-38.994650672855585,0.0,11960876.986405885,13318300.698066423,0.4058634309642843,0.41103730854477044,1.098572933677974,1.4032060698774833,1.6051317885324334,3.930083600880245,9170149.829117306,16.288206363901374,7.5152433984990665,0.36742115465059233,-0.009343811198612733,12.268949483697382,0.7001065397880462,700338474.1860154,26.026524818499674,16191.271918641987,13415316.782508299,-7.833655913863982e-07,-5.986213094932473e-08,-14.261430448045195,26.039576650216652,90.72620331798863,90.7281222159038,67.73130438052216,68321.99176699815,77978023.01653674,1.1511885814634395,0.38070343661939754,1.3787513645332696,3.3258563596747623,0.3758493435889636,1.1999219143393685,3.2882488060675095,0.5640233995955237,5.388438619490848,-8.657142857142857,0.5551428571428572,0.154,0.8032142857142857,0.35,0.9342857142857142,1.4942857142857142
11.1848,1.1071428571428572,10.722857142857142,9.394285714285715,248.99285714285716,0.09555958833916207,-17.154285714285713,7.54,50.79857142857143,-50.79857142857143,1.8235635764019697e-07,25.399283567284765,43.99285457267273,25.3992879665701,43.992852032744146,-43.99285457267273,0.0,10931348.421892857,18097137.712465726,0.4028819202059653,0.408577194583454,1.065687540014878,1.362054613866245,1.5680444118524035,3.918239314840512,8625444.005736392,17.321553565410813,11.651770331203458,0.44139767577247613,-0.02024160069310428,20.328350596124814,0.5074773237301695,767953631.7419593,36.42383534238242,20809.719979004913,18194133.31130265,-6.237098290612497e-07,-2.999622146898591e-08,-13.942894795810874,36.4427851469023,111.14076341304865,111.14656847139419,71.77188244004779,70194.7098648881,79143006.50679816,1.237927715050294,0.3783008514236474,1.3456159739185694,3.316802888738738,0.3729515701742738,1.163766738404439,3.2805436757731767,0.5711618680553905,5.362453731666334,-8.085714285714285,0.49857142857142855,0.40942857142857136,0.9667857142857142,1.134,1.4737142857142858,1.2017142857142855
11.244800000000001,0.7951428571428572,14.254285714285714,13.462857142857143,238.70714285714288,0.09764792545236534,-21.725714285714286,20.94,54.51285714285714,-54.51285714285714,1.956898746081801e-07,27.256426267443384,47.209520448792674,27.256430988395298,47.20951772314981,-47.209520448792674,0.0,14774246.350704582,23078160.78586245,0.40751581379559665,0.41241661491382103,1.1173340534164167,1.4266642082034275,1.6260323357586048,3.9371336684860867,10321553.10199982,21.44528534629801,5.315210654962435,0.5632047446029532,-0.012422959097871555,15.752859448626497,0.9229964755931219,622524658.7740912,21.543106311601353,25605.87062347123,23175137.972462922,-8.539112203113233e-07,-5.313646446164461e-08,-15.128767228529462,21.553058722488277,139.50250660447804,139.50906559025435,102.07126473027976,67295.01732621981,77307263.23931886,1.0883935880782956,0.3821175826384437,1.3974863957167176,3.3312173299448617,0.3775211067895185,1.220595918816181,3.2928662715381036,0.548292732324405,5.404273251860805,-11.914285714285715,0.18142857142857144,0.6237142857142857,0.8703571428571428,1.4420000000000002,1.2519999999999998,1.4737142857142858
8.6448,0.9802857142857143,13.842857142857143,12.32,240.59285714285716,0.09724458013682813,-18.411428571428573,9.78,44.91285714285714,-44.91285714285714,1.612278615217006e-07,22.456426673187256,38.89567633820574,22.456430562754782,38.89567409256288,-38.89567633820574,0.0,10575373.785347782,13230381.545277106,0.4067410638907515,0.41178237338297113,1.1075421680730788,1.414453889002561,1.6151602354765668,3.933434662286607,8616121.877588458,16.408893637350626,7.555032283338823,0.4222659223386745,-0.00885938049031158,12.484717028098638,0.773272435620837,733888595.901842,24.839182490105387,16112.692306373698,13327401.37826582,-7.53063516732169e-07,-4.7138849294255875e-08,-13.904178373183596,24.850657994181972,88.98067798708567,88.98248327714794,64.2814639681525,67826.62762497565,77657296.65184353,1.1252302305025612,0.38134805893671264,1.3877181610459155,3.3283792386640463,0.3766208475095687,1.2098112864069288,3.290416837086869,0.5596193306084187,5.395494210513665,-5.857142857142858,0.24485714285714286,0.13857142857142857,0.7539285714285714,0.42999999999999994,1.2085714285714286,1.306857142857143
11.584800000000001,0.7642857142857142,11.534285714285714,11.977142857142857,243.80714285714285,0.09657538470648203,-20.925714285714285,12.3,61.370000000000005,-61.370000000000005,2.2030559824137973e-07,30.684997406197763,53.147980527783346,30.68500272099567,53.14797745928333,-53.147980527783346,0.0,13228824.092818622,23979388.3131071,0.40506367100862267,0.41034744436456677,1.091218424589216,1.3939778259610047,1.5968670673192127,3.927347500623216,9564339.5809903,24.931215029214545,5.379967777670046,0.39527157627779147,-0.023628719911949533,20.292855848707937,0.5397398278803922,542785982.6156933,26.295817540925167,26429.83736246616,24076341.28695666,-9.067053583280362e-07,-3.954561477786599e-08,-16.540155867362973,26.30819546803894,159.78134143047575,159.7881919119413,115.60135109523978,68732.7815433095,78239598.41993865,1.1729977057958116,0.3801790993840563,1.3713814180118882,3.3238119005230113,0.37521823998052417,1.1918287023600203,3.286499665584344,0.5677061815536831,5.382755085054495,-10.771428571428572,0.5037142857142857,0.5877142857142856,0.9096428571428572,0.6019999999999999,1.2268571428571429,0.8931428571428571
12.3848,0.7562857142857142,12.231428571428571,8.64,245.00714285714284,0.09633462270284027,-16.902857142857144,9.74,54.05571428571429,-54.05571428571429,1.940488263659668e-07,27.027854858193095,46.8136231101933,27.027859539555276,46.813620407407576,-46.8136231101933,0.0,12317231.549519498,23949568.669952337,0.40459678760811096,0.4099745913462248,1.0852124893172137,1.3864827372441226,1.590120290960561,3.9251823891461983,9259155.324637624,20.06689770983134,6.713851730864881,0.46460402921583316,-0.017587565559231036,21.087763655532,0.6659209457574911,648023435.8435289,26.88649342002133,26485.13280940239,24046553.318035513,-7.04592092866395e-07,-3.052952295004955e-08,-13.571057700552277,26.900751216853475,133.70025779081817,133.70649195240733,90.18939945176535,69071.07900615412,78452352.63569848,1.191144212370571,0.37973510730978616,1.3653380222462268,3.322141312772834,0.37468621715022293,1.1852274908454556,3.2850756828918892,0.5707210002408246,5.377900989350403,-11.4,0.4402857142857143,0.6134285714285713,0.8339285714285715,1.27,1.4462857142857142,0.9434285714285714
7.8648,1.0065714285714287,12.22,9.325714285714286,242.60714285714283,0.0968215241457687,-23.28,19.259999999999998,55.027142857142856,-55.027142857142856,1.9753605388067006e-07,27.513569102849964,47.65490495471697,27.513573868340327,47.65490220335982,-47.65490495471697,0.0,12284048.23809932,13478895.90322696,0.4056495554748362,0.4108415516974355,1.097268266606054,1.4015577441489002,1.603657716994245,3.9295766738021416,9181604.462878387,21.325405657357383,6.032820221059992,0.353270185474749,-0.019248113997965884,14.706273607463231,0.6132936747163868,599588446.1124165,24.650118367091483,16230.873167845979,13575866.95213402,-8.771586692651547e-07,-6.553388347429411e-08,-16.050844929923322,24.66357525653501,113.75654012970458,113.76312840225924,86.45659430474039,68394.48408046486,78024538.95449594,1.155018624281431,0.38061090657886776,1.377447153783916,3.3254931325725865,0.3757380414889611,1.198486944859405,3.2879375193844296,0.5646732995941314,5.387434683159024,-17.857142857142858,0.4334285714285714,0.2945714285714286,0.8246428571428571,1.006,0.7171428571428571,0.7697142857142857
7.424799999999999,1.024857142857143,13.911428571428571,9.76,236.90714285714284,0.098045598343489,-20.217142857142857,13.74,60.34142857142857,-60.34142857142857,2.1661323969639979e-07,30.170711735384604,52.25721151593474,30.17071696110561,52.2572084988633,-52.25721151593474,0.0,11919415.47619032,14343545.340191074,0.4083507667936955,0.4131198707832172,1.1268353691148134,1.438505409952378,1.6365560248890352,3.94075669166181,9124094.858170886,25.05143585340718,8.00889475145855,1.0241306807458193,-0.01812019714572379,13.425902195440095,1.5658121409950927,1012855203.0863227,18.237571119147002,17031.826974228436,14440503.465093855,-9.89907933022277e-07,-6.822997783168918e-08,-14.680312238075068,18.24639860224727,129.06193320792428,129.06882779898163,101.94969081136705,66787.57113195285,76966925.39909378,1.049079302964904,0.3828005056481277,1.4069250845835908,3.333951939623347,0.37832885487608947,1.231037733817696,3.295225224075274,0.5339893171579277,5.4118816476346945,-1.4000000000000021,0.2945714285714286,0.48142857142857143,0.8532142857142857,1.338,1.4257142857142857,0.7605714285714286
10.9848,0.994,13.64857142857143,8.342857142857142,237.93571428571428,0.09781691135093729,-21.2,17.7,42.34142857142857,-42.34142857142857,1.5199696515925076e-07,21.170712496154366,36.66875380858424,21.170716163029645,36.66875169151281,-36.66875380858424,0.0,12569371.343371917,17768769.11432788,0.4081214232788444,0.4129692605776196,1.1213973748069117,1.431761548165304,1.6305729712806365,3.938740058734216,9399944.220094176,15.159195814835957,9.406053609648474,0.28795213944950276,-0.00976187897835777,15.783264414385181,0.5563458760874489,719923237.6483805,30.05115678189142,20561.988307394222,17865798.909897204,-6.087778222359196e-07,-4.201280807802504e-08,-15.244089957540718,30.061798347008228,93.7037015768962,93.70481100593672,64.22669522504883,67077.54038581965,77162185.34897715,1.0714493182852978,0.38241037991376425,1.4015219901577338,3.3323824709264986,0.37786756179944425,1.225052927457778,3.2938698586931414,0.5421840107510412,5.407533395707227,-2.828571428571429,0.5568571428571428,0.178,0.8446428571428571,0.598,1.2428571428571429,1.1102857142857143
8.3848,0.7414285714285714,14.219999999999999,9.417142857142856,243.1642857142857,0.09670667878544824,-22.96,15.02,48.57,-48.57,1.7435624745940709e-07,24.28499794718959,42.06285504700076,24.28500215347498,42.062852618500756,-42.06285504700076,0.0,12173710.880632348,15871054.59317075,0.4054212952815276,0.41065657236048947,1.094454339719587,1.3980377852279864,1.6005080000544587,3.9285495118580216,9268189.58790271,18.199662807949284,5.955098952000194,0.4918510469255153,-0.011442812532866846,13.593802306812684,0.8874005391610803,679838753.7205149,22.652426700561417,18626.251482875286,15968048.944021957,-8.229390241582905e-07,-5.795516904404626e-08,-16.714499483497164,22.66494797144546,106.88337345885641,106.88510532424391,81.70304908155148,68551.55075964273,78124702.69020528,1.1633445254447683,0.3804104343175233,1.3746267220581307,3.3247097506803875,0.37549679398012037,1.1953877905592527,3.287266932428365,0.5660814227326758,5.385261042382677,-2.37142857142857,0.11800000000000001,0.5808571428571428,0.7760714285714285,0.7979999999999999,1.4714285714285715,0.7811428571428571
11.604800000000001,0.9882857142857143,14.082857142857144,12.137142857142857,238.10714285714286,0.09777917535436435,-19.782857142857143,18.259999999999998,52.97,-52.97,1.9015133679071017e-07,26.48499776122365,45.873366931019774,26.485002348560215,45.873364282519766,-45.873366931019774,0.0,13816869.565025313,21595159.367366772,0.40783348642342115,0.4126908120716281,1.120489109673958,1.4306004650091062,1.629537896282522,3.9383411489283446,9911842.31877296,20.238173497219556,5.436461822177146,0.5211844084515298,-0.01213837828336517,16.026106666513492,0.809612871098126,643924267.8425707,21.952988176505034,24181.339334033448,21692145.457847293,-8.008885410244109e-07,-4.8083943498478235e-08,-14.090205975692422,21.96313442764105,127.27257399748709,127.27879713456704,90.28538247228303,67125.86859479747,77194523.56123726,1.0752024659158053,0.38234533343580757,1.40062393213833,3.3321226688605665,0.3777906137750956,1.224060187743984,3.293645900443541,0.5435400787236487,5.40680891617385,-12.771428571428572,0.4848571428571429,0.5928571428571429,0.9489285714285715,0.7819999999999999,1.0531428571428572,0.7262857142857142
10.1448,1.0294285714285716,14.471428571428572,6.994285714285715,235.45000000000002,0.0983622751417117,-16.857142857142858,7.26,56.684285714285714,-56.684285714285714,2.034848537586933e-07,28.34214046138227,49.090032807139714,28.342145370385413,49.09002997292542,-49.090032807139714,0.0,11394841.917173875,18325592.228628315,0.4091009405348123,0.4137654094484798,1.1346133752032816,1.4482183460725473,1.6451426308032133,3.943775597829719,8948612.622513402,22.722182244402546,6.998979094006525,0.924391589799237,-0.015273628787075387,15.866495696614047,1.4128434478373249,902406903.5609279,18.470719690196027,20956.563261120198,18422566.472980756,-7.85891596810213e-07,-4.226260864488818e-08,-13.59656782897447,18.478880540028815,128.0247105359685,128.03096269923094,91.87649580489342,66376.78135564148,76687933.04482298,1.0178231393429769,0.3833523765589093,1.4146225840711892,3.336206733748932,0.378980818469092,1.2395990351104391,3.297179582977313,0.5225084964817879,5.418041170256249,-18.485714285714288,0.3562857142857143,0.15914285714285714,0.8267857142857142,1.274,1.2977142857142856,1.3777142857142857
9.0848,0.9677142857142857,12.528571428571428,12.457142857142857,239.09285714285713,0.09756424211743159,-18.57142857142857,14.219999999999999,59.65571428571428,-59.65571428571428,2.141516673330798e-07,29.827854621509164,51.66336550803567,29.827859787845572,51.663362525249944,-51.66336550803567,0.0,12057307.512279054,15627939.841731519,0.40734405721124817,0.41227341543976,1.1153130536592062,1.42414910015873,1.6237892939409686,3.9363743971151393,9113936.686576063,24.149332323478987,5.526409591656275,0.5929143146738274,-0.018540743027423364,15.039323416680917,0.8943994504793239,630991714.1099247,21.400671817399843,18303.45310562145,15724903.798309231,-9.027591032143203e-07,-5.3749607559535114e-08,-13.556386913632807,21.411411190777855,128.5045605912849,128.51093295906963,93.95146473159024,67403.75579641982,77379361.17885473,1.0969189186822097,0.38197109735510437,1.3954739633469155,3.3306385425927516,0.3773477019464396,1.2183774758523394,3.292368549849235,0.5513531677459138,5.402643198716104,-14.485714285714286,0.3631428571428572,0.19171428571428573,0.7896428571428571,0.7059999999999998,0.8222857142857143,1.4234285714285715
7.6048,1.016857142857143,13.431428571428572,13.92,236.39285714285717,0.09815595812979154,-23.85142857142857,11.5,51.48428571428572,-51.48428571428572,1.8481793000351695e-07,25.742140681160205,44.5867005805718,25.74214513983014,44.58669800635751,-44.5867005805718,0.0,11869782.049117066,16224638.08322708,0.4086409837470382,0.41337347739480357,1.1295724671953247,1.4419264654300932,1.639585655345153,3.941823929009726,9114105.201599687,20.6322228889976,6.0247069248523495,0.5032610581169903,-0.01256004554033476,13.094699716228936,0.9335858037188385,706930747.2603987,22.41768210243983,18920.226231553526,16321616.90465956,-8.793315799346571e-07,-5.484714694225939e-08,-18.10466959703742,22.428017103793106,117.54239846295377,117.54886890129593,88.33466637011294,66642.58650501943,76869298.5833246,1.0379863539756886,0.38299541301861906,1.4096361656401635,3.3347435500849483,0.3785591829847922,1.2340482333741425,3.295910369677631,0.5298974949540476,5.414056485104613,-8.828571428571427,0.22428571428571428,0.24142857142857144,0.7989285714285714,0.32999999999999996,1.1902857142857144,1.0074285714285713
6.7448,0.7974285714285714,13.122857142857143,9.302857142857142,244.27857142857144,0.0964811412002556,-23.76,15.3,43.31285714285714,-43.31285714285714,1.5548419267395402e-07,21.656426740811234,37.51003565310791,21.656430491814696,37.51003348746505,-37.51003565310791,0.0,11090087.281503037,11782210.088659251,0.4049927805334972,0.4103152503977192,1.088851614412864,1.391044191433422,1.5942258968161107,3.9265250050129334,8775579.411571242,15.735914370364085,9.111417277642857,0.28067568383339725,-0.011161642683039439,12.42765198569635,0.5508357011727922,707829076.1072491,29.724182034121476,14696.575374899498,11879226.594693301,-7.724485730387191e-07,-6.018433689595852e-08,-16.745207440552495,29.737976353757702,84.84304816126937,84.84545383437658,64.70978963832381,68865.68411799848,78323332.54273222,1.1801061368422139,0.379997194878235,1.3689957472870957,3.323145574977177,0.37500220166453335,1.1892244988465173,3.285931208551306,0.5688799262469144,5.380734863369914,-10.314285714285713,0.382,0.526,0.9160714285714285,0.31799999999999995,0.8839999999999999,1.338857142857143
8.9648,0.7162857142857143,10.848571428571429,12.64,240.89285714285717,0.09718056735639065,-19.165714285714287,16.66,61.31285714285714,-61.31285714285714,2.2010046721110305e-07,30.656425980041472,53.09849336045841,30.656431289890662,53.09849029481555,-53.09849336045841,0.0,11915840.215484431,14411524.460719688,0.406449524641592,0.41151117707981333,1.106001637767489,1.4124995424960733,1.6134216595242616,3.9328198165453854,8978457.296925645,24.648893159072156,6.2214687882499256,0.3696159781373524,-0.023929720444163378,16.211411327008186,0.4891230170054419,584380774.2766464,25.75643133062894,17106.09042109622,14508483.183393352,-8.899895762386527e-07,-5.302143822954753e-08,-13.6483719383,25.769750328838448,127.49936790321584,127.50566339155765,90.94719436859697,67911.2019906868,77712447.14201145,1.1296366358874295,0.38124010241199285,1.3861841404486441,3.3279470260952637,0.3764912248109037,1.2081141317016353,3.290044603738977,0.5603775960788783,5.394319729655187,-8.371428571428572,0.6922857142857142,0.20542857142857143,0.8875,0.574,1.050857142857143,1.332
8.5448,0.7962857142857143,12.54,7.154285714285715,240.3357142857143,0.09729944249456882,-21.085714285714285,16.299999999999997,56.34142857142857,-56.34142857142857,2.0225406757703332e-07,28.170711904444552,48.793109803190184,28.170716783755395,48.79310698611875,-48.793109803190184,0.0,11956880.627142932,14554204.801880695,0.4067113686594259,0.41173082415254325,1.1088593686383774,1.4160843594480126,1.6166062195074915,3.9338870494440012,9071502.43426129,22.165286062997698,5.82646640020058,0.4652941757045736,-0.020191405086840593,15.878203042472164,0.7544623246789212,631672830.1423516,22.756802116900655,17274.220640191947,14651174.923367953,-8.19066857165419e-07,-5.6915114733527025e-08,-15.312864795262527,22.768604796873028,118.22849391795718,118.23490932168,87.81657048056182,67754.13531150893,77610089.92242123,1.1214617356017895,0.38144056977570245,1.3890346611046107,3.328750846067808,0.37673189863101325,1.2112691645672529,3.290737144894865,0.5589669729872102,5.396501134253957,-9.571428571428571,0.3494285714285714,0.6014285714285714,0.8467857142857143,0.53,1.3342857142857143,1.1468571428571428
10.7848,1.0785714285714287,14.071428571428571,6.491428571428571,237.59285714285716,0.09789269235934119,-23.805714285714284,10.26,42.22714285714286,-42.22714285714286,1.5158670309869744e-07,21.113569643841796,36.569779473934396,21.113573300819642,36.56977736257725,-36.569779473934396,0.0,11741963.508076254,18798921.742274,0.4082436197937799,0.4130657663351676,1.1232065907274298,1.434011091568634,1.632571395059833,3.939419015964131,9081098.309688209,15.868662733841678,7.8902578727037245,0.2891619895718932,-0.009901833316962167,15.846060023307237,0.684075799443722,700417090.9513342,27.30632696568709,21538.481302460557,18895940.797582045,-6.370123949374364e-07,-3.961500112465505e-08,-18.841436316365776,27.317149258504138,98.77987148986195,98.7810505204393,70.01751318067069,66980.88396786407,77097345.50470439,1.0639643333113924,0.382540438580379,1.4033201588437894,3.3329035699332215,0.3780213931718721,1.2270425329929273,3.2943194332979826,0.539474945523856,5.408982383171914,-18.6,0.3957142857142857,0.6391428571428571,0.8546428571428571,0.59,1.274857142857143,0.7285714285714285
10.764800000000001,1.0865714285714287,10.905714285714286,11.291428571428572,246.7214285714286,0.09599701393173121,-20.537142857142857,18.5,48.455714285714286,-48.455714285714286,1.7394598539885377e-07,24.227855094877018,41.96388071235092,24.227859291264974,41.963878289565194,-41.96388071235092,0.0,11965965.364404066,15213446.420480797,0.4039021553803229,0.4094158891966289,1.0767324442616273,1.3758922890612526,1.5805618491796551,3.9221605035071536,9004271.124459885,16.122913100872427,13.811284932232835,0.32129491155109885,-0.01833828813173912,17.11466697425467,0.4157264327189663,810990584.9064276,40.004629652138185,18011.600442492043,15310449.099270564,-7.048872805972994e-07,-4.307346573356149e-08,-14.537271023159438,40.0207460463125,100.70829410329813,100.70962319957353,67.90866759994586,69554.36109593218,78752091.8226925,1.2149343021013792,0.37911203261082904,1.3567861069755154,3.3198065242209616,0.37393549211136107,1.1759105101608085,3.283091061775108,0.5734931218717234,5.37115076188648,-8.885714285714286,0.694,0.16085714285714287,0.8739285714285714,0.582,1.3091428571428572,1.4874285714285715
9.0648,1.018,10.597142857142858,13.874285714285715,238.83571428571432,0.09761997045921086,-19.805714285714288,14.66,59.25571428571429,-59.25571428571429,2.1271575012114318e-07,29.627854638415165,51.31695533676122,29.627859770110554,51.3169523739755,-51.31695533676122,0.0,11713239.470737174,14642483.534089062,0.4074982787796832,0.4124092520619563,1.1166605448925557,1.4258326755337603,1.625291683518423,3.9368945869442515,8887388.032571195,23.68977396449323,7.111287678600187,0.3424672248363171,-0.021904525081008912,15.957373606134556,0.46422819668001936,593107645.1911621,27.807684731723604,17338.460279488052,14739446.272381514,-8.623642920074961e-07,-5.000868347098149e-08,-14.48597295105282,27.82101521892791,125.09964905751039,125.1058149891351,86.95055465093306,67331.26348295315,77331329.19062214,1.0912314864128685,0.3820687539037345,1.3968151913169433,3.331024117621926,0.3774633114484029,1.2198556838531742,3.292700057443865,0.5493124348971322,5.403729793611556,-9.514285714285716,0.25857142857142856,0.13342857142857142,0.8596428571428572,1.33,0.7742857142857142,0.7034285714285714
13.3248,0.9025714285714286,13.442857142857143,13.234285714285715,248.95000000000002,0.09556771881384,-23.165714285714287,13.38,52.79857142857143,-52.79857142857143,1.8953594369988018e-07,26.39928348275479,45.72490542904501,26.399288055245208,45.72490278911643,-45.72490542904501,0.0,14501137.944883363,29953006.011743218,0.40274181412231397,0.40843076734837747,1.0658909238447856,1.3622851975817192,1.5682526773119865,3.9182669455655863,10215007.700166985,20.069824074124863,4.9780224545705565,0.33409902419824766,-0.013421393337825743,19.221464296348422,0.5764957997599144,568611052.6439064,24.295791837204185,32326.420993000862,30049982.45999935,-7.169990660406812e-07,-3.535443237703165e-08,-18.258602210384737,24.309251722020775,151.04409279197785,151.05096769060157,100.89461239719809,70182.62781264365,79135732.87069352,1.2374920517601944,0.37831569234575063,1.3458251906916923,3.316858423065844,0.37296971619070696,1.163993641062594,3.2805906271798437,0.5712044395201228,5.362610535960459,-4.371428571428574,0.3768571428571429,0.41114285714285714,0.8196428571428571,0.8059999999999998,1.1674285714285715,1.0645714285714285
9.6648,0.9368571428571429,14.368571428571428,6.765714285714286,239.95000000000002,0.09737962948919385,-16.925714285714285,10.540000000000001,59.14142857142857,-59.14142857142857,2.1230548806058982e-07,29.57071178610259,51.21798100211137,29.570716907900547,51.217978045039935,-51.21798100211137,0.0,11831727.006591711,17640201.619675957,0.4069356969583838,0.4119282353721017,1.1108417608093932,1.4185793578657888,1.6188127101316858,3.9346871737420965,9122287.625910107,23.75699469627484,8.412251932111774,1.033238997840446,-0.016976707909411685,15.710420715127757,1.6183373860397532,1051570854.060394,18.01835705527949,20277.17809037224,17737169.114715107,-8.267116218229793e-07,-4.841774020098343e-08,-13.082207783781056,18.027253136247534,132.0980271178646,132.10441529471626,96.64291983085721,67645.39684130889,77538927.3472868,1.1158241247188856,0.38164592975963824,1.3910161812072979,3.329362053107827,0.3769624539611861,1.213471850312366,3.2912725483454417,0.5579886254513154,5.3990297712254245,-14.2,0.4145714285714286,0.3425714285714285,0.8925000000000001,0.6819999999999999,1.4302857142857142,0.9228571428571428
7.7448,0.9631428571428572,11.968571428571428,12.411428571428571,241.15000000000003,0.09712599993107057,-16.560000000000002,9.54,56.855714285714285,-56.855714285714285,2.041002468495233e-07,28.427854739851128,49.238494309114486,28.427859663700424,49.23849146632876,-49.238494309114486,0.0,10178752.96708514,11085861.993077766,0.4063741338430088,0.4114560774216804,1.104687146150109,1.4108582580581244,1.6119622532299722,3.9323443684556896,8340279.168550113,22.158541668324464,6.436668935524834,0.5307619577475025,-0.017605290641909497,13.34680295740678,0.8039576874655278,683861731.0160847,22.529872597141818,13905.367938896135,11182837.380446501,-8.613977755722404e-07,-5.358040729131253e-08,-12.427894875522263,22.542109262447514,105.33838244532225,105.34468357887371,75.73732847944456,67983.69430415353,77759538.45739512,1.1334221930856836,0.3811475791684193,1.3848710077641346,3.3275777460780223,0.3763800979503663,1.2066626488432086,3.2897268250434646,0.5610240285635941,5.3933136867581295,-16.6,0.274,0.3082857142857143,0.7967857142857143,1.15,0.7262857142857142,1.1857142857142857
8.864799999999999,0.794,13.694285714285714,6.285714285714286,245.99285714285713,0.0961392390062919,-18.525714285714287,14.940000000000001,56.91285714285714,-56.91285714285714,2.0430537787979996e-07,28.456426166007414,49.287981476439406,28.456431094805428,49.28797863079654,-49.287981476439406,0.0,11917332.760676183,15312947.125432104,0.40408434239537794,0.40953820872033714,1.0803176065640265,1.3803577212421738,1.5845927928510462,3.923408231824717,9126998.878184173,21.956128388592408,5.767108384866685,0.7284650551110148,-0.017388974031198153,15.278123393297351,1.1066349892322571,726454987.5810009,19.827945325248127,18030.953465306826,15409920.414814845,-8.245784085528833e-07,-5.5809312318492846e-08,-13.498173086950436,19.839962903037154,120.14289519725342,120.149324884402,89.53751950315092,69348.96620777651,78625260.95148814,1.2061948999165408,0.37938020803501127,1.3604088242111572,3.3207952310749937,0.3742580374527507,1.179855992105298,3.283931657019217,0.5732943932094946,5.374067618862332,-6.885714285714286,0.2277142857142857,0.11285714285714286,0.9089285714285714,0.5379999999999999,1.3594285714285714,1.3091428571428572
11.904800000000002,0.9151428571428573,14.14,7.702857142857143,238.27857142857144,0.09774154343374276,-16.81142857142857,12.94,45.77,-45.77,1.6430482697585058e-07,22.884998065531555,39.63798384807958,22.885002029329833,39.63798155957957,-39.63798384807958,0.0,11877288.452366514,18880985.263288353,0.40794552350528046,0.4128181956919841,1.1195904915592827,1.4295079825354233,1.6285678845179168,3.9380473389765815,9147653.351003688,16.38477477422373,7.0306479529128465,0.41498494012607706,-0.009714412314996246,16.390568291059125,0.6931657703844692,674102640.5789809,24.537731995047864,21626.321146634506,18978006.898162458,-6.140954872730091e-07,-3.624448799974634e-08,-12.666818027864688,24.548131733832264,100.21092692228618,100.21195773622888,66.22284774355462,67174.19680377527,77226806.1732548,1.0789625762054533,0.3822802731846422,1.3997266187740036,3.3318633756948652,0.3777136368459286,1.2230687000167488,3.2934224665960263,0.5448969680891591,5.406084390288338,-13.914285714285715,0.6974285714285714,0.42828571428571427,0.7553571428571428,0.61,1.4165714285714286,0.7331428571428571
12.2248,0.9620000000000001,13.145714285714286,13.371428571428572,249.63571428571427,0.09543822402129859,-17.634285714285713,13.46,49.027142857142856,-49.027142857142856,1.759972957016204e-07,24.513569356439884,42.458752385600135,24.513573602315002,42.45874993424299,-42.458752385600135,0.0,12266197.938577348,19549230.756144363,0.4025224783217678,0.40826865224522485,1.0625938583842132,1.3581709180602328,1.5645189110807642,3.9171400984651967,9263691.416703373,17.430443550832553,6.610100652608875,0.3792950181419638,-0.010763079200004733,16.036474145012736,0.5740197529758954,645403788.6600513,25.92663247465391,22251.459086775554,19646235.630087495,-7.269227812722799e-07,-3.824905249199518e-08,-13.188563724434143,25.942503769950328,110.99221274669665,110.99326065193641,74.67046799299735,70375.94064855488,79251775.50613,1.244473834691592,0.37807813106297405,1.3424829878162936,3.3159729652846797,0.37267916499094045,1.1603722086660333,3.2798425811658594,0.5705267302270302,5.3601013434004265,-6.200000000000001,0.526,0.5037142857142857,0.9689285714285714,0.494,1.2862857142857143,0.8017142857142857
8.0848,0.9437142857142857,12.048571428571428,7.062857142857142,244.75000000000003,0.09638619908844938,-21.908571428571427,20.259999999999998,55.255714285714284,-55.255714285714284,1.9835657800177672e-07,27.627854807475106,47.85285362401666,27.627859592760338,47.85285086123094,-47.85285362401666,0.0,12157055.088431705,13164152.362510014,0.4046710975878715,0.4100283245393061,1.08649348770033,1.388079276952492,1.5915579400974944,3.9256402884717265,9129601.260910485,21.046572405269572,6.3219554499679305,0.3648325339418398,-0.020861621561883086,15.665479826113152,0.605862937087619,612661267.304621,25.070630908471607,15934.196731718926,13261126.193009043,-8.153310591072133e-07,-6.326342623145448e-08,-14.967448977682002,25.085146074121692,111.22876070484237,111.23522162393508,83.18195417272345,68998.58669268743,78406882.20657833,1.1872433483405949,0.37982757397149447,1.3666274589474843,3.32249477440384,0.37479773547841905,1.186635546498689,3.2853766082253433,0.570070979230663,5.3789004570365995,-0.8857142857142861,0.14714285714285713,0.2877142857142857,0.8046428571428571,1.342,1.0005714285714284,1.2794285714285714
9.264800000000001,0.7437142857142857,11.945714285714285,6.651428571428571,241.53571428571428,0.09704434445230428,-18.365714285714287,12.9,57.54142857142857,-57.54142857142857,2.0656181921284326e-07,28.770711853726567,49.832340317013546,28.77071683696046,49.83233743994211,-49.832340317013546,0.0,11237169.077800628,14519018.74636455,0.4061909530136153,0.4113021269668899,1.1027183750665999,1.408388405131265,1.6097627006217645,3.931607964378525,8748400.097449837,22.307521935152714,6.0280706285894095,0.42288862658068216,-0.022621409216201212,17.209979204489944,0.6220195465094691,626749249.7188944,23.56905899043047,17242.862193472334,14615989.34871614,-7.827057032400505e-07,-4.7497552186984133e-08,-13.908626037151077,23.581202242101337,116.29617643339127,116.30234611361472,82.00953610304482,68092.43277435355,77830122.75878476,1.1391150896484703,0.38100877453828585,1.3829041972514924,3.3270258157355617,0.3762133323819737,1.20449087715002,3.2892523106779334,0.5619989993814922,5.391805005405276,-13.057142857142857,0.6237142857142857,0.6288571428571428,0.9975,1.0819999999999999,1.0074285714285713,0.7125714285714285
12.0448,0.9082857142857144,10.688571428571429,10.17142857142857,238.66428571428574,0.0976572572832907,-19.325714285714284,14.700000000000001,41.712857142857146,-41.712857142857146,1.4974052382620748e-07,20.856426808435216,36.1243949680101,20.856430420874613,36.12439288236724,-36.1243949680101,0.0,11632187.5876533,18230259.92893199,0.40799148689597814,0.4128956710875602,1.1175687140739976,1.4270204682960814,1.6263546238727615,3.937335178655087,8914957.118380932,8.729985105306609,50.517766653509355,0.4824767157159418,-0.11971984874219824,19.844597345956092,0.5729715936479733,1895632322.881577,76.37496972039008,21031.222767083724,18327296.581591427,-5.460692787777737e-07,-2.8708977510791597e-08,-14.649793421184144,76.45041325546443,102.22168008060106,102.2561766621214,57.6161300951678,67282.93527397535,77299233.85439286,1.0874485685063606,0.38213384503945624,1.3977102022365384,3.331281782848954,0.37754035637665295,1.2208427974687266,3.2929217278635563,0.5479529304806983,5.404454217036628,-15.285714285714285,0.38542857142857145,0.6717142857142857,0.9046428571428571,0.8899999999999999,0.7011428571428571,0.8862857142857142
12.5248,0.9597142857142857,12.734285714285715,13.005714285714285,238.45000000000002,0.09770401658891158,-16.17142857142857,15.42,51.54142857142857,-51.54142857142857,1.8502306103379358e-07,25.770712107316488,44.63618774789671,25.770716570935136,44.63618517082528,-44.63618774789671,0.0,12522308.99594087,19960766.970887303,0.4077518429157525,0.4126354753297255,1.1186866402413669,1.4283661452112388,1.6275500292854137,3.937677231774515,9319485.235011118,19.10788495718943,6.8020915582390655,0.415072692523938,-0.012365457972383458,16.982879222636026,0.6301118780082668,639358614.8221637,25.68323184579275,22620.86676896301,20057765.919110466,-7.336453397973444e-07,-3.804721606076876e-08,-11.725116963232397,25.695269918620063,117.3332516034177,117.33908529690116,78.46148456491808,67222.52501275307,77259032.23552088,1.0827297343475208,0.3822151977338685,1.398829979585361,3.33160457256201,0.3776366355080407,1.22207860031532,3.2931995813355197,0.5462546705877608,5.405359818261882,-4.142857142857142,0.6888571428571428,0.6699999999999999,0.8882142857142857,0.286,1.3662857142857143,1.0668571428571427
9.2848,0.7985714285714286,13.751428571428571,11.52,239.0071428571429,0.09758279199081744,-20.65142857142857,20.46,53.99857142857143,-53.99857142857143,1.9384369533569012e-07,26.99928343203681,46.76413594286837,26.999288108450273,46.7641332429398,-46.76413594286837,0.0,13372140.085410599,17070245.096786216,0.40739089216616775,0.41231403975451975,1.115761964415978,1.4247088764416878,1.6242888762797272,3.9365452034661277,9717215.233874248,20.92275351324571,5.551830099053541,0.5765272286579186,-0.013495274279769652,14.446314531737334,0.9549899804192529,663815458.9715257,21.653708639581293,19755.66383350588,17167226.39166762,-8.555074328308981e-07,-5.988129861278204e-08,-13.912635698978983,21.66453975141116,120.67585102089157,120.6821579012439,90.01193462932987,67379.59169193095,77363364.80652241,1.0950213529410555,0.3820036584635062,1.3959208585408662,3.3307669474714685,0.377386249689316,1.2188698666753017,3.292478921318002,0.5506727279473093,5.4030054922744615,-9.971428571428572,0.6665714285714285,0.11800000000000001,0.9896428571428572,0.274,1.4645714285714286,0.74
9.0048,0.8854285714285715,12.025714285714287,10.719999999999999,238.6214285714286,0.09766659578444692,-19.82857142857143,11.18,41.65571428571429,-41.65571428571429,1.495353927959308e-07,20.82785538227893,36.074907800685175,20.82785898976961,36.074905717899455,-36.074907800685175,0.0,10144646.814303782,11371879.07891091,0.40790614441944,0.4128060632778316,1.1177912345655725,1.4272852255869828,1.6265899326528088,3.9374028228280316,8327120.168720862,14.41145734351494,16.09718746496108,0.25893376994146183,-0.014656906170651693,13.616803703922523,0.4854648342587553,912564522.5521014,39.243041185684675,14331.903880912681,11468912.606427567,-6.715953851301762e-07,-4.290075081601375e-08,-14.851449863527643,39.234816409268745,77.3666682330059,77.36841832683203,53.859126282728965,67270.8532217309,77291200.80717956,1.0865038745245315,0.38215011938651466,1.3979340875685882,3.331346284564092,0.3775596172478384,1.2210897985709281,3.292977234219997,0.5476131785795436,5.4046353682019,-8.200000000000001,0.17628571428571427,0.4214285714285714,0.9882142857142857,0.766,1.2405714285714287,0.9617142857142857
12.1848,1.09,12.242857142857144,10.422857142857143,247.6642857142857,0.09581228004799712,-19.50857142857143,12.5,56.79857142857143,-56.79857142857143,2.0389511581924662e-07,28.39928331369484,49.18900714178956,28.39928823259542,49.18900430186098,-49.18900714178956,0.0,13045823.97436169,23775902.74628751,0.4033420516326252,0.40892832035465865,1.0721236898873663,1.370094823224839,1.5753264558319369,3.92047629515683,9521404.239932451,21.76091981055769,5.577090079189837,0.3952875183252994,-0.01905494713556912,20.015205971099782,0.6045101190781123,578978408.5762178,24.930492978498027,26282.26233802919,23872873.09791102,-7.271970908287448e-07,-3.577846619657632e-08,-15.282057863405756,24.944575609883028,143.6815770032077,143.6880323438608,95.69789709410612,69820.16624531012,78916658.72882992,1.2244457903234078,0.37877327972532293,1.35213298510904,3.318548635861254,0.3735254248720871,1.1708423708299849,3.2820223460301072,0.5724896754860487,5.36750639551815,-11.971428571428572,0.47285714285714286,0.2157142857142857,0.8210714285714286,1.046,1.4005714285714286,1.0005714285714284
12.864799999999999,1.0042857142857144,12.780000000000001,12.845714285714285,236.1357142857143,0.09821154899447115,-18.182857142857145,12.18,46.51285714285714,-46.51285714285714,1.669715303694472e-07,23.25642660556328,40.281317023303565,23.25643063369487,40.2813146976607,-40.281317023303565,0.0,12953506.750375396,24916728.74027447,0.4089170775020669,0.4136329551748642,1.1309471884043378,1.4436623981086292,1.641122246512913,3.942388517081429,9576046.039508477,16.707498423160537,8.689691155799101,0.3806097824273878,-0.01062012772211687,18.846967050889646,0.4939355150121081,652644860.549855,30.35017278391127,27491.91281831596,25013742.836510777,-6.445174291100398e-07,-2.9340752373562254e-08,-14.182120401296034,30.36243553215205,116.60632403946224,116.60701706620627,77.28762130914373,66570.09419155271,76820010.6634675,1.0324660591369221,0.38309279994108125,1.410993991517399,3.3351410478262427,0.3786742444998604,1.2355580630449383,3.2962548244913097,0.5278799056647145,5.415143194040691,-19.514285714285716,0.2705714285714286,0.2894285714285714,0.9132142857142858,0.30599999999999994,1.1742857142857144,1.2359999999999998
11.2248,1.026,13.465714285714286,7.337142857142857,235.36428571428573,0.09838134754703932,-17.771428571428572,13.98,44.455714285714286,-44.455714285714286,1.595868132794873e-07,22.227855263936966,38.49977899960636,22.22785911391476,38.499776776820646,-38.49977899960636,0.0,11596504.482636977,16737976.485802636,0.4093720786783032,0.41403358260649964,1.135078116014709,1.448830993131517,1.6456859634242667,3.944014731274887,8984904.010467308,15.826551757241134,8.661925502063847,0.3453340293945174,-0.010486878757075406,16.182713347851774,0.5754760161722722,699170255.3991901,27.70820534266824,19542.859233057286,16835002.620048434,-6.072817767807981e-07,-3.8147815116237e-08,-13.198023676336954,27.717088987231893,92.93344995177114,92.934607842984,61.94152742001512,66352.61725115257,76671356.86327367,1.0160007591678133,0.38338481698663623,1.4150769780401786,3.3363405413111242,0.379019118557045,1.2401056573877498,3.297295819236816,0.5218383120612874,5.418403510309931,-3.7428571428571438,0.3185714285714286,0.13514285714285715,0.7767857142857143,0.514,1.3411428571428572,1.1994285714285715
10.264800000000001,0.7117142857142856,10.745714285714286,10.879999999999999,246.03571428571428,0.09613079858362626,-22.617142857142856,13.1,60.39857142857143,-60.39857142857143,2.1681837072667644e-07,30.19928316154089,52.30669868325966,30.199288392210615,52.306695663331084,-52.30669868325966,0.0,12160278.039017191,17967086.91888389,0.4040597993408569,0.4095169154962404,1.0801055027436028,1.3800918886692368,1.5843524568969667,3.9233303936290915,9064310.072529808,24.224552794405163,6.170442493610359,0.31620377656908,-0.0272220632264708,18.905178795602257,0.44218122481039385,535574921.8632519,27.770547049316672,20566.50186690363,18064039.532926593,-8.565149175608116e-07,-4.504805683774875e-08,-17.568850609167324,27.785700611174484,140.3401802032294,140.34671024737804,98.72086062766641,69361.04826002097,78632750.17735735,1.2068514445935767,0.3793647859241057,1.3601950273467571,3.3207370464882064,0.37423941894943663,1.1796233913731113,3.283882276111433,0.5734027828259383,5.373901228900924,-5.628571428571426,0.4711428571428571,0.2688571428571429,0.7510714285714286,0.226,1.3685714285714285,0.8245714285714285
9.2048,0.7505714285714286,12.071428571428571,11.2,246.20714285714286,0.09609708827378866,-22.914285714285715,20.78,59.88428571428571,-59.88428571428571,2.1497219145418646e-07,29.94214032613431,51.86131417733536,29.942145512265583,51.86131118312106,-51.86131417733536,0.0,13374388.966102846,17125890.900348805,0.4039550270541206,0.40942514030869503,1.079257518462169,1.3790287855140033,1.5833911434463164,3.923019877967989,9624369.414056508,24.03964872923975,5.040347780785918,0.37524475013682324,-0.021754641029477016,16.343032987632558,0.6118636116308218,550541924.8667302,23.693087227818285,19757.161716333496,17222847.768154085,-9.079989953348927e-07,-5.991086139338448e-08,-15.978573902748654,23.706564602384336,137.4583401560875,137.46499178531607,102.19014063493967,69409.37646899876,78662678.70530012,1.209480025925167,0.37930310289278457,1.3593403912886952,3.3205046157357256,0.37416494056294874,1.1786938060676833,3.283685052712773,0.5738364451962823,5.373235822849567,-10.542857142857143,0.4248571428571428,0.19342857142857142,0.8810714285714285,1.314,1.3754285714285714,0.8794285714285714
10.0048,0.7722857142857142,12.962857142857143,8.068571428571428,235.2357142857143,0.09841005012554227,-22.114285714285714,15.62,60.284285714285716,-60.284285714285716,2.164081086661231e-07,30.142140309228317,52.207724348609815,30.142145530000608,52.20772133439552,-52.207724348609815,0.0,13173129.85635093,20036482.90618979,0.40915988799530106,0.4138083196500929,1.1357627356536688,1.4496468178527007,1.6464012216391275,3.944211223619458,9576854.617795017,25.302074300294112,7.190361130909136,0.6073246977304103,-0.021852757899643225,17.79709084532845,0.981610326990613,680401937.957144,21.16458215175567,22575.48718175908,20133438.011510316,-8.417207548247818e-07,-5.0982663559850664e-08,-16.70040510766252,21.173409437547058,146.95377888141775,146.96044372760593,107.74370264019288,66316.37109441923,76646461.61321065,1.0132706445232016,0.3834334575489839,1.4157588205386267,3.3365414676287974,0.3790765473406263,1.2408663003422402,3.2974704468891023,0.5208334892345664,5.418946817604267,-7.857142857142856,0.13514285714285715,0.11971428571428572,0.9682142857142857,1.37,1.0988571428571428,1.2497142857142856
9.744800000000001,0.93,14.242857142857144,10.834285714285715,241.49285714285713,0.09705339417064561,-17.74857142857143,15.1,53.31285714285714,-53.31285714285714,1.9138212297237014e-07,26.65642631816137,46.170289934969304,26.656430935190233,46.17028726932644,-46.170289934969304,0.0,12303334.453114226,16522344.016191024,0.40619384302668843,0.41130147014977686,1.1029365769651716,1.4086591589629072,1.6100037273628438,3.9316834581043607,9314620.527028881,20.265745339778,6.737128557033678,0.7182431788999557,-0.012324193387815357,14.257775379281163,1.1222134099804006,740846486.9234574,20.325430502749626,19242.762342671907,16619332.065148283,-8.238353780035768e-07,-5.2672239505832945e-08,-12.677346535782496,20.33648906568211,115.21200459145834,115.21816843315555,84.42384888982798,68080.35072210911,77822292.44827001,1.1384816292002944,0.38102420580232477,1.3831225617013825,3.327087029665368,0.37623187308876926,1.2047318542387975,3.2893049115170503,0.561890673178545,5.391972722643948,-8.599999999999998,0.2362857142857143,0.4334285714285714,0.8282142857142857,1.25,1.3868571428571428,0.724
11.4448,1.0385714285714287,12.631428571428572,6.537142857142857,235.96428571428572,0.09824888910919319,-17.10857142857143,18.14,50.34142857142857,-50.34142857142857,1.8071530939798367e-07,25.170712158034473,43.59695723407335,25.170716517730074,43.596954717001914,-43.59695723407335,0.0,12307007.84496817,17875613.041949578,0.40897801136025286,0.41368133276764746,1.1318625405610707,1.444802410399721,1.642129502999621,3.942740951310187,9210860.526156895,18.36320841948707,7.57780581934444,0.38489284103765065,-0.014882068288603488,18.20992344918309,0.5788523314984027,659938073.6452315,26.591130733132168,20593.306545979467,17972616.031797733,-6.542761757611677e-07,-4.101552443062872e-08,-12.11330633032928,26.602101214940564,107.98713714608823,107.99279032652434,72.02338389402432,66521.76598257489,76787092.52487977,1.0287947370287864,0.3831577078823583,1.4119000848779808,3.335406688893495,0.378750918693413,1.2365662395644892,3.2964851522927576,0.526535980490683,5.415867634352726,-14.82857142857143,0.31,0.13685714285714287,0.8325,0.346,0.7057142857142856,1.0097142857142858
11.8648,0.9654285714285715,12.311428571428571,10.491428571428571,240.76428571428573,0.0972079135851952,-22.251428571428573,11.7,43.88428571428572,-43.88428571428572,1.575355029767207e-07,21.942141002374104,38.00490732635714,21.94214480286473,38.00490513214285,-38.00490732635714,0.0,11991363.175341144,19669701.585221834,0.40675681197193175,0.41181236101266505,1.1066655676897421,1.4133661462108194,1.6141944175303633,3.933125036230173,9111187.878400672,15.670688973653165,11.102859681294758,0.2649286028595213,-0.012773110527853087,17.688041648134256,0.4235847735268324,733818315.3708551,34.27162226302203,22384.47224513854,19766717.304238766,-5.999058244165542e-07,-3.316355091018912e-08,-17.487356759774688,34.28301590963437,101.63932024620685,101.64026619903859,65.89410667721302,67874.95583395344,77688872.09915231,1.1277468123731147,0.3812863663957473,1.3868413239995852,3.328132079037452,0.37654677917752893,1.2088409907917386,3.290203934258328,0.5600526084734959,5.394822961263569,-16.542857142857144,0.586,0.6597142857142857,0.8239285714285715,1.226,0.9365714285714285,0.7468571428571428
6.6448,1.0282857142857145,11.797142857142857,13.211428571428572,242.2214285714286,0.09690168548544699,-21.337142857142858,19.34,52.62714285714286,-52.62714285714286,1.8892055060905018e-07,26.31356920428593,45.57644392707024,26.313573761930197,45.57644129571309,-45.57644392707024,0.0,11718075.047473673,11255892.80467363,0.40586638286649046,0.4110295168410254,1.0992236846028842,1.404013935728132,1.60585287893367,3.9303114006499182,8966575.937807404,19.839932669808526,7.568949005493587,0.3520750455660485,-0.015392637289300931,12.60972105966846,0.6007153599229256,675955641.4355471,26.928094944938405,14095.963093009863,11352877.054261632,-8.798623330703047e-07,-6.748045581040571e-08,-13.788078058124341,26.942378747464275,100.68773147364924,100.69407617984011,74.59341383763818,68285.74561026478,77954819.11328869,1.1492804477300254,0.38074966341481126,1.379404024312306,3.326038333352748,0.37590494696713017,1.2006404638859005,3.288404842286532,0.5637209694180202,5.38894004816865,-14.714285714285715,0.19171428571428573,0.5637142857142857,0.7817857142857143,0.778,1.258857142857143,1.0325714285714285
8.024799999999999,0.9345714285714286,11.842857142857143,10.925714285714285,238.9214285714286,0.09760136761983554,-20.834285714285713,11.1,44.62714285714286,-44.62714285714286,1.602022063703173e-07,22.313569542405826,38.64824050158113,22.313573407229768,38.64823827022398,-38.64824050158113,0.0,10176464.225829441,10958694.907258403,0.40764876924673404,0.41256903925367666,1.116215407978162,1.4253061878811997,1.6248243191712193,3.9367782422438604,8330133.11980174,15.859481466765574,12.331391179605955,0.26171013382470937,-0.014032447275768162,13.327860386417795,0.46911742839879206,779240776.0432749,34.40232068507398,13882.310246432646,11055710.432168774,-7.33641273652183e-07,-4.809704061880926e-08,-15.574982247534386,34.40803057777496,81.80326625712273,81.80532198950394,57.94314874293429,67355.42758744204,77347354.52341664,1.093125548217403,0.38203621040636415,1.3963679227743033,3.3308954695157196,0.3774247861939567,1.2193626026212934,3.292589423773159,0.5499924833199517,5.403367690598505,-12.942857142857143,0.6751428571428572,0.30142857142857143,0.7782142857142857,0.866,1.204,0.7445714285714286
11.3648,0.9585714285714286,13.922857142857143,9.554285714285715,249.37857142857146,0.0954866277621051,-22.0,16.020000000000003,45.37,-45.37,1.628689097639139e-07,22.68499808243755,39.291573676805115,22.685002011594808,39.29157140830511,-39.291573676805115,0.0,13075919.17249737,20620910.590609916,0.4026549476911441,0.4083805468840846,1.063829853607554,1.3597199899618906,1.565925854007605,3.917574678332937,9643657.821237477,16.204806546979107,6.644511141405739,0.31908169675139436,-0.010136575578237701,16.33887811409612,0.6474190077913807,631835154.6753879,26.422277845407667,23314.14398798714,20717922.17268511,-6.507104161816309e-07,-4.133843371455397e-08,-16.368720814093354,26.438164244079893,108.49873628286151,108.49976935410419,74.93354748370554,70303.44833508818,79208350.71667692,1.241852721348541,0.3781672170099925,1.3437350018584946,3.316304221472093,0.3727881488036272,1.1617279511602916,3.280122278701959,0.5707801688205058,5.361041961652889,-5.457142857142859,0.44885714285714284,0.4145714285714286,0.9232142857142858,1.458,1.1034285714285714,1.3982857142857144
6.8648,0.8808571428571429,12.082857142857144,11.68,237.3357142857143,0.09794992973783878,-19.417142857142856,14.34,51.14142857142857,-51.14142857142857,1.8358714382185694e-07,25.57071212422248,44.289777576622264,25.570716553200118,44.289775019550824,-44.289777576622264,0.0,10619945.484536216,10241455.649179462,0.40826643263681284,0.41306860587566724,1.1245650585879492,1.4356929314746778,1.6340638824162608,3.9399234894502233,8522929.460787894,19.232024582091498,7.9051571233702065,0.3907750660596172,-0.014732103038567099,12.495697277789313,0.652309246525282,708215355.6272757,25.92989095536202,13119.145548707802,10338447.787741272,-8.512991620335602e-07,-6.116408954452991e-08,-13.493956064239244,25.941347800909703,92.59034849994202,92.5967163420727,68.78943447642985,66908.39165439732,77048463.09837788,1.058368553176913,0.3826380438097161,1.4046707808243537,3.3332958241825397,0.37813678991935995,1.2285382338584094,3.294658117118355,0.5373653229402474,5.410070432107507,-7.742857142857142,0.20542857142857143,0.3682857142857143,0.9396428571428571,1.41,1.0782857142857143,0.9205714285714285
11.764800000000001,0.7848571428571428,12.185714285714285,10.262857142857143,241.19285714285718,0.09711690369489105,-17.337142857142858,7.34,45.427142857142854,-45.427142857142854,1.630740407941906e-07,22.713569508593835,39.34106084413004,22.71357344269981,39.34105857277289,-39.34106084413004,0.0,10682618.779077929,17552632.389368206,0.4066359236989379,0.41172522016829566,1.1044740145678682,1.4106293756326458,1.6117610560121887,3.9323280217736207,8578398.06973321,15.91173144120038,10.53122559185381,0.3314413119807954,-0.01267989268976016,17.44632089572587,0.45647124320950216,724313346.3346179,32.057973141348086,20327.796737410925,17649651.2317497,-5.727598117076845e-07,-2.928543566858714e-08,-14.048417307328817,32.06879605255405,97.90279043909716,97.9038077132999,61.71729634092656,67995.77635639797,77767393.77782974,1.1340539068995568,0.3811321569068675,1.3846523178326908,3.3275163058282136,0.37636157095264433,1.2064209891422633,3.289673967814521,0.5611323544091983,5.393146011788892,-6.7714285714285705,0.33057142857142857,0.6751428571428572,0.9589285714285715,1.018,1.3617142857142857,1.2679999999999998
9.9848,0.8065714285714286,12.985714285714286,8.365714285714287,236.17857142857144,0.09820224766529667,-23.462857142857143,12.86,49.82714285714286,-49.82714285714286,1.7886913012549368e-07,24.913569322627897,43.151572728149056,24.91357363778505,43.151570236791905,-43.151572728149056,0.0,12194301.683624776,18121384.673392944,0.4088047632437482,0.41352257977058227,1.1307165969528048,1.4433622623030666,1.6408559335143718,3.9422792126773865,9199544.378454175,19.18564783045459,6.671886619256252,0.32569286197250097,-0.01482167077575711,16.56198606483871,0.5936874487265091,653868365.9812162,25.336852276831408,20791.36308329711,18218371.539632775,-7.268695247031202e-07,-4.4915014232261496e-08,-18.12941230086421,25.347544495890684,113.93404084145423,113.94018654088096,80.98062007536201,66582.17624379716,76828233.03649753,1.0333849826443389,0.38307656575523036,1.4107675711182328,3.3350747125017084,0.3786550668932099,1.2353062191451485,3.296197324742726,0.5282160335780725,5.414962002519243,-4.828571428571429,0.634,0.5757142857142857,0.7603571428571428,0.8619999999999999,0.7788571428571428,1.149142857142857
9.924800000000001,0.7231428571428571,13.03142857142857,7.9314285714285715,237.50714285714287,0.09791183629358946,-23.394285714285715,7.86,57.998571428571424,-57.998571428571424,2.0820286745505656e-07,28.999283262976856,50.22823765561292,28.999288285800482,50.22823475568435,-50.22823765561292,0.0,12034630.216603778,19917671.969081637,0.4080931363931068,0.41290626474712616,1.1236558823966543,1.434544104438911,1.633042616629779,3.9395426905146493,9129756.001952378,24.03135963588065,6.368485143770451,0.5588066274467672,-0.020896249033082834,17.536248311481305,0.9223021614939407,634338023.3131499,21.41587673610049,22465.088393390295,20014627.858877447,-8.344186692760868e-07,-4.462894022429332e-08,-19.1092057492218,21.425284709936772,141.2623880088655,141.2690813822382,102.98736535296293,66956.71986337517,77080988.74284056,1.0620965807646028,0.38257303899358147,1.4037703014183867,3.3330342689025656,0.37805992379744446,1.2275408082760644,3.294432245217117,0.538717249543754,5.409345947448574,-2.2571428571428562,0.6202857142857142,0.5619999999999999,0.9903571428571428,0.586,1.044,0.9137142857142857
11.524799999999999,1.1025714285714288,11.557142857142857,8.182857142857143,241.45,0.09706244980273923,-18.274285714285714,8.219999999999999,48.17,-48.17,1.7292033024747044e-07,24.08499796409559,41.71644487572631,24.08500213573996,41.7164424672263,-41.71644487572631,0.0,10805240.614429953,17233333.045436647,0.40643789549758885,0.41154563572702146,1.103159735285912,1.4089706547430847,1.6102833538100128,3.931821195554047,8570518.631859967,16.966267357479094,10.621598912624894,0.344750843281205,-0.01678723937150237,18.888145713467136,0.48056055771153694,714843388.2858582,32.857604215290934,19978.646788178095,17330337.313977648,-5.943814559153711e-07,-3.151470150115699e-08,-14.741801014972197,32.87004879901988,103.55335851716389,103.55442169671456,65.93948686608502,68068.26866986466,77814458.95767315,1.1378485520634463,0.38103962656130314,1.3833409660122251,3.3271482644847366,0.37625040271439436,1.20497290421734,3.289357534913997,0.5617823467068148,5.39214028872,-1.9142857142857146,0.10257142857142858,0.10771428571428572,0.7646428571428572,1.362,1.3914285714285715,1.4554285714285715
8.7248,0.9425714285714286,11.237142857142857,9.211428571428572,247.57857142857142,0.09582768273165639,-23.50857142857143,18.939999999999998,57.370000000000005,-57.370000000000005,2.059464261220133e-07,28.68499757525771,49.68387881503879,28.685002543645453,49.68387594653878,-49.68387881503879,0.0,12289969.016363509,14299957.220281584,0.4033614044320194,0.4089410237968546,1.072547127514376,1.3706191105688956,1.5758074233991664,3.9206326673005165,9135028.208109792,22.195366029948058,6.372954281630953,0.29269497397903044,-0.024396644497901885,16.656664887179698,0.47184489229803644,556995568.8901587,27.29580022880322,17017.00967565507,14396919.809502158,-8.605255197759205e-07,-5.894438754920785e-08,-16.709430760805297,27.31207881306404,121.20936934860288,121.2158898770983,89.36216666936183,69796.00214082119,78901962.75531965,1.2235574365837916,0.3788151912035,1.3525660160605293,3.3186732729889235,0.37357325232284616,1.1713066576738094,3.282128121366395,0.5725713191350416,5.368004826774804,-7.4,0.538,0.46085714285714285,0.9032142857142857,0.9619999999999999,0.9411428571428571,1.3502857142857143
13.1248,0.8637142857142858,11.18,12.8,241.96428571428572,0.09695426217196514,-19.554285714285715,10.86,47.08428571428571,-47.08428571428571,1.6902284067221384e-07,23.542140867126143,40.776188696552786,23.542144944744898,40.77618634233849,-40.776188696552786,0.0,12517567.948398884,24816803.674330197,0.40614353026578226,0.4112895857503465,1.1005400632768751,1.4056786342361236,1.60734775788209,3.9308342726090424,9324625.935190694,16.106675278336,13.339900278348072,0.4253634479804647,-0.015171355136443103,20.872371943702156,0.5081627257046001,823831368.1711152,39.884264558859954,27385.621007179994,24913810.9073017,-6.232331056915958e-07,-2.6712001926208212e-08,-15.64141080032659,39.90071731558457,119.67911727500416,119.67988016591896,76.38917392916815,68213.25329679811,77908176.4956987,1.1454614274614505,0.3808545594388213,1.3807230138357167,3.326415396490582,0.3760279698974098,1.2020855255750118,3.2887281217698394,0.5630804857149965,5.3901300216930625,-18.257142857142856,0.13857142857142857,0.20714285714285713,0.9625,1.074,1.1765714285714286,0.8337142857142856
11.704799999999999,1.0625714285714287,13.19142857142857,9.028571428571428,237.42142857142858,0.09793087048762186,-17.42857142857143,16.22,53.54142857142857,-53.54142857142857,1.922026470934768e-07,26.770712022786512,46.368238604268996,26.770716659610244,46.36823592719755,-46.368238604268996,0.0,12956702.953935465,20805339.0156338,0.40821681306837837,0.4130249009128433,1.1241111023074917,1.4351236427116179,1.6335581003928195,3.9397386130304475,9516854.527422722,20.329128145173335,5.992438806538752,0.4520383615894995,-0.01477225166507936,18.05873973250382,0.6802679775073109,651932421.3024046,23.205895769909606,23415.975138796897,20902327.500098247,-6.963567467396691e-07,-4.025022955008614e-08,-12.748112494031464,23.216370761973764,123.73580473827465,123.74177412337102,82.5205929946603,66932.55575888624,77064732.40575145,1.0602316855404903,0.3826055460373869,1.4042204576998627,3.333164986763044,0.37809836329609436,1.2280393705102008,3.2945451180157446,0.538041180028965,5.4097082377528505,-5.514285714285714,0.3065714285714286,0.46771428571428575,0.9339285714285714,0.894,1.4028571428571428,1.0051428571428571
12.6448,1.0774285714285714,11.98,6.148571428571429,247.06428571428575,0.09592990287310209,-20.994285714285713,17.3,54.455714285714286,-54.455714285714286,1.9548474357790342e-07,27.227854841287098,47.160033281467754,27.227859557290294,47.16003055868203,-47.160033281467754,0.0,13726382.295797542,25762921.184086498,0.40361292069351357,0.409151576438075,1.0750539169467328,1.3737650995251587,1.5786449170515533,3.921521950439294,9794434.16171123,20.13952174105608,6.887779878231411,0.4249164476893859,-0.02087128807596284,22.90012936934358,0.5962776214626858,624485990.4997208,29.129569840008234,28238.160656906774,25859898.525371403,-7.253954587984696e-07,-3.6126344090823305e-08,-16.00767139423798,29.145012073840853,141.81980518186248,141.8263128733904,98.18997399237254,69651.01751388778,78811457.76150419,1.21837479071751,0.3789933432504307,1.3550961727256539,3.319351996881828,0.3737906800381013,1.1740652611546296,3.2827045501010286,0.5731031521764959,5.369892715508861,-10.657142857142857,0.23457142857142857,0.2568571428571429,0.8896428571428572,0.954,1.1400000000000001,1.4828571428571429
8.6248,0.9985714285714287,12.437142857142858,8.937142857142856,249.25000000000003,0.09551090328393144,-22.822857142857142,10.579999999999998,50.51285714285714,-50.51285714285714,1.8133070248881364e-07,25.256426436503332,43.745418736048116,25.256430811045085,43.74541621040525,-43.745418736048116,0.0,11015266.173856556,13944654.359894007,0.40264565928322354,0.40835973760777416,1.0644466207756982,1.3604835601114638,1.5666188843137676,3.9177770540366565,8694148.27330505,18.85548301004157,6.632620864164534,0.30565161555004444,-0.016155011919979843,14.901423630431227,0.6163984214978651,632811267.7282722,26.140221641865665,16730.062880639187,14041638.913594035,-8.048409050202333e-07,-5.056081858343185e-08,-17.659944545147376,26.15653799971161,105.53899373146717,105.54541226957356,78.14659440119772,70267.20217835481,79186594.60503268,1.2405434941642535,0.3782117689189473,1.3443616626043962,3.3164702251143487,0.37284263538226403,1.1624068426383463,3.2802624994977605,0.5709069808010039,5.361512537617958,-13.8,0.3511428571428572,0.3271428571428571,0.9332142857142858,1.454,1.3022857142857143,1.012
12.9648,1.0614285714285714,13.854285714285714,6.422857142857143,243.20714285714286,0.0966978769036545,-23.21142857142857,9.58,44.79857142857143,-44.79857142857143,1.608175994611473e-07,22.399283820874686,38.79670200355589,22.39928770054478,38.796699763627316,-38.79670200355589,0.0,12371237.355956888,23647955.205393244,0.40552302818592234,0.4107633729801158,1.0942408742814578,1.3977867275851161,1.6002838474837404,3.9284967884916853,9331281.282660674,16.510703938168223,6.825861634408603,0.28780783247990765,-0.01124035007394308,18.46118388690335,0.643606643501141,637073445.7693261,26.779810582901604,26248.170879604073,23744962.838531263,-6.193609932004476e-07,-3.334825728085742e-08,-18.813025381137436,26.793059093991467,114.67400270590026,114.67484871209241,77.66481541203969,68563.63281188718,78132391.77240342,1.163986581046209,0.3803950144624612,1.374410034219664,3.3246496868786153,0.3754782331510192,1.1951499764285087,3.2872155713674234,0.5661897385523822,5.3850939476853,-8.028571428571428,0.5945714285714285,0.5945714285714285,0.8539285714285714,0.44199999999999995,1.396,1.0828571428571427
12.2848,0.866,10.882857142857143,9.92,235.8357142857143,0.09827709501592427,-23.18857142857143,18.82,57.14142857142857,-57.14142857142857,2.051259020009066e-07,28.57071187063256,49.48593014573909,28.57071681922544,49.485927288667654,-49.48593014573909,0.0,14264707.238408169,26168529.94163218,0.4089092336344691,0.41360137423916665,1.132547325729776,1.4456379702257869,1.6428655737287938,3.9429705039475493,9957387.816430748,22.45716785065826,8.118073475528682,0.41832514981804175,-0.024542208623796715,23.292850205369135,0.5339914977794825,647949429.9794266,32.42512690401251,28582.01354602768,26265493.915291708,-7.589055724834616e-07,-3.6782799457125376e-08,-17.614255030262466,32.43773000841005,153.43294778524984,153.4396252668586,105.25926301894216,66485.51982584155,76762323.4212538,1.0260458659988088,0.3832063857301309,1.4125801257572201,3.3356062649409695,0.3788084149890724,1.2373233211710386,3.296658285176317,0.5255286175658556,5.416411027761268,-18.771428571428572,0.394,0.298,0.8182142857142857,0.406,0.7354285714285714,1.092
7.5447999999999995,0.8774285714285714,11.397142857142857,7.634285714285714,235.32142857142858,0.09839090268658054,-19.85142857142857,14.42,56.22714285714286,-56.22714285714286,2.0184380551648e-07,28.11356905213198,48.69413546854034,28.11357392154539,48.69413265718319,-48.69413546854034,0.0,10607426.252488391,10430976.720483884,0.40917973620925147,0.41383532628522685,1.135303658108949,1.4490841023780172,1.6459065162090671,3.9440553655176838,8446798.297505576,22.08759043356357,7.149518039137785,0.36474464275760776,-0.02310006951176257,14.814422237543704,0.5837729101267535,644770715.3047428,25.392146500092306,13249.500722474408,10527949.12316236,-8.730415491401653e-07,-6.1794600956902e-08,-14.262001411151031,25.403405193524492,102.71064231257074,102.71722188618817,77.26976947336252,66340.53519890812,76663062.55899878,1.015090302634117,0.3834010264863027,1.4153042174395358,3.336407481063585,0.37903825861417595,1.2403591285102478,3.2973539905239666,0.5215033104327627,5.418584538273991,-9.399999999999999,0.15571428571428572,0.514,0.9375,1.286,0.8542857142857142,1.2634285714285713
9.1648,0.7322857142857142,11.831428571428571,10.514285714285714,242.17857142857144,0.09691063880089575,-16.628571428571426,12.7,43.19857142857143,-43.19857142857143,1.550739306134007e-07,21.59928388849866,37.411061318458074,21.599287629604692,37.4110591585295,-37.411061318458074,0.0,9958614.657635333,10269963.208906159,0.4061920199896899,0.4113568300637944,1.0994475846209262,1.404338600446046,1.6061456975996065,3.9304729338532325,8247093.041569212,13.98937895472681,15.489389939576387,0.31075075716679756,-0.014491485530093709,13.651031816825226,0.4318674785216081,886519794.6658013,38.37301378086212,13266.38831222008,10366998.21683641,-6.680249506873443e-07,-4.410703004061318e-08,-11.901635342226538,38.357292364555654,74.01906208122548,74.02102259187383,50.42180105860157,68273.66355802034,77947042.1160098,1.1486436213998643,0.3807650882707118,1.3796216600930142,3.32609906093352,0.3759234941409713,1.2008801171053616,3.2884569246062183,0.5636126378910413,5.389107499457499,-2.0857142857142854,0.1162857142857143,0.5448571428571428,0.9125,1.01,1.3822857142857143,1.4782857142857142
13.1448,0.7665714285714286,10.551428571428572,7.291428571428572,246.37857142857143,0.09606452962824728,-20.514285714285712,16.62,60.112857142857145,-60.112857142857145,2.1579271557529313e-07,30.05642603075946,52.05926284663505,30.0564312366856,52.05925984099218,-52.05926284663505,0.0,13849040.510147713,28346237.31001652,0.4038909437762541,0.4093743361323488,1.078408061179953,1.377970099586717,1.5824298524735594,3.922709001548021,9775661.264421318,23.137673676895574,7.938611107565675,0.5538757307630636,-0.030931644381813814,26.71667435189533,0.7380589993146626,725135783.2248236,32.73078823028952,30710.880909819894,28443196.76038006,-7.565578809483911e-07,-3.279064829948312e-08,-15.906329977875558,32.74669190353872,165.1947917663663,165.2016701323362,111.74449202944825,69457.70467797655,78692472.28684343,1.211495058409661,0.37923079709903107,1.3584789047082746,3.320262869529212,0.37408031752858156,1.177760777518536,3.283479470139106,0.5738475968133978,5.3724110081391485,-9.685714285714287,0.24314285714285713,0.37,0.8275,0.42199999999999993,1.3502857142857143,1.4074285714285715
6.7248,0.922,10.654285714285715,6.331428571428571,245.7357142857143,0.09619000225116253,-19.98857142857143,10.5,57.08428571428571,-57.08428571428571,2.0492077097062996e-07,28.542140444476274,49.43644297841417,28.542145388120435,49.436440124199876,-49.43644297841417,0.0,9651778.31684475,8624961.56746811,0.40424700652515966,0.4096816585404862,1.081591918894483,1.3819581836617316,1.586039184479396,3.9238850130840146,8051226.713938186,21.794298829156535,7.758988053093727,0.3378160021160331,-0.028558874086416306,14.918892471901838,0.5187506971151422,642486073.8069022,27.337893714344816,11490.412585355021,8721928.986788679,-8.239595073412375e-07,-6.282756444970136e-08,-14.999583191505176,27.35366859679375,97.59839392805281,97.60545310910767,72.68450225810308,69276.47389430979,78580255.9572071,1.2022597374786186,0.37947274258889524,1.3616923591507324,3.3211448907824983,0.37436973550499175,1.1812532257998045,3.2842285584223627,0.5726440649847525,5.375066281780247,-9.857142857142858,0.6477142857142857,0.10600000000000001,0.8832142857142857,1.1820000000000002,1.3708571428571428,1.4005714285714286
9.3448,0.7711428571428571,14.162857142857142,11.062857142857142,236.09285714285716,0.09822086401563176,-18.86857142857143,19.060000000000002,42.112857142857145,-42.112857142857145,1.511764410381441e-07,21.056426791529223,36.47080513928455,21.056430438609635,36.47080303364169,-36.47080513928455,0.0,12125510.639748763,13894153.485806938,0.40896711243677153,0.41368059557765735,1.1311769995025778,1.4439546263645842,1.6413812830989107,3.942492165393414,9248107.517289333,14.874026443452554,8.837743927059794,0.3453900367139008,-0.00785947445750072,12.807770515009818,0.6351663836679567,733754425.8189715,27.615363399651233,16801.155448360652,13991191.755402155,-6.946347003674681e-07,-5.2210885705627086e-08,-12.342866665760816,27.62425012252417,83.0066803906588,83.0083080052608,59.50205528014792,66558.01213930824,76811785.40739946,1.0315475460471835,0.38310902362547067,1.4112204524731096,3.335207407147813,0.37869341099543746,1.2358099811723187,3.2963123501718874,0.52754383634462,5.415324234774161,-13.514285714285714,0.12828571428571428,0.6819999999999999,0.8846428571428572,0.10200000000000001,0.9731428571428571,1.0805714285714285
12.7848,0.7802857142857142,13.774285714285714,8.777142857142858,249.80714285714285,0.09540609389642714,-20.034285714285716,16.14,52.684285714285714,-52.684285714285714,1.8912568163932687e-07,26.342140630442216,45.62593109439516,26.3421451930352,45.625928460180866,-45.62593109439516,0.0,13789225.991179291,25293949.54098371,0.40237760806567685,0.4081364221070165,1.0617700384554158,1.3571291900087699,1.5635717135430998,3.9168326767799004,9912776.552262763,19.52258137484665,5.132778502039018,0.41243686961265585,-0.013914331905531298,18.967105782066092,0.7241339285959245,598873334.1004382,23.178449914024867,27805.89076020628,25390935.086427696,-6.95701747167244e-07,-3.848897732179062e-08,-15.119432324205928,23.192409621291542,136.44808226899423,136.45450486099298,92.46335292405546,70424.26885753265,79280635.66888766,1.246223119384365,0.37801874449265316,1.34164907930566,3.3157526335463134,0.3726064961728947,1.1594698715644112,3.2796566586989715,0.5703583715601124,5.359474592862945,-10.142857142857142,0.5482857142857143,0.11457142857142857,0.8610714285714286,0.262,1.1857142857142857,1.453142857142857
10.7048,1.0797142857142858,13.111428571428572,7.382857142857143,237.07857142857142,0.09800725681759179,-17.268571428571427,14.780000000000001,56.39857142857143,-56.39857142857143,2.0245919860731e-07,28.19928333060084,48.8425969705151,28.1992882148604,48.84259415058653,-48.8425969705151,0.0,12386389.55866854,18554474.818873182,0.4083480926130282,0.413130782328431,1.1259270645573536,1.437383721073243,1.6355627349692636,3.9404273168395014,9266709.494639538,22.10410426605786,5.655602927445989,0.5718711444453393,-0.017541471865444438,17.60717112868056,0.8553735057320484,658032371.5604253,21.667859969719107,21191.64264374633,18651452.626688268,-7.457304876663511e-07,-4.42089099131524e-08,-12.783456559458813,21.677856961040646,126.31574188166226,126.32183402331371,87.8443917154716,66835.89934093063,76999578.31578228,1.0527896888782045,0.38273552632215846,1.406022825874575,3.3336891072082917,0.3782520431323139,1.2300369152066726,3.294997961597747,0.5353390502539979,5.411157112711773,-7.171428571428571,0.17971428571428572,0.6888571428571428,0.9853571428571428,0.9179999999999999,1.4988571428571429,1.1377142857142857
9.7648,1.0134285714285716,13.294285714285714,8.8,243.6357142857143,0.09661024843426734,-23.34857142857143,14.86,59.941428571428574,-59.941428571428574,2.1517732248446314e-07,29.9707117522906,51.910801344660285,29.97071694337059,51.91079834758885,-51.910801344660285,0.0,13392954.541649228,20582937.07076269,0.4051411142145426,0.4104116382282256,1.092079627804323,1.395055425450669,1.597834025524768,3.9276617392599076,9697971.95658431,24.696577078375174,7.9021951985652965,0.6328646192126252,-0.02073983364111567,17.217527094859882,1.0532726405664425,744558367.644727,20.79118365839306,23116.54279999732,20679890.260086257,-8.640690257793986e-07,-5.2946092544752285e-08,-17.76328338559555,20.801807276515397,149.88060529756754,149.8874729108531,111.63332115156723,68684.4533343317,78209047.3509688,1.1704186945286412,0.38024079545351663,1.3722458991368431,3.3240507028946076,0.37529254552173896,1.1927760406120764,3.286703600125193,0.5672729079742329,5.383423187941302,-14.942857142857143,0.6271428571428571,0.3562857142857143,0.8632142857142857,0.9339999999999999,1.2245714285714286,0.7354285714285714
10.3648,0.9722857142857143,12.174285714285714,6.8342857142857145,244.79285714285712,0.09637759921181169,-18.662857142857142,12.06,53.08428571428571,-53.08428571428571,1.9056159885126349e-07,26.542140613536223,45.97234126566961,26.542145210770222,45.97233861145532,-45.97234126566961,0.0,11400776.855206832,16376549.050592024,0.40472763643058984,0.41008939958717905,1.086281190933788,1.3878244433525466,1.591328977180845,3.9255805331453293,8833186.577069301,19.723237853410712,6.689170350731474,0.3575468609189919,-0.01839918018126914,17.85325179043064,0.5417096866537594,631477716.8946834,25.79036829484517,19098.151061915098,16473534.32638241,-7.071862464709199e-07,-4.083314717608088e-08,-14.394824349799336,25.80467111125017,113.16788187551597,113.1738686822486,77.96949936526283,69010.66874493186,78414460.80879086,1.1878935094228664,0.3798121453892793,1.3664124454399138,3.3224357800496516,0.3747791347250865,1.186400681930575,3.285326366983239,0.5701792566582123,5.378733619899087,-19.4,0.5345714285714286,0.6785714285714285,0.8996428571428572,0.854,0.9845714285714285,1.1788571428571428
12.764800000000001,1.040857142857143,11.865714285714287,12.982857142857142,241.1071428571429,0.09713510193814588,-22.091428571428573,13.34,44.684285714285714,-44.684285714285714,1.6040733740059396e-07,22.342140968562113,38.697727668906055,22.34214483833477,38.69772543469176,-38.697727668906055,0.0,12668486.463957572,22270970.322371732,0.40648614700092095,0.41156607861142963,1.1049083434874265,1.4111469099053178,1.6122197329896928,3.932442999959999,9380460.85956815,15.724044047866432,12.19189138231883,0.32338183523113845,-0.012861275303478609,18.43497428731297,0.4178832850880325,757360746.706613,38.14761373247967,24916.094809951734,22367983.475767642,-7.07471949763511e-07,-3.302944546108011e-08,-17.178260676671783,38.16298263726727,109.82618582618865,109.82705967555302,75.56684805159185,67971.61225190909,77751680.09061515,1.1327908892410592,0.381163001635629,1.385089738423953,3.327639215721038,0.37639862266986357,1.2069043397976027,3.289779705447479,0.5609157024233744,5.3934813772931225,-12.142857142857142,0.2482857142857143,0.44200000000000006,0.9367857142857143,0.41800000000000004,1.2497142857142856,1.1445714285714286
9.3248,1.0591428571428572,13.831428571428571,10.902857142857144,244.6214285714286,0.09641202634485498,-17.52,10.42,55.941428571428574,-55.941428571428574,2.008181503650967e-07,27.970711921350546,48.44669963191573,27.970716766020377,48.446696834844296,-48.44669963191573,0.0,11458616.231575612,15745730.790596575,0.4047228568269827,0.4100699185987206,1.0871349133630555,1.3888799768972127,1.5922784260205547,3.9258683285393046,8949718.545775775,21.640279648880632,5.805144199397958,0.731432161532697,-0.014567041103543652,14.326832511143289,1.1188137093988526,736436849.901652,19.79428246550862,18460.322883987094,15842707.572698304,-8.604079791046163e-07,-5.0099453054189184e-08,-13.369842510197394,19.80593102224007,119.69339920594477,119.69972642430372,87.98386998616924,68962.34053595406,78384132.52792229,1.1852941986391645,0.37987383057388696,1.3672728128798866,3.322671916910054,0.3748535054956991,1.187340660831415,3.28552749705242,0.5697461304717364,5.379400564475078,-1.6857142857142868,0.6065714285714285,0.4077142857142857,0.9846428571428572,0.7459999999999999,1.3137142857142856,0.9982857142857142
9.684800000000001,0.8477142857142858,11.614285714285714,7.542857142857143,240.0357142857143,0.09736380537167363,-21.38285714285714,13.260000000000002,52.22714285714286,-52.22714285714286,1.8748463339711356e-07,26.113569221191927,45.23003375579579,26.113573744195175,45.230031144438634,-45.23003375579579,0.0,11443228.105172489,15275684.00024695,0.40693053074945756,0.41192852415556547,1.1104041637857331,1.418034165533055,1.6183368761060561,3.9344866457967966,8820156.944682166,19.62416450845059,7.898138708193393,0.29731827472456346,-0.019855314596529523,17.557872870599603,0.48661889397390784,628123245.4476871,28.64386468425418,18010.45005583144,15372666.69001057,-7.186433412002357e-07,-4.4117320984591535e-08,-16.361389067686225,28.6570419143527,109.95729030569494,109.96329172653918,76.58181125473591,67669.56094579777,77554801.28105506,1.1170753057422584,0.3815485188285375,1.3905726450311355,3.3291857996745753,0.3768614375471258,1.2129737416577238,3.291112342943838,0.5582086728441052,5.397676532277197,-11.857142857142858,0.39914285714285713,0.6922857142857142,0.8839285714285714,0.258,1.076,0.9937142857142857
11.044799999999999,0.7608571428571428,13.67142857142857,11.862857142857143,244.92142857142855,0.09635177548559501,-23.66857142857143,20.7,53.25571428571429,-53.25571428571429,1.911769919420935e-07,26.627854892005086,46.120802767644385,26.627859504085233,46.12080010485867,-46.120802767644385,0.0,14431080.803029066,22116411.216309987,0.4045637815459936,0.4099337764044011,1.085638168072205,1.3870045425541708,1.5905898943286028,3.9253190664583824,10147357.228346577,20.470251007743265,4.978748315554043,0.3887299116910704,-0.013688039783355936,16.345360935969765,0.6970893480572246,573232978.6731088,23.345430197045346,24676.9440490485,22213388.341043584,-8.314381066728429e-07,-5.255326570504262e-08,-16.814555034266007,23.357975568909165,135.0305140701671,135.03709015303042,98.98406145482724,69046.91490166522,78437220.87246904,1.1898419585340267,0.37976594125210184,1.36576767101217,3.3222590320045504,0.37472340378855784,1.1856965095706635,3.285175878607222,0.5705043976178206,5.37823419393602,-0.14285714285714235,0.6597142857142857,0.17628571428571427,0.9017857142857143,1.246,1.0577142857142858,1.1400000000000001
8.2048,1.0991428571428572,12.665714285714285,8.891428571428571,244.2357142857143,0.09648980264640634,-18.502857142857142,19.42,57.59857142857143,-57.59857142857143,2.0676695024311994e-07,28.799283279882857,49.88182748433847,28.799288268065467,49.88182460440989,-49.88182748433847,0.0,12090073.235617757,12792535.989834746,0.4048896459166253,0.41020665167107473,1.0890633043318296,1.3912908997159568,1.5944465945247335,3.926567692529113,9122705.495513288,22.12038412314121,5.788989048021632,0.5915101493546275,-0.018835894736080168,14.498195380089207,0.8793057257949743,673570444.553501,21.694278234935673,15569.01299239971,12889509.093944358,-8.82767831340331e-07,-6.601208017411678e-08,-12.172846650123523,21.707043404449067,112.18016727249301,112.18664831070845,84.21940314404239,68853.602065754,78315721.04648338,1.1794585966906763,0.38001261695610616,1.3692113265673274,3.323204915361331,0.375020785949589,1.1894603326654254,3.2859818087200097,0.5687716510639799,5.380901720223619,-19.914285714285715,0.574,0.6065714285714285,0.9525,0.8339999999999999,0.7377142857142857,0.8382857142857143
9.4048,0.8911428571428571,11.465714285714286,9.051428571428572,237.67857142857144,0.09787370890117791,-16.65142857142857,16.46,42.57,-42.57,1.528174892803574e-07,21.284998200779512,36.866702477883926,21.28500188744966,36.866700349383926,-36.866702477883926,0.0,10542167.356785225,10918604.69561623,0.4084589223943493,0.41329135494776514,1.1227591582375966,1.4334916143741576,1.63211338852779,3.939322184116085,8466232.464439083,11.428842975731921,22.449259923532335,0.33645010945331155,-0.02345435914931978,15.040843300175675,0.4722511732499882,1122981531.3892517,46.82621457787931,13906.345985908842,11015645.166294908,-6.004901586145235e-07,-4.272045133445479e-08,-11.358581059956453,46.546066118005626,74.21641043811171,74.21815570946268,49.1363362925157,67005.04807235295,77113575.43399487,1.0658327890410368,0.3825079236522672,1.4028703376112026,3.3327730991690867,0.3779829396676589,1.2265446206028798,3.2942068296502933,0.5401515523739491,5.408620069701249,-19.742857142857144,0.6699999999999999,0.2705714285714286,0.9003571428571429,1.418,1.1217142857142857,0.7377142857142857
8.584800000000001,0.8134285714285714,11.271428571428572,7.68,245.2642857142857,0.096283360932312,-23.82857142857143,8.14,46.855714285714285,-46.855714285714285,1.6820231655110719e-07,23.427855162500997,40.578240027253095,23.427859220324887,40.578237684467375,-40.578240027253095,0.0,10213903.76786694,12551101.715697862,0.4046021706037089,0.41000227002517386,1.0839356266083104,1.3849056373740427,1.5886999583932597,3.924759346483452,8323711.055472568,16.95426518067366,11.93482437800703,0.2465509030564096,-0.01967787350992374,16.01227695130494,0.44395111788907865,737969619.8386321,35.63763752118303,15394.564815689318,12648097.683139663,-6.803263332655534e-07,-4.287854364091229e-08,-19.044181921430944,35.65057406512875,92.83284755721039,92.83467479753132,65.27267301384684,69143.57131962081,78497621.84559155,1.1950565230884445,0.37964256182795375,1.3640500077925035,3.3217887739882284,0.37457459316306196,1.1838221993208937,3.284775755032962,0.5713697351206662,5.37690108395986,-12.314285714285713,0.23285714285714285,0.694,0.9303571428571429,0.6779999999999999,0.9114285714285714,1.076
12.244800000000001,0.7734285714285715,11.74,10.994285714285715,235.92142857142858,0.0982582567870523,-22.777142857142856,9.02,54.57,-54.57,1.9589500563845676e-07,27.28499769359967,47.25900761611759,27.2850024195003,47.259004887617586,-47.25900761611759,0.0,13088938.321808664,26416867.5353809,0.4088827028671396,0.4135812238336218,1.1320891768275414,1.4450682040983658,1.642362649154922,3.942796391456629,9543638.091343036,21.65222565475025,6.775806681988719,0.3463825724477752,-0.019399505623798115,21.359890191103872,0.520174182865554,587235052.2985349,28.792140542977936,28837.470703236715,26513836.51161377,-7.596704723845465e-07,-3.216797132950534e-08,-18.721094589052655,28.803596720542227,148.13185483324315,148.1385545761512,102.7359030074416,66509.68393033046,76778855.90269284,1.0278779952106616,0.3831739338421467,1.412126748171164,3.335473187753567,0.3787700841661207,1.2368185083870893,3.296542825440548,0.5262001463494403,5.416048747404956,-8.42857142857143,0.13,0.6322857142857142,0.9275,0.9939999999999999,1.0851428571428572,1.028
10.184800000000001,0.8762857142857143,11.82,10.765714285714285,246.29285714285714,0.09608020068397828,-18.48,19.66,59.99857142857143,-59.99857142857143,2.153824535147398e-07,29.999283178446888,51.960288511985205,29.999288374475594,51.96028551205663,-51.960288511985205,0.0,12861007.966785382,17013024.410237797,0.4039430846299494,0.4094204316527381,1.0788357739941108,1.378505053012383,1.5829188209444356,3.9228765432403905,9396127.178000618,23.432227543023068,5.505110389338151,0.408056514149453,-0.021547999065948318,17.327107918953487,0.5764686097973021,586629605.1845664,24.0832380567957,19669.709459693666,17109989.921701938,-8.512574587055509e-07,-5.186216521567883e-08,-12.764510177764956,24.0972339530444,131.77992959150333,131.78621777542025,93.82622104297167,69433.54057348765,78677634.89394455,1.2106121031894919,0.3792727534299491,1.3589146631206017,3.3203892283882923,0.37412814685717793,1.1782297748661925,3.283587016002167,0.5739306417485134,5.372910635744461,-7.685714285714287,0.49171428571428566,0.12142857142857143,0.8296428571428571,0.826,1.4051428571428572,1.4577142857142857
13.564800000000002,0.7288571428571429,10.665714285714285,10.285714285714285,236.47857142857146,0.09813754698278736,-21.65714285714286,17.98,46.22714285714286,-46.22714285714286,1.6594587521806389e-07,23.113569474781848,40.033881186678954,23.113573478169855,40.033878875321804,-40.033881186678954,0.0,13312002.958111348,25086471.711343385,0.40879231337291516,0.4135335394532695,1.129119994782251,1.4413877032232236,1.639111101773666,3.9416923620957838,9593012.673858885,14.173263516562377,22.449126492106082,0.4790814951466413,-0.026098107664220917,23.096967131806405,0.7218681732727008,1222129710.5150115,52.446103781618454,27646.118865211065,25183481.236632716,-6.070444800688695e-07,-2.8487674044093904e-08,-16.456840832139534,52.45625284620335,119.51052361506845,119.51179620499278,75.5771454258703,66666.75060950834,76885703.98921742,1.0398299561334805,0.3829629395648405,1.4091839002938258,3.3346113020752526,0.37852081367457524,1.2335456709385828,3.295795836242251,0.5305704678575763,5.413694168465591,-13.571428571428573,0.1625714285714286,0.37857142857142856,0.8160714285714286,0.39,0.7422857142857142,0.9502857142857142
11.4648,0.8054285714285714,12.642857142857142,7.04,249.85,0.09539822499109256,-18.0,20.1,43.82714285714286,-43.82714285714286,1.5733037194644403e-07,21.913569576217817,37.95542015903222,21.91357337175973,37.955417967675075,-37.95542015903222,0.0,12134339.464737516,16241038.840908479,0.4025983751540127,0.4083651088042779,1.0615701950140586,1.3569145579253763,1.5633776668379347,3.9168282990483396,9178680.495036941,14.368958329416287,11.342990389071748,0.3259978482728289,-0.012429031077307532,17.109765382349917,0.48053431962978166,770161386.4764483,34.457322862287846,19095.389992753757,16338070.995578215,-5.867684215378394e-07,-4.030932372501262e-08,-12.329115965553305,34.47180157970806,90.38782916447485,90.38904945091285,59.642573084213396,70436.35090977712,79287717.90597117,1.2466606027425042,0.3780038965633225,1.3414407523174967,3.3156976236899105,0.37258832535631403,1.1592444967325632,3.2796102473926863,0.570316359002249,5.359317898487102,-10.885714285714286,0.4265714285714286,0.19685714285714284,0.8167857142857142,1.406,1.3571428571428572,0.7857142857142857
12.264800000000001,0.7391428571428571,12.837142857142858,11.908571428571427,245.47857142857143,0.09624096915810315,-16.49142857142857,19.46,53.427142857142854,-53.427142857142854,1.9179238503292348e-07,26.71356917047394,46.26926426961915,26.71357379740024,46.269261598262,-46.26926426961915,0.0,13643763.162558105,22304021.728076465,0.4044019978839458,0.4098169651747537,1.0828684757046556,1.3835564176969926,1.5874816965908782,3.924344142653404,9816347.565486655,19.64527103763166,6.138120413394211,0.438050238411626,-0.013625159242736799,18.269440208333528,0.6559336901396206,622556290.432793,24.806440934944447,24901.467333564095,22401014.455401167,-6.778659841816477e-07,-3.841606080195116e-08,-11.465139991823891,24.82044044081948,127.1304214743378,127.13642815264285,82.83356425974247,69203.98158084309,78535134.76779586,1.1983326132810994,0.3795652761112217,1.3629774715404757,3.321495558454293,0.37448140194428686,1.1826532756410553,3.2845265149611937,0.5719937515839888,5.376065333776645,-18.085714285714285,0.6768571428571428,0.6168571428571428,0.8982142857142857,0.37,1.1148571428571428,0.9365714285714285
10.3248,1.1002857142857145,13.58,10.811428571428571,245.52142857142857,0.09623246072729841,-21.84,7.66,49.65571428571428,-49.65571428571428,1.7825373703466369e-07,24.827855044159033,43.00311122617428,24.827859344470035,43.00310874338856,-43.00311122617428,0.0,11470471.107846944,18216707.42208551,0.40435180053319436,0.40976963959900525,1.0826549838009043,1.3832854509356258,1.5872370444263513,3.9242603119017825,8944421.408876702,18.629416254530863,5.838691990740662,0.39428172337518386,-0.01252464717446158,15.269943856834464,0.6904984580577753,645242247.8150412,23.484352253702347,20903.882905005757,18313696.30630216,-7.852705739979698e-07,-4.2599830178423834e-08,-17.58332785054777,23.497490543675585,113.7518058700262,113.75806229737,81.82229926127017,69216.06363308754,78542662.8543057,1.1989865880787391,0.3795498618781715,1.3627631711353496,3.321437048554573,0.37446279975241076,1.1824197104330767,3.284476783221314,0.5721021361341233,5.375898924310132,-6.314285714285715,0.2757142857142857,0.5774285714285714,0.9267857142857143,0.5539999999999999,1.2794285714285714,1.4142857142857141
9.8248,0.9414285714285715,10.517142857142858,11.36,236.56428571428575,0.09811994589818265,-22.8,8.18,45.941428571428574,-45.941428571428574,1.6492022006668058e-07,22.970712344000415,39.78644535005434,22.97071632264484,39.78644305298291,-39.78644535005434,0.0,10251407.661417034,13386665.458055444,0.4087964872239064,0.41354482881907767,1.1286642878010105,1.4408276375622606,1.638616423960645,3.941535751610337,8288494.4860615805,15.871881478787143,19.115240043219554,0.2770952132454723,-0.02394200102171331,16.211175256173707,0.3560211404642575,951063087.919277,45.0169876391927,16213.920952628236,13483668.125657432,-6.77508566454955e-07,-3.856686343119008e-08,-18.170066801398526,45.010324481583396,92.41058662410337,92.41198573508451,61.34084303542176,66690.91471399722,76901511.53484523,1.0416755914369749,0.38293047110037554,1.4087318393109325,3.3344791953046458,0.378482444564029,1.233043413093626,3.295681442659554,0.5312429492424776,5.413331924205049,-18.885714285714286,0.1642857142857143,0.48657142857142865,0.9025,0.266,1.1582857142857144,1.476
12.2048,1.0717142857142858,11.282857142857143,11.017142857142858,240.80714285714288,0.0971988452233072,-16.125714285714285,14.579999999999998,51.027142857142856,-51.027142857142856,1.8317688176130362e-07,25.51356927190991,44.19080324197242,25.51357369099011,44.19080069061527,-44.19080324197242,0.0,12479911.625203263,21655942.63573446,0.4066293961984292,0.41168656931892866,1.1064434888659784,1.4130727237257994,1.6139324929957009,3.933015714684774,9281614.951101739,17.87832530906611,10.374274167149848,0.49990504549954784,-0.01623169769070655,20.551426337436492,0.6037538051858001,766944187.6905575,33.63214724067925,24283.269512703442,21752943.376721285,-6.487776377522287e-07,-3.09805078914114e-08,-12.080392338427043,33.64746332564288,118.7585808126947,118.76440792485317,76.85068303756712,67887.03788619788,77696691.29367982,1.1283765131495784,0.3812709515288161,1.3866221997681067,3.328070365177005,0.3765282682363821,1.2085986162255005,3.2901507956317637,0.5601609377474285,5.394655313135294,-1.8571428571428577,0.298,0.31,0.9803571428571429,1.086,1.0622857142857143,1.4097142857142857
11.5048,0.8408571428571429,11.854285714285714,13.325714285714286,246.76428571428573,0.09598847313060521,-21.565714285714286,15.94,44.17,-44.17,1.58561158128104e-07,22.084998133155533,38.25234316298175,22.085001958389746,38.252340954481745,-38.25234316298175,0.0,12107355.221744703,17206101.29206921,0.40393074625005904,0.4094486786150194,1.0765240576940902,1.3756370294686535,1.5803324418331743,3.922096628372122,9133219.855714863,15.191640821070434,12.781263012812147,0.2763840730096696,-0.012810254404384793,15.922266499445932,0.4341210605755334,760690511.7434374,38.08550668134913,19996.911111374495,17303119.769247185,-6.797629745442017e-07,-3.9084087899974914e-08,-15.851782653658885,38.10040663999384,97.85291731959443,97.85404005846239,65.59737888911339,69566.44314817664,78759623.84242728,1.2153573319495685,0.37909726865190124,1.3565748734997312,3.319749700327455,0.37391745970772955,1.1756796194525958,3.2830427019653228,0.5734100852820121,5.370994858719284,-12.82857142857143,0.6854285714285714,0.33399999999999996,0.8903571428571428,1.162,0.8794285714285714,1.0897142857142856
13.4848,0.7917142857142857,13.80857142857143,9.074285714285715,235.10714285714286,0.09843886235744673,-23.6,8.66,52.57,-52.57,1.8871541957877353e-07,26.284997778129643,45.52695675974532,26.285002330825193,45.52695413124531,-45.52695675974532,0.0,13490482.369986475,29333167.880714886,0.40926877525915933,0.41390855452431075,1.1364545233041288,1.4505167186866064,1.6471681960066937,3.944490253073391,9776304.592791624,21.074009603541636,5.013623203003711,0.37871257439496886,-0.014827241782106076,20.01832145117303,0.7050941108522568,580383251.7722858,23.09183918495882,31694.531277044982,29430141.891914655,-7.144822999773878e-07,-3.37155095713904e-08,-19.44331466963217,23.100880664952573,150.48822347118744,150.4951017812309,102.99967150525427,66280.12493768586,76621529.57296401,1.0105444195370392,0.38348210300794094,1.4164411069436589,3.336742708665819,0.3791339703891346,1.2416276270591469,3.2976453904277956,0.5198292140795483,5.4194902875696345,-3.571428571428573,0.40942857142857136,0.4694285714285714,0.7739285714285714,0.6659999999999999,0.9868571428571429,0.9914285714285714
9.4648,0.8625714285714285,10.951428571428572,10.857142857142858,243.59285714285716,0.09661898358165474,-21.154285714285713,15.82,47.88428571428572,-47.88428571428572,1.7189467509608713e-07,23.942140833314156,41.4690090391017,23.942144980214945,41.46900664488741,-41.4690090391017,0.0,11175723.67051805,12892950.916447172,0.4053662073117527,0.4106369344272574,1.0922995620533986,1.395361833899945,1.5981108570468345,3.9278020313794477,8687669.387103349,16.444423675411542,13.758418752145257,0.29004862586968305,-0.018536945800787172,15.738497202726242,0.40733169529585384,800388847.0881767,38.73914950373572,15741.917616732884,12989953.135717418,-7.25083806653001e-07,-4.6169121420378405e-08,-15.293488081884972,38.75163714033708,94.15291291319178,94.15446338041134,65.03613881822639,68672.37128208725,78201397.64820415,1.1697745043078636,0.38025621167543916,1.3724621056765411,3.324110464535045,0.3753111126818526,1.1930130698566785,3.2867546538999073,0.5671645901082147,5.383590127889877,-13.62857142857143,0.166,0.18828571428571428,0.8060714285714285,1.466,1.2679999999999998,1.0851428571428572
10.5248,1.0122857142857145,10.562857142857142,10.01142857142857,238.06428571428572,0.09778859962238567,-21.10857142857143,7.1,58.855714285714285,-58.855714285714285,2.112798329092065e-07,29.427854655321156,50.97054516548676,29.427859752375532,50.97054222270104,-50.97054516548676,0.0,11435234.516008869,18608501.26748263,0.40789003164615545,0.4127447573949201,1.1207155167732277,1.430888171044466,1.6297943558955261,3.938437632636532,8768512.515189817,23.684963637703532,7.3296884377398195,0.34860333006620203,-0.02734870125832804,20.170627389052413,0.44725128219880267,592335190.5541847,28.577327017770347,21193.720605706774,18705459.08147151,-7.236347641614873e-07,-3.641869208374753e-08,-17.356219724862736,28.58983544271518,136.36225599061922,136.3685129248058,89.54542018188755,67113.78654255303,77186444.18557616,1.074263474495691,0.3823615921142686,1.4008484010054227,3.3321875740433176,0.3778098475965591,1.224308213171775,3.2937018291951854,0.5432009844672425,5.406989966860694,-1.3428571428571416,0.21914285714285714,0.3768571428571429,0.9639285714285715,0.21,1.188,1.3914285714285715
8.4848,0.7448571428571429,11.077142857142857,10.56,237.76428571428573,0.09785475046993448,-22.64,20.98,49.370000000000005,-49.370000000000005,1.7722808188328038e-07,24.684997913377604,42.75567538954968,24.685002188945024,42.75567292104967,-42.75567538954968,0.0,11854074.824434279,12230853.503439829,0.4080881913616101,0.4129219754738355,1.122299523821356,1.4328715877961413,1.631558667700922,3.9390624686606457,8958014.94115635,17.675371281852808,12.079803704261828,0.2597954131030926,-0.018378809304014396,15.059413202036284,0.4179504035355383,736990738.2845385,35.848669237983714,15067.726976975506,12327848.344959153,-7.69135664959213e-07,-5.676485666804651e-08,-15.142201786247368,35.860889096133086,96.10709187387488,96.10877700473335,68.80103754902484,67029.21217684186,77129792.4659121,1.0677032183280246,0.3824754111214479,1.4024207204755053,3.3326427651294854,0.3779444853051358,1.2260470569145812,3.294094369087509,0.5408287723433565,5.408257828677131,-11.228571428571428,0.28085714285714286,0.36657142857142855,0.7725,1.494,1.06,0.9068571428571428
7.1248,0.8088571428571428,11.751428571428571,12.068571428571428,247.49285714285713,0.0958443046064345,-16.97142857142857,12.82,42.284285714285716,-42.284285714285716,1.517918341289741e-07,21.14214106999808,36.61926664125932,21.142144731924642,36.619264527045026,-36.61926664125932,0.0,9529261.020908374,8027311.679252528,0.4037453585229563,0.4093245482078453,1.0729717863162551,1.3712046306035421,1.5763384338855433,3.9208842100673365,8094397.766257574,13.387883512114803,17.317254642488084,0.2964463648086022,-0.01564232939961831,11.556986914362227,0.44776238011317804,953410241.6474965,40.81614266417314,11096.58251999208,8124350.708927567,-7.154104680301364e-07,-5.2592242197928025e-08,-11.55373096864714,40.74343694563366,66.8006320731889,66.80349798557826,46.9141673956731,69771.83803633228,78887205.66617814,1.2226924845320186,0.37884488679676287,1.3529872890218246,3.3187861292253054,0.37360950289004896,1.1717656674949877,3.2822239145266145,0.5726582274135613,5.368319419544021,-16.42857142857143,0.12142857142857143,0.24485714285714286,0.7882142857142858,0.218,1.332,1.0417142857142858
9.4448,1.1082857142857145,12.06,9.577142857142857,242.99285714285713,0.09674195287988584,-16.034285714285716,16.38,59.712857142857146,-59.712857142857146,2.143567983633565e-07,29.856426047665455,51.7128526753606,29.85643121895058,51.71284968971773,-51.7128526753606,0.0,11785036.557928128,14193641.271038117,0.4054880954416422,0.41070998424364047,1.0953188606044544,1.3991188915150463,1.6014759965231002,3.9288646283381325,8961824.128399067,23.29751587553997,5.713792302734546,0.5225796136268818,-0.02098272481863476,16.191135181692804,0.7330264563909435,619800919.955653,22.37231068611232,16926.64826117902,14290611.518692505,-8.503824266269944e-07,-5.314200244937248e-08,-11.141206034089908,22.384730986169085,119.00371609150488,119.00988230697727,84.90237992133687,68503.2225506649,78093907.33747253,1.1607787980581314,0.3804721237079717,1.3754937533490634,3.3249502691667265,0.375571044115785,1.1963399187916837,3.2874727092453604,0.5656481562244442,5.385929742181416,-9.628571428571428,0.3134285714285714,0.37342857142857144,0.8482142857142857,0.27,0.82,1.3182857142857143
13.604800000000001,0.7402857142857142,13.717142857142857,9.965714285714286,247.19285714285712,0.095904838483402,-22.571428571428573,10.219999999999999,54.74142857142857,-54.74142857142857,1.9651039872928676e-07,27.37071197206853,47.40746911809236,27.37071671281531,47.407466381020924,-47.40746911809236,0.0,13901029.425998284,30305705.45101415,0.40353605169110296,0.4090846398933694,1.0744260849016716,1.3729745184486755,1.5779320985961498,3.9212928295356697,9959337.961782372,21.342689996598036,4.590682222617367,0.39315818662795377,-0.015679518511429815,20.316215179327305,0.7199127103744969,572038203.0423138,22.837075623145314,32649.638005911136,30402674.861506034,-7.3107566873719e-07,-3.4160504192706135e-08,-18.35589043763516,22.848882752029294,158.52548887888338,158.53251359756288,107.86108853183485,69687.26367062115,78833662.11264287,1.219669348173077,0.3789488069355133,1.3544630658193975,3.319181955998658,0.3737363370795256,1.1733745832849785,3.2825600637486865,0.5729719952257576,5.369420598627029,-17.285714285714285,0.2397142857142857,0.538,0.8775,1.2979999999999998,0.9205714285714285,1.1011428571428572
12.5048,1.058,14.197142857142858,8.251428571428573,249.72142857142856,0.09542217599883605,-17.291428571428572,15.54,59.769999999999996,-59.769999999999996,2.1456192939363312e-07,29.884997473821738,51.76233984268551,29.88500265005558,51.762336854185506,-51.76233984268551,0.0,14022842.61067641,26099015.1212948,0.40236085845816255,0.40811171459001416,1.0621798834811662,1.3576340228437116,1.5640304350394236,3.916960975116223,10013149.701683447,23.257959946780794,4.82484971945491,0.6477218395191371,-0.017055980710169703,19.131881570386312,0.9398514300134513,668060110.1789876,19.74241146615114,28542.724180463003,26195982.076671816,-7.69114594268878e-07,-4.111653952686976e-08,-12.92287477899889,19.75171680090601,154.83767759252547,154.84430012000786,105.43361525106745,70400.10475304378,79266188.85247342,1.2453482115573105,0.37804844352441025,1.3420659822259047,3.315862758945746,0.3726428366173051,1.1599208768930047,3.279749567573685,0.57044248938578,5.359788022660707,-15.857142857142858,0.3202857142857143,0.6477142857142857,0.9767857142857143,0.9019999999999999,0.9388571428571428,1.0485714285714285
13.2848,0.858,11.317142857142857,6.468571428571429,235.5357142857143,0.09834325475439419,-16.194285714285712,15.14,49.48428571428571,-49.48428571428571,1.776383439438337e-07,24.742140765690174,42.85464972419952,24.742145051155028,42.85464724998522,-42.85464972419952,0.0,12342174.22153674,23402861.960817553,0.40921131270712824,0.4138839452070581,1.1341569296509968,1.4476694306940896,1.6446604530195956,3.9436341610618184,9201560.204999257,16.999814232779126,12.184510346668256,0.5555453455869761,-0.018377539182948713,23.37285597981462,0.7016730482444922,861995656.3741279,36.07927645463114,25996.543709394613,23499869.342297446,-6.204619356230092e-07,-2.8556808128239558e-08,-12.258527338018999,36.0926859275838,118.32928715589608,118.33001082315087,76.29098623356644,66400.9454601304,76704492.0839394,1.0196472587032417,0.38331993902399125,1.4141684285456004,3.336073076033848,0.3789425157408167,1.23909271657316,3.2970634864494692,0.5231791578520165,5.417678902531024,-13.857142857142858,0.15742857142857145,0.6425714285714285,0.8253571428571429,0.174,0.8039999999999999,0.9342857142857142
9.0448,0.8717142857142857,11.054285714285715,11.085714285714285,241.0214285714286,0.09715332300341598,-19.577142857142857,7.06,48.34142857142857,-48.34142857142857,1.7353572333830043e-07,24.170712242564445,41.864906377701075,24.170716429054966,41.86490396062964,-41.864906377701075,0.0,9752175.657354578,11846525.034616971,0.40658450931491635,0.41165902725562714,1.1053476467201877,1.4117080462357243,1.6127198755467926,3.9326283259328725,8118816.305204379,17.24065404720713,11.731406053448632,0.287611195560683,-0.017208865723887985,15.010493810992411,0.40555621917236173,731014109.3587358,34.25598522499754,14710.55602457747,11943524.680332303,-7.047666740935005e-07,-4.130321051007027e-08,-15.576652000196008,34.26521260855359,90.9704620914765,90.97218903381304,61.345695410291036,67947.44814742016,77735954.26275687,1.1315285535639565,0.38119383794833844,1.385527389875629,3.3277622516777186,0.376435662376065,1.2073880312283818,3.2898855676262437,0.5606990505742288,5.393816638174944,-8.942857142857143,0.5105714285714286,0.17285714285714288,0.8389285714285715,0.294,0.852,1.0782857142857143
10.724800000000002,0.746,13.054285714285715,6.308571428571429,247.79285714285714,0.0957874511337205,-18.845714285714287,10.1,54.112857142857145,-54.112857142857145,1.9425395739624346e-07,27.05642628434938,46.86311027751822,27.056430970660276,46.863107571875354,-46.86311027751822,0.0,11568221.25928299,18389173.892711997,0.4033063632106457,0.4089033781225419,1.0714991976872221,1.369315435289888,1.574622716843722,3.9202624295062685,8955339.673607871,20.397501908603974,5.527600630401764,0.4555103845819785,-0.017328650715643743,17.712204556355147,0.7527280614239485,618163615.3123256,22.773548923101448,21052.505228587816,18486153.98930782,-7.287870989617616e-07,-3.976265487091554e-08,-14.947174860800281,22.78733890759792,122.29520661387247,122.30139806443027,85.2817022537392,69856.41240204348,78938726.5986354,1.2257444555856738,0.3787287426615284,1.351501675016391,3.318379725408576,0.37347104641760753,1.1701549644714988,3.281879054544635,0.5723596241151496,5.367034740348027,-11.628571428571428,0.4642857142857143,0.6665714285714285,0.7532142857142857,0.9259999999999999,1.1537142857142857,1.2931428571428571
13.2048,1.096857142857143,11.168571428571429,9.82857142857143,246.3357142857143,0.09607293471081328,-18.25142857142857,20.06,49.77,-49.77,1.7866399909521703e-07,24.88499789647161,43.10208556082413,24.885002206680046,43.10208307232413,-43.10208556082413,0.0,13596758.222572375,24626183.507584758,0.4040446779485773,0.4095269216351534,1.078621251905048,1.3782572421623647,1.5826889782991878,3.922820378386824,9730389.901085708,16.49884057418728,12.243137728846284,0.5179904913680956,-0.017428070251705167,22.537125517977213,0.6348949653023418,847400750.9291402,38.79566935423924,27196.520962842587,24723187.06325894,-6.400922358228394e-07,-3.1421500263212836e-08,-13.182914791773698,38.814817514924265,122.83207681810654,122.83288506783728,79.03713103352868,69445.6226257321,78685054.11816056,1.2110651840953004,0.3792456375994724,1.3586906949171567,3.320320030846404,0.3740984120939147,1.1779924151154826,3.283528147848199,0.573891838448424,5.3725685185401435,-11.057142857142857,0.4762857142857143,0.346,0.7903571428571429,0.9859999999999998,1.0668571428571427,0.7491428571428571
10.6448,0.7197142857142856,12.94,12.685714285714287,242.05,0.09693753502246079,-19.6,17.619999999999997,60.17,-60.17,2.159978466055698e-07,30.084997456915747,52.10875001395998,30.085002667790604,52.10874700545997,-52.10875001395998,0.0,13503072.224365931,20293174.084987685,0.40587750221085395,0.41102627144203646,1.1000925303612332,1.4050909687877307,1.606813389874728,3.9306066549935843,9725231.464889169,24.129712657777723,5.002497868718669,0.5469620246570224,-0.01797049970637429,16.606169481314815,0.8133694806941779,597256155.0294726,21.55024408504219,22853.691921246653,20390135.75422119,-8.902583565188401e-07,-5.081926216844137e-08,-14.11456834580886,21.560965648106617,142.9447639956026,142.95125644908126,102.57826259005604,68237.41740128698,77923690.8751247,1.1467340263925525,0.3808113443293394,1.3802748798176168,3.326281417754174,0.3759791149535189,1.201599648835809,3.2886133622289284,0.5632875111000418,5.389609613540029,-14.142857142857144,0.6031428571428571,0.6905714285714285,0.9510714285714286,0.7539999999999999,1.2611428571428571,1.4394285714285715
10.2248,1.002,11.922857142857143,9.188571428571429,238.36428571428573,0.09772276682153895,-22.274285714285714,7.42,44.51285714285714,-44.51285714285714,1.5979194430976399e-07,22.256426690093253,38.54926616693128,22.25643054501976,38.54926394128842,-38.54926616693128,0.0,10672210.004418135,15639210.663241893,0.40795760541004317,0.4128373823635385,1.119140725342602,1.4289554232502137,1.628076620699072,3.937891496862742,8541293.352741234,16.17461294374123,11.779380154811342,0.2560391614295771,-0.01495253685506959,16.60050462032869,0.4240559298660602,759777745.3412752,34.3747761739742,18434.11223355149,15736220.934850296,-6.254669280259122e-07,-3.514351221748472e-08,-18.061456683950087,34.3829422582777,94.04027983628441,94.04155298129996,62.720178461480295,67198.36090826416,77242926.33029181,1.0808452983047847,0.38224774006101053,1.39927821507751,3.3317339150533267,0.3776751418249487,1.2225734771642052,3.293310957643398,0.5455757181720214,5.405722152028841,-1.514285714285716,0.5671428571428572,0.33914285714285713,0.7632142857142857,0.33399999999999996,1.4097142857142857,1.4211428571428573
8.524799999999999,1.074,11.911428571428571,13.85142857142857,243.7642857142857,0.0965841005282146,-21.497142857142858,18.42,47.48428571428572,-47.48428571428572,1.7045875788415048e-07,23.74214085022015,41.12259886782724,23.742144962479923,41.12259649361295,-41.12259886782724,0.0,12001805.58054949,13510917.830816653,0.40523612139046683,0.41051927839199565,1.0914370972165828,1.394275178269015,1.5971355717105593,3.9274747763618194,9091283.40082502,17.04902374862878,9.63290891605514,0.26267285231219434,-0.01252507931909033,13.611780622953788,0.4958767432178242,704783372.7331009,31.9405636487843,16350.942449217957,13607922.306667417,-7.732244877232146e-07,-5.333453452033008e-08,-14.60525542924609,31.955449111066407,96.22484052748146,96.22640680732705,68.05986321578659,68720.69949106504,78231958.56389228,1.172352597114664,0.3801945268160241,1.3715975263520555,3.3238715723837666,0.37523682044677314,1.192065436461491,3.2865506085180427,0.5675978628895333,5.382922129039062,-5.800000000000001,0.32371428571428573,0.3065714285714286,0.8603571428571428,0.6859999999999999,0.7194285714285714,1.1308571428571428
8.0448,1.008857142857143,13.51142857142857,8.914285714285715,237.89285714285714,0.09782636149216958,-18.685714285714287,17.86,42.91285714285714,-42.91285714285714,1.540482754620174e-07,21.45642675771723,37.16362548183346,21.456430474079674,37.1636233361906,-37.16362548183346,0.0,11194483.506561454,11070736.940169226,0.4081149590202464,0.4129594950003244,1.1216227848663876,1.4320405952577262,1.630821087058298,3.9388268891655556,8821362.394310214,14.92732825163563,9.63526982506745,0.3377259090233116,-0.009615928567048166,12.440416218009174,0.5942377562018405,749818737.7896525,28.75109903219913,14037.679410534593,11167770.732286148,-7.176588573632092e-07,-5.7383348896102e-08,-12.198473505603614,28.758994243896915,76.83754523366414,76.83984837646615,56.28428494551056,67065.4583335752,77154092.22217925,1.0705121308810561,0.3824266394612427,1.4017465919124026,3.3324474943584024,0.37788679618407234,1.2253013467627885,3.293925938251423,0.5418451230730916,5.407714518834676,-15.342857142857142,0.5825714285714285,0.5602857142857143,0.9175,0.45400000000000007,1.4828571428571429,1.2565714285714287
8.4048,0.8328571428571429,11.5,7.977142857142857,247.2785714285714,0.09588816114781036,-17.84,16.42,59.31285714285714,-59.31285714285714,2.1292088115141981e-07,29.65642606457145,51.36644250408614,29.656431201215554,51.366439538443274,-51.36644250408614,0.0,11394096.117806517,12594528.25248712,0.40351880391715333,0.40907480475124386,1.0740085108669977,1.372455764661517,1.5774647240267654,3.9211582556558358,8800847.662008412,22.73129449082425,6.022868963048831,0.42607150455328735,-0.02432890218055694,16.318650913487318,0.602507245785712,618990285.0865192,23.942615048703384,15365.853414776575,12691495.859219398,-8.226453587541726e-07,-5.5833004914966474e-08,-12.579372935037345,23.957309617709292,113.14905952963113,113.15539336895247,81.05834397197877,69711.42777511006,78848445.27629343,1.220532919190989,0.37891910855821925,1.3540411555810485,3.319068713121091,0.3737000976930872,1.1729145094223008,3.2824638754387037,0.572884691053025,5.369105813139655,-14.085714285714285,0.6785714285714285,0.37171428571428566,0.9196428571428572,0.566,1.108,1.0554285714285714
13.0248,1.1094285714285714,12.288571428571428,7.428571428571429,245.22142857142856,0.09629190290347493,-22.228571428571428,9.14,53.14142857142857,-53.14142857142857,1.9076672988154017e-07,26.57071203969251,46.02182843299454,26.570716641875222,46.021825775923105,-46.02182843299454,0.0,13119517.23921203,27693775.117314957,0.4044652627232392,0.409859198619908,1.0841453342763037,1.3851435441076052,1.5889130885713973,3.924787640216965,9575431.847591545,20.040794664958497,6.445318826847269,0.3778633007444405,-0.019139095847513644,22.59880664990628,0.5488462595338869,583815244.1989864,28.29498409295238,30114.04705062614,27790750.45601422,-7.269802999672091e-07,-3.12463153461903e-08,-18.304039387544513,28.309051460893606,145.06297503789094,145.06967277839485,100.38973768993603,69131.48926737635,78490074.82747671,1.1944039129535644,0.3796579879454282,1.3642645610702324,3.3218474597895815,0.3745932008664246,1.184056209610398,3.284825668668738,0.5712614335418373,5.377067751426605,-3.2857142857142847,0.40428571428571425,0.4574285714285714,0.7503571428571428,0.898,1.012,1.1628571428571428
11.9448,0.8545714285714285,11.728571428571428,7.52,248.69285714285715,0.09561541445395849,-17.97714285714286,7.74,57.65571428571428,-57.65571428571428,2.0697208127339657e-07,28.827854706039137,49.93131465166339,28.827859699170464,49.93131176887767,-49.93131465166339,0.0,12105027.336217087,23497397.212449536,0.4028724455749373,0.40854136410733927,1.067138763277218,1.363846153428794,1.569674918836646,3.918716564399731,9135738.733582076,21.94216245648261,6.251789035739172,0.46700709230194604,-0.023141727697091552,22.08708282697885,0.6484817948131504,621715904.7739398,26.598773265429863,26007.704355219794,23594365.936412603,-7.37692726605073e-07,-3.1724429400412076e-08,-14.791535558780527,26.61370955174902,143.5605611985432,143.56701232169448,97.83560021023467,70110.13549917692,79092078.3391133,1.234857684569982,0.3784169522553243,1.3470931738283516,3.3172040151473565,0.3730901417201135,1.1653623272508233,3.280883013399509,0.5714556489342564,5.363735630956535,-12.428571428571429,0.4951428571428571,0.5671428571428572,0.8817857142857143,1.1260000000000001,0.7537142857142857,0.8108571428571428
13.104800000000001,0.8922857142857143,14.094285714285714,8.662857142857142,243.72142857142856,0.09659282119724474,-17.542857142857144,17.259999999999998,47.712857142857146,-47.712857142857146,1.7127928200525714e-07,23.856426554845296,41.320547537126934,23.856430686899934,41.32054515148407,-41.320547537126934,0.0,13319052.988443144,23071256.07786937,0.40527839235574314,0.4105583571802642,1.0916527335167079,1.3945463418395192,1.597378723062424,3.9275502799788553,9739826.298490059,17.022063707010076,6.426948699094698,0.4070346871802216,-0.010368884071531968,17.933347465250655,0.6574874945149205,673820808.3698168,24.542233526440672,25700.103047787157,23168269.01390465,-6.208705511232759e-07,-3.6375900248080746e-08,-12.72905160056782,24.55511205836411,114.22608840232134,114.22689163772827,74.44969477688473,68708.6174388206,78224316.23352848,1.1717077154588669,0.3802099423805885,1.3718136084316084,3.323931248492229,0.37525538847417256,1.1923022012338642,3.2866015652877385,0.567489544419263,5.383089022597051,-11.571428571428571,0.41800000000000004,0.3151428571428571,0.9660714285714286,0.694,1.2839999999999998,0.9731428571428571
12.9448,1.064857142857143,12.562857142857142,8.617142857142857,237.37857142857143,0.09794039698700971,-19.12,11.62,51.712857142857146,-51.712857142857146,1.856384541246236e-07,25.856426385785348,44.784649249871485,25.85643086425015,44.784646664228625,-44.784649249871485,0.0,13065374.231383568,26160648.457308702,0.4082313214978264,0.41303613318671245,1.1243378036954776,1.4354049464183865,1.6338076270600506,3.9398216698014594,9566875.049525075,19.421557995672824,7.050153067865374,0.41337066499638847,-0.015771580561001572,21.298589598700996,0.6222220296931485,643565010.5110102,27.757224457139205,28642.574619083636,26257637.698315874,-6.973313517540632e-07,-3.115689204355664e-08,-15.21131660989383,27.769117617927336,134.2974509135869,134.3037714219937,91.45126076005813,66920.47370664177,77056599.35747041,1.0592998511193774,0.38262178930594426,1.4044455978344725,3.3332303852159892,0.3781175709554866,1.228288740420351,3.2946015920159493,0.5377032265781303,5.409889241688587,-19.571428571428573,0.6254285714285713,0.382,0.7825,1.462,1.4805714285714286,0.9388571428571428
8.2248,0.9128571428571428,13.42,10.194285714285714,245.95000000000002,0.09614768519334993,-22.845714285714287,11.899999999999999,45.65571428571428,-45.65571428571428,1.6389456491529724e-07,22.82785521321898,39.539009513429725,22.827859167119822,39.539007230644,-39.539009513429725,0.0,11217167.410458999,14122367.40758226,0.40419690165776256,0.40964906257064354,1.0805317690170442,1.3806391703845162,1.5848477647193757,3.9235112390120634,8842803.411063403,16.642151593459996,7.243074949006559,0.3272938847782553,-0.011082252951764342,13.37660100096906,0.6432765493059621,696887110.4967482,26.228259721121507,16954.229424460984,14219373.244584432,-7.78074284290891e-07,-5.242830546216447e-08,-17.15862720839918,26.242318009214006,94.05144744461222,94.05339690384044,69.8390709977782,69336.88415553208,78617768.37261197,1.205538447262305,0.3793956289393615,1.360622598132383,3.3208534281603557,0.3742766552047048,1.180088666567244,3.2839810665448947,0.5731860041934095,5.374234024207874,-11.285714285714285,0.11457142857142857,0.478,0.8553571428571428,0.11800000000000001,1.4325714285714286,1.2268571428571429
8.3448,1.0545714285714287,13.362857142857143,12.205714285714286,236.26428571428573,0.09818368782062878,-19.737142857142857,8.620000000000001,61.25571428571429,-61.25571428571429,2.1989533618082642e-07,30.62785455388519,53.0490061931335,30.627859858785662,53.04900313034778,-53.0490061931335,0.0,11471550.213792847,15928085.619499665,0.40866314505230905,0.4133857279481709,1.1302571450187193,1.442774728450319,1.6403352664984818,3.9420763286333216,8920012.258165844,25.885127317194208,5.979275541992137,0.7976339308912037,-0.018603373486272733,14.198338566894012,1.1934940435687706,774247688.4594426,18.999969806253034,18566.49658110043,16025039.817425346,-9.798711777143356e-07,-5.531566116153458e-08,-15.48212059348512,19.008702390219074,136.3931604162776,136.39986090908397,103.50140632285792,66606.34034828609,76844668.47140202,1.0352241818421057,0.38304411016397416,1.4103148922173048,3.334942157108816,0.3786167202898087,1.2348027606239338,3.296082437304398,0.5288884645072289,5.41459984259177,-11.799999999999999,0.13342857142857142,0.5054285714285714,0.8617857142857143,1.0939999999999999,1.1057142857142856,0.8405714285714285
7.0047999999999995,0.9494285714285715,13.877142857142857,11.382857142857143,247.23571428571427,0.09589649657380038,-19.18857142857143,11.82,41.941428571428574,-41.941428571428574,1.5056104794731414e-07,20.970712513060363,36.322343637309785,20.970716145294624,36.322341540238355,-36.322343637309785,0.0,10351462.125688449,11066120.914941365,0.4037103722064203,0.40926608190951286,1.0742212910877265,1.3727481547700955,1.5777296201810334,3.921280735433887,8540740.387165388,14.918568851563304,8.50421767245766,0.34246332923740297,-0.008227196335182587,11.348454909814043,0.7327095949861233,757773971.2664574,27.383301268088207,14048.154966919126,11163155.047876662,-7.473656567391343e-07,-5.405471583990489e-08,-13.745783334062097,27.396473967630087,78.02924606765674,78.03171587706412,57.907825827467356,69699.34572286559,78841055.6850912,1.2201010830469707,0.3789339576982366,1.3542520902347979,3.319125321252209,0.3737182171087693,1.1731444899907324,3.282511952222959,0.57292832973074,5.369263198995003,-0.31428571428571317,0.502,0.19,0.8639285714285714,0.7579999999999999,1.485142857142857,1.3
13.4648,1.032857142857143,10.86,8.868571428571428,241.75,0.09699923895675046,-16.88,8.82,43.99857142857143,-43.99857142857143,1.57945765037274e-07,21.999283854686674,38.10388166100699,21.999287665074736,38.10387946107841,-38.10388166100699,0.0,11239391.005349992,21833430.24617282,0.4064228129909767,0.4115550859083461,1.1016337630446904,1.4070743460364876,1.6085942536996434,3.9312812569785502,8765780.64975107,11.464652166101814,25.060990915274793,0.5459153138931394,-0.029614320013489754,22.34080296586201,0.7246302620104081,1266973193.4206429,53.34480800330533,24528.796283342497,21930458.22054162,-5.386899019817685e-07,-2.3635053307478085e-08,-13.668213862973209,53.32388254190341,104.15918094078813,104.1611426758918,63.340137762829976,68152.84303557582,77869182.33066812,1.1422854961006919,0.38093166573653936,1.381813060853061,3.3267202350298253,0.37612065951789797,1.2032871618204184,3.288989812702895,0.5625406518058332,5.390967319318702,-4.314285714285715,0.5757142857142857,0.4505714285714286,0.8975,0.482,1.2062857142857142,1.2337142857142855
9.8048,0.8488571428571429,13.991428571428571,13.577142857142857,241.70714285714286,0.09700820465037219,-19.257142857142856,11.379999999999999,44.39857142857143,-44.39857142857143,1.5938168224921065e-07,22.19928383778068,38.450291832281444,22.199287682809757,38.45028961235286,-38.450291832281444,0.0,11375761.182671404,15780092.801001934,0.406222646392795,0.41134867233782524,1.1018474246432846,1.4073126162373364,1.6088050029568024,3.931313667991967,8958739.142694477,16.21277929921759,7.250235888812661,0.37064674383096546,-0.008215147705968793,13.146286700034752,0.7446101853468227,710307243.5069218,25.37111130440319,18604.83257412219,15877113.793569477,-7.363239315973715e-07,-4.454589732385762e-08,-14.445709180698962,25.383460700604882,94.75841389790143,94.75982619863738,67.3393206388387,68140.76098333139,77861411.83708407,1.141650927282903,0.38094709592511067,1.382031220796013,3.3267813027462014,0.37613920419282637,1.203527765618224,3.2890422587882924,0.5624323202689065,5.391134958767447,-19.17142857142857,0.2722857142857143,0.27914285714285714,0.7932142857142858,0.10600000000000001,1.0325714285714285,0.7102857142857142
6.8248,0.7151428571428571,10.928571428571429,6.674285714285714,241.57857142857142,0.09703530062985982,-21.268571428571427,7.18,43.941428571428574,-43.941428571428574,1.5774063400699734e-07,21.97071242853039,38.05439449368207,21.970716233969732,38.05439229661063,-38.05439449368207,0.0,8809415.67004966,7950646.7703513075,0.4064242437434003,0.4115429661110114,1.1025052995796107,1.4081597501041834,1.609561871792657,3.9316029471919194,7737141.911252682,14.43682633032118,21.35579115265345,0.2616103654310591,-0.029684607000321946,13.640098657724153,0.414021740088326,1072718473.996837,45.50225513040728,10952.012573083317,8047662.336110683,-6.671777314129382e-07,-4.9653777903618885e-08,-16.598795879191407,45.390245015214745,70.95776493217639,70.9606565746811,50.6506773015368,68104.51482659802,77837949.86382203,1.1397487439271732,0.3809933542015513,1.3826858746755721,3.326964639470998,0.37619480115946624,1.204249976493587,3.289199749286149,0.5621073256017066,5.391637470435483,-15.514285714285714,0.3682857142857143,0.4848571428571429,0.7832142857142858,0.97,1.2108571428571429,1.0142857142857142
7.8448,0.73,14.311428571428571,10.537142857142857,242.09285714285716,0.09692856325610655,-22.411428571428573,7.38,59.48428571428572,-59.48428571428572,2.1353627424224984e-07,29.742140343040308,51.51490400606091,29.74214549453057,51.51490103184661,-51.51490400606091,0.0,11505980.739785958,16974066.48913323,0.4058337892772798,0.41098545550682863,1.0998742872223446,1.4048141189402927,1.6065660792307137,3.930519809021734,9002092.338765146,24.76891480684108,7.977641953238938,0.988311354362884,-0.017313940370252013,13.811112790240166,1.563785993846168,1020244046.5196844,18.139014581152708,19593.672095907088,17071019.750075124,-9.836621973556435e-07,-5.733783258297382e-08,-17.94229287761808,18.148547261478846,139.6250358707645,139.63211312703694,110.31369291333442,68249.49945353145,77931478.21266913,1.1473703153869728,0.3807959295139392,1.380057121932068,3.326220611395203,0.3759605789308273,1.201359730983462,3.288561188531785,0.5633958432572304,5.389442282156237,-2.4285714285714306,0.10771428571428572,0.21914285714285714,0.9953571428571428,1.0899999999999999,1.4394285714285715,1.3411428571428572
11.3448,1.082,11.34,13.69142857142857,247.0214285714286,0.09593827045045288,-20.742857142857144,11.219999999999999,50.455714285714286,-50.455714285714286,1.8112557145853698e-07,25.227855010347046,43.695931568723196,25.22785937994008,43.695929045937476,-43.695931568723196,0.0,12093704.094998231,19912593.493496656,0.4036796450092575,0.4092157562552276,1.0752640883545372,1.374036514657141,1.5788898807088363,3.921612099756587,9123195.241755463,18.17866643979605,8.88722894295121,0.32729851788268516,-0.015112938980923975,17.81896723989794,0.3912448169799219,618610825.8541368,33.21755150340211,22563.77082473005,20009583.6060265,-7.817613628923257e-07,-3.619403763770734e-08,-16.294214736963482,33.235307401063736,118.32202665253266,118.32810962724858,82.0142576542147,69638.93546164331,78804048.5149113,1.2179434315207696,0.3790081914384244,1.3553072476207937,3.319408723286781,0.3738087963932201,1.1742956474395887,3.2827527730599306,0.5731469239983831,5.370050170253232,-3.9714285714285715,0.6014285714285714,0.5705714285714285,0.7675,1.306,0.7308571428571429,1.1925714285714286
10.0448,0.9608571428571429,14.002857142857142,7.222857142857142,237.80714285714288,0.09784528105734037,-17.70285714285714,10.940000000000001,61.427142857142854,-61.427142857142854,2.2051072927165636e-07,30.713568832354046,53.19746769510826,30.71357415210067,53.19746462375111,-53.19746769510826,0.0,12281174.113406196,19271357.24983998,0.4079421957828141,0.4127770874555042,1.1220703283054925,1.4325664603070207,1.631285644961412,3.9389348255081,9275075.997383593,25.44232037325185,6.711319555071683,0.8938763999382137,-0.019318667990604946,16.73320272006765,1.3660093521239753,871695380.2790663,18.32307000222067,21843.037844551563,19368316.222851127,-8.420692465553751e-07,-4.744612902943771e-08,-13.760852412289623,18.331025004445674,143.77656078848756,143.7830787967993,104.69990505728857,67041.29422908628,77137895.77014942,1.0686390583919527,0.38245916048440726,1.4021959575404368,3.332577645679039,0.37792526315053077,1.2257984123371075,3.294038197701457,0.5411675037711583,5.408076819432923,-3.799999999999997,0.5997142857142856,0.19857142857142857,0.8889285714285714,1.378,1.1628571428571428,1.06
11.5648,0.8042857142857143,11.385714285714286,10.217142857142857,248.17857142857144,0.0957134879113876,-22.388571428571428,8.3,56.97,-56.97,2.0451050891007662e-07,28.4849975921637,49.337468643764325,28.48500252591043,49.33746579526432,-49.337468643764325,0.0,12657310.144423861,24152073.29397606,0.4030883201066425,0.4087155245143998,1.0696266570244946,1.3669612582610886,1.5724945536444477,3.9195883614003897,9356823.064909197,22.08060279170466,6.262372864092679,0.35810998188926235,-0.02298188417844882,21.37351164667889,0.4758904071511624,547273179.1283348,28.52089069526565,26626.902863261017,24249034.805008747,-7.752745317216495e-07,-3.386424466103632e-08,-18.45510120891531,28.536275693169042,148.30074248970837,148.30743624330475,102.75134725852918,69965.15087224351,79004570.17504033,1.2296448789728027,0.37859511720068645,1.349610023612312,3.3178744178418214,0.37330784686888885,1.1680968039871162,3.2814506683623974,0.5719707406354543,5.365620188429413,-15.914285714285715,0.6322857142857142,0.4385714285714286,0.8710714285714286,1.262,1.0302857142857142,1.1697142857142857
10.1248,0.7757142857142857,13.477142857142857,11.702857142857143,244.83571428571426,0.09636894938120394,-20.81142857142857,7.5,43.65571428571429,-43.65571428571429,1.5671497885561404e-07,21.827855297748957,37.80695865705746,21.827859078444718,37.806956474271736,-37.80695865705746,0.0,10709291.984717498,15827275.783439696,0.40479327527390413,0.410159810989069,1.086069344671241,1.387571887070139,1.5911022846860063,3.9255260487723027,8650838.221600056,15.705406366277476,7.7032849075706835,0.29437465559068027,-0.009481989767010465,14.062046301131225,0.6003692940516072,661882012.8360044,27.438360840769057,18648.654401341017,15924294.15899811,-7.114562040324911e-07,-3.9627335018272505e-08,-16.611073196798493,27.45143689242089,92.96091584147177,92.96240046401275,65.34617293524563,69022.75079717631,78422077.56546247,1.1885404312223753,0.37979678813808504,1.3661975540069287,3.3223768874327937,0.37476060044364123,1.186165907961315,3.2852762140103673,0.5702877962507384,5.37856762566237,-14.428571428571429,0.5842857142857143,0.6648571428571428,0.7717857142857143,1.282,1.428,0.948
6.7648,0.906,11.362857142857143,12.868571428571428,247.14999999999998,0.09591318684756649,-20.14857142857143,10.14,51.88428571428571,-51.88428571428571,1.8625384721545355e-07,25.942140664254204,44.93311075184625,25.942145157565154,44.933108157631956,-44.93311075184625,0.0,9987513.901346114,10161325.11248169,0.40363829383895955,0.40918517917354064,1.074636835117881,1.3732538874306301,1.5781849518630446,3.921401532195853,8255119.226278823,19.259904969820496,8.19442502872421,0.3397183308670443,-0.01636390770821625,12.665534636592183,0.5711423579115651,683947838.7955558,28.060197730509834,13038.202971729785,10258310.504559174,-8.477543580407863e-07,-5.590847478735427e-08,-15.010601112992582,28.076141029093787,95.15249719299855,95.15890101353857,68.76805767271263,69675.18161837668,78826264.58459675,1.2192376859058038,0.3789636442973819,1.3546740170808804,3.319238594227774,0.37375444462007146,1.1736047083633132,3.282608187836816,0.5730156875191568,5.369577847372192,-5.2285714285714295,0.5722857142857143,0.6494285714285714,0.8303571428571428,1.022,1.2771428571428571,1.3434285714285714
12.4448,0.874,13.454285714285714,9.645714285714286,242.52142857142854,0.09683931472644917,-19.897142857142857,16.5,54.79857142857143,-54.79857142857143,1.967155297595634e-07,27.399283398224817,47.456956285417284,27.399288143920312,47.4569535454887,-47.456956285417284,0.0,13901983.385150403,24992303.005599067,0.4057123714008944,0.4108980444218483,1.0977026422431557,1.4021040084850627,1.6041460393682887,3.929737170682784,9928543.507012665,21.092236424297138,5.16723623689534,0.4248996549198679,-0.015346463510492962,19.025865704974205,0.7258133234762667,601852801.0913,22.89817446902864,27482.136881206716,25089281.261298053,-7.209751823761323e-07,-3.967156130111442e-08,-14.926289489235229,22.90967426615168,141.66244515293766,141.6689025688799,96.30097397695965,68370.31997597593,78009052.94855455,1.1537411299265452,0.38064175261686034,1.3778817264313303,3.3256140953490094,0.3757751477691724,1.198964942300957,3.288041157379595,0.5644566657912575,5.387769321992673,-9.057142857142857,0.41628571428571426,0.6802857142857142,0.7710714285714285,0.378,0.7102857142857142,1.4668571428571429
12.064800000000002,0.9837142857142858,12.425714285714285,6.9714285714285715,247.92142857142858,0.09576280936093741,-17.588571428571427,11.98,49.59857142857143,-49.59857142857143,1.7804860600438703e-07,24.79928361800275,42.953624058849364,24.79928791336504,42.95362157892079,-42.953624058849364,0.0,11658861.24488404,19250777.054914683,0.4033635193221754,0.4089728203610149,1.0708772898420802,1.3685522932887106,1.5739338158248455,3.920071343586116,8963351.621219058,17.56683419311234,7.542168727784468,0.3650159969273261,-0.015146539718861192,19.062126372780998,0.5310523040339005,634467301.2716949,27.96940123537489,21949.801283197048,19347778.829585288,-6.326832677421307e-07,-3.362328422027452e-08,-13.662668439522553,27.985419673991775,111.18401627795913,111.18503106629802,72.7688680639693,69892.65855877683,78960652.12506557,1.2270436599336663,0.37868419597541725,1.3508707332321934,3.3182110445655852,0.37341664984259026,1.169468213892939,3.2817360025352174,0.5722297441024958,5.366563044523893,-15.057142857142857,0.28600000000000003,0.22428571428571428,0.8917857142857143,0.386,1.034857142857143,0.9411428571428571
11.924800000000001,0.7768571428571428,10.962857142857143,6.217142857142857,245.82142857142858,0.09617305831787175,-21.52,15.74,52.39857142857143,-52.39857142857143,1.8810002648794353e-07,26.199283499660787,45.37849525777055,26.199288037510186,45.37849263784197,-45.37849525777055,0.0,12613356.744332064,21716870.239609465,0.404239699409008,0.40968135988983156,1.0811680181217724,1.3814306791576592,1.5855625312559918,3.923730659486868,9296509.957292276,18.69869205258519,10.01468226016462,0.4044170236156749,-0.023508249957913577,22.888675985211442,0.5297439859302377,695142636.5713811,35.44440739862,24303.57201281258,21813853.167107873,-6.929304161387665e-07,-3.4691727715641785e-08,-16.645784300771027,35.46262990924288,127.03301183124537,127.0392053698791,86.60598894976926,69300.6379987987,78595270.74543072,1.203570617949087,0.3794418958745768,1.3612643024708553,3.32102821630231,0.3743325053657044,1.1807871727422934,3.2841294741595775,0.5728608393424302,5.374733332572931,-7.114285714285714,0.6117142857142857,0.2517142857142857,0.8767857142857143,0.7939999999999999,1.3891428571428572,1.0737142857142856
11.3248,0.8534285714285714,14.128571428571428,12.525714285714287,248.1357142857143,0.09572170513122338,-18.02285714285714,8.1,47.255714285714284,-47.255714285714284,1.696382337630438e-07,23.627855145595003,40.92465019852755,23.62785923805991,40.92464783574183,-40.92465019852755,0.0,11254751.015713958,18206918.939092614,0.4032138505447106,0.40883952560820724,1.0698365897968036,1.367240417831523,1.5727476635908086,3.9196917882281883,8913590.265967594,16.993886636149444,6.006454541065556,0.4282365803967902,-0.009382441941247658,14.638712155568067,0.7590333298109522,650139032.4949169,23.403648941435165,20950.322772158805,18303927.85692077,-7.353931818160969e-07,-3.8147818246980646e-08,-14.3152745123777,23.417896826540478,105.49870220070918,105.4999324404652,73.56620627897513,69953.06881999907,78997249.67663969,1.2292110660680733,0.37860996142850717,1.3498200283489166,3.3179304526489823,0.3733259805407601,1.168325169961862,3.281498150798184,0.5720138378911604,5.365777269375752,-5.9714285714285715,0.14200000000000002,0.2602857142857143,0.8689285714285715,1.43,0.7834285714285714,1.258857142857143
7.0648,0.7494285714285714,14.231428571428571,9.508571428571429,244.45000000000002,0.09644654601090831,-16.948571428571427,13.42,43.08428571428571,-43.08428571428571,1.5466366855284737e-07,21.54214103618609,37.31208698380823,21.542144767394685,37.312084829593935,-37.31208698380823,0.0,10269565.04057108,9954566.886312384,0.4049794284371428,0.41031635049712717,1.0879953032301728,1.3899832282877407,1.5932725190726482,3.9262328430451867,8515906.038749855,14.901967024038019,8.015594904475378,0.444612073402188,-0.008216700080277937,11.165986653861525,0.8098072085474262,764275389.3397346,24.99525202509898,12962.35227252997,10051602.02770353,-7.533754962965293e-07,-5.760588256225903e-08,-11.587020446549984,25.0062087286177,74.32920622403307,74.33211811024017,55.432222570748635,68914.01232697626,78353751.76956932,1.182698396623319,0.37993551023025524,1.3681339133144232,3.3229085121242763,0.3749278582791534,1.1882819459510758,3.285729110099743,0.5693130263542859,5.380067590413059,-0.7142857142857153,0.4214285714285714,0.39914285714285713,0.7875,1.146,1.1445714285714286,1.3937142857142857
8.1848,0.9380000000000001,14.379999999999999,6.811428571428571,246.12142857142857,0.0961139357839198,-23.98857142857143,8.02,46.62714285714286,-46.62714285714286,1.6738179243000053e-07,23.31356945787585,40.3802913579534,23.313573495904876,40.38028902659626,-40.3802913579534,0.0,11092959.722200701,16025495.660360642,0.4040800887768809,0.4095449687494848,1.0796829039446314,1.3795727034676053,1.5838834945451712,3.9231944238799654,8850981.785639163,17.39852567619079,6.027143606071945,0.48318384636166073,-0.011375985963821183,13.945513969045233,0.9066985388804859,685987201.268132,22.707200501686806,18786.83822883105,16122492.16101989,-7.563650718022448e-07,-4.901613775979991e-08,-19.113981862585334,22.720410191800468,103.65688931703693,103.65868514683503,78.55429789180923,69385.21236450986,78647718.0747547,1.2081654361020409,0.3793339332042939,1.3597676238935017,3.320620767291741,0.37420217098034914,1.179158449384042,3.2837835987862953,0.5736195968995067,5.373568330089863,-16.314285714285713,0.6819999999999999,0.46599999999999997,0.7925,0.474,0.9228571428571428,0.9251428571428572
13.424800000000001,0.9517142857142857,12.197142857142858,10.125714285714285,237.25,0.09796901391361469,-18.068571428571428,16.18,54.39857142857143,-54.39857142857143,1.9527961254762677e-07,27.19928341513081,47.11054611414283,27.199288126185294,47.11054339421425,-47.11054611414283,0.0,14041603.579167362,28477783.90130524,0.40826599544017805,0.41306106654919345,1.1250182491960958,1.4362496057528504,1.6345567624393622,3.9400755794767135,9950096.678669441,20.472134241705277,7.232182847990085,0.5132680585701427,-0.016961777875811306,22.32002794468235,0.6705958956601182,695209528.2705165,28.22374891660009,30888.73706945854,28574767.67387082,-7.127199471874684e-07,-3.194056783237066e-08,-13.695299985946965,28.235425838898884,144.24942600326952,144.25585724295695,96.27648986469234,66884.22754990844,77032180.91956061,1.056507102374359,0.38267054388826194,1.4051213076579836,3.333426798843502,0.37817521706779783,1.2290374924773775,3.294771268949722,0.5366896767434066,5.410432698870222,-15.685714285714287,0.2534285714285714,0.12485714285714286,0.8960714285714286,0.322,1.1011428571428572,1.46
7.1848,1.0945714285714288,10.791428571428572,12.502857142857142,245.13571428571427,0.09630907631176665,-18.045714285714286,10.98,48.284285714285716,-48.284285714285716,1.7333059230802378e-07,24.14214081640816,41.81541921037615,24.142144997949966,41.81541679616186,-41.81541921037615,0.0,9561776.938197734,8659497.292873519,0.40468463582032693,0.4100753241038504,1.0845755239769133,1.3857112444506585,1.5894267189126672,3.9250056279363936,8048015.075533584,16.50818477381526,13.606282041110568,0.31999222201725763,-0.017040353107940994,12.678673920511434,0.41736006236349665,834397607.2798638,36.3316615235867,11623.300342664365,8756503.079630252,-7.474069589806974e-07,-5.300959026385715e-08,-12.98051252234799,36.33707776120736,80.8686786610172,80.87110046189242,56.02813823112821,69107.32516288747,78474911.98347318,1.1930993403640076,0.37968883542313064,1.3646937950994282,3.321964912146019,0.37463041042133205,1.1845244931434622,3.2849255872418914,0.571045906089138,5.377400967259581,-10.085714285714285,0.18485714285714286,0.5568571428571428,0.9924999999999999,1.498,1.3365714285714285,0.8657142857142857
7.5847999999999995,1.056857142857143,13.74,8.0,244.19285714285715,0.09649840149416015,-23.325714285714287,12.98,60.91285714285714,-60.91285714285714,2.186645499991664e-07,30.45642599694747,52.75208318918396,30.45643127215564,52.75208014354109,-52.75208318918396,0.0,12157169.151348393,15687036.106632717,0.4048546042284369,0.4101673040581263,1.089276713294004,1.3915490271902862,1.5946779254788193,3.926627055606176,9209163.82520419,25.19602796506303,6.057867709211871,0.8107368427684647,-0.020855247487769735,14.377798256188367,1.2445607936363774,803476390.1232767,18.8531357770047,18331.537008830783,15783985.698025586,-1.0048694208714423e-06,-6.83075984503765e-08,-17.53361909351513,18.86344726229817,136.79332171969648,136.80056437904585,109.53205411857486,68841.52001350955,78308161.80644464,1.1788114000459469,0.38002803780812433,1.369426881070205,3.3232642682960427,0.3750393694582658,1.189696240596333,3.286032438405962,0.5686633759502817,5.381068592527848,-3.4571428571428555,0.598,0.6837142857142857,0.8075,1.106,1.4965714285714287,1.3685714285714285
8.4648,0.738,11.111428571428572,6.354285714285714,245.43571428571428,0.09624948414586035,-21.862857142857145,12.26,51.82714285714286,-51.82714285714286,1.8604871618517692e-07,25.91356923809792,44.88362358452133,25.913573726460157,44.88362099316418,-44.88362358452133,0.0,10559898.698139397,12044057.622702718,0.4044417288734542,0.40985383908412143,1.0830816657857754,1.3838270859764454,1.5877262867033006,3.9244316773663024,8444095.87563932,18.912882699443244,9.114586757483593,0.27984100238637377,-0.022638119768365488,16.6101189022119,0.43612385332636255,660212980.5587676,31.073192382079085,14865.239130943126,12141040.209148247,-7.371309990114594e-07,-4.914471065522774e-08,-16.711528420899374,31.088572872155794,99.14264059840205,99.14882459639057,70.64787201648419,69191.89952859865,78527602.78212534,1.1976789523682938,0.37958070105431596,1.3631918149240891,3.321554104447837,0.3745000119416311,1.1828868759019255,3.2845762765930115,0.5718854651821565,5.3762319239006775,-15.228571428571428,0.2654285714285714,0.49342857142857144,0.7889285714285714,0.4979999999999999,0.8817142857142857,1.3022857142857143
9.604800000000001,0.9197142857142857,12.814285714285713,7.588571428571429,240.50714285714287,0.09726294547030734,-17.405714285714286,13.780000000000001,46.05571428571429,-46.05571428571429,1.653304821272339e-07,23.027855196312988,39.88541968470419,23.027859184854847,39.885417381918465,-39.88541968470419,0.0,10919301.25165724,13260007.430525286,0.4068446491108249,0.4118804185464182,1.107983443204392,1.4150162435790237,1.6156603993535208,3.933615118804175,8681865.684574857,16.1576705605365,8.840923983211525,0.33609041186598787,-0.012214513716762352,15.110436118272865,0.5529830484615574,700793293.8878529,28.28019685110034,16139.695391787063,13357026.581828393,-6.521704995665395e-07,-4.358629141399487e-08,-12.695700009456845,28.29067731188129,87.61500986615053,87.61665234554108,60.131510088229476,67802.46352048674,77641492.6835925,1.123973344467144,0.381378901736684,1.3881568572143599,3.3285030002433107,0.3766578723426569,1.2102969042029155,3.290523477316483,0.5594026731184485,5.39582984512358,-12.885714285714286,0.6288571428571428,0.22085714285714286,0.9939285714285715,0.87,1.0234285714285714,1.181142857142857
7.4048,0.9322857142857144,11.042857142857143,8.297142857142857,236.6071428571429,0.09811079594778853,-22.982857142857142,17.060000000000002,52.284285714285716,-52.284285714285716,1.8768976442739022e-07,26.142140647348214,45.27952092312071,26.14214517530018,45.27951830890641,-45.27952092312071,0.0,10987012.206306065,10511886.25371122,0.40859648091200973,0.4133454310966075,1.128432622078121,1.4405136319684124,1.6383363801348716,3.9414039218090897,8589817.5747047,19.668377673992428,9.513919348048127,0.2647613331700951,-0.021739767989824462,14.748023739358883,0.4388155894344912,679768297.3184065,30.96834404402159,13351.667750004037,10608866.812488247,-8.317357704423937e-07,-6.302373202694844e-08,-16.08984633437557,30.980289747884754,96.15298043700984,96.15940153921382,71.6463670243774,66702.99676624167,76909703.85038055,1.0425989893794618,0.38291424156077986,1.40850587091662,3.334413193463441,0.37846326373611144,1.232792421486681,3.2956243047524563,0.5315796362904371,5.413150913552925,-3.9142857142857146,0.514,0.3957142857142857,0.9760714285714286,0.238,1.0485714285714285,1.2085714285714286
8.2448,1.0305714285714287,13.865714285714287,11.405714285714286,236.35000000000002,0.09816518655965126,-16.240000000000002,10.18,45.08428571428571,-45.08428571428571,1.618432546125306e-07,22.542140951656116,39.044137840180504,22.542144856069793,39.04413558596622,-39.044137840180504,0.0,10143138.631794,11276508.64828182,0.40884666500385736,0.4135788241995273,1.1298045888109451,1.4422434886833577,1.6398685820172605,3.9419643027120994,8430336.626652025,16.475034080434835,7.88901020652031,0.4645501303816887,-0.008841153318067453,11.966259705911956,0.8230178827699761,771984811.0192732,24.198248444346692,14213.131570164118,11373533.643805169,-7.469463199376172e-07,-4.887850161871477e-08,-11.940593082660769,24.207260602883238,82.33222269976424,82.33435282202672,59.51358621531583,66630.50445277497,76861091.46689199,1.037065168358162,0.3830116452554382,1.4098623784413697,3.3348097230635823,0.3785783636986724,1.234299697886545,3.295967697179767,0.5295610955094698,5.414237586179247,-17.0,0.3254285714285714,0.16942857142857143,0.8353571428571429,0.198,1.1560000000000001,1.2817142857142856
9.104800000000001,0.9265714285714286,14.437142857142858,9.622857142857143,242.4357142857143,0.09685713972583158,-22.548571428571428,10.379999999999999,53.59857142857143,-53.59857142857143,1.924077781237535e-07,26.799283448942802,46.41772577159392,26.79928809071525,46.417723091665344,-46.41772577159392,0.0,12091187.327602878,18189512.264999803,0.4057127730286986,0.41089130201516944,1.0981359647952815,1.4026415931345162,1.6046262239953337,3.9298885063719395,9237740.849052483,21.145811904081683,6.100328290701913,0.6941441325062865,-0.013817963565400408,14.49092428843865,1.1448649170043403,741167601.2268825,20.053556247299035,20832.867957776696,18286485.8128546,-8.704309110291809e-07,-5.298341216996915e-08,-17.576929154215012,20.064323652892224,126.60422169372889,126.61088268587164,96.74407565457616,68346.15587148706,77993545.1542871,1.1524643174208558,0.380672599530207,1.3783164637270213,3.325735173806813,0.37581225091042275,1.1994432376150963,3.2881449171650594,0.5642400326339482,5.388104022896461,-4.257142857142856,0.17457142857142857,0.2671428571428571,0.7810714285714285,0.29000000000000004,1.1514285714285715,1.245142857142857
10.2848,0.8442857142857143,12.551428571428572,9.782857142857143,237.55,0.0979021936337477,-17.885714285714286,13.5,56.51285714285714,-56.51285714285714,2.028694606678633e-07,28.256426182913412,48.94157130516495,28.256431077070406,48.94156847952208,-48.94157130516495,0.0,12139736.718158077,17855374.25114236,0.4081309661911154,0.4129480974338088,1.123430240631659,1.4342717492222725,1.6328013994316242,3.9394732105181873,9156508.934160464,22.104555481058785,5.851930362731336,0.463485046261171,-0.017904005273194704,17.2132317219911,0.6895552072893765,639567852.2643218,22.810389138083412,20504.089370579113,17952349.67161629,-7.53414023071267e-07,-4.293687500552882e-08,-13.467542466371285,22.82091531327628,124.36629085901548,124.37235030610935,85.14377730550679,66968.80191561961,77089225.55741404,1.0630307688185832,0.38255669048550134,1.4035450960777476,3.3329688399798183,0.37804061379807086,1.2272916018791364,3.2943757812538395,0.5391367910739555,5.40916348292385,-9.285714285714286,0.3374285714285714,0.3202857142857143,0.9282142857142857,1.3659999999999999,0.756,1.1034285714285714
12.544800000000002,1.0854285714285714,11.762857142857143,12.96,245.90714285714287,0.09615613715729672,-20.4,13.86,49.88428571428571,-49.88428571428571,1.7907426115577034e-07,24.94214074878418,43.20105989547397,24.94214506889005,43.201057401259675,-43.20105989547397,0.0,12906477.704136452,22846346.932145994,0.40418618229693887,0.40963432734714866,1.0807432039701914,1.3808979995569484,1.5850812936412404,3.9235749928563393,9468355.960904721,17.8630647493036,8.657429318118616,0.3688238448093312,-0.014225495140017957,19.02309483138685,0.4859306996170533,643720383.9233255,32.787326227155546,25436.06323295002,22943341.532115415,-7.618540762838833e-07,-3.476624656778564e-08,-15.728728613883469,32.804547659504536,123.65526351820805,123.66143703127159,85.9590434779595,69324.8021032876,78610272.46380283,1.204882238059855,0.37941105150623883,1.3608364792056988,3.3209116682068394,0.374295272197378,1.1803214147591967,3.2840305047007265,0.5730776155437165,5.374400444939921,-17.457142857142856,0.3271428571428571,0.10257142857142858,0.9917857142857143,1.122,1.0462857142857143,1.274857142857143
7.4848,0.914,12.505714285714285,7.2457142857142856,246.80714285714288,0.09598006736609341,-18.96,11.42,49.19857142857143,-49.19857142857143,1.7661268879245038e-07,24.59928363490874,42.60721388757491,24.599287895630013,42.60721142764633,-42.60721388757491,0.0,10175019.171174861,10532336.373803545,0.40382330641483644,0.40934329012129256,1.076312240709089,1.3753598604523083,1.5800824876233612,3.922003224345302,8370131.617943014,17.76164247621888,7.60549166019029,0.37134466594121796,-0.014960203416142133,13.640958985367629,0.6742714213117076,699454067.2736695,25.994959734051612,13437.203506352264,10629336.147408757,-7.601324746767949e-07,-5.374914208031715e-08,-14.08886289157694,26.009667911840182,88.87904897856897,88.8816122773594,65.58152766083546,69578.5252004211,78767056.28937607,1.215788152011364,0.37908242900121175,1.356363490473229,3.3196928070288245,0.3738993574116424,1.175448755558498,3.2829943125557275,0.5733661582397949,5.37083748603455,-9.0,0.5534285714285715,0.47971428571428565,0.9653571428571428,0.16999999999999998,0.9685714285714286,1.188
10.024799999999999,1.048857142857143,13.26,7.657142857142857,235.79285714285714,0.09828650936886388,-17.565714285714286,7.9,56.05571428571429,-56.05571428571429,2.0122841242565e-07,28.02785477366312,48.54567396656557,28.02785962823038,48.54567116377985,-48.54567396656557,0.0,11210481.876198966,17126604.55662921,0.408963502816518,0.41365308005775336,1.132777162357159,1.4459302993754952,1.643124267508997,3.943070406185022,8803592.527929012,22.243282464973912,7.718518927378823,0.6994871997197875,-0.017301182968155367,16.583686823174624,1.073483486531582,737920098.4294245,20.830565752758528,19789.5779287497,17223579.65845542,-7.632421174107233e-07,-4.103136513113424e-08,-14.101684953369018,20.83990458789231,122.5804342914841,122.58657200603379,86.23605004574954,66473.4377735971,76754071.21122065,1.0251304209731418,0.3832226128466859,1.4128069131895835,3.335672861670765,0.3788275785768173,1.2375758177021787,3.2967160623830734,0.5251929602824299,5.416592195071337,-4.942857142857143,0.46599999999999997,0.6768571428571428,0.8367857142857142,0.394,1.028,1.2405714285714287
8.8848,0.9574285714285715,12.379999999999999,7.268571428571429,239.22142857142856,0.09753646701971093,-20.56,9.86,52.91285714285714,-52.91285714285714,1.8994620576043352e-07,26.456426335067363,45.82387976369485,26.45643091745521,45.82387711805198,-45.82387976369485,0.0,10896945.193855237,14215030.369926237,0.40735825502537587,0.4122982292401447,1.1146420785958229,1.4233242838346223,1.6230538342448262,3.9361406719346497,8635623.981495893,20.392257711221106,6.585069544973884,0.3894781816672485,-0.018179053805763016,15.939460077060382,0.6573995031814014,636528854.9458523,24.46056401804644,16968.08570346419,14312010.770565996,-7.601497383681281e-07,-4.650657446282137e-08,-16.12179692140992,24.472419507685004,109.16218944292541,109.16838541948655,78.70207730297484,67440.00195315319,77403328.48158126,1.0997686045677681,0.3819222587553865,1.3948039395842906,3.3304461705377424,0.3772898759553075,1.2176394555218726,3.2922032379198667,0.5523741912754263,5.402099894346898,-3.3999999999999986,0.5242857142857142,0.4025714285714286,0.9053571428571429,0.7899999999999999,0.8931428571428571,1.22
6.9848,1.0157142857142858,13.32857142857143,10.971428571428572,243.50714285714287,0.09663647174347614,-21.611428571428572,17.46,43.14142857142857,-43.14142857142857,1.5486879958312405e-07,21.570712462342374,37.36157415113315,21.57071619849969,37.36157199406171,-37.36157415113315,0.0,11446025.792604206,11716496.96381713,0.40537728323701194,0.4106410012338003,1.0927301975452641,1.3958968724032494,1.598590456214104,3.9279533748668385,8936211.890599474,15.376381618016426,9.12291502174597,0.2968221982541893,-0.009783584725608018,12.008517605028892,0.6060253583072196,726627950.2831702,29.343373876353738,14651.804199456019,11813521.335339267,-7.597168294669004e-07,-6.036362463540711e-08,-14.414042201926772,29.356090046915497,82.50229319480353,82.50454010614709,61.630364625686376,68648.20717759832,78186088.12322396,1.1684866800736915,0.3802870554271239,1.37289464414745,3.3242300817943606,0.3753482563381389,1.1934873948160851,3.2868568670530243,0.5669479551440634,5.383924220146241,-12.714285714285714,0.6305714285714286,0.3631428571428572,0.9117857142857143,0.662,1.4142857142857141,1.3662857142857143
9.7848,0.9551428571428572,12.037142857142857,13.782857142857143,240.46428571428572,0.09727213636414042,-20.97142857142857,8.98,51.99857142857143,-51.99857142857143,1.866641092760069e-07,25.99928351656678,45.032085086496096,25.999288019775165,45.03208248656752,-45.032085086496096,0.0,11237238.714569401,16399059.586717049,0.4067057023596172,0.41173572374420153,1.1081999965522356,1.415265092848206,1.6158795403897281,3.9336546006659616,8778015.565264856,19.96596392270328,6.726933071070373,0.3112385782429551,-0.01460273289077364,15.15467956324778,0.5291625030913613,598402993.580843,26.470955626144537,19106.381561375314,16496042.024531994,-8.188820888241347e-07,-4.2758859833718784e-08,-16.562385484268134,26.483816759852907,114.6736576343396,114.67976961509682,80.5218085548183,67790.3814682423,77633586.46136339,1.1233451823073355,0.3813943166307283,1.3883761962142505,3.328564904297122,0.3766763791335284,1.210539846460093,3.290576844629465,0.5592943443701996,5.395997602258378,-1.7428571428571438,0.478,0.14885714285714285,0.9810714285714286,0.6539999999999999,1.0097142857142858,1.1057142857142856
8.9248,1.0557142857142858,14.391428571428571,8.754285714285714,246.46428571428572,0.09604761831536969,-17.908571428571427,12.58,57.48428571428572,-57.48428571428572,2.063566881825666e-07,28.742140427570284,49.782853149688634,28.74214540585546,49.78285027547434,-49.782853149688634,0.0,12097076.745305609,16571453.671379596,0.4038484522164046,0.4093386947981373,1.0779877310837291,1.3774426716873205,1.5819556500435739,3.922561147586538,9252217.990302853,22.16589147138172,7.152739411763336,0.9340876066777232,-0.015354692840636747,14.621768883502185,1.4331904712208923,931833020.3937759,18.445300734846235,19255.244023997704,16668425.331279423,-8.393044746998978e-07,-5.38307880910385e-08,-13.350094515367472,18.456309368286103,123.80195912966855,123.80836295529888,90.95062086701999,69481.86878246545,78707395.55735211,1.2123548678907354,0.3792011058295559,1.358055445265269,3.320148619234395,0.3740441155780027,1.177297720731419,3.283382191074296,0.5737591937208395,5.372095863802399,-5.171428571428571,0.5705714285714285,0.5551428571428572,0.9824999999999999,1.206,1.476,1.485142857142857
12.3048,0.81,12.334285714285715,11.588571428571429,239.05000000000004,0.09757351425332873,-19.371428571428574,15.98,44.284285714285716,-44.284285714285716,1.5897142018865733e-07,22.142140985468107,38.3513174976316,22.14214482059975,38.35131528341731,-38.3513174976316,0.0,12481328.337289002,19856856.003862094,0.4076546966956333,0.4125851046697819,1.1155437243578559,1.42447665612478,1.624084482817844,3.936531692668205,9319249.1323446,15.384166243130167,11.654098355405457,0.3104531001862696,-0.011736249653622856,17.626199032672773,0.4236371157676467,752655452.6678141,34.64656289269202,22585.23355659996,19953879.808857363,-5.82505823609915e-07,-3.328984829169682e-08,-14.352726916608535,34.65764377812864,101.48643064193853,101.48728799834981,64.46467506827655,67391.67374417538,77371364.40824366,1.095969962218906,0.3819873777037865,1.3956973896854357,3.3307027293360907,0.37736697610857256,1.218623633538465,3.292423719215733,0.5510129234579633,5.402824336428726,-19.62857142857143,0.6614285714285714,0.6562857142857143,0.8567857142857143,0.958,0.8428571428571427,0.7994285714285714
11.9648,0.9231428571428573,14.345714285714285,11.771428571428572,245.04999999999998,0.0963261981487892,-23.005714285714287,11.46,44.74142857142857,-44.74142857142857,1.6061246843087064e-07,22.3707123947184,38.747214836230974,22.370716269439775,38.74721259915954,-38.747214836230974,0.0,13058816.390544849,23725521.189609572,0.40463652889216906,0.41001866771190204,1.085000514812801,1.3862260585950792,1.5898893901864815,3.925120874240227,9678351.461330093,16.496515502042126,6.243040493954657,0.3300846597228979,-0.009005648609046246,16.32084021626062,0.6359039374075343,655479968.7609037,25.048447214520955,26331.31026062691,23822530.64719219,-6.395132611301749e-07,-3.6158746877118735e-08,-18.109775212489332,25.061870228212246,115.1156937102652,115.11654663763724,78.48718758088685,69083.16105839857,78459796.97843295,1.1917957337083465,0.37971967862738615,1.3651231937916115,3.32208247141489,0.3746676118001011,1.1849930700903775,3.2850256166915845,0.5708293018658138,5.377734244757091,-14.885714285714286,0.687142857142857,0.4882857142857143,0.9403571428571429,1.322,0.8748571428571428,1.2702857142857142
8.0048,0.7482857142857142,12.391428571428571,13.554285714285715,243.29285714285714,0.09668029329116719,-20.582857142857144,10.3,60.05571428571429,-60.05571428571429,2.1558758454501645e-07,30.027854604603174,52.00977567931013,30.027859805580597,52.009772676524406,-52.00977567931013,0.0,11368113.789722342,14842751.462727973,0.40531329544131117,0.41055766671806215,1.0938051951785253,1.3972182564123368,1.5997733580498315,3.9282996400052905,8854255.739144724,24.628412146093726,6.615369792481615,0.6222249552994717,-0.01909711568486911,14.078198207944167,0.9847597970356613,674976347.6036347,21.29317409535828,17525.023994310057,14939708.161952399,-9.697362782638415e-07,-5.5384899945968196e-08,-15.817825303362739,21.30506499435442,130.78290297956306,130.78956123695372,97.74539492333537,68587.79691637607,78147758.02267389,1.1652711547038446,0.38036416620175434,1.3739768488816098,3.3245296530505057,0.37544109747443877,1.1946745272755979,3.287112923401624,0.5664063709848813,5.384759638666782,-17.228571428571428,0.214,0.1437142857142857,0.9167857142857143,0.234,1.290857142857143,1.4257142857142857
8.7048,0.8945714285714286,11.545714285714286,13.82857142857143,249.50714285714284,0.09546241531106847,-20.33142857142857,16.740000000000002,57.77,-57.77,2.0738234333394994e-07,28.884997558351714,50.030288986313245,28.885002561380475,50.03028609781323,-50.030288986313245,0.0,12164199.132971343,14767852.692783076,0.4024808419834443,0.4082148679661765,1.0632091282113594,1.35892721778568,1.5652057125743373,3.917332421161857,9136740.669519152,22.306556307555937,5.820503562424487,0.34053275467023814,-0.01868217976042529,14.896346682304971,0.5515799289925039,575248244.0516543,25.313501960877524,17488.44753073654,14864819.95787986,-8.893402564702212e-07,-5.485906232693487e-08,-14.39222899234827,25.329750941901736,122.77253650024564,122.77888561970919,88.17714822655127,70339.69449182152,79230066.05957267,1.243162722162375,0.37812267953959144,1.3431088401153275,3.3161384881106954,0.37273366443226635,1.1610497158586515,3.279982307311928,0.5706533138059291,5.360571672840695,-7.5142857142857125,0.19,0.5208571428571428,0.8003571428571429,1.186,1.165142857142857,1.4988571428571429
10.6248,0.9974285714285716,13.305714285714286,6.1257142857142854,249.93571428571428,0.09538219244313975,-23.554285714285715,19.22,43.54142857142857,-43.54142857142857,1.5630471679506067e-07,21.77071244543638,37.707984322407604,21.770716216234707,37.70798214533617,-37.707984322407604,0.0,12689122.473080305,17545472.87450085,0.40243513971009703,0.40820659585582464,1.061156725237865,1.3563788310566256,1.562889981941239,3.9166518077018777,9431181.051394157,15.201467348404739,8.756081725194148,0.26125493070723455,-0.011746494635960354,16.412969027814807,0.5259314826490932,668824199.8328066,30.969880856467768,20331.45071375629,17642490.96591702,-6.360083063270725e-07,-4.5831012903058505e-08,-16.94781786007435,30.986877315190416,97.1873109210137,97.18860244152641,68.44642282017819,70460.51501426601,79302131.19011298,1.2475360810984306,0.377974199569846,1.3410241607405515,3.315587667172346,0.37255198106304965,1.1587939646896774,3.2795175043846703,0.5702324257255423,5.359004550771574,-19.0,0.4025714285714286,0.2002857142857143,0.9110714285714285,0.32599999999999996,1.149142857142857,1.1171428571428572
10.924800000000001,1.0762857142857143,11.705714285714286,8.32,235.27857142857144,0.09840047021826663,-20.78857142857143,10.06,47.65571428571428,-47.65571428571428,1.7107415097498045e-07,23.827855128689006,41.271060369802,23.82785925579493,41.271057987016285,-41.271060369802,0.0,11177495.570313582,16860918.48545063,0.40936923183190604,0.4140239427875325,1.1355372427906114,1.4493982230942364,1.6461853286749326,3.944182797020613,8718161.515731443,17.499661232610897,10.608311895859192,0.28897360924779814,-0.016550925699139105,18.117367427516797,0.47413478604340764,733645560.4620973,32.52922712796475,19597.481993667185,16957919.621851195,-6.333224482377534e-07,-3.5241909735393296e-08,-16.51417336246774,32.539697814923514,103.75775359214502,103.75884628291334,68.85345448289165,66328.45314666368,76654764.14757235,1.0141801694940282,0.38341724729011195,1.4155314988822212,3.336474462197338,0.37905740855982606,1.2406126772486081,3.2974122054799864,0.5211683696047552,5.418765753505699,-8.142857142857142,0.3048571428571428,0.40428571428571425,0.7575,1.346,0.9937142857142857,0.7971428571428572
7.7848,0.8214285714285714,12.825714285714286,8.228571428571428,249.16428571428574,0.09552711228900446,-23.44,18.9,47.370000000000005,-47.370000000000005,1.7004849582359717e-07,23.68499799790758,41.0236245331774,23.68500210026992,41.02362216467739,-41.0236245331774,0.0,11856969.515790995,12736701.152871959,0.4026928703337245,0.40840022102841844,1.0648596337605396,1.3610021772687417,1.5670895344812892,3.917925739930282,9059955.376192328,16.945659850173193,7.546012306719215,0.29150349686510524,-0.01361116318839173,13.773587859446364,0.584021028331891,649421153.5965121,27.9407981451089,15592.54844635075,12833701.464190392,-7.879215088242903e-07,-6.182192666457392e-08,-16.074972101274795,27.95760790509674,94.34857226342285,94.35077560518417,71.40342411646249,70243.03807386592,79172076.05309272,1.239671106240557,0.37824145870227777,1.3447795796772766,3.3165810014536414,0.3728789471873598,1.1628598495694327,3.2803561146055533,0.5709918138294121,5.361826159503637,-15.971428571428572,0.43685714285714283,0.4402857142857143,0.9910714285714286,1.3900000000000001,0.7948571428571428,1.4805714285714286
10.8248,0.9117142857142857,12.162857142857142,7.474285714285714,248.09285714285716,0.09572992674237646,-20.240000000000002,17.82,46.284285714285716,-46.284285714285716,1.6615100624834054e-07,23.142140900938134,40.08336835400387,23.142144909274858,40.08336603978958,-40.08336835400387,0.0,12022216.684811573,16241056.098726928,0.4033142577747309,0.40893794931862787,1.0700465300312223,1.367515161607829,1.5729965922744926,3.91978793282301,9100692.587994881,15.794225431763891,10.25249936864285,0.2951930838398219,-0.014688316793241361,17.429248128568517,0.4223628452839709,696275176.6157421,33.33026572273587,19042.59970294602,16338068.947105752,-6.282811206365105e-07,-4.153235115247848e-08,-14.601431929227022,33.346624574268304,97.74221381287741,97.74347172337559,66.04879351445891,69940.98676775461,78989926.88453409,1.2287773834679458,0.378624816261792,1.350030075300051,3.3179865220139306,0.3733441233498138,1.1685536108455843,3.2815456688890925,0.572056963084445,5.365934528386729,-16.65714285714286,0.44714285714285706,0.2225714285714286,0.9360714285714286,1.45,0.7697142857142857,1.124
8.8448,1.0454285714285714,11.66,11.245714285714286,249.89285714285714,0.09539021583306993,-23.257142857142856,12.46,43.77,-43.77,1.5712524091616735e-07,21.88499815006153,37.905932991707296,21.885001940654725,37.90593080320729,-37.905932991707296,0.0,10857901.71159325,12826685.074633798,0.40250834210115843,0.40827742199090145,1.0613630060900194,1.35664626926628,1.5631335627872265,3.9167425566622,8610266.252455816,15.123982994173925,13.37826319745544,0.22910148372085562,-0.015464520127207098,14.325264614585672,0.4119817549308357,773320046.4599495,38.602988448878804,15717.084746831959,12923699.096688932,-7.119169426321754e-07,-4.587111395443827e-08,-17.45149940252122,38.61390895434214,86.41081702959045,86.41258525591337,60.64522398045548,70448.43296202157,79294917.99030453,1.2470982798673929,0.37798904730179694,1.3412324046997488,3.3156426254925835,0.37257015365159657,1.1590191944425456,3.2795638626260324,0.5702743770428332,5.35916121779063,-2.542857142857141,0.42314285714285715,0.45399999999999996,0.8082142857142858,0.8779999999999999,0.8634285714285714,1.1125714285714285
9.5048,0.9357142857142857,10.894285714285715,10.331428571428571,244.66428571428574,0.09640342593030479,-17.497142857142858,7.58,52.855714285714285,-52.855714285714285,1.8974107473015684e-07,26.427854908911076,45.77439259636993,26.427859486350208,45.774389953584205,-45.77439259636993,0.0,9951983.293754382,12532813.069237407,0.4048292930361949,0.41018185141314045,1.0869234941182833,1.3886348301465576,1.5920589368906588,3.9258278927614123,8184867.208816732,19.201287342179704,9.12598305034692,0.3470942683191401,-0.01975540750268038,16.263722987906434,0.4369590656320714,659267001.6790969,30.355422376327496,15351.70734127469,12629799.774131624,-7.148754792350544e-07,-4.086678748764374e-08,-13.876647820483607,30.37026278573623,101.00449860166546,101.01035023563065,68.05657512688337,68974.4225881985,78391707.24564251,1.185943706307163,0.37985841202266246,1.3670576751982466,3.3226128465117672,0.37483491582799644,1.1871055350146194,3.285477169091215,0.5698544251217909,5.3792338465695435,-13.0,0.19342857142857142,0.4197142857142857,0.9439285714285715,0.138,1.0554285714285714,0.7834285714285714
12.7048,1.0922857142857143,13.225714285714286,10.102857142857143,246.07857142857142,0.09612236434409369,-22.29714285714286,17.580000000000002,55.08428571428571,-55.08428571428571,1.9774118491094672e-07,27.542140529006247,47.704392122041895,27.542145299445327,47.7043893678276,-47.704392122041895,0.0,14572344.301798467,26980678.88221633,0.404050576360601,0.40951116252235237,1.0798938367878774,1.3798281618014214,1.5841139884106081,3.9232539852208155,10189147.883098127,21.193162855258798,5.087846086023646,0.3686958349100153,-0.016347698627732783,19.745886047149426,0.6094074043403894,589914465.9278672,23.92329104874765,29411.619843987864,27077651.170957208,-7.325012133114178e-07,-4.033834821917425e-08,-16.813467449462628,23.935865087526746,149.31773864756386,149.32444572470476,101.8273549311305,69373.13031226542,78640235.754377,1.2075082766517222,0.3793493534315094,1.359981271533689,3.3206788812894152,0.37422078954304194,1.1793908624714355,3.2838329154141794,0.573511205902742,5.3737346892748,-2.885714285714286,0.6494285714285714,0.24314285714285713,0.7960714285714285,1.1179999999999999,1.2542857142857142,1.1194285714285714
8.8048,0.9928571428571429,10.974285714285715,6.5600000000000005,236.8642857142857,0.09805519902304237,-17.062857142857144,7.22,41.88428571428572,-41.88428571428572,1.5035591691703745e-07,20.942141086904076,36.272856469984866,20.942144714189624,36.27285437577057,-36.272856469984866,0.0,8830164.341455676,9041910.207201844,0.4089483247580861,0.4137228887095025,1.127074750438735,1.4388879084782094,1.6369023393703985,3.941001891538075,7737280.50933619,10.667077061619219,33.55446716882403,0.37851232697199955,-0.05018149360834701,15.104805268449491,0.5011761585955692,1425123188.8777533,56.0988129632136,12066.998981278153,9138947.924936796,-5.449100851460986e-07,-3.849769928149985e-08,-13.386716082037616,56.23348779984377,69.2798897332645,69.2831170883239,45.232268363357434,66775.4890797084,76958754.42148447,1.0481528403664082,0.38281675436073026,1.4071507629896896,3.3340177326346443,0.37834805963411355,1.2312881515689102,3.295282131325277,0.5336520231055801,5.412062868771358,-6.942857142857143,0.14542857142857143,0.4248571428571428,0.9789285714285714,1.17,0.7628571428571428,0.7194285714285714
10.8648,0.7791428571428571,13.888571428571428,6.902857142857143,248.2214285714286,0.09570527505745915,-21.771428571428572,13.620000000000001,49.99857142857143,-49.99857142857143,1.7948452321632368e-07,24.999283601096753,43.30003423012382,24.999287931100056,43.30003173019524,-43.30003423012382,0.0,12552020.019576585,20033215.33833753,0.4031141741308281,0.4087456589026428,1.069420043235717,1.3667089931095613,1.5722666625814303,3.91952799267173,9408877.645408751,18.40841793057199,5.525537082505613,0.41446122225031046,-0.013302636230030503,16.84292106399256,0.7341895057920338,609374941.4540132,23.268603168727775,22684.585555696165,20130206.00097345,-7.137464760564741e-07,-4.3674935716741983e-08,-16.71530706255626,23.282627731957486,118.40950416049111,118.41574672145444,84.0837792207118,69977.23292448797,79011888.36537611,1.2300786527878893,0.3785802730770386,1.3494000600086342,3.3178184093425966,0.37328971230635205,1.1678685109954228,3.281403213274031,0.5719276716395356,5.365463121213537,-13.685714285714285,0.49,0.262,0.8753571428571428,1.474,0.9457142857142857,1.38
7.3848,0.8317142857142857,11.225714285714286,13.280000000000001,243.42142857142858,0.09665398745529094,-19.439999999999998,8.54,47.82714285714286,-47.82714285714286,1.7168954406581047e-07,23.91356940715787,41.41952187177677,23.91357354910994,41.41951948041962,-41.41952187177677,0.0,9595687.943000548,10117487.324995428,0.4054626022108174,0.4107204716832321,1.0931620625706997,1.396445158109708,1.5990825430318478,3.9281256124383273,8091424.345794438,16.987534913768457,11.235946869880548,0.30018819300756766,-0.014617258038638975,12.729368866928747,0.4787303480849719,745700544.9785254,32.93560029644964,13035.927911360617,10214490.32082396,-7.631919298294008e-07,-4.850005933653942e-08,-14.811057352843665,32.94595729976476,85.4886819241346,85.49087751583957,59.63468963532569,68624.04307310942,78170762.16408446,1.1671999002367754,0.38031790149514527,1.3733274153828225,3.3243498293326006,0.375385396874902,1.1939620169002707,3.286959199856356,0.5667313207445531,5.38425837431526,-2.6000000000000014,0.34085714285714286,0.49,0.8432142857142857,0.534,0.8062857142857143,1.0394285714285714
6.6648,0.7997142857142857,12.002857142857144,7.908571428571428,247.75,0.09579570581415212,-19.051428571428573,11.78,46.39857142857143,-46.39857142857143,1.6656126830889388e-07,23.199283753250707,40.18234268865372,23.199287771484865,40.18234036872514,-40.18234268865372,0.0,9521001.10699497,8222232.610268837,0.4034365169483911,0.4090323537431177,1.0717099062390525,1.3695983634342275,1.574879359280485,3.9203773328265688,8076648.510236296,16.131390567104916,10.308977873638622,0.3230390461975551,-0.014879993027764327,12.380491435352695,0.5117351215532518,740906421.7315254,30.83114351634411,11217.091801322367,8319244.768776371,-7.947965372935715e-07,-5.934569420611422e-08,-13.679485741240072,30.844130609028703,76.511193459453,76.51467493371763,57.52286505308461,69844.33034979901,78931387.11773267,1.2253114344284104,0.37874358777495765,1.3517120494509105,3.318435997546879,0.37348917346977517,1.170384026841244,3.2819267908191563,0.572402950099116,5.367191944987007,-0.8285714285714292,0.346,0.35971428571428565,0.9446428571428571,1.266,1.124,0.996
11.9848,0.8591428571428572,11.957142857142857,13.142857142857142,244.06428571428572,0.09652319238835289,-16.582857142857144,18.3,57.941428571428574,-57.941428571428574,2.079977364247799e-07,28.970711836820573,50.17875048828801,28.970716854695482,50.17874759121657,-50.17875048828801,0.0,13603813.41729386,22679502.65843927,0.40497776938250896,0.4102819821817922,1.0899291810578124,1.3923695655188226,1.5954233525401045,3.9268872246785946,9749865.917705337,22.060471505005758,6.199297304842016,0.4900832338431861,-0.017322020016051314,19.007028796532627,0.6585584270365615,620373312.9059181,26.394781317701757,25221.339428236413,22776478.377213664,-8.405606068319347e-07,-4.015035385517993e-08,-11.79194818425799,26.408271523034283,140.40468237640675,140.4109907752976,98.81540185386783,68805.2738567762,78285384.69838072,1.1768727834946964,0.3800865708254205,1.3700861098350474,3.3234545946677914,0.3751067701002999,1.1904101096528927,3.2861946939372406,0.5683560986456404,5.381753477644708,-10.714285714285714,0.5688571428571428,0.4711428571428571,0.8189285714285715,0.43399999999999994,1.0211428571428571,1.2062857142857142
11.884800000000002,0.8842857142857143,11.42,8.685714285714287,248.30714285714285,0.09568886265206826,-22.02285714285714,13.02,47.027142857142856,-47.027142857142856,1.6881770964193715e-07,23.513569440969857,40.72670152922786,23.513573513639898,40.726699177870714,-40.72670152922786,0.0,12316145.031256184,21066547.613815375,0.40318138675767884,0.40882156941124365,1.0690072168821374,1.3662068204557303,1.5718128945106622,3.9194089866881487,9223254.471168257,16.07494832163521,12.067622943160558,0.3483959067693843,-0.01772561329567682,20.573328804421223,0.4198929634198195,732280900.4360476,38.4601689229469,23723.26695330179,21163549.94735822,-6.460019562008229e-07,-3.218936125391159e-08,-17.33339318375255,38.47906736602123,112.12966352382635,112.1306568032838,75.17688722939134,70001.39702897688,79026517.77804355,1.2309467392425404,0.37855057461148345,1.3489802551305405,3.317706462947887,0.3732534304553416,1.167412141998629,3.281308376741317,0.5718416173697842,5.365148863704909,-6.657142857142857,0.2894285714285714,0.1677142857142857,0.8682142857142857,0.542,0.7285714285714285,1.3457142857142856
11.4848,0.9071428571428573,14.3,12.365714285714287,242.90714285714284,0.09675962928105913,-19.074285714285715,8.74,50.97,-50.97,1.8297175073102694e-07,25.48499784575362,44.14131607464749,25.485002259885107,44.141313526147485,-44.14131607464749,0.0,11972100.886380747,20546416.335891575,0.40555303999557213,0.4107686669105276,1.0957522101362618,1.3996643716266441,1.6019642540201513,3.9290264463746443,9197682.748845948,19.23599374233785,5.495241535689077,0.5866156427702816,-0.01104511148593072,15.372640038734309,0.9581696889916691,649359889.2502799,21.548454252275626,23178.086841681983,20643407.187637042,-7.886891857947941e-07,-4.0414798034286904e-08,-15.170118279818563,21.560030227931946,121.55965794376668,121.56587777331984,86.38127191925375,68479.05844617602,78078486.74276529,1.1594972922253386,0.3805029643896827,1.3759275162925684,3.325070696683891,0.375608161589192,1.1968164916276225,3.2875757860285475,0.5654315205165906,5.3862641019662965,-3.114285714285714,0.5637142857142857,0.21742857142857144,0.8989285714285714,0.6739999999999999,0.9251428571428572,0.7948571428571428
7.0847999999999995,1.0145714285714287,11.122857142857143,8.731428571428571,243.55,0.09662772422090025,-22.045714285714286,17.939999999999998,54.684285714285714,-54.684285714285714,1.9630526769901007e-07,27.342140545912244,47.35798195076744,27.34214528171031,47.35797921655315,-47.35798195076744,0.0,11104179.019903073,10197594.721011505,0.4052499219879659,0.41051513207624296,1.0925120921353793,1.3956086316880492,1.5983311228597268,3.927846140108277,8651203.735677771,20.59827073584326,7.8264903099301,0.2971352053394242,-0.022510240563872626,14.359506202345806,0.49945618305133926,633812805.8525913,28.367526603582156,13039.763182721363,10294569.148096772,-8.733362438961306e-07,-6.799876757234104e-08,-14.999960653421217,28.382827570925546,100.04755362508013,100.05426381105967,75.51179920421443,68660.28922984279,78193744.94068107,1.1691304753099128,0.38027163876650316,1.3726783547041368,3.3241702630612564,0.37532968926770865,1.1932501751720148,3.286805745943362,0.5670562725468603,5.383757249263838,-19.114285714285714,0.6134285714285713,0.6117142857142857,0.7910714285714285,1.0139999999999998,1.4211428571428573,1.4325714285714286
8.4248,0.8282857142857143,11.134285714285713,9.280000000000001,237.7214285714286,0.09786422676367164,-19.21142857142857,18.02,48.112857142857145,-48.112857142857145,1.7271519921719378e-07,24.056426537939302,41.666957708401384,24.056430704634955,41.666955302758524,-41.666957708401384,0.0,10816412.460404178,10334840.74857448,0.4081733972915748,0.4130050689774241,1.1225270654213282,1.4331652436444389,1.6318204086819268,3.939168347736066,8535984.783627711,16.31054902635894,13.311659889070873,0.2928825191705452,-0.018127263378571724,14.632806330566204,0.39845448228986985,787179959.6139146,36.2652686025494,13250.330017225875,10431848.028497698,-7.475980696839024e-07,-5.485603552511247e-08,-12.898349638614889,36.2713111544451,83.93486772509081,83.93691627334206,59.40347507681951,67017.1301245974,77121685.42547129,1.0667677910330637,0.38249167221723573,1.4026454905383066,3.332707915930696,0.3779637187179898,1.2262958247107556,3.294150591219075,0.5404901808213012,5.40843902425958,-16.257142857142856,0.37,0.226,0.7617857142857143,0.134,0.8085714285714285,1.2862857142857143
10.5448,1.0351428571428571,11.785714285714285,10.46857142857143,248.52142857142857,0.09564806330736372,-23.417142857142856,12.54,53.941428571428574,-53.941428571428574,1.9363856430541346e-07,26.97071200588052,46.71464877554345,26.97071667734527,46.714646078472015,-46.71464877554345,0.0,12524320.45946748,19657305.513592776,0.40297205069167763,0.40862759566056633,1.0679678076729981,1.3648884343828482,1.570619039440402,3.919015889930206,9291377.955588426,20.490701806200605,6.429339650467097,0.2856562010857901,-0.019280317916636362,18.327666566612695,0.4599482257384149,588696155.3586605,27.47452903562854,22267.933015066264,19754276.880699076,-7.413838649248436e-07,-4.113166734272465e-08,-18.327251063943955,27.49041142942584,128.41874971017515,128.42509406578716,88.02070143267406,70061.80729019914,79062922.8746123,1.233118462112021,0.37847634459977025,1.3479314020843174,3.317427054312617,0.37316272822280094,1.1662725766677122,3.2810717885364697,0.5716268222383925,5.364363706611408,-17.742857142857144,0.6717142857142857,0.4317142857142857,0.9867857142857143,0.9059999999999999,1.0051428571428571,0.8291428571428571
9.9048,1.0934285714285714,13.98,12.914285714285715,241.27857142857147,0.09709872847093148,-17.451428571428572,14.379999999999999,52.34142857142857,-52.34142857142857,1.8789489545766688e-07,26.1707120735045,45.329008090445626,26.170716606405183,45.329005473374195,-45.329008090445626,0.0,12216392.951916613,16583521.713236533,0.4063091944545526,0.41140075864978637,1.1040303283346737,1.4100327982397058,1.611227248536052,3.9320942928947975,9275107.38545107,19.779116259183315,7.881641833636972,0.6905911507119591,-0.011391001558310777,13.998458284178072,1.122743809615313,775505349.1674017,21.203612999178567,19312.82262409078,16680513.857991748,-8.152607334366761e-07,-5.012540281091579e-08,-12.519759474398613,21.21503419835187,113.04157589394732,113.04763215224686,81.41538027033017,68019.94046088686,77783095.21273997,1.1353179553503887,0.3811013115735158,1.3842149914619608,3.3273934967617196,0.3763245175083358,1.2059379808476816,3.2895683629513544,0.5613490060727161,5.392810708538051,-1.2857142857142847,0.5122857142857143,0.4951428571428571,0.7753571428571429,0.6299999999999999,1.4485714285714286,1.3205714285714285
10.0648,0.8397142857142857,13.157142857142857,11.428571428571429,239.82142857142858,0.09740713499973577,-17.931428571428572,20.18,41.59857142857143,-41.59857142857143,1.4933026176565415e-07,20.799283956122643,36.025420633360255,20.79928755866461,36.02541855343168,-36.025420633360255,0.0,11935917.667330343,13202573.95307801,0.4072731530520001,0.41226055064368416,1.1115163418914735,1.4194604563352091,1.61960296362878,3.935016932805121,9116584.948623056,14.153948607409873,12.03076420034055,0.29625950713465776,-0.00948717096134351,13.509493896038547,0.5055993179032466,808900098.3934188,33.661531914863296,16148.131003523247,13299618.347861253,-6.58378532646473e-07,-4.8434502162168207e-08,-11.447620364105877,33.66784003852657,79.91863467168757,79.9201342901353,55.41761241323427,67609.1506845755,77515129.53305264,1.113110811141044,0.38169438842126074,1.3916827118704456,3.3295522582486403,0.3770199716779905,1.2142053972980873,3.291435837465614,0.5570766209508832,5.399566796483758,-17.571428571428573,0.5328571428571428,0.2757142857142857,0.7589285714285714,0.742,1.1354285714285715,1.428
7.4448,0.8202857142857143,11.442857142857143,11.474285714285713,240.55,0.09725376007578213,-21.177142857142858,17.18,58.684285714285714,-58.684285714285714,2.1066443981837652e-07,29.342140376852296,50.822083663512,29.34214545906052,50.8220807292977,-50.822083663512,0.0,11634255.201268462,12130595.681179844,0.406602118418513,0.41163769008827256,1.1077587974198575,1.4147028894028166,1.6153797117489217,3.9334753908811857,8891873.889522238,23.435394017192348,6.1128423044737445,0.3724568046813236,-0.0219342166849642,14.313328739364012,0.5943409844576738,601395237.211534,24.464258477673454,14890.653681985486,12227558.372550696,-9.227334247925166e-07,-6.437599758762419e-08,-14.696745329727582,24.477117005364025,115.92824487780352,115.93480163471776,86.37904303167123,67814.5455727312,77649396.08153664,1.1246017475497163,0.3813634748567454,1.38793748835171,3.328441100430486,0.37663935590473513,1.2100540789620877,3.2904701412599047,0.5595110017671797,5.395661936493963,-17.8,0.33914285714285713,0.28085714285714286,0.8117857142857143,0.242,1.0165714285714285,1.044
13.1648,0.8522857142857143,13.637142857142857,7.771428571428571,247.53571428571428,0.0958359903713952,-16.72,19.939999999999998,45.712857142857146,-45.712857142857146,1.6409969594557393e-07,22.856426639375268,39.58849668075465,22.85643059822483,39.58849439511179,-39.58849668075465,0.0,13132135.842560977,21290445.82295703,0.403590481450178,0.4091701653815014,1.0727603930464813,1.3709157218237318,1.5760762215582793,3.9207571920553073,9640325.804592282,15.688624533920514,7.683835825349596,0.3788743920259406,-0.010166337098282411,18.12006762221927,0.610302757119585,672107894.7863486,27.681334050750113,24002.301469553637,21387471.821711123,-5.860042468499768e-07,-3.6358621686627105e-08,-11.569665176377198,27.696831528872004,105.07509078667084,105.07595097780809,67.8294467732126,69783.92008857675,78894586.25415874,1.2231249223168386,0.37883003966807455,1.352776663982857,3.3187296952354166,0.37359137805616793,1.1715361260044175,3.2821760041154913,0.5726147611091099,5.368162116278057,-12.028571428571428,0.17114285714285715,0.14542857142857143,0.9967857142857143,1.482,1.2565714285714287,1.0965714285714285
7.9848,0.7871428571428571,11.35142857142857,13.257142857142856,241.92142857142858,0.09696325186565298,-20.422857142857143,17.22,57.02714285714286,-57.02714285714286,2.047156399403533e-07,28.51356901831999,49.38695581108926,28.513573957015435,49.386952959732106,-49.38695581108926,0.0,11775029.816476926,12978356.164065065,0.40599537867296587,0.41113577805005164,1.1007544385489674,1.4059249448370552,1.6075663433400407,3.930878769019568,8960168.392314706,22.1575246226864,6.507226777238742,0.33160449845489526,-0.019041436954095135,14.303988375330304,0.5049349686501411,605583413.1145461,25.89852519643556,15738.045547194564,13075325.89102215,-8.903205152945822e-07,-5.847665320537501e-08,-14.162891288600512,25.912428969210765,114.30542016023566,114.31173438574857,83.26600354910063,68201.17124455363,77900379.17098087,1.1448257573823781,0.38086997784283333,1.380940967904298,3.326476309972328,0.37604650532008466,1.2023256685121404,3.2887803894659107,0.5629721545990412,5.390297416841648,-9.914285714285715,0.6048571428571428,0.646,0.8203571428571429,0.578,1.1788571428571428,1.3137142857142856
8.5648,0.8751428571428572,13.945714285714285,12.548571428571428,235.19285714285715,0.09841964215807969,-18.8,12.02,59.370000000000005,-59.370000000000005,2.131260121816965e-07,29.684997490727735,51.415929671411064,29.68500263232056,51.41592670291106,-51.415929671411064,0.0,12006430.274939196,16259247.857646883,0.4091776893709943,0.4138230333050196,1.135992825772147,1.4499342103255024,1.6466545305836822,3.944301923118061,9176953.524270203,24.474139992960314,6.626294882103133,0.8881853727697867,-0.015716002716425807,13.781946096183997,1.3662797222955958,869470821.5366954,18.64227075517419,18911.875891824722,16356211.230893327,-9.514460223162601e-07,-5.749356585777542e-08,-14.04043090864652,18.650756355486614,131.37053355097763,131.3770906884291,99.91261900332574,66304.28904217477,76638154.99376006,1.012361423631874,0.3834496689269664,1.4159862202672995,3.336608515381155,0.3790956854881853,1.2411199994126834,3.297528723401174,0.5204986699189259,5.41912789976614,-16.142857142857142,0.17285714285714288,0.33571428571428574,0.9575,1.174,0.7719999999999999,1.0691428571428572
11.684800000000001,1.1014285714285714,11.26,11.611428571428572,249.7642857142857,0.09541413240121557,-18.457142857142856,19.9,58.05571428571429,-58.05571428571429,2.0840799848533324e-07,29.027854689133147,50.27772482293785,29.02785971690549,50.27772192015213,-50.27772482293785,0.0,14034505.969414126,23627958.515479404,0.4023732477056479,0.40812818398907924,1.0619750194064783,1.3573826364906325,1.5638020782367108,3.916899430101257,9910660.222940201,21.681728424017145,6.897041996019263,0.47279492218701313,-0.020780678738110167,20.983178663278192,0.5804408854328169,617182279.215395,29.280322331236942,26144.90938793801,23724930.422787942,-7.582802846625469e-07,-3.8400199001304835e-08,-13.231089006251068,29.297252201752976,144.62131899500034,144.62772628868277,98.26290369188486,70412.18680528822,79273413.73138182,1.2457856092560093,0.37803359395790015,1.3418575099975958,3.3158076833357124,0.3726246675630154,1.1596953569262014,3.2797031031091297,0.5704004150791435,5.359631300920165,-17.514285714285712,0.4694285714285714,0.39228571428571424,0.8525,0.6419999999999999,1.4874285714285715,1.2428571428571429
11.7848,0.7311428571428571,12.345714285714285,12.754285714285714,249.0357142857143,0.09555146159774433,-22.731428571428573,13.059999999999999,46.34142857142857,-46.34142857142857,1.663561372786172e-07,23.17071232709442,40.1328555213288,23.17071634037986,40.13285320425736,-40.1328555213288,0.0,12244530.632954696,19424039.142255872,0.4028099744444696,0.4085078426720957,1.065480140823026,1.3617870354051673,1.567801541439639,3.918153972443604,9212380.655302811,16.549497819826552,8.436940682842302,0.2636682842117216,-0.01213504451314959,16.529891139910788,0.4471586033762261,625026128.9575418,31.372478013860473,22125.23317808803,19521042.76189879,-7.161753981727717e-07,-3.858211944840848e-08,-17.50863567329504,31.38970751168355,108.55543170450773,108.55650693797514,74.10511713047651,70206.79191713256,79150278.34056903,1.2383634214475607,0.3782860000833273,1.345406797357755,3.3167473722043166,0.3729334132294107,1.1635399065553806,3.2804967430027605,0.5711192746261803,5.362296777062839,-4.714285714285715,0.48142857142857143,0.6991428571428571,0.8489285714285715,1.23,1.4074285714285715,0.756
7.3048,0.8145714285714286,13.282857142857143,11.314285714285713,240.67857142857144,0.09722623688510847,-23.577142857142857,14.18,59.82714285714286,-59.82714285714286,2.147670604239098e-07,29.913568899978028,51.81182701001044,29.913574081160586,51.81182401865329,-51.81182701001044,0.0,12287386.102242049,15495172.171449615,0.4064963158111751,0.41154084554511056,1.1070984160029333,1.4138668834291521,1.6146363395444105,3.933212733804476,9255632.079022799,24.921731052684272,5.779785040149573,0.7017522370620294,-0.01921361409272123,13.8146690056132,1.072552988339539,719141262.892302,19.935294525035054,18147.425901811974,15592124.921529556,-1.0064967339745831e-06,-6.773140157628898e-08,-17.363012721631993,19.94548518072753,134.53344898223463,134.54047795681515,105.95081548776203,67850.79172946454,77673089.245004,1.1264881444230601,0.38131721697609927,1.3872796272275407,3.3282555955317035,0.37658381945610053,1.2093259679582058,3.2903103229731734,0.5598359877012102,5.395158638229385,-6.142857142857142,0.6168571428571428,0.586,0.7860714285714285,0.9099999999999998,0.7994285714285714,0.7788571428571428
13.404800000000002,1.0054285714285716,10.757142857142856,10.788571428571428,248.82142857142858,0.09559095407463192,-21.13142857142857,8.86,42.97,-42.97,1.5425340649229406e-07,21.48499818387352,37.21311264915838,21.485001905184678,37.21311050065838,-37.21311264915838,0.0,11803503.736447096,23230702.85141183,0.4031190997282126,0.40880353821011683,1.066524824581219,1.3631204304319122,1.5690186405076618,3.9185755842751715,9013550.88303205,11.713863310635187,27.07764266657214,0.45010111070914277,-0.03680194848711957,21.806288140180783,0.646398936586568,1312274703.6024113,59.30246058606183,25885.908713379602,23327724.576939687,-5.60819556106349e-07,-2.4510566066516936e-08,-17.295264925209526,59.25748370202814,108.27545884663047,108.27843339428736,66.57159200459924,70146.38165591029,79113936.96939863,1.2361630505606545,0.37837240273650097,1.3464648880038854,3.3170369953881305,0.3730356874839906,1.1646804043050694,3.280741712508869,0.5713275613950853,5.3632646362482745,-17.914285714285715,0.2842857142857143,0.3442857142857143,0.9432142857142858,0.11,0.9159999999999999,1.1605714285714286
10.904800000000002,0.7585714285714286,12.414285714285715,6.742857142857143,237.46428571428572,0.09792135023197635,-23.485714285714288,14.54,46.112857142857145,-46.112857142857145,1.6553561315751055e-07,23.056426622469274,39.93490685202911,23.056430615959847,39.93490454638624,-39.93490685202911,0.0,12011300.19111162,17825339.115999043,0.40828379482814897,0.41309629224800537,1.1238863146125793,1.4348556927917944,1.6333213245185747,3.9396752612552413,9092703.864311531,16.949081637018622,9.437652032134803,0.2571786742838097,-0.014887648780263635,17.75890260893669,0.4852936965441013,680782997.7738516,31.2733662269612,20547.896738341806,17922342.621762995,-6.455462862304672e-07,-4.037734241684517e-08,-17.995642499576523,31.28501604928829,103.81208295567987,103.81321512127656,71.37028784003812,66944.6378111307,77072862.21545433,1.0611638979101718,0.3825892923177512,1.4039953585781035,3.3330996118339256,0.3780791431092607,1.2277900284900292,3.2944886603730748,0.5383791877817736,5.409527083545803,-12.657142857142858,0.3082857142857143,0.574,0.9539285714285715,0.278,0.8177142857142856,1.4965714285714287
12.6848,0.7837142857142857,14.265714285714285,11.725714285714286,235.70714285714286,0.09830537448473284,-23.05142857142857,11.58,55.82714285714286,-55.82714285714286,2.0040788830454336e-07,27.913569069037976,48.34772529726589,27.91357390381037,48.347722505908735,-48.34772529726589,0.0,14348738.536003275,29672439.735150177,0.4089458824124202,0.4136283829918627,1.1332348636854768,1.4464923142694865,1.6436193966790498,3.9432295087357825,10165689.163094748,22.91099019780755,8.348656412990781,0.6093165690917299,-0.014554347941414917,18.652082173746226,1.0383357601955312,745149641.7814094,21.06163397210617,32003.690438536025,29769405.021912202,-7.691113230394799e-07,-3.8511355697839115e-08,-18.420650931897146,21.069873725746096,161.56778016761191,161.57484543470667,112.92247430302983,66449.27366910818,76737558.38654704,1.0233009870535137,0.38325505659186243,1.4132605744399078,3.3358061352350767,0.37886589632856166,1.2380811315827216,3.296831730774349,0.5245218237409537,5.416954414928744,-7.914285714285715,0.6391428571428571,0.23114285714285715,0.9675,0.206,1.0714285714285714,1.3617142857142857
7.5047999999999995,0.8180000000000001,14.425714285714285,8.091428571428573,240.29285714285714,0.09730844856799413,-20.17142857142857,20.14,45.14142857142857,-45.14142857142857,1.6204838564280726e-07,22.570712377812402,39.09362500750543,22.570716287174793,39.093622750433994,-39.09362500750543,0.0,12028233.784229875,12525458.736845002,0.4068030187185187,0.41182043614390135,1.1090813526913341,1.416373550465761,1.6168638250865097,3.933991523843484,9217166.099550787,16.28052889434199,7.225244732450294,0.45033285582904703,-0.009315533305426477,12.271953470686071,0.8256707771626643,738286518.0380474,24.092031600841473,15424.276348521347,12622478.471022377,-7.773560826396722e-07,-6.511676826171189e-08,-12.892566606654194,24.10399431004744,87.79468659710277,87.79690555052025,67.41852597601242,67742.05325926447,77602337.28545697,1.12083441273833,0.38145598695308564,1.389254231550771,3.328812885790909,0.3767504021881433,1.2115124062820972,3.290790638755431,0.5588586446278281,5.396668953711011,-4.7714285714285705,0.6151428571428571,0.4008571428571429,0.9582142857142857,1.194,1.38,0.8497142857142856
7.2448,1.088857142857143,11.1,13.805714285714286,248.43571428571428,0.09566442993581493,-21.04,12.620000000000001,55.65571428571428,-55.65571428571428,1.9979249521371334e-07,27.827854790569113,48.19926379529112,27.82785961049536,48.19926101250539,-48.19926379529112,0.0,10877566.259484205,11799737.32060736,0.40300107405798347,0.40864967962891585,1.068382141173068,1.365407731138668,1.5710893526505003,3.9191657577859447,8600063.162058208,21.261677833667058,6.9318280789640365,0.31799095134143796,-0.0186800254896814,13.516333565394703,0.5396625426051266,616119117.4987376,27.073962699985426,14600.530926411791,11896708.164187443,-8.932210986345471e-07,-5.7284118513892656e-08,-15.388415117419301,27.09070548888698,108.74811228236027,108.75450628724091,78.11452622271852,70037.64318571023,79048318.12103721,1.2322493832822725,0.3785060315946881,1.3483507939916455,3.3175387300260746,0.37319900755735114,1.1667281755098018,3.281166337535935,0.5717125764324301,5.364677662587092,-12.37142857142857,0.4522857142857143,0.5791428571428572,0.9010714285714285,1.1580000000000001,1.4897142857142858,0.8474285714285714
10.584800000000001,0.9894285714285715,13.48857142857143,7.405714285714286,248.86428571428573,0.09558280990068592,-16.102857142857143,18.78,55.14142857142858,-55.14142857142858,1.979463159412234e-07,27.570711955162537,47.75387928936682,27.570716730550334,47.753876532295386,-47.75387928936682,0.0,12757649.587157276,17672880.03914158,0.40281648815037313,0.4084997196043076,1.0663117739144994,1.362813933925984,1.5687397549762534,3.9184348417765884,9459827.418804515,20.421931057231323,5.868272072337718,0.6386685538929794,-0.015402131139588847,16.805397425009495,0.9662497304308453,657239303.5561926,21.461040481453587,20372.794508985557,17769866.90564307,-7.34739354869259e-07,-4.8313874799884524e-08,-11.009091828796645,21.474727069061608,119.13846048399095,119.14448302040651,83.07080832030374,70158.46370815474,79121218.12500264,1.2365984451903733,0.37835756008813237,1.3462555427217167,3.3169813798538543,0.3730175424164675,1.1644532821656284,3.2806946785121527,0.5712849255774252,5.363107774836913,-18.714285714285715,0.5174285714285715,0.3511428571428572,0.8346428571428571,0.506,0.7491428571428571,1.197142857142857
7.9448,0.9642857142857143,13.5,10.697142857142858,240.9357142857143,0.09717156637013898,-17.65714285714286,14.3,53.82714285714286,-53.82714285714286,1.9322830224486015e-07,26.91356915356795,46.615674440893606,26.913573815135262,46.61567174953646,-46.615674440893606,0.0,11311506.79312026,12564483.580835387,0.4064550590921754,0.4115203962065511,1.1057827746601898,1.412228924694435,1.6131813434385431,3.932745514458869,8872490.399049066,20.503901392604185,8.176359132958089,0.7671251232471631,-0.013807438520523565,13.020831027480227,1.1865784566410282,814273611.3416159,20.814868909740106,15375.137300038228,12661469.520301318,-8.641836253495871e-07,-5.977985187570406e-08,-12.395834393804753,20.826343707730025,104.65984823039238,104.66619759654003,78.48551136711897,67923.28404293125,77720216.77249028,1.130267148106728,0.38122468580203617,1.385965205170889,3.3278854138292373,0.37647270914322806,1.2078720234649558,3.289991563380849,0.5604823918822559,5.39415212821248,-1.0,0.6562857142857143,0.23457142857142857,0.8789285714285714,0.71,1.1102857142857143,0.9319999999999999
12.424800000000001,0.8957142857142857,11.934285714285714,7.177142857142857,249.67857142857142,0.09543017020187294,-20.674285714285716,16.78,50.112857142857145,-50.112857142857145,1.7989478527687702e-07,25.056426453409326,43.399008564773666,25.056430793310064,43.3990060591308,-43.399008564773666,0.0,13166839.149589434,23421724.624219228,0.4024823552320185,0.4082315658235206,1.062387804966054,1.3579093186931064,1.564281008149898,3.917060546052735,9584283.194680067,17.60636370465921,8.570666270164903,0.38895605633722913,-0.017310820548289856,21.55950500481306,0.5466629577070231,672673536.7884518,32.36645950715913,26002.425794981627,23518719.09317104,-6.748103269509786e-07,-3.45012196699641e-08,-15.70834968862475,32.38514464883606,124.18827558778314,124.1944404104809,84.680689485375,70388.02270079931,79259006.27793087,1.2449108753451341,0.37806329176381503,1.3422744337023251,3.3159178462243126,0.3726610062400444,1.1601465074513202,3.2797960651879197,0.5704845944967596,5.359944758086581,-1.4571428571428555,0.2517142857142857,0.32885714285714285,0.8317857142857144,1.2100000000000002,0.836,0.7628571428571428
13.4448,0.7425714285714285,10.837142857142856,13.6,249.1214285714286,0.09553522397428199,-23.942857142857143,9.66,54.22714285714285,-54.22714285714285,1.9466421945679674e-07,27.11356913666195,46.962084612168056,27.11357383287028,46.96208190081091,-46.962084612168056,0.0,13213837.748833304,27902191.49933816,0.40264752810351095,0.40835005470544117,1.065064350629546,1.3612478359511149,1.5673118473010723,3.917973815827982,9556452.595354484,20.470135330656923,8.070031097913038,0.37885325456159347,-0.019599574054005545,21.827400433827226,0.49757274700194565,624585450.8084311,34.57572504014568,30303.370149131297,27999159.32374601,-8.216448397487015e-07,-3.194565872674883e-08,-19.637427428281793,34.59368180852942,152.60687859070634,152.61379226044633,106.69176065596136,70230.95602162147,79164812.77422369,1.2392350672353982,0.3782563096999582,1.3449886321537754,3.316636439874529,0.37289710675753984,1.1630864631271107,3.280402966598108,0.5710342727261027,5.361983072976187,-12.085714285714285,0.13685714285714287,0.17114285714285715,0.9546428571428571,0.178,1.4371428571428573,1.3594285714285714
12.4848,1.0477142857142858,13.797142857142857,13.417142857142856,242.64999999999998,0.09681263844526262,-19.714285714285715,18.58,58.74142857142857,-58.74142857142857,2.108695708486532e-07,29.370711803008582,50.871570830836916,29.370716890165525,50.87156789376548,-50.871570830836916,0.0,14735552.93803066,25765775.591039773,0.40559744512537266,0.4107921056741995,1.0970506688185464,1.401279331144717,1.6034082762568824,3.9294829642725886,10269663.174361765,23.396456311193102,6.492069810947075,0.5918754195268002,-0.015061031710171736,17.555795095094812,0.94778056895339,642502171.1245352,21.297159437103275,28205.797862427127,25862741.909446377,-8.617336352388329e-07,-4.6556618311241994e-08,-14.24684140921026,21.30736251533875,155.9935930110245,156.00035043484715,111.25603806806112,68406.56613270928,78032276.48052204,1.1556578000031474,0.380595494559119,1.3772299302516569,3.3254327028892745,0.3757194966687424,1.1982480384017513,3.2878857505516685,0.5647816165262233,5.387267553303194,-9.342857142857142,0.34771428571428575,0.4128571428571429,0.9889285714285714,0.46199999999999997,1.2337142857142855,1.204
10.4448,0.9048571428571428,14.037142857142857,11.885714285714286,249.33571428571432,0.09549471352119983,-20.057142857142857,16.86,47.99857142857143,-47.99857142857143,1.7230493715664047e-07,23.99928368562673,41.567983373751545,23.999287842424952,41.56798097382296,-41.567983373751545,0.0,12773515.31396242,17798526.198874686,0.40261623388976114,0.40833738606244413,1.0640345648994418,1.3599684765005462,1.5661513119399522,3.9176336712397797,9514881.467030218,17.214811239709874,5.940020301529101,0.38302948594132713,-0.010042118368805114,14.465143326446206,0.7369155596364743,646599871.126333,23.98662217992317,20543.461897122434,17895531.232207708,-7.603780182315223e-07,-4.9192476310084046e-08,-14.24337706969989,24.00186886500215,107.25429455557251,107.2556209056201,77.41458565905873,70291.36628284371,79201102.37134282,1.2414161263853492,0.37818206764272144,1.3439438473998606,3.3163595301622237,0.3728063114954491,1.1619541629284496,3.280168990073416,0.5708222612184004,5.361198806604076,-10.371428571428572,0.5414285714285715,0.2928571428571428,0.9610714285714286,0.698,0.9571428571428571,1.4417142857142857
12.0048,0.9871428571428572,12.620000000000001,13.942857142857143,236.5214285714286,0.09812836483783924,-19.28,13.82,55.88428571428572,-55.88428571428572,2.0061301933482001e-07,27.942140495194263,48.39721246459081,27.942145334915374,48.39720967037651,-48.39721246459081,0.0,13033672.842124246,22103745.539509863,0.4085898050376575,0.4133316885344965,1.1288877654409442,1.441072993404949,1.6388305025782608,3.9415594198439874,9516689.06698529,22.088970233013526,5.547170815319548,0.39023655736077445,-0.015109829488106205,17.29495164476299,0.6292270680329043,585186878.6617059,24.06447884534937,24645.094286229825,22200720.126432553,-8.215243861350375e-07,-4.0863736379021757e-08,-14.643214422063442,24.07503941360528,137.89104166347303,137.89738428570527,95.7160448274132,66678.83266175276,76893902.25217594,1.0407524169828593,0.3829467092286136,1.4089578486674175,3.3345452355118548,0.3785016325841313,1.2332944808809478,3.2957386207854054,0.5309070410389953,5.413513121650085,-16.942857142857143,0.5808571428571428,0.2997142857142857,0.9382142857142857,0.5259999999999999,0.9274285714285714,1.3868571428571428
12.4648,0.9665714285714286,12.608571428571429,11.794285714285714,248.65,0.09562357710146227,-16.514285714285712,8.26,49.54142857142857,-49.54142857142857,1.7784347497411035e-07,24.77071219184646,42.90413689152444,24.77071648226003,42.904134414453004,-42.90413689152444,0.0,11602613.750053197,21162597.497013826,0.40305557787498275,0.40872388329375764,1.0673492583455082,1.3641338422025713,1.569936251394167,3.9188326257382027,8988389.246370628,17.615140268439607,7.1089460607215385,0.3859944629082689,-0.012470530883991344,18.107833323112196,0.5584478706601356,624896127.7215393,26.885650843501164,23818.59486687324,21259600.273141023,-6.205957786744826e-07,-2.940801696937021e-08,-13.285020056857713,26.901108776644474,114.72481748366249,114.72569129379848,71.71170124471779,70098.05344693249,79084787.14433177,1.2344227244008932,0.3784317938709759,1.3473026212126915,3.3172597207388956,0.37310828467555823,1.1655897793273002,3.2809301623468676,0.5714984002135256,5.363892547211088,-8.257142857142856,0.3151428571428571,0.29114285714285715,0.8939285714285714,0.69,1.2154285714285713,0.7217142857142856
9.8648,1.0031428571428571,12.402857142857144,13.120000000000001,244.9642857142857,0.09634319642320248,-19.462857142857143,10.82,54.97,-54.97,1.973309228503934e-07,27.484997676693677,47.60541778739205,27.485002437235323,47.60541503889204,-47.60541778739205,0.0,11626375.853312984,16673448.243714921,0.4045863027161731,0.4099603821632622,1.0854253748383162,1.3867453616661456,1.5903568579079495,3.925255598547115,8950602.925514596,21.191785150224586,5.736296552886399,0.3958148113480089,-0.015738670213613408,15.354988797382685,0.6441392861601447,598578711.7545903,23.8925817453239,19363.741802556495,16770424.196632717,-8.411387318200747e-07,-4.5268981593123714e-08,-15.011765463195333,23.906233324375222,121.59515879449216,121.60139317709913,86.40698886673921,69058.99695390965,78444788.20989603,1.1904929194395615,0.3797505241718404,1.3655528257184006,3.3222001583597875,0.37470481012341744,1.1854619427681574,3.285125762522717,0.5706126988833381,5.378067583938079,-8.714285714285715,0.2551428571428571,0.3837142857142857,0.8946428571428571,0.722,0.9434285714285714,0.7719999999999999
9.524799999999999,0.7334285714285714,12.722857142857142,13.302857142857142,241.23571428571432,0.09710781319817248,-18.708571428571428,20.5,59.19857142857143,-59.19857142857143,2.125106190908665e-07,29.599283212258875,51.26746816943629,29.59928833900555,51.26746520950771,-51.26746816943629,0.0,13280560.321596898,16951212.979290698,0.40627455735251183,0.4113619943064262,1.104248107815636,1.4102978791480194,1.6114627251333522,3.932160933451925,9631379.031592358,23.417104403708446,5.284032539130854,0.5355904898102914,-0.016936953392852668,15.163166961614637,0.7724592335965734,620138934.713618,21.821945094248203,19608.3035279812,17048180.89661063,-8.926085304743976e-07,-5.7430901876515456e-08,-12.482283001534771,21.833198974122197,129.60492521804292,129.61120734786118,93.31859309682994,68007.85840864242,77775246.03564455,1.1346858015433143,0.3811167348592295,1.384433668650474,3.3274548949656197,0.37634304462984597,1.2061794476381598,3.2896211498021266,0.5612406802664192,5.392978352383002,-6.600000000000001,0.23114285714285715,0.43685714285714283,0.9246428571428571,0.7619999999999999,0.8908571428571428,0.7902857142857143
12.904800000000002,0.7471428571428571,13.66,13.714285714285715,238.2357142857143,0.09775094162087666,-17.817142857142855,19.58,42.79857142857143,-42.79857142857143,1.5363801340146406e-07,21.39928390540466,37.06465114718362,21.39928761186967,37.06464900725504,-37.06465114718362,0.0,13051610.721193781,19106359.804160997,0.4079780853307442,0.41284786139309837,1.1198166461658716,1.4297916161124058,1.6288205375375313,3.938138378745175,9608403.33862678,14.940618888525423,9.279950526304624,0.3234682687428677,-0.007823955462129826,15.158797809489641,0.5158118850806483,700317262.3327684,30.100060825421455,21888.257236436246,19203397.592017,-6.498243302749548e-07,-3.968497193997754e-08,-12.072202806069877,30.111298472793766,95.61457246659322,95.6154990655369,63.61981979436331,67162.11475153081,77218740.77982514,1.0780219475166894,0.382296540348378,1.3999508840112331,3.3319281535350718,0.3777328849426882,1.223316470340894,3.2934782794780517,0.5445576691127347,5.406265536596647,-14.37142857142857,0.5654285714285714,0.4831428571428571,0.8096428571428571,0.46599999999999997,0.9754285714285714,1.1674285714285715
7.8048,0.9505714285714286,13.008571428571429,13.53142857142857,240.25,0.09731763860759735,-21.68,9.940000000000001,48.62714285714286,-48.62714285714286,1.7456137848968374e-07,24.313569373345878,42.112342214325686,24.313573584579984,42.11233978296853,-42.112342214325686,0.0,10945480.306151308,14040260.588366173,0.4068088310655563,0.4118227442354258,1.1093010671300887,1.4166474347139122,1.6171067236149368,3.934069588869097,8723471.253082547,18.490626034450678,6.890221993688385,0.3944061072382942,-0.01158380711798912,12.847230451233218,0.7327859615876603,685278117.9853771,24.7852611787499,16836.728583798693,14137255.266454116,-8.287535100820273e-07,-5.0947957876373325e-08,-16.56062973777597,24.79743298825023,101.84475973865216,101.84648756280117,74.65867579312805,67729.97120702003,77594439.4772459,1.1202073709123963,0.381471416542165,1.38947391305534,3.3288749807012947,0.3767689167354708,1.2117557686957774,3.2908441809964746,0.5587503161383395,5.3968369559248845,-17.114285714285714,0.4128571428571429,0.49171428571428566,0.7546428571428572,0.22199999999999998,1.3434285714285714,1.3845714285714286
13.524799999999999,0.8728571428571429,10.54,12.594285714285714,238.40714285714287,0.09771338840464,-20.445714285714285,14.46,50.684285714285714,-50.684285714285714,1.8194609557964363e-07,25.342140714972192,43.89388023802288,25.342145104360092,43.89387770380859,-43.89388023802288,0.0,13406869.013632035,27281338.02573043,0.4077917494827538,0.41267242170619484,1.1189123450553773,1.428649457973962,1.6278024491028538,3.937765055101188,9639512.081001867,17.67125799392765,13.579241213799946,0.48591019849636446,-0.018796772230469026,22.979763225795452,0.589713491707684,867857681.8111879,41.52043774288521,29743.500275968592,27378329.564998575,-6.55375504993553e-07,-2.7904549099416958e-08,-15.976175651019815,41.53679725349068,135.520725852575,135.52711759704064,86.47866296388085,67210.4429605086,77250981.07143596,1.0817873128263826,0.38223147410302166,1.3990540766532562,3.3316692322217536,0.37765589342237404,1.2223259791038037,3.2932552529018406,0.5459151691211269,5.405541060071654,-7.9714285714285715,0.25,0.5499999999999999,0.9703571428571429,0.44999999999999996,0.8314285714285714,1.492
11.8048,0.8671428571428572,11.374285714285714,12.182857142857143,236.4357142857143,0.09814674483161559,-20.948571428571427,11.14,53.19857142857143,-53.19857142857143,1.9097186091181683e-07,26.599283465848796,46.07131560031946,26.599288072980226,46.07131294039088,-46.07131560031946,0.0,12390823.504943904,21733169.99804511,0.40865343790006364,0.41338942620562036,1.1293447434481678,1.4416464194910439,1.6393381571854533,3.9417414308878276,9217727.341449501,20.300193457872616,8.045596041628462,0.36024964776651164,-0.017719199321627348,19.380338714792376,0.44498427295900206,611187757.0417095,30.88789421225354,24295.084195630643,21830149.055323817,-7.992008675518854e-07,-3.5645676187971695e-08,-16.644310807791616,30.900581741083577,129.83818286721186,129.84442231401857,90.70434956522325,66654.66855726387,76877502.7593196,1.0389078886429979,0.38297917102457063,1.4094100299305383,3.334677410231348,0.3785399941463535,1.2337969368562036,3.2958530860155713,0.530233952542328,5.413875233358881,-18.37142857142857,0.262,0.6185714285714285,0.7517857142857143,0.522,1.4417142857142857,1.0622857142857143
7.3248,0.7208571428571429,13.82,6.08,236.82142857142856,0.0980648057905213,-19.66857142857143,11.940000000000001,44.34142857142857,-44.34142857142857,1.59176551218934e-07,22.170712411624393,38.40080466495652,22.170716251704754,38.400802447885084,-38.40080466495652,0.0,10310122.223894356,11227358.180102445,0.40858828699528643,0.4133541515984062,1.1272948050704632,1.4391074713751737,1.6370920919573442,3.9409878197615416,8489553.105472164,16.254710784975273,8.154574454193096,0.410001058046818,-0.010475040939212421,12.632802252666448,0.7825926193736494,761452808.2820965,25.263102870195173,14154.13965477469,11324378.665808383,-7.286240158277523e-07,-5.409163020886461e-08,-14.49463156358737,25.272788733695233,82.46017436890496,82.46260048944833,62.044386410528205,66763.4070274639,76950580.35792997,1.047226754298666,0.38283299260057907,1.4073764822198593,3.3340835493763974,0.3783672533191049,1.2315386434451963,3.2953390640696987,0.533314785105915,5.4122439394231066,-5.571428571428571,0.3888571428571429,0.2362857142857143,0.7653571428571428,0.47,1.453142857142857,1.3571428571428572
7.6648,0.9951428571428572,13.934285714285714,6.262857142857143,248.47857142857143,0.09565624438816688,-19.645714285714284,14.5,60.51285714285714,-60.51285714285714,2.1722863278722976e-07,30.256426013853464,52.40567301790951,30.25643125442062,52.40566999226664,-52.40567301790951,0.0,11891467.686954133,14295437.661567029,0.4029065990240589,0.40855720604827894,1.0681732630052436,1.3651335609530557,1.5708405721015988,3.919066809625239,9129166.442771977,24.072607421435134,8.09715048882871,1.0149670136016973,-0.019683287987841983,14.272471500597574,1.5666345217842255,1029785669.9695295,18.178474671663004,17004.93722578065,14392396.816642754,-9.264018049581676e-07,-6.631393046227282e-08,-14.271199971337191,18.190100122980695,127.69750414436973,127.70445753592945,100.05537143923394,70049.72523795468,79055621.69442534,1.2326839368845186,0.3784911880459166,1.348141077431389,3.3174828790617625,0.37318086760776503,1.1665003202552688,3.2811190460664497,0.5716696854866721,5.364520677740965,-17.4,0.5962857142857143,0.1642857142857143,0.8232142857142857,1.446,1.1697142857142857,1.1902857142857144
10.4648,0.7928571428571428,13.957142857142857,7.748571428571429,245.69285714285715,0.09619848269679993,-17.13142857142857,10.7,61.08428571428571,-61.08428571428571,2.192799430899964e-07,30.542140275416326,52.90054469115873,30.54214556547065,52.90054163694443,-52.90054469115873,0.0,12307777.698912146,20062039.20237329,0.4042037493145509,0.40963377978073756,1.0818030868735546,1.3822104837939595,1.5862662333950575,3.923934485506756,9302257.713009512,24.576044412900607,5.8464889152931425,0.8144437884270942,-0.018879243810833946,17.100293355649235,1.2413698111751434,788870035.2861176,18.63766864125588,22632.00179742695,20159000.304619774,-8.222041584189045e-07,-4.4405603827064685e-08,-13.375476766667518,18.647499210348148,144.49040534477572,144.49691928996455,103.41749953577761,69264.39184206534,78572743.7175073,1.2016046008596695,0.37948816628627474,1.3619064505757614,3.3212032697339096,0.3743883487071451,1.1814863427513065,3.2842781400571344,0.5725356784953903,5.375232779480189,-5.342857142857142,0.24142857142857144,0.12828571428571428,0.8139285714285714,0.28200000000000003,0.8017142857142857,0.9868571428571429
11.0048,0.8385714285714285,10.7,13.44,240.07857142857145,0.09735456133113775,-18.29714285714286,19.62,50.22714285714286,-50.22714285714286,1.8030504733743033e-07,25.1135693057219,43.497982899423505,25.11357365552007,43.49798038806636,-43.497982899423505,0.0,12477397.63389102,17210206.38274942,0.4069325705503282,0.41193413185122196,1.1101840303218593,1.4177611368752951,1.6180949936476736,3.934410079374399,9236953.011969041,16.88916546491678,13.451744358203241,0.4159506772726028,-0.016723865144323377,17.66871297212709,0.44974445446502365,798432276.1278293,39.59567925020794,19946.346681872124,17307207.66901244,-7.461531751793951e-07,-3.980737135159128e-08,-12.683126408362686,39.61108845058224,108.07071847173405,108.07642950661868,73.28373369880391,67681.64299804223,77562734.29777777,1.1177012935518642,0.38153309966636806,1.3903527970726113,3.329123572879105,0.37684293736120755,1.2127300064296862,3.291058650298698,0.5583170016124523,5.397508619257002,-6.085714285714285,0.35285714285714287,0.28600000000000003,0.7703571428571429,1.234,0.8337142857142856,1.4188571428571428
9.3848,1.01,12.597142857142856,9.142857142857142,243.03571428571428,0.0967331244431683,-23.622857142857143,18.66,56.455714285714286,-56.455714285714286,2.0266432963758666e-07,28.227854756757125,48.89208413784003,28.227859645965403,48.892081315054305,-48.89208413784003,0.0,13310466.65499042,18169229.50407835,0.40544636975061105,0.410671152119645,1.0951022000051613,1.398843668174523,1.601229267644444,3.928776767076975,9630292.545631992,22.254975418542376,5.271863625097999,0.37528905644533866,-0.01956674081464565,16.868627677409734,0.6319124946114579,564947271.4202406,23.59748159373297,20792.12984422117,18266194.689117696,-8.126426850176923e-07,-5.47721224806918e-08,-17.11486329968426,23.609923091202496,131.45850837855036,131.46501762419766,96.02960285803182,68515.30460290937,78101611.97728921,1.161419926150472,0.38045669230412066,1.3752768991074247,3.324890082111711,0.37555247471427156,1.1961017632813122,3.287421211578684,0.5657564741792984,5.385762419375157,-11.0,0.5277142857142857,0.3802857142857142,0.7853571428571429,0.5099999999999999,1.3114285714285714,1.364
7.7648,1.0111428571428571,12.265714285714285,11.337142857142858,238.32142857142858,0.09773215184844221,-20.377142857142857,10.66,56.11285714285714,-56.11285714285714,2.0143354345592664e-07,28.056426199819402,48.59516113389049,28.05643105933538,48.59515832824763,-48.59516113389049,0.0,10887722.909334322,12816977.298699366,0.407736010793243,0.4126091690224089,1.1193610621334422,1.4291963716195901,1.6282886375426882,3.9379174170714446,8627951.089948948,22.387005882499395,6.061246647988282,0.47127875483692167,-0.01818684913401504,13.919457044523813,0.7762694323964132,651838428.600211,22.769275760747817,15575.28290414122,12913947.166892637,-8.982681994227788e-07,-5.579419183933531e-08,-15.459951588612247,22.78063269965664,113.29477036418908,113.30124433804963,84.45738954824834,67186.27885601971,77234868.02506946,1.0799037581125968,0.38226400641993963,1.3995023957891368,3.3317986295376003,0.37769438963121704,1.2228210508024657,3.293366695532352,0.5452363177187568,5.405903262100063,-13.4,0.46257142857142863,0.5688571428571428,0.8310714285714286,0.202,1.0942857142857143,0.8039999999999999
12.1248,0.9254285714285715,10.631428571428572,6.377142857142857,247.40714285714284,0.09586300319587264,-20.62857142857143,18.34,53.712857142857146,-53.712857142857146,1.928180401843068e-07,26.856426301255375,46.51670010624377,26.85643095292526,46.5166974206009,-46.51670010624377,0.0,12933656.540938616,22184441.864999928,0.40350602406182745,0.40907296419642625,1.0733830756387648,1.3716764257858751,1.5767618376037422,3.920942234892042,9408228.33985198,18.84712442366035,10.647762120966533,0.46156568783526564,-0.02548341884944289,23.862618944775367,0.5810710327922032,748646392.0498654,37.05667491651144,24757.95044993477,22281423.241421033,-6.944082397134082e-07,-3.507221915387765e-08,-15.520213511491683,37.07639246904814,130.43158246017938,130.4378025407152,87.97043812360945,69747.6739318434,78870745.35206471,1.2218281037457908,0.3788745828465425,1.3534087259094807,3.318899091625575,0.3736457499194058,1.1722249700016931,3.282319818476212,0.572745260238149,5.368634067372072,-18.542857142857144,0.6185714285714285,0.15057142857142858,0.9210714285714285,0.846,1.2382857142857142,0.8062857142857143
11.744800000000001,0.9905714285714287,12.128571428571428,8.022857142857143,245.60714285714286,0.09621546054530089,-22.708571428571428,13.18,46.91285714285714,-46.91285714285714,1.6840744758138384e-07,23.456426588657283,40.627727194578014,23.45643065142989,40.62772484893515,-40.627727194578014,0.0,12159048.477806248,19609786.019116074,0.40442725010654,0.4098536512516231,1.0822323218829042,1.382773303081467,1.5867754748286405,3.9241361264456533,9153316.86997047,16.75213813367343,9.346097422261506,0.27610236328721466,-0.015363513422157582,18.833519256197896,0.44569001088923577,666330510.5498078,32.32182760012224,22295.181464074092,19706787.202674575,-6.307538620025219e-07,-3.5964729922270345e-08,-17.71405344818301,32.33735713313287,109.2146879078508,109.21570517672296,72.54854548434405,69240.22773757645,78557709.62595157,1.2002952330736776,0.3795190129082553,1.3623346941895165,3.3213200957786713,0.3744255757460925,1.1819528789676037,3.284377404019248,0.5723189063577561,5.375565821084387,-0.6000000000000014,0.21057142857142858,0.42314285714285715,0.9875,0.194,1.444,0.8154285714285714
8.1248,0.7242857142857142,12.757142857142856,10.377142857142857,239.90714285714287,0.09738882917014054,-21.291428571428572,19.18,59.54142857142857,-59.54142857142857,2.1374140527252647e-07,29.77071176919659,51.56439117338582,29.770716925635565,51.56438819631439,-51.56439117338582,0.0,12660203.152745545,14737013.766965957,0.4069348116283324,0.41192386469084363,1.1110633542935024,1.418853609069757,1.619056933275765,3.93476698049897,9365116.09970188,24.193919699702256,6.846628894024515,0.6332990850944191,-0.01992215901993003,14.66241052987811,0.9872531693583612,678808723.9417644,21.176992638338724,17426.932955399276,14833974.435238522,-9.350298674552949e-07,-6.625863070616559e-08,-14.62224899026097,21.18788957546149,127.71698846396502,127.72364558529875,97.67133281952334,67633.31478906443,77530993.19079241,1.1150248341297215,0.3816618124521988,1.391237504798591,3.329425032577891,0.376981378656328,1.2137160899272,3.291326717644918,0.5577585292994137,5.399204688686257,-15.8,0.18657142857142858,0.15742857142857145,0.9253571428571429,1.214,0.9594285714285714,0.7582857142857142
8.5048,0.9391428571428572,12.882857142857143,9.874285714285715,239.35,0.09750875419071796,-16.30857142857143,12.66,45.54142857142857,-45.54142857142857,1.634843028547439e-07,22.77071236090641,39.44003517877988,22.770716304909815,39.44003290170845,-39.44003517877988,0.0,10211822.367470687,10491077.157988077,0.4074437209313653,0.4123955394170708,1.1139731721181632,1.4225134660765422,1.6223314716713069,3.9359309975142884,8393710.4430108,15.986404871508906,9.128622446400502,0.36962947627855214,-0.010919330018010173,12.86819319861768,0.6168009461630031,743831732.1297742,27.64778017570668,13448.670055794051,10588101.085955378,-7.294155211403792e-07,-4.983822016694184e-08,-11.56671438536692,27.65641076179152,79.03092909114476,79.03323090392126,56.20943947656371,67476.24810988655,77427260.90127721,1.1026220839637422,0.38187341305428724,1.3941342980850429,3.330254071980327,0.37723203731822746,1.2169022021193434,3.2920382280585763,0.5533956487823083,5.401556585456539,-14.314285714285715,0.2877142857142857,0.4591428571428571,0.8375,0.8859999999999999,0.8108571428571428,1.2222857142857142
7.9048,1.0465714285714287,13.625714285714285,10.14857142857143,246.6357142857143,0.09601386692504782,-22.434285714285714,20.34,59.427142857142854,-59.427142857142854,2.1333114321197315e-07,29.713568916884018,51.46541683873598,29.71357406342556,51.46541386737883,-51.46541683873598,0.0,13347598.77366471,15961794.69749239,0.40373269697311515,0.4092359360200081,1.0771472976928165,1.3763820974090837,1.5810011410411375,3.922251240655507,9696408.965304533,23.820797213916254,5.654066644370324,0.702428244291785,-0.018232653138621817,14.199860047078603,1.0723731149491555,719741034.564107,19.893981616375218,18627.896091509992,16058753.783046208,-9.658108228892548e-07,-7.199865721230387e-08,-15.178521903197725,19.905767885066513,133.4420560561062,133.4489807724344,104.87617264200024,69530.19699144328,78737199.95213087,1.2140735930444722,0.37914172054188755,1.3572090127856102,3.3199204368759423,0.37397170129519053,1.1763726061334205,3.283187988198684,0.5735813451991019,5.371465740692095,-1.8000000000000007,0.4505714285714286,0.3117142857142857,0.7803571428571429,0.7739999999999999,1.338857142857143,0.7011428571428571
11.1648,0.8602857142857143,13.397142857142857,10.948571428571428,244.36428571428573,0.09646383348536265,-18.89142857142857,15.5,55.54142857142857,-55.54142857142857,1.9938223315316002e-07,27.77071193825654,48.10028946064127,27.770716748285352,48.100286683569834,-48.10028946064127,0.0,13288249.807695534,21538471.858383153,0.40485531042629347,0.4101826000334431,1.088420417133699,1.390489284710027,1.5937260254854104,3.926336102370547,9688765.517277814,21.379109625899233,5.201179930679915,0.5095336379791368,-0.015142513096652214,17.319625511577186,0.8280786454917886,619487085.3915961,22.01837527688493,24113.156812635854,21635449.31065224,-7.483794540120641e-07,-4.278098930551711e-08,-14.03668353106297,22.03043033678344,134.54388916700236,134.5501945542944,92.75013118653438,68889.84822248736,78338547.52533032,1.1814019240537985,0.3799663528288138,1.3685647800755445,3.3230269948508004,0.37496503077853904,1.1887530535426436,3.2858300966953524,0.5690964757070728,5.380401196004629,-17.057142857142857,0.61,0.5071428571428571,0.8717857142857143,0.246,1.1948571428571428,1.2108571428571429
8.2648,1.104857142857143,12.677142857142858,9.257142857142856,249.4642857142857,0.09547046683830251,-23.12,11.3,60.684285714285714,-60.684285714285714,2.1784402587805975e-07,30.342140292322323,52.55413451988427,30.34214554773563,52.55413148566998,-52.55413451988427,0.0,11858371.302771278,15658821.15860469,0.4024522645174856,0.4081818863534874,1.0634140069545739,1.3591759537116586,1.5654312474274514,3.9173883403562813,9035998.06510311,24.81096069122092,6.712168507868194,0.6174487714680951,-0.0229680279803397,15.423055718902758,0.994209792946357,686019585.1356504,20.955461280502703,18312.483442542845,15755771.11302724,-9.55952474476751e-07,-5.916448814282625e-08,-17.849972199193722,20.968540940060297,136.9738201859725,136.98084967337104,105.81429110047061,70327.61243957705,79222842.34955975,1.2427260890220904,0.37813752827165914,1.3433174988381078,3.3161937046575947,0.37275182961687015,1.1612757095530215,3.2800289382614523,0.5706955687645897,5.36072847670861,-6.0285714285714285,0.3802857142857142,0.2397142857142857,0.9717857142857143,0.366,1.3982857142857144,1.2245714285714286
9.1448,0.7277142857142856,13.534285714285714,10.651428571428571,238.02142857142857,0.09779803038966739,-19.874285714285715,8.58,45.59857142857143,-45.59857142857143,1.636894338850206e-07,22.7992837870627,39.48952234610481,22.799287736014822,39.48952006617623,-39.48952234610481,0.0,10547979.326395877,14114540.258521765,0.4080052240779874,0.41285829842814453,1.120943369119141,1.4311862815704146,1.6300606489423755,3.938551037352952,8572225.616596399,16.846238977924752,7.419284522866922,0.3658283809955763,-0.010335887826963682,13.540759164035267,0.7014971884019369,692736083.107163,25.372452663579068,16950.706235173788,14211552.295212856,-7.465953292808599e-07,-4.4483310850765055e-08,-15.536111373419018,25.38313178496098,92.91918904085956,92.92087669976128,66.9848528918504,67101.70449030856,77178361.35713196,1.07332501837164,0.38237785045937267,1.4010728763348392,3.3322525020794767,0.37782908377758834,1.22455640554209,3.293757808596645,0.5428619415641899,5.407171035648985,-3.057142857142857,0.45571428571428574,0.33057142857142857,0.9596428571428571,0.814,1.1171428571428572,0.7925714285714285
7.3648,1.042,11.008571428571429,9.805714285714286,239.2642857142857,0.09752722245126942,-23.874285714285715,9.82,58.34142857142857,-58.34142857142857,2.0943365363671655e-07,29.17071181991458,50.52516065956246,29.170716872430503,50.525157742491025,-50.52516065956246,0.0,10680626.071274465,12006211.576703932,0.4072741792857845,0.41221636739514883,1.1144167258853481,1.423034880001153,1.6227948023197767,3.9360409717823917,8469310.52054346,24.014017770756837,6.4929542460028244,0.31537262997140136,-0.026322193940262785,15.153426008960153,0.5445969888470363,597396860.3541229,25.76181894362918,14746.12163614089,12103166.252967555,-9.104255681829946e-07,-5.828533822739801e-08,-18.51364707361164,25.774569658630476,118.08122056990521,118.08800986163898,88.77185650515379,67452.08400539767,77411309.8523636,1.100719278115031,0.3819059800442272,1.3945806834720027,3.330382109198159,0.3772706009421416,1.2173936444702305,3.2921482076752,0.5527146291589627,5.401918829136707,-8.485714285714286,0.47457142857142864,0.44714285714285706,0.9460714285714286,0.19,0.9182857142857143,0.7742857142857142
8.2848,0.8431428571428572,13.1,7.314285714285714,247.96428571428572,0.09575457141766033,-19.394285714285715,15.18,57.427142857142854,-57.427142857142854,2.0615155715228992e-07,28.713569001413994,49.7333659823637,28.713573974750453,49.733363111006554,-49.7333659823637,0.0,11780012.000615923,14144895.541703342,0.4031741640385146,0.4087840476031264,1.0706656750021433,1.3682628787462752,1.5736714741398283,3.9199560529919277,9043218.134808786,22.18057359832767,7.290598283356934,0.6979527412828245,-0.019000515403105694,15.054590059881098,1.0695072189290453,736813626.2547041,20.738504904457447,16884.986927232683,14241865.287875826,-8.431030924869237e-07,-5.855451348577687e-08,-14.041668742960939,20.751802543909953,118.48165804207927,118.48820313063425,88.83827077754779,69904.74061102125,78967983.09201865,1.2274769630027145,0.37866935125783735,1.350660522993734,3.318154878042082,0.37339851920129014,1.1692394438036762,3.281688376265789,0.572186506756459,5.366405894880958,-12.542857142857143,0.12314285714285715,0.39057142857142857,0.9817857142857143,0.5619999999999999,1.348,0.852
8.9848,1.05,12.688571428571429,8.594285714285714,246.97857142857146,0.09594664435418507,-22.89142857142857,18.700000000000003,59.59857142857143,-59.59857142857143,2.1394653630280315e-07,29.79928319535288,51.613878340710755,29.799288356740572,51.613875360782174,-51.613878340710755,0.0,13252701.453740606,17518305.850150615,0.40359937159104975,0.40913034613022126,1.0754713451678866,1.374281810286598,1.5791102699241664,3.921659504929283,9610094.664702235,23.895439380816544,5.011222629328726,0.5007372710392937,-0.021907210101377392,16.67016895658468,0.7931678295498464,614987839.1053729,21.949491156242498,20141.117656292914,17615262.714905903,-8.58577694101524e-07,-5.8938053948806505e-08,-16.45553314718139,21.962228817067015,137.47178417200385,137.47848161588118,102.44585616724736,69626.85340939889,78796635.42412661,1.2175120982209622,0.3790230411568488,1.3555184276061003,3.319465491275735,0.37382691184210637,1.1745261069881385,3.2828010239262166,0.5731907174619679,5.370207638784298,-15.628571428571428,0.3837142857142857,0.598,0.7917857142857143,1.31,0.9777142857142858,1.3045714285714287
12.844800000000001,1.106,14.048571428571428,12.731428571428571,236.05,0.0982301925232986,-20.08,13.7,50.74142857142857,-50.74142857142857,1.821512266099203e-07,25.37071214112848,43.94336740534781,25.370716535465096,43.94336486827637,-43.94336740534781,0.0,13860722.544645425,26408251.518539738,0.4088607883133862,0.41356915293518276,1.1314029624152213,1.4442173421828635,1.6416114655837624,3.942540563689093,9967189.478746086,19.46719069047461,5.488412159436284,0.4250002094350393,-0.011103809845993452,17.70905725704831,0.7370739737715969,611893599.5167706,23.037406881977855,28888.821050438495,26505243.333728656,-6.88394988530485e-07,-3.62479238531928e-08,-15.442893846770803,23.04735275244341,134.2044854976227,134.210849226556,89.83554647865637,66545.9300870638,76803557.29478128,1.0306295488171888,0.3831252585855294,1.4114469557907239,3.335273807523719,0.3787125873517649,1.2360619768026637,3.2963699189875504,0.5272078255566216,5.415505462485177,-4.428571428571429,0.39057142857142857,0.32371428571428573,0.8867857142857143,0.9500000000000001,0.7879999999999999,1.4714285714285715
13.084800000000001,0.9757142857142858,14.105714285714285,13.188571428571429,248.35,0.09568066434761117,-16.217142857142857,14.82,48.91285714285714,-48.91285714285714,1.7558703364106708e-07,24.45642650412731,42.3597780509503,24.456430740105,42.35977560530743,-42.3597780509503,0.0,12818463.156731647,21376462.232926495,0.40310056159514235,0.4087431695518407,1.0687982681772432,1.3659363674791125,1.5715679035213026,3.919320544907185,9540309.688133806,17.47545854963103,5.908719926806068,0.46077660532237774,-0.009394150020751512,16.026130940723096,0.7325740367583136,635193665.3137192,23.57353040785364,24044.77278492253,21473471.887422904,-7.149562060533226e-07,-3.815196201594224e-08,-11.814766221263882,23.58798334819603,114.59317849959459,114.5940940527076,77.20768342826412,70013.47908122132,79033827.93938294,1.2313809108319305,0.37853573077839764,1.34877041498228,3.317650533271985,0.37323529320140286,1.1671840679136627,3.281261003556032,0.5717986296028235,5.364991837682867,-10.428571428571429,0.35971428571428565,0.5911428571428571,0.7953571428571429,0.7339999999999999,1.0371428571428571,1.3708571428571428
11.6248,1.0237142857142858,13.18,13.508571428571429,244.57857142857145,0.0964206571827978,-16.01142857142857,17.34,43.37,-43.37,1.556893237042307e-07,21.68499816696752,37.55952282043284,21.6850019229197,37.55952065193283,-37.55952282043284,0.0,11957825.240867093,15527975.750215046,0.40499654910789384,0.4103445272236391,1.0873546536596652,1.3891914439384865,1.5925606521567868,3.926014349030738,9142801.875437487,14.755092032096714,9.743105666484766,0.33344612513122773,-0.008466127399045485,14.30777738109251,0.5231124906063341,725330794.0350791,30.742444689797757,18408.635841530115,15625014.199828556,-6.577085149259139e-07,-4.088104252152421e-08,-10.789962038091694,30.754698518287338,87.79965550705774,87.80088756891372,58.491531181253194,68950.25848370961,78376534.43554991,1.1846448585166391,0.37988925087820846,1.3674880584639042,3.3227310312261378,0.37487209448242365,1.1875758607275633,3.285577854430021,0.5696378541398719,5.379567297809838,-19.97142857142857,0.2671428571428571,0.3751428571428571,0.8732142857142857,0.33799999999999997,1.133142857142857,0.8634285714285714
11.6448,0.8831428571428571,11.51142857142857,9.897142857142857,246.59285714285716,0.09602238132121887,-18.982857142857142,16.58,55.769999999999996,-55.769999999999996,2.0020275727426668e-07,27.884997642881686,48.298238129940955,27.885002472705363,48.29823534144095,-48.298238129940955,0.0,13270671.16754512,22656694.66514578,0.40383592792662193,0.40933714544563954,1.0773588788074873,1.3766595790657068,1.5812513656582987,3.9223469268535824,9605284.198577188,20.718152568426873,7.139214158590613,0.4348616086724895,-0.020194498847796078,20.938311528137138,0.5494337357085071,638102639.6841242,29.11646032142506,25206.039426547468,22753671.616850037,-7.384508597055617e-07,-3.660740564626077e-08,-14.233200023112964,29.13236999462492,136.27228164181093,136.27857580133693,93.3790386112985,69518.11493919884,78729684.26039948,1.213645413982988,0.3791565643510495,1.3574205608559802,3.3199774409812246,0.3739898036974035,1.1766037650806611,3.2832364937934617,0.573626800701297,5.371623168352819,-1.1142857142857139,0.36142857142857143,0.10085714285714287,0.8175,0.634,1.0257142857142858,1.444
8.9048,0.8785714285714286,12.997142857142858,6.925714285714285,239.86428571428573,0.09739797946289509,-17.954285714285714,18.22,50.91285714285714,-50.91285714285714,1.8276661970075028e-07,25.456426419597335,44.09182890732257,25.456430828780103,44.09182636167971,-44.09182890732257,0.0,11720453.758718064,13296908.087970205,0.4070711823218346,0.4120589102239016,1.111288899743858,1.419151641115298,1.6193248239908065,3.934884076800999,9004387.544246554,18.590135802504683,6.795116085817419,0.4257782238838397,-0.01448731195823578,14.981089325571753,0.6777770530796957,662980305.8742028,24.110215686033225,16120.739271736426,13393906.662650516,-7.371629445645079e-07,-5.4716526255338195e-08,-12.217234256107401,24.121937041661564,97.99750310101926,98.00345994276248,70.4118656548204,67621.23273681998,77523062.65845577,1.1140676350410648,0.38167809484393567,1.3914600864575437,3.3294886256557166,0.3770006710179805,1.2139607272608395,3.291381261316953,0.5574175512591444,5.3993856498168515,-14.028571428571428,0.6682857142857143,0.6682857142857143,0.8396428571428571,1.0419999999999998,1.4188571428571428,1.1217142857142857
10.2448,0.9711428571428572,13.34,9.942857142857143,240.85000000000002,0.09718970348474645,-21.017142857142858,14.62,44.855714285714285,-44.855714285714285,1.6102273049142395e-07,22.42785524703097,38.84618917088082,22.42785913164978,38.84618692809509,-38.84618917088082,0.0,12133649.90809195,17109816.354844764,0.40663753033140804,0.41169849960757365,1.1062248153514367,1.412802692588869,1.6136928513532802,3.9329433025804095,9218211.320383493,16.25882109503521,8.078670082495648,0.3028330622998708,-0.010581048006441338,15.40142757825753,0.5929146169216852,676904573.1884104,27.992456681194195,19887.51398422882,17206832.21506112,-6.512902752704918e-07,-4.2318512767173304e-08,-15.606833472415259,28.004932330422253,98.6040962173091,98.6053081370218,68.1556049213651,67899.11993844237,77704570.68545093,1.1290064494090257,0.3812555275901445,1.3864031843423017,3.3280086893072904,0.376509747660811,1.2083563584148516,3.2900976880392587,0.5602692669371342,5.394487513603991,-17.17142857142857,0.46085714285714285,0.5482857142857143,0.9067857142857143,0.122,0.7651428571428571,0.9845714285714285
6.9648,0.9208571428571429,13.682857142857143,13.097142857142856,249.59285714285713,0.0954462828184352,-23.69142857142857,7.82,44.97,-44.97,1.614329925519773e-07,22.484998099343542,38.94516350553066,22.485001993859786,38.945161257030655,-38.94516350553066,0.0,10667245.9612104,14425678.585176291,0.4025101686874281,0.40825242789059846,1.0627988973731743,1.35842389340506,1.5647487781776532,3.917207721976283,8670425.777276292,16.697305333313373,6.728856029581893,0.36666186774319215,-0.009659405419345207,12.208051201918696,0.7200387979254697,701487220.8570138,24.987677598530574,17252.190562940967,14522683.220340917,-8.007639417609345e-07,-4.9208484459791065e-08,-18.574650395612334,25.003171793798604,96.86485807939656,96.86678523291243,72.66812893951104,70363.85859631041,79244541.85983497,1.2440367267637487,0.37809297950176646,1.342691522218907,3.3160281042318123,0.37269733138924704,1.160597946393137,3.2798891255018408,0.5705688962224212,5.3602581061885965,-10.942857142857143,0.33399999999999996,0.47457142857142864,0.7996428571428571,1.49,0.9022857142857142,0.9114285714285714
12.0248,0.9997142857142858,10.528571428571428,7.817142857142857,237.1642857142857,0.0979881229677923,-21.70285714285714,18.74,48.684285714285714,-48.684285714285714,1.7476650951996042e-07,24.342140799502165,42.161829381650605,24.342145015684984,42.16182694743632,-42.161829381650605,0.0,12743603.263025906,20655559.9743303,0.4084261650272141,0.413216744704469,1.1254751959300118,1.4368366565194364,1.6350790111918192,3.940283057499617,9323716.226672644,15.793900079694264,18.288226844407323,0.4295726528935543,-0.02621018172256823,22.45742260030076,0.558234193949228,1010810939.9284024,46.844127000120295,23296.62356427115,20752558.876568854,-6.406408814306351e-07,-3.401330445410765e-08,-16.212109483376583,46.85731424044162,115.31558972945086,115.31667609332756,75.94140541412696,66860.06344541954,77015885.97281575,1.0546475283836212,0.38270303468485806,1.4055720011272643,3.3335578933424004,0.3782136313246017,1.2295370523842772,3.2948845475259696,0.5360142493947654,5.41079486959666,-0.1999999999999993,0.5071428571428571,0.5465714285714285,0.7867857142857143,1.438,0.9137142857142857,1.348
11.5448,0.7825714285714286,12.482857142857142,10.674285714285714,244.40714285714287,0.09645518718219083,-16.354285714285716,7.78,57.82714285714286,-57.82714285714286,2.075874743642266e-07,28.913568984508,50.079776153638164,28.913573992485478,50.079773262281016,-50.079776153638164,0.0,11765117.09165026,21097192.310195386,0.4048606856293743,0.41019169265102756,1.088206498607594,1.390225423484449,1.593488938297334,3.9262647858400377,9021387.508608242,22.46284527164716,5.5558395194698,0.491881745122897,-0.018391676667118308,18.695639056812688,0.7052303511446953,632581258.5084908,22.6496089112562,23667.876948211233,21194164.077798776,-7.189368568691791e-07,-3.363082378453594e-08,-13.248263182751037,22.661731220047567,135.89154719820047,135.8977316539278,88.54172397330353,68901.93027473181,78346150.99544919,1.18204994348565,0.37995093142279024,1.3683493258383381,3.3229677393563435,0.3749464441862511,1.1885174420575748,3.285779584974973,0.5692047510607571,5.380234385488311,-12.257142857142858,0.238,0.2774285714285714,0.8017857142857143,1.294,1.412,0.7057142857142856
12.924800000000001,0.8122857142857143,13.35142857142857,8.822857142857142,246.9357142857143,0.09595488747764147,-19.005714285714284,13.66,47.941428571428574,-47.941428571428574,1.7209980612636379e-07,23.970712259470442,41.51849620642662,23.97071641131995,41.518493809355185,-41.51849620642662,0.0,12695522.507785633,22763331.289033003,0.4037938061852982,0.40932426541946704,1.075684485404822,1.3745740853554633,1.5793745758567783,3.921777671567744,9450292.675113264,17.133182574839406,6.747639987720213,0.3517482102788681,-0.011932185992694834,18.602351909753406,0.6137646959003951,631724407.7373898,26.436988123790282,25387.00593120763,22860337.562156044,-6.249436689128961e-07,-3.3694508106219156e-08,-14.608859365306978,26.45195127303836,116.63983294172708,116.64066191341645,76.42751033998611,69614.77135715443,78789331.08806024,1.2170809547701773,0.3790378804251611,1.3557296473656295,3.3195222776853135,0.37384501776432866,1.1747566776018807,3.2828493013823046,0.5732345376050196,5.370364956366398,-9.171428571428573,0.21742857142857144,0.6374285714285713,0.8382142857142857,1.1660000000000001,0.8154285714285714,0.8771428571428571
10.084800000000001,1.0225714285714287,13.214285714285715,10.628571428571428,239.52142857142857,0.09747190992699938,-21.062857142857144,11.34,52.74142857142857,-52.74142857142857,1.8933081266960352e-07,26.370712056598503,45.67541826172008,26.370716624140204,45.67541562464865,-45.67541826172008,0.0,11939867.287731124,17646225.09083779,0.40717652247666747,0.4121379717346538,1.1130743182777652,1.4213658545966867,1.6213039005342749,3.9355376041711034,9098540.30285889,20.41228346269248,5.839137296774101,0.4352330611663587,-0.014605855803325062,15.587897108671854,0.7057933308987597,645654544.1224291,22.985345163325434,20316.515833677935,17743205.668593075,-8.153628268059563e-07,-4.6779886728200885e-08,-16.286854420779328,22.996514636572314,118.84407426130882,118.8503210659247,85.68412361460067,67524.57631886435,77459109.0583259,1.1064329578327263,0.3818082746747016,1.3932421082256228,3.32999838164916,0.37715489718785794,1.2159203548569137,3.291818676020114,0.5547582611293411,5.400832148074437,-4.199999999999999,0.4591428571428571,0.6151428571428571,0.9775,0.6499999999999999,1.492,0.9182857142857143
10.9648,0.9174285714285715,12.094285714285714,13.348571428571429,238.96428571428575,0.09759207641083315,-16.697142857142858,9.34,42.05571428571429,-42.05571428571429,1.5097131000786745e-07,21.027855365372936,36.42131797195963,21.02785900750463,36.42131586917391,-36.42131797195963,0.0,10155553.584815372,13477480.062807638,0.4078121160662535,0.41273810632995667,1.1159945845990145,1.4250563335198747,1.6246030965439786,3.9367360212329476,8351530.867308468,14.205072132144252,14.854082677424344,0.3102325709570026,-0.011746156992556323,14.28973449497627,0.4105026076172724,848013832.1064479,37.59212137758649,16401.026728334953,13574519.0935887,-6.319477239271071e-07,-3.476832352179535e-08,-12.824476830269868,37.587803271877625,81.62022630376681,81.62153312093227,53.322242678940015,67367.5096396865,77355361.55326125,1.094073288246134,0.38201992882942043,1.396144368935455,3.330831188552821,0.3774055137814626,1.2191162185630968,3.2925341561257575,0.5503325810830261,5.403186498494265,-10.82857142857143,0.47971428571428565,0.12314285714285715,0.9189285714285714,0.738,0.8497142857142856,1.2771428571428571
13.224800000000002,1.0191428571428571,11.991428571428571,12.777142857142858,239.77857142857144,0.09741644275537316,-18.32,9.620000000000001,51.31285714285714,-51.31285714285714,1.8420253691268693e-07,25.65642640269134,44.43823907859703,25.656430846515125,44.43823651295416,-44.43823907859703,0.0,12939566.357579976,27235403.167317647,0.4071102255863195,0.41209137078076313,1.1117348128954028,1.4197053422414745,1.619819578474536,3.9350442287010248,9525431.086071491,18.96162627918216,7.980910833802341,0.44597110700513204,-0.014319857044880611,20.841209298008206,0.6014551624516884,668133537.4578376,30.11221520609632,29701.33524112478,27332394.91457148,-6.839878180942712e-07,-2.7958964474580445e-08,-14.79932759747235,30.125836155606407,135.37383863872049,135.3801652132323,89.20039968919404,67597.06863233105,77507089.73382527,1.1121619755352614,0.38171055406466153,1.3919051023842,3.329615762628398,0.3770391534464444,1.2144500869545352,3.291490347519432,0.5568086465373965,5.399745617089023,-1.5714285714285694,0.2157142857142857,0.3888571428571429,0.8910714285714285,0.8019999999999999,0.7925714285714285,0.8451428571428571
12.584800000000001,0.9460000000000001,14.334285714285715,10.24,242.69285714285712,0.09680393296130309,-18.114285714285714,9.379999999999999,45.19857142857143,-45.19857142857143,1.6225351667308394e-07,22.59928380396869,39.14311217483035,22.599287718279797,39.14310991490177,-39.14311217483035,0.0,11993532.927348977,21778851.78137984,0.40580805186169333,0.4110095878338456,1.0968386497503522,1.4010467441519339,1.6032022710159064,3.929462717002585,9233427.865876747,16.333392659336358,6.5984764145494275,0.3942628877897369,-0.00892507215832718,16.60238237220017,0.7298888285126645,666187525.8971372,24.527991915293036,24453.587646087053,21875870.791210305,-6.111002786763688e-07,-3.211633831539073e-08,-14.400527134184694,24.540398381753267,107.89217238027253,107.89304255199474,70.97397523556248,68418.64818495375,78039870.21386346,1.156297200279527,0.3805800720780405,1.377012746912033,3.3253722937153167,0.3757009422932874,1.198009247080366,3.287834011419046,0.5648899335286431,5.3871002726516695,-4.657142857142858,0.48657142857142865,0.394,0.8360714285714286,0.43799999999999994,1.2474285714285713,0.7308571428571429
7.0248,0.89,13.9,12.822857142857142,245.86428571428573,0.09616459486055833,-22.365714285714287,17.740000000000002,47.77,-47.77,1.7148441303553382e-07,23.884997981001582,41.370034704451854,23.885002118004937,41.370032315951846,-41.370034704451854,0.0,12312749.250922283,14255866.309593104,0.40417850201288485,0.40962298272938225,1.0809549457897243,1.3811595838979398,1.5853176884723856,3.923649053189601,9335521.065794745,17.49350221594063,6.371359939211478,0.44263126073429737,-0.010142390202382005,12.194132953141345,0.7947073176254205,681664394.0218492,23.80498411693918,17070.86460573932,14352866.975737674,-8.44687213429652e-07,-6.370985576143902e-08,-15.144658106392061,23.819044835918227,100.25836553944904,100.26028002152493,76.23272448119194,69312.72005104313,78602773.24663259,1.2042262455281554,0.37942647429983295,1.3610504023809793,3.32096993600951,0.3743138884330857,1.1805542366857413,3.284079971509598,0.5729692273468274,5.3745668810608205,-18.314285714285713,0.41114285714285714,0.61,0.7796428571428572,0.13,0.9319999999999999,1.4302857142857142
7.9648,0.9162857142857144,10.711428571428572,7.451428571428572,239.30714285714285,0.09751798484780817,-21.97714285714286,20.380000000000003,55.19857142857143,-55.19857142857143,1.9815144697150006e-07,27.59928338131882,47.80336645669174,27.599288161655334,47.80336369676316,-47.80336645669174,0.0,11593988.032404624,11548402.684372947,0.4073008105071092,0.4122469209804226,1.1141938550806731,1.4227644758418085,1.622553896311006,3.935971323683112,8829627.084451301,20.78323702796335,8.968170810157105,0.28582996216664935,-0.025615311804987287,16.50332212913318,0.44379296805602464,633864482.6383603,30.936937633257795,14349.755672577145,11645376.61457845,-7.953853341729233e-07,-6.140995521352892e-08,-14.953713376725778,30.95109289967066,104.93222286173201,104.93846304529544,76.56447308855034,67464.16605764211,77419287.33715467,1.1016705197577765,0.3818896909483188,1.394357468989713,3.3303180707152933,0.3772513149739186,1.2171479071021494,3.2920932015149256,0.5530551149199743,5.401737614416793,-2.1999999999999993,0.5517142857142857,0.5517142857142857,0.7660714285714285,0.594,1.2725714285714287,1.2519999999999998
9.2448,0.8351428571428572,14.174285714285714,9.165714285714285,248.00714285714287,0.09574638310981935,-20.857142857142858,9.18,51.19857142857143,-51.19857142857143,1.837922748521336e-07,25.599283550378768,44.33926474394718,25.59928798430512,44.3392621840186,-44.33926474394718,0.0,11613816.255385963,17430472.87687479,0.403192110932458,0.4088060626990966,1.07045848024089,1.3680082193996626,1.5734414652186786,3.9198907752924783,9060348.140231764,19.289581910054494,8.036143965429831,0.6817891891529259,-0.012775344046129875,14.79175855819324,1.1411528414055034,799381932.9878479,21.21601496774075,20132.574321630338,17527458.76206242,-7.768959678456352e-07,-4.65495190243196e-08,-16.456166451998687,21.22921832511309,115.55066852496267,115.55701080073794,84.46809428553485,69916.82266326572,78975274.45306557,1.2279104082916965,0.37865450663622235,1.3504503538248527,3.3180987378835094,0.3733803876602456,1.169010746771343,3.281640777445764,0.5721432974015459,5.366248758978449,-15.0,0.322,0.4762857142857143,0.9796428571428571,1.19,1.2931428571428571,0.9274285714285714
6.9048,1.0202857142857145,13.168571428571429,10.605714285714285,241.3214285714286,0.09708964949800503,-16.742857142857144,11.06,55.99857142857143,-55.99857142857143,2.0102328139537335e-07,27.999283347506832,48.496186799240654,27.99928819712538,48.49618399931207,-48.496186799240654,0.0,10329723.59157714,10431091.291887395,0.4062705037344229,0.4113651094120078,1.1038110611098144,1.409756154243956,1.6109809337269132,3.9320118890860525,8459349.55758583,21.67804641457194,6.778155081827288,0.8237512583735888,-0.015671121067556852,12.240546644074755,1.1991203922087383,814824098.2729938,19.925398554088595,13275.318908858839,10528069.94118191,-9.189249590516059e-07,-6.272912100467261e-08,-12.116149616718335,19.93679051413718,101.85742153691373,101.86414749192595,77.54034749154178,68032.02251313132,77790941.28491923,1.1359501594166463,0.3810858899583221,1.3839964238638514,3.3273321446495103,0.37630598959580913,1.2056965887754365,3.2895156072483736,0.56145733208669,5.392643080251686,-9.742857142857142,0.2637142857142857,0.5242857142857142,0.9103571428571429,0.946,1.3731428571428572,1.1560000000000001
10.5048,0.8111428571428572,10.62,8.411428571428571,238.87857142857146,0.09761066565511976,-19.92,20.58,58.51285714285714,-58.51285714285714,2.1004904672754655e-07,29.256426098383436,50.67362216153723,29.256431165745514,50.673619235894364,-50.67362216153723,0.0,12719962.642505324,17597267.977067582,0.40749751565419234,0.41241188941946044,1.1164364092740309,1.4255556437963461,1.6250447099053713,3.936812485839537,9281419.331294332,22.603231088034956,7.9190272530730095,0.3802523272480114,-0.027044410223498842,20.42662300829877,0.46266162810219874,621098318.4661355,30.019584980966833,20233.675205662934,17694235.482768558,-7.443327859037844e-07,-4.505817227030671e-08,-14.136207608998069,30.0334508987451,129.85578086207678,129.8618657901218,88.04110995788287,67343.34553519759,77339343.7275235,1.0921783157626899,0.3820524815866066,1.3965915181210609,3.3309597734539946,0.3774440491139636,1.219609105487069,3.2926447241870664,0.5496524344892172,5.403548733049233,-16.485714285714288,0.2688571428571429,0.36142857142857143,0.9839285714285715,1.218,0.8885714285714286,0.8177142857142856
8.6048,0.8865714285714286,11.717142857142857,12.114285714285714,237.29285714285714,0.0979594687233126,-21.42857142857143,19.86,51.370000000000005,-51.370000000000005,1.844076679429636e-07,25.68499782884763,44.487726245921955,25.685002277620132,44.48772367742195,-44.487726245921955,0.0,12188987.137284387,13494411.065178301,0.40827494781539897,0.41307376537607493,1.1247919493427379,1.4359733082654846,1.63431242569729,3.940004529677876,9130241.506810792,19.262566625399618,8.284791084502368,0.281038569069481,-0.01562024551397583,14.542066293960279,0.5004979075448185,657307889.5025963,29.114971957112143,16284.86919031922,13591400.202845417,-8.057729031749634e-07,-5.6640574880428155e-08,-14.436643475321052,29.12760357954369,103.98490206778868,103.99088561178996,74.75121666557189,66896.30960215286,77040323.6039218,1.057437621456258,0.38265428859028044,1.4048960408473545,3.333361295758207,0.3781559978345249,1.2287878013448983,3.2947146674346355,0.5370274725176453,5.410251472227454,-14.657142857142858,0.19514285714285717,0.24657142857142855,0.7839285714285714,0.942,1.3457142857142856,1.4897142857142858
8.104800000000001,0.7254285714285714,12.711428571428572,12.937142857142856,243.89285714285714,0.09655796763926686,-17.2,17.9,52.112857142857145,-52.112857142857145,1.8707437133656022e-07,26.056426368879354,45.13105942114594,26.05643088198517,45.13105681550308,-45.13105942114594,0.0,11604290.140048262,12037607.567026462,0.4051255233970914,0.41041777066134677,1.0907903893842763,1.3934587367584657,1.5964022451876088,3.9272259070878333,8970797.754303202,19.04917892952807,6.7433259696245775,0.46200833420098486,-0.012819829874699314,12.905082036813987,0.720799044188169,680838267.3879895,23.906689739847163,14890.08511553291,12134602.968042785,-8.307783369008341e-07,-5.9043983138727884e-08,-11.172688188200235,23.920159416911755,97.69868635185058,97.70476985463715,70.6032780148781,68756.94564779839,78254870.63734964,1.1742884763972987,0.380148258716348,1.3709494605214743,3.323692682355173,0.37518108985258597,1.1913555419956465,3.286397892411106,0.5679228197369399,5.3824212093580766,-0.7714285714285722,0.4008571428571429,0.1625714285714286,0.9239285714285714,0.502,0.8611428571428571,1.172
7.5248,0.8682857142857143,12.951428571428572,13.645714285714286,239.43571428571428,0.09749031797113022,-17.245714285714286,15.86,50.855714285714285,-50.855714285714285,1.8256148867047363e-07,25.42785499344105,44.04234173999765,25.427859397675103,44.04233919721193,-44.04234173999765,0.0,11208728.678923983,11479194.599098245,0.40726667766412245,0.41222269967094566,1.1135227323338754,1.4219328743838622,1.6218113441314017,3.935725797890592,8825859.46543261,18.82021165118725,7.041217831649143,0.4920201774100827,-0.01162045023837182,12.106780368405907,0.7779510958959881,731264602.169069,23.496775377629188,14348.722319856375,11576193.948562076,-8.382063934860614e-07,-5.932210568483654e-08,-11.461504737660526,23.508016220145564,93.44045093987081,93.44652521284695,67.48605012558107,67500.41221437546,77443192.9568355,1.1045266674752596,0.3818408484336606,1.393688118354199,3.3301261685535857,0.37719347432960176,1.216411150889493,3.291928395462064,0.5540768597443799,5.401194414291786,-6.37142857142857,0.6374285714285713,0.5122857142857143,0.8589285714285715,1.026,0.8771428571428571,1.2542857142857142
8.764800000000001,0.8614285714285714,12.254285714285714,9.85142857142857,243.07857142857142,0.09672430261351277,-18.091428571428573,17.419999999999998,50.62714285714286,-50.62714285714286,1.8174096454936698e-07,25.313569288815906,43.84439307069796,25.31357367325509,43.844390539340814,-43.84439307069796,0.0,11351479.597629324,12083796.11221436,0.40553000564672226,0.4107598904451901,1.0948880935907943,1.3985918496056606,1.6010049900554042,3.928730560356978,8817051.863387492,18.122579831069295,7.583235636845007,0.3484992461625676,-0.014668897235539937,14.332226246663915,0.5539881249696792,650176025.58952,26.7834616182106,14943.388823090134,12180795.120721843,-7.793302777272582e-07,-5.499328051134129e-08,-12.258613324376984,26.796936395184876,94.00827951700578,94.01427760131135,67.36143066070449,68527.38665515384,78109312.75589876,1.1620612604917708,0.3804412732297665,1.3750601545458294,3.3248299482879333,0.375533914753319,1.1958636839525476,3.287369752495992,0.565864791448164,5.38559527822523,-4.885714285714284,0.5088571428571429,0.5328571428571428,0.8289285714285715,0.518,0.8268571428571428,0.7674285714285713
7.1648,0.8237142857142857,11.80857142857143,12.297142857142857,238.49285714285716,0.09769465141425202,-17.222857142857144,20.299999999999997,49.255714285714284,-49.255714285714284,1.7681781982272704e-07,24.627855061065027,42.65670105489983,24.627859326735017,42.656698592114104,-42.65670105489983,0.0,11099951.102343678,9257920.315001864,0.4077656969980847,0.4126532687528418,1.11846229326015,1.4280940494219472,1.6273086616724415,3.9376127278597624,8709401.936852429,17.4805874737533,9.781476851910181,0.35806526990517745,-0.013346832542677482,12.247368894149684,0.5429230557479686,741686608.5200965,29.474152971381738,12203.970348297096,9354928.788175277,-8.100533862127727e-07,-6.559488485409436e-08,-10.105228168439888,29.484981737420686,83.45423776614656,83.45668780604719,60.55131415997042,67234.6070649975,77267079.80975713,1.083672665738368,0.38219893331042726,1.3986059613290944,3.331539961828477,0.3776173859175383,1.2218312533920392,3.2931439428130806,0.5465942222912733,5.405178762540556,-0.9428571428571431,0.44200000000000006,0.214,0.8825000000000001,0.42600000000000005,1.4622857142857142,1.0462857142857143
12.3648,0.7905714285714286,14.402857142857144,6.6971428571428575,246.42142857142858,0.0960560725508078,-20.72,18.86,45.255714285714284,-45.255714285714284,1.624586477033606e-07,22.627855230124975,39.19259934215527,22.6278591493848,39.19259707936955,-39.19259934215527,0.0,13430659.059952963,21893521.707778037,0.40400399288633665,0.4094930871777003,1.0782010253290202,1.3777293181141308,1.582214286272367,3.9226700383616513,9800045.671820085,16.04881536900775,6.483618949988956,0.34274444644075824,-0.009812043706553473,17.149878275298278,0.6733046878125326,640490913.8455476,25.56610046114948,24565.764992743912,21990538.73788575,-6.275320542698917e-07,-4.099276473761563e-08,-14.98564557337752,25.580508159186554,109.14721798744762,109.14814805420018,74.77788808671086,69469.78673022099,78699934.38419838,1.2119248604574184,0.37921594614007187,1.3582671541079283,3.3202057268133554,0.37406221196281403,1.1775292114707019,3.283430812335674,0.57380338207168,5.372253346615293,-17.97142857142857,0.6082857142857143,0.6511428571428571,0.8025,1.4260000000000002,1.018857142857143,0.8131428571428572
7.3448,0.9745714285714286,14.448571428571428,10.582857142857144,244.5357142857143,0.09642927900286637,-18.228571428571428,10.9,48.74142857142857,-48.74142857142857,1.7497164055023708e-07,24.37071222565845,42.21131654897553,24.370716446789988,42.211314111904095,-42.21131654897553,0.0,10673039.33184043,12306816.168282866,0.40481429935728624,0.4101556556993075,1.0875641499518767,1.3894250363495484,1.5927693511789318,3.926040404157159,8688353.124503333,17.91478614337386,8.850523903535228,0.7984916272580669,-0.01017162415253704,11.875413415336782,1.2955808077633149,892688905.1287218,20.944384643567474,15174.289690184189,12403819.45836943,-8.376646170619884e-07,-5.769625194952447e-08,-13.380912519915553,20.956931732508597,94.66260648383187,94.66488733333274,71.99694383459392,68938.17643146515,78368945.13490577,1.1839959199248675,0.37990466995565264,1.3677032796461142,3.322790158084256,0.37489068269260645,1.1878111346630824,3.285628241142102,0.5695295778048041,5.379734046576182,-6.714285714285715,0.6991428571428571,0.4265714285714286,0.8089285714285714,1.374,1.4508571428571428,1.108
8.6848,0.8648571428571429,13.785714285714285,9.348571428571429,238.19285714285715,0.09776034632516119,-23.737142857142857,14.739999999999998,57.88428571428571,-57.88428571428571,2.0779260539450322e-07,28.942140410664283,50.12926332096308,28.94214542359048,50.129260426748786,-50.12926332096308,0.0,12823383.3833279,17884800.711884737,0.4077405530416674,0.41260338226859217,1.1200365924289346,1.4300290583036233,1.6290289427616444,3.9381556212543534,9480047.755823808,23.933388315022988,5.7500183574575505,0.6580415808797889,-0.017885943120315127,15.04016694049219,1.0480690274085827,682460827.017434,20.10127760047832,20489.84702534565,17981759.284600034,-9.403963461853463e-07,-6.156850925335516e-08,-17.70909948342919,20.110721628995407,137.49419129202136,137.50107907119968,107.35545832113205,67150.03269928638,77210671.87545857,1.0770816587321053,0.38231279709475047,1.4001751905419138,3.3319929546061604,0.37775212055810237,1.22356426903068,3.293534108423894,0.5442184212388101,5.406446532963562,-9.8,0.4317142857142857,0.3322857142857143,0.9075,0.9299999999999999,1.2222857142857142,1.0371428571428571
7.6848,0.7814285714285714,12.471428571428572,11.565714285714286,249.54999999999998,0.09545434657210057,-23.714285714285715,19.14,42.39857142857143,-42.39857142857143,1.5220209618952744e-07,21.199283922310652,36.71824097590916,21.19928759413465,36.71823885598059,-36.71824097590916,0.0,11814810.242630882,12486658.805088654,0.40261935436414853,0.4083598600375805,1.0630072736193767,1.3586978046477631,1.5649981258041021,3.917306453349591,9049897.149933724,14.721288679732575,12.150007814149687,0.2409625165160102,-0.012220786278204908,12.931851620925388,0.49640705810794344,764942365.7989846,36.27169181549708,15409.394097479219,12583682.225418597,-7.292993532401524e-07,-5.643116330638483e-08,-15.924494224800867,36.2856753576607,83.8146615839307,83.81658432793579,61.09338057626568,70351.77654406596,79237305.38219182,1.2435996653682815,0.3781078294705238,1.3429001604255109,3.3160832832288802,0.37271549835390305,1.1608237948063571,3.2799357030624026,0.5706110895337826,5.36041488266802,-2.4857142857142875,0.6837142857142857,0.43000000000000005,0.8796428571428572,1.302,1.1468571428571428,1.3891428571428572
6.8448,1.0442857142857145,11.568571428571428,6.011428571428572,242.95,0.0967507878938069,-20.49142857142857,8.78,48.05571428571429,-48.05571428571429,1.7251006818691713e-07,24.027855111783015,41.617470541076464,24.027859273529952,41.61746813829074,-41.617470541076464,0.0,9343400.5118839,8768101.775170254,0.40564632970699643,0.4108673335945546,1.0955381488199782,1.3994148698364348,1.6017423798260484,3.9289868197447735,7973280.983576963,17.245682082092795,10.36230632333146,0.29055494739638016,-0.01848089424425209,13.683753071130658,0.522346753019133,743651528.8548398,31.029459876996018,11709.606406283117,8865101.253561806,-7.470790366581316e-07,-5.4920882141216587e-08,-15.709114287664077,31.04040778157713,81.35745683658568,81.3605765739191,60.14404783520564,68491.14049842047,78086198.85058351,1.160137808807087,0.38048754322180867,1.3757105804736183,3.3250104604652524,0.3755896025149747,1.1965781468762617,3.2875242286889206,0.5655398384899644,5.3860969143270125,-0.3714285714285701,0.3648571428571429,0.2637142857142857,0.8332142857142857,1.11,1.0805714285714285,1.1354285714285715
12.9848,0.8797142857142857,14.322857142857142,12.891428571428571,247.3642857142857,0.09587153432607083,-19.142857142857142,19.380000000000003,48.22714285714286,-48.22714285714286,1.7312546127774712e-07,24.113569390251875,41.76593204305123,24.113573566844963,41.76592963169408,-41.76593204305123,0.0,14534701.674219428,25504500.074807934,0.4035486361970186,0.40911253717411006,1.0735924697077044,1.3719421025663876,1.577001667802063,3.9210216182422735,10283232.5565235,17.332223546447477,5.757275893228943,0.38437530513361656,-0.00927531370559992,17.121477576908564,0.7015985004872936,627005993.3227961,24.196608812486097,28065.519684132367,25601507.73606053,-6.495320350249488e-07,-3.8465187534412076e-08,-13.610360061187665,24.210745875589005,123.58755670203308,123.58827332938365,81.73737053394576,69735.59187959894,78863190.74740301,1.2213960015231289,0.37888943195488123,1.3536195378994806,3.3189556202729955,0.3736638722995803,1.1724547311087195,3.282367812248187,0.5727891733130451,5.368791411938149,-18.82857142857143,0.4437142857142857,0.5225714285714286,0.8460714285714286,1.05,0.8245714285714285,0.8999999999999999
12.744800000000001,0.7882857142857143,12.368571428571428,12.617142857142857,245.30714285714285,0.09627482436956991,-21.588571428571427,9.3,51.769999999999996,-51.769999999999996,1.8584358515490023e-07,25.88499781194163,44.834136417196405,25.88500229535515,44.834133828696395,-44.834136417196405,0.0,13300801.817861466,27860417.245087095,0.4044398067453156,0.4098406686695479,1.0837194317233843,1.384613428984326,1.5884351858944652,3.924638359868452,9699693.61349089,19.38908017385886,6.418080839650069,0.3421337006160293,-0.014710799013473132,20.321051808453397,0.4961257894357794,555643817.3726964,28.412806353706213,30294.131444787938,27957399.249802172,-7.321299471411777e-07,-3.0657497021157583e-08,-17.63410915298321,28.427228566513236,141.6359301670851,141.6425544463339,96.76162019249658,69155.65337186525,78505165.84343496,1.1957092634441173,0.3796271359391326,1.3638354964299604,3.3217301161558175,0.37455598616348734,1.1835883036462296,3.2847258776502133,0.5714780371265006,5.376734431917464,-13.114285714285714,0.10085714285714287,0.5722857142857143,0.8932142857142857,0.158,1.4577142857142857,1.4348571428571428
7.1448,1.0317142857142858,14.06,9.714285714285715,244.15,0.09650583446917146,-20.194285714285712,13.58,42.455714285714286,-42.455714285714286,1.524072272198041e-07,21.22785534846694,36.76772814323409,21.227859025239653,36.767726020448364,-36.76772814323409,0.0,10792320.889966782,11627531.811075596,0.40510005130250537,0.41041378994941746,1.0895032892816676,1.3918615088800268,1.594968457856983,3.926780787429895,8711345.236282786,15.092594982025792,8.088577759131518,0.3555769906838911,-0.008648260637372382,11.760094356696724,0.719546029761902,726451416.2801657,26.55431223186983,14579.602999769679,11724561.425782394,-7.511891186828834e-07,-5.683735692863598e-08,-14.247101274777668,26.56692846300151,80.50702821414771,80.50946341043093,60.82795390196379,68829.4379612651,78300626.30390778,1.1781663581120583,0.3800557221630617,1.3696546502486298,3.3233357090854954,0.3750696019506348,1.1899378791162174,3.286093275775145,0.5685727343843631,5.381419621651176,-16.37142857142857,0.6957142857142857,0.5894285714285714,0.9617857142857142,0.362,0.9045714285714285,0.82
13.3648,0.8465714285714285,13.042857142857143,9.234285714285715,236.95,0.0980360037792298,-16.765714285714285,13.219999999999999,45.48428571428572,-45.48428571428572,1.6327917182446728e-07,22.742140934750125,39.39054801145497,22.742144873804815,39.39054573724067,-39.39054801145497,0.0,12672791.563098334,24371708.894313313,0.4085687441923828,0.41334419695517155,1.1266127082723774,1.4382605609705847,1.6363416718178898,3.94072685786734,9456833.30830126,15.9245576634304,9.22122197734773,0.4303467809715959,-0.010887419084183817,19.81460967108501,0.5643564897949035,707861312.1274211,30.527857340906188,26985.43374891399,24468732.194910865,-6.11742393546224e-07,-2.8591087898470733e-08,-12.89313515808165,30.540021989690633,110.48166991683254,110.48238320391457,72.3702291479596,66799.65318419728,76975093.29338253,1.0500062813792486,0.382784268191247,1.40669944886883,3.3338861873335963,0.37830966144377237,1.2307874400009955,3.295168368344376,0.5343266669486427,5.411700613165749,-1.1714285714285708,0.5911428571428571,0.6854285714285714,0.8110714285714286,1.358,1.4782857142857142,1.290857142857143
11.264800000000001,1.0705714285714287,13.134285714285713,7.84,245.09285714285713,0.09631763456998806,-23.02857142857143,13.14,52.51285714285714,-52.51285714285714,1.8851028854849687e-07,26.25642635197336,45.4774695924204,26.25643089972019,45.477466966777534,-45.4774695924204,0.0,12909027.287080329,21635367.190990463,0.4045308275239993,0.4099149113970244,1.0847852724064633,1.3859447826305484,1.5896353948743902,3.9250220652370986,9499206.458230749,20.008120656102026,5.570420476829753,0.34591289893422006,-0.016291131090218094,18.279439859442896,0.6067527585249622,606391212.9870508,24.212627621508506,24209.38604245562,21732344.893797304,-7.288679984773619e-07,-4.190847911906826e-08,-17.971675973873946,24.225671807560378,129.60638358283876,129.61278553385986,90.69705340158275,69095.24311064303,78467355.9580036,1.1924475096382032,0.3797042622100007,1.3649084740381534,3.322023681921668,0.37464901583074456,1.1847587251470693,3.284975587958506,0.5709376037176017,5.3775676809982125,-17.34285714285714,0.5362857142857143,0.22942857142857143,0.7567857142857143,0.7699999999999999,0.9891428571428571,1.229142857142857
9.9448,0.8191428571428572,14.277142857142858,13.394285714285715,235.57857142857142,0.09833376387760696,-18.548571428571428,15.7,43.59857142857143,-43.59857142857143,1.5650984782533738e-07,21.79928387159267,37.75747148973253,21.799287647339714,37.75746930980395,-37.75747148973253,0.0,12045501.43889686,15616625.482157856,0.40918433424680334,0.4138602127743561,1.1339272901055617,1.4473830336057827,1.6444080509259837,3.9435493835662396,9236063.871151349,15.866924632603547,7.741464808066369,0.37641910641359877,-0.007560403606080183,12.960068419527225,0.6701486430047239,736754213.5625027,25.513207775491086,18457.595839798887,15713654.841725245,-7.178998474084181e-07,-4.770577029496679e-08,-12.937940771944978,25.523192890548238,91.18401594630127,91.18539975149169,65.03266126377518,66413.02751237483,76712765.52782083,1.0205600501759515,0.3833037205129343,1.4139413942287924,3.336006291662301,0.3789233634750311,1.238839671268493,3.2970054906148873,0.5235144603186891,5.417497795784102,-7.800000000000001,0.20885714285714285,0.46257142857142863,0.9260714285714285,1.402,1.4234285714285715,0.8222857142857143
