floating.member_Y_pontoon_lower1:outer_diameter+floating.member_Y_pontoon_lower1:outer_diameter+floating.member_Y_pontoon_lower2:outer_diameter+floating.member_Y_pontoon_lower2:outer_diameter+floating.member_Y_pontoon_lower3:outer_diameter+floating.member_Y_pontoon_lower3:outer_diameter,floating.member_Y_pontoon_upper1:outer_diameter+floating.member_Y_pontoon_upper1:outer_diameter+floating.member_Y_pontoon_upper2:outer_diameter+floating.member_Y_pontoon_upper2:outer_diameter+floating.member_Y_pontoon_upper3:outer_diameter+floating.member_Y_pontoon_upper3:outer_diameter,floating.member_column1:outer_diameter+floating.member_column1:outer_diameter+floating.member_column1:outer_diameter+floating.member_column1:outer_diameter+floating.member_column1:outer_diameter+floating.member_column1:outer_diameter+floating.member_column1:outer_diameter+floating.member_column2:outer_diameter+floating.member_column2:outer_diameter+floating.member_column2:outer_diameter+floating.member_column2:outer_diameter+floating.member_column2:outer_diameter+floating.member_column2:outer_diameter+floating.member_column2:outer_diameter+floating.member_column3:outer_diameter+floating.member_column3:outer_diameter+floating.member_column3:outer_diameter+floating.member_column3:outer_diameter+floating.member_column3:outer_diameter+floating.member_column3:outer_diameter+floating.member_column3:outer_diameter,floating.member_main_column:outer_diameter+floating.member_main_column:outer_diameter+floating.member_main_column:outer_diameter+floating.member_main_column:outer_diameter,configuration.rotor_diameter_user,financese.lcoe,floating.jointdv_0+floating.member_column1:joint1_2+floating.member_column2:joint1_2+floating.member_column3:joint1_2+floating.member_main_column:joint1_2,floating.jointdv_1+floating.member_column1:joint2_2+floating.member_column2:joint2_2+floating.member_column3:joint2_2+floating.member_main_column:joint2_2,floating.jointdv_2,floating.member_column1:joint1_0+floating.member_column1:joint2_0,floating.member_column1:joint1_1+floating.member_column1:joint2_1,floating.member_column2:joint1_0+floating.member_column3:joint1_0+floating.member_column3:joint2_0,floating.member_column2:joint1_1,floating.member_column2:joint2_0,floating.member_column2:joint2_1,floating.member_column3:joint1_1+floating.member_column3:joint2_1,floating.member_main_column:joint1_0+floating.member_main_column:joint1_1+floating.member_main_column:joint2_0+floating.member_main_column:joint2_1+towerse.tower.torsion_freqs_1+towerse.tower.torsion_freqs_2,floatingse.platform_cost,floatingse.platform_mass,floatingse.structural_frequencies_0,floatingse.structural_frequencies_1,floatingse.structural_frequencies_2,floatingse.structural_frequencies_3,floatingse.structural_frequencies_4,floatingse.structural_frequencies_5,floatingse.system_structural_mass,raft.Max_Offset,raft.Max_PtfmPitch,raft.Std_PtfmPitch,raft.heave_avg,raft.heave_period,raft.max_nac_accel,raft.max_tower_base,raft.pitch_period,raft.platform_displacement,raft.platform_mass,raft.platform_total_center_of_mass_0,raft.platform_total_center_of_mass_1,raft.platform_total_center_of_mass_2,raft.roll_period,raft.surge_period,raft.sway_period,raft.yaw_period,rotorse.blade_mass,rotorse.rp.AEP,tcons.tip_deflection_ratio,towerse.tower.fore_aft_freqs_0,towerse.tower.fore_aft_freqs_1,towerse.tower.fore_aft_freqs_2,towerse.tower.side_side_freqs_0,towerse.tower.side_side_freqs_1,towerse.tower.side_side_freqs_2,towerse.tower.top_deflection,towerse.tower.torsion_freqs_0,tune_rosco_ivc.Kp_float,tune_rosco_ivc.omega_pc,tune_rosco_ivc.omega_vs,tune_rosco_ivc.ps_percent,tune_rosco_ivc.ptfm_freq,tune_rosco_ivc.zeta_pc,tune_rosco_ivc.zeta_vs
True,True,True,True,True,False,True,True,True,False,False,False,False,False,False,False,False,False,False,False,False,False,False,False,False,False,False,False,False,False,False,False,False,False,False,False,False,False,False,False,False,False,False,False,False,False,False,False,False,False,False,False,False,False,True,True,True,True,True,True,True
13.538966666666667,0.8956666666666667,13.943333333333333,10.646666666666667,244.9875,0.0963385522465144,-23.02,10.068333333333333,44.42,-44.42,1.594586063855644e-07,22.209998122589287,38.468849520028286,22.21000196947413,38.46884729902828,-38.468849520028286,0.0,13017780.705762146,26221609.099318903,0.40469863031890546,0.41007637107835726,1.0853124947116244,1.3866204752168205,1.5902449564078587,3.925240284228849,9632422.848499577,16.31640404801046,6.650125349001161,0.2779286031020848,-0.009739496766079499,18.17767423722369,0.639997287471332,629719182.5748575,26.86699917099694,28768.35196161215,26318619.294515543,-6.106213058961633e-07,-3.1392803818261384e-08,-18.569082471720005,26.880897551567262,119.04368289139094,119.04439853683647,78.59685516153122,69065.5413988754,78448885.4922702,1.190845659634307,0.37974216712031084,1.3654364461940873,3.3221682705187923,0.3746947327974362,1.1853349174060208,3.285098624260886,0.5706713617771411,5.377977253679212,-16.316666666666666,0.47350000000000003,0.2635,0.9135416666666667,0.16183333333333333,1.2513333333333332,0.758
11.193966666666668,1.097,13.063333333333333,10.033333333333333,248.5125,0.09564976730121497,-16.326666666666668,16.15833333333333,58.35333333333334,-58.35333333333334,2.094763892680242e-07,29.176664200363806,50.53547048608849,29.176669253910717,50.535467568421815,-50.53547048608849,0.0,13088788.000573382,20560279.771739647,0.40295138115489526,0.40860576178951313,1.0680104477937742,1.364938151450857,1.5706639689788042,3.919024058614994,9578914.1345472,22.332802967100363,5.236452572657497,0.603638341065467,-0.01739307741280364,17.919748296001973,0.8796124172975249,644659884.7934685,21.50431094866553,23155.551721498967,20657253.70050245,-7.519060733724808e-07,-4.275661880696137e-08,-11.805822831030675,21.51717243760619,135.18069708455246,135.18689538000157,91.40779398806055,70059.29019598152,79061401.9929629,1.2330278111661708,0.3784794363664955,1.3479751309074375,3.317438692424146,0.373166505732652,1.166320018598175,3.2810816305293056,0.5716357499907568,5.364396380433767,-7.85,0.35150000000000003,0.5775,0.9202083333333333,1.4615,1.0526666666666666,1.1246666666666667
10.283966666666668,0.873,11.01,8.22,243.8125,0.09657429555508212,-22.793333333333333,8.645,49.78666666666667,-49.78666666666667,1.787238289790477e-07,24.893331229100525,43.11651931796057,24.89333554075234,43.116516828627226,-43.11651931796057,0.0,10932726.970166666,16022321.305033602,0.405254020887168,0.41054140672191874,1.091195597928072,1.3939778034543393,1.5968687692842183,3.9273916566171776,8597642.1450966,18.146181369565635,10.684972929065346,0.2760352159837559,-0.02105870310770667,18.596351902934522,0.3976164544205384,702611886.5242069,34.41908140208057,18754.38354760062,16119307.843477454,-6.56784731455033e-07,-3.6888830252996544e-08,-18.421736787880278,34.43370566227118,107.52231651151261,107.52821663365266,71.63408317935459,68734.29179984002,78240553.23201753,1.1730783310633273,0.3801771706464022,1.3713544536706332,3.3238044535538007,0.375215916118403,1.1917991162419324,3.286493298880799,0.5677197214611069,5.382734184910553,-9.316666666666666,0.38450000000000006,0.4215,0.934375,0.7568333333333334,1.4193333333333333,0.7286666666666666
13.083966666666669,0.8176666666666667,11.416666666666666,8.926666666666666,249.13750000000002,0.09553218153471082,-18.366666666666667,17.931666666666665,57.153333333333336,-57.153333333333336,2.0516863763221426e-07,28.57666425108179,49.49623997226512,28.57666920070565,49.49623711459845,-49.49623997226512,0.0,13975106.834648822,27413430.26875473,0.4026555810670815,0.4083596707066902,1.0649873138905557,1.3611534082452066,1.5672262698587751,3.917950248599972,9886933.775595449,21.09044896231992,7.3020270118818,0.5446354340396591,-0.022070831689153365,23.792739044842634,0.7011982383278439,685115187.3057423,30.012508995109908,29843.224032457212,27510404.48630965,-7.330866269290467e-07,-3.322727984091581e-08,-13.74671074667411,30.028823767974572,150.30570139312158,150.312255646685,100.75034713120607,70235.4867912131,79167536.8146175,1.2393985750918741,0.3782507394437061,1.3449102408104712,3.3166156482915063,0.3728902947052658,1.163001446110326,3.280385388045587,0.5710183473273566,5.36192420832137,-2.8166666666666664,0.6555,0.6395,0.7722916666666667,1.0788333333333333,1.018,0.8073333333333332
12.932300000000001,1.1083333333333334,12.796666666666667,10.46,246.4375,0.09605290150182455,-19.566666666666666,20.148333333333333,45.68666666666667,-45.68666666666667,1.6400567755669712e-07,22.84333140238697,39.5658150623974,22.843335358968368,39.56581277806406,-39.5658150623974,0.0,14058607.444585394,24624241.76187977,0.4040145259872828,0.4095051548212272,1.0781225971648492,1.3776333242574699,1.582128055537285,3.922646009518786,10015546.210376851,15.574364265597461,9.404714693553544,0.3788353372517871,-0.011351820348925177,19.546123620736047,0.4726003559825127,670236418.6510615,33.1171747317889,27234.258635253347,24721260.46183153,-6.281428413120897e-07,-3.4117016365218384e-08,-14.053593727972554,33.134504120760035,114.03534608566419,114.03610993275862,76.24101385396524,69474.31749981269,78702732.74262698,1.2120860866741885,0.3792103821648848,1.3581877510755467,3.320184307591884,0.37405542666355507,1.1774423796976752,3.28341257455956,0.5737868082780613,5.372194309558203,-11.083333333333332,0.3985000000000001,0.6245,0.8206249999999999,0.8665,1.0046666666666666,1.1953333333333334
13.142300000000002,0.9683333333333334,11.343333333333334,7.033333333333333,248.1375,0.09572136264647449,-20.886666666666667,20.801666666666666,44.18666666666667,-44.18666666666667,1.5862098801193468e-07,22.093331465784452,38.26677692011819,22.093335292462037,38.26677471078485,-38.26677692011819,0.0,13119910.131786318,22449689.94260402,0.40332803858068444,0.4089557272951654,1.0698310140012919,1.3672487228044299,1.572755662111898,3.9197159804105057,9542213.504452063,12.991502954343394,20.98121699008426,0.45652665814624327,-0.025261133120774677,22.223039284076382,0.6445776900549758,1144209504.6049912,51.12048209257088,25126.08482792934,22546712.845569182,-5.855193436327789e-07,-3.1773877664861764e-08,-15.2445931473002,51.13185225468991,107.30247167177912,107.30411816154398,69.40515781060344,69953.57223884258,78997554.7429077,1.22922908125623,0.37860935206536594,1.3498112954776271,3.317928128178303,0.3733252337801159,1.168315666290732,3.281496180724953,0.5720120417043437,5.365770860993176,-14.45,0.3305,0.1275,0.9089583333333333,1.3425,0.9873333333333334,1.1566666666666667
13.550633333333334,0.787,13.883333333333333,6.5,249.8125,0.09540508942697114,-21.64666666666667,8.738333333333333,50.28666666666667,-50.28666666666667,1.8051872549396853e-07,25.143331207968032,43.549532032053634,25.143335562921113,43.549529517720295,-43.549532032053634,0.0,12753423.714297883,26822662.168763563,0.4024003794891443,0.40816003161142167,1.0617448235841482,1.3571011143663638,1.5635462722691635,3.916829037106685,9495597.972219702,18.591141419203417,5.380677228376314,0.3707835190255115,-0.01377991966885566,19.880851070551753,0.6532331583851354,620510683.2596955,23.826073953015925,29302.059747412026,26919649.529794563,-6.673488034265841e-07,-3.227145919698762e-08,-17.76632066087924,23.84006185746164,134.78628667555418,134.79279879079365,90.35737916211838,70425.77911406322,79281538.20124203,1.2462777443230386,0.3780168853917733,1.3416230712056594,3.3157457608874727,0.3726042213357632,1.1594417003437567,3.2796508536574764,0.5703531184374085,5.359454943915179,-8.983333333333333,0.4615,0.27549999999999997,0.806875,0.5468333333333334,1.298,1.458
8.988966666666666,0.9663333333333334,13.870000000000001,12.58,238.0875,0.0977834939919283,-23.3,20.475,55.45333333333333,-55.45333333333333,1.9906598948148352e-07,27.726664322932265,48.023996744348686,27.726669125331806,48.02399397168201,-48.023996744348686,0.0,14013668.017046329,18886492.21182918,0.40780078846022816,0.4126560767593976,1.1205917527264107,1.4307225100032057,1.629646079905824,3.9383702868583637,9985212.353793865,22.24298758147237,7.42325275144027,0.6347792276358433,-0.014192471530996169,14.46633199699401,1.059536622225374,732085834.5714673,21.261282476344128,21497.023340271247,18983462.318216696,-9.094554734505182e-07,-6.307315918275088e-08,-16.035284323784104,21.271304547837314,133.0715993697194,133.07822159937908,101.38236432110301,67120.33098751874,77190820.95353603,1.07477202768643,0.382352789646666,1.400726823759518,3.332152420033272,0.377799433197382,1.2241738554975063,3.293671533180041,0.5433846541533809,5.406891958531544,-18.35,0.4205,0.3015,0.9910416666666667,0.8035,0.742,1.0206666666666666
10.703966666666666,1.0170000000000001,12.85,9.393333333333334,236.53750000000002,0.09812492567806891,-22.726666666666667,12.261666666666667,42.086666666666666,-42.086666666666666,1.510824226492673e-07,21.043331554540924,36.4481235209273,21.043335199353173,36.448121416593956,-36.4481235209273,0.0,11706560.16381249,17256166.4301114,0.40882724051317876,0.413573780220893,1.1288075726331914,1.441007355845544,1.6387754888605894,3.9415903647879937,9010201.037918791,15.320891014928147,11.12604608319238,0.25464933807077733,-0.01153146392469957,16.06785093071309,0.46749366007001353,751352417.6671417,33.0425704983575,20044.247727589398,17353190.281911656,-6.088423019783584e-07,-3.769252174398506e-08,-17.545273409054946,33.05064992963239,92.60102320027393,92.60215824966313,62.42608274582115,66683.36343134443,76896975.82012656,1.0410985047430548,0.3829406162545008,1.4088730945714882,3.3345204648638367,0.378494433175957,1.2332003097138093,3.295717169729986,0.531033270748207,5.413445128307573,-16.583333333333332,0.6535,0.6345,0.9685416666666666,0.15016666666666667,1.2406666666666668,0.974
9.8523,1.0863333333333334,13.863333333333333,8.993333333333332,243.51250000000002,0.0966353779436761,-18.86,19.961666666666666,44.12,-44.12,1.583816684766119e-07,22.05999813526878,38.20904189157244,22.060001956172865,38.209039685572435,-38.20904189157244,0.0,12550055.781396033,15388171.257234285,0.4054129829702018,0.4106776164753479,1.0927041222546947,1.3958685849523542,1.5985652969647113,3.9279490461100237,9413275.562749408,15.376566930876765,7.928389061986695,0.32536949701629225,-0.00930087688490399,14.458103256650508,0.583192016134101,679504559.7015116,27.3013178314638,18244.00799972754,15485199.492072215,-6.456759264991255e-07,-4.8883786691859966e-08,-12.55606400928413,27.31448331395296,90.78937769180249,90.79078724384044,63.62557659379496,68649.71743412888,78187045.45110811,1.168567219860873,0.3802851266715966,1.3728676520123015,3.3242226119168548,0.3753459320490801,1.193457712314214,3.2868504685527795,0.5669614946974139,5.383903306445158,-9.383333333333333,0.6915,0.2295,0.9164583333333334,1.3355000000000001,1.3993333333333333,0.9486666666666667
7.8573,0.8903333333333334,13.716666666666667,6.74,243.3875,0.09666092830573297,-18.433333333333334,16.555,48.78666666666667,-48.78666666666667,1.7513403594920612e-07,24.39333127136551,42.250493889774425,24.393335496414785,42.25049145044109,-42.250493889774425,0.0,11303206.940264288,12050647.111663945,0.4053763180076642,0.4106298133105883,1.093330892378054,1.3966404529646035,1.5992565317855083,3.928156376883281,8887668.963001002,17.457638894229255,6.8049478659176525,0.5068510594588495,-0.012152805183881683,13.329049619834509,0.8339460400170404,735598540.5873164,23.034941399383527,14928.469103979494,12147652.630751258,-7.604355801920662e-07,-5.9327402604502395e-08,-12.621424919485388,23.047203551141884,90.29547170353322,90.29778386207211,66.89515962137466,68614.47811508256,78164691.12209055,1.1666906826458516,0.3803301128905947,1.3734987317748706,3.324397254244779,0.3754000991231771,1.19414996277298,3.2869997398521664,0.566645570022486,5.384390691911723,-6.016666666666666,0.6825,0.5445000000000001,0.985625,1.3961666666666668,1.3913333333333333,1.4140000000000001
8.440633333333334,1.1070000000000002,12.403333333333332,6.6066666666666665,249.0125,0.09555586343164996,-22.1,17.675,45.553333333333335,-45.553333333333335,1.6352703848605155e-07,22.776664741355635,39.45034500530591,22.77666868639003,39.45034272763924,-39.45034500530591,0.0,11446307.194326647,12483674.268422242,0.4028429699271955,0.4085395285257863,1.065592759309793,1.3619321308142263,1.5679334512683718,3.918203945748985,8874755.80038658,15.817151311577344,9.796449749025605,0.26239629563714,-0.014457727436105737,14.82395044937207,0.4985303628337544,709108858.607733,31.959096260853244,15374.275941898348,12580685.619416723,-6.923633298284572e-07,-5.378511269165486e-08,-15.522995844112327,31.975013893909058,88.06343499498932,88.06542956039374,63.87363807471631,70200.2474721668,79146339.39073838,1.2381273839260385,0.3782940409942426,1.3455201115353865,3.3167774409617916,0.37294324437983917,1.1636627577152605,3.2805221573955023,0.5711423655665304,5.362381730934074,-11.116666666666665,0.1365,0.6685,0.9360416666666667,1.1861666666666668,1.0953333333333333,0.7953333333333333
12.173966666666669,0.9496666666666668,13.89,13.3,249.53750000000002,0.09545669945645624,-21.259999999999998,8.341666666666667,61.053333333333335,-61.053333333333335,2.1916883044859655e-07,30.526664086248342,52.87373914219106,30.52666937362211,52.873736089524385,-52.87373914219106,0.0,13393457.365555178,26804705.260192875,0.40240856721601015,0.40814386364019944,1.0630620668866808,1.3587330582250285,1.5650287940438061,3.917259441176576,9744148.576040093,24.94822305794618,5.29681874041966,0.5828202109832041,-0.01727002081017338,17.704593455742263,0.885777351955643,602153009.1625073,20.196456105554518,29190.61372684513,26901656.74744055,-9.100063534443367e-07,-4.133953357376783e-08,-17.32113820556073,20.20705838843071,169.67665929816195,169.68382338684657,122.47155491896788,70348.25261216133,79235194.20363922,1.2434722825381794,0.37811215873595627,1.3429609910719436,3.31609937415495,0.3727207966054128,1.1608897061709593,3.2799492965661448,0.5706234017147277,5.360460591241461,-3.9499999999999993,0.5865,0.3245,0.915625,1.2351666666666667,0.8006666666666666,1.2913333333333332
7.168966666666666,1.081,10.556666666666667,13.58,249.98749999999998,0.09537250439852342,-16.886666666666667,20.638333333333335,49.653333333333336,-49.653333333333336,1.7824518990840217e-07,24.82666456806919,43.00104926086908,24.826668868173996,43.00104677820241,-43.00104926086908,0.0,10813336.75369062,8450383.53134482,0.40242757443242266,0.4082038938161416,1.0609087433663675,1.3560748077230038,1.5626140943180158,3.9165857572558402,8555019.556727942,15.846726910763483,14.648188188149398,0.35116239686464085,-0.017415558906811096,12.50141286459585,0.4105831575994898,852167068.0303884,39.12998781641498,11431.337681936588,8547391.29783104,-7.957089818324147e-07,-6.399181891823186e-08,-9.574161082728006,39.13744069833833,81.1567864469814,81.15919216288313,56.683871575116534,70475.11416072807,79310843.11647993,1.2480652057832748,0.37795625091633245,1.3407725330694857,3.315521276116547,0.3725300145114191,1.1585218919090887,3.2794615156874865,0.5701817755889825,5.358815160734556,-12.05,0.4145,0.2535,0.9002083333333333,0.49083333333333334,0.7246666666666666,1.4193333333333333
9.595633333333334,0.7243333333333333,13.370000000000001,10.953333333333333,245.13750000000002,0.09630871984406796,-16.42,9.368333333333334,48.32,-48.32,1.734587992019467e-07,24.159997957755838,41.846348689954226,24.160002142390592,41.84634627395422,-41.846348689954226,0.0,10435055.936095849,13452604.875521027,0.40461933815773826,0.41000884756156486,1.0845652300196091,1.3856868631110328,1.5894039284544,3.9249756350899707,8526111.495281562,17.467468719098196,6.853463585238877,0.43711215723021624,-0.01100605441135845,13.775245598052527,0.7587764836090919,698487796.3357848,24.0085725909504,16307.635430173952,13549613.779816534,-7.470176559197854e-07,-4.2964941020840384e-08,-12.589405976543256,24.02196008066999,94.42555928970238,94.42729639785954,66.67512557610416,69107.82858173101,78475226.75926669,1.1931265766877295,0.3796881932737259,1.3646848798517222,3.3219624707964215,0.3746296352398512,1.1845147368512843,3.284923504822569,0.5710504185929892,5.377394021188694,-6.050000000000001,0.6615,0.1205,0.840625,0.35783333333333334,1.27,1.202
8.393966666666667,0.8143333333333334,12.683333333333334,11.393333333333334,241.48749999999998,0.09705452580938186,-18.34,10.628333333333334,57.35333333333333,-57.35333333333333,2.0588659623818258e-07,28.67666424262879,49.669445057902344,28.67666920957316,49.66944219023567,-49.669445057902344,0.0,10991698.466952033,13598929.230778385,0.40618548321407144,0.4112925553495067,1.10296360816651,1.4086919186922329,1.6100328896860752,3.9316923691419188,8699001.38595243,22.684996873430446,6.754813441265509,0.6521246225487188,-0.017531117161630853,14.173020218287368,1.0173563346121794,691521658.7655098,21.28307081261409,16344.201425288047,13695899.47133072,-8.909719021545621e-07,-5.2760256101767163e-08,-13.923423054005719,21.294742756594992,116.76412922697881,116.77052765695785,86.12526143496484,68078.84046557856,77821313.43887913,1.13840251113652,0.38102612660886165,1.3831498556309532,3.3270946762591267,0.37623418238013917,1.2047619647532277,3.2893114795978358,0.561877132312861,5.391993563349064,-4.949999999999999,0.1105,0.5495000000000001,0.843125,0.3041666666666667,0.9513333333333334,1.3366666666666667
7.4723,1.0556666666666668,12.383333333333333,6.433333333333334,244.21249999999998,0.09649449635135984,-18.39333333333333,10.208333333333334,46.053333333333335,-46.053333333333335,1.6532193500097237e-07,23.026664720223142,39.88335771939898,23.026668708558805,39.88335541673231,-39.88335771939898,0.0,9650116.878823202,9523335.261426497,0.40510148376173444,0.410420166802929,1.0891836947285334,1.3914717563335743,1.5946108514123265,3.9266677339151568,8145240.039882932,16.171047863877575,9.550860651804504,0.3244797985493416,-0.014062274574878382,13.366626262652572,0.6002492400514401,725349351.603503,29.22157212604484,12487.8339599631,9620349.90137258,-7.217291254315686e-07,-5.127483930957716e-08,-13.79281304187797,29.23300069490787,79.26514698047453,79.26792410624032,58.04176538772768,68847.05762078824,78311597.05090453,1.179107904021624,0.38002097541135493,1.369328069645305,3.3232370632555375,0.3750308574489046,1.1895881028155506,3.286009233094785,0.5687130021562938,5.38099219723153,-16.716666666666665,0.6475,0.1475,0.808125,1.2818333333333334,1.186,1.318
8.463966666666666,0.8376666666666667,10.83,10.18,246.7625,0.09598882351678155,-16.673333333333332,9.345,49.986666666666665,-49.986666666666665,1.7944178758501603e-07,24.993331220647526,43.28972440359779,24.993335549619847,43.28972190426445,-43.28972440359779,0.0,9472245.580534395,9700723.884115677,0.4039227445270357,0.40944059086417794,1.076532103336415,1.3756482470866669,1.5803427924530695,3.9221051720118885,7998565.471599579,17.182789493603664,11.574783842010968,0.3306372127878681,-0.018583547100311525,14.56671656763401,0.40039118391810935,749229876.8089509,33.724939112036644,12629.153700189469,9797724.938539073,-7.036698407020191e-07,-4.621668618445962e-08,-12.603482365423675,33.73633523142245,85.69975332926035,85.70564034145292,58.38877162518592,69565.9397293331,78759314.07523622,1.2153394251705287,0.3790978891997168,1.356583683633249,3.3197520735091985,0.37391821635566486,1.1756892491280255,3.283044722005529,0.5734119161144758,5.371001450545788,-18.116666666666667,0.6234999999999999,0.6565,0.7639583333333333,0.4511666666666667,0.9006666666666666,1.3860000000000001
13.3173,1.0070000000000001,14.33,13.326666666666668,243.9875,0.09653875906990689,-21.206666666666667,11.118333333333334,42.22,-42.22,1.5156106171991284e-07,21.109998215572258,36.56359357801878,21.110001871931512,36.563591467018774,-36.56359357801878,0.0,12499191.47928558,22401424.17989086,0.4051862713246408,0.41048732257817566,1.0903179161689538,1.392880555447615,1.5958836026574328,3.9270718994991047,9430644.923065258,15.256750547616948,7.270523054324131,0.3014175829834484,-0.007499832697467756,15.525926604668554,0.5715417059884385,679192144.336134,27.003028818575547,25082.812708811336,22498450.852680415,-6.573946302088655e-07,-3.492820407885621e-08,-16.57314169688364,27.01615796407062,103.933120173689,103.9340063273353,69.93334183288039,68783.62684650489,78271721.98966666,1.175714865149264,0.3801141936806369,1.3704727519887265,3.323561179383899,0.37514005269748085,1.1908334295535958,3.286285643621698,0.5681620252643541,5.382052409139331,-5.083333333333332,0.6325,0.4515,0.993125,1.1815000000000002,1.0353333333333334,1.2193333333333332
8.195633333333333,1.0063333333333335,14.370000000000001,7.633333333333333,239.7375,0.09742522625432228,-19.740000000000002,18.281666666666666,54.053333333333335,-54.053333333333335,1.9404027923970526e-07,27.02666438210325,46.81156114488809,27.026669063259234,46.81155844222142,-46.81156114488809,0.0,12606821.884903021,15190618.589988835,0.40704425789467724,0.4120212225387287,1.1119471078643381,1.4199582735946679,1.620045126636113,3.935106518530009,9444119.636740195,20.63397946302604,6.179969986363602,0.7672963483504045,-0.013884636704917935,13.94502447444143,1.169900827139535,781601580.7072549,19.72462844352553,17925.27269043644,15287600.754553486,-8.331987047890137e-07,-6.342809474130856e-08,-13.518409439257123,19.73479519005013,112.52899047424746,112.53536837632267,85.1127724302633,67585.48999893015,77499482.63061064,1.1112457880226898,0.3817261596718679,1.3921185232492959,3.3296767931212505,0.37705764051996865,1.2146847334791386,3.291542708868095,0.5564818568573546,5.399919096669162,-7.816666666666666,0.22350000000000003,0.1505,0.8872916666666667,0.9948333333333332,0.8393333333333333,1.4313333333333333
10.1323,0.925,13.563333333333333,8.233333333333334,249.2625,0.09550854107566793,-23.886666666666667,11.048333333333334,61.18666666666667,-61.18666666666667,2.196474695192421e-07,30.593330747279676,52.98920919928255,30.59333604620045,52.989206139949204,-52.98920919928255,0.0,13181075.545936916,22302655.278236393,0.4025340650585796,0.4082471278883315,1.0643841652634898,1.3603886879817888,1.5665320516814627,3.917722534346037,9633910.95047266,25.36740395786758,5.523873030506564,0.6035860852305427,-0.021765096547813865,17.739458566103753,0.9767194250032099,641535982.2515672,20.112062837015223,24785.83775381851,22399602.10347083,-8.842591151904477e-07,-4.9526719696747065e-08,-19.00281805213833,20.12310624340752,160.34550795702063,160.35264231419765,120.23362223443151,70270.72611025946,79188710.99797384,1.2406707439667521,0.3782074380816059,1.344300691107342,3.316454069827236,0.37283734043751077,1.16234083057454,3.28024886078968,0.5708946187277336,5.3614668022544265,-0.8166666666666664,0.2185,0.5225000000000001,0.8260416666666667,0.7871666666666666,1.342,1.4366666666666668
8.218966666666667,0.9076666666666667,14.036666666666667,10.98,238.83749999999998,0.09761958261901538,-18.113333333333333,10.395,57.553333333333335,-57.553333333333335,2.066045548441509e-07,28.776664234175794,49.84265014353958,28.77666921844067,49.842647265872905,-49.84265014353958,0.0,11297273.944263801,14577091.248654943,0.4074613985676556,0.4123719289449455,1.1166504357593936,1.425814374191824,1.6252748690577505,3.9368791479128022,8894595.82012935,23.058039699903954,7.025885133053294,0.940830901444919,-0.015221669749578455,13.405678437729788,1.4476616082218643,926505819.7759475,18.62982678516935,17293.535322351283,14674061.222718548,-9.233352792001744e-07,-5.675080364398725e-08,-13.717580635216713,18.639438585410286,121.15725783893943,121.16377852492603,92.05345825458517,67331.76690179665,77331663.2088197,1.0912709239827414,0.3820680754940632,1.3968058737235727,3.3310214363803388,0.3774625085558015,1.2198454120133033,3.292697751603104,0.5493266005612872,5.403722242067648,-9.116666666666667,0.2305,0.5335,0.8939583333333334,1.4125,1.114,0.7366666666666666
6.6323,0.9890000000000001,10.643333333333333,6.233333333333333,242.8375,0.09677401081789505,-18.246666666666666,9.741666666666667,46.92,-46.92,1.6843308896016842e-07,23.45999801692682,40.633913090493635,23.460002080318016,40.633910744493626,-40.633913090493635,0.0,8775829.541379249,6717694.014880078,0.4057787730374835,0.4109926151142074,1.096108055633221,1.4001421179233027,1.602394261601024,3.9292248113135693,7702692.690538954,15.035977258765085,18.179473080481685,0.30336164656145875,-0.026780275789501266,13.504807250746023,0.4023966360131447,968037845.0389125,41.51083594465761,9738.42600477812,6814704.75875139,-7.184534112920473e-07,-5.8446316352550764e-08,-13.393529404118368,41.47941406750192,70.78594604659325,70.78947187357909,51.407136568553504,68459.42511127878,78065946.13288534,1.1584565806821654,0.3805280262209408,1.3762800920997167,3.3251686360815973,0.37563831953848736,1.197203919386185,3.2876596257569863,0.565255504549803,5.386535856487269,-10.916666666666666,0.2025,0.30650000000000005,0.868125,1.1745,1.2326666666666668,1.178
12.103966666666668,0.795,13.07,9.433333333333334,243.23749999999998,0.09669164631319603,-18.38,17.535,56.153333333333336,-56.153333333333336,2.0157884460237264e-07,28.076664293346777,48.63021454407898,28.076669156368094,48.630211736412306,-48.63021454407898,0.0,13636756.971669007,23280092.177985646,0.4053881757755951,0.410629007434573,1.0940852310450917,1.39757510888203,1.6000933386984963,3.9284113133524903,9797809.565184422,21.46093711356153,5.407319942807123,0.4537804181461557,-0.016700103866096418,19.084469909987863,0.6762620110037202,622302264.274301,22.994119587064894,25810.56522885115,23377069.610385597,-7.245794207925675e-07,-4.0402677291470014e-08,-13.464581748066998,23.005903426463178,137.87920255246104,137.88548272011144,92.45829094880247,68572.19093222701,78137835.80016218,1.164441471752463,0.38038408808868,1.3742565870781083,3.3246071592641804,0.37546508074271057,1.1949815567653064,3.287179203091763,0.5662664623633681,5.38497552910725,-11.75,0.4175,0.6995,0.848125,0.1385,0.9753333333333334,0.9513333333333334
8.148966666666666,0.9483333333333335,13.256666666666668,13.726666666666667,235.08750000000003,0.0984432736806671,-16.166666666666664,7.828333333333333,53.653333333333336,-53.653333333333336,1.926043620277686e-07,26.826664399009243,46.46515097361364,26.826669045524213,46.46514829094696,-46.46515097361364,0.0,10240143.97290294,12566533.936056484,0.409314261674758,0.41395331678232505,1.136560724752069,1.450656617678491,1.6472922822398086,3.9445492184517326,8441293.369662259,20.771021287198135,7.366886275556092,0.7581981652613528,-0.012639880793854226,12.584826648392424,1.1357509881708254,780465051.0723314,20.826955592080523,15370.542879660243,12663520.882598955,-8.599135266014428e-07,-4.930386147760863e-08,-12.464121003819265,20.83616391311274,102.32929377012256,102.33538255040438,73.39477094364311,66274.58733040716,76617717.296034,1.010128230307436,0.3834895289647346,1.4165453736572848,3.3367734741355344,0.37914273859479275,1.241744056091236,3.297672151764139,0.5196758316037785,5.419573235634287,-19.516666666666666,0.48050000000000004,0.1145,0.9664583333333334,0.23416666666666666,1.4646666666666668,1.206
8.417300000000001,0.7963333333333333,10.823333333333334,12.113333333333333,248.56250000000003,0.09564022734195145,-21.126666666666665,16.461666666666666,44.28666666666667,-44.28666666666667,1.5897996731491885e-07,22.143331461557953,38.3533794629368,22.143335296895792,38.353377248603465,-38.3533794629368,0.0,10756502.237245962,10792590.819332782,0.40316590732343666,0.40882882645357665,1.067774285503523,1.3646786806590352,1.570430584760935,3.919012437229165,8536763.035517834,13.39072149231957,22.89193291249674,0.27886567390209255,-0.02711717488365686,13.929173417612512,0.3738890237698003,1097041236.7539115,50.80775395590515,13744.64563300662,10889610.179954095,-7.077570726779046e-07,-4.879129751067036e-08,-14.66401506119596,50.71442443535959,81.56805349887033,81.5701307311763,56.18384115597577,70073.38592360009,79069917.568078,1.2335350019618674,0.37846211142716735,1.3477305207457746,3.317373577853829,0.37314533533997146,1.1660543860205999,3.2810265181172755,0.571585771127683,5.364213152002573,-5.35,0.47750000000000004,0.6255000000000001,0.928125,0.4348333333333334,0.8246666666666667,0.994
10.9723,0.9903333333333334,10.69,6.54,244.0875,0.09651848932264752,-20.433333333333334,10.045,47.519999999999996,-47.519999999999996,1.7058696477807337e-07,23.759997991567825,41.15352834740531,23.760002106920545,41.15352597140531,-41.15352834740531,0.0,10972409.597371321,16915388.86387283,0.40518854504694846,0.4104981503648119,1.0898175077518109,1.3922619556927716,1.5953284246527453,3.926903812979711,8620586.92507734,15.574264503260343,16.679985072945268,0.3787504512533367,-0.025421587260117593,20.664105418451555,0.4511831161621424,904139050.3274256,43.77504726359189,19668.007261014853,17012391.486342326,-6.156460720990406e-07,-3.2533685673804036e-08,-16.361283398148753,43.78754677223116,102.90345587956787,102.90472770792992,68.16824531719755,68811.81830174194,78289513.65940164,1.1772230490264426,0.38007820989335,1.3699692281667601,3.3234223781482815,0.3750966979993412,1.1902821689746461,3.2861672076482638,0.568414772057882,5.381662962412103,-10.416666666666664,0.3095,0.3135,0.7797916666666667,0.1315,1.0473333333333334,0.7406666666666666
9.210633333333334,0.9783333333333334,12.476666666666667,7.926666666666667,248.16250000000002,0.0957165688614066,-18.086666666666666,14.081666666666667,59.72,-59.72,2.1438243974214104e-07,29.85999747593499,51.71903857127621,29.8600026478387,51.7190355852762,-51.71903857127621,0.0,11862038.262698235,15523148.963027721,0.4030923009683589,0.4087182394650365,1.069704456492964,1.3670590502686335,1.5725831341512393,3.9196182494289578,9037947.835240293,23.374353719837238,5.529677399267998,0.5983607554908174,-0.02183953113133091,16.6718906273463,0.9088137866047494,629285690.5822761,21.473061213655594,18216.83889325913,15620113.703051897,-8.164718584253194e-07,-5.0829908209088504e-08,-13.400664367188865,21.486488181281505,126.56124684772624,126.56762310694506,91.21918464527982,69960.62010265185,79001825.25727622,1.229482214158352,0.37860068939654484,1.3496887874630934,3.317895435693615,0.37331465177530576,1.1681824245111463,3.2814684736266093,0.5719868987920688,5.365679174329557,-18.883333333333333,0.1805,0.20350000000000001,0.9264583333333334,0.7474999999999999,1.3553333333333333,1.498
9.735633333333334,1.105,12.25,13.633333333333333,248.88750000000002,0.09557840040498232,-23.9,16.181666666666665,58.153333333333336,-58.153333333333336,2.0875843066205587e-07,29.0766642088168,50.362265400451264,29.076669245043202,50.36226249278459,-50.362265400451264,0.0,13337338.03867504,19455087.0020599,0.40273517824200833,0.4084189982679348,1.066198278114488,1.362661191104806,1.568600931011067,3.918375925731573,9634445.178916845,23.16459786865929,4.925687572103239,0.3432521487734213,-0.01867261999815228,16.12764332951488,0.5586511946713906,554052692.9859397,24.076307124039317,22036.350734134383,19552045.026994277,-9.145912973959638e-07,-5.341494659841273e-08,-17.72908085396767,24.090428068583282,142.13176372062057,142.13851181013789,104.79591340516073,70165.00815312046,79125161.03001493,1.2368343027796749,0.37834951843638226,1.3461421566215037,3.316951262511722,0.3730077109523655,1.1643302653505938,3.280669207782002,0.5712618405207223,5.363022786614552,-14.55,0.5625,0.6985,0.946875,0.38349999999999995,0.778,0.8019999999999999
10.843966666666667,0.7563333333333333,10.936666666666667,9.753333333333334,237.1625,0.09798852132940135,-18.553333333333335,12.658333333333333,58.92,-58.92,2.1151060531826778e-07,29.45999750974698,51.0262182287273,29.460002612368662,51.02621528272729,-51.0262182287273,0.0,11991575.37956393,18825903.477653824,0.40832260630451117,0.4131116053236952,1.1254822458782205,1.4368312325609935,1.6350729870808147,3.940260788566037,9011754.223965267,23.35830047957485,7.097023140681577,0.4027773634418655,-0.024785605503750082,20.051463661191224,0.5254867318131741,639246874.918212,27.27857765042152,21424.77114711635,18922869.088229746,-7.247129859670367e-07,-3.797759224922367e-08,-14.35619168016277,27.290718885774584,134.48962145305524,134.49575319445978,89.05851340526863,66859.56002657603,77015546.35842401,1.0546087672259843,0.3827037132033534,1.4055813602634513,3.333560619497828,0.3782144336224986,1.2295474587065667,3.2948869098155362,0.5360001803801412,5.4108024506875045,-3.6499999999999986,0.1925,0.2685,0.8227083333333334,0.4255,0.7006666666666667,1.19
12.908966666666668,0.865,13.523333333333333,13.993333333333334,249.18749999999997,0.0955227204524494,-19.38,12.844999999999999,45.22,-45.22,1.623304408094377e-07,22.609998088777296,39.1616698625772,22.610002004944175,39.16166760157719,-39.1616698625772,0.0,12429467.185139017,20985050.616536345,0.40276276908996717,0.40847326297335085,1.0647494017527144,1.3608748626886125,1.5669742048786701,3.9179022786937923,9363283.531045968,15.901198308607476,7.169804560795388,0.3281471333473347,-0.00887498171772433,15.804505191054059,0.56401034562639,628117871.1676512,27.63780801102036,23684.458046081792,21082068.071538914,-6.942405792539362e-07,-3.6325768353361866e-08,-14.75201600807327,27.65408118773789,107.27926886036529,107.28022470819641,72.56604321490026,70249.58251883162,79176009.21837111,1.2399073242606822,0.3782334193390002,1.3446664024308228,3.3165509957978445,0.37286911413524676,1.1627371317316038,3.28033075077979,0.5709688270650146,5.361741231911855,-14.849999999999998,0.5165000000000001,0.2625,0.770625,0.2295,0.9553333333333334,1.07
13.165633333333336,0.9156666666666666,11.243333333333334,10.846666666666668,238.53750000000002,0.09768490306202376,-19.193333333333335,10.581666666666667,42.153333333333336,-42.153333333333336,1.5132174218459008e-07,21.07666488505659,36.50585854947304,21.076668535642344,36.505856441806365,-36.50585854947304,0.0,11767384.108468994,22008885.12107801,0.4079894414680766,0.4128832806338231,1.1182327957289475,1.4278388959503183,1.627083124129973,3.937569346182371,9009338.637614693,11.712040400631338,24.314256014766773,0.4458663018608905,-0.025502508626459235,20.564777539218984,0.6606938520715416,1249013397.69836,52.532400497881696,24706.064657691906,22105917.39188119,-5.540546492784696e-07,-2.518601236607521e-08,-15.32964529956308,52.513543549621836,101.56667512225464,101.56825317639024,63.250210776613706,67247.1925360855,77275458.86681224,1.0846552561891631,0.3821819903393862,1.398372634705166,3.331472687104695,0.3775973351124726,1.2215737524281332,3.293086034059952,0.5469479755231484,5.404990168088999,-9.849999999999998,0.23750000000000002,0.4285000000000001,0.944375,0.7661666666666666,0.9099999999999999,0.9099999999999999
7.518966666666667,1.0616666666666668,14.47,11.540000000000001,249.4125,0.09548022837976232,-18.473333333333333,12.798333333333334,54.553333333333335,-54.553333333333335,1.9583517575462608e-07,27.276664360970756,47.24457385898116,27.276669085428008,47.24457113131449,-47.24457385898116,0.0,11534389.23164393,13801438.477496302,0.40250854260348445,0.4082346140024089,1.063663611400391,1.3594937998738694,1.5657200636153685,3.917486286728354,9041229.836635418,20.33842939019213,6.779213828942213,0.9192660849396831,-0.012659429673533156,12.381102881377918,1.4128012776601149,913102477.7148231,18.95056414588948,16580.383883163417,13898419.128566274,-9.176354784480133e-07,-6.293935126791703e-08,-13.283713609601044,18.963242161849216,109.79166248979577,109.7982788351901,83.84597710191214,70313.01329311501,79214088.32124016,1.2421984075295618,0.3781554675999149,1.3435697220468068,3.31626046503045,0.3727737753256696,1.161548908584168,3.280085321239595,0.5707466665580857,5.360917904871327,-17.28333333333333,0.6005,0.1105,0.9952083333333334,0.7731666666666666,1.4353333333333333,0.8953333333333333
10.225633333333334,0.7996666666666666,13.690000000000001,11.993333333333334,241.6875,0.09701234083464899,-20.593333333333334,12.565000000000001,51.82,-51.82,1.8602307480639233e-07,25.909997809828386,44.87743768860572,25.910002297572028,44.877435097605705,-44.87743768860572,0.0,12263947.152194895,18353315.46883645,0.40611027865455146,0.41123283545928496,1.1019448719327514,1.4074168701236929,1.608896650669961,3.931316713607253,9275407.388115712,19.805632862315527,5.655666212961565,0.47120567673762864,-0.012553009277597109,14.985243029760632,0.7859035123032403,664477699.3002177,22.43517695850807,21023.423781511872,18450301.243663657,-8.176870612111219e-07,-4.7465585781968495e-08,-15.630029559460962,22.446892867120084,118.93507835837866,118.94131937386022,86.04098263805794,68135.22337605267,77857829.27084315,1.1413601724963898,0.38095415596476373,1.382131194913271,3.3268092859004588,0.3761476918316162,1.2036380475008237,3.2890662944648983,0.5623826683021677,5.391211618174387,-15.183333333333334,0.1135,0.6945,0.9081250000000001,0.7054999999999999,1.3726666666666667,1.1300000000000001
9.758966666666668,0.9543333333333334,12.283333333333333,7.98,248.31250000000003,0.0956878374497976,-17.286666666666665,20.101666666666667,55.22,-55.22,1.982283711078538e-07,27.60999766612743,47.82192414443858,27.61000244831971,47.82192138343858,-47.82192414443858,0.0,12391333.463570692,15271646.798609529,0.40307521214271425,0.4087141548736225,1.0689789529214222,1.3661574527837363,1.5717678316453452,3.919377137649054,9246004.910882851,20.340394476580112,6.148777487018366,0.41742446715713666,-0.018242620062946597,16.88602985953906,0.6296641312128861,612064396.0009913,24.464486671668865,18023.125509690617,15368631.267881244,-7.436146912658253e-07,-5.1340579870796143e-08,-11.611231518585926,24.479897134990736,113.03684247586861,113.042844359161,79.16180034629127,70002.90728550743,79027431.80618404,1.231000951441002,0.378548723407097,1.3489539803968151,3.3176994645373066,0.37325116820480114,1.1673836254647398,3.2813024570103195,0.5718362424813856,5.365129316830911,-1.3166666666666664,0.36850000000000005,0.34650000000000003,0.7822916666666667,0.9085,1.3473333333333333,0.9446666666666667
11.998966666666668,1.0756666666666668,13.63,9.5,240.1875,0.09733109008511828,-23.953333333333333,11.795,55.25333333333333,-55.25333333333333,1.9834803087551517e-07,27.62666433138526,47.85079165871145,27.626669116464296,47.85078889604478,-47.85079165871145,0.0,13764109.913063148,26191395.282568388,0.40676145378203227,0.4117693097940243,1.1096209757698576,1.4170361829723608,1.6174503947212522,3.934162863792214,9873543.365447719,22.2633144865239,4.715924716167287,0.41377753171559334,-0.016652970513629455,18.88212273910822,0.780307677993069,588299878.0367317,22.325349852637654,28614.7825530158,26288360.57901728,-7.715381834296761e-07,-4.073614649386327e-08,-19.088796112280587,22.335474037634302,151.76807164302633,151.77495141305985,107.6001386326527,67712.35154749686,77582885.31658363,1.1192933499599245,0.3814938983285284,1.3897942282097697,3.328965544851294,0.3767958994467445,1.2121108202994866,3.2909223096303406,0.5585923369141877,5.397081715451801,-19.083333333333332,0.20550000000000002,0.29450000000000004,0.8831249999999999,1.2608333333333335,0.8113333333333332,1.122
8.5223,0.855,11.016666666666667,7.766666666666667,239.3875,0.0975006848318885,-20.166666666666664,16.975,60.35333333333334,-60.35333333333334,2.1665597532770743e-07,30.176664115833834,52.26752134246077,30.17666934258582,52.267518324794096,-52.26752134246077,0.0,11679231.858899288,13388689.034088807,0.40722518575081895,0.41217658504258986,1.1137731475264614,1.4222346609728125,1.6220801424291642,3.935800126888966,8876027.73891025,24.211464576436427,6.336683247188205,0.3517125756175669,-0.02826184713207713,17.379318237585586,0.497883212926548,594883811.1907103,25.457772471982583,16107.956083005412,13485648.651838243,-8.296789433196923e-07,-5.5662524066212725e-08,-14.507963790121112,25.470446608523485,121.57486525954941,121.58123472549578,88.21151934293387,67486.81990560044,77434233.17840466,1.103455150426117,0.3818591706960132,1.393939081037112,3.3301981043033986,0.37721517131395144,1.21668734552825,3.2919901667610847,0.5536936550471792,5.401398199973987,-13.516666666666666,0.2645,0.6875,0.9906250000000001,0.6471666666666667,1.2913333333333332,1.4886666666666666
11.6023,0.9123333333333334,12.943333333333333,12.953333333333333,242.6875,0.09680504256658891,-17.939999999999998,19.215,45.18666666666667,-45.18666666666667,1.622107810417763e-07,22.593331423519466,39.132802348304324,22.59333533679959,39.13280008897099,-39.132802348304324,0.0,12571261.360876262,16860716.01150854,0.4057950449005616,0.41099612149322917,1.0968657249025908,1.4010793779010742,1.6032316165420264,3.9294743846934446,9367854.384268694,15.636584879644413,9.115127778191148,0.32501230976269946,-0.009677443856096146,15.126305288749665,0.48949048482260943,684005201.1590132,30.33484010954292,19670.863679124323,16957740.951536667,-6.819575798795421e-07,-4.2847430846387135e-08,-12.137792752225566,30.34828111327054,95.81063610910032,95.8117712214012,64.6161952708795,68417.13792842321,78038903.63266577,1.1562171630371805,0.3805819926990563,1.3770399303889498,3.3253798462818747,0.37570325416769496,1.198039096546888,3.2878404719251044,0.5648763940399103,5.387121057177087,-12.75,0.17149999999999999,0.5635,0.8352083333333333,0.14316666666666666,1.0073333333333334,0.7246666666666666
10.855633333333333,0.9016666666666667,13.023333333333333,11.833333333333334,237.8625,0.09783305923582097,-22.82,13.031666666666668,54.72,-54.72,1.9643347459293298e-07,27.359997687259924,47.388911430345516,27.360002426150935,47.38890869434551,-47.388911430345516,0.0,12905091.727807764,20808463.27928846,0.4079374167630267,0.4127766773485609,1.1217786486538548,1.4322060693238539,1.6309655760303785,3.938829612230548,9479014.619803563,21.810187025065446,5.3413352646438135,0.3810619931106075,-0.01585124647361063,16.677289309427685,0.6445996080496019,602251124.0581107,23.303003880253613,23372.11369324043,20905433.516611822,-8.430712940342095e-07,-4.630424385545405e-08,-17.61307725744308,23.313503696812997,134.46836393969946,134.47486141160184,97.05746081317326,67056.90021323539,77148357.52695887,1.0698485429307862,0.38243815842059825,1.4019057194279076,3.3324935751917137,0.3779004220991249,1.225477375590956,3.2939656862126427,0.5416051090916619,5.407842846366626,-14.15,0.40049999999999997,0.28550000000000003,0.800625,1.4335000000000002,1.2713333333333332,1.174
8.673966666666667,0.929,11.83,6.78,249.8875,0.09539121913474226,-18.606666666666666,19.401666666666667,49.553333333333335,-49.553333333333335,1.7788621060541802e-07,24.77666457229569,42.91444671805046,24.77666886374024,42.914444240383794,-42.91444671805046,0.0,11323577.484853396,11652268.415568337,0.40243444001039785,0.40820172354949164,1.0613869290428495,1.3566654660267465,1.5631508142952386,3.916732796628954,8794955.97054573,16.988892966636527,8.982709593943948,0.32470184405503966,-0.01682190362649111,15.50313202921826,0.4805052352892442,676021973.0073152,30.305782568139882,14543.225247340557,11749271.670100782,-7.162354773629238e-07,-5.5073721751121e-08,-12.42187081497723,30.32270367869257,90.44962721131213,90.45169105884744,64.30238990747802,70446.92270549102,79294016.13147281,1.2470436414305146,0.3779908970166922,1.3412584495424356,3.315649494717075,0.3725724180438138,1.1590473289335304,3.2795696501373137,0.5702796229601655,5.359180699807589,-8.816666666666666,0.4585,0.4205,0.9764583333333333,1.1231666666666669,0.762,1.4486666666666668
11.030633333333334,0.777,10.856666666666667,12.313333333333333,245.3875,0.09625906888002636,-20.71333333333333,9.951666666666666,44.38666666666667,-44.38666666666667,1.5933894661790303e-07,22.193331457331453,38.43998200575542,22.193335301329547,38.43997978642208,-38.43998200575542,0.0,10942669.745886873,16375561.039919628,0.40459732132685644,0.41000777410019473,1.0833240144493088,1.3841484451481332,1.5880169284175294,3.924549496334202,8635690.270579487,14.249646691605522,19.81140094814132,0.33935838742577984,-0.02174250023585985,17.32312099049797,0.40316304296963557,990977097.6626362,48.21176417655196,19179.169775512248,16472577.425662694,-6.771869000795665e-07,-3.337750972953378e-08,-16.371130510062883,48.214577790521616,95.95322707837425,95.95467065290143,64.4736818441996,69178.30721982363,78519126.5426658,1.1969438125395895,0.37959805442729494,1.3634329978741555,3.3216200013299453,0.3745209481531254,1.1831497854630049,3.2846322968259374,0.5717635257090747,5.376419356215898,-13.316666666666666,0.3955000000000001,0.2525,0.9247916666666667,1.0835,1.1753333333333333,0.742
7.9973,0.7296666666666667,11.29,12.593333333333334,246.3875,0.09606276659435085,-22.393333333333334,18.538333333333334,54.92,-54.92,1.9715143319890133e-07,27.459997678806925,47.562116515982744,27.460002435018446,47.56211376998274,-47.562116515982744,0.0,12005187.743385036,13222157.420255428,0.4039178419440789,0.4094026567576706,1.0783650104595959,1.3779222568355607,1.582387395987611,3.922709573959472,9054041.072926354,20.844265516255234,7.043266755683671,0.2854719739055876,-0.01884860706148621,14.55677020516011,0.48544082580425196,595957777.4102626,28.060969858427665,15991.267146380156,13319130.511848565,-8.675813316212123e-07,-5.9144492110121246e-08,-15.485268825520938,28.07731958787087,112.20147827889778,112.20779730010393,81.51899658335319,69460.22177219416,78694027.70676374,1.2115845669028016,0.37922770496386454,1.3584347895779365,3.320250964604739,0.3740765465067014,1.1777125072337418,3.2834693283377074,0.5738383832662024,5.3723781883360395,-7.249999999999998,0.21450000000000002,0.2575,0.9806250000000001,1.4311666666666667,1.2553333333333332,0.7206666666666666
12.640633333333334,0.729,10.61,13.006666666666668,235.4625,0.0983594980163436,-16.38,19.751666666666665,57.053333333333335,-57.053333333333335,2.048096583292301e-07,28.526664255308287,49.409637429446505,28.526669196271893,49.40963457677983,-49.409637429446505,0.0,13390037.460367668,23021256.461320084,0.4091022842204234,0.4137677400973556,1.134546589793058,1.4481358491609893,1.645070019373406,3.9437513747581265,9584668.213169914,21.320290185446176,9.51836238640361,0.590201577757147,-0.019776183910743143,21.08418775305627,0.7398365336111863,787075639.9387233,33.32836359098419,25552.41154341915,23118236.340014815,-7.948008062442753e-07,-3.599172392332698e-08,-11.531334643276262,33.341878115008626,138.35138658671937,138.35753443257997,93.89589839704585,66380.30528754611,76690349.0207682,1.018089088555665,0.38334765054010866,1.4145563654692028,3.3361872427466985,0.37897523627534535,1.2395251629002222,3.297162643706345,0.5226062518148432,5.417988398468757,-6.283333333333331,0.37949999999999995,0.2655,0.791875,0.14550000000000002,0.8326666666666667,1.0046666666666666
8.743966666666667,0.837,11.096666666666668,12.406666666666666,242.8625,0.09676884615774242,-21.113333333333333,20.965,43.42,-43.42,1.558688133557228e-07,21.709998164854273,37.60282409184215,21.71000192513658,37.602821920842146,-37.60282409184215,0.0,11551188.502263492,11436939.32154944,0.40578500750773716,0.41100089273982787,1.0959830029161708,1.3999852605713827,1.6022537597478739,3.9291757485944476,8862908.851797033,12.72900727851389,24.968987785554585,0.2861479619958131,-0.027405370141158087,13.913291103937272,0.40046745610486634,1171769603.0007646,52.4280426450292,14383.079488214198,11533965.586354434,-6.917928226072616e-07,-5.12201623114876e-08,-13.618838178256574,52.26152475390838,81.47876224970818,81.48081461958908,55.97646293256848,68466.47297508805,78070449.08691435,1.158830032041832,0.38051902878752053,1.3761535140739842,3.325133469022574,0.37562749258397193,1.1970648062333258,3.287629517098451,0.5653186898361261,5.386438286086489,-6.449999999999999,0.4485,0.6114999999999999,0.7985416666666667,0.6821666666666667,1.2966666666666666,0.9926666666666666
8.1023,0.727,14.323333333333334,7.433333333333334,243.7125,0.09659463863331352,-21.886666666666667,14.641666666666667,41.68666666666667,-41.68666666666667,1.4964650543733065e-07,20.843331571446917,36.10171334965284,20.84333518161815,36.1017112653195,-36.10171334965284,0.0,11448322.405622665,13975674.373390269,0.40530736693228836,0.4105872612985026,1.0916982643773956,1.3946079864836456,1.5974344133450866,3.9275786207930823,8998667.842931472,14.952878236831964,8.011362736894021,0.33795541541182417,-0.008764658351513561,13.09001768313935,0.7148689968915418,717687775.845223,26.920972218296075,16869.894949088983,14072704.00643261,-6.868663386908378e-07,-5.190195784534786e-08,-15.823250833205213,26.9337001497628,85.44403341723316,85.44592708343447,63.44774014502551,68706.100344603,78222723.76331756,1.1715734514909115,0.3802131576960297,1.3718585978326001,3.3239436801269022,0.37525926206415017,1.192351568715879,3.286612194201186,0.567466978017993,5.383123863161758,-16.883333333333333,0.6275,0.40349999999999997,0.9960416666666667,1.4895,0.862,1.4966666666666666
13.363966666666668,1.0823333333333334,12.903333333333332,7.5,236.78750000000002,0.09807235535277578,-19.71333333333333,9.578333333333333,49.35333333333333,-49.35333333333333,1.7716825199944967e-07,24.676664580748685,42.741241632413235,24.67666885487273,42.74123916474656,-42.741241632413235,0.0,12800871.053186899,26890917.339156944,0.4085347830594515,0.4132968951468553,1.1274737473316194,1.4393186659254376,1.6372780277276189,3.941030166416369,9478780.50124497,18.335725296468,7.270108286504652,0.39349175971004385,-0.01435491550231917,21.377353846262398,0.6001159411671855,637469484.5484492,28.10321824372866,29372.567430919124,26987913.651109815,-6.739191068314104e-07,-2.9304459625219972e-08,-16.043632208827972,28.114983470511575,129.94512704338987,129.94580829151806,88.44998845597271,66753.84206943706,76944146.77486031,1.0464896464486015,0.3828458979417338,1.4075553685425755,3.3341357507409914,0.37838249293792153,1.2317370508958678,3.295384197873956,0.5329971937292145,5.412388606627512,-8.583333333333334,0.5945,0.2665,0.9435416666666667,1.0368333333333333,1.4620000000000002,0.7686666666666666
7.880633333333334,0.779,12.41,8.18,235.56250000000003,0.0983373214270272,-20.553333333333335,9.671666666666667,50.75333333333333,-50.75333333333333,1.8219396224122793e-07,25.376664521577702,43.953677231873826,25.376668916945302,43.95367469420716,-43.953677231873826,0.0,10230218.542001767,11626662.262227178,0.4091088691077748,0.4137824372785297,1.1340115044063095,1.4474770308251104,1.6444899336064556,3.9435628599667596,8358522.617523964,19.419567025397054,7.303537691837565,0.36969440197768866,-0.01620872044902426,14.003947818563137,0.6657637758601256,672124669.1225576,25.10871786857591,14458.65525970666,11723650.871786907,-8.136745850100815e-07,-5.2284448072476974e-08,-15.838940364320159,25.119289333261182,96.95595036398792,96.96229648806528,72.21702399539275,66408.49674278317,76709663.47205094,1.0202177345818328,0.38330980641945034,1.4140265235768286,3.3360313341385903,0.37893054979828455,1.238934561648944,3.2970272394859292,0.5233887148045397,5.417565772108017,-14.283333333333331,0.6495,0.6725,0.8164583333333333,0.7404999999999999,1.4926666666666668,1.154
6.9822999999999995,0.7216666666666667,12.343333333333334,8.82,246.2875,0.09608126001668561,-19.113333333333333,17.23166666666667,49.45333333333333,-49.45333333333333,1.7752723130243384e-07,24.726664576522186,42.82784417523185,24.726668859306486,42.82784170256518,-42.82784417523185,0.0,10728692.232854536,9562660.396783985,0.40403583736081666,0.4095144937406502,1.0788640589153153,1.3785553075591908,1.582964932080793,3.9229175605300295,8580308.521980189,17.3798423457274,7.993945723615431,0.37279010396522216,-0.014570490593882266,12.706930687331294,0.6059607998892877,691198337.5862747,26.821097623439105,12494.386611594076,9659661.69750399,-8.247696913356762e-07,-6.58542526657308e-08,-12.593235411179169,26.835308259939175,84.43088186023397,84.43391753356761,63.288773784707914,69432.0303169571,78676700.7637488,1.2105584373274094,0.37927460392912893,1.3589411090767358,3.3203963676891854,0.37413040385350715,1.1782587139035774,3.283593098103991,0.5739361754314087,5.372930267393454,-0.25,0.21350000000000002,0.3985000000000001,0.8710416666666667,0.13616666666666666,0.958,1.3406666666666667
8.405633333333334,0.8343333333333334,13.483333333333334,7.873333333333333,243.4625,0.09664559108183755,-17.313333333333333,7.385,47.72,-47.72,1.7130492338404172e-07,23.85999798311483,41.32673343304254,23.86000211578806,41.326731047042536,-41.32673343304254,0.0,9935591.848373221,12199672.036376651,0.4054154569978971,0.4106759098642708,1.0929547128309098,1.396180200216136,1.5988445711187413,3.9280365664620454,8332157.803630622,17.348240477876878,7.099900696550367,0.4673455925000435,-0.011825164962978597,13.611506692653693,0.7818336315589263,734319024.8830211,23.620202237741715,15081.12227384392,12296680.2993587,-7.148990697394357e-07,-4.4002537737375197e-08,-13.657666329910066,23.632486706502746,90.17950209016998,90.18156810111587,64.81544403548074,68635.62170651036,78178107.89556918,1.16781635278362,0.3803031172228045,1.3731200666385397,3.3242924423950977,0.37536759553027055,1.1937345341849341,3.2869101428280483,0.5668351246493535,5.384098178424651,-11.95,0.6725,0.3185,0.7910416666666666,1.0485,0.782,0.9793333333333334
13.305633333333335,0.9703333333333334,11.443333333333333,8.940000000000001,236.46250000000003,0.09814099435912021,-17.006666666666668,16.298333333333332,51.78666666666667,-51.78666666666667,1.8590341503873094e-07,25.893331144570553,44.84857017433284,25.893335629427444,44.8485675849995,-44.84857017433284,0.0,13169969.299320912,25399462.6073165,0.40870743639219015,0.4134462394211854,1.1292034634661228,1.4414791083678435,1.6391908825264898,3.9417017878817937,9551408.736578327,18.530810684679775,9.970336914999878,0.54456131695507,-0.01772069030297518,22.943186178826284,0.6729244838535464,783594161.6690962,33.188676745359295,27917.14445533686,25496458.977279663,-6.615700292472599e-07,-2.991428717215951e-08,-12.768513904020477,33.20211373713692,129.0357847414192,129.04183701876622,83.88935067413223,66662.21983991665,76882628.87436603,1.039484176535101,0.382969022612864,1.409268712461651,3.3346360903913115,0.3785280023322783,1.2336398810248028,3.295817296678431,0.5304442677836394,5.413762002402809,-19.816666666666666,0.5785,0.4095,0.8310416666666667,1.1651666666666667,1.1806666666666668,1.2713333333333332
12.2323,0.9930000000000001,12.116666666666667,10.593333333333334,238.4125,0.09771221655797917,-22.673333333333332,12.401666666666667,55.519999999999996,-55.519999999999996,1.9930530901680628e-07,27.759997653447932,48.08173177289442,27.760002461620974,48.08172899689441,-48.08173177289442,0.0,13784468.088112393,27009193.372431543,0.4076805565630413,0.41256007511208875,1.1188819275481836,1.4285960901452122,1.6277537767073909,3.937726061876403,9838598.27517599,21.883007608586635,6.126165133403418,0.35925409610258874,-0.019213051138834265,21.21181598283971,0.4979413412909067,585371356.4446175,27.32414891031498,29415.413355237702,27106160.91159685,-7.727678767578028e-07,-3.5239884778013466e-08,-18.093003465561665,27.335594193366514,150.79851083227,150.80525764310164,105.22536599066022,67211.95321703918,77251987.66263303,1.0819050622185817,0.38222943874211357,1.3990260893258395,3.331661153753724,0.377653484754401,1.222295047446571,3.2932482901406304,0.54595760409855,5.405518382855915,-18.683333333333334,0.23950000000000002,0.1965,0.7927083333333333,1.2445000000000002,1.4233333333333333,1.3980000000000001
7.553966666666667,0.7903333333333333,13.29,6.82,240.7125,0.09721898213276632,-19.02,8.575,58.653333333333336,-58.653333333333336,2.1055332717697667e-07,29.326664187684308,50.79527811454433,29.32666926721198,50.795275181877656,-50.79527811454433,0.0,10572150.63309139,12857778.702429213,0.4065217355192044,0.41156950793093394,1.1069252686084947,1.4136560868835668,1.6144495180426497,3.9331601443317,8557224.430874702,23.591728613319976,6.322566333358873,0.8192789704072586,-0.01990912986105334,14.21222672502723,1.230145736219808,800118814.7993759,19.218980335481326,15602.71982678296,12954742.309138624,-8.891756636692609e-07,-5.613540746026234e-08,-14.90382501000057,19.229394962647707,117.411306578548,117.41805871182024,89.73499481346799,67860.35668749138,77679337.29279754,1.1269862278681884,0.38130500132729145,1.3871061168405299,3.328206687440124,0.3765691551950403,1.2091339888674884,3.2902681977151684,0.5599217478875237,5.3950256960129535,-12.349999999999998,0.35850000000000004,0.6125,0.8802083333333334,1.2305000000000001,0.9473333333333334,1.214
9.245633333333334,0.797,13.996666666666666,8.953333333333333,239.48749999999998,0.09747919308853999,-19.526666666666667,17.37166666666667,54.22,-54.22,1.946385780780122e-07,27.109997708392417,46.95589871625245,27.110002403982158,46.95589600525244,-46.95589871625245,0.0,12807182.346970165,17066697.8581723,0.40717723551881946,0.4121359585896123,1.1132510986985624,1.4215838082998034,1.621498496919099,3.9356004798105673,9511548.798551947,20.938653072022646,7.254065985664832,0.695027023857671,-0.014165779879570742,15.050371676054342,1.0639491161918357,726100608.0691082,20.608614612814357,19753.771790849154,17163679.471484017,-7.933701038733773e-07,-5.4779048891905754e-08,-13.81708011304681,20.619132975832596,119.67455828332905,119.68080755288696,88.00539471108705,67515.0113608375,77452810.83380255,1.1056781750761173,0.381821170428703,1.3934186301015639,3.330048949902262,0.37717017017417426,1.2161146056717704,3.2918620953188715,0.5544885170320107,5.400975571351944,-14.516666666666666,0.22050000000000003,0.34550000000000003,0.7714583333333334,1.0181666666666667,1.334,1.3553333333333333
10.108966666666667,0.9550000000000001,13.696666666666667,10.046666666666667,247.6125,0.09582230379627317,-16.153333333333332,15.551666666666666,57.58666666666667,-57.58666666666667,2.067242146118123e-07,28.79333089943363,49.871517657812454,28.793335886585258,49.87151477847911,-49.871517657812454,0.0,12646577.394054966,17973402.14463489,0.40334959405753534,0.4089314993464626,1.0723752012998264,1.3704084622844548,1.575609648432932,3.9205635506904386,9441374.120514082,22.07679987397239,5.574657640446925,0.726133503731035,-0.015623462559625814,15.97457434445699,1.0578712094787037,715025081.8668336,19.90485775441197,20637.523845166696,18070378.74979164,-7.783807847363221e-07,-4.7956232308473555e-08,-11.545573339994661,19.917115508566038,127.28017044563501,127.28634889719334,89.46449399597901,69805.56709884807,78907754.5723377,1.2239229910203426,0.37879121785448144,1.3523874156839248,3.318616746409788,0.3735473253460204,1.1711194824189664,3.282080138847715,0.5725421240542706,5.367696375291863,-15.283333333333333,0.4515,0.16849999999999998,0.8239583333333333,0.11750000000000001,1.0233333333333334,1.2433333333333332
9.5723,0.861,12.370000000000001,7.18,240.9125,0.09717638183508887,-22.58,9.275,44.82,-44.82,1.6089452359750104e-07,22.409998105683293,38.81525969130274,22.410001987209153,38.81525745030274,-38.81525969130274,0.0,10703406.834387314,14574532.385205215,0.40664169655168236,0.4117079397401198,1.1059053930218405,1.4124071343899967,1.6133414912503994,3.93283328884736,8570805.417267386,16.35724968406086,9.993388567960881,0.25910432114670673,-0.01436995776481335,15.953434062691317,0.5337333213734484,696681459.8049916,31.580572868328616,17396.30920759273,14671541.40204907,-6.551960264883404e-07,-4.0194833222274535e-08,-17.924533061512534,31.59234421648915,93.4407317736028,93.44224943620979,65.51482854553109,67916.73959796548,77716056.20111924,1.129925495518893,0.38123303986350615,1.38608378551152,3.327918785236173,0.37648274251205166,1.2080031718570714,3.2900202956216447,0.5604272469601557,5.394242938219687,-13.616666666666665,0.34550000000000003,0.48650000000000004,0.9102083333333333,0.5211666666666668,0.7713333333333333,1.1433333333333333
12.768966666666667,0.7756666666666666,11.503333333333334,11.126666666666667,239.8625,0.09739836084843648,-18.793333333333333,11.141666666666667,43.45333333333333,-43.45333333333333,1.5598847312338417e-07,21.726664830112107,37.63169160611502,21.726668593281165,37.631689433448344,-37.63169160611502,0.0,11880933.702315688,21687330.091566406,0.40729666138571485,0.41228730408211817,1.1113028531481468,1.419199129817423,1.6193691426975712,3.934937667882096,9070834.071956005,14.101986378016118,17.62054616328678,0.41559386221492284,-0.01679479108027658,19.915849742079303,0.513713752863809,968678844.5728253,44.13413349335505,24380.319357762026,21784356.967671018,-5.786419785096298e-07,-2.6620278937815284e-08,-14.878422903224457,44.142597547720996,103.12783913244024,103.12881077834074,65.60763719567638,67620.72931797645,77522732.15755719,1.1140277653709982,0.38167877283791424,1.391469361641908,3.3294912757046413,0.3770014730101946,1.2139708795941475,3.291383526387245,0.5574033448575211,5.399393183281496,-17.483333333333334,0.2745,0.5865,0.8039583333333333,0.6028333333333333,0.9673333333333334,0.9766666666666666
8.8023,1.0763333333333334,11.496666666666666,11.273333333333333,235.26250000000002,0.09840406126158022,-21.46,18.585,55.85333333333334,-55.85333333333334,2.0050190669342017e-07,27.926664306026275,48.37040691562314,27.92666914306683,48.37040412295647,-48.37040691562314,0.0,12250588.947601184,14218318.87746784,0.40919674681828344,0.4138478880838253,1.1356199087766012,1.4494766504962955,1.6462521889057882,3.94417299679943,9124709.786465434,22.009768212096112,6.987607638003525,0.3293371311825988,-0.019769376608201463,15.599170756438404,0.5142149484263931,606871357.2434971,26.655369563162818,16943.326633568246,14315290.876631452,-8.476717697313803e-07,-5.684259604642726e-08,-14.955568018341042,26.667006814796338,116.36828090423828,116.3744683016974,84.37371095403239,66323.92237707201,76651651.16657962,1.0138390510818653,0.3834233234658538,1.415616744655068,3.3364995845749537,0.3790645830700092,1.2407077773454434,3.2974340398882473,0.5210427823293601,5.418833608121893,-15.616666666666667,0.2705,0.1395,0.754375,0.6518333333333333,0.994,0.7739999999999999
11.8823,0.8089999999999999,14.023333333333333,7.006666666666667,248.1875,0.09571177653512535,-17.78,17.885,53.18666666666667,-53.18666666666667,1.909291252805092e-07,26.59333108539957,46.06100577379344,26.59333569150002,46.0610031144601,-46.06100577379344,0.0,13315557.437136827,21675936.046873666,0.4031200055824754,0.4087485816062575,1.0695842139164549,1.36691334421659,1.572451409679129,3.9195832227447567,9721560.069832306,19.550588344265385,5.391032544859012,0.5609311667596528,-0.013789767395429716,17.83104408192279,0.8667459030021174,660106103.6942403,21.794360087209796,24284.991643881443,21772925.86509008,-7.045354031407491e-07,-4.291397991371782e-08,-12.794542790949368,21.807410967149455,125.54404797117546,125.55016940587778,85.82019671554072,69967.66796646111,79006094.98863038,1.2297352269778845,0.3785920258226951,1.3495662516328095,3.317862742546836,0.37330407046281117,1.1680492340742883,3.2814407804611716,0.5719617656284324,5.36558749234397,-1.8833333333333329,0.11850000000000001,0.35350000000000004,0.904375,1.1301666666666668,0.874,0.9259999999999999
8.7323,0.799,11.09,7.526666666666667,249.68750000000003,0.09542849299085625,-18.006666666666668,15.038333333333334,45.153333333333336,-45.153333333333336,1.6209112127411493e-07,22.576664758261632,39.103934834031456,22.576668668655007,39.103932576364784,-39.103934834031456,0.0,10198623.410228316,10157888.460885514,0.40270082280588776,0.408455148132635,1.0623499107066483,1.357896924504293,1.564271079418356,3.917116195000283,8316169.065620371,13.739966356156819,18.345543956332317,0.32516060769932253,-0.023351163150498785,15.372578612989155,0.41648769057533463,972637846.4686676,43.90516790441707,13135.531289456183,10254911.084024964,-6.400118161671171e-07,-4.6652696600221876e-08,-12.728871012176233,43.8780941086335,78.17691282127734,78.17896051944918,53.49843206024695,70390.53979501691,79260512.32221778,1.245002075469619,0.37806019135482855,1.3422309814860331,3.315906357734587,0.37265721455593365,1.1600994891818772,3.279786370015801,0.5704758199494485,5.3599120013804225,-3.8166666666666664,0.39049999999999996,0.1925,0.8485416666666666,0.6378333333333333,1.0286666666666666,1.2686666666666668
11.135633333333335,0.7676666666666666,12.243333333333334,10.22,245.48749999999998,0.0962391961281546,-22.38,20.195,44.22,-44.22,1.5874064777959607e-07,22.109998131042282,38.29564443439106,22.11000196060662,38.29564222339105,-38.29564443439106,0.0,12934806.35253457,18104824.895129893,0.40452464886180295,0.409942489450721,1.0828273961807082,1.3835230795522213,1.587452532167081,3.9243631701136894,9492709.492108446,15.175648396678573,11.995218614115041,0.2634045954353591,-0.013383550635528494,17.092828046491135,0.4618673709177289,738716358.2364205,36.63074351257083,20871.669131613362,18201843.301438022,-6.115185354898614e-07,-4.080285010046703e-08,-15.881523855901538,36.64537696672098,99.3850674467716,99.38612503826131,66.1670441079807,69206.49867506068,78536703.37759277,1.198468903787553,0.37956206240678086,1.3629328138168895,3.3214833629515015,0.3744775238305619,1.1826045928917945,3.2845161470562028,0.5720163315525633,5.376030629440827,-4.783333333333333,0.3405,0.38549999999999995,0.930625,0.8011666666666666,1.45,0.702
10.5523,0.9950000000000001,12.583333333333334,10.3,236.8625,0.09805559918192976,-23.726666666666667,19.285,58.019999999999996,-58.019999999999996,2.082797915914103e-07,29.009997547785463,50.24679534335977,29.01000257246486,50.24679244235976,-50.24679534335977,0.0,14167430.368530454,21891071.97914876,0.40839888826083043,0.41316510550886026,1.1270731204994027,1.4388053122578572,1.636821969225568,3.9408531633313975,9971500.996614646,23.728896316595893,5.039443234757336,0.3590607563550591,-0.019956229165020677,18.266113745585248,0.6027378660881556,546496675.8640428,23.58436852068232,24400.619332656497,21988032.182400785,-8.059279819467651e-07,-4.9758919063506566e-08,-17.395207386763897,23.594540555759174,146.69456696500077,146.7012006737566,104.69216677750927,66774.98566086486,76958413.89641064,1.0481142375872936,0.38281742255327816,1.4071601544129857,3.334020464946382,0.3783488521590981,1.2312986054482864,3.29528450014661,0.5336379704173322,5.4120702865805645,-7.016666666666666,0.6505,0.35850000000000004,0.8847916666666666,1.3028333333333335,1.4046666666666667,0.7873333333333333
11.730633333333333,1.0230000000000001,12.303333333333333,10.74,240.01250000000002,0.09736881481367508,-16.9,19.448333333333334,51.153333333333336,-51.153333333333336,1.8362987945316458e-07,25.57666450467171,44.30008740314829,25.576668934680328,44.300084845481614,-44.30008740314829,0.0,13004405.874209736,19469898.24789987,0.4069827104592095,0.41197952603370336,1.1105246198818532,1.4181908096833522,1.6184761482996974,3.9345407609181438,9507442.021304673,18.532198920169616,7.6980712129614455,0.39393268215655913,-0.014046099377541506,18.097783782931298,0.5656411935687753,655189685.0665123,27.698356277197313,22149.540471696066,19566899.039787546,-6.530114941682482e-07,-3.915768734597444e-08,-11.694937695712028,27.711469764149975,114.41965523617628,114.42539127091689,74.489444451885,67663.01650083203,77550503.1144822,1.1167364397784412,0.3815568727218875,1.390691744978806,3.32921951935973,0.3768714605401026,1.2131058168348459,3.2911414449627947,0.5581499945550831,5.397767519552022,-5.783333333333331,0.3395,0.2285,0.9372916666666666,0.7895,1.3113333333333332,0.9339999999999999
7.9273,1.0043333333333333,10.636666666666667,11.620000000000001,247.03750000000002,0.09593513186440113,-17.766666666666666,13.358333333333334,42.586666666666666,-42.586666666666666,1.5287731916418812e-07,21.29333153340843,36.881136235020364,21.29333522152195,36.881134105687025,-36.881136235020364,0.0,9569901.989425454,8223629.270488638,0.40400518571330274,0.4095488293011863,1.0751930900649296,1.373998781716022,1.5788585729765525,3.921687050073189,8044899.013053315,10.074921363760478,40.09029111787891,0.3623457055118333,-0.06961183667617611,12.94370850672924,0.4287676396063712,1522583983.970627,71.0553236759861,11278.275867918395,8320664.765875796,-6.642461252678029e-07,-4.9294357878917024e-08,-12.227976795327812,71.11072700614373,64.64732768606032,64.72101121129398,45.60333562338575,69643.46623123503,78806827.43491682,1.218105160356346,0.37900261773882726,1.3552280736534428,3.319387440017011,0.37380199839909567,1.1742092585288564,3.282734684743755,0.5731305069043496,5.3699910407568705,-0.4833333333333343,0.6295,0.4445,0.895625,0.5981666666666666,1.054,1.2553333333333332
7.3673,0.7643333333333333,12.763333333333334,7.366666666666667,239.66250000000002,0.09744139078033165,-23.833333333333332,9.998333333333333,52.22,-52.22,1.8745899201832895e-07,26.10999779292239,45.223847859880166,26.11000231530705,45.22384524888016,-45.223847859880166,0.0,10860678.694070669,13262004.363605384,0.4071073998132498,0.41207927322232796,1.1123385290695829,1.4204498511911072,1.620485093846549,3.9352620144470722,8649874.082484622,20.558611007336015,6.269311265554042,0.41247882287122967,-0.01757526546987947,14.355549907555785,0.7703683414190757,662771107.6464942,23.537570809434264,16025.924003488917,13358979.756852677,-8.349689304975887e-07,-5.612219046750169e-08,-18.526601006429775,23.549419768991026,108.61470490795311,108.6213810184132,83.14263715862866,67564.34640750234,77485495.52468686,1.1095739127855457,0.38175467323420775,1.392508417009301,3.3297883412485976,0.37709141123162904,1.2151133861418315,3.2916384107280723,0.5558829339138286,5.4002361250271,-4.349999999999998,0.5605,0.5815,0.9489583333333333,0.4115,1.4073333333333333,1.242
10.633966666666668,0.781,12.096666666666668,11.206666666666667,236.3125,0.09817327367460352,-16.5,10.301666666666666,60.519999999999996,-60.519999999999996,2.1725427416601434e-07,30.259997442122998,52.41185891382512,30.260002683308745,52.41185588782511,-52.41185891382512,0.0,11576038.465156935,17716543.60869707,0.40868524460816164,0.4134119556028871,1.130000876226829,1.4424615126331288,1.6400588422630442,3.9419889645432677,8882402.439632565,24.713778540706354,5.545356223470762,0.5043493999338781,-0.020726594048555164,17.36340924823892,0.7531607942611883,625243327.6483585,22.283664638649697,20336.945719896674,17813507.59962605,-8.359197629571675e-07,-4.1737889182151796e-08,-12.842641087212504,22.29370889298191,134.73904425870256,134.74525080753776,93.69391513734793,66619.93265706106,76853907.83763458,1.0362595767586054,0.38302584932695943,1.410060308382369,3.334867641843386,0.3785951459722738,1.234519739708754,3.2960178779986937,0.5292667935588874,5.414396085556657,-12.85,0.6815,0.5515,0.8922916666666667,0.7241666666666666,0.826,0.986
9.898966666666666,1.0876666666666668,13.536666666666667,6.753333333333334,245.2125,0.09629375630625459,-17.886666666666667,11.375,51.653333333333336,-51.653333333333336,1.854247759680854e-07,25.82666448353922,44.73310011724136,25.826668956849105,44.73309753457468,-44.73310011724136,0.0,11371182.117806025,15976138.707561687,0.40452247337402525,0.40991672019130215,1.0841908458825382,1.3852091850260413,1.5889727243958365,3.9248220135432863,8899071.03210776,19.13409663349045,6.064202998536038,0.5310193515253059,-0.014186912498781932,15.81875753488639,0.8746232062449368,682697073.7028626,22.269349319850836,18726.467177918796,16073131.023347089,-7.221811189386733e-07,-4.420335120482299e-08,-13.69609395535623,22.282359327323135,108.89944727695122,108.90548404568855,77.17424917769117,69128.97217315879,78488442.42057134,1.1942680570511202,0.37966120607090587,1.3643092295438506,3.321859685622546,0.37459708395211766,1.1841050142001606,3.2848360836156747,0.5712399480518704,5.377102475757148,-16.983333333333334,0.2015,0.22050000000000003,0.875625,1.2795,0.954,0.8473333333333333
7.1456333333333335,0.7843333333333333,12.503333333333334,10.393333333333334,238.46250000000003,0.09770128439962951,-20.233333333333334,15.085,48.35333333333334,-48.35333333333334,1.7357845896960808e-07,24.176664623013675,41.8752162042271,24.17666881053518,41.87521378656043,-41.8752162042271,0.0,10796685.09410694,10715664.58609809,0.40775073707951914,0.4126355519220629,1.1186211200496137,1.428286766218073,1.6274797400044423,3.937660778100018,8613094.918317886,17.877017123951912,8.30488892539777,0.3606756938071192,-0.013270994080907825,12.658671958912226,0.6454023963655813,720754722.7331527,26.883274408499467,13609.52297473987,10812666.697531177,-8.109627956667938e-07,-5.996891960901433e-08,-14.064322745178643,26.894921664194516,89.1593176715472,89.16169189423074,66.50989401224693,67226.04894465771,77261379.8209965,1.083004751545337,0.38221045849882,1.3987646414593038,3.331585729147494,0.37763102543903193,1.2220064504399542,3.293183353582984,0.5463537012426171,5.405307078455553,-1.2833333333333314,0.5775,0.36850000000000005,0.8914583333333334,1.3681666666666668,0.8446666666666667,1.0393333333333334
8.9773,1.0836666666666668,14.243333333333334,10.633333333333333,237.6125,0.09788833973497343,-21.233333333333334,17.441666666666666,47.120000000000005,-47.120000000000005,1.6915104756613677e-07,23.559998008473826,40.807118176130864,23.56000208918553,40.80711582013086,-40.807118176130864,0.0,12553517.331120243,15842657.921355419,0.408117290092802,0.412939277170037,1.1231003363400307,1.4338628921293333,1.6324386080267657,3.9393527745589125,9414512.410247086,17.508761503281285,6.4750967140169235,0.4405098229093202,-0.009980523934039049,13.480879799739018,0.8069918331454613,687466581.9024029,23.524801599961258,18620.983632114207,15939664.18137505,-7.825201110297476e-07,-5.6336313091647204e-08,-14.758650704293716,23.535798794668725,101.51635863397591,101.5178995988506,75.57831853080806,66986.42157514274,77101066.03581896,1.0643923763007985,0.38253299139498537,1.4032170603954608,3.3328736624742943,0.3780125850082767,1.2269283944072567,3.2942936183664426,0.5396299477759158,5.408899413217139,-7.149999999999999,0.6865,0.2955,0.8114583333333334,0.9015,0.8206666666666667,0.9313333333333333
9.560633333333334,0.9516666666666668,10.863333333333333,12.286666666666667,245.6625,0.09620449313561129,-22.566666666666666,14.945,59.053333333333335,-59.053333333333335,2.1198924438891332e-07,29.526664170778314,51.14168828581879,29.526669284947,51.14168533315211,-51.14168828581879,0.0,12244579.553618578,16529034.713206403,0.40423745357421526,0.40966550413709774,1.0819540687992144,1.3824027125554785,1.5864400149101012,3.923997067288151,9111072.941003691,23.466061533996783,6.287849642112031,0.2957294274672744,-0.023782210327234883,17.1925552878311,0.45057877589134315,541010240.5796913,27.75165674924585,19175.88773015334,16625992.273469267,-8.744799293786466e-07,-4.9277768615826866e-08,-16.942169932464612,27.767093238941957,133.20315691083476,133.20961016260165,94.74046295889481,69255.83372172553,78567420.60076606,1.2011408396885046,0.37949909096685286,1.3620580983121569,3.3212446322680194,0.37440153375238006,1.181651544006966,3.2843132834848205,0.5724589047304682,5.375350724668775,-6.716666666666667,0.1145,0.1995,0.8377083333333333,0.47683333333333333,0.9313333333333333,0.7086666666666667
11.275633333333335,0.8476666666666667,13.703333333333333,11.953333333333333,238.31250000000003,0.09773410787526333,-18.846666666666664,17.045,60.88666666666667,-60.88666666666667,2.1857053161028962e-07,30.443330759959174,52.72940157082671,30.443336032899182,52.72939852649337,-52.72940157082671,0.0,13862355.609291745,22348026.131040428,0.40768886881192945,0.41256051119213716,1.1194070340012543,1.429245017533772,1.6283311076265434,3.937916463498433,9898360.799487947,24.870430842848254,5.010415639746079,0.6266584286500821,-0.017174064046639976,16.94397580359666,0.902572768825904,642701035.7899525,20.043659355853,24850.31683504008,22444986.973870933,-8.893517674459568e-07,-4.971214889019852e-08,-13.688557546570065,20.05242399470589,150.2748966984131,150.281473567394,108.08767925304312,67183.76176180212,77233188.76680414,1.0797075978827717,0.38226738871364097,1.399549091578427,3.3318121074569653,0.3776983937597697,1.2228726467238624,3.2933783085979402,0.5451656157495498,5.405940897634942,-2.9499999999999993,0.1355,0.6465,0.7872916666666667,1.0298333333333334,1.0713333333333335,1.1766666666666667
9.0823,0.931,10.756666666666666,10.193333333333333,249.11249999999998,0.09553691451884481,-20.66,15.201666666666668,60.58666666666667,-60.58666666666667,2.1749359370133715e-07,30.29333077263867,52.46959394237087,30.29333601959792,52.46959091303753,-52.46959394237087,0.0,11709021.843244622,14354423.34573138,0.40265328219075686,0.40835523436617277,1.0651074430504357,1.3613030788165486,1.5673621700997842,3.9179942463905175,8881604.746962715,23.821634371819187,6.189657316909641,0.329762280935224,-0.027266023170544045,17.31354679229601,0.4875333228103795,557084808.3008971,26.817005871831608,17058.03710248308,14451380.438564176,-8.646244754007847e-07,-5.242385921109532e-08,-15.244493096119491,26.833776810106322,127.15942426518812,127.16586981749583,91.17845056636091,70228.43892740384,79163299.25990081,1.2391442936439785,0.37825939956133575,1.3450321817603943,3.316647987956124,0.3729008852927662,1.1631336603971418,3.280412723850435,0.57104312175368,5.3620157035186695,-14.783333333333333,0.4435,0.48950000000000005,0.8552083333333333,0.4371666666666667,1.0406666666666666,1.2113333333333332
10.7973,1.0550000000000002,12.023333333333333,7.606666666666667,242.2625,0.09689323800525673,-22.259999999999998,8.108333333333334,43.88666666666667,-43.88666666666667,1.575440501029822e-07,21.94333147846395,38.00696929166235,21.94333527916077,38.00696709732901,-38.00696929166235,0.0,10774412.276700756,16201140.892783042,0.40608241350719465,0.4112522018565664,1.099020290607496,1.4037908345633354,1.6056555688735266,3.9302876794658532,8584812.658462938,15.641698673763464,12.142501509404303,0.2587769861110653,-0.015441966061262063,17.34125077440109,0.4291004603079224,774314502.7018373,35.47102037808917,18997.479104131075,16298154.60182483,-6.086143301545547e-07,-3.4131825037079004e-08,-18.025004251939787,35.48079026706226,93.97609917533708,93.97734157200568,62.59625926937182,68297.32424366572,77962162.87741083,1.1498870368219465,0.38073491999707776,1.3791955819001642,3.3259802115109696,0.37588720559598054,1.2004108347475968,3.2883549795725333,0.5638022539317131,5.388780268183211,-5.716666666666665,0.2265,0.1895,0.8785416666666667,0.8711666666666666,0.8753333333333333,1.1593333333333333
6.818966666666666,0.9343333333333333,12.823333333333334,11.673333333333334,246.8375,0.09597411705088622,-17.74,9.088333333333333,60.653333333333336,-60.653333333333336,2.177329132366599e-07,30.326664103154336,52.52732897091661,30.326669355887088,52.52732593824993,-52.52732897091661,0.0,10358701.641569775,11291406.781856358,0.40367346270822924,0.40919341842744744,1.07616085413711,1.3751495139824403,1.579892091736734,3.921911461229701,8464454.503208552,24.264618543615285,6.415740762776667,0.8655203889578218,-0.019246540319319494,12.654859075044618,1.2759260192732491,824803534.5664366,19.189899730805966,14075.125885451105,11388367.183476968,-9.876702702519271e-07,-6.193772169820312e-08,-13.430687654312857,19.202418932195712,116.36149729808949,116.36845122930474,89.23850035514725,69587.08332076092,78772318.67809108,1.2160933733174855,0.3790719127943251,1.356213823894187,3.3196525283679525,0.37388652949045853,1.1752852852911673,3.2829600518065956,0.5733350593497458,5.370725932795525,-7.983333333333334,0.5765,0.1805,0.9710416666666667,1.0438333333333334,1.1286666666666667,0.8593333333333333
8.300633333333334,0.9443333333333335,11.89,7.3,244.1875,0.09649948516236455,-17.58,7.455,52.620000000000005,-52.620000000000005,1.8889490923026563e-07,26.3099977760164,45.57025803115463,26.310002333042075,45.57025540015462,-45.57025803115463,0.0,9793160.300759936,11319575.31460794,0.4050306940032845,0.41034597361187464,1.0893070160066627,1.391613634821246,1.5947376006289837,3.9266886231456555,8174954.624926796,19.526688305777757,7.336948884857435,0.38623317167991106,-0.018587809099290965,15.164062237004847,0.5842733558985799,674885790.411092,25.43720102037909,14169.051899356558,11416562.66151758,-7.162778049674981e-07,-4.57578950227026e-08,-13.896959281303202,25.450735012672226,96.83895544251585,96.84511104179789,68.23123949114282,68840.00975697898,78307209.83383137,1.1787304412616995,0.38002996740487305,1.3694538580266016,3.323271697472384,0.3750416936413575,1.1897257351771346,3.286038770362022,0.5686498417033566,5.381089473367587,-16.85,0.1955,0.6655,0.891875,0.33916666666666667,0.95,1.1646666666666667
12.208966666666667,0.9243333333333335,11.463333333333333,13.673333333333334,241.96249999999998,0.09695463660356782,-20.46,11.911666666666667,51.38666666666667,-51.38666666666667,1.844674978267943e-07,25.693331161476546,44.50216000305839,25.693335611692426,44.502157433725046,-44.50216000305839,0.0,12565054.36468238,22409730.070808664,0.40600827374652915,0.4111521876605509,1.1005462554052896,1.4056674626941355,1.6073366733425163,3.9308044279002408,9314781.35180191,18.905752392546987,8.481294481386678,0.3641382231352939,-0.015208426357664388,18.856310805577778,0.44762947901724937,625814671.2957762,32.30834460967219,24985.670564888875,22506717.523572486,-7.872623608480103e-07,-3.4498065767351724e-08,-16.087379574700904,32.32364410261284,126.64646617859981,126.65266246107596,87.82267040516209,68212.74987795456,77907851.67007257,1.145434845276128,0.38085519326606165,1.3807321291491184,3.3264179352415244,0.37602873282022814,1.2020955160402298,3.288730289310963,0.563075972058814,5.3901368504452,-1.6499999999999986,0.14350000000000002,0.6745,0.981875,1.0951666666666668,0.7833333333333333,1.4060000000000001
12.558966666666667,1.0990000000000002,12.516666666666666,8.98,248.9375,0.09557009110098676,-19.313333333333333,16.321666666666665,42.653333333333336,-42.653333333333336,1.531166386995109e-07,21.326664863924098,36.93887126356611,21.32666855781112,36.938869130899434,-36.93887126356611,0.0,12727504.277796151,21477602.459819537,0.40298721612999133,0.40867934774758613,1.0659566873545803,1.3624021348875421,1.5683597491488068,3.9183511986515867,9458721.485430602,13.956374263942058,12.914376712344058,0.3699484412158308,-0.012564114210437658,19.156362869981802,0.46091637483850273,798222256.2324002,38.39618489991842,24204.04479748868,21574635.018817414,-5.883134625875546e-07,-3.1573757478123e-08,-14.419415470625056,38.41334147797532,100.08038643243869,100.08134080105746,66.35445822435909,70179.10388073901,79133610.9064502,1.2373650496256783,0.3783200221466059,1.3458861954077865,3.3168746211805265,0.3729750110661492,1.1640598559412974,3.280604331417295,0.5712168613966571,5.362656300464139,-11.05,0.36650000000000005,0.5525,0.938125,1.0065000000000002,0.8099999999999999,0.9086666666666666
7.203966666666666,0.7863333333333333,13.683333333333334,9.126666666666667,248.3375,0.0956830554053294,-21.78,13.218333333333334,52.78666666666666,-52.78666666666666,1.8949320806857253e-07,26.393331102305563,45.714595602518976,26.393335673764994,45.71459296318564,-45.714595602518976,0.0,11356866.033531312,13306587.399004046,0.4030089615417657,0.40864894292361414,1.0688567286108022,1.3659961781138372,1.5716216243697503,3.91931953163639,8911145.177594107,19.93390703200153,7.676888629791642,0.7048953853275537,-0.014527910218027122,13.050977871842749,1.142644707111925,790545587.9980843,21.26393258932112,16093.438189602251,13403567.040422479,-8.990278011020738e-07,-6.381362042052464e-08,-15.949830157394842,21.277734806394037,108.06282325642795,108.069635069335,84.14825069213781,70009.9551493167,79031695.77039562,1.2312542791477377,0.37854006152270986,1.3488315945725304,3.31766684022333,0.373240585181158,1.1672505872278687,3.2812748201555566,0.5718111648216522,5.365037662896726,-5.149999999999999,0.6945,0.1405,0.810625,0.27849999999999997,1.2486666666666668,1.4113333333333333
6.795633333333333,1.0950000000000002,13.83,12.42,245.91250000000002,0.0961550803280304,-19.126666666666665,20.125,42.78666666666667,-42.78666666666667,1.5359527777015644e-07,21.393331524955432,37.05434132065759,21.39333523038946,37.05433918132425,-37.05434132065759,0.0,11788075.962274762,11186233.424096026,0.4042733631434918,0.40972375187488036,1.0807190113440388,1.3808825067791717,1.5850682089625738,3.9235989657872636,9119380.405904375,14.839874837678861,8.632842133085308,0.338325589948889,-0.008093017791710972,11.19173786206461,0.6452872042143889,733550449.2062194,27.9896946215852,14164.501781920524,11283267.962025221,-7.560584864608659e-07,-6.358390454512853e-08,-11.529503801918223,28.003234277661942,79.29338765172918,79.2957008080129,58.99687739690033,69326.31235981816,78611209.63592309,1.2049641848384558,0.3794091230578323,1.3608097137973356,3.3209043801353486,0.37429294568830446,1.1802923329609813,3.284024326164315,0.5730911642061093,5.374379641506876,-16.816666666666666,0.2605,0.37750000000000006,0.9239583333333333,0.4675,0.9273333333333333,1.314
13.223966666666668,0.7776666666666666,11.423333333333334,10.873333333333333,240.4125,0.09728324931687182,-18.07333333333333,12.448333333333334,59.35333333333333,-59.35333333333333,2.130661822978658e-07,29.676664158098816,51.401495914274626,29.676669298248264,51.40149294660795,-51.401495914274626,0.0,13699516.524681885,29344324.44127016,0.40666648248912357,0.4116914846564816,1.1084646547420447,1.4155867280540937,1.6161641563471554,3.9337319280735743,9777354.336768212,23.274576661265506,6.888260931288772,0.5613523052950569,-0.022384459874740952,23.602550892952674,0.7256641466065693,698211735.6951411,28.32513307648085,31690.85006985308,29441289.629419632,-7.587612331136898e-07,-3.062770363230618e-08,-14.305090389805203,28.337238707039262,162.326520052373,162.33328738402295,108.3076643446072,67775.78232178025,77624029.37596378,1.12258642621729,0.38141295383126844,1.3886413638698183,3.328639770713604,0.3766987495233754,1.2108335177618503,3.2906413821048974,0.5591634470596589,5.3962004688368435,-9.049999999999997,0.34750000000000003,0.4145,0.774375,1.1931666666666667,1.242,1.2846666666666668
6.958966666666667,0.9656666666666667,14.376666666666667,6.766666666666667,239.51250000000002,0.09747382613551499,-17.66,15.575000000000001,49.586666666666666,-49.586666666666666,1.7800587037307938e-07,24.79333123755352,42.94331423232334,24.793335531884825,42.94331175299,-42.94331423232334,0.0,11053348.111241015,11185665.083205223,0.40720984930613396,0.41217119795320506,1.113121523837657,1.421429893551748,1.6213615879355066,3.9355674934040565,8822772.275316048,18.306628134155712,8.1978886469977,0.8295892077319612,-0.01141843313447327,12.180552597362778,1.2620563693593627,850791946.1755414,20.630919445851745,14073.291384368204,11282668.58219444,-8.115344447121134e-07,-6.535296022041809e-08,-11.947371610261962,20.64177808620573,91.4146152570091,91.41719248495049,70.42347449150334,67522.05922464676,77457451.86857955,1.1062343378100887,0.38181166492078716,1.3932885339085435,3.330011678900565,0.37715891414489344,1.2159714818207803,3.291830100441547,0.5546872728988623,5.400869845848319,-8.683333333333332,0.4325,0.4405,0.7552083333333334,1.2025000000000001,0.7113333333333333,0.7353333333333333
6.643966666666667,0.9336666666666668,13.61,9.713333333333335,247.7125,0.09580295465092709,-19.553333333333335,13.591666666666667,58.82,-58.82,2.111516260152836e-07,29.409997513973476,50.939615685908684,29.410002607934903,50.93961274490868,-50.939615685908684,0.0,11265459.715816608,12112898.182005253,0.4032564055227088,0.4088455261105623,1.0718879256441853,1.3697908642822472,1.5750517349603517,3.920380617048832,8866377.689364292,23.105884493317053,6.986438667118699,0.942729145473333,-0.017727504110460347,12.607951128778696,1.4277826446553485,924871456.6499844,18.795177475411375,14887.677955952715,12209862.356486807,-9.86217951835194e-07,-7.125774667230575e-08,-13.938811130452203,18.807592226663562,116.70160265977653,116.70874733047647,92.64212443237592,69833.75855408511,78924944.77223246,1.2249327501593001,0.3787565728829008,1.3518961965238394,3.3184852616139375,0.37350502962498483,1.1705845356253168,3.2819685820374103,0.5724408791207718,5.3673294280957835,-18.016666666666666,0.3385,0.1865,0.768125,1.1675000000000002,0.818,1.478
8.825633333333334,1.0436666666666667,13.163333333333334,10.926666666666666,238.06250000000003,0.09778899244988225,-17.34,8.691666666666666,61.38666666666667,-61.38666666666667,2.2036542812521041e-07,30.69333073882668,53.16241428491978,30.69333605506796,53.16241121558644,-53.16241428491978,0.0,11160106.643263096,15087012.904161248,0.40782530112764137,0.4126789574388954,1.1207236122659905,1.430889018506628,1.6297943639641472,3.938424687513152,8774787.897860132,25.400030913651392,5.924991409063593,0.7903361068430517,-0.019327773563645886,14.728957492416853,1.1610851772258406,758239408.661989,19.061922350419085,17760.893281995603,15183971.781799741,-9.270596708188656e-07,-5.124650460363013e-08,-13.55372410815176,19.071276111679474,130.62506431824585,130.631568809944,97.10445544483424,67113.28312370948,77186107.4746655,1.0742244164334525,0.3823622704640508,1.4008577326414369,3.332190274616465,0.37781065078842047,1.2243185647157429,3.2937041642509817,0.5431868565677703,5.40699753204657,-2.416666666666668,0.37150000000000005,0.36950000000000005,0.905625,0.49549999999999994,1.2126666666666668,1.1446666666666667
11.7073,1.1016666666666668,11.083333333333334,8.526666666666667,247.2375,0.09589614911992013,-21.833333333333332,18.491666666666667,59.78666666666667,-59.78666666666667,2.1462175927746383e-07,29.893330806450656,51.77677359982196,29.893335984127873,51.77677061048861,-51.77677359982196,0.0,13991801.175140534,24414582.159430902,0.40350096681039177,0.4090529136595703,1.0742080402188514,1.3726991993959083,1.5776838686702104,3.9212133339965134,9854277.470228828,23.282578642321255,6.564142973896226,0.4267040474996188,-0.027250866089124068,22.953586099754958,0.5735297886560377,600465351.2363313,29.41151397034036,26873.692547691848,24511540.614903875,-7.882459444703813e-07,-3.977830288191218e-08,-16.452226508349163,29.42678977935113,155.36706297943442,155.3737853316715,108.68159908509479,69699.84914170911,78841363.66436854,1.2201190233559565,0.3789333378578121,1.3542433283903887,3.319122967186101,0.3737174599316143,1.173134890942762,3.2825099444958594,0.5729265110109875,5.3692566135366295,-13.416666666666666,0.6435,0.40049999999999997,0.9047916666666667,0.1711666666666667,0.7513333333333333,1.0646666666666667
12.372300000000001,1.0376666666666667,12.416666666666668,6.006666666666667,249.58749999999998,0.09544729049969199,-19.406666666666666,16.135,50.92,-50.92,1.8279226107953487e-07,25.459997847866873,44.09801480323819,25.460002257668233,44.09801225723818,-44.09801480323819,0.0,12597062.118446175,21089779.08129683,0.40254595721355935,0.4082882024936671,1.062825440791138,1.3584605712806352,1.564782014092428,3.9172197525535912,9335292.60538629,18.213838178497237,7.117377337989099,0.3554935864287977,-0.01664742809000896,20.085272876960904,0.5118277628356356,639628634.303184,27.941413117873548,23725.885910862457,21186773.033698358,-6.51902625093052e-07,-3.6905228531922594e-08,-14.609014295745302,27.958275279843395,120.06023401036957,120.06625019848755,79.69724855247114,70362.34833977987,79243637.45463274,1.2439820085387736,0.378094839591358,1.3427175967379787,3.316035002498075,0.3726996060769534,1.1606261748036801,3.279894949442196,0.5705741688333306,5.360277763930512,-9.816666666666665,0.1205,0.6174999999999999,0.9314583333333333,1.3401666666666667,1.1406666666666667,1.0953333333333333
6.690633333333333,0.9883333333333334,11.683333333333334,7.913333333333334,240.7625,0.09720829504368272,-16.806666666666665,17.301666666666666,48.82,-48.82,1.7525369571686748e-07,24.409997936623345,42.2793614040473,24.41000216455937,42.279358963047294,-42.2793614040473,0.0,10014854.053925384,7347688.240276383,0.40664161411264915,0.4116956896830667,1.1066721079935256,1.4133619411744667,1.6141902348481894,3.9331153256629006,8241813.718291545,16.915805243902966,10.331497883958711,0.3579097788147635,-0.016024044500586303,12.405814279443133,0.5454042336661598,764234311.4865737,29.958931610821026,10347.743770026467,7444698.111712716,-8.447622878792706e-07,-7.194279176576753e-08,-10.323780356539448,29.968406688752932,74.72126288917046,74.72505947504177,56.299052550907994,67874.45241510993,77688543.45774888,1.1277206192320341,0.3812870099605744,1.3868504307758247,3.3281346465229893,0.37654755192172046,1.2088510844305094,3.2902061491218433,0.5600480946809527,5.394829974771264,-4.916666666666668,0.48350000000000004,0.3225,0.9222916666666667,0.5865,1.0513333333333335,1.0806666666666667
13.1073,0.8130000000000001,11.316666666666666,11.7,238.7125,0.09764675947236282,-21.66,16.741666666666667,46.986666666666665,-46.986666666666665,1.6867240849549118e-07,23.493331347442485,40.69164811903937,23.493335416607184,40.691645769706035,-40.69164811903937,0.0,13532229.809991088,25338568.693281032,0.4076857865148342,0.41258944235386885,1.1173095951334355,1.426657944822062,1.6260285314012695,3.9371668235784507,9724510.780178197,16.20444302699555,13.601667572037776,0.40048652066798834,-0.01594995611757596,21.299787455055775,0.47411405888689895,821293459.9430323,40.58989925262433,27884.729718117047,25435574.09295403,-6.364351858623054e-07,-3.016471608078866e-08,-16.54038042005549,40.60502153046322,121.1314618081302,121.13220493953902,78.73893554244077,67296.52758275035,77308266.64246175,1.08851180025666,0.3821155467185389,1.3974584010404436,3.331209268068704,0.3775186972333497,1.220565041972812,3.292859335549489,0.5483352109623459,5.404250590520664,-7.683333333333334,0.6995,0.14150000000000001,0.958125,0.38116666666666665,1.0673333333333335,1.1926666666666668
12.138966666666668,0.9083333333333334,11.676666666666666,8.473333333333333,239.33750000000003,0.09751144575548017,-22.02,8.808333333333334,44.02,-44.02,1.5802268917362777e-07,22.009998139495284,38.122439348753836,22.010001951739113,38.12243714775383,-38.122439348753836,0.0,11649732.30194808,20921796.32588986,0.407473723477922,0.4124245847514989,1.1140390650494534,1.422596282852756,1.6224051623319773,3.9359507818602224,8959251.7471103,15.363251423069308,14.352359817913698,0.3312392528790944,-0.016882338377700777,20.14149208180317,0.41078628175842585,816723069.2974417,40.0279568968408,23599.279341082205,21018810.405479424,-6.11070383795057e-07,-2.883325126275791e-08,-17.98402316153332,40.03981808437939,104.66720253281952,104.66812553398974,69.48917536972588,67472.72417798193,77424935.68131466,1.1023445366046194,0.38187816057972224,1.3941993779263673,3.330272733250585,0.37723765972157264,1.2169738490309414,3.292054256882008,0.5532963214132287,5.40160938369886,-12.116666666666667,0.1155,0.5005,0.8664583333333333,0.9178333333333334,1.442,1.466
9.665633333333334,0.733,14.443333333333333,7.126666666666667,248.9875,0.09556060440563714,-21.1,17.115000000000002,44.986666666666665,-44.986666666666665,1.6149282243580797e-07,22.49333143197246,38.959597262667096,22.49333532793208,38.959595013333754,-38.959597262667096,0.0,12414293.447207699,16725733.291120965,0.4028149355871326,0.40850866390468,1.0657122405314103,1.362075265034161,1.5680629640886068,3.9182315363772986,9397128.773007412,15.870768865542956,6.466776688232793,0.37731897841897655,-0.00967155055664142,14.575303100004323,0.730804630599727,662420338.2481165,24.665828877825476,19525.929986402953,16822749.663112476,-6.85641310032805e-07,-4.966517553396396e-08,-15.087769149486826,24.680939264148105,97.79108516671552,97.7925674241441,70.86493510278419,70193.19960835754,79142097.44434609,1.2378733238786876,0.37830270228494217,1.3456421668535334,3.316809834972466,0.37295383258542353,1.1637950728585345,3.2805495350290825,0.571167187853707,5.36247324944642,-7.383333333333333,0.35450000000000004,0.5725,0.8752083333333334,0.6448333333333333,0.726,0.962
10.260633333333335,0.9750000000000001,12.523333333333333,9.473333333333333,247.8875,0.09576923668306292,-22.953333333333333,19.26166666666667,60.620000000000005,-60.620000000000005,2.176132534689985e-07,30.309997437896502,52.49846145664374,30.310002687742504,52.49845842564373,-52.49846145664374,0.0,13997384.09365802,21053807.353482887,0.40317902107737585,0.40878214550787345,1.071037828871087,1.3687242929960823,1.5740881593482712,3.9200767163651697,9907484.426298302,24.44976683473868,4.571035312243051,0.407727357374161,-0.02258687017517152,18.373449560008172,0.6572249525275458,537732760.7182877,22.710737853781104,23584.04525909519,21150761.286125463,-8.341493287447847e-07,-5.201129258991224e-08,-16.758717135976255,22.723457881407505,151.0942938311501,151.1010582484385,109.1929378290612,69883.09360074995,78954927.18474549,1.2267006363268886,0.37869595004835915,1.3510371869798212,3.318255531661584,0.37343100315602246,1.169649344791778,3.2817737221372374,0.5722639936286744,5.366687491804111,-15.216666666666665,0.1645,0.3025,0.884375,0.9458333333333334,0.7966666666666666,1.474
7.623966666666666,0.8196666666666667,12.79,8.393333333333334,236.4375,0.0981463612712229,-21.82,16.695,45.92,-45.92,1.6484329593032683e-07,22.959998059191808,39.767887662307494,22.960002035980462,39.76788536630749,-39.767887662307494,0.0,11179181.651608784,11565671.552126586,0.40872956195661575,0.41346697239171026,1.1293370417024209,1.4416490524627636,1.6393417801203212,3.9417647322663645,8768612.945019953,16.778839752776307,8.959923023335008,0.3033426251702367,-0.012748059193767647,13.243707696635834,0.5870197031988079,715939931.768837,28.52298024843379,14455.846661942425,11662681.389960416,-7.67656482830203e-07,-5.910700827654896e-08,-15.142916029188763,28.53326129868557,86.70076903031571,86.70300275570072,64.81854189946242,66655.17197610738,76877844.54521197,1.0389463105657333,0.3829785020784501,1.4094005910506628,3.334674656902359,0.37853920214776066,1.2337864593676349,3.2958507045154173,0.5302479728386512,5.413867808161552,-2.4499999999999993,0.4215,0.6325,0.783125,1.1885000000000001,1.4846666666666668,1.4620000000000002
12.045633333333335,0.8876666666666667,10.616666666666667,11.233333333333334,249.5625,0.09545199412047484,-17.64666666666667,9.251666666666667,49.85333333333333,-49.85333333333333,1.789631485143705e-07,24.926664559616192,43.1742543465063,24.926668877041507,43.174251853839635,-43.1742543465063,0.0,11557892.782841684,20823009.02132913,0.40263263221989937,0.4083741445352563,1.0629469044112987,1.3586238874186982,1.564930640721459,3.9172813609644694,8896859.627443656,16.56730435661817,13.220002516083348,0.4690970210287925,-0.01904798950177977,20.926606019192583,0.5529524403338886,839389962.150386,39.82536486532755,23479.16533349775,20920008.179950643,-6.202113848747274e-07,-2.7975072228175278e-08,-14.18424716336859,39.84562730339605,116.25441334383453,116.26038463082223,73.70562136855447,70355.3004759706,79239416.31616394,1.2437271109860597,0.37810349890434897,1.3428392762403405,3.316067181509958,0.37271020172498925,1.160757934209191,3.2799221195127606,0.5705987800041388,5.360369175258417,-8.149999999999999,0.1705,0.6315,0.7527083333333333,1.3495000000000001,1.2446666666666668,1.4153333333333333
13.037300000000002,0.8256666666666667,13.056666666666667,11.033333333333333,244.3375,0.09646923996254922,-22.98,9.065000000000001,53.28666666666667,-53.28666666666667,1.9128810458349336e-07,26.643331081173073,46.14760831661205,26.643335695933775,46.14760565227871,-46.14760831661205,0.0,13324050.827246215,27741790.89836774,0.40487406824544275,0.41019932354237265,1.0885545349394397,1.390657482314802,1.5938771847331978,3.9263843016059696,9691373.089493323,20.728922079985033,5.1770143735274115,0.33206777837039064,-0.015659643398895647,19.856001611001147,0.6195182695656677,560265283.1812432,24.565535591702083,30153.64981734364,27838763.945749056,-7.178955703817041e-07,-3.33312314561445e-08,-18.81911315443758,24.577949776537974,148.46638966837781,148.4731790142488,100.19424258892705,68882.29693983456,78333793.99615403,1.1809968824756505,0.37997599689471323,1.3686994115800453,3.323064037434432,0.3749766524781869,1.1889003243064207,3.2858616821939064,0.5690288039469257,5.380505563962175,-16.016666666666666,0.1095,0.4345000000000001,0.8897916666666666,0.4325,1.0553333333333335,1.2246666666666668
11.473966666666668,0.9630000000000001,11.61,9.74,246.0875,0.09612060787651684,-17.913333333333334,20.381666666666668,42.12,-42.12,1.512020824169287e-07,21.059998219798754,36.476991035200165,21.060001867497757,36.47698892920016,-36.476991035200165,0.0,11965187.186025223,15394250.211875081,0.40446081047945154,0.4099291964770181,1.0798593838719879,1.3798450238730966,1.5841319674810117,3.9233512621798567,9066993.261690445,10.992632765682801,23.575421536604505,0.3683727053941102,-0.025211828934829032,17.22112649336139,0.5390720937356703,1185994819.1107383,50.984099899260734,18288.734388512836,15491291.881928865,-5.520519736390242e-07,-3.7007005315219996e-08,-12.115598025002116,50.715885394638875,85.15845549604857,85.16078338449877,53.33306518893459,69375.64740648301,78641794.87605652,1.2076451608813878,0.3793461417066117,1.3599367960917077,3.320666780801657,0.37421691043732624,1.179342428693086,3.2838226372903194,0.573533787356728,5.373700029843078,-7.449999999999999,0.1385,0.1835,0.968125,0.2855,1.2313333333333332,0.9046666666666666
10.680633333333333,0.877,12.57,13.193333333333333,243.6875,0.0965996998753641,-16.14,18.165,54.75333333333333,-54.75333333333333,1.9655313436059438e-07,27.376664352517754,47.417778944618384,27.37666909429552,47.41777620695171,-47.417778944618384,0.0,12550302.902993402,16752064.935464999,0.40520376296177646,0.41047977026128835,1.091821163910288,1.3947453714062987,1.5975567036671092,3.9275934706009683,9330766.342862805,20.475815994350636,6.102707452009333,0.4550047470723386,-0.014083426215700294,15.611525206259415,0.6542600342821423,620485624.6267036,23.943502986196943,19469.73669168848,16849052.849444766,-7.966533971299806e-07,-4.728389199135163e-08,-10.943915982679359,23.95689023673533,116.4118790450884,116.41779961072616,80.52867973968874,68699.05248079372,78218287.48908544,1.1711973977344166,0.38022215176882923,1.3719846589430635,3.323978506543224,0.37527009490288926,1.1924897320562384,3.2866419390192427,0.5674037923374168,5.383221254406982,-17.21666666666667,0.3125,0.35150000000000003,0.8122916666666666,1.3285,0.7193333333333333,1.2446666666666668
7.4373,0.8163333333333334,14.07,12.82,236.4875,0.09813563272229131,-22.486666666666668,18.328333333333333,41.986666666666665,-41.986666666666665,1.5072344334628312e-07,20.99333155876742,36.36152097810868,20.993335194919418,36.36151887877534,-36.36152097810868,0.0,12266853.855573745,14237490.41425546,0.40871829576599017,0.4134595109756018,1.1290710912300512,1.44131865223527,1.6390495847117619,3.941664436075993,9318534.379148882,15.441149863305418,8.397133597506501,0.3072333998039944,-0.007926832134900027,11.999782718461367,0.6680132063522534,717384658.2397287,27.71927716836009,17111.204590652753,14334518.89941198,-7.502812877044136e-07,-5.750931958188834e-08,-15.060504729679227,27.7296837466139,87.49100895998315,87.49271567571026,65.03765198487072,66669.2677037259,76887412.20183557,1.04002205148135,0.3829595531994464,1.4091368009013379,3.334597531270323,0.37851681231226486,1.2334933151855216,3.2957839062318435,0.530640582583129,5.41365637155171,-7.216666666666667,0.29150000000000004,0.5455,0.8652083333333334,0.5118333333333334,1.4633333333333334,1.0833333333333335
7.390633333333334,0.9036666666666667,14.003333333333334,10.100000000000001,237.66250000000002,0.09787726635862506,-22.473333333333333,15.738333333333335,55.75333333333333,-55.75333333333333,2.00142927390436e-07,27.876664310252767,48.283804372804525,27.876669138633073,48.28380158513785,-48.283804372804525,0.0,12342585.877561828,15109889.329388257,0.40800382236223376,0.4128281000059457,1.1228341286550898,1.4335180469211815,1.6321312052643713,3.939226922956683,9310818.202103058,22.31660407269717,6.000805676554085,0.7487049590069567,-0.015369923909913201,13.313336370222846,1.1595297742019888,766484907.5812358,19.855178893505062,17808.32582747431,15206858.072304692,-9.50009294102251e-07,-6.85463687842221e-08,-16.024803416949922,19.864802416151417,120.79924740357299,120.80602076698742,94.83010810398419,67000.51730276128,77110533.3228214,1.065482318996473,0.38251402365563586,1.4029546761086142,3.3327975577412117,0.3779901527893924,1.2266379458639078,3.2942279332160522,0.5400245802091854,5.408688050543051,-4.549999999999999,0.6665,0.5285000000000001,0.865625,1.3588333333333333,1.2433333333333332,1.0406666666666666
8.9073,0.9476666666666668,11.056666666666667,13.606666666666667,246.41250000000002,0.09605783461166649,-21.486666666666665,18.678333333333335,43.02,-43.02,1.5443289614378616e-07,21.50999818176027,37.256413920567695,21.51000190740156,37.25641176956769,-37.256413920567695,0.0,11430926.753758263,12116229.821246842,0.40415088676573746,0.4096420195390827,1.0782482419462147,1.3778113569141492,1.5822894693414438,3.9227344870434844,8826203.561452111,12.953074723670202,24.41420800353929,0.2771893895824704,-0.026135441913184322,13.817584611238807,0.3953045295842875,1155021106.212297,52.61314562007137,15050.376618881906,12213255.8416368,-6.912590821664635e-07,-4.762477164213281e-08,-14.498988312867446,52.46151286668618,83.19402154611483,83.19606768233034,56.426125422341954,69467.26963600342,78698379.52715099,1.2118353035562162,0.379219048583445,1.3583112529281012,3.3202176330986446,0.3740659927509318,1.1775774583200784,3.283440955482201,0.5738125912939591,5.372286329054878,-17.116666666666667,0.49550000000000005,0.1885,0.9460416666666667,1.0275,0.8033333333333333,1.33
12.710633333333334,0.879,13.33,12.686666666666667,235.6875,0.09830970446620069,-19.926666666666666,13.195,57.82,-57.82,2.0756183298544198e-07,28.909997556238466,50.07359025772254,28.910002563597352,50.073587366722535,-50.07359025772254,0.0,14105444.127694625,27958803.404296502,0.4089708255450594,0.41365213417859076,1.1333403330724066,1.4466263122141143,1.6437379104312646,3.9432750242444587,10014753.891415522,23.50882581598312,4.855984463766715,0.47966232325445846,-0.016007731720477952,19.197283186043798,0.7587626858082863,585989520.4644532,22.128230767180366,30334.673287019006,28055769.78511607,-7.624882559020371e-07,-3.689456766194703e-08,-15.54009909077517,22.137111393497882,158.74147245499978,158.74825190375464,107.29195088679288,66443.73606182949,76733772.63530901,1.0228820538131147,0.38326249040576454,1.4133645471672336,3.335836690922914,0.3788746749148484,1.2381969397964758,3.296858249935186,0.5243680550769001,5.4170374162221915,-18.28333333333333,0.6054999999999999,0.5395,0.8102083333333333,0.6425000000000001,1.2633333333333332,1.1153333333333333
7.775633333333333,0.9463333333333334,11.436666666666667,9.353333333333333,237.3125,0.09795509593041099,-17.446666666666665,11.818333333333335,54.88666666666667,-54.88666666666667,1.9703177343123994e-07,27.443331013549095,47.533249001709876,27.44333576687386,47.53324625737653,-47.533249001709876,0.0,10127760.952855831,10059735.927230828,0.4082728885641355,0.41307328496985524,1.12468778036679,1.4358453416244674,1.6341990698355138,3.93996892635309,8267023.965064525,20.919494822585534,7.504612821312106,0.3841632409140467,-0.019863697023203935,14.23849051650051,0.5698879366385714,652789839.490753,25.558586305653563,12913.684410229866,10156717.275942182,-8.22938630391782e-07,-5.6095224447821196e-08,-12.731830342757547,25.570093920174678,96.85621268917271,96.862545548586,70.42533647563637,66901.8472094316,77044054.59919244,1.0578642843455377,0.38264685073383714,1.4047927936882214,3.333331290380326,0.37814720149500164,1.2286734023340375,3.2946887493209194,0.5371823137939443,5.410168612551161,-16.216666666666665,0.1575,0.38650000000000007,0.9560416666666667,0.9108333333333334,1.078,0.858
7.343966666666667,0.823,13.91,13.74,240.21249999999998,0.09732570813190211,-19.18,8.598333333333333,45.653333333333336,-45.653333333333336,1.6388601778903573e-07,22.82666473712914,39.53694754812452,22.826668690823784,39.53694526545785,-39.53694754812452,0.0,10300358.141691346,12755563.77142606,0.406874795226362,0.4118866591915046,1.1094948847210317,1.4168978441566469,1.6173294894714905,3.9341557116846215,8528364.857566219,16.79326643145616,7.06986387747356,0.46128976496628293,-0.008785551038655883,11.616912495263836,0.8476335856670043,729850646.4763714,23.71790310801602,15632.663034943875,12852577.373601545,-8.023576838642205e-07,-5.024869009990124e-08,-14.614964867216264,23.72917393444447,89.93719996163924,89.939206568293,66.32120955709901,67719.39941130613,77587507.66907306,1.1196589049705903,0.3814849014692134,1.3896661015240763,3.3289293107069704,0.3767851013893062,1.211968748487374,3.290891040841742,0.5586555285961755,5.396983740788928,-15.916666666666668,0.4195,0.4415,0.9289583333333333,0.3205,0.8606666666666667,0.9553333333333334
9.128966666666667,1.0336666666666667,13.916666666666668,12.633333333333333,245.6125,0.09621439876361551,-23.393333333333334,7.315,56.486666666666665,-56.486666666666665,2.027754422789865e-07,28.243330945925113,48.918889686807695,28.243335837813945,48.91888686247435,-48.918889686807695,0.0,12023976.59734262,19511063.066240136,0.40422360291561643,0.40964708216997237,1.082201264246643,1.382705685865653,1.586713208599858,3.9240739347195284,9196690.349541377,22.871721084970883,5.488076157792495,0.6411028586336018,-0.01543142602179826,14.67244854739995,1.0119748683820082,689169333.3275927,20.019439518528905,22092.57634747704,19608023.48879393,-9.071969767853164e-07,-4.914671265446693e-08,-18.900171098093246,20.030639173421438,139.79645713000488,139.803326234378,105.70598679931037,69241.73799410702,78558649.62836519,1.2003770031263743,0.3795170858804428,1.3623079653870533,3.3213128005961585,0.3744232488043293,1.1819237023065556,3.284371194958994,0.5723324546333592,5.375545004179001,-19.616666666666667,0.5725,0.2585,0.8177083333333334,1.1138333333333335,1.0793333333333335,0.9126666666666666
11.298966666666667,0.793,11.803333333333333,13.14,235.3875,0.0983761770919568,-19.03333333333333,15.785,45.45333333333333,-45.45333333333333,1.631680591830674e-07,22.726664745582134,39.363742462487295,22.72666868195627,39.363740189820625,-39.363742462487295,0.0,11724228.269109882,15944826.982988227,0.40933350585378864,0.4139963738473958,1.13495306527091,1.4486716608572634,1.6455452588106185,3.943962369091764,8956552.778034132,15.914084837110767,12.660545363603166,0.3184246548880652,-0.012526417688305092,15.71392602523232,0.4126149935130291,784904473.8835957,35.64400779206461,18750.093633135984,16041845.83279505,-6.833308848888423e-07,-3.912512659135897e-08,-13.764093421900878,35.653058347963096,95.6584000409082,95.65948882773544,63.7394687276813,66359.16169611832,76675847.89117815,1.01649414326753,0.38337603229709444,1.414953899218576,3.3363042904748967,0.37900874749361174,1.239968427409049,3.297264327785262,0.5220197964656855,5.4183053905481495,-15.783333333333333,0.2585,0.20950000000000002,0.8422916666666667,1.4638333333333335,1.4140000000000001,1.1686666666666667
11.182300000000001,0.747,11.363333333333333,9.100000000000001,240.13750000000002,0.09734185949191368,-22.753333333333334,17.138333333333335,42.95333333333333,-42.95333333333333,1.5419357660846337e-07,21.4766648512446,37.19867889202195,21.476668571112388,37.198676744355275,-37.19867889202195,0.0,11948885.428691747,16577875.84184759,0.4071017103693468,0.41211066324476264,1.1098854305525991,1.4174132896286213,1.617788571578932,3.934345606853586,9036012.364665646,13.81164156036001,21.397841940853972,0.2986544176727763,-0.02452713342541535,17.97587832309279,0.44105884501725495,1075099861.1732361,48.35372891119006,19383.686177895146,16674897.897551876,-5.817854144240961e-07,-3.6882198925733004e-08,-16.84800767691456,48.335652698560644,92.9381235898604,92.93950342143356,60.11606650121321,67698.25581987835,77573637.82002157,1.118562406716688,0.38151189374750855,1.3900505939711763,3.3290380609511976,0.3768174918520734,1.2123949539474042,3.2909848635433603,0.5584659535390861,5.397277680709471,-13.116666666666665,0.6015,0.1235,0.959375,0.8734999999999999,1.4366666666666668,1.1473333333333333
13.410633333333335,1.0410000000000001,12.81,11.3,235.1125,0.09843765970956012,-18.78,12.611666666666668,54.52,-54.52,1.957155159869647e-07,27.259997695712922,47.21570634470829,27.260002417283424,47.21570361870828,-47.21570634470829,0.0,14011373.225522872,29883901.27499497,0.4092637700692092,0.41390390709859026,1.1364256729199722,1.4504804874152943,1.6471362537280092,3.944478867758687,9977830.313062932,21.171110092697603,6.1882729121550675,0.4587293188954282,-0.015447186499794973,21.323764740076765,0.6416906096963635,641302932.8091825,25.98838854217353,32247.39207601826,29980881.24968853,-7.361920575804381e-07,-3.1498457842176324e-08,-14.80116581513471,25.998523483289727,150.69850097027745,150.7051619910156,102.90093101988494,66281.63519421642,76622569.12949678,1.0106579247910348,0.3834800738422135,1.416412674435839,3.3367343168658854,0.37913157626519656,1.2415959098252634,3.2976380966450436,0.519871047892051,5.419467604473138,-5.283333333333333,0.4505,0.12250000000000001,0.9627083333333333,1.0811666666666668,1.166,1.15
7.0873,0.8483333333333334,12.443333333333333,11.073333333333334,242.1125,0.09692445324794473,-16.953333333333333,7.641666666666667,47.18666666666667,-47.18666666666667,1.6939036710145953e-07,23.59333133898949,40.864853204676606,23.5933354254747,40.86485084534326,-40.864853204676606,0.0,9189391.540648963,9045155.104173673,0.40605812158801546,0.4112152595604389,1.0997792894035912,1.404731254304744,1.6064947340346358,3.9305549903623893,7974986.651243422,16.716081000015674,8.697299709351881,0.3781394084146603,-0.012157534061788478,11.900455456705021,0.6345950831527966,727208295.2835219,26.85648075352944,12010.669282034738,9142166.83996116,-7.720350347647612e-07,-5.101809395725935e-08,-12.893777771783427,26.865673417111886,78.20088379484035,78.20381125253795,55.94551571008032,68255.03706081014,77935046.26580893,1.1476620359166418,0.3807888594266253,1.3799572813871004,3.326192736755726,0.3759520793899783,1.2012498000938514,3.288537283999128,0.563445495491647,5.389365531357561,-6.25,0.36250000000000004,0.3115,0.9214583333333334,1.0765,1.3206666666666667,0.89
10.178966666666668,1.0456666666666667,12.356666666666667,8.046666666666667,235.7875,0.09828768704885851,-22.66,18.445,51.486666666666665,-51.486666666666665,1.8482647712977844e-07,25.743331157250047,44.588762545876996,25.743335616126178,44.58875997154366,-44.588762545876996,0.0,12819772.771948064,17690454.14437017,0.4089862355686003,0.4136757345033637,1.13280649974631,1.4459696533321198,1.6431592823705692,3.9430876354681708,9406365.70781763,19.632801603206403,7.102333458874581,0.29804595742121537,-0.016975881664679695,17.455149508950548,0.5288896049223591,611296925.9187338,27.07200119823717,20365.578471103065,17787439.182259277,-7.189889845831879e-07,-4.797972247613514e-08,-16.46855501292106,27.083416763637782,115.88174969156324,115.88780727891216,81.60478347084114,66471.92751706652,76753039.48209469,1.0250160924539187,0.38322464053819805,1.412835228389755,3.3356811793630943,0.37882997400076546,1.2376073858421013,3.2967232871149843,0.5251510071695471,5.416614842257121,-2.083333333333332,0.6425000000000001,0.6144999999999999,0.8314583333333333,0.18983333333333335,1.3686666666666667,0.8113333333333332
8.055633333333333,0.8623333333333334,13.016666666666666,6.58,248.01250000000002,0.09574535405775594,-19.1,18.375,56.52,-56.52,2.0289510204664792e-07,28.25999761118295,48.94775720108057,28.260002505958532,48.947754375080564,-48.94775720108057,0.0,11921640.861023095,13143294.632378213,0.40315812178877214,0.4087720037775029,1.0704318743647538,1.367970834469763,1.5734075600329793,3.919876050330194,9092278.410810892,21.296395098110267,6.722468948307971,0.6600180291716768,-0.018625767858165908,14.790800409738909,1.0030607476219287,690157838.646777,21.289256367074803,15921.405177565379,13240269.564580953,-8.394259598064867e-07,-6.376343169657815e-08,-13.050963278638992,21.302873936121955,110.68394417475997,110.6904723801171,82.97178436303534,69918.33291979627,78976190.49643783,1.2279645049738566,0.37865264501787405,1.3504240497922853,3.3180917099807172,0.3733781165253408,1.1689821741867954,3.2816348271857594,0.5721378983338519,5.366229035777099,-13.049999999999999,0.6885,0.16250000000000003,0.955625,1.3891666666666667,1.2353333333333332,0.7526666666666666
7.180633333333333,0.7103333333333333,13.623333333333333,10.26,242.1375,0.09691922417056588,-22.46,8.318333333333333,56.42,-56.42,2.0253612274366375e-07,28.209997615409446,48.86115465826195,28.210002501524777,48.86115183726194,-48.86115465826195,0.0,10968520.782516146,14373391.473839704,0.40583796919423387,0.4109934836888413,1.0996481308889172,1.4045347928484828,1.606317025166702,3.9304446331656147,8747257.54093923,22.66130179873624,5.942729228829597,0.746630161409221,-0.016829283757167815,13.300308932772973,1.1676984685779344,762206409.4953759,19.804507195032528,17082.271600007276,14470354.620228883,-9.588701776942978e-07,-5.961418923373533e-08,-17.631707335987695,19.815312256452664,121.10073241797959,121.10766534748369,94.62239788763614,68262.0849246194,77939586.38542722,1.1480333007282848,0.3807798600435015,1.3798303063922723,3.3261572864271463,0.3759412591178434,1.2011099206573614,3.28850686898142,0.5635086893780853,5.389267807840312,-4.15,0.2765,0.5485,0.8010416666666667,0.5841666666666666,0.8566666666666667,0.9073333333333333
10.738966666666666,1.0290000000000001,11.823333333333334,8.553333333333335,249.9375,0.09538185823130482,-23.686666666666667,12.635000000000002,59.08666666666667,-59.08666666666667,2.1210890415657473e-07,29.54333083603615,51.17055580009166,29.54333595309159,51.17055284575832,-51.17055580009166,0.0,12872956.071389955,21079223.066352803,0.4022732071079184,0.40804182075735124,1.0611441834453827,1.3563397049714816,1.5628537226272285,3.9166042019725253,9415103.90909976,23.46423163341313,5.19117155765832,0.32237765804701535,-0.025036981155385454,19.784690015297755,0.5045167891846659,549450739.677235,24.992305514784217,23612.016907966346,21176177.12082029,-7.946501321615738e-07,-4.311609157983424e-08,-18.69525913842013,25.006860593442454,146.74932673305636,146.7560265445793,102.91315647627304,70461.01843310954,79302431.6770123,1.247554271558344,0.377973579583423,1.3410154834306218,3.315585376496265,0.37255122206693997,1.1587845673084407,3.2795155699080123,0.5702306784610247,5.358998002813564,-2.4833333333333307,0.2925,0.46950000000000003,0.7685416666666667,1.3168333333333335,1.4246666666666667,1.4766666666666668
7.6823,0.9296666666666668,14.11,8.406666666666666,238.5875,0.09767399350577838,-23.54,14.478333333333333,42.88666666666667,-42.88666666666667,1.5395425707314062e-07,21.443331520728936,37.14094386347621,21.44333523482322,37.14094171914287,-37.14094386347621,0.0,11500692.439595588,13887197.727968123,0.40770116143822227,0.4125952348977923,1.1179648059789329,1.4274693773364864,1.6267515290610721,3.9374102775324564,8982876.060009174,15.812623636981925,7.782261519096909,0.34484433006189613,-0.009503259397830057,12.808485256231393,0.6999941489924495,703051662.9557801,26.358232106507,16747.360494430155,13984216.507304506,-7.549509997966753e-07,-5.668175167969984e-08,-17.01677262618778,26.369385743449417,88.7659143255294,88.76792454319623,67.63062028357295,67261.28826370402,77284838.73336554,1.0857563642544936,0.3821630012491743,1.398111358568572,3.331397368686895,0.37757486310148264,1.2212854019537271,3.293021199812729,0.54734424362464,5.404778757417274,-3.1833333333333336,0.3085,0.5355,0.9835416666666666,0.7638333333333334,1.0326666666666666,1.4220000000000002
12.523966666666666,0.8803333333333334,11.93,13.86,245.51250000000002,0.09623423286496371,-17.98,14.548333333333334,61.35333333333334,-61.35333333333334,2.2024576835754905e-07,30.676664073568848,53.13354677064691,30.676669386923376,53.13354370298023,-53.13354677064691,0.0,13858591.615726307,26443723.79588509,0.4042672279342212,0.409682818017367,1.0826974421163054,1.3833250299063806,1.5872720539588008,3.9242501570106567,9854492.009067062,24.41911559002301,5.496565247521697,0.49278036915002355,-0.01975147601027572,20.105753301934776,0.6964390031391233,613724494.3546201,25.705068107031682,28855.381762257555,26540683.97968323,-8.987278332389259e-07,-3.786928090368238e-08,-13.715426745280011,25.71744465283916,163.26698268787158,163.27380446128456,116.65809802487702,69213.54653886995,78541094.76053418,1.1988503305029752,0.3795530753044818,1.3628078111420783,3.3214492369190984,0.3744666775058125,1.1824683676002292,3.2844871439745824,0.5720795559542701,5.375933626107359,-7.949999999999999,0.2775,0.5175,0.7597916666666666,0.19916666666666666,1.1886666666666668,1.0526666666666666
8.008966666666666,1.0770000000000002,13.176666666666666,13.940000000000001,239.23749999999998,0.09753299948600422,-23.606666666666666,13.708333333333334,51.18666666666667,-51.18666666666667,1.8374953922082597e-07,25.59333116992954,44.32895491742116,25.59333560282491,44.32895235808782,-44.32895491742116,0.0,12212453.078664085,16240309.852438778,0.4072970961263395,0.41223745229512515,1.1145570127471685,1.4232106793597494,1.622951864422912,3.9360952469399186,9238557.143080624,19.987561622197596,6.0760010472913955,0.41479854005111083,-0.012633735810941883,13.402165667797256,0.7520080719904048,678594589.3252635,23.50687590552823,18947.154994299413,16337291.46564661,-8.638869997096898e-07,-5.5369801686285164e-08,-17.463088716186547,23.518310673156357,114.71753406034502,114.72390809548041,85.074153465907,67444.53272274486,77406321.95641774,1.1001250591624339,0.38191615438438975,1.39472022290871,3.330422146177631,0.37728264773212894,1.2175472626389758,3.2921825968357363,0.5525018498526175,5.40203199276968,-7.883333333333331,0.1565,0.6845,0.7777083333333333,0.9575,1.1166666666666667,1.4833333333333334
7.833966666666667,0.7896666666666666,14.083333333333334,12.780000000000001,242.78750000000002,0.09678434613052789,-23.58,16.835,41.72,-41.72,1.4976616520499204e-07,20.85999823670475,36.13058086392571,20.860001849762735,36.130578777925706,-36.13058086392571,0.0,12278518.952573389,15283333.834119532,0.4056879445950726,0.41089581759440624,1.096358793743295,1.4004361457043653,1.60265577109512,3.9292744867765754,9332914.428760499,15.063073938721287,7.9977027962271725,0.3003721428916576,-0.00797834162394299,12.381911722196003,0.6328804897689994,688122419.2640843,27.83243811220104,18134.943888093316,15380359.865678614,-7.394062994196523e-07,-5.3813407201661294e-08,-16.478177233663207,27.845081575228225,89.22498125095822,89.22665822882914,65.89806113838313,68445.32938366025,78056936.90314895,1.1577099068573191,0.38054601066847904,1.3765332906486707,3.325238991584555,0.3756599610096009,1.1974821792702737,3.287719858172782,0.5651291340937814,5.386730846879917,-4.716666666666667,0.3225,0.1295,0.9397916666666667,1.0158333333333334,1.046,0.7673333333333333
12.418966666666668,0.7743333333333333,13.81,11.926666666666668,236.0375,0.09823291583604546,-16.686666666666667,8.225,53.38666666666667,-53.38666666666667,1.9164708388647753e-07,26.693331076946574,46.23421085943067,26.69333570036753,46.23420819009733,-46.23421085943067,0.0,12285463.271971272,23720601.36388115,0.40887862833953864,0.4135862541607888,1.1314698365173148,1.4443027416303447,1.64168710903964,3.942569827573372,9313235.667567268,20.674156356362147,5.646207031338939,0.590925907497277,-0.012609130342206933,17.629424930731613,0.9087521021767414,670283043.0303158,21.587135768242607,26253.939316219734,23817588.284212336,-6.965062234877532e-07,-3.225656218092783e-08,-13.46299073722113,21.596438728439324,131.37859879590695,131.38473989791578,85.74578333352706,66542.40615515916,76801156.88611378,1.0303618043312863,0.3831299838160885,1.4115130460784278,3.3352931773114713,0.3787181705983918,1.2361354981540211,3.2963867100830933,0.527109833565589,5.41555816210483,-14.916666666666668,0.6895,0.47750000000000004,0.8689583333333333,1.0251666666666668,1.2193333333333332,0.8673333333333333
13.4223,0.9870000000000001,14.29,9.246666666666666,236.21250000000003,0.09819489397525867,-20.34,13.731666666666666,53.586666666666666,-53.586666666666666,1.9236504249244583e-07,26.793331068493575,46.40741594506789,26.79333570923504,46.40741326573455,-46.40741594506789,0.0,14084104.658294287,28465677.144966315,0.4087440976406322,0.41346364935658964,1.1305345983346071,1.443128027980789,1.640648151980801,3.9421940424822335,10042399.004869359,21.039536932880818,4.982451939478175,0.5293112061334996,-0.013525191339805197,19.285037521890604,0.8796791093418589,610983034.7264929,21.75146451268747,30866.268643976044,28562657.43911981,-7.092749081832111e-07,-3.6647799654370225e-08,-15.825025327978073,21.760423883734443,147.31954784122098,147.3261954630324,99.87732135741143,66591.74120182401,76834740.37409192,1.0341128150261176,0.3830637192613582,1.4105883667574524,3.3350222278645476,0.3786398886136067,1.235106885611282,3.2961518302591175,0.5284821762259198,5.414818649453413,-5.18333333333333,0.5335,0.4675,0.9393750000000001,1.2468333333333335,1.1006666666666667,1.0513333333333335
8.755633333333334,0.761,14.09,7.246666666666666,244.86249999999998,0.0963635802788672,-20.286666666666665,9.415,48.85333333333333,-48.85333333333333,1.7537335548452887e-07,24.42666460188118,42.30822891832017,24.426668832703953,42.30822647565349,-42.30822891832017,0.0,10993055.943846565,15094696.020594366,0.4046765299377682,0.4100434236630648,1.0859335858514156,1.3873870030128312,1.5909350137829328,3.9254501102264734,8793017.12747559,18.082719317852696,6.1406383950154835,0.5530594863164845,-0.012113754554005773,14.237934328467912,0.9525994096515883,700014758.9036715,22.136771453254017,17878.001227147477,15191692.93017289,-7.507441159462588e-07,-4.7661678608885105e-08,-15.857367074189888,22.149569298395928,103.0858080061871,103.08753513015313,75.95616240946745,69030.30207982908,78426811.07904424,1.1889470658732757,0.379787155243685,1.366063178234738,3.322340046509164,0.3747489840960562,1.1860191987686948,3.2852448538991443,0.5703554840613924,5.378463535385439,-17.78333333333333,0.4685,0.27249999999999996,0.889375,1.1091666666666669,1.0086666666666666,1.2726666666666666
8.323966666666667,0.853,12.43,9.02,243.58750000000003,0.09662007578519184,-22.686666666666667,10.861666666666668,51.45333333333333,-51.45333333333333,1.8470681736211705e-07,25.726664491992214,44.55989503160413,25.726668947981594,44.559892458937455,-44.55989503160413,0.0,10975124.291086633,13579954.158469897,0.4052466269131467,0.4105148862706321,1.0923237390715426,1.3953740742950211,1.5981207049441286,3.927776842355719,8672196.932526585,19.65566642403125,6.574639839758273,0.32793299595703973,-0.01666066800859223,14.673435737945356,0.5833127176981681,643407857.694881,25.327732662490142,16357.806025546663,13676935.536270985,-8.252673501289986e-07,-5.2427056898777947e-08,-17.460537059800288,25.34158755866196,106.54772184564274,106.55416153924384,79.50221874666988,68670.86102555667,78200441.26496354,1.1696938829903099,0.38025814148641107,1.3724891393740517,3.3241179399592036,0.37531343646635207,1.1930427153036414,3.286761041837027,0.5671510505556343,5.38361103795877,-5.049999999999999,0.2295,0.1985,0.833125,1.3471666666666666,0.8713333333333333,0.9033333333333333
12.080633333333335,0.9056666666666667,13.55,6.22,236.68750000000003,0.09809368488729633,-22.926666666666666,15.155000000000001,49.486666666666665,-49.486666666666665,1.776468910700952e-07,24.74333124178002,42.85671168950472,24.74333552745107,42.85670921517138,-42.85671168950472,0.0,13134822.519339394,22733664.58956428,0.40856258216444213,0.41331722394758874,1.1280051915302054,1.4399789165385943,1.6378625974327485,3.941231170122087,9601649.824609455,18.850520233262262,6.068055133079326,0.33335916807524946,-0.014016477176946476,18.595122099275702,0.6331594315529472,599761815.8207159,24.9243080538721,25301.92852210747,22830655.291578062,-6.818535906288078e-07,-4.036464265704584e-08,-17.631473754731715,24.93508455767536,124.1497320868185,124.15061099211628,86.22461569869881,66725.65061420001,76925056.3254744,1.0443314732612066,0.3828837891225041,1.4080822910265207,3.334289509185515,0.3784272759718065,1.2323220196135731,3.2955172464284526,0.5322110961365333,5.412811208885186,-16.15,0.6735,0.6365000000000001,0.799375,0.16649999999999998,0.7953333333333333,0.9713333333333334
10.120633333333334,0.7543333333333333,11.023333333333333,8.74,242.5875,0.09682559889807371,-22.873333333333335,8.505,42.68666666666667,-42.68666666666667,1.5323629846717227e-07,21.34333152918193,36.96773877783898,21.343335225955705,36.96773664350564,-36.96773877783898,0.0,10338362.31122079,14031324.094895048,0.40603116883435686,0.41122751773798993,1.0973756658380602,1.401745048718726,1.6038284487599606,3.9297084873487287,8371310.494972901,14.029531332612748,23.118343717198698,0.2786190099617802,-0.030236552298663604,17.097268154021748,0.41749996576144255,1121917506.586306,49.86813856909979,16892.906779338417,14128342.350654282,-5.795204257363432e-07,-3.449670755940643e-08,-18.34849499428267,49.795188364268824,86.85161148747275,86.8532054790752,56.47620915148276,68388.94647318617,78020991.36403418,1.15472574865096,0.38061797510127804,1.3775467569893556,3.3255208491003025,0.37574654434788174,1.1985964568986494,3.2879612578384525,0.564623654349777,5.387511351884321,-19.95,0.4015000000000001,0.49550000000000005,0.936875,0.37883333333333336,0.9886666666666666,0.726
11.8473,0.7596666666666666,10.976666666666667,11.046666666666667,236.2375,0.09818948136289903,-21.366666666666667,15.808333333333334,57.32,-57.32,2.057669364705212e-07,28.65999757737096,49.640577543629476,28.660002541428575,49.640574677629466,-49.640577543629476,0.0,13613483.423979089,24612622.71619796,0.40872776491277285,0.4134490971842947,1.1304011007192494,1.4429612922765735,1.6405007832591163,3.9421431545321663,9710119.453389054,22.573976561610785,7.663480688432283,0.41411038096049624,-0.022742918738878317,21.92072791674684,0.5445754469840619,632283705.8285112,30.774126563710517,27070.028299775095,24709588.7452241,-7.642021755310317e-07,-3.562371107327528e-08,-16.462491521712195,30.78659707724744,148.96253502809336,148.96907791977057,101.89111483719255,66598.78906563329,76839533.89818309,1.0346492601106558,0.38305424938996613,1.4104563573671385,3.3349835693997054,0.3786287009889817,1.2349600707789368,3.2961183245394428,0.5286783047432188,5.414712957040747,-10.983333333333333,0.5455,0.30350000000000005,0.9772916666666667,0.6495000000000001,1.1380000000000001,1.4953333333333334
10.0273,0.9430000000000001,12.690000000000001,9.726666666666667,247.4125,0.09586196417232137,-21.3,14.688333333333333,52.32,-52.32,1.8781797132131313e-07,26.15999778869589,45.310450402698784,26.160002319740805,45.310447786698774,-45.310450402698784,0.0,12433341.652040314,17872926.677726395,0.4034894850608801,0.40905668069761164,1.0733566839389752,1.371641717367408,1.576730508377828,3.9209312530474314,9299994.907230837,19.564065107343055,6.01128849918211,0.35071577156661454,-0.015699072418004664,16.66311631429035,0.6194040454941232,596431198.5261581,25.03079417401175,20556.436602221667,17969909.90823665,-7.35525620994882e-07,-4.539977287296228e-08,-15.994303741371496,25.04571890519298,118.62851936680062,118.63470521201326,83.34271147295152,69749.18418837395,78871667.25259182,1.2218820481072725,0.3788727212265676,1.353382365274076,3.318892020656879,0.37364347940299614,1.172196249760029,3.282313816328336,0.5727398185601879,5.368614317980778,-11.683333333333332,0.5555,0.20850000000000002,0.7702083333333334,0.6285000000000001,1.1913333333333334,1.3113333333333332
10.003966666666667,0.8756666666666667,11.57,11.286666666666667,244.46249999999998,0.0964440266149707,-20.7,13.335,43.986666666666665,-43.986666666666665,1.5790302940596636e-07,21.993331474237447,38.093571834480954,21.993335283594526,38.09356963514762,-38.093571834480954,0.0,10901190.525985016,13392396.970454581,0.40504211199830265,0.4103809899379155,1.0879344634071666,1.3899158845915365,1.5932123503628692,3.926224352370732,8616035.74845215,14.894661385141692,14.998437534117958,0.2743413407268801,-0.015731735925796738,15.118798909635123,0.41507371550484584,847248585.5847833,39.90042684391677,16277.54170524614,13489417.230099268,-6.793529017050941e-07,-4.141354594370886e-08,-15.405513848812824,39.906216357194616,87.2061621455405,87.20763355466565,59.41065944960837,68917.53625888088,78355968.14871253,1.1828875106670076,0.3799310210024364,1.3680711416095346,3.3228912601903478,0.37492244390366275,1.1882132594350894,3.285714396973306,0.5693446068060625,5.380019062074332,-18.45,0.5585,0.2305,0.9197916666666667,0.8875,1.0593333333333335,1.1286666666666667
7.5073,0.9963333333333334,13.77,7.593333333333334,244.4875,0.09643898918584029,-21.566666666666666,14.455,43.35333333333333,-43.35333333333333,1.556294938204e-07,21.676664834338606,37.5450890632964,21.676668588847406,37.54508689562973,-37.5450890632964,0.0,10975029.45181531,12028188.587986764,0.40490815080284426,0.4102469997603916,1.087806858650918,1.389738820972568,1.5930521761213825,3.9261474938796077,8754571.83071649,15.510800067616849,8.162683791542555,0.3482256006558506,-0.010084829447167246,12.601203323285315,0.6842229526504364,715631001.0157174,27.053359340626294,14950.480078469276,12125210.319184126,-7.487581959901744e-07,-5.726713306579618e-08,-15.368092319184635,27.066738353138817,83.88607546745295,83.88844260498962,63.66141028003703,68924.58412269018,78360400.20996073,1.1832659978355415,0.37992201883809956,1.3679454912015843,3.3228567194988208,0.37491159535691293,1.1880759226930773,3.2856849652374738,0.5694077674257675,5.379921678088629,-12.983333333333334,0.6265,0.1305,0.8356250000000001,1.4848333333333334,1.134,1.182
11.112300000000001,0.743,12.316666666666666,11.526666666666667,244.56250000000003,0.09642388725654259,-22.993333333333332,10.768333333333334,42.25333333333333,-42.25333333333333,1.5168072148757423e-07,21.12666488083009,36.59246109229165,21.126668540076096,36.59245897962498,-36.59246109229165,0.0,11281030.312079385,16633779.501406632,0.40497833939803085,0.4103245799490051,1.0874343274548324,1.3892870294419384,1.5926463806545037,3.9260348518578674,8813585.353388174,15.18883427039114,11.98694786029046,0.2415094286747759,-0.012283539718865932,15.629724799249114,0.4008743967114066,750996857.5561879,35.99077831741869,19443.024163626535,16730800.917088771,-6.673901649154929e-07,-3.749974694546285e-08,-17.974714371176987,36.003374618162425,93.54734161701356,93.54855542645535,64.12430225266833,68945.72771411795,78373690.80707653,1.1844014808169412,0.3798950369991321,1.3675687624287882,3.3227532037372307,0.3748790686204572,1.1876640708099506,3.285596747416544,0.5695972504836339,5.3796298888841045,-8.45,0.5135000000000001,0.23750000000000002,0.7622916666666667,0.15250000000000002,0.8939999999999999,1.4326666666666668
12.675633333333334,0.8656666666666667,12.19,13.766666666666667,247.53750000000002,0.09583564411232084,-16.03333333333333,17.511666666666667,47.32,-47.32,1.6986900617210507e-07,23.659998000020824,40.98032326176809,23.660002098053038,40.98032089576808,-40.98032326176809,0.0,12778507.039945465,20598508.2071437,0.4035108006306171,0.40908931451111885,1.0727497428217303,1.3708916504431619,1.576054078483766,3.920735110210776,9457318.153920077,15.95066643775913,9.82505732909657,0.44878619741149534,-0.010985071700343327,17.6030171769595,0.5438268559460926,721133779.181194,33.26943487732169,23308.425527876534,20695526.990208104,-7.111391700585354e-07,-3.469755645544149e-08,-11.32384337844663,33.28755545460096,107.47131398764081,107.47225260867519,72.86037871199547,69784.42350742026,78894893.68928032,1.2231430244538206,0.378829418834661,1.3527678687416116,3.318727338412206,0.37359062146166855,1.1715265713036027,3.282174008507013,0.5726129503648243,5.368155534851423,-13.016666666666666,0.30350000000000005,0.47350000000000003,0.8814583333333333,0.23183333333333334,1.4020000000000001,0.7606666666666666
8.708966666666667,0.8823333333333334,10.583333333333334,7.273333333333333,237.41250000000002,0.09793285464785391,-16.74,13.521666666666667,56.82,-56.82,2.039720399556004e-07,28.409997598503452,49.20756482953641,28.4100025192598,49.2075619885364,-49.20756482953641,0.0,10481613.52609412,11514748.548480455,0.40824880309015615,0.4130568043017471,1.1241588180719169,1.4351889236261186,1.6336167664393137,3.9397714392995713,8371569.931599138,21.447473993200262,8.567169645300552,0.37492799852446973,-0.026092905934491928,17.368051122842022,0.47749686965242305,660742856.4115722,28.567595039427317,14321.913986969963,11611725.50734685,-7.188462319421134e-07,-4.891106036317369e-08,-12.228983286991774,28.57940677639012,103.3618787594956,103.36778100389002,70.38036323517021,66930.03866466865,77063038.29429276,1.0600374977495908,0.38260893059444945,1.4042673645381483,3.333178610675518,0.37810236439128625,1.228091285723427,3.2945568751545706,0.5379707686090074,5.40974595243058,-13.816666666666666,0.5175,0.6545,0.7802083333333334,0.5491666666666667,1.2833333333333332,0.822
7.973966666666667,0.893,14.41,11.940000000000001,236.11249999999998,0.09821659295772872,-17.273333333333333,10.838333333333333,58.75333333333333,-58.75333333333333,2.1091230647996082e-07,29.37666418345781,50.88188065736294,29.37666927164573,50.88187771969626,-50.88188065736294,0.0,11406033.060194256,14504418.822402839,0.40874780318224857,0.4134596026454897,1.1310674067672457,1.4437877595033932,1.6412309600078874,3.942393533270312,8965177.123500641,23.865271258531692,10.92001044977464,1.2541128196854057,-0.014589690385512381,12.867813011804087,1.9916136724594096,1306288771.2391007,17.624942888068066,17213.61168942079,14601386.936109217,-9.535296471092464e-07,-5.9483288137592234e-08,-12.86818848054162,17.633455978893195,123.38876275207967,123.3952924445546,94.38139971360985,66563.54974658696,76815555.66497819,1.0319684973948415,0.3831015912314249,1.4111166469952068,3.3351769897324295,0.378684629184726,1.2356944863541837,3.2962859782811447,0.5276978608184117,5.415241311822301,-15.683333333333334,0.5345000000000001,0.1955,0.8052083333333333,0.48383333333333334,1.3393333333333333,0.9246666666666666
10.0623,1.0670000000000002,13.343333333333334,9.073333333333334,247.33749999999998,0.09587673502640134,-19.446666666666665,7.735,54.18666666666667,-54.18666666666667,1.945189183103508e-07,27.093331043134583,46.927031201979574,27.093335735837574,46.92702849264624,-46.927031201979574,0.0,11480090.967512088,18088066.29421884,0.4035081945469662,0.4090690956863512,1.0737216106310734,1.372097189603432,1.5771413232861202,3.9210559242026366,8945600.342808085,20.627354448188427,5.551094887816371,0.5606421216364533,-0.01583789728126665,16.339368037712003,0.8898441284380773,664448172.7432512,21.765422203147008,20750.798497009804,18185043.608539037,-7.595613448287004e-07,-4.09740724901341e-08,-15.690654642376844,21.778476541126164,122.30903568024702,122.31530468086153,86.1236880631065,69728.04059694616,78858577.75891219,1.2211259590277725,0.378898706925219,1.3537513000650183,3.3189909562936384,0.3736751935281777,1.1725983784160205,3.282397819957566,0.5728164051502089,5.368889676983456,-10.75,0.37350000000000005,0.2835,0.8660416666666667,0.39049999999999996,1.1793333333333333,1.278
7.845633333333334,1.0003333333333333,11.003333333333334,8.206666666666667,247.43750000000003,0.09585711681960885,-16.18,17.815,44.72,-44.72,1.6053554429451687e-07,22.35999810990979,38.728657148484125,22.360001982775398,38.72865491248412,-38.728657148484125,0.0,9892194.1377582,7502747.151777457,0.4037111833629848,0.409284923063374,1.0732401349114067,1.3715331815159109,1.5766347069576814,3.92096732754629,8169841.705415558,11.87731788093354,21.594092870904994,0.3402919468031721,-0.02658922246771304,13.417609998601648,0.4722503266506533,1108242580.4395247,47.08381572261397,10564.402666051887,7599778.38405056,-7.359738850261068e-07,-6.056830541032512e-08,-9.925128739816147,46.728040037766824,68.1128349881077,68.11555829717611,49.045630013310344,69756.23205218322,78875968.6086512,1.2221340977459583,0.37886405694702674,1.3532594580970294,3.3188590675947305,0.37363290418771894,1.172062257177339,3.2822858314999803,0.5727144292783738,5.3685224861609715,-18.15,0.37050000000000005,0.4455,0.9739583333333334,0.6261666666666666,1.178,1.3566666666666667
7.6472999999999995,1.0470000000000002,12.39,10.620000000000001,245.8875,0.09616001289208868,-21.873333333333335,20.895000000000003,50.78666666666667,-50.78666666666667,1.8231362200888933e-07,25.39333118683554,43.98254474614671,25.39333558508989,43.98254220681336,-43.98254474614671,0.0,12208038.977926176,12427838.95538207,0.404174711859616,0.4096211446779092,1.080840193317568,1.3810174665351709,1.5851893715857885,3.923610968126356,9177943.193024086,18.641667527261042,7.162401457490061,0.32171788264240525,-0.014797174083467542,13.585908630593417,0.6059183662909692,653121349.5574495,26.813620064008624,15261.976077472535,12524829.85075398,-8.286127888678854e-07,-6.529276039888395e-08,-14.213753957472415,26.829238681856875,100.06758264296695,100.07391391532657,74.89072978953699,69319.26449600891,78606835.73310025,1.2045815551689607,0.37941812031988287,1.3609345248721798,3.320938371485855,0.3743038049789426,1.180428122451467,3.284053174636784,0.5730279375650855,5.374476726251611,-8.083333333333332,0.23249999999999998,0.5695,0.881875,1.2375,1.206,1.3806666666666667
12.407300000000001,0.8103333333333333,13.65,11.753333333333334,242.4875,0.09684636740036087,-21.740000000000002,16.111666666666668,48.28666666666667,-48.28666666666667,1.733391394342853e-07,24.143331292498004,41.81748117568136,24.14333547424601,41.81747876134802,-41.81748117568136,0.0,13806067.844182393,24382429.9659407,0.40579203475028364,0.41097611949964136,1.0978759221435157,1.4023301741078438,1.604348772959653,3.9298175228697927,9929574.399236357,17.893388402051432,6.101884767318299,0.3228484854807858,-0.0110224609623679,17.580600935289116,0.6295683131132987,602376394.228113,25.557295603011458,26941.590401383623,24479429.12031235,-6.666333210376815e-07,-3.801512988525307e-08,-16.371149871919965,25.570241395427235,124.19377204850633,124.1945391909983,83.52078650396136,68360.75501794908,78002916.1840519,1.1532355788730724,0.3806539578797971,1.3780537701289226,3.325662000170994,0.37578983008310973,1.199154217935527,3.2880822084638868,0.5643709151834235,5.387901731031881,-13.583333333333332,0.5275,0.10850000000000001,0.8797916666666666,0.5048333333333334,1.238,1.4166666666666667
11.7423,0.9390000000000001,11.51,12.34,249.5125,0.09546140647486044,-22.9,16.415,55.42,-55.42,1.9894632971382213e-07,27.709997657674432,47.99512923007581,27.710002457187223,47.995126459075806,-47.99512923007581,0.0,13676139.880004242,23371226.034414932,0.4024645309284723,0.40819863987258176,1.063183109694321,1.3588915793603262,1.5651730804577262,3.9173151839712865,9758104.423389075,20.886371266836523,6.552846247638789,0.33831536193181544,-0.019147947142440846,19.672602309462977,0.4341748737968871,541708469.5293249,29.995378808500547,25887.11764325023,23468195.265841216,-8.414393803099898e-07,-4.072225140880189e-08,-17.432657075962616,30.012037890786356,141.83876252134934,141.84536737019803,101.26594004230182,70341.20474835207,79230971.12980881,1.24321747050959,0.3781208190887519,1.3430827412510027,3.3161315804457367,0.3727313907210174,1.1610214906772118,3.2799764806057614,0.5706480339020816,5.360552011880026,-10.516666666666666,0.3335,0.4105000000000001,0.838125,1.4731666666666667,0.8873333333333333,1.3686666666666667
12.010633333333335,0.9690000000000001,12.263333333333334,9.9,243.1625,0.09670704568435907,-19.206666666666667,11.421666666666667,60.68666666666667,-60.68666666666667,2.178525730043213e-07,30.34333076841217,52.55619648518948,30.34333602403167,52.556193450856135,-52.55619648518948,0.0,13070196.48163766,24373602.711141042,0.405393864447428,0.4106284389683462,1.094462651282024,1.3980433970439434,1.6005125527830488,3.9285415692099837,9518337.093137585,24.577264914081432,5.0693656916904795,0.43907845629888775,-0.02231634060098337,20.49543845370098,0.6860148448821222,587607532.951923,23.234536692811073,26827.179049981234,24470560.925121326,-7.729479358032555e-07,-3.658135811150413e-08,-15.23843660111067,23.245819731887998,157.18598035457433,157.1926505801623,106.39060660417377,68551.04734079918,78124382.23391308,1.1633178637831263,0.38041107682916486,1.3746357111250258,3.3247122449428197,0.37549756897675174,1.1953977241328173,3.287269077979213,0.5660769094716372,5.385268018839889,-10.549999999999999,0.4115,0.6585,0.8110416666666667,0.6588333333333333,1.214,0.958
9.0123,1.0483333333333333,10.67,11.58,247.28750000000002,0.09588642541327266,-21.14,10.278333333333334,45.38666666666667,-45.38666666666667,1.6292873964774465e-07,22.693331415066467,39.30600743394156,22.6933353456671,39.306005164608216,-39.30600743394156,0.0,10115339.12504909,11544854.754903836,0.40375222655857834,0.40931316199770074,1.0739701977223814,1.3724426842259032,1.5774545204880759,3.9212082725402855,8259201.676514855,14.746604642603996,19.334963426603192,0.27849809836828743,-0.02371389715933379,14.88463770047981,0.40535067449831086,968001432.868208,46.1481370633934,14454.037623509914,11641865.402717156,-6.825266890577985e-07,-4.266041731457547e-08,-16.164385875247156,46.132467178067714,86.00344428003268,86.00520230111731,58.013292210533145,69713.94486932765,78849984.27045536,1.2206228704733477,0.378916017355764,1.3539972429412497,3.3190569306839697,0.37369632377514567,1.1728665899538593,3.2824538614511485,0.5728756030926012,5.369073053590209,-7.783333333333333,0.5915,0.5115000000000001,0.874375,1.0695000000000001,0.9233333333333333,1.3433333333333333
10.3423,0.7943333333333333,11.11,7.286666666666667,240.5125,0.09726179698109379,-20.98,13.428333333333335,57.95333333333333,-57.95333333333333,2.0804047205608755e-07,28.9766642172698,50.18906031481403,28.97666923617569,50.18905741714735,-50.18906031481403,0.0,11904098.087733144,17551699.08848024,0.40665807658969094,0.411691324753224,1.1079520117893746,1.4149499137414174,1.615599323254383,3.9335535999569418,8974111.188466204,22.81527161946532,6.773678568710256,0.341120752345154,-0.026584318747030856,19.902883419561455,0.4997180005758681,588285351.1553788,27.347141621570888,20182.247480381004,17648662.840510838,-7.516483602516667e-07,-4.2171140769082854e-08,-16.253741644044464,27.360381619042276,130.25098108095472,130.25721990583315,89.69529576134616,67803.9737770173,77642480.76589082,1.1240518428873885,0.38137696835124935,1.3881293863537911,3.3284952464588597,0.3766555539886308,1.2102665469897567,3.2905168055350043,0.5594162142699045,5.395808793037057,-18.383333333333333,0.4295,0.35650000000000004,0.7635416666666667,0.21083333333333332,1.3833333333333333,1.3953333333333333
13.328966666666668,0.7276666666666667,12.67,12.006666666666668,242.8125,0.09677917751235215,-22.446666666666665,12.728333333333333,54.02,-54.02,1.939206194720439e-07,27.009997716845415,46.78269363061522,27.010002395114647,46.782690929615214,-46.78269363061522,0.0,14457272.518039176,31321466.89688755,0.405557262698287,0.4107649197230069,1.0962296157561113,1.4002558865055486,1.6024931195167342,3.9291890900338724,10174011.451437488,20.75265597161086,5.797231665318808,0.3719020199765059,-0.01598214260948524,21.405498169757774,0.5278487521856511,581272367.5543377,27.08569401201692,33644.672392994806,31418440.292183734,-7.584958869867367e-07,-3.274630125019053e-08,-17.932011066580685,27.09799425947822,156.17770490365783,156.18466197744493,107.99741558028997,68452.37724746953,78061442.04171611,1.1580831927688693,0.38053701354940606,1.376406706125528,3.325203810097166,0.37564913552734813,1.1973430425371294,3.2876897338352404,0.5651923193025973,5.38663326593309,-11.616666666666667,0.2595,0.4535,0.8143750000000001,1.0578333333333334,1.4766666666666668,0.834
7.565633333333333,1.0490000000000002,10.596666666666668,7.86,241.1125,0.09713396386500817,-19.593333333333334,18.795,55.02,-55.02,1.9751041250188548e-07,27.50999767458043,47.64871905880136,27.5100024394522,47.64871630780135,-47.64871905880136,0.0,10805568.285915108,9440686.970357087,0.4064056985794869,0.4114850773091849,1.10487927058111,1.4111017584233394,1.612179212641601,3.9324227350258005,8495128.6059505,20.183874526374993,9.375125600684079,0.31289656992648074,-0.024760661796829696,15.202519205133962,0.44484744209277133,661574712.4537699,30.907161558340388,12310.344302276608,9537666.222542116,-8.498482961754348e-07,-6.63306353466641e-08,-12.92742955190658,30.92177771285032,95.31240488522478,95.31889186130576,70.7248847281067,67973.12250843961,77752662.55119756,1.13286973373494,0.38116106971683383,1.3850623907260717,3.3276315263426803,0.37639630365704585,1.2068741352410126,3.289773092654504,0.5609292432596816,5.393460352551646,-6.9833333333333325,0.3295,0.4115,0.900625,0.3461666666666667,1.486,0.7273333333333333
8.603966666666667,0.7796666666666666,11.45,9.620000000000001,238.2625,0.09774506698844297,-22.62,11.235,59.88666666666667,-59.88666666666667,2.14980738580448e-07,29.94333080222416,51.86337614264057,29.94333598856163,51.863373148307225,-51.86337614264057,0.0,11369206.374505607,14567329.171064854,0.40773941287228826,0.41260785141485595,1.119670629669795,1.4295781588020822,1.6286281259506759,3.9380269269527095,8764801.254993342,24.833230655928322,5.714808287644014,0.3540082911323677,-0.02568317567569727,16.428159010696508,0.552709392307879,585992087.9258919,24.161002365092244,17239.663578986823,14664282.477852121,-9.040409078266343e-07,-5.286103396540366e-08,-17.574456049619332,24.172558084358986,129.07874305056262,129.0853834884394,96.13310294714925,67169.66603418358,77223782.06087074,1.0786097878021785,0.3822863707219185,1.3998107180625916,3.331887662802086,0.37772085237420644,1.223161605313522,3.2934433905343834,0.5447697250108908,5.406152276021063,-17.55,0.5875,0.3105,0.8677083333333333,0.7918333333333333,1.17,1.2513333333333332
12.990633333333335,0.889,13.843333333333334,11.633333333333333,244.5125,0.09643395346019086,-17.633333333333333,17.278333333333336,43.72,-43.72,1.5694575126467527e-07,21.85999815217478,37.86263172029799,21.860001938437843,37.86262953429798,-37.86263172029799,0.0,13142831.03562378,21756083.977409005,0.40501569134821513,0.4103581462153767,1.0876845587403412,1.389601055585386,1.5929287913270491,3.9261254608078047,9683540.7050792,15.076791622395689,8.066485346833602,0.34447357346006136,-0.008380515522643834,16.801503233002958,0.5520008096424541,665982120.9762766,28.27925759346019,24468.23227942202,21853116.095304616,-5.768241679812567e-07,-3.4352810501619055e-08,-12.647819445064407,28.292713949448718,101.8796967752913,101.88052114308434,64.75224072046379,68931.6319864994,78364831.34557465,1.183644424392507,0.3799130278651229,1.3678198785766968,3.3228222020852183,0.3749007562540756,1.1879385998246013,3.28565554952424,0.5694709283492266,5.379824464971711,-6.583333333333332,0.5545,0.21150000000000002,0.943125,0.5375,1.3873333333333333,1.1313333333333333
7.9389666666666665,0.9216666666666667,11.236666666666666,8.726666666666667,239.81250000000003,0.09740919042109254,-17.046666666666667,7.338333333333333,60.32,-60.32,2.1653631556004601e-07,30.159997450575997,52.23865382818789,30.160002674441234,52.238650812187885,-52.23865382818789,0.0,9788976.816421257,10776255.270087186,0.4070370965462612,0.41202009163119807,1.1115568444341173,1.4194775883090809,1.6196156285396892,3.9349709766202725,8116194.601297379,24.254678356689414,6.346263876425775,0.4782665111843208,-0.02591788274470795,15.284131148184928,0.6620324836660664,643582365.0145428,22.98420752515694,13566.424910508926,10873217.392208746,-8.305110130124297e-07,-5.2081192923372874e-08,-13.405852138837803,22.996128676520033,110.70814392488462,110.71462162509441,79.63408307323091,67606.63359035795,77513372.10244699,1.1129191137994543,0.3816976495816574,1.3917288005959658,3.329565351374094,0.37702386961037204,1.214256317741949,3.29144710846402,0.5570786317085631,5.399602123872258,-15.983333333333333,0.1615,0.38249999999999995,0.999375,1.1185,0.9686666666666666,1.2313333333333332
9.688966666666667,1.0463333333333333,13.223333333333333,8.9,241.08749999999998,0.0971392755825944,-19.86,12.775,47.553333333333335,-47.553333333333335,1.7070662454573479e-07,23.776664656825663,41.18239586167819,23.776668775065133,41.18239348401151,-41.18239586167819,0.0,11571726.311893413,15688329.0087301,0.40649164982704833,0.41157013852420793,1.105008642698268,1.411272839527509,1.6123318253677004,3.932481974452267,8973035.106273985,17.32900451804888,7.166079233790483,0.35217082420823304,-0.01215559747847222,15.268622510472387,0.6306904866410583,658849681.3528993,25.708902437823646,18473.658421512784,15785334.370503182,-6.866874123292787e-07,-4.40233667834258e-08,-14.96481051418091,25.721226791230716,99.98194103130065,99.98336485409976,70.15302527520394,67966.07464463035,77748077.31955555,1.1325015060853667,0.38117006363991673,1.3851900030284077,3.327667393905597,0.37640710788355175,1.2070151804780125,3.289803955172858,0.5608660530865954,5.39355813636331,-13.283333333333333,0.3155,0.6475,0.8347916666666667,0.6938333333333333,0.7046666666666667,1.2286666666666668
13.608966666666667,0.843,12.036666666666667,10.713333333333335,236.5875,0.09811498762947367,-16.606666666666666,7.2683333333333335,52.38666666666667,-52.38666666666667,1.880572908566359e-07,26.19333111921156,45.36818543124453,26.193335656029976,45.36818281191119,-45.36818543124453,0.0,12413362.073657397,27576929.574267983,0.40862937213333744,0.4133769529665734,1.1285374038381726,1.4406455016060216,1.6384528949536217,3.941439675219203,9297270.368280776,19.578761255435037,7.993099375882449,0.5216828522860327,-0.01577923744247252,22.071461644930885,0.6887877249031653,729533762.6442206,29.02014030497741,30026.3088002016,27673920.044855442,-6.688789691979648e-07,-2.6019833047014908e-08,-13.70853066982457,29.032261949086827,137.3040026157843,137.310298450542,89.63313985986797,66697.45915896296,76905949.41792716,1.042175709813386,0.3829216823516699,1.408609436367768,3.3344434424682023,0.37847205696495295,1.2329074425305722,3.295650489018318,0.5314253101665306,5.413233909670215,-19.983333333333334,0.38249999999999995,0.5925,0.9802083333333333,1.2771666666666666,1.4473333333333334,1.4046666666666667
11.147300000000001,0.7916666666666666,14.45,9.046666666666667,236.63750000000002,0.09810432477302118,-22.78,8.995000000000001,50.35333333333334,-50.35333333333334,1.8075804502929131e-07,25.176664538483703,43.60726706059938,25.176668899210288,43.607264542932704,-43.60726706059938,0.0,12570167.369598815,22747262.234951075,0.40855507412097825,0.41330564717307666,1.1282703992578524,1.4403054316098687,1.6381512980771937,3.9413253917850413,9446821.193344112,19.77254212008892,6.007677520520283,0.58226531883256,-0.012320797318155404,16.625039910072786,1.0327917563506264,676635984.8462752,21.613218302109047,25298.935402877858,22844246.731525183,-7.294976672987907e-07,-4.0099542723602077e-08,-18.378339991862134,21.6228277064766,128.74880554629334,128.75525395415679,91.86818943907565,66711.55488658149,76915504.91597295,1.043253291515655,0.38290273520619134,1.4083458222287328,3.3343664505181354,0.3784496663520241,1.232614662610618,3.295583841202365,0.5318181641038952,5.4130225469593976,-10.85,0.5025000000000001,0.2935,0.7610416666666666,0.8268333333333333,1.3980000000000001,1.3833333333333333
9.362300000000001,0.7976666666666666,14.363333333333333,11.006666666666668,240.8125,0.09719770222059204,-16.66,10.605,55.68666666666667,-55.68666666666667,1.9990360785511324e-07,27.843330979737104,48.22606934425878,27.843335802343905,48.22606655992544,-48.22606934425878,0.0,11462343.17003691,15850398.275252778,0.4064924658542264,0.41154807463489346,1.1064132284516712,1.4130161205231961,1.6138808635622364,3.932972601671718,8985581.635137789,21.68326714597531,6.444392482814592,0.8758243986457008,-0.01329762183127575,13.917490477342133,1.3587422292350386,864012420.2865995,18.84944715163076,18564.51677918749,15947377.996963117,-8.612604977303667e-07,-5.036649049056845e-08,-12.61709828611186,18.85959852022468,118.75673371076896,118.7629983716,87.52756575621349,67888.54814272845,77697676.3778055,1.128455324469111,0.3812690195982752,1.386594825109782,3.3280626521097316,0.3765259502844569,1.2085683572581785,3.2901441574747317,0.5601744787683922,5.394634274727698,-14.649999999999999,0.4605,0.6084999999999999,0.890625,0.5025,1.4540000000000002,1.3873333333333333
10.295633333333335,1.0216666666666667,12.203333333333333,6.473333333333334,245.18750000000003,0.09629874229469902,-21.513333333333332,10.091666666666667,43.653333333333336,-43.653333333333336,1.567064317293525e-07,21.82666482165911,37.80489669175225,21.826668602148676,37.80489450908558,-37.80489669175225,0.0,10702109.938878352,14789511.969079606,0.40472573062276485,0.41012120785022155,1.0843195055673323,1.3853973071622767,1.5891436900636373,3.924916734101764,8563632.065552294,15.240521607548994,11.820701758106082,0.26039770789681527,-0.01504988106446984,16.67041554179279,0.47969747602634955,735402974.4972379,35.02459748160004,17635.57905875208,14886529.912446037,-6.147587616651534e-07,-3.742491860369212e-08,-16.97562605552067,35.03600880721771,90.1522634011887,90.153681238696,61.4773639530015,69121.92430934953,78484038.21505985,1.1938873937471524,0.37967020621582526,1.3644344757178604,3.321893950793029,0.37460793751819377,1.1842415497250767,3.2848652144038635,0.571176771614688,5.377199707444939,-13.35,0.15450000000000003,0.4125,0.8685416666666667,1.2165000000000001,1.0006666666666666,1.222
9.9923,0.7763333333333333,12.156666666666666,6.846666666666667,245.1125,0.09631371138202584,-22.246666666666666,15.761666666666667,61.45333333333333,-61.45333333333333,2.2060474766053317e-07,30.726664069342345,53.22014931346552,30.726669391357127,53.22014624079884,-53.22014931346552,0.0,12828633.019728407,19023536.14596184,0.4044642288669398,0.4098488995758927,1.0846862394813719,1.3858128324651438,1.589516144214264,3.9249721786561507,9400227.898280082,25.139991737647687,4.790849670807095,0.41231216631817935,-0.02646276606467539,18.92858758810569,0.6653581921254371,551307890.9907618,22.718848207051927,21592.889368066913,19120487.621210024,-8.348045189532146e-07,-5.008572066431022e-08,-16.87603385604655,22.730970676465834,146.43029387923477,146.43699247232138,106.55897928065878,69100.78071792173,78470819.50301562,1.1927462742485242,0.37969719223078036,1.3648101045049408,3.321996749407006,0.37464048808089156,1.184651349496716,3.2849526655424044,0.5709872421935741,5.377491268619002,-4.416666666666664,0.1335,0.6445,0.7922916666666666,0.24583333333333335,1.122,1.0926666666666667
10.610633333333332,1.0656666666666668,13.976666666666667,9.953333333333333,238.4375,0.09770674935144198,-22.046666666666667,15.178333333333335,53.85333333333334,-53.85333333333334,1.9332232063373696e-07,26.926664390556247,46.63835605925087,26.926669054391724,46.63835336658419,-46.63835605925087,0.0,13517559.67692048,21737934.096776336,0.4076703000204797,0.41255171321250367,1.1187505842119507,1.4284329461979242,1.6276085182785736,3.9376778287893077,9796632.963920582,21.247122733762314,6.179634643824139,0.5885405337014935,-0.014266830241219563,16.62407877680513,0.9903015856233673,661136356.5142794,21.5171712404902,24295.009073729238,21834910.167690787,-7.757128639103972e-07,-4.736650674646698e-08,-16.601214535499793,21.52725117880034,134.36463030325416,134.3711061040145,96.6815393273498,67219.00108084844,77256684.35505074,1.0824548420542175,0.38221994866775666,1.398895363871241,3.331623437481347,0.377642256173563,1.2221507660402058,3.293215821893411,0.5461556440848412,5.405412727573082,-11.316666666666666,0.5685,0.3375,0.9689583333333334,1.4568333333333334,1.3233333333333335,0.8446666666666667
11.053966666666668,1.0650000000000002,13.416666666666668,11.42,236.93750000000003,0.09803880156034904,-21.926666666666666,13.171666666666667,56.32,-56.32,2.0217714344067957e-07,28.159997619635945,48.774552115443335,28.16000249709102,48.77454929944333,-48.774552115443335,0.0,13145141.538922785,21652275.1158967,0.40836387197619567,0.41313554342982645,1.1266747384731144,1.438308578313163,1.6363818372553078,3.9407000922390596,9588667.388830205,22.759835620355968,5.065003956153319,0.49808138651649575,-0.016141265379311143,16.818263252297555,0.8069592360910721,619840476.9014959,21.866246595870702,24185.167196286762,21749241.993574254,-8.558795179392557e-07,-4.692908007045865e-08,-16.877670015503448,21.8758281424288,140.6642022473562,140.67078139418462,102.0708105419975,66796.12925229267,76972711.30670841,1.0497358358030244,0.3827890017889962,1.4067652759233868,3.3339053649694446,0.3783152571669691,1.2308604400186625,3.2951849467402203,0.5342282675375594,5.411753370878873,-12.283333333333333,0.6675,0.6595,0.859375,1.0415,0.9846666666666666,1.362
7.448966666666666,0.9743333333333334,14.456666666666667,11.38,244.8125,0.09637360757263885,-22.713333333333335,19.028333333333336,43.95333333333333,-43.95333333333333,1.5778336963830496e-07,21.976664808979613,38.06470432020809,21.97666861544994,38.06470212254141,-38.06470432020809,0.0,12574838.345625797,14704248.494775986,0.40469853486399276,0.4100616062489721,1.086183153031892,1.3876991785907837,1.5912162776461602,3.925542774585963,9464397.648287226,15.87724982187897,6.941451268684387,0.3838381501544472,-0.008436131145583656,12.241296747753625,0.757013951894669,693440646.2441356,25.214548922256256,17552.50002886022,14801266.684457975,-7.819986299244513e-07,-6.16668151800454e-08,-15.139376019412742,25.22851335319293,93.25563506142281,93.25747727146488,70.97018612303543,69016.20635221057,78417971.77322662,1.1881881337256741,0.37980514491262235,1.3663140080845637,3.3224088273200474,0.3747706754789218,1.186293068274676,3.28530340643318,0.5702297823079251,5.3786579855333425,-6.183333333333332,0.4275,0.25150000000000006,0.8860416666666666,0.7194999999999999,1.01,1.27
11.205633333333335,0.891,12.083333333333334,12.7,246.6625,0.09600860105991696,-17.793333333333333,14.805000000000001,58.18666666666667,-58.18666666666667,2.0887809042971727e-07,29.093330874074635,50.39113291472413,29.093335913187786,50.39113000539079,-50.39113291472413,0.0,12571179.542977316,19309567.48611218,0.4037814154496422,0.40928783062864005,1.0770174155300811,1.3762280068914825,1.5808628807528062,3.922220698955724,9307442.825297762,22.502474641083474,5.5319495925591475,0.4108193335059562,-0.018082698285986562,17.396800712243152,0.6295366314208221,590457210.3056102,24.208723650299618,21924.116681924763,19406538.100174844,-8.293177973299846e-07,-4.29375588928418e-08,-13.188914922016512,24.222701848380737,134.45513575660394,134.46139891025257,93.18322412974035,69537.74827409604,78741852.54392733,1.214342685674601,0.3791324443236034,1.3570768176283432,3.319884824402982,0.37396038726284414,1.1762281505633951,3.2831576845309085,0.5735538116519378,5.371367334796108,-4.616666666666664,0.6185,0.17550000000000002,0.8864583333333333,0.3415,1.1126666666666667,0.906
9.035633333333333,0.8843333333333334,11.523333333333333,9.153333333333332,237.33750000000003,0.09794953240758382,-19.326666666666668,9.928333333333333,46.38666666666667,-46.38666666666667,1.6651853267758624e-07,23.19333137280148,40.17203286212769,23.193335390004655,40.17203054279435,-40.17203286212769,0.0,9973985.338853627,11354567.735762626,0.40841164303070576,0.41321604368019366,1.1245585493851895,1.4357052268925865,1.6340764178940212,3.939955927606152,8215749.093219567,16.421576867490526,12.363372331536233,0.28178875702977557,-0.016221343800389487,14.858338583037998,0.4619538226065455,768237408.2246411,34.29489092750274,14253.017105148025,11451578.244323662,-6.964832788888973e-07,-4.3838501602397255e-08,-14.830650359217557,34.301852253634884,85.74090186501776,85.74272215221333,59.692446208445595,66908.89507324087,77048802.1689803,1.058407312027092,0.38263736487801925,1.4046614047787784,3.3332930974062847,0.3781359880238108,1.228527855838356,3.2946557634977807,0.5373794013088631,5.410062854078285,-9.783333333333333,0.11750000000000001,0.4575,0.9564583333333334,0.8478333333333333,0.7433333333333333,1.1713333333333333
12.850633333333334,1.0383333333333336,10.656666666666666,13.473333333333333,248.21249999999998,0.0957069857116247,-23.446666666666665,7.501666666666667,60.82000000000001,-60.82000000000001,2.1833121207496686e-07,30.409997429443507,52.67166654228097,30.410002696610015,52.67166350128096,-52.67166654228097,0.0,13267269.474088091,28324582.393515125,0.4030253693982591,0.40865445511090204,1.0694612561412442,1.3667467713736707,1.5723003015738801,3.919516933925926,9549447.811081573,24.61702033939002,6.3598619713143005,0.4156848315262182,-0.025425166080632958,22.414006151502036,0.5263185554429408,593131554.5321321,30.886626497286375,30660.52014334384,28421529.651516695,-8.955330326106385e-07,-3.410818997001663e-08,-19.531449815377663,30.90157294482943,174.67318238003867,174.68045435347713,124.51874219401756,69974.71583027038,79010363.93317242,1.2299883121794224,0.378583364202384,1.3494438147453898,3.317830077893661,0.3732934883800875,1.1679160560359876,3.2814130944311164,0.5719366419969,5.365495815035978,-10.816666666666666,0.4455,0.6705,0.7727083333333333,0.6984999999999999,1.3046666666666666,1.0633333333333335
11.368966666666667,0.7723333333333333,11.863333333333333,7.74,246.7875,0.09598391923042741,-18.406666666666666,17.325000000000003,46.82,-46.82,1.6807410965718427e-07,23.409998021153317,40.54731054767502,23.41000207588426,40.54730820667501,-40.54731054767502,0.0,11833322.376205023,16626726.41222714,0.40394738965834165,0.40946760604782695,1.0764110291848121,1.3754989271986593,1.5802082313420784,3.9220621898108363,9011420.247554222,15.673723869346999,11.148253530338387,0.3412549378109229,-0.015338974781478653,18.221361034397887,0.44666202611203304,748699273.6041465,34.4304181911983,19422.235038530478,16723741.26038898,-6.112038111081846e-07,-3.783346682809784e-08,-13.300315870320436,34.4447360371522,97.46354349842018,97.46471928865681,63.307950445566924,69572.98759314237,78763650.21564384,1.2155906589170788,0.379089233395147,1.3564603616123687,3.3197188803568585,0.37390765674640314,1.175554543116203,3.28301648707577,0.5733862881549069,5.370909661535608,-10.483333333333334,0.6985,0.49950000000000006,0.9322916666666667,0.36949999999999994,1.254,1.134
6.8073,0.7656666666666666,10.676666666666666,7.0600000000000005,249.28750000000002,0.09550381787667224,-21.606666666666666,8.715,59.25333333333334,-59.25333333333334,2.1270720299488164e-07,29.62666416232532,51.314893371456016,29.626669293814512,51.31489040878934,-51.314893371456016,0.0,9685477.576528724,9326038.983085813,0.4025824735684682,0.4082988076236331,1.0642650906430813,1.3602504002644753,1.5664071551697472,3.917705116869602,8062499.363443341,23.20630247935638,6.677799384770781,0.34133507765969495,-0.030942108601340605,15.014028771713347,0.5212219439103669,592141510.5649576,25.940164357433453,12150.334430240104,9422995.232292315,-8.845536575629995e-07,-6.212044148023223e-08,-16.761083099475226,25.957009776246217,105.99546888785689,106.00274776033895,79.78305054755779,70277.77397406871,79192943.08848168,1.240925188605086,0.3781987782314175,1.3441788372429886,3.3164217838110077,0.37282674816063377,1.1622087679860893,3.28022158037189,0.570869902052309,5.361375335022185,-1.6833333333333336,0.6305000000000001,0.34750000000000003,0.9497916666666667,0.7264999999999999,1.3366666666666667,1.298
9.875633333333333,0.9643333333333334,11.35,12.3,247.68750000000003,0.09580778936501601,-23.086666666666666,20.755000000000003,51.28666666666667,-51.28666666666667,1.8410851852381015e-07,25.643331165703046,44.415557460239775,25.643335607258667,44.41555489590643,-44.415557460239775,0.0,12839285.72196876,16084209.252010584,0.4033608692157868,0.4089496432706972,1.0720116760616962,1.3699595842008108,1.575204671392166,3.920449397821513,9385648.81407876,18.62046235409022,8.838030877660703,0.2727005047932092,-0.0168641545238664,16.226072135599495,0.4313932138445725,640917521.2755584,32.53197317432891,18818.84391765114,16181195.187945276,-7.799042784050528e-07,-5.077541152681376e-08,-16.022587798623285,32.55017925147134,112.32299656551109,112.32905267511138,78.85696558377879,69826.71069027585,78920648.65398727,1.2246802528316232,0.37876523633295983,1.3520189640409788,3.3185181175293756,0.3735156064968736,1.170718234668841,3.281996459091346,0.5724661766679182,5.367421198989429,-7.549999999999999,0.5375000000000001,0.5065,0.8452083333333333,0.6565,1.4566666666666668,1.0246666666666666
9.7823,0.7576666666666666,11.563333333333333,9.193333333333333,235.33750000000003,0.0983873180353301,-19.433333333333334,9.975000000000001,60.45333333333333,-60.45333333333333,2.1701495463069158e-07,30.22666411160733,52.35412388527938,30.226669347019577,52.3541208626127,-52.35412388527938,0.0,11563716.69999303,17122096.26979889,0.40915513226033046,0.4138115292080427,1.1352170205588048,1.44897227375823,1.645807447469351,3.9440118585710433,8861625.60641284,25.0310399002092,5.745893667641388,0.40369879572942247,-0.025070135896565204,18.2855939335074,0.617609191730728,586841663.4446287,23.62623206117831,19739.363966225523,17219054.069238592,-7.872930089727518e-07,-4.246232948778727e-08,-15.403956085058246,23.636495983797435,135.3335653317233,135.33986757103796,94.02214764417027,66345.06596849981,76666173.4156919,1.0154316635492058,0.3833949505281597,1.415218994031416,3.3363823759145026,0.3790310838202768,1.2402640690849378,3.29733217448298,0.5216289289449046,5.418516692968323,-5.949999999999999,0.6805,0.6455,0.9027083333333333,1.2001666666666668,1.4460000000000002,1.4700000000000002
12.838966666666668,0.769,10.97,7.58,246.56250000000003,0.09602835670660136,-22.206666666666667,9.811666666666667,52.553333333333335,-52.553333333333335,1.8865558969494284e-07,26.276664445500728,45.51252300260888,26.276668996752903,45.512520374942206,-45.51252300260888,0.0,12528006.599358475,25220925.357771583,0.403882236922547,0.40938153117515236,1.0775082166784338,1.3768514514969024,1.5814241773933295,3.92240701537842,9276128.332815103,19.17844701311751,9.51160687884694,0.4152731178978578,-0.023097687941059566,23.99873125249671,0.5582906696537426,693413091.3339813,35.090375401060925,27710.066833174904,25317903.222188376,-6.853268380086457e-07,-2.9647888109493354e-08,-18.2116155567708,35.10842315793674,137.7270266129306,137.7335007679712,92.3557760047225,69509.556818859,78724406.90972973,1.2133407257661384,0.3791670823701236,1.357570459457779,3.3200178434645315,0.3740026294612052,1.1767675752161342,3.2832708756083937,0.5736580413169504,5.371734777249306,-11.783333333333331,0.6355,0.6605,0.7889583333333333,0.3088333333333333,1.3860000000000001,1.1726666666666667
13.212300000000003,1.0683333333333334,14.316666666666666,9.940000000000001,241.18750000000003,0.09711804041315636,-16.926666666666666,19.355,47.086666666666666,-47.086666666666666,1.6903138779847536e-07,23.54333134321599,40.77825066185799,23.54333542104094,40.77824830752465,-40.77825066185799,0.0,13787410.501349198,23276209.90716572,0.40646202218468436,0.41154825426976166,1.1044980431599762,1.4106338945543988,1.6117632927777976,3.932292359096704,9945759.871263467,16.836889968740014,6.461610591237969,0.4198173747954929,-0.009334827904482144,17.451422521518644,0.6991998489194206,652236939.4025317,24.469527176327723,25910.984531893744,23373228.449446,-6.119876208894066e-07,-3.734164532918567e-08,-11.786838431929914,24.481732976864894,113.26649680451227,113.26725308196575,73.78720132253106,67994.2660998674,77766412.03524067,1.1339749706583075,0.38113407771415214,1.3846796388549463,3.3275239759930004,0.3763638806447398,1.2064511975255399,3.289680569101041,0.5611188136268831,5.393166866037025,-2.68333333333333,0.1945,0.5615,0.9914583333333333,1.2911666666666666,1.0926666666666667,0.8713333333333333
13.235633333333334,0.9863333333333334,14.143333333333334,8.780000000000001,247.8125,0.09578366908116856,-17.18,16.998333333333335,49.02,-49.02,1.7597165432283583e-07,24.50999792817035,42.45256648968453,24.51000217342688,42.45256403868452,-42.45256648968453,0.0,13450151.15897,23849473.959872525,0.40335988713968457,0.40895949976630164,1.0714052686540312,1.3692060694118788,1.5745242476634072,3.920243124387247,9799277.34016084,17.450587454276395,5.98648887327755,0.4368020193850196,-0.010817834439201127,18.194448642467965,0.695563487728373,664467068.0002165,23.764928484154424,26452.133386890193,23946481.84948231,-6.322174436611343e-07,-3.6225794798267424e-08,-12.499541226790424,23.778908277909235,119.06969691272226,119.07048503866086,77.55912419485232,69861.95000932216,78942089.84675199,1.2259428574947038,0.3787219305215449,1.3514052927809335,3.3183539421036934,0.37346272885233633,1.170049982501095,3.2818571745811607,0.5723397650401597,5.366962555794844,-7.083333333333332,0.4075000000000001,0.6435,0.815625,1.2865,1.498,1.358
9.408966666666666,1.1043333333333334,11.870000000000001,11.366666666666667,246.06249999999997,0.09612552663120442,-17.833333333333332,9.111666666666666,51.986666666666665,-51.986666666666665,1.8662137364469924e-07,25.993331136117554,45.02177525997007,25.993335638294955,45.02177266063673,-45.02177525997007,0.0,10481246.068378558,13340590.807487372,0.4041584347916108,0.40961962050685147,1.079975259922902,1.3799462499866415,1.5842216197145067,3.9233157908238407,8453135.069523562,19.105211692096187,7.306946207042505,0.35005450811039995,-0.015721594473306698,15.054285711986877,0.5542125040511938,637657741.9784352,26.681797075878404,16150.404161589755,13437580.816091638,-7.624066475998703e-07,-4.370252806683851e-08,-13.829550568727472,26.696866625578064,102.53791602725224,102.54388600267578,71.2820350538075,69368.59954267372,78637428.96472651,1.2072619803692564,0.37935513644255464,1.3600614170017418,3.3207006850881164,0.3742277718762755,1.1794780520893484,3.2838514192939976,0.5734705592921087,5.373797077934041,-13.55,0.6695,0.1945,0.8339583333333334,1.3751666666666666,0.7873333333333333,0.8966666666666666
10.750633333333333,1.0623333333333334,12.656666666666666,7.566666666666666,243.2125,0.0966967771346411,-23.526666666666667,12.075000000000001,59.586666666666666,-59.586666666666666,2.139038006714955e-07,29.793330814903655,51.60356851418472,29.793335975260362,51.603565534851384,-51.60356851418472,0.0,13027712.877543721,21942747.032165326,0.40534977144020234,0.4105878712423345,1.0942101762865302,1.397724241620474,1.6002265118958907,3.928443874317644,9505282.091951083,24.493741147732713,4.689354925577421,0.4011082423660404,-0.023328427627852536,19.20162904174722,0.6543486449613967,571867516.8922446,22.478302253054377,24441.17930756622,22039699.68412092,-8.177404392492218e-07,-4.498691168582081e-08,-18.64140779820356,22.489385572581423,152.38033963041428,152.38717677269688,110.16026118901395,68565.14306841773,78133352.62421998,1.164066794428817,0.3803930842541267,1.374382947220051,3.324642177955493,0.3754759099133292,1.1951202393104536,3.2872091485034742,0.5662032781158123,5.385073020414435,-1.8499999999999979,0.3235,0.3345,0.9143749999999999,0.2365,1.3193333333333332,1.3780000000000001
11.683966666666667,0.8816666666666667,13.263333333333334,11.193333333333333,240.8375,0.09719236925158849,-21.246666666666666,7.805,54.986666666666665,-54.986666666666665,1.973907527342241e-07,27.493331009322592,47.61985154452849,27.493335771307613,47.619848795195146,-47.61985154452849,0.0,12600008.014821632,23958844.40630158,0.40649274971859584,0.41155036399168415,1.106285443759528,1.412856813481034,1.6137392779205157,3.932924845486771,9402019.83126645,21.76077630156035,5.142823585548115,0.4297662538959411,-0.015871109971229837,18.161295066631748,0.7035620384940157,606163167.9458722,22.513930666261114,26450.997628629328,24055814.83520954,-7.554909172133602e-07,-3.6205005515542676e-08,-17.403264828584746,22.524676506677793,141.87364990017946,141.88019867117546,97.11361455562293,67895.59600653771,77702272.83455929,1.128822715494416,0.38126002526854413,1.3864670783054311,3.328026678583948,0.3765151483529099,1.2084270108975748,3.290113173803506,0.5602376708777744,5.394536432654006,-9.416666666666666,0.28250000000000003,0.1775,0.879375,1.3798333333333335,0.8126666666666666,1.1113333333333333
8.3473,0.7503333333333333,11.696666666666667,12.833333333333334,244.31250000000003,0.09647428782365004,-20.753333333333334,10.325,49.95333333333333,-49.95333333333333,1.7932212781735464e-07,24.976664555389693,43.26085688932492,24.976668881475263,43.26085439165825,-43.26085688932492,0.0,10570964.285894182,12735456.233309705,0.40496153462516116,0.41028631823233425,1.0886811718009892,1.390828916557086,1.5940322910362588,3.926458471357621,8500600.446125228,18.5024934059473,8.19399407758531,0.2857147783411519,-0.014686935801815359,13.906547826244791,0.5371766904943095,658614282.4958022,28.9201123254337,15561.841275905961,12832447.899159575,-8.022571394840849e-07,-4.766408815368889e-08,-15.85028016784941,28.93492010674715,99.42304676938807,99.42911103471225,70.65558691294684,68875.24907602533,78329356.41584258,1.1806189805180693,0.37998498894471483,1.3688251488879122,3.3230986281784367,0.37498748939681387,1.1890378138921314,3.2858911662558787,0.5689656435917144,5.380602813832794,-3.1499999999999986,0.6745,0.2555,0.7502083333333334,0.6005,1.2606666666666668,1.338
13.188966666666667,0.723,10.923333333333334,8.66,243.03750000000002,0.09673275672116102,-20.446666666666665,7.898333333333333,55.120000000000005,-55.120000000000005,1.9786939180486966e-07,27.55999767035393,47.73532160161997,27.56000244388596,47.735318845619965,-47.73532160161997,0.0,12560779.297283087,27122190.786319382,0.4054972693940585,0.41072291288767937,1.0950941557474045,1.3988404580727947,1.6012267208916873,3.9287838082520197,9288166.121462844,20.700565441956442,8.636257963396488,0.4854836646466343,-0.023786938453994648,24.58565601176908,0.6134396688170543,703031626.3593423,32.86182183531619,29544.0328326076,27219162.60678657,-6.994313318038351e-07,-2.8014216055321056e-08,-16.998039141905377,32.8772553164007,147.73049202128078,147.7370793382068,97.55692218565575,68515.80802175288,78101932.92072536,1.161446591509301,0.38045604958539353,1.375267896701886,3.324887582342286,0.37555170091784423,1.196091852299456,3.2874190680802116,0.5657609875135171,5.385755441005415,-2.6499999999999986,0.1635,0.2215,0.9447916666666667,0.4581666666666667,0.85,1.31
11.042300000000001,0.8783333333333334,10.95,6.806666666666667,237.26250000000002,0.09796622927055162,-22.086666666666666,7.945,59.28666666666667,-59.28666666666667,2.1282686276254303e-07,29.64333082758315,51.343760885728884,29.643335961959096,51.34375792139554,-51.343760885728884,0.0,12061858.74039796,21572512.67160908,0.4082300882783134,0.4130256774358437,1.1249513396199982,1.436162304673646,1.6344790065733068,3.9400437516684166,9049526.66545685,24.101872888940584,6.786541105866406,0.3835220904254494,-0.03004298307500044,22.542778475420945,0.5059958866116563,587503690.4119673,28.37983998073092,24076.322093998817,21669467.460630763,-7.747529969062578e-07,-3.578814772072292e-08,-18.26017420334798,28.391631083661,146.83739625818384,146.84395688918252,102.4711605706494,66887.75148181307,77034556.19842565,1.056778506764929,0.3826658004523443,1.4050555778758829,3.333407683398703,0.37816960996625315,1.2289646636526266,3.294754756370917,0.536788194786422,5.4103798111556545,-2.0166666666666657,0.49950000000000006,0.4385,0.7947916666666667,0.36016666666666663,1.3793333333333333,1.3526666666666667
9.968966666666667,0.8636666666666667,13.216666666666667,9.3,242.63750000000002,0.09681522946956467,-18.046666666666667,18.98166666666667,45.52,-45.52,1.6340737871839019e-07,22.7599980760978,39.421477491033045,22.760002018245444,39.421475215033034,-39.421477491033045,0.0,12165702.895653123,14912845.205097929,0.40582755908438256,0.41102498496199036,1.0971188924565822,1.4013980005523174,1.603516661425994,3.929570747180747,9222392.395507328,15.818381587531482,8.408189416860893,0.330382399551902,-0.01062164772614375,14.99266357695871,0.5559689548777763,685458820.3531232,28.16066302649084,17765.08233097447,15009868.094366701,-6.456737627097664e-07,-4.65430954680579e-08,-12.196763952005641,28.173146703886097,91.24932355373114,91.25072937621442,62.541060010547284,68403.04220080469,78030020.07591315,1.1554714108447244,0.38059998882549306,1.3772933039376392,3.3254503292793274,0.37572490437646183,1.1983177116044181,3.287900845612152,0.5647500239717259,5.387316277125127,-19.25,0.1985,0.5675,0.7577083333333333,0.6541666666666667,0.8833333333333333,1.218
9.163966666666667,0.869,14.416666666666668,10.486666666666666,238.8625,0.09761415414717613,-23.233333333333334,19.635,42.42,-42.42,1.5227902032588119e-07,21.209998207119263,36.73679866365601,21.210001880799027,36.736796542656,-36.73679866365601,0.0,12970161.465771051,16501332.972107418,0.40756934182868904,0.41248356426053256,1.1165222805977488,1.4256716030615826,1.6251488708147248,3.936862146481921,9603402.60849798,15.52204810739267,7.6297313837930325,0.31120892634080743,-0.008290196209716914,13.375089575557661,0.6883941061371389,691402742.6518655,26.97967707914448,19314.1259072988,16598357.874315865,-7.243980380024244e-07,-5.4777626854487687e-08,-15.840240013615869,26.991505078894033,93.8221598690483,93.82361718396359,69.62021828514996,67338.8147656059,77336338.71356809,1.0918231282654276,0.3820585874493534,1.3966753782349226,3.3309838988509175,0.37745127592316063,1.2197015479645508,3.2926654704546703,0.5495249289723905,5.403616691563222,-14.083333333333332,0.3425,0.5505,0.7789583333333333,0.8128333333333334,1.198,1.3446666666666667
11.123966666666668,1.0136666666666667,13.603333333333333,12.620000000000001,246.9375,0.09595453817448284,-20.993333333333332,7.991666666666667,47.75333333333333,-47.75333333333333,1.7142458315170308e-07,23.876664648372664,41.355600947315416,23.876668783932644,41.35559855964874,-41.355600947315416,0.0,11583164.669587512,19187333.251027875,0.403730853129656,0.4092604870921884,1.0756743267157627,1.3745530726597386,1.5793553712929749,3.92176091589292,9008547.464662502,17.588872032720392,6.15283377465612,0.353351366894033,-0.01066188958936117,15.208212964833129,0.6398765637182171,648837405.5284672,24.615698624837147,21879.571459357896,19284332.369414553,-7.513704166930317e-07,-3.9027189364254846e-08,-16.85040929658877,24.629789519911924,111.12131153665626,111.12248878672825,77.86364587574613,69615.27477599794,78789640.22125924,1.2170990111648383,0.3790372706751599,1.355720856015458,3.3195199197872327,0.3738442715286047,1.1747470755599632,3.2828472967343845,0.5732327110770811,5.370358531609242,-9.45,0.37649999999999995,0.6054999999999999,0.913125,0.38583333333333336,1.4060000000000001,0.8486666666666667
12.6173,0.831,12.296666666666667,12.46,249.2375,0.09551326590831286,-19.766666666666666,9.695,47.25333333333333,-47.25333333333333,1.696296866367823e-07,23.626664669505157,40.92258823322234,23.626668761763867,40.92258587055567,-40.92258823322234,0.0,12555756.921745934,24597503.895478394,0.40273306483246035,0.40844739567343025,1.064508468019361,1.360571835988266,1.5666990927638242,3.917814283758153,9405005.915238263,16.634132555210773,8.506156011656575,0.348529243047596,-0.012266993074553357,19.360287977134096,0.4909825114274395,635709062.8680364,31.900222213510403,27177.213860180196,24694509.21129932,-6.605261392697992e-07,-2.870140523973189e-08,-15.944851202748717,31.91832151781462,119.9786331943686,119.9794183914449,79.86323925254307,70263.67824645019,79184477.98444012,1.2404162680780668,0.3782160984550487,1.3444225803556848,3.316486369541322,0.3728479319505971,1.162472905683764,3.2802761482266445,0.5709193451952391,5.361558274146503,-16.45,0.6405,0.5545,0.9614583333333333,1.2398333333333333,0.9126666666666666,1.1806666666666668
9.9573,1.0963333333333334,12.13,11.486666666666668,245.2375,0.09628869902632549,-20.513333333333332,12.588333333333333,59.75333333333333,-59.75333333333333,2.1450209950980244e-07,29.876664141192823,51.747906085549076,29.876669315983285,51.74790309788241,-51.747906085549076,0.0,12261610.699184759,17819988.208306383,0.40441784798866337,0.40981246160251555,1.084064579024162,1.3850375931192278,1.588817419949428,3.9247518183021524,9170968.256648107,23.968623009555053,5.0454810228150055,0.4124014655668961,-0.021025587001329803,16.79754948716346,0.6353406532858862,555696384.4143918,23.022242067560576,20437.892713207006,17916946.97592584,-8.825446035240071e-07,-4.8390092729868936e-08,-15.709187229857786,23.03502161417144,137.17842770454544,137.18494231979955,98.8103883715228,69136.02003696808,78492905.31586221,1.1946486218321444,0.37965220277596,1.3641840827870164,3.321825445594029,0.3745862230896326,1.183968447729507,3.2848069477707145,0.5713020465911179,5.377005249318876,-6.783333333333331,0.5935,0.6495,0.9652083333333333,0.3298333333333333,1.4606666666666668,0.7233333333333333
11.905633333333334,0.711,14.483333333333334,12.66,235.2125,0.09841524428381153,-17.42,10.021666666666667,41.88666666666667,-41.88666666666667,1.50364464043299e-07,20.943331562993922,36.27491843529007,20.943335190485666,36.27491634095673,-36.27491843529007,0.0,11239295.841868943,17439919.66758646,0.4094451959793263,0.41409577022406097,1.135892985883596,1.44984847598731,1.6465827383590086,3.944331820816098,8920404.320798341,15.31100378765052,7.914066679357848,0.3462863994886678,-0.00704076821169057,13.989294753906877,0.7116641552647435,725173896.6015567,25.987812650816704,20259.24703667172,17536957.99448709,-6.595743526198873e-07,-3.652473562193552e-08,-13.405498796429113,25.99694716217465,91.23532254785012,91.23644772206286,62.2727550218527,66309.82664945348,76641962.70186354,1.0127780620939375,0.3834422435849335,1.415882009206939,3.33657778938116,0.37908691694069463,1.2410036681919019,3.2975020040572676,0.5206521212633025,5.419044972048009,-19.683333333333334,0.1165,0.2485,0.7572916666666667,0.8781666666666667,0.706,1.4406666666666668
10.668966666666666,0.9256666666666667,12.043333333333333,13.620000000000001,246.0375,0.09613044704352049,-19.833333333333332,12.308333333333334,56.18666666666667,-56.18666666666667,2.0169850437003403e-07,28.09333095860461,48.659082058351856,28.093335824512682,48.65907924901851,-48.659082058351856,0.0,12196361.945460007,18663378.183908008,0.4040824729565009,0.4095401358054784,1.0800971235646992,1.3800849377116826,1.5843463643979911,3.923333707457069,9163949.161355605,21.597274475707337,5.670660792524111,0.3608416881716918,-0.016853477683753212,16.495578064217714,0.5577944806949378,562169188.4800012,24.98212354717899,21295.3262805925,18760349.784358133,-8.396019503773671e-07,-4.314106134292586e-08,-15.217332121536698,24.996294612523833,129.35306720786645,129.3593595650907,90.71037081160988,69361.55167886447,78633062.15528287,1.2068788810136981,0.37936414378850153,1.3601861404271403,3.320734627494532,0.3742386427353009,1.1796136896023062,3.2838802171213786,0.5734072989570426,5.3738942963196985,-5.316666666666665,0.1245,0.2025,0.9539583333333334,1.1581666666666668,1.4113333333333333,1.4646666666666668
6.993966666666666,0.7383333333333333,10.87,9.646666666666667,236.1875,0.09820031163599258,-21.993333333333332,10.371666666666666,48.92,-48.92,1.7561267501985166e-07,24.459997932396845,42.36596394686591,24.460002168993125,42.36596150086591,-42.36596394686591,0.0,9706569.487464085,9285089.201715706,0.40887487305155784,0.4135946087662852,1.1306704061855155,1.4433174816274121,1.6408177736628498,3.942289716581045,8082013.041781334,17.982579314940875,12.430747062218677,0.2566085819097272,-0.01999262567614205,13.64726503497673,0.41513738052585764,761353881.0681187,34.5594465134082,12186.335403316602,9382082.10161968,-7.831454976940342e-07,-5.4892682324045204e-08,-16.540209955484777,34.56759552792725,86.51281809700147,86.5152974085957,62.919832656575586,66584.69333801474,76829945.67465244,1.033576520759894,0.383073189762239,1.4107204151142057,3.335060903679003,0.37865107703633216,1.2352537582663254,3.2961853538816333,0.528286067518795,5.41492434802551,-13.65,0.37750000000000006,0.2255,0.9439583333333333,0.9225,1.246,0.942
8.3823,0.7283333333333333,14.123333333333333,6.126666666666667,243.73749999999998,0.09658955038322041,-23.766666666666666,14.968333333333334,43.38666666666667,-43.38666666666667,1.557491535880614e-07,21.693331499596443,37.57395657756928,21.693335256991997,37.57395440823594,-37.57395657756928,0.0,11731650.803822488,15052108.996949233,0.40524318652560004,0.41052411604638356,1.0915715318172776,1.3944416227792427,1.5972847134047927,3.927518037881685,9091047.683628237,15.902949283860389,7.355241963580716,0.31522093004318197,-0.010166488534278813,13.915674129324355,0.7359592449785947,704557518.2652966,26.304341458107842,17884.395206009267,15149124.93443485,-7.100233284413191e-07,-5.300312062893961e-08,-17.46677352600846,26.317798342153477,92.94316473404231,92.94496149072172,69.90467305371128,68713.14820841223,78227182.39371435,1.171949516606469,0.38020416419037734,1.3717325735671186,3.323908868822526,0.3752484284936336,1.1922134172930916,3.286582457113017,0.5675301638178804,5.383026477177296,-4.049999999999997,0.6044999999999999,0.39449999999999996,0.7585416666666667,0.3135,1.2206666666666668,0.7926666666666666
13.4923,0.8703333333333334,13.31,13.033333333333333,240.2625,0.09731497704814421,-23.673333333333332,9.321666666666667,48.52,-48.52,1.74176757807915e-07,24.259997949302843,42.01955377559146,24.260002151258103,42.01955134959145,-42.01955377559146,0.0,14009954.353733258,31493141.114739947,0.40677695358494864,0.41179121383896966,1.109236311434675,1.41656061569241,1.617029062381781,3.9340310228115727,10045103.43388093,18.43407081952547,6.012267541957717,0.2875651530268412,-0.011722250773776336,19.972558575657768,0.5335239414437504,552199396.32953,27.43725502870039,33851.46151986938,31590131.005152494,-7.082214479788432e-07,-3.021150685533405e-08,-19.41732994962976,27.449360467588914,142.0541553812444,142.05475191503243,98.1684074627334,67733.49513892466,77596727.78985287,1.1203901822747115,0.38146691802441235,1.3894098570305768,3.328856873011036,0.3767635177914841,1.2116847731986817,3.2908285609408527,0.5587819120208081,5.396787974562359,-10.016666666666667,0.4355,0.6695,0.8902083333333333,1.0041666666666667,0.974,1.1380000000000001
11.100633333333334,0.9416666666666668,12.883333333333333,11.780000000000001,242.7375,0.09679468995277131,-16.126666666666665,20.941666666666666,42.92,-42.92,1.5407391684080198e-07,21.45999818598677,37.16981137774908,21.460001902967804,37.16980923174907,-37.16981137774908,0.0,12095043.334539209,14019865.267609686,0.4058682992569856,0.4110748449398566,1.096615115995333,1.4007796622916464,1.6029644535818306,3.9294092208220124,9167357.284884445,14.18925421215196,11.706235340237434,0.330172672095837,-0.009707786063371561,14.394277107459109,0.5009273215083203,765576381.3753897,33.719924517581354,16945.478611215556,14116907.88712364,-6.47943302838232e-07,-4.516602356045872e-08,-10.060746519580654,33.72889271927916,83.13913700799607,83.1404807636123,56.11728394378948,68431.23365604172,78047922.80289976,1.1569633812287052,0.38056400661111134,1.3767865707497915,3.3253094005478703,0.37568161417727486,1.1977606152385163,3.287780153554122,0.5650027639876822,5.386926024608732,-2.549999999999997,0.3415,0.6975,0.8610416666666667,1.0088333333333332,0.8073333333333332,0.818
8.883966666666668,0.7436666666666667,12.71,12.86,238.2375,0.09775054989982407,-18.96666666666667,14.501666666666667,61.52,-61.52,2.2084406719585598e-07,30.759997399858015,53.27788434201126,30.760002727646302,53.277881266011256,-53.27788434201126,0.0,12261614.338713886,16099611.526872762,0.4077336240229429,0.412599956224545,1.1198018286859353,1.4297390029740678,1.6287710241748146,3.938071629702683,9211935.034542091,25.490227456389334,6.007178656174496,0.6506863369617182,-0.01919904700402225,14.876608825418062,0.9551000865060415,647194990.4983547,20.462715814436244,18745.701731975132,16196569.115718322,-9.423692953944745e-07,-5.59785913028611e-08,-13.839431431737284,20.472648082405023,135.55529037254098,135.56180144066843,100.47424318362626,67162.61817037435,77219076.90944906,1.0780611427800852,0.38229586158006984,1.3999415357948304,3.3319254523940796,0.3777320821471531,1.2233061469026993,3.293475952940304,0.5445718055395948,5.406257974468072,-0.31666666666666643,0.1745,0.14650000000000002,0.8297916666666667,1.3448333333333333,1.2673333333333332,1.0566666666666666
10.237300000000001,0.7663333333333333,10.71,6.526666666666666,237.5625,0.09789942176350523,-20.14,13.405000000000001,43.75333333333333,-43.75333333333333,1.5706541103233664e-07,21.87666481743261,37.89149923457086,21.876668606582427,37.891497046904185,-37.89149923457086,0.0,10386111.043608814,12700346.479748346,0.4084674753206666,0.4132905650945443,1.123371582575256,1.4342474869456496,1.6327839959107862,3.939539820152942,8353186.4435271295,10.990206977941153,31.611953296482994,0.36361831610405326,-0.04864073808635997,17.90192788900206,0.5421228467548408,1419128079.995602,57.00918511865784,15598.820537440317,12797369.452199683,-5.736819032815e-07,-3.755991325826422e-08,-15.234216599166029,57.3360582734152,84.39748990685321,84.40074811672585,54.1334857828969,66972.32584752422,77091594.21950008,1.063302978673012,0.38255194862211894,1.403479490945879,3.332949799685563,0.3780350055533069,1.227218931508109,3.2943593382602927,0.5392354137001482,5.409110632240944,-2.316666666666663,0.38750000000000007,0.2445,0.9885416666666667,0.8688333333333333,0.9566666666666667,0.8633333333333333
9.583966666666667,0.7483333333333333,12.59,8.113333333333333,243.9625,0.09654383071298861,-17.02,8.015,44.586666666666666,-44.586666666666666,1.6005690522387133e-07,22.293331448878455,38.61318709139264,22.293335310197058,38.6131848620593,-38.61318709139264,0.0,9891704.733104885,12609980.846578656,0.4053414940309468,0.41064311076604953,1.0904460776648437,1.3930629973102435,1.5960487881181855,3.9271599257046392,8269510.459298274,15.3686460321263,9.905268683495443,0.31597258347270807,-0.012182611260312773,14.921656479740488,0.5114961830226057,726133279.0302856,30.181429060858417,15523.655092373081,12707005.029111043,-6.154209388828605e-07,-3.716371643001313e-08,-13.417321113586716,30.189611935092124,82.71304093232965,82.71477617852122,55.136167548106464,68776.57898269563,78267271.89148873,1.1753379993654753,0.38012319793739174,1.3705986758116606,3.3235959117009686,0.375150897916361,1.19097129675162,3.286315281888335,0.5680988387346565,5.382149908334673,-18.516666666666666,0.3185,0.6385,0.9927083333333333,0.9645,0.8726666666666667,0.9166666666666666
9.9223,1.0636666666666668,10.716666666666667,11.66,242.46250000000003,0.0968515666911248,-20.326666666666668,19.658333333333335,50.45333333333333,-50.45333333333333,1.8111702433227546e-07,25.2266645342572,43.69386960341799,25.22666890364404,43.69386708075132,-43.69386960341799,0.0,11943228.33938701,13976188.020291092,0.40584222217458515,0.41102518585285347,1.0980034341466283,1.4024971304759635,1.6044986989515124,3.9298818154752593,8981124.488560343,17.401415749352807,12.683773208761012,0.3186033945712863,-0.01883215396149312,16.467376569800823,0.3870558497874371,767350893.7825931,37.7633024387478,16779.284507620472,14073183.401810352,-7.411881012174001e-07,-4.7651611573301486e-08,-13.952960176029107,37.778278229250645,101.76475644578522,101.77047823816945,69.45411390015059,68353.70715413982,77998392.8934723,1.1528632568629114,0.38066295802136035,1.378180633303142,3.325697332592583,0.3758006548049125,1.1992937625062028,3.288112481529286,0.5643077304274673,5.3879993806056605,-12.216666666666667,0.5995,0.5905,0.803125,0.5771666666666666,1.266,1.2993333333333332
7.915633333333333,1.0156666666666667,12.623333333333333,9.926666666666666,242.36249999999998,0.09687238528007672,-22.313333333333333,8.948333333333334,47.22,-47.22,1.695100268691209e-07,23.609998004247323,40.893720718949474,23.610002093619283,40.89371835794947,-40.893720718949474,0.0,10416337.715425478,12565411.825302754,0.4058673223118227,0.411042282296154,1.098509546931918,1.4031280942994624,1.605062274264613,3.9300619424227277,8464678.782831578,17.488015630505146,7.765800231438444,0.3080388687521282,-0.013361228683473055,13.556234387407438,0.6120965770589173,667216782.3933265,27.20936519473023,15411.21105011366,12662410.441947596,-7.896420796305668e-07,-5.0321015926019735e-08,-17.324197046980494,27.22226053002963,93.47560743595596,93.47771034203294,68.98197040796407,68325.51569890277,77980287.5430547,1.1513745430126237,0.380698943442211,1.3786879810953696,3.325838693728487,0.3758439360827199,1.1998520564273496,3.2882336442837232,0.56405499193843,5.388389865355238,-7.916666666666664,0.4445,0.2225,0.8977083333333333,1.298166666666667,1.4126666666666667,1.3193333333333332
13.258966666666668,0.8976666666666667,11.123333333333333,6.7,245.6375,0.09620944497957329,-16.566666666666666,11.398333333333333,60.08666666666667,-60.08666666666667,2.1569869718641633e-07,30.043330793771165,52.0365812282778,30.043335997429143,52.03657822394446,-52.0365812282778,0.0,12980310.475050857,27912464.353572823,0.4042542150415371,0.40968028329396305,1.0820781216709388,1.3825574147259958,1.586579505633944,3.924038058279217,9449257.479081828,23.09597482235981,7.317729668794588,0.6343963899350916,-0.027558481150433963,25.804578076458192,0.8347238698371598,757347961.058489,28.900331161935206,30302.80516225919,28009430.03103613,-7.337322691968461e-07,-2.9750440147846626e-08,-13.202295149957088,28.91426325722598,158.99056847954284,158.99720225508537,105.00495355722404,69248.78585791626,78563035.65560763,1.2007588227273507,0.37950808814300957,1.362183013588092,3.321278709089141,0.37441239164361834,1.1817876170733403,3.284342235477391,0.5723956797150169,5.375447861803121,-8.716666666666665,0.4385,0.6855,0.9252083333333334,0.8175,0.97,1.034
11.870633333333334,0.8563333333333334,11.063333333333333,9.82,249.9125,0.09538653780586007,-19.3,16.485,42.35333333333333,-42.35333333333333,1.520397007905584e-07,21.176664876603592,36.67906363511027,21.176668544509855,36.67906151744359,-36.67906363511027,0.0,11958756.965766622,18279402.424911696,0.40265807065457826,0.40843129251550453,1.0612725954272038,1.356554131315371,1.5630501316460477,3.9167435584903263,9078180.13906379,10.200522847329246,31.293982297218545,0.4523937171820982,-0.04437359108080168,19.455128717889437,0.564650781005745,1375027722.3532622,61.746108917679415,21089.68593442265,18376436.712943345,-5.695339923503179e-07,-3.065179454328134e-08,-14.322860199407083,62.12950032171307,95.0817224864954,95.08771068211844,59.48570815950396,70453.97056930029,79298224.41434604,1.247298943296921,0.37798223875444936,1.3411369799089408,3.315617435876504,0.37256181971205227,1.1589159228888177,3.2795426032959965,0.570255145511554,5.359089348985764,-3.583333333333332,0.47450000000000003,0.6405,0.9152083333333334,0.9761666666666666,0.8486666666666667,1.4513333333333334
13.200633333333334,0.8023333333333333,10.51,8.766666666666666,240.5875,0.09724572732169612,-19.286666666666665,9.835,50.586666666666666,-50.586666666666666,1.81595663402921e-07,25.293331195288534,43.80933966050947,25.29333557622238,43.809337131176136,-43.80933966050947,0.0,12086873.868664343,24415826.862890366,0.40672783418763553,0.4117682176849985,1.1075693124242667,1.4144839702664573,1.615186420534608,3.93343339779603,9079180.091145396,17.377703993206097,13.96154957655703,0.5069702503760631,-0.022657386741255545,24.160389161009025,0.6349136864617438,902719523.706526,41.08333279885648,26953.83399599239,24512819.286015097,-6.272448544314885e-07,-2.6637980325242447e-08,-15.67833580307521,41.10016680421547,127.72772262950434,127.73391160160686,81.45154165079671,67825.11736844506,77656309.24767283,1.1251517092394399,0.3813499797380053,1.3877455357888,3.3283869561591155,0.37662315504725835,1.2098416037727722,3.2904234891833064,0.5596057894615721,5.395515091883924,-4.749999999999998,0.2215,0.37649999999999995,0.894375,1.4778333333333336,0.834,1.102
7.1922999999999995,0.8383333333333334,11.65,6.913333333333333,237.7875,0.09784962040790156,-20.673333333333332,7.175,48.72,-48.72,1.7489471641388333e-07,24.359997940849844,42.19275886122868,24.360002160125614,42.19275642522867,-42.19275886122868,0.0,9390961.320556613,9715718.536534782,0.4081240291492395,0.4129602213773367,1.1221775186967904,1.432726773984401,1.6314304889155649,3.9390281835806293,7995315.477318241,17.975292590099972,9.652963862136277,0.2928456070448936,-0.018092561418615774,14.034770442394262,0.5221121682955111,717954523.9307684,29.48793957829865,12615.33536398863,9812713.90072548,-7.323863456758749e-07,-5.019244799301818e-08,-16.312348818616506,29.496896273551226,85.37275886498058,85.37540306235762,61.71066096870493,67035.7566218076,77134182.1702366,1.0682100552865537,0.3824666067186322,1.402298962592942,3.332607485245244,0.37793407232553805,1.22591238586746,3.2940639413521042,0.5410122454181087,5.40815975172072,-15.95,0.46950000000000003,0.5915,0.8385416666666666,0.6191666666666666,0.7313333333333333,1.4726666666666666
8.043966666666666,0.9096666666666666,14.49,12.126666666666667,235.2875,0.09839847598885604,-17.846666666666664,12.705,57.38666666666667,-57.38666666666667,2.0600625600584397e-07,28.693330907886626,49.698312572175226,28.693335877717747,49.69830970284188,-49.698312572175226,0.0,11799462.427827444,14901371.667741038,0.4091422437217523,0.41379454976107216,1.1354847039573281,1.449301399281711,1.6460970467927678,3.9441073958776514,9129432.566964041,22.90629997068397,8.973779112425545,1.1102315521791815,-0.013667137239073819,12.852572035559321,1.7187927096458913,1114065624.5203915,18.042738602051955,17610.230994723534,14998343.848404637,-9.392953433968456e-07,-6.102384213552493e-08,-12.949610089778488,18.051077828809564,119.44857504337617,119.45501952407449,90.62736479356998,66330.97024088127,76656493.31195304,1.0143697864894807,0.38341386907416725,1.4154841345949247,3.336460503416599,0.3790534203554795,1.2405598486134537,3.297400075562849,0.5212381438522796,5.418728019991244,-18.65,0.6855,0.4665,0.7860416666666666,0.3111666666666667,0.714,0.7726666666666666
7.2739666666666665,0.907,14.096666666666668,13.833333333333334,248.0625,0.09573575301868273,-17.82,20.078333333333333,48.02,-48.02,1.7238186129299422e-07,24.009997970435336,41.58654106149839,24.010002129089326,41.586538660498384,-41.58654106149839,0.0,12225404.530274998,12372882.982837088,0.4031998381490289,0.4088189710944307,1.0701908251481131,1.3676787330730973,1.5731439778269856,3.9198110112747284,9323322.947063861,17.037244120082924,6.619934377845283,0.5387938236403969,-0.008928393952172587,11.456549662430445,0.9047836903498099,735055665.5963554,22.894085950165728,15267.373347631075,12469895.310620027,-8.230734693568124e-07,-6.545233314353951e-08,-10.75076758010983,22.90877760987178,92.14514777873495,92.14722854185266,68.51158623237896,69932.42864741481,78984738.52351515,1.2284701765677712,0.37863532981140285,1.3501789050042474,3.3180262517217076,0.37335696658334383,1.1687155030595593,3.281579343375816,0.5720875271339071,5.366045784713719,-12.683333333333334,0.29450000000000004,0.6905,0.8522916666666667,0.4441666666666667,1.3673333333333333,1.4713333333333334
6.620633333333333,0.8336666666666667,13.796666666666667,10.473333333333333,242.01250000000002,0.09694539035856684,-19.513333333333335,9.461666666666666,52.019999999999996,-52.019999999999996,1.8674103341236063e-07,26.009997801375384,45.05064277424294,26.01000230643954,45.05064017324293,-45.05064277424294,0.0,10351294.871832041,11718862.669215992,0.40594540345113633,0.4110922148359918,1.1002840245732475,1.4053394687597724,1.6070358219195755,3.930695288075448,8515566.433410458,19.845883069429767,7.8176871735155675,0.7917836357160245,-0.013030674987790305,11.983184530800832,1.2361364528895935,831234015.7282859,20.593633832320812,14552.026783644116,11815848.715194173,-9.058713851874324e-07,-6.108379582484224e-08,-14.70207792129841,20.605377967288344,101.05682779202533,101.06355837710758,78.2994956170287,68226.84560557311,77916874.15526524,1.1461775259765645,0.3808248397952283,1.3804654825810867,3.3263346597341794,0.375995341409344,1.2018096881521743,3.2886590536408717,0.5631927203736339,5.389756145301286,-3.3166666666666664,0.2955,0.37350000000000005,0.780625,1.3191666666666666,1.098,1.25
10.960633333333334,0.735,14.196666666666667,6.793333333333333,235.88750000000002,0.09826574462558507,-23.806666666666665,19.985,60.78666666666667,-60.78666666666667,2.1821155230730544e-07,30.39333076418567,52.64279902800809,30.393336028465427,52.64279598867475,-52.64279902800809,0.0,14863503.911900572,24953455.69371781,0.40882476839151627,0.4135198061353151,1.1322691441121109,1.4452820199793424,1.642550441996813,3.942846560259117,10325817.521903133,25.71119706213988,4.788933743451263,0.6113427732867174,-0.019770245708864657,18.346596175445136,0.9491531790475919,658689425.6507137,19.80090278317097,27365.355622386745,25050407.665588904,-8.635102489683286e-07,-5.450653388092889e-08,-17.501399078234954,19.808245987124252,164.4450387335618,164.45210681050068,123.1290916376728,66500.1189723036,76772284.2185284,1.0271525842039555,0.38318678223091507,1.4123061662119625,3.3355258450807623,0.3787852601964549,1.2370182855101441,3.2965885127138628,0.5259343194804706,5.416192197719113,-12.45,0.5045000000000001,0.1155,0.8960416666666666,0.26916666666666667,1.1153333333333333,1.2633333333333332
10.155633333333334,1.0956666666666668,13.036666666666667,11.806666666666667,241.9375,0.09695988002286231,-23.14,19.425,53.053333333333335,-53.053333333333335,1.9045048620986364e-07,26.526664424368235,45.945535716701954,26.52666901892168,45.94553306403528,-45.945535716701954,0.0,13603192.436972246,19038956.001180053,0.4059731750342881,0.41111448877709394,1.1006724875873612,1.4058190395883117,1.6074715019884185,3.9308402481823483,9766772.42335485,20.438230650968702,5.6191412290138585,0.36178725993826194,-0.014594741492680658,15.809494907499543,0.6267350840444709,583817662.5662729,24.39021785582038,21673.674980386022,19135934.48105621,-8.292264362891235e-07,-5.3774991751242604e-08,-16.41006289383008,24.402757297503506,125.66142700446579,125.66780570293024,91.80229855572568,68205.70201414528,77903303.55631979,1.1450641075771637,0.380864194590668,1.3808592307288357,3.326453463083732,0.3760395533702329,1.2022356066227387,3.288760784543859,0.5630127787816215,5.390234621021465,-5.483333333333334,0.21050000000000002,0.6765,0.7735416666666667,0.4558333333333333,1.0806666666666667,1.2966666666666666
7.8223,0.9470000000000001,13.096666666666668,9.98,248.3625,0.09567827213702829,-18.926666666666666,9.041666666666668,51.553333333333335,-51.553333333333335,1.8506579666510123e-07,25.776664487765714,44.646497574422746,25.77666895241535,44.64649499675607,-44.646497574422746,0.0,10323580.839823645,12056717.676424865,0.40305561400809514,0.40869867679486693,1.0687368528208512,1.365854922081246,1.5714941583530382,3.919294014629334,8461045.364587832,19.064719838786896,6.339302780518528,0.5222821613710228,-0.014054635200115156,13.174427555989563,0.8634990342601758,695994093.0460068,22.66099428285619,14898.626142351482,12153706.72760069,-8.385017285591558e-07,-5.273977946623584e-08,-14.532542830245896,22.675653439742725,99.41681491058436,99.42330050928969,74.22236108648121,70017.00301312597,79035961.1160656,1.2315075079037208,0.3785313988617456,1.3487091810896517,3.3176342153845506,0.37323000152177493,1.1671175614689158,3.2812471905609413,0.5717859118575669,5.364946013637781,-0.5166666666666657,0.6685,0.5365,0.753125,1.0205,0.7979999999999999,0.778
13.013966666666668,0.7983333333333333,13.09,9.54,238.2875,0.09773958631414116,-22.94,14.198333333333334,54.28666666666667,-54.28666666666667,1.9487789761333497e-07,27.143331038908084,47.01363374479819,27.14333574027133,47.01363103046485,-47.01363374479819,0.0,14016395.150656916,27548190.69005438,0.4077543280759883,0.4126248924390719,1.1195397006775334,1.4294176762513375,1.6284853508683987,3.9379792897363055,9949143.092090564,21.426709896064207,5.421185674815201,0.34993809112873797,-0.016672043474663507,20.319074915800194,0.5936031121173823,602553494.6247116,24.36130271371617,29952.76514458385,27645162.71282664,-7.213012431164335e-07,-3.692205129828167e-08,-17.999416713410568,24.37179663914127,149.37668179463256,149.38341012984947,101.28082834996243,67176.71389799286,77228486.02201806,1.079158650945493,0.38227687976450153,1.39967990331819,3.3318498811542017,0.3777096234033419,1.2230171204269666,3.2934108452937623,0.5449676616931639,5.40604658374355,-14.05,0.2505,0.2015,0.979375,0.24816666666666667,0.7086666666666667,1.2273333333333332
11.520633333333334,1.0356666666666667,14.236666666666666,6.633333333333333,243.28750000000002,0.09668139149518529,-23.486666666666668,15.015,60.72,-60.72,2.1797223277198266e-07,30.359997433670003,52.58506399946235,30.360002692176256,52.58506096346234,-52.58506399946235,0.0,14376143.590244524,26406020.944710627,0.4052872024459578,0.4105306033604072,1.0938316624785673,1.3972459298176325,1.5997976833796241,3.928296575059892,10136994.873650027,25.276835227919797,4.665280687389595,0.5890228666312829,-0.019969196792053664,18.95329857794498,0.9630093134830117,625273473.8176843,19.786965086371158,28790.578693923148,26502971.632746644,-8.494911165843768e-07,-4.841913654864844e-08,-18.18676025643807,19.795025673375456,168.97667363730056,168.9838730457145,124.91004782188493,68586.28665984553,78146798.09786154,1.1651909212432097,0.380366096018342,1.3740039104364326,3.324537151487309,0.3754434202055259,1.1947042272482513,3.287119335641241,0.5663928313282673,5.384780562301557,-10.45,0.3165,0.6015,0.8097916666666667,0.11983333333333335,1.3566666666666667,1.4633333333333334
12.348966666666668,0.8643333333333334,11.103333333333333,7.806666666666667,246.2375,0.096091121407134,-17.753333333333334,16.858333333333334,58.120000000000005,-58.120000000000005,2.0863877089439448e-07,29.05999754355897,50.33339788617839,29.06000257689862,50.33339498017838,-50.33339788617839,0.0,13277473.07280743,24396952.792600356,0.4039944590289194,0.4094677922830173,1.0791085952229202,1.378850021888834,1.5832297021808088,3.9229776981761373,9572634.874746127,21.74421843517476,7.514805577043113,0.5400706315906901,-0.02478761355664414,23.59853933556318,0.686742410272018,687757384.7338243,29.88892102644208,26890.022028322037,24493924.652933758,-7.377639397494014e-07,-3.436033703882178e-08,-13.331995265403206,29.904503092789557,144.7809686529009,144.78734168862277,97.34422641943279,69417.93458933858,78667978.47849068,1.2099458513363184,0.37929220170551387,1.359189124803608,3.3204635197494383,0.37415177069477007,1.1785293129774117,3.283650191258746,0.5739132922626546,5.373118346146155,-4.449999999999999,0.6455,0.2415,0.9922916666666667,0.20383333333333334,1.2113333333333332,1.3726666666666667
12.570633333333333,0.8883333333333334,12.956666666666667,13.273333333333333,235.71249999999998,0.09830419400727543,-21.433333333333334,16.205,56.95333333333333,-56.95333333333333,2.0445067902624593e-07,28.476664259534786,49.323034886627894,28.476669191838138,49.323032038961216,-49.323034886627894,0.0,14105868.224260624,25323404.735663574,0.40894534055916376,0.4136282825530748,1.1332062275564474,1.4464571732873623,1.6435884746192704,3.9432203644389228,9960204.417850764,23.06612353099251,4.9920929111411185,0.3766099459762891,-0.01601874654914511,18.25395061913312,0.6376180961333419,561332000.0850128,23.58688214154356,27765.897529452785,25420372.001044378,-8.391308362783178e-07,-4.270333267975159e-08,-16.16744472254074,23.59653238273609,151.78306334180144,151.7897583376884,106.79282400310204,66450.78392563872,76738590.770674,1.023415280338313,0.38325302773036596,1.4132321956211031,3.3357977961612413,0.37886350035203314,1.2380495234263036,3.296824493585934,0.5245637627972234,5.416931763504066,-17.35,0.5755,0.6155,0.9797916666666666,0.6308333333333332,1.4913333333333334,1.3286666666666667
10.948966666666667,1.0350000000000001,10.736666666666666,12.886666666666667,248.71249999999998,0.09561167477232496,-19.793333333333333,20.171666666666667,55.553333333333335,-55.553333333333335,1.9942496878446767e-07,27.77666431870577,48.1105992871673,27.776669129765562,48.110596509500624,-48.1105992871673,0.0,13200821.147817979,19190946.88717403,0.4028665043077866,0.40853713922352475,1.0670440972745798,1.3637285309052973,1.5695684331969502,3.918687216418494,9527084.707651282,20.150439125060483,8.578364184607494,0.39863101722444705,-0.01963127796329351,18.78910030122073,0.43964449322844046,623746644.040074,33.39491217311331,21829.35196387014,19287924.444473393,-8.158943329989114e-07,-4.301123228821188e-08,-13.969582361213813,33.41412064395581,127.95791317732692,127.96409269987633,89.4528376545343,70115.67310645565,79095419.3099821,1.235057078906339,0.3784101391113073,1.3469971007757053,3.3171784648521547,0.37308181737626706,1.1652580963594645,3.2808614047941287,0.5714360636995148,5.363663578816914,-10.316666666666666,0.6705,0.4235,0.8585416666666666,0.7288333333333333,1.222,0.8206666666666667
11.788966666666667,0.8683333333333334,10.796666666666667,6.46,244.2875,0.09647933735526146,-19.046666666666667,11.935,42.38666666666667,-42.38666666666667,1.521593605582198e-07,21.19333154186143,36.70793114938314,21.193335212654443,36.707929030049804,-36.70793114938314,0.0,10871540.390976539,16905278.647741344,0.4052827764671014,0.4106103432174707,1.0888131050738092,1.3910361700372045,1.5942204988298683,3.9265758172776515,8598246.33015316,9.840516054970616,38.18779956985623,0.4799650423946184,-0.07398058112404596,20.615727426385266,0.5747015068414866,1596091769.7745008,66.78268475991845,19735.647737834704,17002310.854155764,-5.461984296094575e-07,-2.9049552127188695e-08,-14.91441298392433,66.9226686791421,93.44455052738726,93.45586314047691,57.5445456760624,68868.20121221604,78324917.93970789,1.1802410394835214,0.37999399074867324,1.3689508576546,3.3231332265054827,0.37499833722962533,1.1891753586876277,3.2859206738044464,0.5689024835382124,5.380700234638077,-13.083333333333334,0.4525,0.6295,0.924375,1.4965000000000002,1.1566666666666667,1.1353333333333333
11.450633333333334,0.845,12.936666666666667,13.553333333333335,242.31250000000003,0.09688280737923714,-18.22,19.308333333333334,61.120000000000005,-61.120000000000005,2.1940814998391933e-07,30.55999741676401,52.931474170736806,30.56000270991128,52.9314711147368,-52.931474170736806,0.0,14059300.898662617,22084349.012851723,0.4057555613575376,0.41092440183699575,1.0987602571689195,1.4034214811007109,1.605322804466152,3.9301143004892176,9950032.41280426,24.617166033098446,4.836666090406293,0.5490315391772894,-0.01753835252245621,17.207504924252447,0.8039556638242275,609258513.07182,21.656469603079717,24603.630843861898,22181311.478100866,-8.813346811837786e-07,-4.8679205868779954e-08,-12.775829595071675,21.667131749875065,150.2938959764758,150.30041492790767,106.28392379881309,68311.41997128425,77971227.60807599,1.1506305863813624,0.38071693059005085,1.3789417072928776,3.325909421748746,0.3758655715830749,1.2001314008002981,3.2882942922143785,0.5639286229662445,5.38858505621277,-6.216666666666665,0.20950000000000002,0.10550000000000001,0.9647916666666667,1.4288333333333334,0.814,0.8993333333333333
13.585633333333334,0.7716666666666666,11.583333333333334,10.273333333333333,248.2875,0.095692622262821,-17.806666666666665,19.145000000000003,53.22,-53.22,1.9104878504817057e-07,26.609997750657403,46.08987328806631,26.610002359644604,46.0898706270663,-46.08987328806631,0.0,14095139.624258226,27788590.4346745,0.4030909988166155,0.4087278412872608,1.0691001559205624,1.3663086543796186,1.5719044058529885,3.919415187508814,9962333.814209342,18.790533502283523,8.547642890055174,0.5457776016859266,-0.017459571578013783,23.023015813121976,0.6972503113687587,729818218.3647692,32.333842400516005,30249.806709229942,27885580.679971844,-6.845449101293325e-07,-3.132792832725744e-08,-13.053894708497987,32.3515622111235,139.40767475667903,139.41403631605527,91.55505075959157,69995.85942169816,79023166.02869831,1.230747776174661,0.37855738580678416,1.3490764017534986,3.317732102728994,0.37326175190856786,1.1675167149681882,3.281330107745027,0.5718613282464693,5.365220975440747,-9.183333333333332,0.6084999999999999,0.35450000000000004,0.9227083333333334,1.0018333333333334,0.8646666666666667,1.11
10.995633333333334,1.0196666666666667,13.043333333333333,8.913333333333334,239.18750000000003,0.09754379050774703,-22.433333333333334,15.318333333333335,54.120000000000005,-54.120000000000005,1.9427959877502804e-07,27.059997712618916,46.86929617343384,27.060002399548406,46.86929346743383,-46.86929617343384,0.0,13260582.72544226,21389725.176863007,0.40732844456706446,0.41226515596751306,1.1148186277295344,1.423536715423449,1.62324286156463,3.9361922778399667,9631337.6333357,21.23529636156915,5.413018047517474,0.3746773672681082,-0.01680293064227767,18.018162396616113,0.6598843361004264,579888618.5689539,23.664590142102533,23951.819239034405,21486699.4741212,-7.490328936132235e-07,-4.433635909092305e-08,-17.052088246568335,23.675742342696473,133.66724206542145,133.6736547291125,94.22375800951936,67430.43699512634,77397007.15669823,1.0990162040070073,0.38193514606078477,1.3949806995825496,3.3304969043700368,0.37730513548914574,1.2178341263141126,3.292246829846665,0.5521047122966368,5.402243250489679,-9.55,0.5385000000000001,0.1015,0.8427083333333334,1.1768333333333334,1.4220000000000002,0.8526666666666667
7.530633333333333,0.755,13.516666666666666,6.833333333333334,240.63750000000002,0.09723502362570817,-16.993333333333332,7.968333333333334,59.553333333333335,-59.553333333333335,2.1378414090383414e-07,29.77666414964582,51.574700999911855,29.776669307115778,51.57469802224518,-51.574700999911855,0.0,10301618.406514663,12229456.224548977,0.4065590713704807,0.4116012036908693,1.1073098144283005,1.4141389501589363,1.6148786328701619,3.9333049296007307,8462383.572724413,23.704633827216174,8.12873191309275,1.032326122732418,-0.019401822925850756,13.843653887998874,1.564709040475154,1018341145.4875568,18.258555154623718,14992.966001932604,12326421.116200274,-8.920775864865855e-07,-5.5387775380396915e-08,-13.310506118109435,18.268334983152673,113.65901588274737,113.66570632307482,85.53575043394103,67839.2130960636,77665523.3845288,1.1258853799471826,0.3813319887046377,1.3874897530513104,3.328314824884273,0.3766015564505965,1.2095584971513358,3.2903613433558796,0.5597321727334916,5.395319317630281,-0.01666666666666572,0.35050000000000003,0.4655,0.9147916666666667,0.17816666666666667,0.938,1.3900000000000001
11.975633333333334,0.9670000000000001,12.93,13.086666666666666,239.5375,0.09746818026704884,-23.35333333333333,14.291666666666668,50.25333333333333,-50.25333333333333,1.803990657263071e-07,25.126664542710195,43.52066451778076,25.126668894776525,43.52066200511408,-43.52066451778076,0.0,13246265.399847992,22356257.958370913,0.4071800745408033,0.4121428448500503,1.1129907657157752,1.4212631093032273,1.621212065110457,3.9355078175350036,9626043.449334115,19.215893042771906,6.086352697395148,0.2916425759748531,-0.012866046243669995,16.92135279869641,0.5374632816767323,565041783.1047723,26.25066235231293,24926.220305841063,22453244.106171228,-7.756460960316653e-07,-4.1801017862853895e-08,-17.885375235399316,26.262789775795895,126.8196131915143,126.82594560341443,88.77813631208355,67529.10708845603,77462315.33917461,1.1067903436521138,0.3818021737896741,1.3931584787528901,3.329974435802001,0.3771476722165552,1.2158284170583433,3.2917981338803792,0.5548888419118553,5.40076429406115,-10.183333333333334,0.5795,0.2715,0.969375,0.2948333333333333,0.7526666666666666,1.0273333333333334
13.282300000000001,0.757,13.783333333333333,6.02,244.9625,0.09634355379254339,-16.299999999999997,11.888333333333334,57.92,-57.92,2.0792081228842616e-07,28.959997552011966,50.16019280054116,28.960002568031108,50.160189904541156,-50.16019280054116,0.0,13042454.091500267,26528269.078599684,0.4045741408985189,0.40994775109082254,1.0854340038682244,1.3867531803576245,1.5903635819513997,3.925250596043838,9585323.995251644,22.43915607019641,6.919649245636043,0.6790622137968103,-0.017519688049466506,20.554125978693087,1.00945046463092,676597344.9076973,20.87506769773957,28971.71422782493,26625242.545017302,-7.213374520957643e-07,-3.41314952946391e-08,-12.772415006865868,20.881210441124928,149.46276944190933,149.4692527944363,98.70530043551422,69058.49353506617,78444472.95830472,1.1904658460040638,0.3797511665970213,1.3655617590399474,3.3222026070192934,0.3747055856645284,1.1854717252917804,3.285127852301929,0.5706081862621559,5.378074532607169,-18.916666666666668,0.14250000000000002,0.1555,0.831875,1.0601666666666667,0.7073333333333333,0.786
12.885633333333335,0.767,13.51,10.726666666666667,238.4875,0.09769582168548552,-16.619999999999997,20.825000000000003,48.153333333333336,-48.153333333333336,1.7286050036363976e-07,24.07666463146667,41.70201111858987,24.076668801667665,41.7020087109232,-41.70201111858987,0.0,13700778.427590089,22197348.107310835,0.4077975457470821,0.41268482421009695,1.1184911011710805,1.428130960390155,1.6273411997460117,3.937617554678743,9865631.274902597,17.305940836502657,7.175644618677444,0.40161719039024396,-0.010480675680268179,17.792721861328587,0.6400438410264796,664624261.9874516,26.081365584151666,24845.327716029,22294363.303929996,-6.171557493716616e-07,-3.7537621704299495e-08,-11.29135567763712,26.09326023698957,113.12048914171493,113.12125066585065,73.04813916409712,67233.09680846699,77266074.06226999,1.083554733751785,0.38220096896626155,1.3986339576487656,3.331548037593383,0.37761979551269165,1.2218621914372405,3.2931509023737324,0.5465517756422973,5.40520143550276,-10.35,0.39449999999999996,0.6535,0.7589583333333333,0.8548333333333333,1.226,1.026
7.740633333333333,0.8743333333333334,13.643333333333334,12.046666666666667,249.3625,0.09548966013572636,-21.313333333333333,20.335,42.72,-42.72,1.5335595823483366e-07,21.359998194439765,36.99660629211185,21.36000189410029,36.99660415611184,-36.99660629211185,0.0,12256028.135103118,13071870.829031404,0.402674894456812,0.4083996512771156,1.0639076308048805,1.3598206411954876,1.5660176469214642,3.9176125963992368,9297832.68475345,14.95602761017662,8.739122958744133,0.2964989078984307,-0.008734973660403166,12.220860213971681,0.6196864221144095,722039977.2445267,29.444251997582192,15994.603069370094,13168899.819380725,-7.416090783178285e-07,-5.924176776122667e-08,-13.633759438633065,29.460452805295503,85.19434341899282,85.19627119454773,62.92251114460413,70298.9175654965,79205632.29781389,1.2416890735028443,0.37817278831422285,1.3438133615570853,3.31632497095508,0.3727949609435674,1.1618127680944412,3.2801397925738143,0.5707960449975795,5.361100797390182,-1.7833333333333314,0.5305,0.3295,0.828125,1.3541666666666667,0.9073333333333333,0.7593333333333333
9.6773,0.7683333333333333,11.383333333333333,11.02,236.9125,0.09804439868200246,-20.86,20.87166666666667,49.72,-49.72,1.7848450944372492e-07,24.859997898584858,43.058784289414824,24.860002204463164,43.05878180341482,-43.058784289414824,0.0,12195678.307431139,14059413.584057316,0.40849913650551173,0.4132709056512177,1.1268102695388797,1.4384963237460155,1.6365500419199677,3.9407897328998605,9108735.589514038,17.87318213062581,10.679279978536721,0.3003093639396533,-0.016396981826612936,15.846531521948373,0.3848058019666686,701955563.2822589,33.44605814013401,16857.881927657138,14156411.300698835,-7.472247345941619e-07,-5.0957221230163646e-08,-14.075150999398325,33.45852567167945,100.68344226956755,100.68483320978147,70.39986777504268,66789.08138848338,76967946.56388254,1.0491951728703905,0.38279847885501594,1.4068968876866408,3.3339437233756604,0.37832645818266813,1.23100643827707,3.2952181164167227,0.5340314828107341,5.411859059479124,-1.9166666666666643,0.49250000000000005,0.24350000000000002,0.8460416666666667,0.5141666666666668,1.2366666666666668,0.7153333333333333
9.618966666666667,0.9523333333333335,14.183333333333334,13.246666666666666,247.0625,0.09593025137794194,-18.98,15.878333333333334,51.35333333333333,-51.35333333333333,1.843478380591329e-07,25.67666449621871,44.47329248878551,25.676668943547835,44.47328992111884,-44.47329248878551,0.0,12630442.969116317,17089515.026373204,0.40361804954794334,0.4091567509484975,1.075062691402146,1.3737777135590663,1.5786564753782226,3.9215303621477435,9470742.89432302,19.072748581934224,6.368238887535925,0.626633379584701,-0.01076960434373369,13.718995947629972,1.0575603591505314,707290866.8211364,21.54037599153305,19817.4428064533,17186508.144861307,-8.2604940867433e-07,-5.310657925566995e-08,-13.414552121092816,21.553706722374756,113.68392912056953,113.69010925353601,83.06497107030158,69650.51409504427,78811149.12018406,1.2183567444410304,0.3789939633547035,1.3551049522175138,3.319354357927458,0.3737914361022812,1.1740748463017763,3.2827065579137042,0.5731049756080135,5.369899303297162,-1.1499999999999986,0.3075,0.23950000000000002,0.978125,0.7498333333333334,1.1446666666666667,1.1606666666666667
9.700633333333334,0.8083333333333333,10.803333333333333,9.633333333333333,235.81250000000003,0.09828219293476902,-19.46,11.561666666666667,41.586666666666666,-41.586666666666666,1.492875261343465e-07,20.793331575673417,36.01511080683422,20.793335177184396,36.01510872750089,-36.01511080683422,0.0,10110750.5494051,11844405.780760486,0.4094240328891506,0.4141217446121762,1.1326821659444464,1.4458785468426583,1.64308486495762,3.943155090166218,8264535.133586179,10.246531352035532,41.49648752775578,0.3839313573277954,-0.07302069014882134,15.99599544301568,0.450590479845695,1640942060.3737755,65.28818851607203,14792.841363915713,11941440.931828568,-5.515808334995878e-07,-3.623259537216328e-08,-14.752466398339983,65.39022194532808,79.7551228521092,79.76868929734763,49.462741315374444,66478.97538087581,76757853.82477038,1.0255499500664225,0.38321516801192235,1.4127029586854576,3.335642327278034,0.37881878766394156,1.2374600580024633,3.2966895669360063,0.5253467958345474,5.4165090451419085,-11.85,0.4415,0.5305,0.8477083333333333,0.5655,0.9993333333333333,1.1873333333333334
7.6123,1.0590000000000002,14.190000000000001,8.313333333333333,245.03750000000002,0.09632855287023318,-18.206666666666667,10.885,44.95333333333333,-44.95333333333333,1.6137316266814658e-07,22.476664766714627,38.93072974839423,22.476668659787492,38.930727500727556,-38.93072974839423,0.0,10275385.348388996,11288921.876085436,0.40466179720943296,0.4100435356215324,1.0850630481797632,1.386308989935362,1.58996462711838,3.9251563281157646,8501059.374509724,16.088310120189576,7.2816438818580345,0.48069508660015425,-0.00943857143259638,12.065996743141154,0.8660169341924232,751478750.721647,23.73517746149306,14227.56871596626,11385942.662630998,-7.634653962537954e-07,-5.407055957376673e-08,-13.391885660279229,23.748092873289142,83.43055589325489,83.43305565861634,62.712640310106984,69079.63712649395,78457709.00893278,1.19160570849577,0.37972417902746997,1.3651858656333646,3.322099634792128,0.3746730379537994,1.1850614216093303,3.285040213901316,0.5707977138376266,5.377782877002169,-8.383333333333333,0.39349999999999996,0.4245,0.7814583333333334,0.4021666666666667,0.7766666666666666,0.9179999999999999
9.770633333333334,0.819,14.436666666666667,6.953333333333333,238.6625,0.0976576462457658,-22.833333333333332,14.665000000000001,44.52,-44.52,1.5981758568854857e-07,22.25999811836279,38.5554520628469,22.26000197390789,38.5554498368469,-38.5554520628469,0.0,12292253.47875002,17719315.12336666,0.4076631870635768,0.41256263281364186,1.117571010381859,1.426977639603501,1.6263131319550688,3.937256895629072,9329991.212280966,16.44558597297476,6.683891590169143,0.36291490226101486,-0.009861984012088217,14.868126968377089,0.7316038079453253,664756287.8157825,24.705565707689136,20470.299689293948,17816327.833657105,-6.895439100926026e-07,-4.768142116425507e-08,-17.04505197125026,24.71677993695793,100.67926914860003,100.68061246654796,73.38167705799788,67282.4318551318,77298899.2207114,1.087409187818687,0.3821345237636214,1.397719538914637,3.3312844723606765,0.3775411596690612,1.2208530972464176,3.292924042119016,0.5479387731822151,5.404461771634942,-7.616666666666667,0.5355,0.1915,0.869375,0.5701666666666666,1.3246666666666667,1.3793333333333333
8.3123,0.7476666666666667,13.17,6.98,242.71250000000003,0.09679986518265875,-20.833333333333332,13.965,46.22,-46.22,1.659202338392793e-07,23.10999804651231,40.02769529076333,23.11000204928173,40.02769297976333,-40.02769529076333,0.0,11053445.994152172,12897207.950746318,0.40573288120792833,0.41093513409682586,1.0967380245567273,1.4009127543530058,1.603082221253684,3.9294161756822796,8759085.526717711,16.68337154807709,7.763069666023184,0.3302402183649037,-0.012413340994869241,14.118164817735392,0.6496770478513155,685811859.0763237,26.701501630674638,15763.90407316927,12994217.491659777,-7.135525249298748e-07,-5.1405930702887324e-08,-15.287637916517227,26.71446367312296,90.84479220990524,90.846755095485,66.54809449648259,68424.18579223247,78043413.84952357,1.1565903108507505,0.38057300542950445,1.3769132663595398,3.3253446280403107,0.37569243892030263,1.197899829694223,3.2878103091553705,0.5649395788708159,5.387023621391675,-19.283333333333335,0.2815,0.3285,0.7902083333333333,0.40449999999999997,0.8086666666666666,1.354
11.4623,0.713,11.81,6.3533333333333335,240.88750000000002,0.09718170903927698,-22.273333333333333,12.028333333333332,49.88666666666667,-49.88666666666667,1.7908280828203188e-07,24.94333122487403,43.203121860779184,24.943335545186095,43.20311936644584,-43.203121860779184,0.0,11766227.668769393,18978775.389430244,0.40657452248357306,0.4116375696077209,1.10603169930655,1.412553767128375,1.613471023699545,3.9328581943355174,8962861.166835591,18.36926079958353,8.601636173679664,0.2959263840047478,-0.0186900798123717,19.653727259124658,0.44571684217727375,642927334.0353138,30.58612088202338,21641.141310608386,19075764.48372346,-6.612673921944304e-07,-3.6386230556037306e-08,-17.637370649431382,30.599662446079414,114.30350553110972,114.30946849601816,76.62758916273485,67909.69173415625,77711462.74509977,1.1295577329219229,0.38124203540436175,1.3862115584848766,3.327954745144862,0.37649354373339877,1.2081443963750618,3.290051238845662,0.5603640551045321,5.394340764400487,-17.883333333333333,0.1965,0.49050000000000005,0.966875,1.0625,0.9966666666666666,1.3593333333333333
11.7773,0.9303333333333335,11.283333333333333,10.913333333333334,242.9875,0.09674305691119701,-20.38,8.388333333333334,41.62,-41.62,1.4940718590200787e-07,20.80999824093125,36.0439783211071,20.81000184532898,36.04397624010709,-36.0439783211071,0.0,11134979.700304508,18845050.817869753,0.40586414306966995,0.41109129765302305,1.095353889337346,1.399214734349978,1.6015646598712467,3.928965445939475,8756586.424474578,13.011630579770008,23.561865734529142,0.3669988588094598,-0.025533570019165543,18.77772988482834,0.5141187095673408,1166454623.9642313,51.44416750894153,21621.94085697113,18942081.399135884,-5.662480345897044e-07,-2.732387643923479e-08,-16.52442724474946,51.40804720937718,94.3157201868922,94.31732677233819,60.03120320517532,68501.71229413437,78092943.98122957,1.160698683472307,0.38047404287453307,1.3755208416088256,3.324957782335149,0.3755733570462581,1.196369713660533,3.2874791451713565,0.5656346164472956,5.385950513225402,-14.816666666666666,0.39749999999999996,0.1705,0.8697916666666667,0.22716666666666668,1.3926666666666667,1.4553333333333334
9.723966666666668,1.0496666666666667,10.516666666666667,6.286666666666667,247.51250000000002,0.09584049310678586,-23.313333333333333,10.418333333333333,57.88666666666667,-57.88666666666667,2.0780115252076477e-07,28.943330886754133,50.13132528626829,28.943335899886524,50.13132239193495,-50.13132528626829,0.0,11300489.833613854,15858334.330617942,0.4034277828395928,0.4090027098516197,1.0728693332095904,1.3710283192473074,1.5761769799650838,3.9207548508024215,8703144.530590503,22.58344377390463,7.451121009526387,0.2923220125631613,-0.031815920992265455,20.169075959272366,0.46169356613947976,572885328.0853198,29.977573686378726,18524.1471066853,15955291.88092976,-7.449876645077573e-07,-4.361888414388333e-08,-18.621112839229426,29.994712485731352,127.70278982004622,127.70917998240395,88.93418088682496,69777.37564361103,78890588.937338,1.2228906919985507,0.3788380733779449,1.3528907599204472,3.31876025656589,0.37360118680057364,1.1716604339817893,3.28220194236828,0.5726383033806488,5.368247183385477,-18.316666666666666,0.1255,0.34950000000000003,0.7977083333333334,0.6728333333333333,1.3086666666666666,1.3086666666666666
8.650633333333333,1.0976666666666668,13.456666666666667,12.246666666666666,237.1125,0.09799968005364143,-21.22,10.978333333333333,60.92,-60.92,2.1869019137795098e-07,30.459997425217004,52.75826908509958,30.460002701043766,52.75826603909957,-52.75826908509958,0.0,12226256.358665016,17428695.763462376,0.4082529668600816,0.41303697420262153,1.1257455204293354,1.4371459757303167,1.6353509446134968,3.940337218451253,9228685.929527901,25.6570998542195,5.440898537462004,0.7074806865667133,-0.01844241587481211,14.62358265158561,1.0624776834552268,712136355.5506765,19.400359302441974,20028.929073364437,17525648.859367277,-9.797167782283006e-07,-5.728222902958941e-08,-16.317062693860706,19.409150619811527,140.73136905935232,140.7381261444464,106.71019843267864,66845.46429895748,77006034.93509284,1.0535248760449274,0.382722665375937,1.405844357522793,3.333637154148649,0.3782368398386625,1.2298390370552819,3.294953056566936,0.5356062900818694,5.411013723175015,-12.149999999999999,0.3245,0.5984999999999999,0.940625,1.1418333333333333,0.8046666666666666,1.4286666666666668
6.6673,1.0543333333333333,12.456666666666667,13.393333333333334,246.6875,0.09600367776891272,-23.94,16.251666666666665,44.85333333333333,-44.85333333333333,1.6101418336516243e-07,22.426664770941127,38.84412720557561,22.426668655353737,38.844124962908936,-38.84412720557561,0.0,11534482.297856128,12590848.319515567,0.4038673802021285,0.40937765845985075,1.0768974129268025,1.3760928517675994,1.580742172448966,3.9222100266954003,8944386.265079832,16.24072091387009,9.287680327599041,0.2572060025376709,-0.011293564458618073,12.28308380299652,0.5105300331163986,695351777.7213184,31.138238159021917,15469.606742963362,12687857.396242987,-7.96367343350116e-07,-5.870591797911032e-08,-16.596767526411067,31.153903966301623,90.34359150821963,90.34561088332043,67.00439127536784,69544.79613790533,78746202.27028154,1.2145933935594675,0.3791237795783675,1.3569534807400483,3.3198515969750866,0.3739498214822442,1.1760933940841363,3.283129412910921,0.573527972165448,5.371275362292975,-11.216666666666665,0.48650000000000004,0.1335,0.8277083333333334,0.8851666666666665,1.0993333333333333,1.482
11.2873,0.9316666666666668,11.05,13.18,248.7875,0.09559740488030814,-23.5,20.288333333333334,57.486666666666665,-57.486666666666665,2.0636523530882812e-07,28.743330903660127,49.78491511499383,28.7433358821515,49.78491224066049,-49.78491511499383,0.0,14187747.846583545,22731793.570366833,0.40278836577452515,0.40846423284368855,1.0666810310747505,1.3632668120829283,1.5691498445687553,3.9185465497211465,9942018.917878848,22.064563532083245,6.735232671671902,0.3373503392372387,-0.021008328731701754,19.526360785154814,0.4484481626533266,547961630.4135957,31.050203212760152,25245.566261654312,22828756.41338048,-8.699442124387911e-07,-4.449194264106749e-08,-17.195474186566397,31.067088094042145,147.30832007955814,147.31499804117252,105.83483340122517,70136.81669788343,79108170.91281651,1.2358185747777253,0.37838416475453096,1.3466306188549995,3.317081045270437,0.37305006385828626,1.1648602761416635,3.28077897881925,0.571361337798778,5.363389019364755,-4.083333333333332,0.4165000000000001,0.48350000000000004,0.899375,0.7334999999999999,1.4686666666666668,0.9353333333333333
8.2773,0.9816666666666667,12.003333333333334,6.3,238.5625,0.0976794471668318,-16.86,15.435,45.28666666666667,-45.28666666666667,1.6256976034476047e-07,22.643331419292966,39.21940489112294,22.643335341233346,39.2194026267896,-39.21940489112294,0.0,10187748.990325427,9609744.504586497,0.40786429873331853,0.4127589442561332,1.1180991245080643,1.4276599948019844,1.6269232644262488,3.9375062885191277,8332214.626129945,15.277089016608,12.333132541008125,0.3108862817612259,-0.014915570877094587,14.180347561465451,0.47560148451086737,818395726.8646818,33.295554664431485,12591.04933293409,9706769.746118277,-6.853165618303835e-07,-5.213225210147744e-08,-11.556906663303888,33.29720326626147,74.97778780123257,74.98017718538227,52.89602863362239,67254.24039989476,77280149.41702715,1.085205806570959,0.38217248970419543,1.3982419591138509,3.3314350108728155,0.37758609424364903,1.2214295707211262,3.2930536084152418,0.5471461009594331,5.404884375707309,-2.1833333333333336,0.1005,0.6775,0.786875,0.35083333333333333,1.4700000000000002,1.2806666666666666
12.3023,0.933,12.863333333333333,9.66,238.6875,0.09765220172900058,-18.64666666666667,20.218333333333334,50.620000000000005,-50.620000000000005,1.817153231705824e-07,25.30999786054637,43.83820717478235,25.310002244366967,43.83820464378234,-43.83820717478235,0.0,13594144.244791029,21777468.7748682,0.40764877645762726,0.41254995885574713,1.1174397248472585,1.4268135392762284,1.6261668064763366,3.937205502566749,9768510.617414987,18.480424385069522,6.97764107777313,0.37124280786747843,-0.013550337009674103,18.608316898017733,0.5399183620638673,620017454.7708533,26.585373616434577,24394.008545855795,21874467.870840017,-6.552233729423273e-07,-3.9566174868984614e-08,-13.129908392843173,26.597346240349157,118.99253800466762,118.99841445709582,77.78770321552072,67289.47971894106,77303583.55427773,1.087960442589521,0.3821250356518386,1.397588986154952,3.331246870655659,0.3775299287866112,1.2207090639813167,3.292891684588818,0.5481369835599162,5.404356177998117,-6.149999999999999,0.2355,0.5195000000000001,0.7660416666666666,0.25516666666666665,1.3486666666666667,0.7033333333333333
9.2223,0.745,13.99,13.926666666666668,244.26250000000002,0.09648438866260281,-17.726666666666667,16.788333333333334,50.18666666666667,-50.18666666666667,1.8015974619098436e-07,25.09333121219453,43.46292948923502,25.093335558487357,43.46292697990168,-43.46292948923502,0.0,12310102.60854028,15347003.148668457,0.4049345181689509,0.41025455273018724,1.0889304342377648,1.3911328579280888,1.594304998333924,3.9265337660745647,9338175.606142633,18.290288379953008,6.198327573004714,0.5636725792699099,-0.0099931500767725,13.058326061471359,0.9017664386479053,720849253.0266974,22.15905182825476,18135.052694386515,15444004.5668472,-8.103044310051563e-07,-5.3842054865440274e-08,-12.057250514866922,22.171672923979646,103.40088753385267,103.40686472049973,74.3899880770681,68861.15334840679,78320478.54177947,1.179863310974122,0.38000298248706005,1.3690766021372298,3.3231678314852817,0.3750091741503294,1.1893129136532086,3.285950180622886,0.568839322965254,5.380797495015236,-5.449999999999999,0.37450000000000006,0.30050000000000004,0.8464583333333333,0.15483333333333332,1.322,0.9393333333333334
10.015633333333334,0.867,12.196666666666667,10.153333333333332,237.18750000000003,0.09798294516919986,-21.9,7.758333333333333,54.620000000000005,-54.620000000000005,1.9607449528994886e-07,27.309997691486423,47.302308887526905,27.310002421717183,47.302306156526896,-47.302308887526905,0.0,11253304.702484384,17063895.352090627,0.408289799148849,0.4130803312380964,1.1253492911223155,1.436662485364283,1.6349231238361062,3.940204686192237,8759411.921899408,21.700974343895272,6.101858770955518,0.3431488820784612,-0.018652912718202356,16.674350459552407,0.5687153371305175,614209243.137763,24.614626603134123,19717.737633238685,17160865.549072206,-8.244548580852574e-07,-4.275359596647633e-08,-17.72955390660463,24.62560604851889,122.49456185314675,122.50086867408024,87.58652300679731,66866.60789038529,77020300.43694192,1.0551510273187796,0.38269423805901764,1.405449919851437,3.3335223778284186,0.3782032302277364,1.2294017091625091,3.2948538539162793,0.5361971558738255,5.410696823678764,-3.383333333333333,0.1595,0.6525,0.8139583333333333,0.9785,0.786,1.0446666666666666
12.500633333333333,1.0283333333333333,10.73,7.3133333333333335,249.76250000000002,0.09541446743089516,-17.593333333333334,8.248333333333333,60.02,-60.02,2.1545937765109354e-07,30.009997463255495,51.978846199732054,30.01000266113997,51.978843198732044,-51.978846199732054,0.0,12319006.07175473,25156047.540658984,0.402374122736828,0.4081288737285224,1.0619834320569588,1.3573930335775561,1.5638114994397647,3.9169010132619118,9166529.748321429,22.93203533512781,7.4391616198912285,0.5688846048129493,-0.029430604313152524,24.99169162346168,0.7573456349092381,712538731.2238791,29.915461268126016,27610.607388202847,25253009.81615097,-7.262111329769165e-07,-3.002134297670074e-08,-14.45316694104488,29.93210346047854,154.37345987880894,154.38005005037675,102.57754628147711,70411.68338644471,79273112.75339131,1.2457673015663409,0.3780342142083929,1.3418662047807888,3.315809980741644,0.37262542545405897,1.159704741378711,3.2797050377390966,0.5704021676760359,5.359637851189091,-6.316666666666666,0.5705,0.5165000000000001,0.7772916666666667,0.4161666666666667,1.074,1.4033333333333333
8.953966666666666,0.919,10.93,12.446666666666667,244.36249999999998,0.09646419383276036,-22.513333333333332,19.518333333333334,54.586666666666666,-54.586666666666666,1.9595483552228744e-07,27.293331026228586,47.27344137325403,27.293335753572595,47.27343864392069,-47.27344137325403,0.0,12344462.127573213,14440088.55714526,0.4048716893160445,0.410199206429629,1.0884297766061948,1.3905043439997935,1.5937398335184791,3.9263487547902693,9161506.384254282,20.56669786109495,8.185288215918446,0.2902928669614458,-0.019709187300363702,15.810226975139837,0.4279725701204404,617128272.0823863,30.78844828850217,17180.070369601253,14537063.00619483,-8.30319529788808e-07,-5.428664971182912e-08,-15.653088614704911,30.804891041318616,115.04839092148666,115.05454285855859,81.69586986315788,68889.34480364383,78338230.66066658,1.181374837101245,0.37996699478784335,1.368573709995732,3.3230294533457054,0.3749658061212281,1.1887628862235942,3.2858322048322393,0.5690919643619653,5.380408153680418,-17.683333333333334,0.47950000000000004,0.5315000000000001,0.8135416666666666,0.2505,1.346,1.1033333333333333
8.5923,1.0316666666666667,14.063333333333333,8.673333333333334,236.7375,0.09808306852171825,-22.74,14.571666666666667,61.486666666666665,-61.486666666666665,2.2072440742819456e-07,30.74333073460018,53.24901682773839,30.74333605950171,53.249013753405045,-53.24901682773839,0.0,12943495.649845252,18083405.810492914,0.4084170345506951,0.41317358375353624,1.1277367125047857,1.439626923855262,1.6375494313870658,3.941097549337013,9532757.788818512,26.132347567612626,6.423986217619163,0.8459097733416272,-0.019759567838047505,15.10488316910258,1.2941099298681766,830439139.6630068,18.5830590680838,20658.624416575003,18180355.657573607,-9.841082009267874e-07,-6.441805055532246e-08,-16.950366735455514,18.59122192957638,146.59506643824867,146.60209615320866,115.70023289337652,66739.74634181855,76934603.61777548,1.045410262714065,0.38286484336773297,1.407818806448778,3.3342126092657174,0.37840488433878666,1.232029466826982,3.2954506956811014,0.532604106092101,5.412599895442815,-1.4166666666666643,0.35750000000000004,0.35550000000000004,0.8197916666666667,0.6611666666666667,1.1113333333333333,0.8126666666666666
13.1773,1.0423333333333333,11.21,8.193333333333333,249.7875,0.09540977757899312,-22.193333333333335,9.648333333333333,59.38666666666667,-59.38666666666667,2.131858420655272e-07,29.693330823356654,51.4303634285475,29.693335966392855,51.43036045921416,-51.4303634285475,0.0,13562750.458586566,29713870.211133253,0.40233251893475164,0.4080887376503535,1.0618629494203968,1.3572374743249644,1.5636699400992216,3.9168501731096597,9699363.763763458,23.284380267249066,6.451071335984029,0.46421198205490377,-0.027635347938282432,25.272590910801508,0.654741177231936,632829016.7537644,29.646379989934825,32038.348694505865,29810825.22042858,-7.731548004645418e-07,-3.134466012639879e-08,-18.290982281285757,29.66156961315693,170.19252896428736,170.199664224631,117.21535001748936,70418.73125025397,79277325.98033105,1.2460225757870145,0.3780255443067749,1.3417446197843195,3.3157778599114573,0.37261481806048985,1.1595731946113204,3.2796779348209877,0.5703776376841613,5.3595463133478285,-15.083333333333332,0.6204999999999999,0.1005,0.755625,0.9528333333333332,0.87,1.066
11.485633333333332,0.9323333333333335,11.703333333333333,6.486666666666666,240.93750000000003,0.09717118609581009,-17.46,15.691666666666666,53.75333333333333,-53.75333333333333,1.9296334133075276e-07,26.876664394782743,46.55175351643224,26.876669049957965,46.55175082876557,-46.55175351643224,0.0,11999033.475699682,18429668.4851729,0.40653294830613895,0.41159953686714473,1.105775311183349,1.4122299916409213,1.6131828833411341,3.932759150147363,9042574.131885055,19.780232856227503,7.589320557252741,0.40059949133859907,-0.01990664115955372,19.984072333899068,0.5332036148484012,642447954.2808008,27.85012910031398,21100.960322665247,18526655.83916983,-6.780539890479328e-07,-3.799595156614688e-08,-12.979634496403039,27.863353151026907,117.29546518139941,117.30128858453561,76.97703752566527,67923.78746177477,77720544.75624654,1.130293524425027,0.38122404106070934,1.3859560477687682,3.3278828372960403,0.3764719367550194,1.2078619570951241,3.2899893565108402,0.5604869055368497,5.394145117335565,-10.049999999999999,0.1325,0.5995,0.8089583333333333,1.0111666666666668,1.0873333333333333,0.8006666666666666
11.6373,1.0803333333333334,10.943333333333333,10.02,238.7375,0.0976413195190755,-21.286666666666665,11.981666666666666,46.35333333333333,-46.35333333333333,1.6639887290992484e-07,23.176664707543644,40.14316534785482,23.176668721860068,40.14316303018815,-40.14316534785482,0.0,11932591.319352666,19791066.664220523,0.4077358130428449,0.4126422472023532,1.1171796386248467,1.4265052713309307,1.625893162096973,3.9371344328252285,9035788.355775021,15.639404005221907,16.520138167711483,0.36867107291481954,-0.020220038449200103,20.150758119353146,0.468280014029811,918838119.1211776,43.39477114875679,22475.964502470833,19888073.365170326,-6.233488470818687e-07,-3.113451505269506e-08,-16.7901327949717,43.40579799374072,107.3376898748529,107.33870487008409,69.99131925341787,67303.57544655961,77312948.4753084,1.0890633394331397,0.38210604833963757,1.3973278889732432,3.331171682529172,0.37750745609521386,1.2204210747109143,3.2928269949905755,0.5485334551677297,5.404144841351024,-17.383333333333333,0.34850000000000003,0.1525,0.7652083333333334,0.7988333333333333,1.2873333333333332,1.2473333333333332
13.095633333333335,0.8223333333333334,13.443333333333333,12.14,245.0625,0.09632369987671974,-17.03333333333333,19.12166666666667,51.42,-51.42,1.845871575944557e-07,25.70999782673438,44.53102751733126,25.71000227983701,44.53102494633125,-44.53102751733126,0.0,14061043.290448045,24731789.133186158,0.4046027986707935,0.40998545336051784,1.0849376843081842,1.3861436113438228,1.5898149518860558,3.9250916100221955,10024361.057773111,18.725980077710364,5.998105965898233,0.43012522249909435,-0.011694483141085187,18.35740034904946,0.6648178574019573,619231713.9645104,24.528717420897095,27286.323480680596,24828788.341046754,-6.554928171265513e-07,-3.652489091143073e-08,-12.029486941262906,24.54225279007267,127.95737960753925,127.96345758250281,82.64455491962427,69086.68499030321,78462001.98496243,1.1919857865046741,0.3797151798102127,1.3650605968738951,3.322065327249586,0.3746621858307688,1.1849247318130989,3.2850110231995746,0.5708608899345395,5.377685613825182,-12.916666666666666,0.5065,0.2705,0.846875,0.9061666666666667,1.058,0.9433333333333334
7.110633333333333,0.9043333333333334,13.963333333333335,12.993333333333334,243.43750000000003,0.09665070117394947,-17.953333333333333,14.711666666666668,47.45333333333333,-47.45333333333333,1.703476452427506e-07,23.726664661052162,41.09579331885957,23.726668770631377,41.0957909461929,-41.09579331885957,0.0,11129328.500491023,11775019.616718274,0.4053584062832649,0.4106158778888545,1.0930792542867138,1.396326616663735,1.5989753828672937,3.9280672244706936,8860924.048152357,17.233887333581507,6.908764102594441,0.5363195581273328,-0.009284805733713616,11.447006231726292,0.9317683452853247,759214105.7548945,22.891500579989653,14675.776614430584,11872031.32516473,-8.218505817784467e-07,-6.013580061076999e-08,-12.155184328349524,22.904273189023392,89.96520552861955,89.96741084356876,67.11683816867922,68628.5738427011,78173637.02404933,1.1674411122230548,0.38031211262252995,1.3732462958023186,3.3243273723908864,0.3753784269011328,1.1938729839121027,3.286939995399818,0.5667719396313368,5.384195622312354,-18.616666666666667,0.4265,0.38450000000000006,0.9039583333333333,0.3275,1.4886666666666666,0.7753333333333333
9.327300000000001,0.8283333333333334,12.423333333333334,10.940000000000001,248.86249999999998,0.09558314913057778,-17.07333333333333,11.328333333333333,47.68666666666667,-47.68666666666667,1.7118526361638033e-07,23.843331317856997,41.29786591876967,23.843335447643476,41.29786353443633,-41.29786591876967,0.0,10432188.005825737,12299968.620355343,0.40294986398133065,0.40863543594796947,1.066323166418085,1.362848641899585,1.5687720405334653,3.9184773753099407,8474905.777508628,16.64681606005988,8.177006157305469,0.33290787171498043,-0.012357725097556541,14.05893729534501,0.5328400571073457,665571000.3044982,28.067611926620962,15194.15429691811,12396979.731936805,-7.342089041742985e-07,-4.438651852979129e-08,-12.71153897531213,28.083209384329336,89.60699357454959,89.60889228878663,62.909930509124514,70157.96028931122,79120914.79522718,1.2365802286481244,0.378358180311393,1.346264266168037,3.316983698333138,0.37301829924331315,1.164462720454318,3.280696634945304,0.5712867017645363,5.363114337801275,-4.283333333333331,0.15150000000000002,0.5965,0.9552083333333333,1.2631666666666665,1.4793333333333334,0.782
8.475633333333334,0.8363333333333334,13.116666666666667,11.566666666666666,244.9375,0.09634855771668781,-22.846666666666668,18.888333333333335,47.78666666666667,-47.78666666666667,1.715442429193645e-07,23.893331313630497,41.38446846158829,23.89333545207723,41.38446607225495,-41.38446846158829,0.0,12507810.749591291,14864544.024266265,0.4046279468746636,0.41000049703190217,1.085559703721789,1.3869177201519813,1.5905123999989097,3.9253136255670955,9349699.278288588,17.46865191368267,6.962436061809701,0.3119873053600992,-0.011752056545513897,13.70289206993613,0.6253424297280726,643370552.9058002,26.63503927818752,17661.579717204597,14961544.005184133,-7.95625682456101e-07,-5.783663064020608e-08,-15.687277098322353,26.64974229722941,101.47172811343818,101.47339694171465,75.09502055886419,69051.44567125686,78440058.96599758,1.1900860588850422,0.3797601666399635,1.3656871085283833,3.3222369583577835,0.37471643780354663,1.1856085452676197,3.285157087919924,0.5705450105416564,5.3781718167893375,-18.55,0.34450000000000003,0.36050000000000004,0.758125,0.9691666666666666,1.374,0.8233333333333333
12.733966666666667,0.8496666666666667,13.75,11.74,237.9375,0.09781651773162732,-17.39333333333333,19.821666666666665,51.25333333333333,-51.25333333333333,1.8398885875614873e-07,25.62666450044521,44.3866899459669,25.62666893911408,44.38668738330023,-44.3866899459669,0.0,14155194.698843157,24025190.110695552,0.40798534211379245,0.4128312739013817,1.1213848176805663,1.4317267515494874,1.6305403805033292,3.938699732975746,10064530.211836006,19.105917261884443,5.947280156053814,0.44304350350343596,-0.01140102756737824,17.80812058420801,0.7018915414270832,628013487.4776406,23.63791133999081,26586.45279812059,24122189.473435804,-6.649859861603265e-07,-3.892982043250116e-08,-12.137482101193397,23.64885471398582,126.34913262515411,126.35516715985366,83.00192438121725,67078.04380466319,77162522.49381427,1.0714883969672215,0.38240970060131185,1.401512608757051,3.3323797553037937,0.37786675979421896,1.2250426010428517,3.2938675260618058,0.5421981321801445,5.40752582828272,-1.0166666666666657,0.47050000000000003,0.4635,0.919375,1.0531666666666668,0.8673333333333333,1.1673333333333333
7.658966666666666,0.8096666666666666,10.883333333333333,12.673333333333334,239.6125,0.09745210045877675,-20.9,10.745000000000001,52.85333333333334,-52.85333333333334,1.8973252760389534e-07,26.426664432821234,45.772330631064726,26.42666901005417,45.772327988398054,-45.772330631064726,0.0,10335928.142472668,11322606.096202627,0.4071917640765273,0.41216095236505207,1.1126003915887077,1.4207858108313725,1.6207862498089876,3.935380793759819,8354951.768763847,20.11460658967667,8.931829756470897,0.2810357742873872,-0.018522738542467658,13.974411259865427,0.4865541184867777,672233022.6731125,29.973144924955136,14146.429314403424,11419586.351000994,-8.219125445992592e-07,-5.1814427757005326e-08,-15.75639316964007,29.986289292227493,101.05792128720223,101.06404429104737,71.51898872990725,67550.25067988383,77476226.6759567,1.1084600360885923,0.3817736708508432,1.3927683964649524,3.329862745195615,0.3771139143779678,1.2153993282648528,3.2917022665206224,0.5554852489722525,5.4004473406326365,-4.116666666666667,0.5655,0.6515,0.9777083333333334,1.4101666666666668,0.8886666666666666,0.8313333333333333
13.048966666666669,1.0696666666666668,13.923333333333334,10.233333333333334,247.3125,0.09588156686797375,-23.62,17.395000000000003,42.02,-42.02,1.5084310311394454e-07,21.009998224025257,36.390388492381554,21.010001863064005,36.39038639138155,-36.390388492381554,0.0,13844376.36417831,24158981.248786513,0.4036654894771977,0.4092268123358782,1.073847160349751,1.3722744809064682,1.5773019350991404,3.9211347728021013,9962667.524366882,14.827082554205237,8.077806192850458,0.2538012132367454,-0.008982590178355856,17.454046964854346,0.5158819559551878,635885968.0688046,30.096249737091075,26797.08265810123,24256005.910618685,-5.907151842486917e-07,-3.6325136508881354e-08,-17.655599237513027,30.1115896072457,107.1439971003812,107.14480127272563,70.99814524233625,69720.99273313688,78854292.52912901,1.2208747659502288,0.37890735190512,1.3538742212413801,3.3190239220374487,0.3736857495080502,1.1727324569558089,3.2824258266347597,0.5728501631268061,5.3689811983381395,-19.35,0.4155,0.5595,0.9889583333333334,0.5585,1.3433333333333333,1.0793333333333335
11.5323,0.7423333333333333,13.190000000000001,12.793333333333333,242.41250000000002,0.09686197167798714,-22.113333333333333,16.765,55.620000000000005,-55.620000000000005,1.9966428831979045e-07,27.809997649221437,48.16833431571305,27.810002466054733,48.16833153471304,-48.16833431571305,0.0,13817628.092730794,22740990.70707871,0.4057264695791397,0.4109032451427408,1.0982536905186624,1.4027892986352875,1.6047582307911188,3.929931895566395,9871079.968116332,21.848512131441286,5.0036280803646545,0.3863305222306064,-0.015263943702730876,17.03288872469041,0.6360797078042256,585916937.3089114,23.18484752570343,25265.3010597406,22837961.18707397,-8.442445595079512e-07,-4.6843729582077894e-08,-16.444891133423763,23.19637904849568,141.3178990032357,141.32447159502172,100.97528478938736,68339.61142652131,77989342.65395118,1.152118663901715,0.3806809449838348,1.378434266456072,3.325767986322065,0.37582229032957193,1.1995728424954206,3.288173035123555,0.5641813612284237,5.388194529230727,-16.416666666666664,0.2685,0.47050000000000003,0.7677083333333333,0.8221666666666666,1.1086666666666667,0.7433333333333333
7.588966666666667,0.9823333333333334,12.223333333333333,9.326666666666668,241.1625,0.09712334626405905,-21.153333333333332,15.271666666666667,59.32,-59.32,2.1294652253020442e-07,29.659997492840983,51.37262840000175,29.66000263010368,51.37262543400175,-51.37262840000175,0.0,11590611.292384,12740668.694588961,0.40630568140600953,0.41138752925304234,1.1046220974056644,1.4107667450222066,1.6118800125277213,3.9323006966851173,8897885.891727814,23.99036549491065,5.604112034738137,0.5390066402185838,-0.022164033886079845,14.520757138296505,0.8420016111893565,634822327.0050645,21.90022369991674,15479.476104378205,12837628.607295958,-9.32585897256078e-07,-6.499651116230399e-08,-15.19199274090451,21.912108617864288,120.20049327689011,120.2072688348546,92.11827560623796,67987.21823605814,77761829.90919,1.133606413486745,0.3811430821174687,1.3848072091336119,3.3275598215907816,0.37637469592152356,1.2065921663932306,3.2897114078721463,0.5610556236312864,5.393264800806459,-19.716666666666665,0.4105000000000001,0.3215,0.9677083333333334,1.4148333333333334,1.2286666666666668,0.946
6.900633333333333,0.9203333333333334,12.756666666666668,12.940000000000001,240.06250000000003,0.0973580272357059,-20.473333333333333,8.365,52.28666666666667,-52.28666666666667,1.8769831155365174e-07,26.14333112343806,45.281582888425916,26.14333565159622,45.281580274092576,-45.281582888425916,0.0,10303415.695419198,12157839.27633572,0.40686465694102775,0.4118639213898988,1.1102650190592631,1.4178527662788973,1.618175563949487,3.9344238335799204,8446417.449596804,20.189982921697307,6.559059414313081,0.5040828497219245,-0.013951722616625029,12.405650970707688,0.827756493567178,697889040.2784162,22.933411275837642,14967.468506982772,12254821.498243917,-9.024430820656764e-07,-5.598884511263786e-08,-15.754085778648538,22.945135111035277,102.96181928385161,102.96829426871749,77.0073067154633,67677.11222845057,77559759.72501647,1.1174665547124265,0.3815388767317176,1.3904352484597702,3.32914690356633,0.376849869697,1.2128213926564726,3.2910787761643836,0.5582763782793787,5.397571501190905,-16.483333333333334,0.6224999999999999,0.47250000000000003,0.951875,1.326166666666667,0.8433333333333333,0.9953333333333334
10.423966666666667,0.827,12.163333333333334,11.22,249.43750000000003,0.0954755150110232,-19.673333333333332,8.528333333333332,55.35333333333334,-55.35333333333334,1.9870701017849937e-07,27.67666432715877,47.937394201530076,27.676669120898055,47.937391433863404,-47.937394201530076,0.0,11302519.996203378,17307789.616327003,0.40253860309925976,0.40826740172384746,1.0635443109072815,1.3593501554196865,1.5655897776001118,3.9174537288816067,8801904.489059443,21.056540220575876,5.680868707511721,0.36794070507591725,-0.017950679794065068,16.70395549772184,0.5870081008101075,570529613.1389661,24.56919429418232,19981.445924536696,17404762.6739651,-8.116213878748752e-07,-4.10743921821581e-08,-15.746697320062662,24.584515313161326,123.75274908538267,123.75902461288283,86.78763143975989,70320.06115692429,79218314.91423286,1.2424531345806078,0.37814680802321565,1.3434479553345824,3.3162282325702037,0.37276318136719633,1.1614169976301179,3.280058096073131,0.570721993140799,5.360826465598352,-1.6166666666666671,0.5125,0.5075000000000001,0.8397916666666667,0.6215,1.3606666666666667,1.1366666666666667
12.897300000000001,0.7376666666666667,13.616666666666667,9.780000000000001,243.91250000000002,0.09655397898203984,-18.5,13.288333333333334,47.92,-47.92,1.7202288199001004e-07,23.959997974661835,41.49993851867978,23.96000212465557,41.49993612267976,-41.49993851867978,0.0,12731034.161222968,22967400.414202955,0.40519689326808034,0.41049172164316167,1.0906935267021183,1.3933470550427507,1.5963022322933837,3.92720204454769,9484121.658456646,17.309569999786223,6.525807809161484,0.36894774747711223,-0.0111083678941404,18.078966748229625,0.6481786041195253,636510347.204462,25.438657973277405,25584.76736320239,23064407.871830635,-6.278655000307229e-07,-3.357829944143885e-08,-14.211522033404735,25.452113794775038,116.80758070942441,116.8083840432038,76.47503810553224,68762.48325507708,78258369.11016573,1.1745844425106777,0.38014118399366964,1.3708504985725884,3.3236653731534855,0.3751725687179093,1.1912471465538361,3.2863745797460004,0.5679724660640298,5.382344590873015,-12.549999999999999,0.5095000000000001,0.49650000000000005,0.964375,0.5305,0.8633333333333333,1.2486666666666668
7.8106333333333335,0.7343333333333333,13.383333333333333,12.606666666666667,240.36249999999998,0.09729398661247714,-17.673333333333332,7.198333333333333,46.086666666666666,-46.086666666666666,1.6544159476863374e-07,23.043331385480975,39.91222523367185,23.04333537670339,39.91222292933851,-39.91222523367185,0.0,9722531.549086984,11510657.22737295,0.4068506474805851,0.4118745783246942,1.1087247037267831,1.4159383358378177,1.6164784609026444,3.933879495022149,8253233.344256541,16.86938581407231,7.650349745194315,0.421605656909606,-0.009755417689745294,11.982169590344567,0.7220366957693273,738297114.0746211,24.746125002088473,14421.29409530363,11607671.964479242,-7.817683407297557e-07,-4.6816306452422246e-08,-13.729972404203494,24.757210200450256,86.07327395245973,86.07545495266483,62.62197000431971,67761.6865941617,77614797.98210682,1.1218541261350792,0.3814309370437004,1.388897472018124,3.3287120942072184,0.37672033618929585,1.2111171799381133,3.2907037312553404,0.5590370634110605,5.396396171438615,-10.883333333333333,0.5715,0.14950000000000002,0.858125,0.3438333333333333,0.9606666666666666,1.0126666666666666
11.0073,1.0790000000000002,13.903333333333332,6.153333333333333,244.5375,0.0964289194745564,-18.526666666666667,16.391666666666666,46.72,-46.72,1.677151303542001e-07,23.359998025379817,40.46070800485641,23.360002071450506,40.4607056688564,-40.46070800485641,0.0,12225435.61762793,17573814.665199444,0.4048958251442225,0.4102385709477753,1.087557177143622,1.3894270060220648,1.5927715521240893,3.9260546964240834,9268521.367117964,16.645558955444297,6.839768312684058,0.38505840599460367,-0.01100982784165234,16.201154972095562,0.6438281283309859,682944368.3687758,24.962956544919383,20342.063147453446,17670829.166060444,-6.494795279361719e-07,-4.322172286748385e-08,-13.403176610288169,24.976502737770858,101.32592696999123,101.32715345998037,70.21672343439708,68938.67985030869,78369261.54592893,1.1840228924809295,0.3799040268410191,1.3676943016302636,3.322787691287217,0.3748899077199457,1.1878013283827105,3.2856261404679215,0.569534089418031,5.37972709150293,-9.016666666666666,0.6365000000000001,0.2615,0.963125,1.312166666666667,0.9406666666666667,1.0313333333333334
13.573966666666667,1.0796666666666668,11.856666666666667,11.473333333333333,245.9375,0.09615014976611157,-22.526666666666667,11.001666666666667,47.38666666666667,-47.38666666666667,1.7010832570742785e-07,23.693331330536495,41.038058290313835,23.69333543434221,41.0380559209805,-41.038058290313835,0.0,13302785.933073007,27886001.07476407,0.4042240408598126,0.4096753379588979,1.0805940616832068,1.3807185891171405,1.5849194047022723,3.923532225921203,9668169.442743188,16.924967384517828,9.686764204385348,0.35675123095324757,-0.014400691421602142,21.573521346835552,0.43269130220783275,667270109.757369,35.188156766368486,30362.809721454385,27982999.496762756,-6.563383879763385e-07,-2.817870391553595e-08,-18.224052579172508,35.205724568889764,129.30416460714162,129.30484394049137,85.89683879527182,69333.36022362742,78615582.40779811,1.2053470779951958,0.3794001277936717,1.3606850042912508,3.320870418652664,0.3742820856661804,1.1801565556698461,3.283995485145997,0.5731543907301007,5.374282561998552,-4.683333333333334,0.5415,0.6885,0.8072916666666666,1.2188333333333334,1.3806666666666667,0.8566666666666667
13.4573,0.7496666666666667,11.643333333333334,7.9,241.73749999999998,0.09700181481902881,-16.766666666666666,8.621666666666666,43.92,-43.92,1.576637098706436e-07,21.95999814372178,38.03583680593522,21.960001947305358,38.035834609935215,-38.03583680593522,0.0,11298529.127471343,22231147.44104444,0.40638856749317404,0.4115192998181293,1.1016965387210849,1.4071474036591693,1.6086590196162887,3.9312946787974608,8828598.970469462,14.053274886906248,16.207965619685027,0.4862932379276547,-0.01674125969202497,21.58022233278804,0.6133017634105167,967208009.0145286,41.836138216559256,24918.353069881516,22328176.012802795,-5.554358867531406e-07,-2.4209615228578868e-08,-13.61397806359958,41.8460651969292,102.83983376405168,102.84077098267926,64.24145005283445,68149.31910367118,77866947.19730394,1.1421004085939126,0.38093617264247026,1.381876697223528,3.326738050750379,0.3761260750077488,1.2033573474803994,3.2890051141952243,0.5625090550809179,5.391016309754716,-11.716666666666667,0.4375,0.26949999999999996,0.9760416666666667,0.8525,1.106,1.0073333333333334
12.290633333333334,1.0830000000000002,11.636666666666667,9.873333333333333,242.9125,0.096758523744168,-16.78,16.718333333333334,50.22,-50.22,1.8027940595864575e-07,25.10999787745236,43.49179700350789,25.11000222663194,43.491794492507886,-43.49179700350789,0.0,12826164.589917677,21880756.321867947,0.4056458781853479,0.4108633883209886,1.0957272359733459,1.3996465567030187,1.6019491084600466,3.929040866515693,9434638.732397795,17.421250067974285,9.821036286713277,0.47518082386016136,-0.01563907994725634,20.58783140503527,0.5670296577236162,733357841.8956223,32.9901302624662,24513.101404764475,21977759.909030516,-6.544655602677121e-07,-3.247348890881075e-08,-12.318811228260484,33.00602806761312,116.94568121864307,116.9515013585326,76.65786701540146,68480.56870270656,78079450.95860015,1.1595772880847077,0.3805010341683124,1.3759004015460283,3.3250631646320263,0.3756058393994496,1.1967866999602543,3.287569338687043,0.5654450603311353,5.386243161114922,-8.183333333333334,0.5745,0.14250000000000002,0.8539583333333334,1.2888333333333335,1.4673333333333334,0.8646666666666667
10.4823,0.7516666666666667,13.71,10.5,238.9625,0.09759246340178197,-21.406666666666666,15.831666666666667,47.42,-47.42,1.7022798547508925e-07,23.70999799579433,41.0669258045867,23.710002102486794,41.066923433586695,-41.0669258045867,0.0,12505851.634331176,17750061.62788822,0.407492425158795,0.4124134946255063,1.115997464912282,1.425013621873965,1.6245615747034137,3.936654534169643,9365461.899030311,17.649070747927823,6.547975062385057,0.34430023741933663,-0.010948231608653606,15.04390703372328,0.6710517662904439,644200323.5990777,25.040670864527534,20477.08091915428,17847065.259365175,-7.47302454274883e-07,-4.765527469490254e-08,-15.651964903914351,25.052509552438618,106.97746218503381,106.97871190446949,77.07671083454355,67367.00622084296,77355028.00532515,1.0940337761739904,0.3820206070096278,1.3961536725839445,3.330833863761355,0.3774063163822457,1.2191264700075612,3.292536455833598,0.550318409385669,5.403194047803119,-0.7499999999999964,0.5695,0.5275,0.9547916666666667,1.4055000000000002,1.218,0.7326666666666666
10.248966666666668,1.0816666666666668,12.183333333333334,6.94,236.0875,0.0982220293436141,-19.846666666666668,9.601666666666667,42.45333333333333,-42.45333333333333,1.5239868009354255e-07,21.226664872377093,36.76566617792888,21.22666854894361,36.76566405526221,-36.76566617792888,0.0,10355631.27331917,13808180.314999498,0.40914039598329044,0.4138557506094099,1.1312088472166666,1.4440178961584293,1.6414392136945994,3.9425433478310037,8412041.868212499,14.86637460520593,14.30125898432096,0.2789221850220575,-0.015039135623679641,16.169345188583897,0.4816541661223424,844110173.4709747,36.71876267545011,16691.325959173388,13905208.635686085,-5.936073585760518e-07,-3.601881109360821e-08,-15.608312101377296,36.71953189390714,84.2279405878364,84.22930337972097,56.65075399619764,66556.5018827777,76810757.04325902,1.0314327220692558,0.3831110519007968,1.4112487772963198,3.3352157079766687,0.37869580585891677,1.2358414475545603,3.2963195377669807,0.5275018318482851,5.41534686613639,-5.016666666666666,0.21650000000000003,0.2905,0.854375,0.8501666666666666,1.1553333333333333,1.4433333333333334
13.515633333333334,1.0203333333333333,14.21,8.5,240.9875,0.09716054176597827,-20.926666666666666,7.525,42.82,-42.82,1.537149375378178e-07,21.409998190213265,37.08320883493047,21.410001898534045,37.08320669393046,-37.08320883493047,0.0,11999547.986170769,23886568.23532452,0.40663282122364947,0.4117048931976095,1.1055220871905795,1.4119285990533024,1.6129158989658747,3.9326901607625033,9218344.32453839,15.483859028500342,7.264454247388779,0.3050289158334763,-0.009094306562209444,17.778852242549856,0.5900880092827613,636747828.797695,26.798055931904834,26515.964843478203,23983590.533490404,-5.828014804850241e-07,-2.9468584441827864e-08,-17.175457516479415,26.809746424834376,107.35291126726514,107.35370127937834,69.82050816184524,67937.8831893933,77729726.15211174,1.1310291341484304,0.38120605282460623,1.385700688546877,3.3278109962969795,0.3764503306122882,1.2075795655701869,3.289927510489407,0.5606132921473433,5.393949491455441,-15.05,0.1535,0.6815,0.9064583333333334,1.4475000000000002,0.7126666666666667,0.7966666666666666
11.438966666666667,0.753,11.076666666666666,13.286666666666667,237.23749999999998,0.0979717991159505,-23.193333333333335,8.551666666666666,53.120000000000005,-53.120000000000005,1.9068980574518642e-07,26.559997754883906,46.0032707452477,26.56000235521085,46.00326808924769,-46.0032707452477,0.0,12145255.508880006,21701928.192940075,0.4082647815945437,0.41305890485022345,1.1250842746942542,1.4363316013759133,1.6346295710670007,3.9401018754929806,9114910.969108447,20.632051300680732,8.107187170917957,0.3075055042647283,-0.01834433421023237,18.965295806154728,0.3897607556299336,583076712.9642024,31.864008494759016,24249.799673873647,21798901.103083692,-8.248236271050758e-07,-3.574657341545776e-08,-18.919789262654973,31.877145786240092,132.45652007092806,132.46291018790535,93.45322233286001,66880.7036180038,77029805.3604009,1.056235830209358,0.38267528674829426,1.4051870110667417,3.3334459094939946,0.37818082288376825,1.2291102893452746,3.294787777065487,0.5365911632280858,5.410485588128311,-10.25,0.48550000000000004,0.4625,0.950625,0.7545,1.31,1.3006666666666666
11.917300000000001,0.821,12.95,11.873333333333335,248.7625,0.09560215991676013,-19.06,10.161666666666667,42.986666666666665,-42.986666666666665,1.5431323637612474e-07,21.493331516502433,37.22754640629482,21.49333523925697,37.22754425696148,-37.22754640629482,0.0,11556556.052337555,19087115.807049956,0.40313339854497193,0.4088130449502483,1.0668089846507969,1.3634752288595056,1.5693402391111746,3.918674951453816,8999909.568243917,14.984586284311279,9.64795744333171,0.2923426219127634,-0.00987147199768524,16.430101952718484,0.5328772488843952,718112398.4539195,31.612911773976947,21859.68582724985,19184143.814146865,-5.839335920428719e-07,-3.117952017342665e-08,-15.000374283598312,31.627886845026048,97.42769665845383,97.42868717215026,62.61135502664954,70129.76883407417,79103921.23223455,1.2355646001281217,0.3783928272846004,1.3467528073561101,3.3171135218370122,0.37306065198890986,1.1649928581988351,3.2808064476038745,0.5713862370643152,5.363480589221673,-17.516666666666666,0.1895,0.4545,0.998125,1.2328333333333334,0.9833333333333334,1.3486666666666667
6.7722999999999995,0.8996666666666667,11.896666666666667,8.166666666666668,241.7125,0.097007076827678,-18.46,11.188333333333333,58.28666666666667,-58.28666666666667,2.0923706973270141e-07,29.14333086984814,50.47773545754275,29.143335917621542,50.477732543209406,-50.47773545754275,0.0,10050203.389999215,9499968.97140879,0.4060828854333291,0.4112072055395351,1.1018171585054282,1.407255932812203,1.6087532786551944,3.9312711140303946,8262469.542331158,22.990372239323587,6.37066208972734,0.5824009414691427,-0.0225209028440379,13.480512377967502,0.8809569673018395,691726522.0190216,22.032928132531826,12337.550503100438,9596936.149225704,-9.279783375633361e-07,-6.516727291926696e-08,-13.576445996147864,22.04544169554641,103.38768465120083,103.39476842151147,79.322849938497,68142.27123986193,77862388.79244451,1.1417303346994128,0.3809451640177656,1.38200392746556,3.3267736605351934,0.3761368830515156,1.2034976701265059,3.2890356963747718,0.5624458615753858,5.391113961323808,-3.9166666666666643,0.2715,0.6135,0.9097916666666667,0.16883333333333334,1.0606666666666666,1.2406666666666668
12.127300000000002,0.859,13.236666666666666,10.206666666666667,244.63750000000002,0.09640879887658124,-18.66,13.895,57.086666666666666,-57.086666666666666,2.0492931809689147e-07,28.54333092056612,49.43850494371938,28.543335864416477,49.438502089386034,-49.43850494371938,0.0,13393846.929920902,24223686.024501193,0.40472162698307,0.41006996226696074,1.087054859285732,1.3887799562511574,1.5921883747278422,3.9258376964907193,9715397.79469165,22.218144571712642,5.007777146663665,0.4954103574823846,-0.016812375040683777,18.94846357108818,0.7842741663491875,603960375.670007,22.16356898373567,26718.84513007486,24320657.94562654,-7.427362496816566e-07,-3.8431745417945615e-08,-14.303635104499156,22.17523137158237,145.3472212799112,145.3537039385208,98.63804592885865,68966.87130554573,78386974.716433,1.1855377060292944,0.37986805601409196,1.3671921656044095,3.3226497754074433,0.3748465412567437,1.1872524920818721,3.2855086278885595,0.5697867522735751,5.3793381469281,-19.383333333333333,0.36950000000000005,0.1385,0.8635416666666667,0.13383333333333333,1.1966666666666668,1.2033333333333331
10.925633333333334,0.857,12.27,8.3,241.3875,0.09707566419127686,-20.939999999999998,16.625,46.586666666666666,-46.586666666666666,1.6723649128355456e-07,23.293331364348482,40.34523794776492,23.293335398872166,40.34523561843158,-40.34523794776492,0.0,12147580.466331871,17179534.993516527,0.4064002784863135,0.4115023156428326,1.1034775290258443,1.4093595084119273,1.6106291020854422,3.931923944264123,9152665.898231555,16.521794850917967,9.694089962197673,0.28007575024021913,-0.014215993557860527,17.428641182097515,0.5031520850509742,672456898.23995,31.88694815679819,19938.40919759837,17276543.99307665,-6.352799012314846e-07,-4.0418820493989286e-08,-15.43147536757103,31.900390184469643,101.65773506797494,101.65886537463791,68.59913094903747,68050.64901034148,77803031.2001089,1.1369254982884247,0.38106210837693966,1.383659530542716,3.327237608912146,0.37627741853084345,1.2053246114812508,3.2894343355447866,0.5616243342518279,5.3923845795603205,-14.383333333333333,0.6635,0.1115,0.750625,1.284166666666667,0.8793333333333333,0.75
7.320633333333333,0.741,11.043333333333333,10.753333333333334,246.9125,0.09595942969937339,-21.7,17.558333333333334,56.986666666666665,-56.986666666666665,2.045703387939073e-07,28.49333092479262,49.35190240090076,28.49333585998272,49.35189955156742,-49.35190240090076,0.0,11353643.039552325,11222768.57033782,0.40367366836622953,0.4092002491993288,1.0757950861159007,1.3746959036301083,1.5794837812529106,3.921792201401882,8767215.563022155,21.84271414613675,6.868162847917493,0.3114691013593536,-0.022616621490050844,14.44905118902998,0.5025948801135418,598572859.8610318,27.091989393459443,14025.95337184988,11319735.755229872,-8.968350434406039e-07,-6.436412684035974e-08,-14.978247018516056,27.1084123957875,108.87374749900313,108.88035016806656,80.79596795608614,69608.2269121887,78785311.77012311,1.2168475885503416,0.3790459247899211,1.3558440276876427,3.3195530427934186,0.37385483141020864,1.1748815888079387,3.28287546691701,0.5732582844426414,5.37045029249733,-9.249999999999998,0.6245,0.1605,0.776875,1.3775000000000002,0.9806666666666666,1.302
8.685633333333334,0.7703333333333333,12.176666666666666,12.98,237.81250000000003,0.09784409783819019,-21.02,18.025000000000002,50.519999999999996,-50.519999999999996,1.8135634386759822e-07,25.259997864772867,43.75160463196373,25.260002239933208,43.75160210596372,-43.75160463196373,0.0,12090027.281843664,14083199.975813087,0.4080313188952478,0.41286807426191974,1.1220440652512882,1.4325480324595605,1.6312706258916434,3.9389540872445927,9125661.242759096,18.855691123066983,7.600648720176319,0.3011008007181257,-0.013673933627055936,14.06255117413022,0.5488182700969028,644399461.706444,27.51598121528509,16869.11503776827,14180192.572901972,-8.076692814007417e-07,-5.447654936873228e-08,-14.49863736263017,27.528347596020566,103.54890855087902,103.5549048772234,74.77239327217039,67042.8044856169,77138908.44503,1.068756100061035,0.38245712404866744,1.4021678786596636,3.3325695072461885,0.377922854778247,1.225767325496019,3.294031172313494,0.5412098488366642,5.408054110442284,-1.0500000000000007,0.5445000000000001,0.5785,0.9022916666666667,1.4451666666666667,1.274,0.9193333333333333
8.7673,0.8616666666666667,12.55,10.006666666666668,239.01250000000002,0.09758163192729642,-17.193333333333335,12.495000000000001,45.12,-45.12,1.619714615064535e-07,22.559998093003795,39.07506731975858,22.56000200051042,39.07506506375857,-39.07506731975858,0.0,10251492.224047713,10916061.563095149,0.40761996344621254,0.4125471455239126,1.1157386674505483,1.4247144088865202,1.6242965180400908,3.936601231896363,8392052.586463187,15.730749345031725,10.03449473422711,0.3213163184249695,-0.011619546709115395,13.332748188734813,0.5378953658077944,744698690.1108663,29.823089793835862,13861.790938377057,11013085.1154942,-7.157873151157721e-07,-4.7526454012901745e-08,-12.408747273035994,29.830514590048843,79.57575017500844,79.57787794448922,55.959307235377565,67381.1019484615,77364364.94669816,1.0951399265978836,0.3820016234478303,1.3958929275761616,3.3307589197164305,0.3773838407308373,1.2188390897324444,3.292472020453587,0.5507152496856866,5.402982846801989,-16.55,0.3365,0.5535,0.9860416666666667,0.1245,1.318,0.874
8.533966666666666,0.7176666666666667,12.436666666666667,9.06,244.1375,0.09650836459940028,-23.993333333333332,11.538333333333334,49.086666666666666,-49.086666666666666,1.762109738581586e-07,24.543331258686013,42.510301518230264,24.543335509716048,42.51029906389692,-42.510301518230264,0.0,11144322.239192436,14086288.495853137,0.4050139411169799,0.410325078075526,1.0895638509277747,1.3919234595724974,1.5950232977243484,3.926776282790452,8746037.04104484,18.557781965715012,7.206491863827791,0.2766149940107035,-0.015475683778958423,14.78732696702754,0.5278104176600533,651551314.3835155,27.18662951365103,16869.594251027316,14183276.398522984,-7.970545930256452e-07,-5.1202491926712654e-08,-18.421565077124335,27.201110151427716,103.59235001338098,103.59419423853224,76.98233466358172,68825.91402936044,78298404.21668379,1.1779776725326594,0.3800602245444137,1.369717587743975,3.3233530481933493,0.3750750257453291,1.1900067359804547,3.2861080624134424,0.5685411458196199,5.381468353477783,-12.816666666666666,0.3345,0.4375,0.9610416666666667,1.3098333333333334,0.946,1.2166666666666668
10.447300000000002,0.8303333333333334,12.21,10.14,249.9625,0.09537718044936838,-22.54,7.711666666666667,43.153333333333336,-43.153333333333336,1.549115352144317e-07,21.576664842791605,37.37188397765918,21.5766685799799,37.37188181999251,-37.37188397765918,0.0,10866923.535496663,16457505.515353527,0.40254540831867447,0.4083211828249764,1.0610306950046948,1.3562392092233073,1.5627634197209561,3.9166382402168667,8664535.195914272,15.204841774759064,11.186067225250035,0.2518083566004138,-0.013309789334478874,16.2749930107878,0.4331590073255591,733782615.1197996,34.85723816660027,19265.55100163758,16554521.8794266,-6.183431747263052e-07,-3.419981963017432e-08,-18.239422145108275,34.870861935737885,93.40574547388343,93.4070402285472,62.138901406356624,70468.06629691883,79306637.91238013,1.2478097890421695,0.37796492092758877,1.3408940222143082,3.3155533306713023,0.372540623652233,1.1586532242990475,3.2794885434526764,0.5702062216801848,5.358906661290626,-0.4166666666666643,0.1995,0.6675,0.773125,0.8385,0.8059999999999999,1.2073333333333334
9.4323,1.0403333333333333,10.763333333333334,7.9399999999999995,238.63750000000002,0.09766309304806442,-22.06,11.094999999999999,54.086666666666666,-54.086666666666666,1.9415993900736665e-07,27.043331047361082,46.84042865916096,27.04333573140382,46.84042595482762,-46.84042865916096,0.0,11085184.323119868,14599538.45397027,0.40765973768994435,0.4125571465915195,1.1177017102785975,1.4271391567774603,1.6264570098498703,3.937305230744883,8628052.118803855,20.712647167020034,8.992924946668895,0.2861563559750275,-0.024698735107296952,18.318014884653284,0.3987429757636399,640778188.5980887,31.095801713958952,17323.725323689723,14696511.724770758,-7.138268958524012e-07,-4.3380287404321e-08,-17.27941645200427,31.10918230596544,113.44961713266486,113.4556556226386,78.0744764051842,67275.38399132254,77294213.64112568,1.0868581012302727,0.382144023316922,1.3978501311857021,3.331322099251957,0.37755240174804666,1.2209971887016204,3.292956425205439,0.5477405797015354,5.404567539321849,-16.75,0.17250000000000001,0.37550000000000006,0.8372916666666667,1.4428333333333334,0.8593333333333333,1.3926666666666667
9.933966666666667,0.871,11.736666666666666,7.206666666666667,244.16250000000002,0.09650452004875111,-23.006666666666668,15.248333333333335,44.553333333333335,-44.553333333333335,1.5993724545620996e-07,22.27666478362062,38.58431957711977,22.276668642052474,38.5843173494531,-38.58431957711977,0.0,11410754.33195118,14564902.161460571,0.40514671460292745,0.410461711628731,1.0894349500005394,1.3917874518836593,1.5948944542651355,3.926758743726448,8826473.320198957,15.421383848598412,13.605554160211952,0.2541072508250208,-0.017616444814691243,16.863200248600748,0.39757606014708496,784071531.108797,38.37174878398145,17400.55214593053,14661914.572659327,-6.322875008244272e-07,-4.248849953444309e-08,-17.21134638197024,38.38285326949324,92.2496999269732,92.25110283591744,63.51341868217751,68832.96189316975,78302788.05231273,1.1783558833759644,0.38003893706401765,1.3695796145488675,3.3233063140691153,0.37505250854592637,1.1898633757656132,3.2860682983229816,0.5685947203961945,5.38118642329289,-9.350000000000001,0.38350000000000006,0.4135,0.9035416666666667,0.4698333333333333,0.8993333333333333,1.374
8.498966666666666,0.7363333333333333,13.283333333333333,9.886666666666667,239.8375,0.09740370105248777,-20.1,17.488333333333337,53.553333333333335,-53.553333333333335,1.9224538272478446e-07,26.776664403235742,46.37854843079502,26.776669041090457,46.37854575312835,-46.37854843079502,0.0,12145495.039668486,14283706.924122892,0.40701350795694036,0.41199814406150603,1.1114268580112667,1.4193129655560874,1.6194684276085252,3.934916430291707,9190383.274172556,20.51584440826438,5.956300876380498,0.5230571685586772,-0.014796418916244012,14.102996206381475,0.829090048459685,677643189.1985657,22.15861696542445,17042.255454859194,14380689.710508786,-8.499316856415879e-07,-6.000885322720918e-08,-13.949521223926842,22.17015603151646,110.58510800247797,110.5914441613563,83.22962968972357,67613.68145416718,77518104.75813727,1.1134695425441585,0.38168827587368975,1.3915992357483138,3.3295283936347584,0.37701273088121773,1.2141136208208632,3.2914153625244413,0.5572044642602608,5.39949882250221,-5.883333333333333,0.6395,0.37850000000000006,0.926875,0.2831666666666667,1.062,0.878
9.338966666666668,0.773,12.47,8.833333333333334,239.1625,0.09754918955955107,-21.58,7.618333333333333,61.553333333333335,-61.553333333333335,2.2096372696351735e-07,30.77666406511585,53.30675185628413,30.776669395790886,53.306748778617454,-53.30675185628413,0.0,11679192.057311567,18018502.090741746,0.40729822254886805,0.4122324700833671,1.1149484253498447,1.423692578233792,1.6233815798343885,3.936231066461775,8958599.755280323,25.8687273144057,7.135020040799074,0.607013484608895,-0.024326165858351217,17.312811957800974,0.9525397097259977,670105856.7944195,21.070412900532794,20597.026396204,18115451.173042133,-8.658287607662645e-07,-4.570435643289497e-08,-17.56949841875656,21.080222229352522,143.3911178883247,143.39779806337944,104.21118255087652,67423.38913131708,77392347.77153623,1.09846198049372,0.38194464248773197,1.3951109780018327,3.330534303997724,0.37731637984078104,1.2179776200225119,3.2922789674076887,0.5519061681588641,5.402348888599882,-17.71666666666667,0.5505,0.4645,0.8885416666666667,0.5398333333333334,0.9113333333333333,0.8753333333333333
12.6523,0.9503333333333334,12.030000000000001,10.58,236.83749999999998,0.09806120254265617,-21.18,10.651666666666667,44.78666666666667,-44.78666666666667,1.6077486382983965e-07,22.39333144042546,38.786392177029875,22.39333531906457,38.78638993769653,-38.786392177029875,0.0,12399005.19380431,23364077.986183148,0.4086246465953987,0.413391979781568,1.1272102897890233,1.4390064032648084,1.6370026115719736,3.9409579581761145,9292611.806700666,15.987792321897878,11.870406159558376,0.33715019693552695,-0.01356084022886676,19.908710942694313,0.4348970136348946,754105051.2992983,36.29904740470423,25976.90379153601,23461091.583906993,-6.253070920709032e-07,-2.8740525483266654e-08,-17.002221444737252,36.31191986193715,111.62410936304981,111.62487435328471,74.08420156421579,66767.9377970556,76953645.9889691,1.0475739765976302,0.38282690005171965,1.4072918102952534,3.334058856623239,0.3783600540948131,1.2314447295280178,3.2953177138743843,0.5334412427896001,5.412175993660056,-15.383333333333333,0.3195,0.4425,0.8077083333333334,1.4755,1.3513333333333333,1.1633333333333333
12.360633333333334,1.1076666666666668,13.776666666666667,13.98,239.91250000000002,0.09738768574709712,-20.03333333333333,16.671666666666667,55.986666666666665,-55.986666666666665,2.009805457640657e-07,27.993330967057606,48.48587697271462,27.993335815645167,48.48587417338128,-48.48587697271462,0.0,14208808.322746417,24711538.438991286,0.4069478964681092,0.41193752270544404,1.1110358175773238,1.4188208171374521,1.619027614511572,3.934757456687312,10059602.934188273,22.135020836405996,4.808429728960689,0.49228374573407707,-0.013438359255915187,16.93191765092766,0.8205192344205968,596700427.311255,21.9321803441015,27192.59911392646,24808512.30380953,-8.394531247900259e-07,-4.4913952183677684e-08,-14.761120231196317,21.942400908724487,146.21340275599775,146.21999898104355,103.55263259050479,67634.82504559499,77531984.31923132,1.1151444715022796,0.38165977872363416,1.3912096945049486,3.329417088964792,0.3769789685734264,1.2136855220141143,3.2913199041822443,0.5578011549768509,5.399182090742002,-0.9833333333333307,0.29750000000000004,0.1585,0.8877083333333333,1.3565,0.758,0.982
10.307300000000001,0.7836666666666666,10.89,13.486666666666668,238.5125,0.09769036126531404,-17.206666666666667,18.725,45.72,-45.72,1.6412533732435848e-07,22.859998067644803,39.594682576670266,22.86000202711295,39.59468029067026,-39.594682576670266,0.0,11320230.708211325,12758629.291067403,0.4079077900256639,0.41279894968847414,1.1183623825448075,1.4279898820284198,1.6272172694564992,3.9376083247060136,8757089.332284378,13.81165486272365,20.00470464047132,0.36564549363654625,-0.018801416880356164,15.039476538754931,0.4508765860681512,1026218524.3449469,45.50552820941053,15659.821696723877,12855653.29262911,-6.791058591056465e-07,-4.2742555789393925e-08,-11.408088720296396,45.48547133583821,86.5522476431938,86.55376847491046,56.56710753993004,67240.14467227625,77270767.07143179,1.0841049742554714,0.38219147933422565,1.398503276883745,3.3315103539665416,0.377608564908057,1.2217179436517276,3.2931184596758705,0.546749866959549,5.405095798714115,-9.683333333333334,0.1285,0.6065,0.9702083333333333,0.2645,1.3353333333333333,1.246
10.318966666666666,1.1056666666666668,14.076666666666668,13.913333333333334,238.7625,0.0976358818463556,-19.259999999999998,13.265,53.68666666666667,-53.68666666666667,1.9272402179543e-07,26.843331064267076,46.49401848788651,26.843335713668797,46.49401580355317,-46.49401848788651,0.0,12694721.817625709,19244305.747249834,0.407518148445039,0.4124234635514693,1.1170441544099927,1.4263075979620443,1.6257147976559372,3.9370325551766108,9474490.778474178,20.8964498525313,8.197999152296584,0.6886232376184598,-0.011879063910042204,14.52669557424423,1.1115806543764997,776340375.5387073,20.90485415186949,21878.72264314567,19341287.962330543,-8.509173531429952e-07,-4.902641404792389e-08,-14.340400967368154,20.915102951292543,125.55891775864647,125.56520599796528,91.40249473832785,67310.62331036887,77317629.04915197,1.0896149857584776,0.38209655994482367,1.3971973455314552,3.3311341045703746,0.37749622467433497,1.2202771204092122,3.2927946714381195,0.5487317163173414,5.4040392662002885,-18.583333333333332,0.6125,0.2865,0.861875,0.10816666666666667,1.4953333333333334,1.4206666666666667
9.490633333333333,0.9796666666666667,11.716666666666667,6.326666666666666,248.61249999999998,0.0956307231882122,-23.046666666666667,8.271666666666667,44.053333333333335,-44.053333333333335,1.5814234894128914e-07,22.026664804753118,38.151306863026704,22.026668619883697,38.15130466036003,-38.151306863026704,0.0,10262451.53800395,13419181.5908367,0.4031420125233653,0.40880870923532403,1.0675322754308185,1.364373773822483,1.5701541186953976,3.918918768402024,8364559.105942982,15.422289112561714,13.193522908691435,0.25025198775518154,-0.018154295082280277,16.435476466056297,0.413875775091823,809541709.525639,37.58678568323804,16285.19531347149,13516192.49770459,-6.340307585683468e-07,-3.897413926753951e-08,-18.492100531340416,37.59675479629017,87.85795517049536,87.85963848494266,60.52907112175721,70087.4816512186,79078405.32173876,1.234042287484156,0.37844478714259355,1.3474859895158857,3.317308504163734,0.37312416333038095,1.1657888419082358,3.2809714408060104,0.5715358307105728,5.3640299422581235,-4.249999999999998,0.6625,0.1735,0.7739583333333333,1.3915000000000002,1.4753333333333334,1.2326666666666668
12.4423,0.765,13.003333333333334,13.646666666666668,239.26250000000002,0.09752760749096312,-20.953333333333333,10.511666666666667,46.02,-46.02,1.6520227523331098e-07,23.00999805496531,39.85449020512611,23.010002040414218,39.8544879041261,-39.85449020512611,0.0,12037208.07570195,20670110.71192407,0.4074052601751209,0.41234916705290964,1.1144287983994037,1.4230675035121676,1.6228250783200897,3.9360743087342125,9157635.586182946,17.067079014830444,7.654501985127837,0.29481442303492583,-0.010271461240842019,16.165493794777728,0.5527934064089557,637352020.0247674,28.274143770468704,23338.56170928402,20767119.018355124,-7.133835238065562e-07,-3.57830324065994e-08,-16.501963708980796,28.28668635178666,110.57729940693761,110.5782206564913,75.24119373944362,67451.58058655413,77410977.38332246,1.1006796661285263,0.3819066584075137,1.3945899894226657,3.3303847788974803,0.3772714043276768,1.217403892636768,3.292150501366794,0.5527004432903821,5.4019263731587115,-8.016666666666666,0.2615,0.6635,0.7864583333333334,1.3658333333333335,0.986,0.7553333333333333
7.798966666666667,0.7303333333333333,14.403333333333332,13.100000000000001,235.51250000000002,0.09834840118412576,-18.03333333333333,7.4783333333333335,58.45333333333333,-58.45333333333333,2.0983536857100835e-07,29.226664196137307,50.6220730289071,29.22666925834447,50.62207010624043,-50.6220730289071,0.0,10923907.640141029,14960334.702586237,0.4090296779277928,0.4136981047711028,1.1342774356941105,1.4477934925623097,1.6447675038183978,3.943636456693933,8784247.380546117,23.86561197516289,10.48729031733288,1.2210759999284801,-0.014226370242448246,12.664379200893467,1.9346559112333555,1265467039.1204891,17.701525231885373,17651.711492917624,15057300.599409064,-9.738560985070935e-07,-5.58160747950484e-08,-14.143256260844067,17.70981479573992,124.57290067230026,124.57948884675554,95.38234878181183,66394.40101516465,76700008.86234723,1.0191531229719701,0.38332872244607913,1.4142914026856956,3.3361092584351013,0.3789528883662487,1.239229816356402,3.297094914755195,0.5229975605673989,5.417776988426377,-7.4833333333333325,0.4665,0.5135000000000001,0.9052083333333334,0.5935,1.0726666666666667,0.9686666666666666
10.2723,1.0723333333333334,14.496666666666666,9.26,241.8125,0.09698609580010287,-16.753333333333334,7.151666666666666,60.25333333333333,-60.25333333333333,2.1629699602472323e-07,30.12666412006033,52.18091879964215,30.126669338152062,52.180915786975476,-52.18091879964215,0.0,11903627.140160087,20032708.05183796,0.4060111079305986,0.41114251353935694,1.1013076783717333,1.4066119363133522,1.6081784554223166,3.9310682312429006,9173420.365460753,24.43003714857371,8.806074743452632,1.0541349102346365,-0.016597175589323335,16.09726843286293,1.645651314863704,1079786035.5203876,17.79859378721897,22602.307285717005,20129670.92367664,-8.27987050316428e-07,-4.2567249302377444e-08,-13.542381133755478,17.807349439244813,142.73648778157664,142.74298134483575,102.48244766660754,68170.46269509899,77880571.749009,1.1432112847579123,0.3809091761474357,1.3814950225148326,3.326631248343086,0.37609362735955776,1.2029364888397533,3.2889134065256616,0.5626986353056603,5.390723053512931,-13.916666666666666,0.1525,0.24650000000000002,0.8002083333333333,1.3611666666666666,0.886,1.0606666666666666
11.252300000000002,0.8723333333333334,13.143333333333334,8.14,240.78750000000002,0.09720303879508932,-16.286666666666665,10.488333333333333,44.32,-44.32,1.5909962708258025e-07,22.159998126815786,38.382246977209675,22.160001965040376,38.38224476120967,-38.382246977209675,0.0,10820974.063495878,15896896.12542193,0.40681325655169787,0.411871646369375,1.1065477726309554,1.413228601500637,1.6140728617336666,3.933099258084547,8670680.96237388,15.549072731027527,9.102453660001672,0.34919580137596495,-0.010653467628851073,16.148083626741368,0.5386481510174058,708998159.6037747,28.710457889682715,18738.035739248247,15993925.003326725,-5.921616326847365e-07,-3.38007021483962e-08,-12.571365685728846,28.72092832329822,90.75934610815122,90.76055653056754,59.53818967047909,67881.5002789192,77693077.54228774,1.1280878580233924,0.38127801449919896,1.386722609262847,3.328098641422757,0.3765367514777465,1.2087097151098383,3.29017514925157,0.5601112868331191,5.394732122099953,-14.350000000000001,0.4545,0.6615,0.856875,1.4825000000000002,1.0166666666666666,1.1513333333333333
11.065633333333334,0.935,11.876666666666667,8.433333333333334,239.28750000000002,0.09752221789200331,-16.98,7.571666666666666,43.12,-43.12,1.5479187544677028e-07,21.559998177533767,37.343016463386306,21.56000191183531,37.3430143073863,-37.343016463386306,0.0,10027119.707873031,14438113.60598284,0.40771521574819214,0.4126656937246364,1.1143046923735456,1.4229587165831303,1.6227311121776606,3.936107458370442,8280983.282921374,14.278021051173175,15.104135419678492,0.33123127955236675,-0.015315941876532494,16.870663085250413,0.43889288923223285,868181396.0192428,37.84778787874803,17319.19029828652,14535145.14528101,-5.416683241256167e-07,-3.0698051316244265e-08,-13.608359369139873,37.83809151094521,84.04094426847334,84.0421913007799,52.33474904662307,67458.62845036338,77415631.47178076,1.1012344963016465,0.3818971623343869,1.3944597591859849,3.3303474194925142,0.37726016025022135,1.2172605339752725,3.2921184143013513,0.5528990529712757,5.401820759712969,-18.416666666666668,0.20850000000000002,0.11850000000000001,0.931875,1.4078333333333335,0.7633333333333333,0.7713333333333333
10.575633333333334,1.0056666666666667,11.95,11.82,237.2125,0.09797737109917921,-16.526666666666667,14.245000000000001,60.18666666666667,-60.18666666666667,2.1605767648940047e-07,30.093330789544662,52.12318377109641,30.093336001862895,52.12318076176307,-52.12318377109641,0.0,12146791.675466854,17467998.92897544,0.4082586732038948,0.4130507488987061,1.1252163775730994,1.4364940572514977,1.6347735188662145,3.9401491495952277,9104888.038469363,24.205258902006193,5.645286472481688,0.470800038942193,-0.020123289852559716,17.17393701011968,0.6695433938572749,600757545.4031816,23.057504319920223,20102.96184725166,17564965.65125719,-8.458177916274339e-07,-4.4891343813815625e-08,-12.158212832283027,23.06814976370387,132.1117587215583,132.117904807054,91.91673726239362,66873.65575419457,77025053.43744376,1.055693390159255,0.3826847620866665,1.4053184460513624,3.333484135111597,0.37819202615374076,1.229255970612044,3.294820806718497,0.5363941501593136,5.410591202825883,-11.416666666666666,0.4395,0.4085,0.9472916666666666,0.9738333333333334,0.7939999999999999,1.1753333333333333
11.170633333333335,0.9176666666666666,10.576666666666666,11.886666666666667,235.76250000000002,0.09829318527779612,-21.753333333333334,17.465,47.82,-47.82,1.7166390268702587e-07,23.90999797888833,41.41333597586116,23.910002120221815,41.41333358486115,-41.41333597586116,0.0,12316454.350948654,17742318.51676,0.4090736713432892,0.41376242359587145,1.132941854979469,1.4461494697157498,1.6433190652950633,3.9431600380171967,9149209.333170516,15.902429456631143,17.8315425696754,0.36013298800671295,-0.021256081073367614,18.579231124531844,0.43003891638328784,935600280.5111475,45.74744933670355,20459.977141533174,17839320.364571918,-7.212995753304892e-07,-3.8065939382256376e-08,-16.03450665120665,45.75838064650431,106.90156539948079,106.90270000010017,72.75162769816335,66464.87965325729,76748224.19058599,1.024482329719894,0.3832341027956129,1.4129675362284073,3.335720040383421,0.37884114915035644,1.2377547227518475,3.2967570075902217,0.5249552388275841,5.416720476522137,-14.183333333333332,0.6095,0.4595,0.7897916666666667,0.6658333333333333,1.4966666666666666,1.4260000000000002
10.505633333333334,0.8503333333333334,11.77,12.233333333333334,236.5625,0.09812032750474242,-18.953333333333333,12.915,57.78666666666667,-57.78666666666667,2.0744217321778062e-07,28.893330890980632,50.044722743449675,28.89333589545277,50.04471985411634,-50.044722743449675,0.0,12013782.424227685,17687403.048415724,0.40857720514036966,0.4133221996157497,1.1286692174696944,1.4408017869513066,1.6385906516098008,3.941478665876126,9050411.010360546,23.038949425745844,6.002500292324354,0.3792392085308525,-0.019262853243232545,17.05345691116221,0.5818583934873992,587922175.5094926,24.76264795572253,20320.664384592845,17784371.551431652,-8.371915737250222e-07,-4.367969058202967e-08,-14.415242530249705,24.77381284833168,129.71333054404042,129.71953283943012,91.02456730013017,66690.4112951537,76901170.11825171,1.0416370994642121,0.3829311506973046,1.4087412649889393,3.33448195088099,0.37848324674762246,1.2330538713374297,3.2956838262935038,0.531228921533213,5.413339515913332,-5.649999999999999,0.6215,0.36250000000000004,0.9477083333333334,0.5258333333333334,0.73,0.8913333333333333
8.615633333333333,0.7823333333333333,10.723333333333333,10.42,241.76250000000002,0.09699660930418126,-19.96666666666667,8.855,57.28666666666667,-57.28666666666667,2.056472767028598e-07,28.643330912113125,49.61171002935661,28.64333587328399,49.61170716502327,-49.61171002935661,0.0,10356483.854087647,12521765.70382861,0.40609749680930757,0.41122619593777576,1.1015634050071084,1.4069429509819127,1.6084744905495154,3.9311850439362335,8335457.08359086,22.37135072133191,7.420082953718279,0.33295473690229677,-0.024279577979868718,16.144206314450738,0.47281692683006815,606382750.6144459,27.609635073321968,15282.784024271545,12618731.757198414,-8.085596970394653e-07,-4.774211236951996e-08,-15.68044097318325,27.623666646254367,112.954203823987,112.96043072675194,79.13946351331772,68156.36696748046,77871460.77080481,1.1424705857661188,0.38092716967708806,1.3817494347865897,3.3267024315886746,0.37611525595205786,1.2032170346847906,3.2889745315450893,0.5625722485421908,5.390918496839258,-4.816666666666665,0.37850000000000006,0.34450000000000003,0.9127083333333333,0.7451666666666665,0.9366666666666666,1.2366666666666668
9.863966666666666,1.089,13.203333333333333,7.113333333333333,241.26250000000002,0.09710213457734031,-18.42,8.971666666666668,58.620000000000005,-58.620000000000005,2.104336674093153e-07,29.309997522426478,50.76641060027146,29.310002599067396,50.76640766927145,-50.76641060027146,0.0,11569150.824571311,17588916.396135557,0.40628454664526503,0.4113743383019535,1.1041116823775374,1.4101298079896154,1.611313234351562,3.9321143586340837,8946048.414606398,23.49750039544933,6.08021990063542,0.6723531834771576,-0.019746486091423317,16.936353203368675,1.0099891635663292,663792733.3019323,20.310672260830312,20223.39250051179,17685881.59126693,-8.019004588963519e-07,-4.4213575539653527e-08,-14.664192084339568,20.32109842354482,131.65823497217963,131.6646164408499,94.54194374453432,68015.40969129518,77780152.12747085,1.1350808813937585,0.38110709717575714,1.3842970170764606,3.3274165250931684,0.3763314671332051,1.2060285393143664,3.289588158555756,0.5613083838738671,5.392873594007492,-2.7833333333333314,0.49350000000000005,0.6285,0.9410416666666667,1.2678333333333334,1.038,1.3046666666666666
10.400633333333333,0.9136666666666667,10.536666666666667,9.7,245.83750000000003,0.09616988386239825,-20.873333333333335,15.598333333333334,49.28666666666667,-49.28666666666667,1.769289324641269e-07,24.643331250233018,42.6835066038675,24.643335518583562,42.68350413953416,-42.6835066038675,0.0,11572608.310412828,15446122.225575963,0.4043544370285526,0.4097995260150396,1.0810911430330825,1.3813531550434812,1.5854934490252997,3.923738629677328,8845511.924817123,16.46818935538559,14.998648079460743,0.32750447129741106,-0.022660003083852374,18.553749820459235,0.42807831727887063,859825189.4227864,41.468746239537595,18221.973293149942,15543119.027133588,-6.372368199829288e-07,-3.8913405218861176e-08,-15.55006262770544,41.48272440255743,103.54032384791503,103.54162794847011,67.35489565060787,69305.16876839039,78598084.56630057,1.2038164924640258,0.3794361122276087,1.361184061086938,3.321006352332321,0.37432552430862576,1.180699818751764,3.28411090830959,0.5729014847395173,5.374670911452085,-16.916666666666668,0.6785,0.3175,0.7539583333333333,0.7685,0.7033333333333333,0.8833333333333333
9.315633333333334,1.0130000000000001,12.543333333333333,13.780000000000001,243.18750000000003,0.09670191027404892,-18.71333333333333,13.661666666666667,52.086666666666666,-52.086666666666666,1.8698035294768341e-07,26.043331131891055,45.10837780278868,26.04333564272871,45.10837519845534,-45.10837780278868,0.0,11643844.927824613,14920795.864630226,0.4054476729821283,0.41068536009444806,1.094337970896018,1.3978980319587613,1.600383174315938,3.92851833158222,8973323.437674895,19.471710787867007,6.4159006111697865,0.37309921453515976,-0.01311033136835443,14.148465678157757,0.6405725306751606,633209810.0509663,24.789555362681366,17687.243452868985,15017785.629452357,-8.15711271002472e-07,-4.873946197354734e-08,-13.64047468923748,24.80314025152664,108.46523397073133,108.47125922180312,77.09998886628414,68558.09520460844,78128868.09780152,1.1636922964389693,0.38040208098140393,1.3745093443138916,3.324677211875972,0.3754867398123976,1.1952589757950725,3.2872391093428144,0.5661400937499781,5.385170516991841,-0.716666666666665,0.14150000000000001,0.38350000000000006,0.9277083333333334,1.2701666666666669,1.03,0.838
12.698966666666667,1.0096666666666667,14.343333333333334,11.9,246.9875,0.09594489926357583,-19.82,10.115,56.92,-56.92,2.0433101925858454e-07,28.459997594276953,49.29416737235502,28.460002523693554,49.29416452635501,-49.29416737235502,0.0,13777020.518429518,28326128.151101466,0.4036141882987973,0.40914612643955217,1.0754280956124065,1.37422962416096,1.5790632427613984,3.9216458555451497,9953614.75530743,22.43254555438439,6.4604411834858935,0.6355919550612488,-0.014349600654766424,18.372340337314363,1.001924376308343,671526962.2406586,20.411273796230574,30714.79926928832,28423096.309770137,-7.690067467734425e-07,-3.689811427849311e-08,-15.886029490516803,20.421943661359894,158.3095607406116,158.31645204571544,108.81796363025796,69629.37050361646,78798180.13465463,1.2176019319799076,0.37901994915676546,1.3554744259641593,3.3194536631801475,0.37382313936501715,1.1744780839679108,3.282790969887394,0.5731815916607198,5.370174859156688,-14.883333333333333,0.16250000000000003,0.1135,0.973125,0.8594999999999999,1.1726666666666667,1.4606666666666668
6.725633333333334,0.8663333333333334,12.536666666666667,11.793333333333333,246.88750000000002,0.09596432332440354,-22.606666666666666,19.331666666666667,52.88666666666667,-52.88666666666667,1.8985218737155673e-07,26.443331098079067,45.8011981453376,26.443335678198753,45.80119550100426,-45.8011981453376,0.0,12070873.944602134,12371936.45219063,0.4036783870263305,0.40920284782441585,1.0759171948583937,1.3748478276106366,1.5796206032760753,3.921832937361012,9146567.083265815,19.965726633392162,6.387684169555975,0.40723627086229724,-0.015299826961158274,12.849775764266992,0.7076669216260478,658237035.6384951,24.527661709812886,15181.243978783063,12468916.745767824,-8.985785545251055e-07,-6.978711785988415e-08,-14.96523916162454,24.54287919642733,106.09349285647936,106.10011369996668,81.04174602690361,69601.17904837942,78780982.02483197,1.2165960447295594,0.3790545914132528,1.355967300560492,3.31958620319924,0.3738654006024565,1.1750161162032846,3.282903652709953,0.5732838671866237,5.370542222821124,-9.649999999999999,0.6795,0.5935,0.860625,1.4521666666666666,0.9326666666666666,0.97
10.8673,0.9583333333333334,12.29,6.713333333333333,235.48750000000004,0.09835394771527006,-17.259999999999998,19.798333333333336,52.92,-52.92,1.899718471392181e-07,26.4599977633369,45.83006565961047,26.460002346343337,45.83006301361046,-45.83006565961047,0.0,12438830.525861762,17058408.42613013,0.4091623228073899,0.41383065293810606,1.1344140256550725,1.447981142183178,1.6449346812387897,3.9437206250064643,9242183.656228654,19.746048113289824,7.200052142175352,0.3939904627526246,-0.017204076423161872,18.232875380179088,0.5921926994375011,646441459.255612,26.01676573325338,19769.32233672183,17155401.451936357,-6.910903320987551e-07,-4.4894285766101066e-08,-11.90461354490331,26.027860591813162,112.2283177877977,112.23407714393761,76.32366908718078,66387.35315135538,76695179.42233032,1.0186209970515474,0.38333818649459406,1.4144238829188958,3.3361482464660375,0.3789640618721319,1.239377460494477,3.2971287700933076,0.522802014200038,5.417882690369084,-9.95,0.6065,0.3055,0.8202083333333333,0.8921666666666667,0.7686666666666666,1.2606666666666668
9.373966666666668,0.7416666666666667,12.530000000000001,6.3933333333333335,246.71250000000003,0.09599876717923644,-16.553333333333335,11.165,60.986666666666665,-60.986666666666665,2.1892951091327377e-07,30.49333075573267,52.81600411364532,30.493336037332938,52.816001064311976,-52.81600411364532,0.0,11231736.076206166,15292261.16966251,0.40375479427307454,0.40926515253300094,1.0767725622773945,1.37592042988936,1.5805860514026564,3.922133338142881,8781158.363378687,24.19313596454573,6.259463919480498,0.6693189884937046,-0.023304384284289756,17.070447557382174,0.9529219342931866,662183649.5549493,20.600023042467196,17984.566563419703,15389224.001443928,-8.167596074078604e-07,-4.681843388946921e-08,-12.727108132457671,20.612352122955084,127.45817738328607,127.46452420283627,91.29992556368224,69551.8440017146,78750542.16402209,1.2148445022106906,0.3791151237029995,1.356830115820144,3.319818376263628,0.3739392627960916,1.1759586115391938,3.2831011491041453,0.5735022916450029,5.371183559304709,-16.78333333333333,0.14850000000000002,0.2845,0.9997916666666666,0.48150000000000004,1.1393333333333333,1.0553333333333335
10.493966666666667,0.9423333333333334,14.103333333333333,8.58,237.3625,0.09794397104434392,-17.366666666666667,7.408333333333333,52.18666666666667,-52.18666666666667,1.873393322506676e-07,26.093331127664555,45.1949803456073,26.093335647162466,45.194977736273955,-45.1949803456073,0.0,11268138.165264303,18177074.472826354,0.4082500781225568,0.4130539570238534,1.1244230440592378,1.435513514797123,1.633904215167789,3.9398596403739456,8893730.338470517,20.078150473112608,7.492369536860967,0.7154887996405095,-0.012961705947311802,15.825569840773792,1.098254791385959,746416962.5817832,20.691009648601437,20854.37962877946,18274063.975457992,-7.231599452762512e-07,-3.862460255248533e-08,-13.99484435257754,20.700783486771194,116.50903115119358,116.51506132398815,81.3361983461771,66915.94293705012,77053548.63526969,1.0589505847008454,0.3826278905008743,1.4045300555854128,3.3332549299838328,0.37812478430886765,1.228382322005825,3.294622794900975,0.5375765071982371,5.409957270167823,-4.9833333333333325,0.6075,0.6415,0.953125,0.4395,1.2393333333333332,0.8059999999999999
8.452300000000001,0.903,14.423333333333334,6.6866666666666665,247.18749999999997,0.09590588168371732,-17.326666666666668,18.655,61.153333333333336,-61.153333333333336,2.195278097515807e-07,30.576664082021843,52.96034168500968,30.576669378055865,52.960338627343006,-52.96034168500968,0.0,12757600.583717184,15490250.98451921,0.4034975100692449,0.4090450625375945,1.0744513327878291,1.3730011385624397,1.5779560272589628,3.921295342648463,9508569.473228777,24.077799050640888,11.143802184360652,1.2372048304761871,-0.017875381293199825,14.562304316233062,1.948280267073894,1308034871.4838638,17.47951406312803,18181.365605108356,15587214.963980896,-8.97322187519984e-07,-6.640646801091185e-08,-11.661507833249873,17.490081631546854,129.31081724639424,129.31744335197672,98.79270167407599,69685.75341409058,78832737.63818821,1.2196154169351916,0.37895065756938673,1.354489428578817,3.319189030408297,0.3737385959060943,1.1734033201086238,3.2825660703854225,0.5729774552307989,5.369440192223334,-14.483333333333333,0.6965,0.48450000000000004,0.909375,1.0345,1.286,0.87
8.370633333333334,0.8556666666666667,12.01,10.553333333333335,248.8125,0.09559265137776787,-18.766666666666666,13.125,55.78666666666667,-55.78666666666667,2.0026258715809738e-07,27.893330975510604,48.3126718870774,27.89333580677766,48.312669097744056,-48.3126718870774,0.0,11025338.224437503,12571699.609399833,0.40282998106309414,0.40850892477783946,1.066561391841679,1.3631259804969114,1.5690226333771078,3.9185232850789777,8681228.79406958,21.03706686336719,6.066388488800185,0.40766499755598307,-0.018558367697736264,14.595043103704699,0.6501239940620406,618660096.2527497,24.007103978133784,15367.004065650155,12668675.37142595,-8.548398204806987e-07,-5.405110176740692e-08,-13.766842317056017,24.02273059968437,108.96727417231305,108.97366917603259,79.79663532162041,70143.8645616927,79112419.73826113,1.2360724134291368,0.37837550275254805,1.346508465836318,3.3170485825078235,0.37303947642114055,1.1647277451124987,3.280751523797036,0.5713364482348093,5.363297454175992,-1.5166666666666657,0.4575,0.10650000000000001,0.7752083333333333,1.2235,0.702,0.8926666666666666
11.8123,0.9736666666666667,14.176666666666666,13.353333333333333,235.41250000000002,0.09837061304581747,-21.526666666666667,16.905,53.92,-53.92,1.9356164016905972e-07,26.959997721071915,46.6960910877966,26.96000239068089,46.6960883917966,-46.6960910877966,0.0,14186660.261367962,23905682.509028498,0.4090919575725107,0.4137533392944865,1.1348141283345206,1.4484647768427186,1.6453595661264853,3.943846056053342,10070087.305807892,21.41337509142564,5.159094015216947,0.5383646246115356,-0.012390832835896617,16.22322215080314,0.8742867481493588,643071220.0892965,21.684689613032916,26409.906410620966,24002660.361656055,-8.343120583999331e-07,-4.7558642410075855e-08,-15.845181567705048,21.6938202413423,139.45856469051023,139.46509851087117,100.28909899470244,66366.2095599276,76680683.0210733,1.0170256064661067,0.38336656793443136,1.4148213731421093,3.3362652604290957,0.37899757377888205,1.2398206455215692,3.297230418191499,0.52221526112092,5.418199663983825,-19.883333333333333,0.47250000000000003,0.5835,0.8289583333333334,0.26216666666666666,0.7286666666666666,0.9526666666666667
9.455633333333335,0.7623333333333333,11.576666666666666,9.166666666666668,238.3375,0.09772863169300011,-18.753333333333334,19.471666666666668,48.120000000000005,-48.120000000000005,1.7274084059597836e-07,24.059997966208837,41.673143604317005,24.06000213352308,41.673141198317,-41.673143604317005,0.0,11682370.348694686,13226420.152989944,0.40789994345725367,0.4127768842002457,1.1192803427985993,1.429120454890897,1.6282230121938615,3.937932306736376,8927802.299644742,16.689204450963455,11.469490339160306,0.3194988058413727,-0.015964343549788172,16.079434788144557,0.4192150475681839,754112225.3332899,33.688190007671665,16077.27155738058,13323429.328809554,-6.669994987108692e-07,-4.742128119419026e-08,-12.712078341308608,33.69893592973574,92.81252554712057,92.81398162489654,63.3668104187893,67190.8096256114,77237890.30337174,1.080256768066221,0.38225790911352786,1.399418319410325,3.331774359043978,0.3776871753232824,1.2227282313830925,3.2933457975851774,0.5453635869627471,5.405835385702368,-17.016666666666666,0.4655,0.5185,0.9185416666666667,1.2491666666666668,1.1846666666666668,1.286
7.2973,0.9636666666666668,13.35,9.513333333333334,240.4875,0.0972671572882467,-22.18,11.258333333333333,55.82,-55.82,2.0038224692575878e-07,27.909997640768438,48.34153940135027,27.910002474922244,48.34153661035026,-48.34153940135027,0.0,11276566.799457265,13727382.047786482,0.40661546615373767,0.4116460200406999,1.1080792491939329,1.4151019979492694,1.615733887615518,3.9335885022242567,8842022.797229301,22.38996540409802,8.044141433141828,0.729849084476353,-0.017169387676316643,13.51068535094172,1.1441960987566697,792788352.182079,20.630665362511582,16459.909346655226,13824349.150730677,-9.375848531955867e-07,-6.276999055830005e-08,-16.76129637599692,20.641681177608802,117.99456928092953,118.00141988649581,92.28782809522045,67796.92591320802,77637869.3432607,1.123685397065062,0.3813859656863567,1.3882574113854091,3.3285313749450536,0.3766663536192751,1.2104082615395027,3.2905479354161304,0.5593530224470399,5.395906704029387,-13.216666666666665,0.5595,0.36450000000000005,0.784375,0.8828333333333334,1.474,1.2526666666666668
13.398966666666666,0.851,13.823333333333334,6.086666666666667,239.3125,0.09751683064461633,-23.1,14.011666666666667,47.62,-47.62,1.7094594408105754e-07,23.809997987341326,41.24013089022393,23.8100021113543,41.24012850922392,-41.24013089022393,0.0,13344529.785171216,25776784.503812194,0.4073376448739382,0.41228450914724474,1.1141666940433923,1.4227339701011934,1.6225266133313005,3.9359611910266024,9713645.32933179,17.74264014374497,6.182914030364998,0.3149872408356511,-0.012580958136400235,19.495914878347396,0.5949120682820236,591597106.0002378,25.63052822615997,28292.664697457763,25873782.03705236,-6.435032604703356e-07,-3.5649422197000626e-08,-18.113981406678278,25.642090734959954,125.46857275483654,125.46931261186695,84.7086752263645,67465.67631417267,77420284.24201743,1.1017894583037533,0.3818876561090601,1.3943295664460875,3.3303100682111735,0.3772489051366717,1.2171171849553035,3.292086327131312,0.5530976790050619,5.401714984806155,-3.75,0.6465,0.1375,0.923125,0.2575,0.8979999999999999,1.1393333333333333
7.215633333333333,0.7256666666666667,11.13,12.726666666666667,235.6125,0.09832625966642179,-22.366666666666667,16.531666666666666,58.586666666666666,-58.586666666666666,2.1031400764165389e-07,29.29333085716864,50.73754308599859,29.293335930922808,50.73754015666525,-50.73754308599859,0.0,11601712.940699432,12357461.51750218,0.4090078560345735,0.4136839164962302,1.1337420813972623,1.4471297048718104,1.6441824721607985,3.943438746656254,8868188.208335198,23.92330080788383,6.46756827544899,0.33028471188038555,-0.021877780831729938,14.126267412689586,0.5473775247119701,600302577.172392,25.509872034640644,15097.453352177077,12454421.653953135,-9.37617114551827e-07,-6.325379560239111e-08,-15.765274071855625,25.52127946186071,117.57788884011724,117.58436600596237,86.67965999271685,66422.5924704017,76719312.34531064,1.0212829353279893,0.3832908797996347,1.4137616894705547,3.335953443261567,0.3789082009317477,1.2386394430014636,3.2969596097550795,0.5237799506726853,5.417354411292249,-13.149999999999999,0.1695,0.3145,0.8839583333333334,0.7311666666666666,1.1366666666666667,0.8686666666666667
6.970633333333334,0.719,11.556666666666667,11.5,247.6375,0.09581746355645879,-18.673333333333332,18.608333333333334,61.25333333333333,-61.25333333333333,2.1988678905456485e-07,30.62666407779534,53.046944227828284,30.626669382489617,53.04694116516161,-53.046944227828284,0.0,11469753.763662806,10708546.188191105,0.40330820531030187,0.4088916761815187,1.0722529905074887,1.370251942137425,1.5754682875789519,3.92051758971389,8844574.439277,24.041218399775005,5.781785548296504,0.5110287446053479,-0.022774076274296357,13.580875426019444,0.7423076559424585,643794406.8191187,22.513574628866394,13508.658962029405,10805506.98151927,-9.64710470573711e-07,-7.143463814634335e-08,-12.142302062465998,22.528180854120777,112.8987401328995,112.90556804874238,84.8786371957012,69812.61496265732,78912053.88444233,1.2241754662641282,0.3787825528373911,1.3522645411709897,3.318583848421368,0.37353674932878034,1.1709857071056127,3.2820522333362527,0.5725167990183702,5.367604590348813,-10.95,0.2865,0.5085000000000001,0.8789583333333333,0.9365,0.8966666666666666,1.258
10.470633333333334,0.9103333333333334,10.53,12.486666666666668,247.58749999999998,0.09582595280096899,-18.35333333333333,17.97833333333333,43.85333333333333,-43.85333333333333,1.5742439033532081e-07,21.926664813206113,37.978101777389476,21.926668611016183,37.9780995847228,-37.978101777389476,0.0,11066571.900580425,12460402.355188435,0.4037033356546138,0.4092898384994395,1.0725115524372262,1.3706253246398359,1.5758151914167176,3.9207131614973596,8644138.22922711,9.97439200711141,37.22723776089419,0.40369102786093064,-0.05850880741818502,15.609403384050491,0.4509014811286053,1446563146.3663917,65.65189884322061,15397.768002124143,12557432.216407523,-6.4225075151578e-07,-4.104016133184018e-08,-12.516048021391992,65.77667644114887,85.2938689491797,85.30990686656422,52.84777040398116,69798.51923503878,78903499.00673738,1.223647513237905,0.3788120888383423,1.3525221274098855,3.318661512981653,0.37356946836898014,1.1712588791005396,3.2821181458029676,0.572562272197897,5.367971922761572,-19.55,0.48950000000000005,0.5945,0.765625,0.8805000000000001,1.3153333333333335,1.3633333333333333
10.820633333333333,0.7123333333333333,10.79,11.513333333333334,238.13750000000002,0.09777250375400946,-19.166666666666664,18.398333333333333,51.92,-51.92,1.8638205410937648e-07,25.959997805601887,44.96404023142433,25.960002302005787,44.96403763542432,-44.96404023142433,0.0,12340764.87926951,17282646.850823246,0.4078921015672884,0.4127527647037626,1.120330691941329,1.430414084615268,1.6293730265479722,3.9383020378991676,9168697.968608648,18.333787022233942,11.259313772639048,0.3970550165427165,-0.018538913296913925,18.49162508267681,0.4546306082485374,735461586.689974,35.93967026875996,19988.62939048034,17379638.52940096,-7.620674789624271e-07,-4.0687010172889174e-08,-13.730064373835269,35.954185781198724,111.95092670355066,111.95671612173452,77.19744276797476,67134.4267151373,77200244.35658285,1.0758678122502792,0.38233380533264166,1.4004649772362718,3.3320767088775995,0.37777697663556087,1.223884512747302,3.2936062883053308,0.5437803015892929,5.406680493790746,-17.183333333333334,0.1265,0.4435,0.8835416666666667,1.1511666666666667,1.1953333333333334,0.7073333333333333
9.1873,1.0343333333333335,11.543333333333333,11.766666666666667,248.4375,0.09566408880781435,-19.366666666666667,15.715,59.52,-59.52,2.1366448113617275e-07,29.759997484387988,51.54583348563899,29.760002638971194,51.545830509638975,-51.54583348563899,0.0,12023639.56014641,15002526.20270088,0.402966371327784,0.40861443543155723,1.0683727687664097,1.3653901123807841,1.5710731206914255,3.9191496536618797,9054990.41049616,23.269588770827305,5.661103021826632,0.38722869841545743,-0.02161475754247759,16.05811271936585,0.5867137480836613,576822043.8550432,24.449895975498293,17705.61578954335,15099489.5344197,-8.767654999891979e-07,-5.2836888693904785e-08,-13.987630740861833,24.46517810510856,126.12956972364874,126.13594393101752,90.68759288681628,70038.14660455375,79048622.48421444,1.2322676018932714,0.37850542266290454,1.3483420914971551,3.317536417414146,0.37319825991258215,1.1667186769135864,3.2811643725856965,0.571710788596589,5.364671258125182,-12.616666666666667,0.3045,0.47850000000000004,0.9302083333333333,0.2995,1.1473333333333333,0.7566666666666666
9.198966666666667,0.7583333333333333,10.903333333333332,8.873333333333333,237.01250000000002,0.09802202265313398,-17.126666666666665,18.84166666666667,59.22,-59.22,2.1258754322722025e-07,29.609997497067482,51.28602585718314,29.610002625669924,51.286022896183134,-51.28602585718314,0.0,11810510.17341995,13843934.774459578,0.4083918180056936,0.41316996287295615,1.1262778739252106,1.4378240322862352,1.635953415589479,3.9405694898320536,8929533.953919474,23.094902658970963,7.115988617816942,0.39564579737830485,-0.025064377883306906,17.7508277596749,0.5249083655796567,617225135.8271978,26.5106004239174,16576.97994525363,13940905.329944206,-7.755471319911067e-07,-5.070443124157013e-08,-11.736345141146067,26.522742863471326,116.99855187313948,117.00451190060637,80.86959643014532,66817.27284372044,76986999.24535841,1.0513588130917448,0.38276057072043274,1.4063704927428908,3.3337903471282244,0.3782816500203576,1.230422510805372,3.295085490063644,0.5348187353590323,5.41143634204672,-17.75,0.5435000000000001,0.5375000000000001,0.933125,1.1278333333333335,1.1326666666666667,0.966
11.333966666666667,0.751,10.543333333333333,6.886666666666667,241.91250000000002,0.09696512550518532,-16.22,20.055,46.78666666666667,-46.78666666666667,1.6795444988952288e-07,23.393331355895487,40.51844303340215,23.393335407739677,40.51844069406881,-40.51844303340215,0.0,11659879.117127283,16195587.680917164,0.40626205229257834,0.41140579027383545,1.1008055420989746,1.4060255403334978,1.6076584251298855,3.9309606531352537,8894636.580578856,11.31048944764557,23.76759631520295,0.5034730918667752,-0.03168645119287049,20.76507427985768,0.5864431625209732,1141175310.0488977,51.9216981416625,19013.59952306359,16292609.866951145,-5.960973114940763e-07,-3.492717033586839e-08,-11.18000605037077,51.898406184570284,96.13954858022808,96.14185686628171,61.6248328960065,68198.65415033603,77898754.29908454,1.1446934247575025,0.38087318578224943,1.3809863684712231,3.326488998067327,0.37605036291781674,1.2023757070812884,3.288791279286704,0.5629495855181561,5.390332230319673,-15.316666666666666,0.5425,0.2735,0.795625,0.9878333333333333,1.034,1.4846666666666668
10.645633333333334,1.101,10.776666666666667,8.633333333333333,236.6125,0.0981096533502162,-16.259999999999998,7.6883333333333335,52.68666666666667,-52.68666666666667,1.8913422876558838e-07,26.343331106532062,45.627993059700366,26.343335669331243,45.627990425367024,-45.627993059700366,0.0,10386794.462186828,15282188.352987027,0.4087313806073659,0.41348253344538616,1.1284066104574366,1.4404999154947458,1.6383256489102929,3.941423478796865,8351808.7572494615,19.143211343427392,10.371735157131862,0.40243828064228276,-0.021071000011990335,19.039045412747967,0.4898027244919202,733773529.9082638,31.593855152142226,18031.140714070705,15379178.694428269,-6.073045705259962e-07,-3.330763193279267e-08,-13.050569596104594,31.604012850081347,106.14010801578057,106.1456668511548,66.07928677823175,66704.50702277225,76910727.6790152,1.0427143918360373,0.382912213902562,1.4084776103045697,3.3344049421252424,0.37846086797967976,1.2327610713298074,3.295617169503542,0.5316217274229402,5.413128309577589,-16.25,0.49050000000000005,0.3355,0.849375,0.33216666666666667,1.15,0.95
12.5123,0.9976666666666667,10.81,9.46,240.46250000000003,0.0972725194540569,-20.793333333333333,15.971666666666668,45.32,-45.32,1.6268942011242184e-07,22.6599980845508,39.24827240539581,22.66000200937793,39.24827013939581,-39.24827240539581,0.0,12471878.344159452,21229999.938507337,0.406886188749846,0.4119186340219975,1.1082132316852786,1.4153058718724272,1.6159174195790913,3.9337001460806857,9252456.756861538,13.66244578218228,22.442589400920003,0.4416895809067428,-0.026933544514367528,21.468452970178816,0.6147008775308572,1170736905.237036,51.66070095970977,23904.29246607518,21327014.894146103,-5.995015850938927e-07,-3.0035249873798024e-08,-15.857423220593398,51.665461486785986,108.33482194695887,108.33631994268576,69.39265942711415,67789.87804939876,77633256.97155848,1.1233190552783379,0.3813949606822377,1.388385334993371,3.3285674853367246,0.3766771525052193,1.210549987529769,3.2905790734407803,0.5592898305845606,5.396004620326462,-9.15,0.1125,0.1365,0.790625,1.4685000000000001,1.158,1.2646666666666666
9.1523,1.0996666666666668,14.116666666666667,11.86,247.2625,0.09589128618005971,-18.446666666666665,13.988333333333333,50.72,-50.72,1.8207430247356654e-07,25.35999785631987,43.92480971760096,25.36000224880072,43.924807181600954,-43.92480971760096,0.0,11915488.030188909,15368573.451999191,0.4035453738248285,0.4091003963040146,1.0740873018930357,1.3725568823704029,1.5775559627045057,3.9211890825688926,9167832.583016086,18.653919536229928,6.477133044279478,0.6548249346508428,-0.011025174999877428,13.447804656123596,1.0794107114149885,721581553.6901791,21.527480962532653,18146.314090131644,15465569.472012218,-8.147896138251728e-07,-5.3037494513732556e-08,-13.272843163275661,21.54105472743875,106.87810075858057,106.88426972615129,78.60137352088721,69706.89700551836,78845674.64757478,1.2203710142017585,0.3789246713581939,1.3541202352177872,3.319089930323543,0.3737068872037027,1.1730007333497199,3.2824818951926176,0.5729010523611976,5.369164748907206,-0.4499999999999993,0.2455,0.2455,0.824375,1.3145,1.4033333333333333,1.3153333333333335
8.5573,1.0596666666666668,14.43,9.86,240.11249999999998,0.09734724692218903,-23.166666666666668,20.451666666666668,58.95333333333333,-58.95333333333333,2.1163026508592914e-07,29.476664175004814,51.05508574300017,29.476669280513246,51.0550827953335,-51.05508574300017,0.0,14040229.737284819,18619523.947585173,0.4067482309286262,0.4117497250103745,1.1100058962314459,1.417512585028681,1.6178725628898818,3.9342965201432873,10012116.386421666,24.226885071564592,5.800486138373068,0.774057397628053,-0.01658301267412807,14.549399913983036,1.1950682774882129,780101034.7502725,19.11228183407944,21211.122468539455,18716482.970086813,-9.647315576508962e-07,-7.006715403798562e-08,-15.942646535592088,19.121568659729622,141.78364390243567,141.79058999074803,112.1433065440395,67691.20795606906,77569012.70849237,1.1181970883605596,0.38152089157800523,1.3901787982180696,3.32907433437416,0.37682828767202947,1.212537059916904,3.2910161568914997,0.5584027617634391,5.397375671305232,-1.5499999999999972,0.6925,0.1795,0.778125,0.18516666666666667,1.0366666666666666,1.3313333333333333
11.648966666666666,1.1030000000000002,10.963333333333333,6.513333333333334,235.66250000000002,0.09831521930173506,-21.553333333333335,17.83833333333333,42.553333333333335,-42.553333333333335,1.5275765939652673e-07,21.276664868150597,36.852268720747496,21.276668553377366,36.85226659308082,-36.852268720747496,0.0,11949201.208326468,17640099.893148966,0.40930268282429,0.41398664080295344,1.1334813489743176,1.4468473028133808,1.6439371805412122,3.943411599257661,9021130.066840608,10.312712604800849,35.735186522269274,0.4248990366257158,-0.058864469719286966,20.46673341330929,0.5727342539204645,1533936262.6781743,63.6476763950893,20427.748185998375,17737127.681689776,-5.784531880884344e-07,-3.368082186322289e-08,-16.025061826850337,63.96791349045968,95.56856912839478,95.57395729674491,61.0642537485808,66436.68819802025,76728953.24670696,1.0223488637542082,0.3832719529821119,1.4134969010245153,3.3358755938241735,0.3788858502796796,1.2383444142810776,3.2968920243876148,0.5241723677955447,5.417143075092534,-15.716666666666667,0.49750000000000005,0.1935,0.764375,0.6844999999999999,1.314,1.294
9.070633333333333,1.0270000000000001,11.656666666666666,9.993333333333332,243.9375,0.096548903997103,-22.286666666666665,20.428333333333335,44.75333333333333,-44.75333333333333,1.6065520406217826e-07,22.376664775167622,38.757524662757,22.37666865091998,38.75752242509032,-38.757524662757,0.0,11828826.986324502,12566744.773419486,0.4052159359049327,0.41051349480275234,1.0905692874771098,1.393197532841061,1.596168648952659,3.9271740020461374,8982314.440602776,15.11445924016899,14.71822248512302,0.25331116134889564,-0.016591788062176063,14.78989678477091,0.43492831276090294,839019422.0842391,39.8793669114601,15460.55756162534,12663760.949220337,-7.035529703057714e-07,-5.2617404055507654e-08,-14.961875892098417,39.888726487013194,87.25496323380207,87.25659704831544,61.8092444435913,68769.53111888637,78262820.92926441,1.1749611174827284,0.38013219068547366,1.3707245687905194,3.3236306348998093,0.3751617336860928,1.1911092156752419,3.286344926968378,0.568035652476593,5.382247246975585,-3.883333333333333,0.6114999999999999,0.2745,0.7514583333333333,1.2281666666666669,0.766,1.4806666666666666
7.903966666666667,1.0603333333333333,13.73,7.62,243.26250000000002,0.09668651775687845,-17.113333333333333,13.778333333333332,47.153333333333336,-47.153333333333336,1.6927070733379814e-07,23.576664673731656,40.83598569040373,23.576668757330115,40.83598333273706,-40.83598569040373,0.0,10743695.009533651,11394335.89927906,0.40548688913488407,0.41073163762125514,1.093961546848895,1.397437854000603,1.5999716488022093,3.928401560245777,8666958.991661035,16.688401113474143,7.2670282598955795,0.4943485329988749,-0.01096505810380271,12.93820085444107,0.8228566900593233,735351347.6530533,23.630960770058863,14312.06669438418,11491350.652172092,-7.304459526155626e-07,-5.446008235322507e-08,-12.051080940098057,23.642904425564556,85.35035937416896,85.35268723975554,62.29080073138683,68579.23879603625,78142317.62752983,1.1648161639441885,0.3803750924929218,1.3741302638750041,3.324572155798665,0.3754542508411291,1.1948428860731128,3.287149265471846,0.5663296468092621,5.384878043069772,-7.583333333333332,0.5015000000000001,0.29150000000000004,0.8497916666666667,1.4545000000000001,1.4180000000000001,1.4086666666666667
10.213966666666668,0.9936666666666667,11.203333333333333,8.353333333333333,242.21249999999998,0.09690355024586907,-16.1,17.185000000000002,48.88666666666667,-48.88666666666667,1.7549301525219027e-07,24.443331267139015,42.33709643259304,24.44333550084854,42.3370939882597,-42.33709643259304,0.0,11170903.89737743,13425909.30089596,0.40607326342244426,0.41123888817601134,1.099273213171039,1.404104586056811,1.6059356172136778,3.930379041451822,8700029.63060725,16.33634873367261,12.174278241212749,0.37343618545112395,-0.0175320415594144,17.365743782524586,0.45225156887554524,775033087.7849777,34.9693457911541,16283.601543594616,13522920.608226411,-6.338267480008873e-07,-4.148788538379881e-08,-11.15840460535135,34.980016673780405,92.47103105279197,92.47242905072191,60.50062982336,68283.2285160472,77953199.19304702,1.149147758945095,0.38075288076123526,1.3794493338546139,3.3260509792080506,0.3759088142605614,1.2006903560275284,3.288415688230176,0.5636984003576538,5.388975001926077,-12.516666666666667,0.39149999999999996,0.6204999999999999,0.775625,0.12683333333333333,1.3446666666666667,1.0433333333333334
9.1173,0.7696666666666666,13.136666666666667,7.713333333333333,246.36249999999998,0.09606770368751602,-21.193333333333335,14.735,46.153333333333336,-46.153333333333336,1.6568091430395652e-07,23.076664715996646,39.9699602622176,23.07666871299256,39.96995795455092,-39.9699602622176,0.0,11543752.026382439,14529185.123124182,0.4040388980221551,0.4095235785068199,1.078490044294397,1.3780944885128426,1.5825429709096224,3.922780007404066,8963298.131565547,16.520129234173975,7.653997228187761,0.30733220959009616,-0.01226167480699179,14.897070231866087,0.6102167533398191,665670394.2159269,27.400517637137007,17360.88471972574,14626194.452749027,-6.901755859220413e-07,-4.8016239533714995e-08,-15.596456605303107,27.415374536872292,95.20950370612299,95.21115265541668,68.32404177566171,69453.1739083849,78689672.14541845,1.211333740577024,0.37923636186967036,1.3585583621167248,3.320284310404928,0.3740871009500949,1.177847608371164,3.2834977156172456,0.5738641844904269,5.37247005230733,-10.583333333333334,0.2795,0.3335,0.751875,1.4918333333333336,1.4273333333333333,1.0233333333333334
8.580633333333333,0.8863333333333334,11.07,10.366666666666667,248.9125,0.09557483632279563,-23.326666666666668,14.431666666666668,52.72,-52.72,1.8925388853324978e-07,26.359997771789896,45.65686057397324,26.360002337475827,45.65685793797323,-45.65686057397324,0.0,11340182.995868647,13207798.338892858,0.4027979165601295,0.40848472529077784,1.0660726169631083,1.362520208786287,1.5684662325889243,3.9183484021707597,8760383.225765035,19.53580137119244,8.348760146086585,0.2740927680733181,-0.020499922009460235,15.72260466249331,0.43315776676435375,620840066.5478817,30.905891271410024,15990.676044189773,13304775.20668215,-8.134252228615288e-07,-5.2213989336099186e-08,-17.323628431189633,30.923930560031003,107.27841180537644,107.28469930590742,77.26161979991643,70172.05601692975,79129366.69916496,1.2371108092203718,0.3783286940636512,1.3460082953592118,3.316907050338793,0.37298560843930956,1.1641922489168643,3.280631745139545,0.5712415824883601,5.362747997011204,-13.383333333333333,0.3285,0.21650000000000003,0.925625,0.48616666666666675,0.9286666666666666,0.826
12.873966666666668,0.8276666666666667,10.85,12.033333333333333,249.7125,0.09542385238746176,-19.58,12.098333333333333,41.85333333333333,-41.85333333333333,1.5024480427563758e-07,20.926664897736085,36.24605092101719,20.926668522341078,36.246048828350524,-36.24605092101719,0.0,11867464.98722715,21266526.586277373,0.4027807985055988,0.40853815690741047,1.0622319908060596,1.357759174077464,1.5641456484532812,3.917083312022705,9056958.944897495,10.146608396290446,34.925368425271145,0.46876691696433126,-0.0514979219432095,20.152698205823324,0.5721414673415661,1524035197.3224862,66.24983947497782,24002.09496999959,21363560.266090583,-5.502578752945233e-07,-2.571444565371355e-08,-15.379772903074512,66.45905867642233,102.17671238214022,102.18447965026724,61.27091113982862,70397.58765882616,79264683.30075906,1.2452571021954046,0.3780515317863142,1.3421093539526545,3.3158742184690415,0.37264661798657517,1.1599678686825574,3.2797592479317434,0.5704512587502321,5.359820613330671,-16.083333333333332,0.5215,0.1695,0.8014583333333334,0.5678333333333334,0.9766666666666666,1.0993333333333333
7.7173,0.9843333333333334,13.763333333333334,9.18,248.96250000000003,0.09556534693932701,-23.38,18.515,55.153333333333336,-55.153333333333336,1.9798905157253105e-07,27.576664335611763,47.76418911589285,27.576669112030544,47.76418635822617,-47.76418911589285,0.0,12810973.28228445,15400784.13384439,0.4026868427156073,0.4083760322767956,1.0658296467598596,1.362202060521583,1.5681772630909319,3.91823672399372,9493559.244333291,21.275572732390838,8.911367098907256,0.7172021508612757,-0.015995482811555183,13.883814627843988,1.1703025150282904,841618476.3047211,20.97442635606375,18112.438704916498,15497754.17460036,-9.215639948125414e-07,-6.916394111509428e-08,-16.254197209506525,20.987783125999133,121.16200720557394,121.16887695061537,95.15066792527362,70186.1517445483,79137854.61379033,1.2376191038309816,0.3783113626733147,1.3457641948262284,3.3168422283865366,0.3729644214850718,1.163927438925138,3.2805769263702254,0.571192019988258,5.36256477262299,-4.016666666666666,0.2525,0.3955000000000001,0.9527083333333334,1.1045,1.1646666666666667,0.8193333333333332
8.778966666666667,0.749,11.23,7.220000000000001,241.2125,0.09711273648601858,-17.233333333333334,8.925,47.28666666666667,-47.28666666666667,1.6974934640444368e-07,23.643331334762994,40.95145574749522,23.643335429908454,40.951453383161876,-40.95145574749522,0.0,9511964.323806103,10465416.863712244,0.4065795985404804,0.4116700196679034,1.1043726482512926,1.4104978325456352,1.6116439559236055,3.932288193537864,8032111.4762051385,16.158669576463996,13.03452144497062,0.3250289498764599,-0.01853215538413079,15.578583720515226,0.4593338995470641,810145791.2090626,34.95943439510985,13393.647027764975,10562428.105447607,-6.228709278428638e-07,-4.1592353086067795e-08,-13.34722679378813,34.96364797192905,82.83813979892432,82.84008037581852,55.859587792339,68001.31396367667,77770993.11838597,1.1343434681095372,0.38112508460496053,1.3845521068564783,3.327488154494056,0.37635307639476456,1.2063102854306735,3.2896497548710024,0.5611820038137934,5.393069103403048,-6.383333333333333,0.5735,0.35950000000000004,0.801875,0.6051666666666666,0.978,1.018
7.250633333333333,1.1096666666666668,14.31,12.206666666666667,240.38750000000002,0.09728861705898774,-16.313333333333333,17.745,53.72,-53.72,1.928436815630914e-07,26.85999772952491,46.522886002159375,26.86000238181338,46.522883316159366,-46.522886002159375,0.0,11867967.7371251,11953650.112778943,0.40669364963500393,0.4117171836825271,1.108593399573205,1.415752281524807,1.6163116626622958,3.9337920001022013,9157956.854922488,20.28159440810441,7.0232494993697845,0.928974969185409,-0.011572231368281987,11.718621781830821,1.3909438020478364,888751212.4870067,19.1954906786412,14792.100305012915,12050641.298608864,-8.935848584230603e-07,-6.93637207533281e-08,-10.205475718747689,19.206162982819745,101.31882837074912,101.32521156074054,76.92350726432909,67768.73445797099,77619414.14773789,1.1222202980308578,0.38142195052559613,1.3887693997119215,3.3286759287200303,0.37670954764949915,1.210975322001247,3.290672552746765,0.5591002551486857,5.3962984010511015,-0.6499999999999986,0.5295,0.39749999999999996,0.8589583333333334,1.4661666666666666,0.7593333333333333,1.0006666666666666
11.718966666666667,0.9003333333333333,11.03,6.246666666666667,249.3125,0.09549909632150828,-17.926666666666666,14.338333333333333,50.019999999999996,-50.019999999999996,1.795614473526774e-07,25.00999788590536,43.31859191787066,25.01000221776443,43.31858941687065,-43.31859191787066,0.0,11769975.050850198,19174797.04927197,0.4027179606821531,0.4084387616862416,1.0641480424510257,1.360123629339864,1.5662924782412426,3.9176947312212933,8966250.237136194,16.71995230766202,11.722639941389811,0.4515493147235813,-0.02086186192880802,21.674253926397327,0.5388085649570563,785541824.0576999,37.05138074699628,21873.97021991742,19271797.418439437,-6.405683725617741e-07,-3.2839072992560073e-08,-13.694064757262975,37.071293098211704,111.56575925443526,111.57159351236035,73.9450056238612,70284.82183787797,79197174.2591326,1.2411796733673492,0.378190118902099,1.344057018744843,3.3163895114806787,0.372816156570325,1.1620767561762508,3.280194313575251,0.5708451949545664,5.361283872449424,-6.083333333333334,0.6104999999999999,0.5415,0.9177083333333333,0.11283333333333334,0.7646666666666666,1.086
10.0973,0.9923333333333334,12.976666666666667,12.646666666666667,241.66250000000002,0.09701760690537142,-19.473333333333333,9.298333333333334,44.35333333333333,-44.35333333333333,1.592192868502416e-07,22.17666479207362,38.41111449148254,22.17666863318496,38.41111227381587,-38.41111449148254,0.0,10770313.208082093,14907678.467394415,0.4062943768055553,0.4114177838796328,1.1020757829007457,1.4076062157453262,1.6090672500074963,3.931411308259664,8643339.680023625,16.047003373959253,8.650199367149213,0.2902971290595643,-0.009915965219795857,13.997646933708443,0.5823980952584425,694525251.7520145,28.847144937862573,17749.712514142375,15004697.956690317,-7.113454879630745e-07,-4.021633447585904e-08,-15.125224718802922,28.859321955602933,92.16302062101433,92.16445170207402,64.05363403365652,68128.17551224341,77853268.63833316,1.1409902421259277,0.3809631591796669,1.38225850057638,3.326844935233427,0.3761585101387096,1.2037784382726546,3.289096908983687,0.562319474814477,5.391309446970362,-15.516666666666666,0.3355,0.10450000000000001,0.9902083333333334,1.1325,0.99,0.7979999999999999
12.6873,0.8736666666666667,10.843333333333334,7.486666666666666,241.8625,0.09697559044707002,-20.766666666666666,19.58833333333333,50.553333333333335,-50.553333333333335,1.814760036352596e-07,25.2766645300307,43.780472146236605,25.276668908077795,43.78046961856993,-43.780472146236605,0.0,13245543.387715142,23269156.15552592,0.4061113675931797,0.41124848741266046,1.1010560768917852,1.4063140140213426,1.6079139755048408,3.931006199307459,9550019.777618704,17.237099600121507,13.006912334399727,0.4613202750125881,-0.022031021679889108,23.44935228607087,0.5705418624977204,843376928.1783689,40.21688381113463,25840.71525155078,23366150.021002844,-6.573146253779977e-07,-3.331588086129779e-08,-15.433946642996334,40.23448373613131,124.84537847000924,124.85150670012075,82.6660314825167,68184.5584227175,77889678.21801169,1.1439521206265915,0.38089118343932377,1.3812406906375636,3.326560110768638,0.37607199728512236,1.202656032625822,3.2888523213013565,0.5628250223047674,5.390527631340996,-0.6833333333333336,0.5365,0.1615,0.769375,0.8408333333333333,1.482,0.7393333333333333
13.340633333333335,1.0576666666666668,12.616666666666667,12.273333333333333,249.03750000000002,0.09555112310827128,-18.14,8.295,48.68666666666667,-48.68666666666667,1.7477505664622194e-07,24.34333127559201,42.163891346955815,24.343335491981026,42.163888912622475,-42.163891346955815,0.0,12650686.846158726,26848940.702121347,0.40279791770882056,0.4084955871932495,1.0654711088745672,1.3617734294297663,1.5677890080592243,3.9181440940685994,9458064.978999183,17.21245098007053,7.515220586908724,0.41093805871807354,-0.012142415442788998,20.081794283797553,0.57165108817428,635173701.042345,29.507878769541815,29365.85464213838,26945943.09953475,-6.625575523493992e-07,-2.7078752448126606e-08,-14.815410850512064,29.524799715053305,126.79432123266999,126.79502437185155,83.84019075569283,70207.29533597609,79150581.244752,1.2383815020533666,0.3782853801840595,1.345398091633928,3.3167450606615403,0.37293265536711095,1.1635304550323624,3.2804947867603924,0.5711175026958828,5.362290217085499,-9.216666666666667,0.5535,0.2125,0.823125,1.1395000000000002,0.8153333333333332,0.718
9.5373,0.923,12.73,6.046666666666667,236.28750000000002,0.09817867130424986,-20.3,20.241666666666667,59.02,-59.02,2.1186958462125195e-07,29.50999750552048,51.11282077154591,29.510002616802417,51.11281782054591,-51.11282077154591,0.0,12951510.411360456,16978286.03288193,0.4086775090233998,0.4134021417676436,1.1301339205228018,1.4426245420344375,1.6402027862373254,3.942035281653541,9463484.12020221,23.835840839344726,5.371611080747906,0.5268426481942778,-0.0217581410693698,17.350120680077715,0.8339497154558253,621860316.514853,21.81021095692986,19619.04556201137,17075250.94001347,-8.190957898030664e-07,-5.702163799489159e-08,-14.200127100703318,21.82007002589021,130.72193752893097,130.7283116959716,96.094908081603,66612.88479325183,76849117.52124313,1.0357226268528008,0.38303530861194324,1.4101923094552813,3.334906267502365,0.37860632368274283,1.2346664735042363,3.296051339588422,0.5290706171098093,5.41450159069132,-3.083333333333332,0.2245,0.3155,0.9327083333333334,0.7124999999999999,1.022,1.1486666666666667
11.940633333333334,0.8423333333333334,12.783333333333333,10.9,241.43750000000003,0.09706509209738484,-21.939999999999998,17.791666666666668,43.553333333333335,-43.553333333333335,1.5634745242636834e-07,21.77666482588561,37.71829414893363,21.77666859771492,37.71829197126696,-37.71829414893363,0.0,13041766.39552778,20262606.270456545,0.4064186163068607,0.411525045565364,1.10322354618054,1.4090463199854395,1.6103505049463762,3.9318381782112417,9566847.554909613,15.394879517767738,10.46975276967931,0.2696827063633625,-0.011135398667224192,17.206188887111487,0.47726123149401206,726945582.7909043,33.3825578238787,22979.151483452362,20359627.84613806,-5.991041052983567e-07,-3.715868646393439e-08,-16.0849107523283,33.39544623547505,102.20579336776976,102.20669220388261,67.07764273517675,68064.74473796005,77812173.59249493,1.1376638073579577,0.3810441232624235,1.3834046877729993,3.327166132253821,0.37625580643615925,1.2050432442214356,3.2893728918686262,0.5617507517041009,5.392189144244589,-11.583333333333332,0.20450000000000002,0.4295,0.8822916666666667,0.7941666666666666,1.2073333333333334,0.8046666666666666
12.267300000000002,0.9376666666666668,14.05,10.780000000000001,249.73749999999998,0.09541915905051601,-21.71333333333333,9.205,52.586666666666666,-52.586666666666666,1.887752494626042e-07,26.29333111075856,45.541390516881755,26.293335664897487,45.54138788754841,-45.541390516881755,0.0,13117569.50559631,25753593.249366492,0.4023938147803282,0.40814669497727474,1.062103602830505,1.3575445403709872,1.5639492060899767,3.9169448840512295,9670765.03560241,19.993790385050925,4.945307490643822,0.46975434848671593,-0.01329791124870666,17.95666459201008,0.799282634487934,625002763.6165366,22.15678955883408,28236.11502030046,25850571.8488771,-7.317421592923902e-07,-3.662344711539742e-08,-17.57713212242365,22.169899459059682,140.32225768311866,140.32888952235425,96.59169270092904,70404.63552263542,79268898.52616431,1.245512214370426,0.37804287273591747,1.3419877617222882,3.3158420928063386,0.37263602210159696,1.159836298750753,3.279732139353364,0.570426707917026,5.359729229933688,-8.316666666666666,0.2675,0.14450000000000002,0.9727083333333333,0.36716666666666664,0.9433333333333334,0.9806666666666666
7.425633333333334,0.801,11.43,7.966666666666667,239.1375,0.09755459094197232,-19.42,19.238333333333337,48.75333333333333,-48.75333333333333,1.750143761815447e-07,24.376664606107678,42.22162637550155,24.376668828270198,42.22162393783488,-42.22162637550155,0.0,10706160.578151383,9078794.381967206,0.40745638556674924,0.4123912587913713,1.1150824741797511,1.4238828903889846,1.6235535161548504,3.9363306746409976,8504723.16031401,17.012848433856345,11.290323053266931,0.2935735499071164,-0.017624997228955424,13.713480467063956,0.4342432447628523,751195291.9401795,32.79016121311248,12020.0459086228,9175798.960235626,-7.942426188956394e-07,-6.505678651745843e-08,-12.453420050762164,32.80077202228315,82.47221847424022,82.4749122955166,61.32516340387557,67416.3412675078,77387687.09733716,1.097907965784671,0.38195413881884505,1.3952412596388004,3.3305717115055162,0.3773276235197766,1.2181211250723285,3.2923111133913503,0.551707640429986,5.402454532877722,-3.716666666666665,0.6024999999999999,0.47550000000000003,0.9422916666666667,1.3821666666666668,0.83,1.3713333333333333
12.313966666666667,0.9956666666666667,14.27,11.46,246.01250000000002,0.09613536976825753,-18.486666666666665,9.135,53.95333333333333,-53.95333333333333,1.9368129993672108e-07,26.976664386329745,46.72495860206948,26.976669058825475,46.724955904402805,-46.72495860206948,0.0,12880463.118546085,25001977.35583369,0.40410687888061425,0.4095627240500223,1.0802210717680283,1.380240921054732,1.584487276889518,3.923378157753109,9586894.185300646,20.635786009636504,8.607816504161425,0.690686089227554,-0.012764129982804026,17.536132349003186,1.126290753360039,799553086.0064083,20.90001399370032,27503.925846435173,25098958.40331239,-7.259821876490841e-07,-3.547531956338038e-08,-14.83605079964441,20.91162637415504,139.5221472202653,139.52860789254436,94.70988183537503,69354.5038150552,78628693.93118614,1.2064958201126712,0.3793731396591112,1.3603108342259753,3.3207685609781468,0.3742495041888518,1.1797493777100774,3.2839090211588085,0.5733440716684353,5.373991354887183,-7.283333333333333,0.48150000000000004,0.5735,0.9297916666666667,0.9248333333333334,1.0433333333333334,0.7193333333333333
12.092300000000002,0.8596666666666667,10.956666666666667,13.953333333333333,244.71250000000003,0.0963937281154513,-18.54,16.08833333333333,46.68666666666667,-46.68666666666667,1.675954705865387e-07,23.343331360121983,40.43184049058353,23.34333540330592,40.431838156250194,-40.43184049058353,0.0,12219607.852262648,19027614.803160414,0.4048386145979298,0.41019531806619214,1.0866837804803942,1.3883383611884708,1.5917920995834152,3.92574489747054,9163689.110055184,14.865184530773034,15.986591009647508,0.42701385268079906,-0.015988093316505577,17.9818062345119,0.5001984998680725,903122066.6333494,43.81157514135997,21760.54506913758,19124629.261678007,-7.039216098039891e-07,-3.398923207438483e-08,-13.63060250711936,43.82774788211187,104.93433689648782,104.93548759601008,70.3500047543198,68988.01489697352,78400248.7356419,1.1866746480336967,0.3798410636539035,1.3668156336176582,3.322546410319912,0.3748140014702352,1.1868411433059651,3.2854205905680374,0.5699762366720863,5.379046286673815,-7.316666666666665,0.40349999999999997,0.2795,0.9985416666666667,1.1791666666666667,0.9953333333333334,0.7166666666666667
8.6973,0.7616666666666666,13.876666666666667,8.02,237.51250000000002,0.09791064747491136,-21.62,18.095,43.82,-43.82,1.5730473056765942e-07,21.90999814794828,37.9492342631166,21.9100019428716,37.949232072116594,-37.9492342631166,0.0,12141076.649068097,14627937.11543836,0.40824311929460905,0.413058994056507,1.123631031222437,1.4345354243109263,1.633036976030635,3.939576214324582,9239270.316577975,15.909767831590699,8.0177921210314,0.32024858212805296,-0.009905557647151656,13.882340199195449,0.6655365461969325,702313232.8948169,26.966165153197025,17474.868171642232,14724958.380886085,-6.875020214485409e-07,-5.278348054957292e-08,-15.035327260325921,26.97703176767117,90.63553272882201,90.63715084517177,66.20016091661253,66958.23011990568,77082004.33491021,1.0622131483430066,0.38257101324892584,1.4037421957308134,3.3330261133078904,0.37805752528627934,1.227509622318556,3.294425192423087,0.53875951113356,5.409323390875431,-13.25,0.48450000000000004,0.1245,0.8772916666666667,0.6914999999999999,1.2526666666666668,1.4246666666666667
8.2073,1.0503333333333333,11.776666666666667,12.846666666666668,235.0625,0.09844889168976215,-21.35333333333333,19.075000000000003,51.086666666666666,-51.086666666666666,1.833905599178418e-07,25.54333117415604,44.24235237460255,25.543335598391156,44.242349820269204,-44.24235237460255,0.0,12053548.747666145,13100718.420244154,0.40933575349085,0.4139731732513198,1.1366955995994854,1.4508263442440814,1.6474419339330388,3.944605330395096,9079871.906186884,19.33461814386266,8.322422283723999,0.2868128469227347,-0.01487508454512154,13.939009080676177,0.5251549962991536,667687553.2873906,28.70067638332292,15899.746464690794,13197708.467468075,-8.167478041207153e-07,-5.7720760868376266e-08,-14.376014433961306,28.71226648366878,102.52954995358671,102.53552590864332,73.87329632193895,66267.53946659791,76612864.08428566,1.0095987425628299,0.3834989839783719,1.4166780750145955,3.336812639577691,0.37915390022747364,1.2418922129245944,3.297706215877989,0.5194806360166605,5.419678872942216,-4.849999999999998,0.2495,0.14850000000000002,0.830625,0.6355000000000001,1.4486666666666668,0.862
8.428966666666668,0.9356666666666668,11.916666666666666,13.966666666666667,239.3625,0.09750606372490517,-23.82,8.785,56.653333333333336,-56.653333333333336,2.0337374111729346e-07,28.326664272214284,49.063227258172056,28.32666917853687,49.06322442550538,-49.063227258172056,0.0,11479759.603155551,16288340.722169768,0.40721831334160136,0.41216755979215,1.1139033271520085,1.4223937492806031,1.6222220291262723,3.9358430437312633,8868299.299066084,23.28089123867155,5.544231070650774,0.3446499829639565,-0.01842502406568624,14.7666523332445,0.6271505297875644,584131424.987468,24.08201767035778,18936.846553281488,16385300.340083098,-9.178492909832932e-07,-4.98967163327435e-08,-18.873721322747848,24.09371016326201,129.84298190892991,129.84957848654997,95.50562991340166,67479.77204179119,77429585.40439153,1.1028997855321314,0.38186866568379063,1.3940692278502973,3.3302354148439273,0.3772264151131583,1.2168305692333932,3.292022203429121,0.5534949800750908,5.401503788755013,-7.516666666666666,0.3265,0.28250000000000003,0.839375,0.9901666666666666,0.9633333333333334,0.8273333333333333
10.878966666666667,0.8776666666666667,13.936666666666667,8.646666666666667,244.2375,0.09648944167467303,-22.5,16.368333333333332,47.986666666666665,-47.986666666666665,1.722622015253328e-07,23.9933313051775,41.55767354722551,23.99333546094474,41.55767114789217,-41.55767354722551,0.0,13154998.02621449,20398954.926426604,0.40496029597338085,0.410278535155862,1.089055989258971,1.3912909357461694,1.5944469962779537,3.92657904443198,9659589.662883036,17.662647321592146,6.145007496527013,0.36312963446042,-0.01164267485408044,16.413195702011972,0.6590927309009541,653886905.5081196,24.494411489078438,23056.599884987343,20495953.602693975,-6.954637261188175e-07,-4.489270112411022e-08,-16.7225549036955,24.50751041669962,114.06788987474216,114.06897654303094,80.24265123871481,68854.10548459752,78316038.24521795,1.1794856735178445,0.38001197334889486,1.3692023169930227,3.323202435705402,0.37502001034024357,1.1894504806121282,3.285979695102834,0.5687761623842441,5.380894760641916,-12.016666666666666,0.10850000000000001,0.34850000000000003,0.948125,1.0648333333333333,0.9153333333333333,1.4993333333333334
8.1723,0.9436666666666668,11.883333333333333,13.113333333333333,237.08750000000003,0.09800526257436926,-18.3,11.071666666666667,46.25333333333333,-46.25333333333333,1.6603989360694067e-07,23.126664711770143,40.05656280503621,23.126668717426313,40.056560492369535,-40.05656280503621,0.0,10142276.917128392,10954185.511084687,0.408517671736218,0.41330373401264836,1.1258832818052977,1.437355826932879,1.635540484191425,3.940462839110821,8330123.428776227,16.63584911387057,10.89863976586052,0.31197656349729225,-0.012251710136873798,12.843427540420532,0.48292724108219787,758135611.8853295,31.418800461747114,13872.189260685496,11051199.919983122,-7.452334254635787e-07,-4.7251067813098546e-08,-13.46659273214208,31.426903744256965,84.60081093113075,84.60271259060498,59.05926606751999,66838.41643514823,77001277.60996209,1.0529831724136152,0.3827321416774399,1.405975878266301,3.333675438065954,0.37824804266437273,1.229984865861296,3.2949861474333777,0.535409373115065,5.411119368654949,-5.983333333333331,0.5615,0.20650000000000002,0.8868750000000001,1.2118333333333333,1.2886666666666666,1.35
12.1623,0.9570000000000001,13.67,10.353333333333333,239.58750000000003,0.09745745803976183,-23.406666666666666,13.545,53.08666666666667,-53.08666666666667,1.9057014597752506e-07,26.543331089626072,45.97440323097483,26.543335687066268,45.974400576641486,-45.97440323097483,0.0,13899386.34530716,25943417.92897501,0.40713043047925707,0.4120964594375131,1.1127293798185316,1.420933505997448,1.620917123935765,3.9354008830214964,9941377.013263632,20.84962474078183,5.141280518330416,0.38182936151173374,-0.0145799958664341,18.490726454744234,0.6620310341329549,603046616.9821473,23.071543244527998,28396.686027599444,26040392.849258788,-7.400377548479747e-07,-4.011999071211215e-08,-18.306697890407687,23.08204511989092,142.76315151597083,142.76980707094734,99.0355963237649,67543.20281607458,77471590.89475723,1.1079033374115115,0.3817831752718991,1.3928984092027978,3.3298999674780845,0.3771251701250273,1.2155423173118511,3.2917342112100942,0.5552864305114139,5.400553041444116,-8.216666666666665,0.2555,0.48550000000000004,0.818125,0.6961666666666667,1.1686666666666667,0.714
9.8173,0.8263333333333334,12.716666666666667,6.873333333333333,246.21249999999998,0.09609603509709604,-20.686666666666667,18.561666666666667,61.28666666666667,-61.28666666666667,2.2000644882222627e-07,30.643330743053177,53.07581174210116,30.643336050634204,53.07580867776782,-53.07581174210116,0.0,13146326.111199442,18527430.558750335,0.4039557148151511,0.4094262803818756,1.0792310782450276,1.378995985904873,1.5833614767836945,3.923010001570322,9559893.939258523,24.667579091888047,5.982848672286455,0.5786693787471153,-0.023550378105699123,17.934566334086863,0.9033259831987992,612664105.1577722,21.354611039278378,21123.375448284307,18624386.985690746,-8.395358967383293e-07,-5.4303937304783886e-08,-14.96116473548464,21.36650837416304,142.3128691760679,142.31948134920526,104.3996980556562,69410.8867255293,78663614.08726281,1.2095623120792245,0.37930118651824873,1.3593137207016441,3.3204973735404524,0.3741626231815141,1.1786647805604729,3.283678905780376,0.5738500055602604,5.373215197873291,-9.916666666666668,0.47850000000000004,0.1975,0.7935416666666667,0.8058333333333333,0.7206666666666666,1.0593333333333335
9.828966666666666,0.7783333333333333,13.93,6.113333333333333,241.0125,0.0971552223481198,-18.913333333333334,10.931666666666668,49.620000000000005,-49.620000000000005,1.781255301407408e-07,24.809997902811357,42.97218174659621,24.810002200029412,42.9721792655962,-42.97218174659621,0.0,11278416.669771522,16157751.497591784,0.4064806844751759,0.4115527379561072,1.1053911678142485,1.4117458269231908,1.6127521507736344,3.9326118372720806,8884828.974051334,18.49315464690094,6.220616480024276,0.5233314780925442,-0.0127523279017277,15.406096011184276,0.8879733721549924,692017649.251048,22.32357972329542,18911.97179954807,16254749.361725679,-7.154295902765767e-07,-4.424003007659827e-08,-14.629122046748536,22.335146333015878,105.93913690178657,105.94058728677363,75.90257397935886,67944.93105320256,77734315.4684537,1.131397174479907,0.3811970580852491,1.3855729959031533,3.327775082586066,0.37643952788037893,1.2074384306757635,3.2898966076416736,0.5606764825774557,5.393851686458491,-2.383333333333333,0.24350000000000002,0.2245,0.8272916666666666,0.19216666666666665,1.2046666666666668,0.8353333333333333
11.753966666666667,1.0903333333333334,13.743333333333334,10.793333333333333,244.0375,0.09652862084631096,-17.22,15.948333333333334,56.68666666666667,-56.68666666666667,2.0349340088495483e-07,28.343330937472118,49.09209477244492,28.343335846681455,49.09209193811158,-49.09209477244492,0.0,13592424.849542277,22914315.423780143,0.4050126368097254,0.4103151406937546,1.0900639416673454,1.3925413056742713,1.5955777676400396,3.9269416654025124,9824607.699690206,21.80522585943132,7.456268740038231,0.6681268787186656,-0.014866929173796629,17.709499487859862,1.0059204034201163,701238673.9906638,20.97875142964357,25454.947181018364,23011292.89132604,-7.421806856734219e-07,-4.162543431263088e-08,-12.618642614125363,20.98981932944972,137.94054542778264,137.94682006934693,93.00076381047047,68797.72257412341,78280619.57038456,1.1764688414206825,0.3800962066906755,1.3702209502633806,3.323491760751212,0.3751183804361315,1.1905577346926643,3.286226406957278,0.5682883984242496,5.381857758153773,-18.25,0.48750000000000004,0.39649999999999996,0.7835416666666667,0.8454999999999999,1.4873333333333334,0.9233333333333333
12.815633333333334,0.9616666666666667,14.203333333333333,7.753333333333334,247.7875,0.0957884827272876,-22.326666666666668,18.235,42.52,-42.52,1.5263799962886533e-07,21.259998202892763,36.82340120647463,21.260001885232782,36.823399080474616,-36.82340120647463,0.0,13529384.61691129,22694642.019256607,0.4034334820611893,0.4090321706285388,1.0715284513051424,1.3693690460756458,1.5746717649652768,3.9203022316350755,9837208.564561892,14.897226580904807,7.615626229559858,0.2797811365638979,-0.009120169450517494,17.333137681044434,0.5768809992030115,642577482.2045658,28.658578336560392,25372.84354456163,22791668.088538766,-5.933796574120864e-07,-3.818366232683704e-08,-16.42959861711039,28.67407290477502,104.90561711232662,104.90649555241258,70.64672790399999,69854.9021455129,78937809.27045096,1.2256902204199955,0.3787305933203333,1.351527981470577,3.318386756729808,0.37347330735181444,1.170183592926437,3.281885016032707,0.5723650414501614,5.3670543079587025,-9.583333333333332,0.1975,0.4275,0.850625,0.24116666666666667,1.1193333333333333,1.1460000000000001
13.153966666666667,1.0276666666666667,12.123333333333333,13.34,247.5625,0.09583079733021242,-21.593333333333334,19.495,52.95333333333333,-52.95333333333333,1.900915069068795e-07,26.476664428594734,45.85893317388334,26.47666901448792,45.85893052621666,-45.85893317388334,0.0,14629658.098026602,26903301.874484196,0.40336950335679145,0.40894774240672765,1.072625324369144,1.3707162846131116,1.5758949620154967,3.920655908321436,10184708.187859846,19.459643357241603,6.859433944565703,0.3857774168655847,-0.01499862304204089,19.931472129098896,0.5347281332916128,592303116.6607435,30.288682488801744,29364.847741552814,27000284.370656505,-8.056305721479232e-07,-3.8427650186048516e-08,-15.91428471594264,30.304648349460113,142.2324346732698,142.23903354150286,100.57913158053235,69791.47137122953,78899197.04734035,1.2233952705172635,0.3788207542927256,1.352645012158422,3.3186944260550146,0.3735800453008235,1.171392719035841,3.282146073550671,0.5725876067137158,5.368063726462342,-6.516666666666666,0.4225000000000001,0.1825,0.7877083333333333,1.0998333333333334,1.0766666666666667,1.4540000000000002
11.2173,1.0163333333333333,10.75,12.526666666666667,236.9625,0.09803320650377151,-23.753333333333334,13.638333333333335,56.78666666666667,-56.78666666666667,2.03852380187939e-07,28.39333093324562,49.17869731526354,28.393335851115214,49.17869447593019,-49.17869731526354,0.0,13033376.951768145,21860141.584291235,0.4083649994380626,0.4131386805472915,1.1265422667187814,1.4381453560190671,1.6362374037583374,3.940653234849977,9438697.059446562,22.602233409210985,7.660358697529064,0.3319383118212987,-0.02242814132310075,19.89145210832989,0.41094077368679893,577227155.3946483,31.671698520661273,24374.06003313276,21957103.11578191,-8.584703519357223e-07,-4.006909942593412e-08,-18.58828608622767,31.684649334382637,143.03420802520623,143.0407645055345,101.9484220322981,66803.17711610191,76977475.01600733,1.0502766867906128,0.3827795246215673,1.4066336668058157,3.333867014606677,0.3783040539828967,1.2307144061996527,3.2951517768847243,0.5344250711909646,5.4116476884404605,-2.1166666666666636,0.6905,0.5855,0.796875,0.8198333333333333,0.7726666666666666,0.9006666666666666
10.6923,1.0256666666666667,12.77,8.1,236.2625,0.09818407389094011,-19.939999999999998,7.431666666666667,47.053333333333335,-47.053333333333335,1.68911728030814e-07,23.526664677958156,40.74938314758512,23.526668752896356,40.749380794918444,-40.74938314758512,0.0,10874633.944824977,16897886.78217608,0.40888486719831546,0.41361041957717587,1.1302711371704117,1.4428234834248463,1.640381113107789,3.9421368140631134,8655812.558417208,17.42918787856736,8.031964045773767,0.31508097805351787,-0.013310284421784897,16.731384061005965,0.5524127555120191,661536524.1621329,27.412453601872574,19644.017562287514,16994891.357730426,-6.500283695254362e-07,-3.5216893422227196e-08,-16.180775330583348,27.42261135501078,101.62798280627017,101.62918467098523,68.49057625192692,66605.83692944255,76844326.19570726,1.0351858462744647,0.38304477868562775,1.4103243139243262,3.3349449097790376,0.37861751267913274,1.2348132667370526,3.2960848276494086,0.5288744531389127,5.414607270786918,-19.116666666666667,0.4365,0.23450000000000001,0.9510416666666667,0.6681666666666667,1.2806666666666666,1.3846666666666667
12.150633333333335,1.0103333333333335,10.91,10.073333333333334,237.6875,0.09787173293100115,-16.39333333333333,8.761666666666667,46.553333333333335,-46.553333333333335,1.6711683151589317e-07,23.27666469909065,40.31637043349205,23.27666873072758,40.316368105825376,-40.31637043349205,0.0,11066505.319134463,19378772.968173165,0.4083171725502852,0.4131477935055967,1.1227085691507064,1.433407176631202,1.6320362566972173,3.9392574460148455,8689218.120222116,14.956870826513724,17.04957003521823,0.48248841746992494,-0.01902667363598631,20.43959402431932,0.6089162997265454,990258004.2723454,42.42001597456761,22098.257076883558,19475789.692934025,-5.737895479678575e-07,-2.6687958014871616e-08,-13.153128249776586,42.42682786394666,103.15024190194349,103.15125496665398,64.13652674916688,67007.56516657055,77115265.28661314,1.0660275230562453,0.38250454001725953,1.402823506174063,3.3327595218699293,0.37797893715648584,1.22649278416237,3.2941951123505007,0.540222095657228,5.408582378452589,-6.683333333333332,0.6135,0.2475,0.8927083333333333,0.4535,1.478,1.09
13.118966666666667,1.0923333333333334,12.35,8.793333333333333,247.1125,0.09592049695998851,-19.54,11.958333333333334,59.18666666666667,-59.18666666666667,2.1246788345955886e-07,29.59333083180965,51.25715834291027,29.59333595752534,51.25715538357693,-51.25715834291027,0.0,13960825.411193462,29874201.25946623,0.40354939019294145,0.4090911622848635,1.07481761125528,1.3734624474778474,1.578371803937443,3.9214262771549375,9920221.990484353,23.190140832876562,5.487422155081461,0.47894567296134005,-0.02179620577326108,23.08300756918451,0.7149290717658334,619994213.7304175,25.606753074654073,32210.061859980062,29971163.580855835,-7.844086450321497e-07,-3.309675860562087e-08,-15.619235092329363,25.61913092089424,166.443913746609,166.45090825338693,115.72341328113089,69664.6098226628,78819788.52350488,1.2188601158548829,0.37897664273154913,1.3548586870785526,3.319288198087829,0.37377030348218165,1.1738061756187377,3.282650338616782,0.5730539400872378,5.369715677737453,-13.983333333333333,0.5115000000000001,0.6795,0.7852083333333333,0.6238333333333332,0.8286666666666667,1.3166666666666667
9.478966666666667,1.109,13.47,11.34,235.03750000000002,0.09845451365894957,-23.74,7.665,56.086666666666666,-56.086666666666666,2.0133952506704986e-07,28.043330962831106,48.57247951553324,28.043335820078923,48.5724767111999,-48.57247951553324,0.0,11995823.473124314,19220177.575044263,0.409257828634951,0.4138920666122552,1.1368280730340299,1.450977632609802,1.6475736324101344,3.944627751656622,9129528.220776767,23.366538271613244,6.819340169564269,0.6100674966287302,-0.01667518001251484,15.445956463036241,0.9868882731336632,675578394.9043295,20.984703060742863,21794.468944222903,19317138.69263918,-8.890758409531931e-07,-4.831155275415341e-08,-19.18069324704771,20.9937094878939,137.38173336185204,137.38847186278286,103.31105200120346,66260.49160278865,76608009.51578794,1.0090693819594643,0.3835084396222827,1.4168108155344474,3.336851822677736,0.3791650611683856,1.2420403803077964,3.297740288990714,0.5192854613733894,5.419784516397496,-7.716666666666665,0.3105,0.3075,0.798125,1.1441666666666668,1.2793333333333332,1.45
12.430633333333333,0.9830000000000001,11.723333333333333,10.34,248.2375,0.09570219638301027,-16.833333333333332,18.865000000000002,58.32,-58.32,2.093567295003628e-07,29.15999753510597,50.50660297181562,29.16000258576613,50.50660005581561,-50.50660297181562,0.0,14042531.0211461,25625851.37514094,0.4030652919224147,0.4086972989584849,1.0693412317735456,1.3666039992541463,1.5721714362987051,3.9194885030815643,9931031.528073652,21.901348563676503,6.572119902838228,0.5413271036525473,-0.0203773866749099,21.92577737350739,0.7212722167988392,660695721.4949479,27.478111800371444,28097.7948232652,25722825.532522317,-7.500225999668098e-07,-3.584918193221476e-08,-12.156773464505054,27.49317946271672,148.37009058634314,148.37652987405733,100.35938209415023,69981.76369407965,79014632.08971587,1.2302413999450095,0.37857470167152674,1.3493213500432828,3.317797412567513,0.37328290698434763,1.1677829293043627,3.2813854223121566,0.571911527930491,5.365404142405237,-1.216666666666665,0.35950000000000004,0.5745,0.9014583333333334,1.2748333333333335,1.2566666666666666,0.9966666666666666
7.985633333333333,0.7196666666666667,13.723333333333333,10.766666666666667,246.63750000000002,0.09601351580678542,-18.82,10.908333333333333,52.053333333333335,-52.053333333333335,1.8686069318002205e-07,26.02666446663322,45.07951028851581,26.026668974584126,45.07950768584914,-45.07951028851581,0.0,10896825.630274298,13237400.85851854,0.4038151150430163,0.4093200043148438,1.077140240380753,1.3763861335010588,1.5810055344738874,3.9222732644834957,8735150.77930642,19.50031890204278,7.923731317303293,0.7318567231733486,-0.012843029332100082,12.976342305340223,1.1840433677616433,814063105.4969395,21.17220749828687,16046.087413566884,13334389.138512585,-8.560846168488187e-07,-5.4958382232159843e-08,-14.099012901169319,21.185564649275026,104.59434948597837,104.60076711529017,78.55615450460212,69530.7004102868,78737510.17034042,1.2140916031329578,0.3791411012410848,1.3572002542188912,3.3199180735716216,0.37397094439844597,1.176362957569458,3.2831859629588847,0.5735795091888566,5.371459147163963,-17.45,0.1675,0.4585,0.9672916666666667,0.14083333333333334,0.7566666666666666,1.4073333333333333
12.115633333333335,0.9196666666666667,11.75,11.166666666666668,241.6375,0.09702287501306583,-21.393333333333334,19.775000000000002,61.086666666666666,-61.086666666666666,2.1928849021625792e-07,30.543330751506172,52.90260665646393,30.543336041766693,52.90260360213059,-52.90260665646393,0.0,15025609.35467074,27820392.70332338,0.40607517129843446,0.4111929276122451,1.1021983820970316,1.4077254568242346,1.6091709955803528,3.931392572701061,10320860.876615392,24.69713910161446,5.611841720071188,0.4334015457468976,-0.02317536995676557,21.984666848996685,0.608948173119085,579373639.3336644,26.740649891557435,30182.03036309961,27917348.761928305,-8.191501665635979e-07,-4.0144358325284256e-08,-15.882171667448834,26.752288212107768,168.61411871849975,168.62108818733861,118.4705875173518,68121.12764843414,77848706.89529951,1.140620398992819,0.38097215080205804,1.3823857739972174,3.3268805751805406,0.3761693189022187,1.203918882031163,3.289127530975805,0.5622562812771118,5.391407114394352,-8.116666666666665,0.34650000000000003,0.4615,0.878125,0.3158333333333333,0.9393333333333334,0.978
8.6623,0.8296666666666667,13.543333333333333,8.513333333333334,242.38750000000002,0.09686717741481236,-22.34,14.991666666666667,48.486666666666665,-48.486666666666665,1.7405709804025362e-07,24.243331284045006,41.99068626131858,24.243335483113515,41.99068383698524,-41.99068626131858,0.0,12028942.183772387,15534458.167356646,0.40581541999885673,0.4109915939460481,1.0983820709969396,1.4029619278405567,1.6049132859052184,3.9300020652630816,9178264.856991744,18.05616775255675,6.396486412758451,0.38220705357262147,-0.012633378992096258,14.55882293626571,0.7273474109547745,654424350.9727364,24.318298879149573,18301.644297923216,15631454.393851675,-7.488113592403696e-07,-5.2532108662290844e-08,-16.41774934734628,24.331149141218557,104.48931435022648,104.49091962065161,77.00109655278209,68332.56356271204,77984815.70190498,1.1517465770795126,0.380689943928992,1.3785611052301607,3.325803332314516,0.37583311430865873,1.1997124649180797,3.288203339651639,0.5641181765552921,5.388292194650069,-14.683333333333334,0.14550000000000002,0.47950000000000004,0.8047916666666667,0.3018333333333333,1.0246666666666666,0.7833333333333333
11.392300000000002,0.8576666666666667,14.296666666666667,10.606666666666667,243.1125,0.09671732332069717,-20.64666666666667,12.331666666666667,48.053333333333335,-48.053333333333335,1.7250152106065558e-07,24.02666463569317,41.615408575771255,24.02666879723391,41.61540617310458,-41.615408575771255,0.0,12771290.03072694,21644763.101067074,0.40550457896099634,0.41073673236480995,1.0947167065840195,1.3983741945310975,1.6008096296599608,3.9286577195299994,9542021.853323739,17.8200728016995,5.974856350701621,0.43931688434995375,-0.010397493830840905,16.17435649010168,0.7620825092266172,679055356.2545422,23.174142805282248,24276.256377880356,21741764.044637326,-6.863445725211389e-07,-3.9618680166597513e-08,-15.946793110787233,23.186356683468826,116.60432642330252,116.60528544931758,80.2530748999773,68536.95161318067,78115406.47489075,1.1625691024714249,0.3804290702298041,1.3748885556162804,3.3247823568119594,0.3755192265751196,1.195675298462984,3.287329046307057,0.5659505412841102,5.385463038349908,-18.85,0.1665,0.2995,0.841875,0.9971666666666666,1.002,0.7646666666666666
11.263966666666668,0.7736666666666666,14.216666666666667,9.14,243.0625,0.0967276100351127,-16.96666666666667,11.445,51.586666666666666,-51.586666666666666,1.8518545643276262e-07,25.793331153023548,44.675365088695614,25.793335620559933,44.67536250936227,-44.675365088695614,0.0,12115892.661052868,19829955.28878609,0.40552030011898205,0.41074849720786455,1.0949687105242019,1.3986888715112955,1.6010913724793487,3.9287488007465274,9259102.661734138,19.259072794993934,7.5024733159762516,0.6777228466887867,-0.012055506576052867,16.34858532223711,1.0690632780918528,738467321.7567064,21.219262690357365,22489.716593979436,19926950.126127355,-6.981138993917886e-07,-3.891613359018012e-08,-13.056677638272689,21.23087511440292,118.208858049682,118.214859814316,81.02013672685635,68522.85588556212,78106425.41518971,1.161820778734091,0.3804470630029595,1.3751414133757673,3.324852497465614,0.37554088270074537,1.1959529622711165,3.287389053505143,0.5658241729183758,5.385658078948265,-13.75,0.5205000000000001,0.6625,0.9464583333333334,1.3005,1.338,0.814
12.535633333333335,0.7116666666666667,12.896666666666667,10.686666666666667,246.86249999999998,0.09596921911808162,-17.873333333333335,13.078333333333333,52.82,-52.82,1.8961286783623392e-07,26.409997767563397,45.74346311679185,26.410002341909582,45.74346047579184,-45.74346311679185,0.0,12808316.81241918,23210335.73651279,0.4037640645872334,0.4092876319839469,1.0760408486738398,1.3750124298801263,1.5797690455786462,3.921889314902649,9477251.321436087,19.461043755886056,6.012600931207546,0.40615954205807053,-0.014378715062984122,18.89714439124938,0.6044096647793673,628471927.0444005,24.71828091102376,25777.033499156267,23307324.38011373,-6.768504959413064e-07,-3.404955405692013e-08,-13.771060612629439,24.732268426999198,128.65419014848587,128.66030838638707,83.47081419719794,69594.13118457016,78776650.99365796,1.2163446666153002,0.37906324657097673,1.3560905437912796,3.319619354555991,0.3738759603943959,1.175150693674555,3.2829318444529036,0.5733094587403352,5.370633993081651,-2.5166666666666657,0.4185,0.3435,0.756875,0.4465,1.2686666666666668,0.9886666666666666
7.635633333333333,0.7463333333333333,10.836666666666666,8.686666666666667,246.5875,0.09602343558792215,-20.42,14.105,48.95333333333333,-48.95333333333333,1.7573233478751302e-07,24.47666459765468,42.39483146113878,24.47666883713771,42.394829013472105,-42.39483146113878,0.0,10092623.445856407,9313033.327199936,0.4039523297297977,0.4094553731781394,1.0773876256723434,1.376714730059096,1.5813022835706299,3.9223980156993075,8244031.024668902,16.775986202775574,12.90136710400327,0.27458935253635053,-0.02087242231054741,14.334486480994308,0.4327996570516918,777274817.7406445,36.64430062592519,12244.189068516771,9410031.89194418,-7.668610539328056e-07,-5.600509135569703e-08,-14.583813543119929,36.65665911861323,84.77851602173786,84.78102067097797,61.31006187578966,69516.60468266827,78728753.09493947,1.2135916849244666,0.3791584267627405,1.3574470444684494,3.319984581649529,0.3739920717334846,1.1766326517296573,3.283242561140651,0.5736323127323866,5.371642950813335,-14.583333333333332,0.4425,0.12150000000000001,0.975625,0.6098333333333333,1.3820000000000001,1.4233333333333333
13.130633333333336,1.0250000000000001,11.983333333333334,10.806666666666667,245.7125,0.09619459512714472,-22.553333333333335,16.601666666666667,43.586666666666666,-43.586666666666666,1.564671121940297e-07,21.79333149114344,37.747161663206505,21.793335265859504,37.74715948387316,-37.747161663206505,0.0,13505563.653391143,24800540.752916384,0.4044097066625494,0.40984476933067093,1.081710653673918,1.3821252592305693,1.5861905656988604,3.9239543634612675,9754139.342862766,14.698065567618684,13.84664202208645,0.35070149437557785,-0.014283416844474222,20.387322756988556,0.41028416305520177,805450588.3581713,41.19646347006751,27406.20005928969,24897559.850438375,-6.077572240697986e-07,-3.0607905623629044e-08,-17.227007254064876,41.21351087884273,111.36353063696265,111.36437203764663,73.02073298911306,69269.92944934407,78576187.22523515,1.2019048625720077,0.37948109688490234,1.3618083120197966,3.321176507361422,0.3743798172657657,1.1813794749093403,3.2842554091878635,0.5725853555827165,5.375156466122815,-7.183333333333334,0.4495,0.17149999999999999,0.901875,0.2738333333333334,0.7233333333333333,1.4446666666666668
6.737299999999999,0.8123333333333334,11.530000000000001,9.006666666666668,242.1875,0.09690877300983157,-23.153333333333332,13.871666666666666,56.45333333333333,-56.45333333333333,2.026557825113251e-07,28.22666428066728,48.89002217253482,28.22666916966936,48.89001934986815,-48.89002217253482,0.0,10838932.369763967,10870343.030510105,0.40584620814810934,0.4110061169104894,1.0993950126844343,1.4042229627406249,1.6060390876513402,3.930362927566072,8568654.921777703,22.24575789207882,6.4481550695403556,0.3564872218257508,-0.022953753068755037,14.022090456712004,0.6090002235712061,613585514.3104105,24.979987836228513,13667.069716203772,10967307.072209476,-9.221419537476316e-07,-6.6294692561426e-08,-16.88022391373436,24.99353223568505,107.85880616802469,107.86578210081157,82.83091007118043,68276.18065223793,77948662.6133569,1.1487762632866343,0.38076187065034955,1.379576332568892,3.3260864075885,0.3759196264934555,1.2008301985797203,3.2884460710343144,0.5636352069748778,5.389072543134032,-17.916666666666664,0.1305,0.5345000000000001,0.8127083333333334,1.1698333333333333,0.9726666666666666,0.9299999999999999
7.378966666666667,1.0910000000000002,11.67,9.806666666666667,242.06250000000003,0.09693491762518346,-20.58,15.645000000000001,43.78666666666667,-43.78666666666667,1.5718507079999806e-07,21.893331482690446,37.92036674884373,21.893335274727015,37.920364559510396,-37.92036674884373,0.0,10402158.035346903,9412674.997968702,0.406123737706321,0.4112777758351683,1.1000346314715166,1.4050569376467332,1.6067859707850982,3.9306611705622485,8409883.284299627,14.840469724940329,15.678934302457927,0.2769036493832864,-0.016602582563152432,12.881272285384128,0.4265541505631554,905290417.266048,39.11588281231389,12398.182942295447,9509697.86531423,-7.313505452465236e-07,-5.625012881726504e-08,-14.068590684849097,39.1139381758916,76.09783809285723,76.10022814495277,55.255841366928,68240.94133319163,77925962.53221074,1.146919575412701,0.3808068506536563,1.3802114098933755,3.3262636919372626,0.37597371040940664,1.2015296778925713,3.288598145089835,0.5633191079896473,5.389560827763509,-14.416666666666666,0.6585,0.2675,0.7810416666666666,0.9715,1.494,1.4300000000000002
9.805633333333333,0.9490000000000001,12.923333333333334,11.06,245.58749999999998,0.09621935445297018,-21.913333333333334,18.188333333333333,44.92,-44.92,1.6125350290048522e-07,22.459998101456794,38.90186223412136,22.46000199164291,38.90185998812135,-38.90186223412136,0.0,12316964.982556907,15363040.054515943,0.40440259715268617,0.4098270585942566,1.0823291747221093,1.3828903677299549,1.5868811338801376,3.924166946741146,9257092.312335582,15.929768500304121,8.730467858209385,0.2623174483441448,-0.01105461615616875,14.512588910075252,0.5266373509013086,674975228.2268198,30.315188120702615,18188.36392954518,15460055.187390342,-7.177822505326683e-07,-4.954721783330345e-08,-15.333891174507565,30.33031942266206,95.07058716849029,95.07204261171172,67.75138443542396,69234.69013029773,78554262.520755,1.199995266989344,0.3795260827449766,1.3624328883774717,3.321346891460803,0.37443410670092,1.1820598402382643,3.284400169149878,0.5722692296927157,5.3756421517969155,-6.416666666666666,0.6565,0.4055000000000001,0.9427083333333334,0.8431666666666666,1.0313333333333334,1.1406666666666667
7.8923,0.9970000000000001,13.376666666666667,12.086666666666666,247.1625,0.09591075122960005,-19.633333333333333,13.825000000000001,49.42,-49.42,1.7740757153477245e-07,24.709997911264352,42.798976660958985,24.7100021911619,42.798974189958976,-42.798976660958985,0.0,11329527.117885195,13074953.36683982,0.40360964750821393,0.40915705591427926,1.074575444843799,1.3731725022848909,1.5781112884121156,3.9213696571125176,8895881.87058619,18.040660265368096,6.570143645629756,0.46598479069196175,-0.01151956516727241,12.734607621949127,0.7981955532434241,697121893.6685753,23.636397788949736,15914.712583007797,13171951.769150864,-8.253064385926546e-07,-5.651880054013235e-08,-14.01601976723529,23.651019674878466,98.44785706550869,98.44986426151458,73.2075601111455,69678.70555028133,78828422.60388976,1.219363514456558,0.37895932276365857,1.3546125007544307,3.319222079896462,0.37374916923167356,1.1735375936240093,3.282594155316314,0.5730029412555668,5.369532070925966,-0.14999999999999858,0.6975,0.5795,0.7614583333333333,1.0928333333333333,1.278,0.73
9.350633333333334,0.9530000000000001,13.103333333333333,9.379999999999999,245.08749999999998,0.09631870470301289,-22.593333333333334,11.585,47.85333333333333,-47.85333333333333,1.7178356245468726e-07,23.926664644146165,41.44220349013403,23.9266687883664,41.442201097467354,-41.44220349013403,0.0,11437267.847422438,15470402.532776434,0.40457937866415805,0.40996390505104857,1.0848129055327358,1.3859868034429554,1.5896737088142248,3.9250472939491283,8900374.62391081,17.746928606394704,6.7948411202866446,0.30779383558638307,-0.012918883111359402,14.798608628913033,0.5828649001241127,658242671.2668681,25.97371091914879,18243.90243289387,15567399.072608653,-7.680845709841677e-07,-4.817626278314012e-08,-17.32782390353542,25.988047871105227,103.34022312263481,103.3418518619147,75.91085527448024,69093.73285411246,78466411.2481483,1.1923659547957994,0.3797061797188191,1.3649352989875332,3.3220310190230666,0.37465133151753277,1.1847880132385051,3.284981832756675,0.5709240660966746,5.3775883559005235,-0.04999999999999716,0.5895,0.35750000000000004,0.8335416666666666,1.0321666666666667,1.3006666666666666,0.7993333333333333
6.7023,0.8676666666666667,11.783333333333333,12.073333333333334,235.8625,0.0982712232814525,-17.35333333333333,12.378333333333334,49.68666666666667,-49.68666666666667,1.7836484967606356e-07,24.843331233327024,43.02991677514195,24.84333553631858,43.02991429080861,-43.02991677514195,0.0,9833388.8769537,8721527.071043663,0.40902538288205337,0.4137215917347183,1.1324065701972346,1.4454839479962451,1.642731943280042,3.94296233894551,8194006.366196954,18.06143630205927,9.159468045760043,0.36409789400636244,-0.013987910020828793,11.938060236598112,0.5833290009618818,728929845.1207521,27.66323434021156,11660.251727908486,8818529.261762263,-8.228234008103285e-07,-5.8788489252582046e-08,-12.088021902122124,27.671434798782215,81.78652781312613,81.78934716778733,58.96863485079413,66493.07110849432,76767474.96166398,1.0266182083011914,0.3831962441688773,1.4124384279560898,3.3355646642648393,0.37879643661666834,1.2371655322457142,3.296622188476278,0.5257384708323024,5.4162978073784505,-3.5166666666666657,0.10350000000000001,0.3385,0.989375,0.16416666666666668,0.962,1.054
12.255633333333336,0.7936666666666666,12.629999999999999,7.673333333333334,235.16250000000002,0.09842644384817033,-19.913333333333334,14.268333333333334,49.25333333333333,-49.25333333333333,1.7680927269646552e-07,24.62666458497518,42.65463908959462,24.626668850438975,42.654636626927946,-42.65463908959462,0.0,12427317.090214157,20971702.436966725,0.4093548207284939,0.4140001709799567,1.1361593279474527,1.4501645755362331,1.6468595805797122,3.9444057708185323,9271881.555390917,18.355519414834156,7.72235143866008,0.33238996319423725,-0.014677928245534985,19.116750648544397,0.5644558178094903,655368498.7276342,27.714604166913155,23601.310000345115,21068701.074670605,-6.429858471726979e-07,-3.559489511131402e-08,-15.277752072917854,27.725701088759575,116.45904428426462,116.4599013737631,77.21234181349978,66295.73092183495,76632268.67524073,1.011717675551825,0.383461152361676,1.4161472815676697,3.3366560183172207,0.3791092419816811,1.2412997431219683,3.2975700234144885,0.5202615430529184,5.419256191332702,-11.016666666666666,0.20650000000000002,0.47150000000000003,0.9085416666666667,0.4068333333333334,0.9179999999999999,1.0753333333333335
12.488966666666666,1.0076666666666667,11.903333333333332,7.6466666666666665,236.8125,0.09806674778636347,-22.006666666666668,12.821666666666667,53.32,-53.32,1.9140776435115475e-07,26.659997746430903,46.176475830884925,26.66000236407836,46.17647316488491,-46.176475830884925,0.0,13227341.272432866,25487435.29562119,0.4084754184770132,0.413238717187554,1.1273399483403774,1.4391451950948773,1.6371238545676454,3.940967732376309,9583739.750360638,20.413250530705778,7.353624008582342,0.3839618030581341,-0.019844187361136807,22.26799632866641,0.5247322893314992,616551373.4084604,29.416188643218117,27952.90241694894,25584412.261040583,-7.233546753241196e-07,-3.37150160052527e-08,-17.518984378950247,29.428233739942712,139.35076142401283,139.35722512612983,96.12532724246407,66760.88993324633,76948916.7929298,1.0470295819616513,0.382836430877327,1.4074236721010684,3.334097342392349,0.37837130144171083,1.2315908601190924,3.295350966388136,0.5331937666150239,5.412283055756877,-5.549999999999999,0.2965,0.6035,0.819375,0.7848333333333333,1.1593333333333333,1.4340000000000002
10.202300000000001,0.8043333333333333,13.476666666666667,13.873333333333335,238.16250000000002,0.09776701196643664,-17.086666666666666,15.131666666666666,59.68666666666667,-59.68666666666667,2.1426277997447968e-07,29.843330810677156,51.69017105700334,29.843335979694118,51.69016807267,-51.69017105700334,0.0,12810165.306763362,18567606.037999146,0.40777949499829036,0.4126404773037345,1.1201969121532576,1.4302326300311132,1.6292103882001616,3.9382237926386967,9481685.630628396,24.173639301106803,5.3551523188241354,0.6741472894540299,-0.01540815198676245,15.132209375936029,0.9608217904178468,683405979.9486376,19.91721802397065,21179.17877571584,18664573.517264653,-8.952448743609954e-07,-5.061863044190512e-08,-12.301180165361032,19.926730862296264,136.70233884339643,136.70867453125553,98.59874753000611,67141.47457894654,77204954.27363075,1.076415929314672,0.3823243249521392,1.4003341128996214,3.332038887066509,0.37776575849299154,1.2237398825970536,3.2935736915797147,0.543978151477716,5.406574938755749,-4.516666666666666,0.3215,0.1575,0.8852083333333334,1.0858333333333334,1.1526666666666667,1.0033333333333334
11.835633333333334,0.825,12.603333333333333,8.753333333333334,248.26250000000002,0.09569740858123446,-23.78,20.358333333333334,47.02,-47.02,1.687920682631526e-07,23.509998012700322,40.72051563331225,23.510002084751772,40.72051328231224,-40.72051563331225,0.0,13596983.707191793,21116705.80994523,0.4031560572141171,0.4087919108886955,1.0692226985290725,1.3664701474153444,1.5720509324782928,3.9194742555307527,9769004.767322807,16.716304855944653,8.30085155178717,0.2648228384944711,-0.01379107190119667,18.46213365835561,0.4930440961647771,633326420.2897637,31.250115153106794,23770.63978509139,21213707.56781631,-6.440975802293434e-07,-4.1375301419147224e-08,-17.290527128547815,31.267393188450438,114.01084912973081,114.01179925564102,77.31596072662653,69988.81155788891,79018899.45588894,1.2304946010331075,0.3785660382250766,1.3491988575627554,3.317764746574782,0.3732723233598953,1.1676497760879017,3.2813577505467366,0.5718864232450155,5.365312474451313,-11.183333333333334,0.49449999999999994,0.5295,0.8910416666666667,0.8338333333333333,1.2593333333333332,1.1886666666666668
9.513966666666667,1.0330000000000001,12.743333333333332,12.926666666666668,249.6625,0.09543318979067009,-18.593333333333334,7.851666666666667,43.68666666666667,-43.68666666666667,1.5682609149701388e-07,21.843331486916945,37.833764206025116,21.84333527029326,37.833762021691776,-37.833764206025116,0.0,10151916.263975713,13226969.830766592,0.402650157224832,0.4084011549364822,1.062468254828289,1.3580350725385173,1.564396196250568,3.917136039157552,8396829.327826394,15.208684114879153,9.354368151133343,0.29348299481568724,-0.0099464592483494,13.364376468308981,0.5468251828160366,715268511.4401975,30.37814520992671,16134.313504199936,13323994.2141924,-7.055662694918623e-07,-3.987584116909859e-08,-14.555565453554454,30.39220420357499,85.37024330525055,85.37198333967005,59.11210814078295,70383.49193120764,79256295.07526906,1.24474695202382,0.3780688514491335,1.34235264434311,3.3159385106200845,0.3726678103654628,1.160231122246107,3.2798134990744807,0.5705003918584022,5.360003394083341,-8.75,0.2195,0.3205,0.911875,1.1838333333333333,1.4553333333333334,1.4686666666666668
12.220633333333335,0.7603333333333333,14.23,8.34,242.16250000000002,0.09691399724316818,-17.433333333333334,11.748333333333335,46.653333333333336,-46.653333333333336,1.6747581081887734e-07,23.32666469486415,40.402972976310664,23.326668735161338,40.40297064364399,-40.402972976310664,0.0,12039391.744241832,20487477.002381448,0.4060242750850615,0.4111847236694048,1.0995253744689906,1.4044085604248897,1.606206055429401,3.9304462984449966,9231045.427255172,16.865834947906176,6.510087736597535,0.41677177399239745,-0.00997238754644186,16.768178215855453,0.6974705610713712,685278836.725475,23.923011878019977,23182.902987641814,20584492.159135457,-6.24819240864625e-07,-3.489081601072442e-08,-13.451423751661805,23.93519566864221,107.56002422514523,107.56097510351198,71.671010490828,68269.13278842869,77944125.32770054,1.148404838234845,0.38077087046248287,1.379703301449356,3.3261218435122895,0.375930446884234,1.2009700118917916,3.288476462481024,0.5635718829704955,5.389170256079685,-11.15,0.4595,0.20550000000000002,0.8085416666666667,0.20850000000000002,1.2726666666666666,0.9139999999999999
9.140633333333334,0.8316666666666667,13.030000000000001,11.713333333333335,247.4625,0.09585019803728478,-16.873333333333335,13.848333333333333,58.22,-58.22,2.0899775019737863e-07,29.10999753933247,50.420000428997,29.11000258133237,50.41999751799699,-50.420000428997,0.0,11740449.808862891,14866141.527321132,0.4034157786995989,0.4089861162258161,1.073111982700579,1.3713278546700822,1.5764470488730593,3.9208327922699167,9026983.665954154,22.459234017340908,6.706990669925788,0.6932346937675541,-0.0166654653958765,14.583954058990413,1.005637407039266,689294174.3263713,20.608340869951814,17594.029396760114,14963113.627390152,-8.767487151090547e-07,-5.302463752391438e-08,-12.195792425688126,20.6212397736655,120.07713447381768,120.08343582918553,87.02907723979561,69763.27991599249,78881975.15055148,1.222386363147001,0.3788554022743094,1.3531365237523765,3.3188261220504818,0.3736223397081807,1.1719283181936155,3.282257869098014,0.57268904877127,5.3684308235919955,-3.3500000000000014,0.6755,0.6645,0.7839583333333333,1.0391666666666668,1.1246666666666667,0.85
12.185633333333335,0.913,13.49,7.193333333333333,244.06249999999997,0.09652355424018434,-22.42,12.168333333333333,54.78666666666667,-54.78666666666667,1.9667279412825577e-07,27.39333101777559,47.44664645889126,27.393335762440106,47.44664371955792,-47.44664645889126,0.0,13268912.83424455,24857644.440745175,0.4049914413146506,0.41029569469349997,1.0899384397108136,1.3923825873472861,1.59543505632659,3.9268922661094563,9661285.451529551,21.30758344835561,4.99453576384696,0.4089502837047925,-0.017258301724539928,19.418235246160297,0.6771803430360083,597368319.9162217,22.68107290246687,27332.763387356183,24954614.948342837,-7.413180547971241e-07,-3.932957746872181e-08,-17.80065041173551,22.69250590331754,143.42962819315224,143.43625918998345,99.57115924671433,68804.77043793266,78285067.0544775,1.176845920850161,0.3800872133252942,1.3700950713337263,3.3234570660973644,0.3751075446753322,1.190419946764104,3.2861968076546826,0.5683515852023144,5.381760440543189,-19.183333333333334,0.6845,0.2765,0.9752083333333333,0.10116666666666667,1.126,1.0366666666666666
7.1223,0.9563333333333334,13.576666666666668,11.26,245.3125,0.09627375771481561,-23.22,7.221666666666667,56.586666666666666,-56.586666666666666,2.0313442158197068e-07,28.293330941698613,49.005492229626306,28.2933358422477,49.005489400292966,-49.005492229626306,0.0,11022812.43442925,14984449.277415823,0.404363933264975,0.4097640865099885,1.083691271471752,1.3845683352631557,1.5883941912209656,3.9246129363711457,8772740.109513523,22.860266142295295,5.909465337802282,0.7241215310001993,-0.016805214594712854,13.27487692798535,1.1315128758808435,746851022.5759263,19.899025118873098,17675.975261507276,15081409.7148039,-9.611006452541113e-07,-5.794523113735557e-08,-18.467721867491168,19.910770979773414,126.1330707605693,126.14008780960629,98.95247949538276,69157.16362839582,78506108.62726156,1.195790978919469,0.3796252180496668,1.3638086747284612,3.321722791421481,0.37455366892865183,1.1835590336517183,3.2847196462204726,0.5714915747092146,5.376713766816418,-15.649999999999999,0.5665,0.6044999999999999,0.8514583333333333,0.9668333333333332,0.9206666666666666,0.9406666666666667
10.563966666666667,0.8543333333333334,11.836666666666666,13.82,249.6125,0.09544258857924005,-20.393333333333334,10.558333333333334,45.88666666666667,-45.88666666666667,1.6472363616266544e-07,22.943331393933974,39.739020148034626,22.94333536783588,39.739017853701284,-39.739020148034626,0.0,11053808.168668687,15672689.939552866,0.402616385405283,0.4083622521068687,1.062707102580589,1.3583254910181937,1.5646598201404163,3.917203900604215,8715415.853526931,16.1595613156535,10.228483727472796,0.268402905292135,-0.012248840672861095,15.072197698079167,0.45975692360866993,707194916.1456451,33.62851715376502,18483.850620533904,15769700.340768017,-7.1716109545559e-07,-3.832864803031154e-08,-15.78294798481699,33.64559086640167,97.91164101949849,97.91294223973962,66.342093827751,70369.3962035891,79247857.63240127,1.2442370173786679,0.37808618079504075,1.3425959525476416,3.316002837107717,0.3726890111119772,1.1604944660338796,3.27986779291032,0.5705495668476456,5.3601863572573665,-11.983333333333333,0.5395,0.4525,0.9606250000000001,0.8758333333333334,1.3713333333333333,1.306
6.8423,0.8896666666666667,13.636666666666667,6.273333333333333,236.36249999999998,0.09816249337511763,-18.513333333333332,20.311666666666667,57.25333333333333,-57.25333333333333,2.055276169351984e-07,28.626664246855288,49.58284251508373,28.626669205139404,49.58283965241706,-49.58284251508373,0.0,11894554.765655927,11446209.145221613,0.4086366942354535,0.41336674174815746,1.1297339353093037,1.4421255346827095,1.6397615354865152,3.941882805561359,9100761.693049882,22.332134720533944,6.762948838958714,0.884923619485762,-0.017351581000680575,13.10848246752866,1.2961742873245916,835889663.0376585,19.238752543421015,14247.42782514782,11543183.79837206,-9.123590842455031e-07,-7.81323391564525e-08,-11.693724936404058,19.248163221014398,106.1603992723764,106.1672326648987,83.09790261169906,66634.02838467958,76863485.52450517,1.03733381897512,0.3830069101459557,1.4097963848043384,3.3347904162293864,0.3785727690146973,1.234226348196807,3.2959509731387513,0.5296592059915662,5.414184756131638,-14.75,0.6345,0.37450000000000006,0.8264583333333333,1.3845,0.9046666666666666,1.486
6.8773,0.9590000000000001,12.816666666666666,7.793333333333333,241.6125,0.09702814509683766,-19.64666666666667,18.141666666666666,54.68666666666667,-54.68666666666667,1.9631381482527162e-07,27.34333102200209,47.36004391607265,27.34333575800635,47.360041181739305,-47.36004391607265,0.0,11322042.141598258,10644286.33972544,0.40612664490898664,0.41124328660049625,1.1023265504441129,1.4078936732261846,1.6093217080046824,3.9314583022637297,8824519.978788111,20.633986114670556,6.399841934742437,0.5869545509063457,-0.017323699617710023,13.07294007516023,0.9011521783041551,716042764.214767,22.062656838893986,13487.287330968367,10741266.35299486,-9.005286434803426e-07,-7.303125462271224e-08,-12.951212476935522,22.07475132470684,98.97409182990138,98.9809910948123,76.56975709786127,68114.07978462489,77844144.04912156,1.1402504472077304,0.3809811537075787,1.382513085634759,3.326916239116122,0.3761801357364805,1.2040592960264274,3.2891581614792513,0.5621930880145594,5.391504953782734,-12.083333333333332,0.4135,0.3125,0.9597916666666667,0.9131666666666666,0.8313333333333333,1.2126666666666668
8.125633333333333,1.0123333333333333,10.983333333333334,12.753333333333334,247.9375,0.09575971985736323,-23.246666666666666,8.085,53.42,-53.42,1.917667436541389e-07,26.709997742204408,46.263078373703536,26.710002368512114,46.26307570270353,-46.263078373703536,0.0,10568875.210417304,13275515.344711993,0.40324327308594954,0.40885206233476645,1.0707968377050416,1.3684363574090033,1.573828669610981,3.9200200605743762,8460453.958248956,20.32412362142685,7.5934930972758945,0.2583410361460158,-0.01937005594092652,14.778219978190222,0.44069430080528765,595176777.6790934,29.325296038150462,16041.334319524356,13372486.83932479,-8.431449364402248e-07,-4.886502679105709e-08,-18.370919598752586,29.341942037083566,109.64926211505357,109.65560584484753,77.86674696715183,69897.18932836848,78963401.30596317,1.2272061190248988,0.3786786339257228,1.350791876787468,3.31818997777206,0.37340985509102237,1.1693823936957688,3.2817181394587696,0.5722135268339248,5.366504193989593,-1.5833333333333321,0.4055000000000001,0.6104999999999999,0.793125,0.9925,1.234,1.022
13.060633333333335,1.1063333333333336,13.196666666666667,8.073333333333334,240.4375,0.0972778834310258,-16.206666666666667,7.595,46.18666666666667,-46.18666666666667,1.658005740716179e-07,23.093331381254476,39.998827776490465,23.093335381137145,39.998825467157126,-39.998827776490465,0.0,11197368.703897633,20695094.78591639,0.40692608397911234,0.4119569935783707,1.108341831038859,1.415471236760094,1.6160645029037455,3.933753653156645,8822979.83744897,16.394416925872964,7.96612809647363,0.37823586782556856,-0.011359918006773754,18.427181251290566,0.5724812592294531,672057583.4141961,27.22472930188135,23391.16094811719,20792113.10178162,-5.777579708522165e-07,-2.7937399602173002e-08,-13.155904826317794,27.236000823691157,104.64077911288581,104.6416452530389,65.2632703797149,67782.8301855895,77628643.65476683,1.122952626544445,0.3814039577031095,1.388513365449753,3.328603628587277,0.3766879506526369,1.2106917249466072,3.2906102196157017,0.5592266389511863,5.396102541928792,-7.416666666666668,0.3205,0.5665,0.9377083333333334,0.12916666666666668,1.3126666666666666,0.722
8.265633333333334,0.791,11.59,6.593333333333334,242.93749999999997,0.09675336596407844,-19.486666666666665,13.498333333333335,53.153333333333336,-53.153333333333336,1.9080946551284781e-07,26.576664420141736,46.032138259520565,26.576669023355436,46.032135601853895,-46.032138259520565,0.0,10640031.33023466,11625665.990299355,0.40558286112017716,0.41080167401324,1.0955998461201535,1.399481268639482,1.6018010479027034,3.9289879664851983,8495712.835124776,19.72251167327321,7.662203504539145,0.34356341107015437,-0.020549766501741618,15.767974649655402,0.5484512320802893,649363324.0565436,27.135229684358972,14456.516606444176,11722649.770024434,-7.672070020589241e-07,-5.2214796588500865e-08,-14.427087334549022,27.14936629469481,99.65404573310165,99.66028583951909,72.2743436539295,68487.6165665158,78083949.87305267,1.1599509816210487,0.38049203698778333,1.3757738670515902,3.325028027299464,0.3755950117066658,1.1966476645351363,3.287539261231112,0.5655082457222574,5.386145606543184,-19.216666666666665,0.1275,0.1665,0.8447916666666666,1.3331666666666666,1.2993333333333332,1.0873333333333333
7.868966666666667,0.9676666666666668,10.55,7.993333333333333,241.33750000000003,0.09708624639269331,-16.726666666666667,17.581666666666667,44.45333333333333,-44.45333333333333,1.5957826615322579e-07,22.22666478784712,38.497717034301154,22.22666863761872,38.49771481163449,-38.497717034301154,0.0,9733944.083636386,7301804.579064575,0.40655788656957753,0.4116587244059564,1.1037355664184627,1.4097065452347848,1.6109403933942577,3.9320727459745655,8075276.52614606,10.422337494265618,34.67883799227953,0.3809621004611514,-0.056242254817342324,13.833923820504676,0.40815967342567233,1380998041.6389804,59.45444675094896,10358.849052237843,7398835.55917524,-7.173237248822888e-07,-5.960725618851768e-08,-10.426026339936483,59.58247354333512,67.85409430979198,67.86436900764834,47.161419093242756,68036.55328272298,77793882.7539795,1.136187313503527,0.3810801066659094,1.383914523486079,3.3273091567732074,0.3762990410793585,1.2056061135643277,3.289495835947548,0.5614979542861376,5.3925802028074,-12.783333333333333,0.36550000000000005,0.4565,0.9572916666666667,0.9295,1.2273333333333332,1.0766666666666667
11.508966666666668,0.9770000000000001,10.77,9.22,243.76250000000002,0.09658446377829825,-17.14,7.105,46.95333333333333,-46.95333333333333,1.6855274872782981e-07,23.476664682184655,40.6627806047665,23.4766687484626,40.66277825709983,-40.6627806047665,0.0,10629287.229565013,17725605.483587332,0.4054072926064066,0.41069277144233857,1.0914492501016466,1.394313493291498,1.597170962110585,3.9275143138991138,8506468.2423195,15.012963747224656,16.73903785462959,0.4462476806435983,-0.021162430120254847,20.123022460421485,0.5343808622174877,946692553.5116515,42.853421275953494,20482.552049589714,17822617.52196126,-5.778269309540409e-07,-2.7678423623120162e-08,-13.99924816990843,42.862976796520286,101.38218443427952,101.38336986013574,64.21993238136528,68720.19607222153,78231640.18250014,1.1723256536273694,0.3801951698067711,1.371606519349864,3.3238740567108613,0.3752375941904914,1.1920752778030832,3.2865527277544606,0.5675933497084082,5.382929096453128,-19.15,0.3015,0.21750000000000003,0.9072916666666666,0.5188333333333334,1.3953333333333333,0.7473333333333333
9.653966666666667,0.8763333333333334,12.33,8.06,241.51250000000002,0.09704924564470276,-17.06,20.66166666666667,57.22,-57.22,2.0540795716753701e-07,28.609997581597455,49.55397500081086,28.610002536994816,49.55397213981085,-49.55397500081086,0.0,12559214.088962363,15472577.571778744,0.4061972345526601,0.41130657706177354,1.1028367366509997,1.408536082375989,1.6098942707792534,3.9316510352807708,9305663.177665003,21.918745544587942,5.9247405614525075,0.46563197982818444,-0.01942514998766797,16.92800925220247,0.6919196066621802,622137361.7716227,23.19495742795358,18192.92696185805,15569555.765378028,-7.690554417904185e-07,-5.313789315379676e-08,-11.336955511973802,23.20732902239445,118.05701652566381,118.06304630941865,83.31271954539729,68085.88832938783,77825881.73741685,1.1387719120698894,0.3810171344913221,1.3830224959257735,3.327058975906003,0.3762233765914895,1.204621408170479,3.289280801659794,0.5619403227335336,5.391895864202495,-9.716666666666667,0.36150000000000004,0.3265,0.896875,0.27616666666666667,0.9259999999999999,1.2766666666666668
12.593966666666667,0.7883333333333333,11.156666666666666,11.433333333333334,241.5625,0.09703869137028308,-23.926666666666666,15.48166666666667,58.85333333333334,-58.85333333333334,2.1127128578294502e-07,29.426664179231313,50.96848320018156,29.426669276079494,50.968480257514884,-50.96848320018156,0.0,14533670.844235167,29139936.53077314,0.406122786911805,0.4112350181253261,1.1025807845314293,1.40820660361022,1.6095999520874662,3.9315375533484134,10102190.151464973,23.655469880972223,6.552884998796195,0.39635330327690055,-0.024067227454252958,23.163674059801203,0.5033449383681312,594857397.830287,30.176450848211644,31467.83493778578,29236892.03412906,-7.971027559538361e-07,-3.532669865597583e-08,-18.816686685603777,30.18942278850247,168.78981066843323,168.7969137407983,117.11292878954066,68099.98405700635,77835015.07432891,1.1395110918331237,0.3809991383350809,1.3827677500781999,3.326987580397407,0.37620175103386627,1.2043402847861728,3.2892194533831107,0.5620667032840128,5.391700315065161,-10.616666666666665,0.1505,0.5825,0.8597916666666667,1.0461666666666667,0.9139999999999999,0.8793333333333333
8.918966666666666,0.8443333333333334,14.043333333333333,7.953333333333333,242.3375,0.09687759528793245,-20.806666666666665,16.928333333333335,41.75333333333333,-41.75333333333333,1.4988582497265343e-07,20.876664901962585,36.15944837819858,20.87666851790732,36.15944629053191,-36.15944837819858,0.0,11836856.949918913,14317628.973912079,0.40597028919952366,0.41114478382704467,1.0986386399341768,1.4033020985505975,1.6052184272741872,3.9301311055207337,9135733.817239895,14.889890468467085,8.715329160633562,0.2959861841388547,-0.00894576785946559,13.654795141435804,0.6697433392152587,738685627.8233521,28.365592754863616,17211.85165969394,14414662.56073408,-6.534047235707204e-07,-4.9656342161828015e-08,-14.593914378042562,28.377543741722842,85.21025525118452,85.21191347721854,61.517541755593356,68318.4678350935,77975758.17695946,1.1510026162862967,0.3807079313863945,1.3788148251447436,3.3258740458362017,0.3758547498092641,1.199991743190718,3.2882639639789195,0.5639918072965222,5.388487374943568,-10.283333333333333,0.1295,0.1285,0.8735416666666667,0.5818333333333334,1.4313333333333333,1.3766666666666667
13.445633333333333,0.9276666666666668,11.85,11.446666666666667,241.9875,0.09695062985297205,-22.233333333333334,19.868333333333332,60.486666666666665,-60.486666666666665,2.1713461439835295e-07,30.243330776865164,52.382991399552246,30.24333601516416,52.38298837521891,-52.382991399552246,0.0,15820015.917099608,33177684.902425267,0.4058970759005752,0.41104085675558344,1.1004099056066694,1.405486653965017,1.6071662648622034,3.930718557938992,10656286.214031901,24.347431508317772,5.807927831551473,0.47144302529028315,-0.02242526342537262,23.71091931584254,0.6568520443693636,606853829.9145261,27.906394272674458,35409.35076665087,33274641.00909956,-8.069960582545383e-07,-3.6595899323010115e-08,-16.775233341893703,27.917822256873972,181.1713096359736,181.17864541876006,125.96557319668061,68219.79774176383,77912328.22170463,1.1458065923408478,0.3808338405645119,1.3805925751463197,3.3263701710756477,0.3760061609320089,1.2019497116852425,3.2886895240517093,0.563129526585348,5.389853895260369,-18.95,0.2005,0.2775,0.855625,0.4418333333333334,1.4300000000000002,0.7913333333333333
11.403966666666667,0.8056666666666666,13.356666666666667,9.34,245.8125,0.09617482222727379,-22.35333333333333,11.771666666666667,57.653333333333336,-57.653333333333336,2.0696353414713508e-07,28.826664229949298,49.92925268635819,28.826669222874425,49.92924980369152,-49.92925268635819,0.0,13320731.392665368,24075752.350762524,0.4041518999519509,0.40959131607466803,1.081210279968092,1.3814699310455738,1.5855974282970138,3.9237213142833953,9687570.174206302,22.942792347433297,4.679318749838744,0.4931627241282052,-0.01855747170890124,18.626822980132552,0.793773640967379,588022649.355146,21.745565611393186,26547.64615090443,24172713.320739675,-7.94126849932193e-07,-4.187009095123264e-08,-17.724567723322306,21.756890837767358,150.24838921269549,150.25514618833148,105.83862162665957,69298.12090458108,78593707.31001759,1.2034339204625102,0.3794451097566363,1.3613089165050711,3.3210403723621544,0.37433638289245724,1.180835685197711,3.284139786356833,0.5728382587596386,5.3747680119087695,-0.38333333333333286,0.5405000000000001,0.37250000000000005,0.7960416666666666,1.3518333333333334,0.734,1.322
10.715633333333335,0.917,12.016666666666666,12.193333333333333,239.7125,0.09743068818137882,-23.26,10.721666666666668,51.88666666666667,-51.88666666666667,1.8626239434171512e-07,25.943331140344053,44.93517271715146,25.9433356338612,44.93517012281812,-44.93517271715146,0.0,11998566.31856054,18755224.50182803,0.40710534994747877,0.41208118709301694,1.1120783541250203,1.4201286157695192,1.6201979673457731,3.9351677891714085,9067604.48425332,20.21534526009423,6.778035070053415,0.2692319469757074,-0.01608842386349648,16.79075518195505,0.5348085639783806,602797038.5490001,27.476178514656063,21392.873625934535,18852202.822239727,-7.981628953925717e-07,-4.1908523534546484e-08,-18.360172752913,27.489061764369097,122.79936554222658,122.80563872927091,86.6849158090598,67578.44213512089,77494760.91779402,1.1106883721578107,0.38173566520219493,1.392248484998812,3.32971396887499,0.37706889801671006,1.2148275770400587,3.2915745965221697,0.5562806828528198,5.40002476661423,-8.48333333333333,0.6715,0.4195,0.836875,1.1068333333333336,1.35,1.1233333333333333
9.280633333333334,0.9263333333333335,11.39,12.02,246.1875,0.09610095082361503,-23.873333333333335,19.565,47.486666666666665,-47.486666666666665,1.70467305010412e-07,23.743331326309992,41.124660833132445,23.74333543877596,41.124658458799104,-41.124660833132445,0.0,12284241.756482007,14461746.356298715,0.4041077415742136,0.4095788765527403,1.0793579089018384,1.3791757519104229,1.5835251037783677,3.9230971832623434,9166763.861091118,16.76338865022127,11.531095125189077,0.2466199150978476,-0.01585756076841458,15.26230120927123,0.4089621041795713,702390800.9883285,36.55937525093132,17267.986482195825,14558745.411798246,-7.475820811808489e-07,-5.0943148953781825e-08,-16.63269161970649,36.57590564901449,99.5698941906,99.57135187514425,70.00619182748393,69403.83886172005,78659248.50152232,1.2091788524831784,0.37931015989647693,1.359438287083595,3.3205312184575377,0.37417346484324127,1.1788002585169712,3.2837076193949475,0.5737867232014069,5.373311889805688,-15.15,0.5925,0.2565,0.9989583333333334,1.0508333333333333,0.7699999999999999,0.954
11.963966666666668,0.8216666666666667,12.17,10.246666666666666,235.6375,0.09832073874336252,-22.86,8.411666666666667,60.153333333333336,-60.153333333333336,2.159380167217391e-07,30.07666412428683,52.09431625682354,30.07666933371831,52.09431324915686,-52.09431625682354,0.0,13061565.371046517,25707516.601958048,0.4089831009546962,0.41366064637723454,1.1336078655904045,1.446958652210823,1.6440310391352568,3.9433760590035063,9504455.437830225,25.348357853726203,5.074962306631976,0.3649228021607867,-0.023263968507912767,20.712874115051825,0.5650927578762837,569938514.0470583,23.77835364738886,28097.56509455067,25804467.393331155,-7.967580846682677e-07,-3.614724894920415e-08,-18.836566702426786,23.787559001539623,163.42740418207953,163.43432047657745,112.17580896042243,66429.64033421096,76724132.42333646,1.0218158419981265,0.38328141618779416,1.413629293950149,3.3359145142244366,0.3788970249540934,1.238491899447147,3.2969258077525456,0.5239767008449148,5.417248740115682,-6.349999999999998,0.47650000000000003,0.5125,0.8747916666666666,0.18283333333333335,0.7353333333333333,1.2873333333333332
10.983966666666667,0.8116666666666666,11.396666666666667,10.313333333333333,241.7875,0.09699135151527023,-22.913333333333334,8.901666666666667,59.153333333333336,-59.153333333333336,2.123482236918975e-07,29.576664166551815,51.2282908286374,29.576669289380757,51.228287870970725,-51.2282908286374,0.0,12373920.971769994,21614493.6034953,0.4060460752998993,0.411175936178498,1.101435393082765,1.4067754082876054,1.608324467384792,3.9311218172054923,9198416.865894347,24.201447848022237,5.681231178782569,0.3210779547590627,-0.024842063761577084,20.03572095998695,0.5278119085355965,550121997.1451457,25.965586450360192,24121.965367910492,21711447.459568035,-7.795144272454372e-07,-3.7756844606555954e-08,-18.695565549498912,25.97816227381103,149.64829731139204,149.6549539658495,102.77666102419933,68163.4148312897,77876016.82175587,1.1428408342392533,0.38091817798392397,1.3816222105576528,3.3266668363825014,0.37610444642718494,1.2030767353067717,3.288943965320193,0.5626354420180198,5.390820855840733,-11.55,0.1735,0.1345,0.759375,0.4278333333333334,1.1766666666666667,1.3753333333333333
10.190633333333334,0.937,13.596666666666668,9.793333333333333,245.7875,0.09617976256757675,-23.64666666666667,9.718333333333334,51.053333333333335,-51.053333333333335,1.8327090015018043e-07,25.526664508898207,44.21348486032967,25.526668930246572,44.213482307663,-44.21348486032967,0.0,12342404.240546066,20296273.83548586,0.4042100859629428,0.40964836994765486,1.0813351114049854,1.3816330540511164,1.5857451079445213,3.9237796417378954,9316700.88083736,19.628349313106252,5.4391233861782275,0.4193468108091043,-0.013974332062085409,16.3280198012719,0.7841756562128882,622775330.4523821,23.105921979364254,22910.128745128186,20393253.9073919,-7.54845924542625e-07,-4.314583605379447e-08,-18.865835655220742,23.118965415716723,125.34117191812284,125.34764052001493,90.24386368084178,69291.07304077185,78589328.94430047,1.2030515988058141,0.3794541064066326,1.3614337432433672,3.3210743917649896,0.3743472422060167,1.1809716042334486,3.2841686790473856,0.572775032681667,5.374865117603721,-1.3833333333333329,0.1555,0.6865,0.9852083333333334,0.9435,0.7326666666666666,0.7513333333333333
6.9356333333333335,1.0010000000000001,11.663333333333334,11.593333333333334,247.83750000000003,0.0957788568423271,-23.553333333333335,19.005000000000003,46.120000000000005,-46.120000000000005,1.6556125453629516e-07,23.059998050738812,39.94109274794473,23.060002044847977,39.941090441944716,-39.94109274794473,0.0,11465593.736158576,11035509.47843825,0.4033515631311899,0.4089535580886255,1.071284188733565,1.369056976052045,1.5743900034766638,3.920212609900472,8858570.52897971,16.15766654259081,11.694175757947166,0.2528078796145558,-0.01493982242756169,12.934763002937677,0.4737274502907466,747413935.8910718,35.475644204272044,13944.956225029784,11132515.150722217,-7.828219650121573e-07,-6.149273162768748e-08,-15.650971194471584,35.49084054244753,87.18243813482505,87.18462713203756,63.91126843161562,69868.99787313145,78946369.69165392,1.226195399148191,0.3787132773320905,1.3512825771541666,3.3183211350308746,0.37345216108792756,1.1699164255113985,3.281829355459085,0.5723144983954811,5.366870972732391,-13.45,0.2475,0.38849999999999996,0.8889583333333333,1.1371666666666669,0.8553333333333333,0.938
11.928966666666668,0.8716666666666667,11.616666666666667,12.5,240.16250000000002,0.09733647385956423,-17.993333333333332,14.594999999999999,51.85333333333333,-51.85333333333333,1.861427345740537e-07,25.926664475086216,44.906305202878585,25.926668965716612,44.90630261021191,-44.906305202878585,0.0,12497682.977381386,20587564.196348682,0.4068461682462803,0.4118532889056803,1.1097510250333766,1.4172104969009651,1.6176060048035028,3.9342328775510307,9283952.79422681,18.88197418330171,8.490488176442181,0.41554781446528105,-0.015252306366094339,18.662016529263656,0.49992049908694236,647824774.7894518,31.05061777599542,23219.504244602464,20684557.067342132,-7.693112963068171e-07,-3.5958893543163795e-08,-13.536074175499607,31.065152192263113,120.81778614893591,120.82376663017678,83.75171627013063,67705.3036836876,77578262.03176597,1.1189277776441338,0.38150289648356606,1.3899224271962716,3.329001803475692,0.37680669528675215,1.2122528593525537,3.2909535783835353,0.5585291453165417,5.397179695425155,-7.75,0.24050000000000002,0.38150000000000006,0.996875,0.2015,0.7393333333333333,1.3353333333333333
9.233966666666667,0.7403333333333333,12.276666666666667,7.26,245.9875,0.0961402944437565,-18.18,10.348333333333333,54.38666666666667,-54.38666666666667,1.9523687691631915e-07,27.193331034681588,47.10023628761681,27.193335744705085,47.100233568283464,-47.10023628761681,0.0,10801234.363323951,14135689.988846064,0.4041589326988916,0.4096136326167764,1.0803455842198713,1.3804035735389033,1.5846346782092078,3.923438314736042,8604617.011672178,20.48211891800143,6.271111569932314,0.4181467248462249,-0.018873720922862772,16.341816613384307,0.6777755978058272,635765998.2337985,23.969086488596453,16901.8878524034,14232670.750199389,-7.490220298624317e-07,-4.441038442372237e-08,-14.126361633858311,23.98325920926669,109.90219953365803,109.90832781905627,77.66202179577776,69347.45595124597,78624324.56211895,1.206112740036622,0.3793821346616535,1.3604354994441303,3.3208024938517577,0.37426036492209014,1.179885078048275,3.2839378326533,0.5732808446806222,5.374088418689162,-6.4833333333333325,0.5465,0.5045000000000001,0.9347916666666667,0.5538333333333334,1.07,0.7939999999999999
8.720633333333334,1.0143333333333335,11.936666666666667,8.886666666666667,236.4125,0.09815173346786177,-21.326666666666668,12.471666666666668,56.120000000000005,-56.120000000000005,2.0145918483471127e-07,28.059997628088944,48.601347029806114,28.06000248822351,48.60134422380611,-48.601347029806114,0.0,11313003.359396929,13948559.30210086,0.4086481922877085,0.41338234562986825,1.1294681016052563,1.4417987137042192,1.639472841074451,3.941788057169614,8759604.889769476,22.324161772968807,6.262930644112939,0.38120053077065824,-0.02094957181768802,15.789480595854066,0.602374874671787,603715598.0406005,24.322262215217183,16672.93078838941,14045527.861827808,-8.508838602972418e-07,-5.303411520313867e-08,-16.172886436864932,24.333264055864156,115.72605381757286,115.7324131061198,84.9923289840323,66648.1241122981,76873059.20275494,1.0384086926550806,0.3829879712911192,1.4095325076501328,3.3347132321871866,0.3785503907985195,1.2339330468898595,3.2958841125652043,0.5300516974620266,5.413973451330035,-10.783333333333333,0.1315,0.4165000000000001,0.8739583333333334,0.3065,0.9926666666666666,1.01
9.840633333333333,0.9943333333333335,13.463333333333335,8.273333333333333,243.6375,0.09660988455921043,-17.7,17.418333333333333,59.120000000000005,-59.120000000000005,2.122285639242361e-07,29.559997501293985,51.19942331436453,29.560002621236173,51.19942035836452,-51.19942331436453,0.0,12903201.648126185,17822265.540598795,0.4051718735277289,0.4104430832680529,1.0920712795189322,1.3950499990005503,1.5978294774131647,3.9276685513847562,9509164.466139529,23.163100338002597,5.443394755552331,0.6865975159953426,-0.018191293823151152,16.48999569729146,0.9857220444438696,692533624.3468534,20.017875120029053,20464.3833723269,17919234.51933845,-8.0896503763414e-07,-5.255703072838928e-08,-12.520425105592318,20.028747097150227,130.59781940931566,130.60410757528058,93.47160115440401,68684.95675317518,78209366.03576408,1.17044549634005,0.380240152262547,1.3722368927980073,3.3240482130988718,0.37529177151714815,1.1927661798630869,3.2867014753686723,0.5672774213142442,5.383416218617541,-15.816666666666666,0.2635,0.5955,0.7510416666666667,1.1465,1.3593333333333333,0.766
8.510633333333335,0.9596666666666668,11.623333333333333,11.686666666666667,248.6375,0.09562595873834923,-16.939999999999998,13.918333333333333,60.75333333333333,-60.75333333333333,2.1809189253964405e-07,30.376664098927833,52.61393151373522,30.37666936032084,52.613928476068544,-52.61393151373522,0.0,11250956.572327415,12830853.219863568,0.4028815921816475,0.4085459076600178,1.0674058780679847,1.3641798179079558,1.5699773298282067,3.9188125216043574,8750987.468133502,23.72146179709729,5.652375477427812,0.4851782990739172,-0.021768653981966226,15.030882390656075,0.6741201157356753,621753074.7188087,22.735443874284815,15588.754113693305,12927817.154199947,-8.901912215972578e-07,-5.496608257674049e-08,-12.149441980880962,22.750163577323345,118.57210336196975,118.57847686886952,85.10593588650003,70094.52951502785,79082660.07886589,1.2342958807990771,0.3784361257863156,1.347363777137747,3.3172759880621383,0.3731135769046704,1.1656561078646661,3.2809439161485545,0.5715108747162884,5.3639383443924515,-1.8166666666666664,0.6835,0.3325,0.9947916666666667,0.9318333333333334,1.4286666666666668,0.7446666666666666
8.090633333333333,0.7443333333333333,13.363333333333333,6.86,238.0375,0.0977944930898386,-18.633333333333333,17.861666666666668,60.38666666666667,-60.38666666666667,2.167756350953688e-07,30.193330781091667,52.296388856733635,30.193336010730405,52.296385837400294,-52.296388856733635,0.0,12190314.075910127,14102969.803564753,0.407832161033497,0.4126839278838751,1.120855321167177,1.4310525191160774,1.6299397412249004,3.938474070048174,9205552.487587499,24.33223664878427,6.062009085956893,0.80557983839888,-0.020236337002611408,14.888647917923151,1.174356859197784,763621683.9939743,19.14192049180338,16812.03437708073,14199932.984194964,-8.889204862258276e-07,-6.51203036823468e-08,-12.870441747034603,19.15130176192062,122.6758699473391,122.6824229657591,92.94445155757688,67106.23525990023,77181392.82409078,1.073676876849885,0.38237175191732836,1.4009886801852585,3.3322281460777297,0.3778218691864774,1.2244633307488926,3.2937368125634245,0.5429890766172182,5.407103111716239,-5.116666666666667,0.30050000000000004,0.1255,0.8252083333333333,0.7708333333333334,0.7366666666666666,1.1553333333333333
13.352300000000001,0.8136666666666666,13.129999999999999,9.446666666666667,240.5625,0.09725108202558902,-20.82,13.451666666666666,55.28666666666667,-55.28666666666667,1.984676906431766e-07,27.643330996643098,47.87965917298433,27.643335784608883,47.87965640865099,-47.87965917298433,0.0,14368656.830166312,30809322.114045158,0.4065917698953138,0.4116280534481739,1.1076945712957404,1.4146197746099323,1.6153054973840029,3.9334421167251703,10137723.514453918,21.48573401417865,5.379988812921565,0.41643434814692204,-0.016852186177337542,21.755000628898383,0.6361159821520252,579032237.7289944,25.15497089893607,33140.69796199244,30906295.11233359,-7.605091354392079e-07,-3.38358534667657e-08,-16.458129172730963,25.165768681881467,157.40186417145262,157.4087737690625,109.97368299375266,67818.06950463582,77651700.7077955,1.1247850348926043,0.3813589768269709,1.3878735179270847,3.328423054028018,0.3766339554369535,1.2099832400594803,3.2904545864970114,0.5595425976779809,5.395612986964813,-1.716666666666665,0.20750000000000002,0.39250000000000007,0.7710416666666666,0.19683333333333336,0.75,1.262
7.2623,0.8603333333333334,14.25,10.673333333333334,237.4625,0.0979217467938378,-23.06,13.615,55.653333333333336,-55.653333333333336,1.9978394808745184e-07,27.82666431447927,48.197201829985914,27.82666913419932,48.19719904731924,-48.197201829985914,0.0,12194825.73878622,15787241.221690036,0.40809368106582067,0.41290329479852594,1.123891650897155,1.4348355168379094,1.6333012022354825,3.939629536816329,9272287.45393824,22.518588687450453,6.1162334281007364,0.7993372389401865,-0.014860433277961006,13.146141986843867,1.2499517991993843,804993349.5835987,19.404956966326765,18463.74887918721,15884208.008427091,-9.553149395624088e-07,-6.583844569506337e-08,-16.990146059847792,19.41429845044854,124.46336336154782,124.47021203683825,98.27182422171283,66944.13439228716,77072523.52851996,1.0611250423714145,0.38258997175335047,1.4040047565791134,3.333102341469531,0.3780799461990043,1.2278004319566371,3.2944910164748187,0.5383651030523029,5.409534659334706,-15.483333333333334,0.2735,0.24250000000000002,0.8189583333333333,1.1628333333333334,1.182,0.8326666666666667
11.228966666666668,0.9403333333333335,10.996666666666666,12.553333333333335,244.7375,0.09638870832406124,-20.96666666666667,18.258333333333333,53.986666666666665,-53.986666666666665,1.9380095970438247e-07,26.993331051587578,46.753826116342346,26.99333572697006,46.753823417009,-46.753826116342346,0.0,13131298.274057528,20128121.540169414,0.4046917229206366,0.4100481471155513,1.0865561250506848,1.3881590768991583,1.5916298080143674,3.9256636410624473,9508087.887733504,19.73844158395721,8.664860539525291,0.37298143533604144,-0.018625101558819936,18.952093537582066,0.47437690915696573,642793324.0633237,33.15431788689757,22743.216456065442,20225101.092427257,-8.056372082850115e-07,-4.1125170673738543e-08,-15.3514254958374,33.171458499570676,127.3666651707435,127.37286414562358,89.74195913670404,68995.06276078276,78404671.28520176,1.1870537585275176,0.37983206427757293,1.3666902179803737,3.3225119875114992,0.3748031500318266,1.1867040505527477,3.2853912572264465,0.5700393983632849,5.378948955253907,-3.116666666666667,0.21750000000000003,0.6665,0.9918750000000001,0.8618333333333333,1.3073333333333335,1.442
7.4023,1.0983333333333336,11.15,6.6466666666666665,235.01250000000002,0.0984601396022323,-19.873333333333335,7.011666666666667,54.45333333333333,-54.45333333333333,1.954761964516419e-07,27.22666436519725,47.157971316162545,27.226669080994252,47.15796859349587,-47.157971316162545,0.0,9564743.659796577,9985672.229619976,0.409374577680221,0.4140086277566226,1.1369645518911204,1.4511647996854318,1.6477402293784595,3.9447148745343066,8023263.2611682955,21.133704529277185,8.107095316202873,0.3407592324776794,-0.023774303042078435,15.157412831022242,0.5264063735086247,662522307.6711572,26.73649607534465,12821.467886101387,10082647.270867335,-7.561274856491497e-07,-5.211082713361572e-08,-15.743913032635243,26.74638932018387,96.73540141877787,96.74180962277677,69.33207942947125,66253.44373897939,76603153.57101321,1.008540135166725,0.3835178951618528,1.4169435581857137,3.3368910139620707,0.37917622290583086,1.2421886061652094,3.297774380448368,0.5190903076291945,5.419890166000757,-3.4833333333333307,0.27849999999999997,0.3165,0.9785416666666666,1.1978333333333333,1.466,1.0673333333333335
8.1373,0.725,11.97,8.006666666666668,248.8375,0.09558789945319933,-17.606666666666666,7.361666666666666,59.92,-59.92,2.151003983481094e-07,29.959997467481994,51.892243656913436,29.960002656706216,51.89224066091343,-51.892243656913436,0.0,10228469.717037013,12483197.821117427,0.40280579556021107,0.4084865009943608,1.0664404173578816,1.3629723839204975,1.5688833316593809,3.9184764552299054,8362216.09219427,23.553965886894773,5.754268141036154,0.6042289469694961,-0.023870877659678748,15.599113170155885,0.8720253194228794,653557637.3056511,21.538245694749506,15245.227160020115,12580159.982664717,-8.078908394104462e-07,-4.876260072358839e-08,-14.021724828419687,21.552438111401734,116.97720507604787,116.98371133581848,84.25975492312806,70150.91242550197,79116667.70568529,1.236326307040388,0.3783668412711714,1.3463863482793914,3.3170161335314794,0.37302888821571156,1.1645952265454973,3.280724075838512,0.5713115681132052,5.363205893654955,-10.649999999999999,0.6375,0.39949999999999997,0.8535416666666666,0.11516666666666667,1.2153333333333334,1.3966666666666667
12.197300000000002,0.9510000000000001,12.07,11.18,245.33749999999998,0.0962687809601967,-23.113333333333333,8.038333333333334,45.35333333333333,-45.35333333333333,1.6280907988008323e-07,22.67666474980863,39.277139919668684,22.676668677522514,39.27713765200201,-39.277139919668684,0.0,12271926.202009287,23502482.325024776,0.4045412855613179,0.40994640969950696,1.0835710612621006,1.384444630626642,1.5882837093798523,3.9246145080957535,9258576.108099815,16.2439788742774,9.920542831282644,0.28912043987029756,-0.013510377659119825,19.448545244952484,0.38847908952107957,653255060.1506165,34.543120232700126,26101.129098470883,23599486.799756084,-6.565826145601329e-07,-2.944583302009679e-08,-19.01845660965061,34.55940757991175,114.49306653841127,114.49392509553876,77.13694136020229,69164.21149220508,78510507.6710793,1.196171848490157,0.37961621930530376,1.3636835459503884,3.321688584696567,0.37454281466171263,1.1834226402234789,3.2846905676753373,0.5715547510578136,5.376616561362662,-18.183333333333334,0.6575,0.6185,0.8060416666666667,0.47916666666666674,0.7993333333333333,1.2233333333333332
10.6573,1.0083333333333333,12.143333333333334,6.206666666666667,248.5375,0.09564499657196235,-21.98,13.801666666666666,43.32,-43.32,1.5550983405273863e-07,21.659998169080772,37.516221549023534,21.660001920702822,37.516219383023525,-37.516221549023534,0.0,11276838.671407085,15428256.665779777,0.40318484857612347,0.4088456019133076,1.0678951915244599,1.3648292407657252,1.5705665468567958,3.919047266007523,8796080.8170432,14.71779316892719,12.877131748527376,0.26274743475992957,-0.015845832539873466,17.168356958966054,0.4493839503684577,769242296.4257526,37.407978627647445,18269.976010813058,15525277.08612188,-6.043804280570777e-07,-3.897732123780576e-08,-16.74568993746809,37.42018190763804,90.62427829552352,90.62563423286659,61.38454765354236,70066.33805979078,79065660.19308671,1.2332814725336394,0.378470772916493,1.3478527765068005,3.317406120971065,0.37315592091697136,1.1661871960897974,3.2810540707714795,0.571610755693166,5.364304763882131,-14.716666666666667,0.5145000000000001,0.37949999999999995,0.7689583333333333,0.35550000000000004,0.866,1.1166666666666667
12.978966666666668,0.8076666666666666,13.01,13.206666666666667,238.8125,0.09762501338482571,-18.233333333333334,10.441666666666666,56.85333333333333,-56.85333333333333,2.0409169972326176e-07,28.426664263761285,49.23643234380928,28.426669187404382,49.2364295011426,-49.23643234380928,0.0,12822291.661150223,24656120.10504088,0.4074920007439958,0.41240089519883677,1.1167818690692064,1.4259800483681582,1.6254226284409363,3.93693040313208,9453183.369051624,22.593751140966855,5.16128818016217,0.4464292237198767,-0.015452507518305885,18.302658116964132,0.7179075377760051,600234487.3956327,22.92332497526195,27132.143752048254,24753092.168172915,-8.146193423643744e-07,-3.6138573569585866e-08,-14.461299949728259,22.933702755367598,146.79123867339482,146.79775352062956,100.7097873905534,67324.71903798738,77326986.42420132,1.0907187740500215,0.38207757352168914,1.3969363379149635,3.3310589815036957,0.3774737509040296,1.2199892890611765,3.292730049749089,0.5491282890532322,5.403827966549408,-16.383333333333333,0.6655,0.5475,0.8989583333333333,0.5235,0.9219999999999999,1.3246666666666667
10.167300000000001,0.835,13.95,12.353333333333333,247.8625,0.09577404604129684,-21.54,9.181666666666667,44.88666666666667,-44.88666666666667,1.6113384313282382e-07,22.44333143619896,38.872994719848485,22.443335323498324,38.87299247551515,-38.872994719848485,0.0,11418160.015971133,17419259.326624088,0.4033354212799897,0.40893913874303356,1.0711622850267193,1.3689020859484065,1.5742497308143895,3.9201603688522177,8971399.347501032,16.26768692129337,6.493575233192265,0.3445368946508293,-0.00919528177450811,14.027102827155474,0.6988967946188674,646093456.2583396,25.225270392111085,20187.907810414687,17516270.70056523,-7.318825597495514e-07,-4.187727303238141e-08,-16.923440426834073,25.239888822058166,101.01847509228774,101.01983511146855,71.95415439964859,69876.0457369407,78950648.80662335,1.2264479847418777,0.3787046141463103,1.3511598960629345,3.3182883336925064,0.3734415825071823,1.1697828789644673,3.2818015352101546,0.5722892412238921,5.366779229926865,-5.383333333333331,0.5055000000000001,0.3275,0.7522916666666667,1.3938333333333335,0.9793333333333334,1.058
13.270633333333334,1.0870000000000002,13.15,13.700000000000001,247.38750000000002,0.0958670291255358,-20.366666666666667,18.468333333333334,57.120000000000005,-57.120000000000005,2.050489778645529e-07,28.559997585823957,49.467372457992255,28.560002532561064,49.467369601992246,-49.467372457992255,0.0,15261751.47418351,29801592.01808015,0.4034067564593956,0.40897023271227056,1.0734764339943386,1.37177736649257,1.5768521813495655,3.9209457350451067,10494272.358169273,21.929163380664544,4.939584116243697,0.41907048295374566,-0.01520269472097699,19.628828343554073,0.6444466839395843,566357693.265697,25.015176339841105,32159.926080284775,29898562.13469021,-8.717509203650851e-07,-4.0584291363551906e-08,-15.084003273081727,25.02749514051362,160.72284989800727,160.72982943044903,116.84849536536588,69742.13632456471,78867187.3894629,1.2216300485371432,0.3788813862819427,1.353505308278568,3.3189249880404175,0.3736540540979347,1.1723302547646974,3.282341808644791,0.5727655808660926,5.368706154491313,-8.783333333333335,0.2625,0.5705,0.8172916666666666,1.1021666666666667,0.8273333333333333,0.9606666666666666
12.057300000000001,0.7336666666666667,12.99,8.126666666666667,235.18750000000003,0.09842084200125205,-23.66,11.305,52.42,-52.42,1.881769506242973e-07,26.209997784469394,45.397052945517395,26.21000232417456,45.39705032451739,-45.397052945517395,0.0,12934718.218368553,23866028.750262134,0.40924801731786953,0.41389385412313234,1.1360230332436274,1.4499808478218048,1.6466963771723517,3.944328047989825,9495475.169449098,20.83482419670831,5.783280232043082,0.311907889504316,-0.016672121902859847,19.349305358970827,0.6359721788039252,599798105.97722,24.738992247719256,26365.237803818905,23963004.440428324,-7.164540473618481e-07,-3.761730567391291e-08,-18.966581651745372,24.749132403143577,136.7038422524623,136.7103486383283,94.66479938695544,66302.77878564423,76637116.3866113,1.0122477691177243,0.38345169766021686,1.4160146258204258,3.3366168950403505,0.3790980805532923,1.2411517242670151,3.297536013898056,0.5204568218329805,5.419150578618168,-3.0500000000000007,0.5085000000000001,0.6925,0.903125,0.9411666666666666,1.1206666666666667,0.754
10.5173,0.811,13.21,7.233333333333333,239.41250000000002,0.09749530832510223,-16.006666666666668,20.988333333333337,51.02,-51.02,1.8315124038251904e-07,25.509997843640377,44.184617346056804,25.510002262101988,44.184614795056795,-44.184617346056804,0.0,12529475.550366724,16043765.278252333,0.40730762555963657,0.4122622893486156,1.1136446511503324,1.4220877923487822,1.6219498843846507,3.9357748235228556,9344637.529995622,18.608584601306706,6.699965390110975,0.4505154614426712,-0.013461549949716912,16.399491287226656,0.7110912798853066,672491911.3644677,24.02661904036739,18814.90612166319,16140769.604962606,-6.87712163456369e-07,-4.846777242512711e-08,-10.424907364623323,24.038381249512366,104.44367777077895,104.44937515940362,72.03486165193507,67493.8677694097,77438879.61110815,1.1040107006395368,0.3818496648296627,1.3938089365335984,3.3301607931823214,0.377203915003586,1.2165440867640238,3.291958121590437,0.5538923462144029,5.401292449768656,-6.850000000000001,0.5245,0.11750000000000001,0.956875,0.8081666666666666,1.4406666666666668,1.2593333333333332
7.495633333333333,1.0036666666666667,11.923333333333334,12.9,238.36249999999998,0.09772315773152877,-18.273333333333333,14.175,45.486666666666665,-45.486666666666665,1.6328771895072877e-07,22.743331410839968,39.39260997676016,22.743335350100853,39.39260770242682,-39.39260997676016,0.0,10364314.861227058,9928770.205748217,0.40791401670447347,0.41279331557915394,1.1191492539355894,1.428962086575563,1.6280825682446862,3.937894080812602,8423866.517194133,15.96231044039702,11.739154262827688,0.30841522583348435,-0.012121710606288437,12.213556649716296,0.5146240285541247,781022112.0775344,32.66412958167144,12887.840149271544,10025790.022491198,-7.558887931725312e-07,-5.307930643605827e-08,-12.55084934776143,32.670911340660034,79.83205652237282,79.83424251966129,56.7330043261015,67197.85748942064,77242590.63646418,1.0808060298359714,0.3822484185996024,1.3992875493045867,3.331736610102912,0.37767594432850493,1.2225837800816046,3.2933132779702863,0.5455615754987706,5.405729711919963,-4.216666666666667,0.5965,0.5035000000000001,0.8364583333333333,0.3998333333333334,0.8686666666666667,0.886
10.8323,0.9716666666666667,12.843333333333334,7.833333333333334,243.8875,0.09655905564228916,-17.473333333333333,14.058333333333334,60.85333333333334,-60.85333333333334,2.1845087184262823e-07,30.42666409470134,52.70053405655384,30.4266693647546,52.700531013887165,-52.70053405655384,0.0,12677138.693492629,20112242.04067988,0.40506020041881086,0.4103507583482166,1.0908157659911484,1.3934791071833907,1.5964197174866095,3.9272105054581905,9378014.978950758,24.287472569152314,6.501224424925709,0.636453419701119,-0.02146792000521937,18.596861134706526,0.9314216321233824,639591468.4235902,21.013673056787944,22682.1045369277,20209204.592501804,-7.904354588474867e-07,-4.371697477671638e-08,-13.184484754903732,21.02449606799173,142.00459833411023,142.0109651447673,98.53931861787399,68755.43539126785,78253916.41811696,1.1742078127529554,0.3801501885071117,1.3709764662120336,3.323700134817197,0.3751834132087667,1.1913850912004371,3.286404248622999,0.5679092797715255,5.382442105873759,-1.9499999999999993,0.6775,0.6555,0.9972916666666667,1.3728333333333333,0.8513333333333333,1.3886666666666667
9.420633333333335,1.0510000000000002,14.016666666666666,13.406666666666666,244.4375,0.09644906583844418,-18.06,20.615000000000002,61.32,-61.32,2.2012610858988763e-07,30.65999740831101,53.104679256374034,30.660002718778788,53.10467619037402,-53.104679256374034,0.0,13931003.642566772,18248233.511324987,0.40475512495774113,0.41008701418080173,1.0880528961896785,1.3900200871569002,1.5933036398947436,3.9261863541724034,9967211.742438171,24.525183634878257,5.933055799760264,0.8115637305732831,-0.01571374272058087,14.477721023518386,1.1820397178930764,770843234.8257024,18.824826996578697,20864.998151923748,18345196.286660768,-9.413294161264705e-07,-6.288722122012277e-08,-11.835384535360747,18.835081266056477,139.4338442297143,139.44035475653737,103.47936748219544,68910.48839507163,78351535.15385035,1.1825092814462956,0.37994001166370167,1.3681967614798767,3.322925791813641,0.3749332815446797,1.1883506063515517,3.2857438279568054,0.5692814459780778,5.380116285691225,-12.483333333333333,0.4235,0.5145000000000001,0.9272916666666666,0.5888333333333333,0.79,1.0726666666666667
7.005633333333333,0.8356666666666667,12.803333333333335,8.366666666666667,241.8375,0.09698084208895033,-22.886666666666667,14.618333333333334,45.02,-45.02,1.6161248220346936e-07,22.509998097230298,38.98846477693997,22.510001996076667,38.988462525939966,-38.98846477693997,0.0,10809368.164802233,11170976.3262703,0.40613008605601403,0.4112656709186824,1.1011834764745703,1.40647652833164,1.6080593573112032,3.9310634411625522,8631910.475119567,16.378067889057746,9.05331261325891,0.30194586957596087,-0.01265888644109525,12.81302691691816,0.5935574334068159,717531921.8608322,29.10031131839263,14080.069943875009,11267986.486039417,-7.779644052275004e-07,-5.9491034930158416e-08,-16.327015381584015,29.112850051847484,85.27162216243282,85.27412803419006,64.679613804453,68177.51055890824,77885125.55103716,1.1435816264829313,0.38090018558733674,1.3813678726490692,3.326595684241589,0.3760828178269056,1.2027962557930687,3.288882864152308,0.5627618288463728,5.3906254230830655,-18.78333333333333,0.1885,0.5975,0.9697916666666666,0.6121666666666666,1.4006666666666667,0.8406666666666667
13.293966666666668,0.8516666666666667,10.603333333333333,7.7,243.48749999999998,0.09664048332319612,-16.406666666666666,18.001666666666665,50.32,-50.32,1.806383852616299e-07,25.159997873225866,43.57839954632651,25.1600022310657,43.5783970303265,-43.57839954632651,0.0,12669733.549803773,23466447.84118981,0.405408885897793,0.41067109783150835,1.0928291927303075,1.39602210110731,1.5987025388700498,3.927985479112269,9315195.867658494,16.051509524704475,14.991731401652746,0.6024681230985247,-0.021965031795878436,24.30206247769417,0.7674161533401452,993011609.9562604,42.356987442007394,26063.973736932086,23563452.591391694,-6.177765650812666e-07,-2.9053848469701866e-08,-12.024835933818022,42.37525498231004,120.91586612891561,120.92192491189469,76.42474222334302,68642.66957031962,78182577.37076347,1.1681916568403705,0.3802941209451521,1.3729938073781331,3.3242575115774358,0.37535676342653873,1.1935960963514614,3.2868802980201597,0.5668983097701618,5.384000739802404,-6.65,0.5285000000000001,0.36750000000000005,0.873125,0.7591666666666665,0.8526666666666667,0.842
7.3323,0.849,13.79,9.406666666666666,247.73749999999998,0.09579812138491853,-21.846666666666668,18.77166666666667,56.553333333333335,-56.553333333333335,2.030147618143093e-07,28.27666427644078,48.97662471535344,28.276669174103116,48.97662188768676,-48.97662471535344,0.0,12567819.918946544,14267167.657454092,0.4032438958122637,0.4088349861769155,1.071766448093668,1.3696380388587426,1.5749137127008512,3.92033628049922,9399968.659917956,21.954902895911903,6.331143014476424,0.7446513350850996,-0.016321532757249988,13.387709212708254,1.1443800382603688,752711440.2945474,20.082006079148382,17001.641165405166,14364136.511263354,-9.440732878498032e-07,-7.221204738016343e-08,-14.844515064393764,20.09478155219831,120.36732045184701,120.37422407796588,95.09076682830859,69840.80641789438,78929240.13756032,1.2251851830465539,0.37874792047678946,1.3517734657378,3.31845242795896,0.37349446203324305,1.1704508508520277,3.2819407204825652,0.5724155908320161,5.367237826338655,-6.949999999999999,0.1825,0.2005,0.945625,1.2561666666666669,1.4100000000000001,1.3393333333333333
10.050633333333334,1.0223333333333335,11.216666666666667,13.66,245.28750000000002,0.09627873627721333,-16.913333333333334,13.311666666666667,54.653333333333336,-54.653333333333336,1.9619415505761023e-07,27.326664356744256,47.33117640179977,27.326669089861767,47.3311736691331,-47.33117640179977,0.0,11319220.080874752,14781893.20757082,0.40449218892132516,0.4098924073205402,1.0838179619527053,1.3847443794851573,1.5885538326519424,3.924691625829484,8769603.322128266,20.14257098111469,7.63260176230138,0.38414701057281736,-0.01669553198274951,15.794328015321843,0.4841900705920221,619564811.0194523,28.151959571812494,17540.148007188345,14878877.352138618,-7.795852144878504e-07,-4.350347447955242e-08,-12.40228313101176,28.167403183204808,110.88084379671392,110.8866993523491,74.49057872194889,69150.11576458659,78501708.55523744,1.1954100329143178,0.3796342053330719,1.3639337734672259,3.3217569891797125,0.3745645138002068,1.183695478066205,3.2847487312059878,0.5714283987112133,5.376810812189054,-18.75,0.5885,0.23249999999999998,0.8022916666666666,0.9808333333333332,0.8366666666666667,0.99
9.793966666666668,0.887,13.896666666666667,11.100000000000001,245.3625,0.09626404146008873,-20.126666666666665,20.52166666666667,49.82,-49.82,1.788434887467091e-07,24.90999789435836,43.145386832233434,24.910002208896923,43.14538434123343,-43.145386832233434,0.0,13186451.856627684,16792922.72915492,0.4044132320002412,0.40981852147718234,1.0834441869638352,1.384270302468873,1.5881256023757189,3.924543238306117,9660426.806320578,18.230340998514336,5.920448386507392,0.41884463394340454,-0.011218348654896662,14.361036996920872,0.7623130013351915,655764649.2036792,23.42181676082554,19540.796075348455,16889921.65976826,-7.864689658210218e-07,-5.570877312896414e-08,-13.459677099518585,23.435529464708456,108.96972004499234,108.97581477298529,79.73612680790586,69171.25935601437,78514729.90975599,1.196562579901571,0.37960705352091895,1.363558118961443,3.321654193963291,0.3745318039122998,1.1832861546394966,3.284661360353797,0.5717002984600497,5.376516551024074,-18.483333333333334,0.3115,0.3395,0.7760416666666666,1.2421666666666669,1.2953333333333332,1.0166666666666666
10.7273,0.9990000000000001,11.296666666666667,10.513333333333334,245.0125,0.0963335513451983,-19.006666666666668,15.505,57.986666666666665,-57.986666666666665,2.0816013182374892e-07,28.993330882527633,50.217927829086904,28.993335904320276,50.21792492975356,-50.217927829086904,0.0,12560417.14165854,18939215.609891962,0.4045779423661697,0.4099559765704436,1.0851855286538838,1.3864472315801935,1.5900883304859106,3.9251714088105034,9271984.607460065,22.35368618131615,6.49258534379202,0.37266583443153806,-0.02207859493166143,19.140769373373587,0.543924968477,597987291.2117805,26.863967383008497,21555.955406047902,19036184.522373777,-7.443665298386389e-07,-4.085710065378103e-08,-14.196786206409906,26.878765708231025,132.9898780397624,132.9960651757869,89.35174121006888,69072.58926268469,78453297.98447597,1.1912255755559444,0.37973317881591145,1.3653111710253372,3.3221339571613546,0.374683890816994,1.1851981643906224,3.2850694194836314,0.5707345380290573,5.377880145432005,-0.5833333333333321,0.14950000000000002,0.5385000000000001,0.8235416666666666,1.2935,1.0646666666666667,1.2753333333333332
6.655633333333333,1.0883333333333334,14.396666666666667,6.966666666666667,249.0875,0.09554164911508163,-21.38,18.421666666666667,48.553333333333335,-48.553333333333335,1.742964175755764e-07,24.276664614560676,42.04842128986433,24.276668819402687,42.04841886219766,-42.04842128986433,0.0,11808652.548608456,12344011.467973132,0.4026829294530282,0.40838324606099585,1.0652284066187432,1.361457347141171,1.5675022593830152,3.918042533845755,9130207.794691842,17.524011641813384,6.332006615231428,0.6155680268085398,-0.011395898490892372,12.223581014919102,1.0207044940684848,732991885.7690463,21.979666265548264,15208.792039554779,12441011.572220644,-8.539468002705565e-07,-7.162076716480841e-08,-14.183908221777932,21.99446896364993,95.82746373518638,95.83011124326424,76.14816569113282,70221.39106359458,79159060.80501139,1.2388899929837744,0.37826806020150344,1.3451541581199884,3.3166803413478556,0.37291147511510636,1.163265887185388,3.2804400666893963,0.5710679058524472,5.362107203378204,-3.4166666666666643,0.5855,0.3045,0.8160416666666667,1.1115000000000002,1.4326666666666668,1.2006666666666668
8.358966666666667,1.1023333333333336,10.896666666666667,13.073333333333334,248.1125,0.095726157956665,-21.073333333333334,16.438333333333333,49.153333333333336,-49.153333333333336,1.7645029339348137e-07,24.576664589201684,42.568036546776014,24.57666884600522,42.56803408910934,-42.568036546776014,0.0,11234334.464817904,11978557.363160182,0.40324488587217666,0.4088692568600039,1.0699498572927726,1.3673868572766252,1.5728805316421994,3.9197449219785288,8728859.674174512,17.087273744359788,11.836168682231907,0.2647505772568015,-0.016726968631036336,14.205024841989745,0.3606872048375458,730202002.8066564,36.41563592859911,14843.534302084066,12075554.65960844,-7.745184200879548e-07,-5.146924590727651e-08,-14.726018215403265,36.432191941817464,94.77488469485836,94.77663143162245,66.06446004360193,69946.52437503333,78993283.44870035,1.2289761242678396,0.3786180047410574,1.3499338379689967,3.3179608263368516,0.3733358049746415,1.1684489185451559,3.2815238866650884,0.5720371939089935,5.365862388009606,-15.583333333333334,0.5235,0.5205000000000001,0.954375,0.8898333333333334,1.026,1.0193333333333334
9.268966666666667,0.895,12.563333333333333,12.873333333333335,245.2625,0.09628371672347323,-20.526666666666667,15.528333333333332,50.153333333333336,-50.153333333333336,1.80040086423323e-07,25.076664546936698,43.43406197496215,25.076668890342773,43.43405946729548,-43.43406197496215,0.0,11960315.769944362,15107375.900179245,0.4044899424082835,0.4098879857877784,1.0839421133359812,1.3848973011005166,1.5886915813451121,3.9247323176999274,9101834.223518977,18.50619787407585,6.824189634289978,0.31677407508275646,-0.012866726984163697,14.31745499002523,0.5978202205186997,632665281.6227353,26.393887240248876,17883.438768724372,15204369.931328395,-7.963252763624948e-07,-5.044585210766056e-08,-14.749017574643437,26.408769302330462,106.05917663040695,106.06521929645673,75.87095187600725,69143.0679007773,78497307.44925281,1.1950292800633093,0.37964320377140165,1.364058909831756,3.3217912100004616,0.3745753695395417,1.1838319772117254,3.284777839354096,0.5713652226320168,5.376908028129666,-2.349999999999998,0.5675,0.5265000000000001,0.851875,1.3378333333333334,0.7913333333333333,0.7486666666666666
9.058966666666667,1.0843333333333334,12.983333333333334,13.366666666666667,245.8625,0.09616494740495166,-23.46,20.265,56.25333333333334,-56.25333333333334,2.0193782390535681e-07,28.126664289120278,48.7168170868976,28.126669160801853,48.71681427423093,-48.7168170868976,0.0,13799012.436822418,18311290.634021252,0.4041174952380064,0.40956069342873436,1.080962429127875,1.3811592455079587,1.5853168135760083,3.9236323707372485,9860193.48701981,22.146443109625103,4.980646646135369,0.4090369640804508,-0.015821475648428656,14.885633268366453,0.7041816256989495,582163133.2581701,22.967466625020684,20939.454884796643,18408257.586796105,-9.092765449609729e-07,-6.09550538544162e-08,-16.245978156285577,22.98047069578266,133.4140496397228,133.4206707305281,99.84403495674748,69312.21663219962,78602460.70724978,1.2041989763627687,0.37942711670975116,1.361059307315614,3.320972362221967,0.3743146650059129,1.180563964499065,3.284082037738045,0.5729647110868343,5.374573816233193,-2.9833333333333343,0.2275,0.6234999999999999,0.995625,1.4708333333333334,1.3326666666666667,1.002
12.4773,0.8416666666666667,14.156666666666666,6.42,239.8875,0.09739302239577079,-18.873333333333335,7.875,48.18666666666667,-48.18666666666667,1.7298016013130115e-07,24.093331296724504,41.73087863286274,24.093335469812253,41.7308762235294,-41.73087863286274,0.0,11718335.526957382,21980093.061083317,0.4071009732523413,0.4120908255581401,1.111168759573822,1.4190063844281833,1.619194971506868,3.934842075133678,9080123.784411661,17.846432938392958,6.017666776153347,0.4315616469924305,-0.011653937798033913,17.78273817625605,0.7463405888286075,641010982.8511001,23.209378579528035,24602.42585087636,22077095.56657405,-6.457128183900357e-07,-3.2817821131401924e-08,-15.387225114016154,23.220404650129186,115.83223529191459,115.83313548911272,77.67471313295924,67627.77718178568,77527358.68505408,1.1145860566850754,0.3816692812111564,1.3913395268637103,3.3294541826385045,0.3769902262975294,1.2138281959398807,3.291351715370362,0.5576022418294778,5.399287717632154,-3.7833333333333314,0.4675,0.3085,0.9822916666666667,0.1805,1.0833333333333335,1.078
7.1573,1.0916666666666668,13.59,7.6866666666666665,240.61249999999998,0.0972403745249569,-23.966666666666665,10.535,52.153333333333336,-52.153333333333336,1.872196724830062e-07,26.076664462406725,45.16611283133443,26.07666897901788,45.16611022366776,-45.16611283133443,0.0,11124811.438767074,13799348.714206578,0.4065732098057426,0.41161348641822154,1.1074381602888634,1.4143000506830175,1.6150217972653267,3.933352952755307,8788433.997670662,20.549183656671484,5.973923252972456,0.6112001692541985,-0.015533677054555994,13.487440883087002,1.0624029015666885,707570827.9826751,21.688220137743244,16552.424012473355,13896324.301081983,-8.977980937270994e-07,-6.210792974380357e-08,-18.338160812099655,21.69970107297891,111.14359834578994,111.1505036464648,87.90481308821799,67832.16523225435,77660916.79591776,1.1255184418646922,0.3813409846670342,1.3876176603867822,3.3283508910768838,0.37661235538673216,1.2097000228158648,3.290392408142911,0.5596689812018066,5.395417202105908,-9.283333333333331,0.1845,0.27849999999999997,0.761875,0.6075,1.2033333333333331,1.2206666666666668
8.078966666666666,0.7223333333333333,11.403333333333332,10.886666666666667,245.43750000000003,0.09624912927883482,-20.54,7.548333333333334,41.92,-41.92,1.5048412381096036e-07,20.959998228251756,36.30378594956294,20.96000185863025,36.30378385356293,-36.30378594956294,0.0,9302111.31388349,9947139.83785148,0.4046898748079138,0.4101064556692443,1.0830781527990234,1.3838593681820206,1.5877572001475675,3.9244971974362577,7972317.760346927,13.981791201263446,19.49792635106352,0.2628329393831134,-0.021021558825817598,13.217257828659985,0.4207687852514888,998646828.7589076,44.45029725972435,12938.04854333045,10044167.895188723,-6.708066646055602e-07,-4.295895724061101e-08,-16.007039794447763,44.37871890602026,74.00053040289487,74.00261289332737,50.959067202663356,69192.40294744217,78527916.64288373,1.1977061604400667,0.37958005795242733,1.363182865436244,3.3215516603171906,0.37449923593101286,1.1828771242199092,3.284574199607863,0.5718899815383844,5.376224982337769,-2.883333333333333,0.10750000000000001,0.5805,0.9389583333333333,1.4265,1.294,1.1793333333333333
10.353966666666667,0.8243333333333334,13.39,13.06,240.3375,0.09729905873491444,-22.03333333333333,8.061666666666667,44.653333333333336,-44.653333333333336,1.602962247591941e-07,22.326664779394125,38.67092211993839,22.32666864648623,38.670919887271715,-38.67092211993839,0.0,11210294.754218979,17443073.551621817,0.40683617199129174,0.4118576716763957,1.1088527457781816,1.4160939157744057,1.6166160568212105,3.9339158677373636,8847932.998524252,16.532509872003935,7.303542191478437,0.2890871572851254,-0.009689575939118764,14.328964338483374,0.601903318946768,643275059.7416909,26.823859668921116,20198.147871738223,17540084.134409197,-7.236779963675367e-07,-3.9341496013926374e-08,-17.58128597354951,26.835623534252242,100.19402120320086,100.19529281464447,70.1431184753253,67754.63873035245,77610419.75871767,1.1214878561642874,0.38143992551890504,1.3890255087666912,3.328748259273622,0.37673112499476846,1.211259003378049,3.2907349101545,0.5589714867326449,5.396494114257644,-4.649999999999999,0.36050000000000004,0.5425,0.8985416666666667,1.4871666666666667,1.1033333333333333,0.7699999999999999
13.5973,0.8983333333333333,14.283333333333333,13.153333333333334,239.03750000000002,0.09757621967687506,-19.9,15.388333333333334,50.88666666666667,-50.88666666666667,1.826726013118735e-07,25.44333118260904,44.06914728896532,25.44333558952365,44.06914474463198,-44.06914728896532,0.0,14497223.454422992,28900285.310421273,0.4074317686434438,0.4123578624140855,1.115604175449875,1.4245192634605552,1.6241200677889887,3.936495359102863,10252979.977650627,19.369519990762143,5.269246252840637,0.4265716401018654,-0.010660516094561258,18.195239180908345,0.749792897533907,609943558.8918349,22.932196128731412,31326.47265343201,28997277.825187664,-6.811089995578565e-07,-3.549881536215124e-08,-15.097736758386858,22.942755220982015,139.8802039075311,139.8867170887561,92.52765579705563,67388.14981227077,77369031.48304768,1.0956932235277617,0.3819921261272249,1.3957625593582024,3.330721455305542,0.37737259744823826,1.2186954382008084,3.292439815404476,0.5509136947499771,5.40287717167713,-5.25,0.10250000000000001,0.2335,0.809375,1.1535000000000002,1.2473333333333332,0.738
7.0523,0.9910000000000001,11.763333333333334,10.82,248.0875,0.0957309547589412,-23.073333333333334,9.625,56.35333333333334,-56.35333333333334,2.02296803208341e-07,28.176664284893782,48.80341962971622,28.17666916523561,48.80341681204954,-48.80341962971622,0.0,10657808.087996883,12154780.550099177,0.4031237991460493,0.4087437153116264,1.070068030040735,1.3675149737850631,1.5729954799484296,3.919748466422069,8523167.376316188,22.23061180210784,5.942095549529006,0.3757097359781023,-0.020969333114149138,13.929597422558725,0.6736391692112953,619870016.124543,24.22029331573323,14924.964673144697,12251743.158427557,-9.288643202225451e-07,-5.899327249607727e-08,-17.783510601771876,24.235656372566137,114.20916862086996,114.21605184682856,86.82339496651366,69939.47651122409,78989011.37506354,1.228723219232118,0.37862666701269093,1.3500563536981942,3.317993532061725,0.3733463854332697,1.1685821851134137,3.281551608044428,0.5720623556456558,5.36595408402205,-0.8500000000000014,0.6765,0.1565,0.8827083333333333,0.7031666666666667,0.9713333333333334,1.4873333333333334
8.860633333333334,0.881,13.45,7.406666666666666,243.3625,0.09666603283062684,-23.633333333333333,12.681666666666668,42.75333333333333,-42.75333333333333,1.5347561800249502e-07,21.3766648596976,37.02547380638472,21.376668562244873,37.02547166871805,-37.02547380638472,0.0,11382855.99941527,14915558.853841249,0.4054703122520442,0.41072315879635135,1.0934586939528441,1.3968113878526067,1.5994103091765686,3.9282210643338487,8912935.31739038,15.414793183107088,8.520656025509815,0.26124393941663315,-0.010922302527763458,14.453261397663091,0.5656618480182874,676516299.0183184,29.067073987246555,17756.535964259034,15012577.052752262,-6.745266967218889e-07,-4.699681172771985e-08,-17.90504664400071,29.079433066377693,89.59688407132609,89.59858167566979,64.78816551947672,68607.43025127331,78160226.24051745,1.166315643471497,0.38033910854466746,1.3736250046058147,3.324432213772643,0.37541092976022766,1.1942884900916955,3.2870296233287384,0.5665823852128969,5.384488151607664,-15.883333333333333,0.28550000000000003,0.6895,0.9735416666666667,0.37416666666666665,1.4993333333333334,1.226
9.4673,0.8923333333333334,13.803333333333335,6.38,247.3625,0.09587188097759686,-21.806666666666665,18.701666666666668,58.78666666666667,-58.78666666666667,2.1103196624762224e-07,29.393330848715646,50.91074817163582,29.39333593979032,50.910745232302475,-50.91074817163582,0.0,13393649.767761037,18840493.739438266,0.4034223124328131,0.4089839096867764,1.073598315725591,1.3719313521234493,1.576991206033526,3.920992133477231,9724935.71591127,23.31328875214381,5.631246935720679,0.6690713303445986,-0.019099843104018452,16.501441558674944,1.024386833472163,691689031.1089231,20.039924280065843,21444.160528386477,18937455.428680632,-8.53509295858393e-07,-5.875008706541639e-08,-15.685577288143245,20.051531075717993,138.80855982000375,138.81527807574741,104.85259122408152,69735.08846075542,78862883.26395537,1.2213780678099793,0.378890041074242,1.3536282857653197,3.318957960989797,0.373664619165329,1.1724643094783014,3.282369806525475,0.5727909883335635,5.368797831098757,-12.183333333333334,0.37250000000000005,0.2185,0.9010416666666667,1.3051666666666666,0.8473333333333333,0.866
12.780633333333334,0.885,10.876666666666667,6.033333333333333,243.3125,0.09667626751658548,-19.78,18.935000000000002,45.620000000000005,-45.620000000000005,1.6376635802137433e-07,22.809998071871306,39.508080033851655,22.8100020226792,39.50807775285165,-39.508080033851655,0.0,12427455.560340537,20944040.69624164,0.4055631618131159,0.41081304991910333,1.0937120378966236,1.3971374850127334,1.5997029474841165,3.928327050142603,9224912.615335003,12.16669420782932,22.247198084249266,0.48540273311471993,-0.030026586911695123,22.86662717573702,0.699038999659229,1202999148.365327,52.16992876980947,23636.862284187948,21041058.49336659,-5.940741907983705e-07,-3.1142011036549864e-08,-14.651592638901207,52.17529867483925,107.04264649689824,107.04442220173118,68.90695374348397,68593.33452365478,78151277.21132499,1.1655656852911385,0.38035710011206336,1.373877593940987,3.324502162394539,0.37543259030500853,1.194565622330052,3.287089421222664,0.5664560159899414,5.384683086802108,-5.75,0.48850000000000005,0.14350000000000002,0.805625,0.6145,1.49,0.882
13.5273,0.875,12.396666666666667,8.566666666666666,242.2875,0.09688802163311834,-22.22,19.191666666666666,52.25333333333333,-52.25333333333333,1.8757865178599035e-07,26.126664458180223,45.252715374153034,26.126668983451633,45.252712761486364,-45.252715374153034,0.0,14740492.275140122,29461538.991032034,0.40582213372606124,0.4109898723949867,1.098888248641856,1.4035892091413757,1.6054730457669306,3.9301734645972415,10244480.539812462,19.382809768870032,7.0845990330164454,0.40730049125993106,-0.016948331571444715,22.68904970822676,0.5872476514315018,624475557.4363651,29.770745987974937,31855.73602254546,29558522.50154047,-7.084157044224822e-07,-3.478146811993436e-08,-16.782526150903006,29.784540719326998,145.22033181189974,145.22699350286643,99.82051302468024,68304.37210747499,77966695.83686043,1.1502587607413943,0.3807259303551306,1.3790686265407714,3.325944813093148,0.3758763940840737,1.200271112811155,3.288324636156394,0.5638654384513254,5.388682742769215,-17.816666666666666,0.4255,0.4265,0.9172916666666666,1.2655,0.7553333333333333,1.0886666666666667
10.4123,1.0730000000000002,13.123333333333333,6.926666666666667,236.7125,0.09808837372294046,-18.193333333333335,11.211666666666668,42.28666666666667,-42.28666666666667,1.5180038125523562e-07,21.143331546087925,36.621328606564525,21.143335208220684,36.621326492231184,-36.621328606564525,0.0,10681689.970068647,14305552.304433854,0.4088197956858301,0.4135801616597551,1.1278777567816043,1.4398587391847695,1.637759611745584,3.94125233796611,8597573.739505038,14.927408105456362,10.755143883161148,0.29910915002685334,-0.010952901500760347,15.375839823380256,0.4811908467216429,749607527.2142122,31.070078838089216,17194.130303515423,14402586.994056866,-5.957705084064971e-07,-3.7608892979050875e-08,-13.906070965960136,31.076631115064174,84.11517735519094,84.1165683321235,56.97260423822065,66732.69847800928,76929830.48534003,1.0448707512026794,0.3828743217327003,1.4079505479071408,3.334251059451646,0.37841608573170615,1.232175738602973,3.2954839709632426,0.5324075914422366,5.412705633408316,-11.383333333333333,0.5265000000000001,0.5155000000000001,0.870625,1.0975,1.0966666666666667,1.062
11.310633333333335,0.9983333333333335,12.136666666666667,7.46,246.9625,0.09594964879337091,-19.993333333333332,16.018333333333334,61.22,-61.22,2.1976712928690348e-07,30.60999741253751,53.018076713555416,30.610002714345033,53.01807365255541,-53.018076713555416,0.0,13247437.914386049,21921481.96717046,0.4036245045058967,0.4091544667268201,1.075550215085679,1.3743830904227832,1.5792015866394709,3.9216907404620702,9569655.113282215,24.49855342730886,5.004758446716069,0.42159406848348274,-0.02501551674208826,20.450386823631916,0.6634370079411435,576864417.9688939,23.358241834112196,24437.16464140469,22018438.942079373,-7.87193399893069e-07,-4.3173961226164425e-08,-15.12491399201666,23.37084673948352,151.49855416701786,151.50515311978586,105.36144499919382,69622.32263980723,78793967.37460957,1.2173504551784087,0.3790286051018598,1.3555976547077422,3.3194867877330667,0.37383370079566275,1.1746125726771182,3.282819125509743,0.5732071468186811,5.3702666106739185,-6.549999999999997,0.2905,0.4485,0.8702083333333334,0.6401666666666667,0.7486666666666666,1.2926666666666669
12.278966666666667,0.8003333333333333,12.056666666666667,9.966666666666667,247.13750000000002,0.09591562300410857,-22.766666666666666,12.868333333333334,43.18666666666667,-43.18666666666667,1.550311949820931e-07,21.593331508049438,37.40075149193205,21.593335248124482,37.40074933259871,-37.40075149193205,0.0,12564293.255422825,22247660.18192922,0.4037729421621795,0.4093207134617953,1.074700896939985,1.3733500010765276,1.5782719415113502,3.921445640886727,9373915.548789477,14.84247974546398,13.109647423854621,0.31275506334091213,-0.014315708425480154,19.470200304599068,0.4234578091535625,796259409.865606,39.49208300657317,24915.95114017663,22344678.635516867,-6.153154518162535e-07,-3.080620676802145e-08,-17.93315590202001,39.50870290326064,105.55117608771943,105.55210684623638,70.42876660813177,69671.65768647207,78824106.23020796,1.219111809195716,0.37896797793564135,1.3547356075879058,3.3192551352379325,0.3737597317083663,1.1736718775297057,3.282622239179163,0.5730284361344209,5.369623789653476,-3.2833333333333314,0.24650000000000002,0.2315,0.8614583333333333,0.9341666666666667,0.7926666666666666,0.8873333333333333
8.638966666666667,0.8963333333333333,12.75,7.473333333333334,236.7625,0.09807776934382306,-23.7,12.051666666666666,55.053333333333335,-55.053333333333335,1.9763007226954687e-07,27.526664339838263,47.67758657307423,27.526669107596785,47.677583820407555,-47.67758657307423,0.0,11823308.014395816,16007595.845245704,0.40846788367216125,0.41322719174661865,1.1276050944334648,1.4394722020845212,1.63741324928014,3.941065035617656,9024841.4149081,22.23974201144209,5.787571001034735,0.43305647153166826,-0.019489987717517896,15.994215641279554,0.7142094858640795,641188557.3750396,22.826927799657703,18677.32006332929,16104562.50243958,-8.243958461256851e-07,-5.2952647697556455e-08,-18.326303921745527,22.837438940170138,122.99215041631746,122.99869862150841,92.23970750172478,66746.7942056278,76939375.71816438,1.0459498943345278,0.3828553757733128,1.4076870685136196,3.334174175650576,0.37839369421144803,1.2318832542430986,3.2954174466877637,0.5328006401676901,5.412494332270258,-2.1499999999999986,0.2255,0.1675,0.974375,0.7171666666666666,1.202,0.7126666666666667
12.803966666666668,0.7876666666666666,14.163333333333334,8.806666666666667,243.13750000000002,0.09671218335793237,-20.726666666666667,15.901666666666667,57.02,-57.02,2.0468999856156872e-07,28.509997590050453,49.38076991517364,28.51000252812731,49.38076706417363,-49.38076991517364,0.0,14452433.365737274,27956227.129709445,0.40539258416185603,0.4106250140824951,1.0945885126216632,1.3981987903792101,1.6006515916523034,3.9285832994918026,10187892.762416672,22.5411331308219,7.828120940228211,0.6314656416899427,-0.015978125440738348,19.367470373264403,1.0466535456446793,731928693.7585129,21.019658099267346,30349.135744750787,28053195.6009394,-7.593562857211355e-07,-4.083309646059013e-08,-15.80548621458649,21.029458176592886,157.02838040941262,157.03522176789434,109.11915172521982,68543.99947698992,78119895.01824799,1.1629433772549038,0.3804200732481978,1.374762114888325,3.3247472932539996,0.37550839741134023,1.1955364843101834,3.2872990544178657,0.5660137254266385,5.385365525959102,-12.583333333333332,0.49150000000000005,0.6024999999999999,0.766875,1.4358333333333335,1.1300000000000001,1.0966666666666667
8.848966666666668,1.0663333333333334,14.01,10.54,244.9125,0.09635356342365259,-20.206666666666667,8.178333333333333,45.75333333333333,-45.75333333333333,1.6424499709201987e-07,22.876664732902636,39.623550090943134,22.876668695257536,39.62354780327646,-39.623550090943134,0.0,10666602.131713822,14451055.559793826,0.40469306298505464,0.4100645373279643,1.0856851647552013,1.3870824231971535,1.5906610295966601,3.9253716209450156,8654191.109345164,16.613650148449747,6.71364484675802,0.42721937952277084,-0.009839022203264434,13.193939013771304,0.7859376694760002,693007591.17906,24.002097507056497,17284.86530461686,14548065.788624058,-7.652851981257952e-07,-4.677093264025922e-08,-15.811369207836888,24.01518159273779,94.4435040465182,94.4453091660421,69.17684417984434,69044.39780744763,78435643.9801707,1.1897062250189163,0.37976915520766474,1.3658124277554877,3.3222713006873996,0.3747272805312581,1.1857454164484735,3.2851863300837447,0.5704818350906364,5.378268940763547,-9.483333333333333,0.23650000000000002,0.6805,0.941875,1.1488333333333336,0.718,0.7766666666666666
11.578966666666666,0.9876666666666667,13.663333333333334,12.100000000000001,241.5375,0.09704396752558356,-18.02,17.255000000000003,51.52,-51.52,1.8494613689743986e-07,25.75999782250788,44.61763006014987,25.760002284270765,44.617627484149864,-44.61763006014987,0.0,13057928.80910569,19538200.42871782,0.40620238593964236,0.4113138488141355,1.1027096188644452,1.408378588951512,1.6097540101448644,3.9316057897592485,9587973.350272018,19.078854811434542,5.917063649697068,0.45719421117769293,-0.011719289894577186,15.851574085479577,0.7002774652884824,652904319.4881186,23.160261268196116,22204.462914744552,19635195.89295819,-7.64496895252859e-07,-4.525437201974381e-08,-12.774828083927417,23.17216566012682,116.85771752409569,116.86369065812987,81.15768115013557,68092.93619319708,77830448.95245898,1.1391415503762268,0.38100814148181855,1.3828951048764235,3.3270232745329853,0.3762125685821021,1.2044808199459476,3.289250123760517,0.5620035128664722,5.391798170341199,-8.849999999999998,0.4305,0.48850000000000005,0.9385416666666666,0.8151666666666666,0.9593333333333334,1.2793333333333332
9.548966666666667,0.9836666666666667,12.11,11.646666666666667,240.31250000000003,0.09730443202649058,-21.42,15.668333333333333,58.38666666666667,-58.38666666666667,2.095960490356856e-07,29.19333086562164,50.56433800036136,29.1933359220553,50.56433508102802,-50.56433800036136,0.0,12557528.3762656,17036143.39909617,0.40670325569559024,0.4117206389327031,1.1089782597805458,1.41623061459925,1.6167357592488751,3.9339257553263374,9287818.151505921,23.546772093043327,5.426839333985713,0.3903466173430928,-0.019976823371473093,16.238505288106,0.6304106028729876,574904332.3880131,23.645464973353878,19675.521248655434,17133105.82462988,-8.80017574233144e-07,-5.2612256281400244e-08,-15.781932535682644,23.657293357127,132.34343232636706,132.34988582081337,96.43793000408442,67747.59086654318,77605801.67428102,1.1211219422447714,0.38144892245203543,1.3891535873960121,3.3287844479373305,0.3767419238277916,1.2114009299307418,3.2907661216455835,0.5589082950920569,5.396592062384285,-8.416666666666666,0.4285000000000001,0.5655,0.9964583333333333,0.2901666666666667,1.262,1.3820000000000001
11.858966666666667,0.9063333333333334,12.216666666666667,11.846666666666668,236.5125,0.09813027649106824,-23.03333333333333,9.858333333333334,44.25333333333333,-44.25333333333333,1.5886030754725746e-07,22.126664796300116,38.324511948663925,22.126668628751204,38.32450973599725,-38.324511948663925,0.0,11979124.215444978,20606092.643738754,0.40881470852790514,0.4135589999353822,1.1289399736471106,1.4411690093679084,1.6389181360974332,3.9416339231939985,9106443.520177487,16.40185750790056,10.624163585491718,0.23903068598372387,-0.012463938554317931,17.609524457074034,0.5002634594949168,699020665.1367849,33.50944674679973,23278.50986588694,20703103.488406673,-6.142553928666779e-07,-3.204282743174815e-08,-18.467506588739294,33.52035549441148,106.76955883385757,106.77041423057679,69.65664629457298,66676.31556753514,76892194.51559916,1.0405602137778176,0.3829500844108595,1.409004928276117,3.3345589894296492,0.37850562308614877,1.2333468070232958,3.295750533584402,0.5308369168339249,5.413550746853493,-15.549999999999999,0.4245,0.3255,0.8577083333333333,1.2141666666666668,0.7673333333333333,1.074
11.4273,1.0150000000000001,11.483333333333334,6.726666666666667,243.8625,0.09656413396439988,-19.233333333333334,17.651666666666667,45.42,-45.42,1.63048399415406e-07,22.7099980803243,39.33487494821443,22.710002013811685,39.33487267721442,-39.33487494821443,0.0,11658494.137196269,16050171.14702453,0.4053555326730696,0.4106488053563026,1.090947649214811,1.3936849809353766,1.596606890563763,3.9273327735444608,8909420.457819166,14.529613823024773,15.350571821689122,0.34658734234546146,-0.018793800830130894,18.759338299274294,0.43789690821723537,876150999.5629652,40.59689372442341,18867.59092289891,16147190.649742464,-5.922388132218135e-07,-3.748546833383506e-08,-13.938034337642337,40.60296721034857,93.47172087377203,93.47296834792999,60.263806235248445,68748.38752745857,78249462.87485622,1.1738312862803246,0.38015918294849843,1.3711024696592526,3.3237349032256778,0.37519424824284997,1.1915230876077971,3.2864339243284464,0.5678460935290564,5.382539460294595,-5.85,0.1905,0.4225000000000001,0.8764583333333333,1.1605,0.9339999999999999,1.4393333333333334
11.660633333333333,0.7523333333333333,12.376666666666667,13.686666666666667,239.4375,0.09748993418092693,-17.619999999999997,15.061666666666667,44.68666666666667,-44.68666666666667,1.604158845268555e-07,22.34333144465196,38.69978963421126,22.343335314630814,38.69978739987792,-38.69978963421126,0.0,11672992.0673962,16271140.198148554,0.40742629146069625,0.4123847348342739,1.1135168900405643,1.4219471596249535,1.621825553365432,3.9357592595792528,8978906.869122352,15.55989055270497,10.893859060444672,0.3239567866001424,-0.010372420871176515,15.207428496440349,0.4293799191677275,732168884.8140676,32.90916452873236,19093.252389779165,16368166.18220099,-6.740837985794567e-07,-3.7960032780767436e-08,-12.714549424964659,32.920222646510425,93.92401839480453,93.92512264254005,62.35795038716682,67500.91563321897,77443524.70423153,1.1045663513638986,0.38184017038454143,1.393678831427261,3.330123507045404,0.37719266986631633,1.2164008858121373,3.291926101705073,0.5540910536857157,5.401186873321312,-12.883333333333333,0.25450000000000006,0.39049999999999996,0.8672916666666667,0.4605,1.2753333333333332,1.142
10.365633333333335,0.7396666666666667,13.41,6.073333333333333,244.1125,0.09651342610282107,-22.806666666666665,20.008333333333333,48.25333333333334,-48.25333333333334,1.7321947966662393e-07,24.126664627240174,41.78861366140849,24.126668806101424,41.788611248741816,-41.78861366140849,0.0,12994455.590933057,18130019.666767,0.4050296568269342,0.4103388724736388,1.0896893788283808,1.3920803095831027,1.5951641642391232,3.9268204720954243,9549578.526686667,17.614713463694116,6.592197093277634,0.3202268059130672,-0.013378071915001124,16.65766239255947,0.6232638398975677,621896094.4100736,26.094797298466123,20842.67808984702,18227018.312501058,-6.983139487194369e-07,-4.962478358465357e-08,-16.272010231603492,26.108842263729372,109.59885479255067,109.60011504144235,78.78082178972754,68818.8661655512,78293959.37738077,1.1776002752900296,0.3800692176600997,1.369843422816515,3.3233877135602037,0.37508586224079576,1.1901444464950937,3.2861376311944492,0.5684779589888416,5.381565655318334,-8.283333333333331,0.2335,0.4065,0.9622916666666667,0.10350000000000001,1.23,0.8553333333333333
9.105633333333333,0.9603333333333334,10.99,12.566666666666666,238.93750000000003,0.09759788261041681,-16.273333333333333,15.108333333333334,48.22,-48.22,1.730998198989625e-07,24.109997961982337,41.759746147135616,24.110002137956837,41.759743736135604,-41.759746147135616,0.0,10511346.38425776,10849589.81786504,0.40765456466624106,0.4125762392046127,1.1161314270299458,1.4252040803905242,1.624733463287787,3.936752028796302,8426150.05650327,16.233952734846614,13.581394073465434,0.3414002802735246,-0.015520284840475242,14.245387180703043,0.42760812174882723,810734328.7048385,36.2399534895793,13768.660330393233,10946602.570120467,-7.108184437592194e-07,-4.698137700014349e-08,-11.133608341859151,36.245229477699546,85.51001503959719,85.51171394419228,57.52358317891265,67359.95835703373,77350357.60444322,1.0934808800705837,0.38203010477897337,1.3962840856600731,3.330871360608789,0.37741755913134684,1.219270200462735,3.2925686946956367,0.5501200142681325,5.40329974143354,-8.65,0.10650000000000001,0.6275,0.834375,0.4628333333333333,1.3900000000000001,1.2673333333333332
10.143966666666667,1.0856666666666668,11.19,10.526666666666667,248.6875,0.09561643451153559,-19.246666666666666,15.365,44.620000000000005,-44.620000000000005,1.6017656499153274e-07,22.30999811413629,38.64205460566552,22.310001978341646,38.64205237466551,-38.64205460566552,0.0,10906344.852268035,12624298.585121807,0.4031287534506139,0.40880197490424425,1.0671705285191317,1.363924270139335,1.5697472000962889,3.918800696729799,8595852.74281411,13.955107970954138,18.093870345827476,0.32529970651971346,-0.020283020503135858,15.638460545891052,0.4033930717459754,953127558.0790424,44.56681018463782,15539.061024192742,12721320.711769905,-6.665076415567164e-07,-4.231775239900011e-08,-13.815679566420522,44.560185548311274,85.3883114383699,85.38997241150511,57.54772385923484,70108.62524264638,79091167.07728198,1.234803215978232,0.37841880177304615,1.3471193327485917,3.317210968404284,0.37309240465714905,1.1653907544111128,3.2808889015020894,0.5714609910975385,5.363755162672254,-0.34999999999999787,0.17850000000000002,0.5055000000000001,0.9935416666666667,0.4301666666666667,1.37,1.3073333333333335
10.528966666666667,0.9810000000000001,12.870000000000001,11.353333333333333,249.2125,0.09551799235235474,-16.593333333333334,12.285,50.486666666666665,-50.486666666666665,1.8123668409993683e-07,25.243331199515033,43.72273711769086,25.243335571788624,43.72273459335752,-43.72273711769086,0.0,11295119.592801474,15387363.861339483,0.4027156411196858,0.4084276153507954,1.0646281656057854,1.3607186693638647,1.5668323921298608,3.9178538758959465,8841679.308554003,18.038827042064966,6.588578547862387,0.4006395622129484,-0.012602489848875449,15.19767696614316,0.6112700026225789,658273777.1583619,24.902918830026056,18179.54350602463,15484364.524304636,-7.46990554044836e-07,-4.236356019453308e-08,-12.356833246764303,24.918250288561595,102.62426182039303,102.63010243096399,70.545660561542,70256.6303826409,79180244.05610684,1.2401617167338836,0.3782247579232354,1.3445444423852895,3.3165186686701302,0.37285852270153114,1.1626049933015614,3.280303442684865,0.5709440814309168,5.361649750698859,-14.616666666666667,0.2805,0.10750000000000001,0.8502083333333333,0.5911666666666666,1.094,1.4913333333333334
13.247300000000001,0.739,12.076666666666666,9.313333333333333,237.5875,0.09789387965391116,-17.566666666666666,14.035,50.086666666666666,-50.086666666666666,1.798007668880002e-07,25.043331216421027,43.376326946416405,25.043335554053602,43.37632444208307,-43.376326946416405,0.0,12971614.81136802,25413030.924400702,0.40818252890141865,0.41300327859301644,1.1232334269201707,1.4340353566051238,1.6325921593238315,3.939411884059179,9516934.468469715,17.985766422065453,8.919804023466199,0.47947309926501336,-0.015095540274089813,21.641526789086296,0.6105816449432394,712816536.0329325,31.077420898954234,27943.720256490426,25510031.74910664,-6.577121045812933e-07,-2.9426219826401844e-08,-13.548631747988304,31.090556687768366,125.42221899844621,125.42825576600741,82.48824205272935,66979.3737113335,77096330.70402864,1.0638476055841153,0.38254247548061854,1.4033482747326893,3.3329117313278998,0.37802380009678205,1.2270736352640823,3.29432647389,0.5394326732435921,5.409005103801966,-18.816666666666666,0.5315000000000001,0.5435000000000001,0.8322916666666667,0.8361666666666666,1.2166666666666668,0.8939999999999999
11.823966666666667,0.847,11.943333333333333,12.540000000000001,244.38750000000002,0.0964591494289692,-18.886666666666667,7.081666666666667,46.85333333333333,-46.85333333333333,1.6819376942484564e-07,23.42666468641115,40.576178061947886,23.426668744028845,40.57617571928122,-40.576178061947886,0.0,10713366.143762466,17324642.429743923,0.4050192011698014,0.4103511514512034,1.0883078645533941,1.390374174322948,1.5936238551635273,3.926341232917324,8564416.180669354,16.680968014285824,9.580262509312153,0.3125211052104755,-0.012750561711641292,16.54028611638903,0.4494762599539277,685057815.5598341,31.734747711550813,20081.765841069628,17421650.416559756,-6.813533595167289e-07,-3.294169291853593e-08,-15.315440087559487,31.748833548799855,102.17237443899533,102.17348714680074,66.97458796810307,68896.3926674531,78342666.40529919,1.1817528587548713,0.37995800387036566,1.3684480461976662,3.322994892554175,0.3749549677418537,1.1886254206487585,3.2858027360719166,0.5691551249041854,5.380310914314484,-3.9833333333333307,0.5005,0.3305,0.983125,0.2808333333333334,1.19,1.274
12.5473,0.9723333333333334,12.663333333333334,7.846666666666667,242.4375,0.09685676812984553,-21.03333333333333,7.035,61.42,-61.42,2.204850878928718e-07,30.70999740408451,53.191281799192645,30.710002723212543,53.191278728192636,-53.191281799192645,0.0,12942758.675131153,27032003.29528203,0.40570683535658353,0.4108853477161891,1.0981267716433631,1.4026287402760484,1.6046145516704413,3.9298809624769806,9474156.22874222,25.459387459603867,4.701297470143759,0.4560113193008871,-0.02416474826416534,21.60832579511756,0.6848961650297709,585864928.5665985,22.364643262254763,29399.17691585807,27128953.63834846,-7.905748853860385e-07,-3.443559930231889e-08,-17.541753962583766,22.373169657442855,168.55750846959546,168.5645048559078,115.09325758159183,68346.65929033056,77993868.3816405,1.1524909974954636,0.3806719558343195,1.3783073979284513,3.3257326477706246,0.3758114773204016,1.199433276228063,3.2881427547024504,0.5642445457100519,5.388097035463819,-2.75,0.5835,0.5555,0.9589583333333334,0.7078333333333333,1.3940000000000001,1.038
13.468966666666667,0.9790000000000001,13.083333333333334,12.366666666666667,249.33749999999998,0.09549437646317588,-21.633333333333333,16.508333333333333,60.120000000000005,-60.120000000000005,2.1581835695407772e-07,30.059997459028995,52.06544874255067,30.060002665573727,52.065445736550664,-52.06544874255067,0.0,15886803.409975793,34816960.12456287,0.4025014461652423,0.40822056550072655,1.0640234124122652,1.359936768304262,1.5661218395510639,3.91759505083043,10773261.746159028,23.836068375251866,4.61756681972844,0.4336646744959479,-0.01851873656052823,21.938858260389374,0.6304603692614217,570630237.1720743,24.4414192376809,37021.55609739176,34913917.12621418,-8.309129744750361e-07,-3.689865329904222e-08,-16.70359933013886,24.45281756881349,183.82611300945925,183.83359977148612,129.80375654726035,70291.86970168722,79201404.50069883,1.241434405616882,0.37818144818430965,1.3439351719472115,3.3163572303414113,0.3728055542164095,1.1619447549257802,3.280167045511808,0.5708204972947488,5.361192250636854,-15.25,0.3255,0.6265,0.9585416666666666,0.39749999999999996,0.7166666666666667,1.4460000000000002
11.018966666666667,0.9650000000000001,10.59,12.513333333333334,240.8625,0.09718703818220156,-20.78,17.16166666666667,60.28666666666667,-60.28666666666667,2.1641665579238465e-07,30.143330785318163,52.209786313915025,30.14333600629665,52.20978329958168,-52.209786313915025,0.0,13252624.52590849,20969341.206887,0.4064462676547713,0.41150527755038935,1.106156750953948,1.4126906748777992,1.6135912960072238,3.9328695176378794,9521607.84814015,23.970634295164242,7.12680194968729,0.40530996508787676,-0.024560077494641196,20.000565873816186,0.4768207690720627,604102997.5509387,30.33878768323218,23503.590586694863,21066299.804385506,-8.737606171380531e-07,-4.2463600995029694e-08,-15.487877751851657,30.352828642055282,147.29403835381387,147.30055145390648,104.61117681867036,67902.64387034698,77706868.29882838,1.1291902028991794,0.381251030052993,1.386339299719164,3.3279907039760515,0.3765043456777651,1.208285676042416,3.290082198232334,0.5603008629865586,5.39443859587843,-7.049999999999999,0.6605,0.39349999999999996,0.853125,0.7615,1.0126666666666666,1.326
8.895633333333333,0.7556666666666666,11.69,7.78,237.2875,0.0979606615294413,-16.64666666666667,8.481666666666667,50.68666666666667,-50.68666666666667,1.8195464270590518e-07,25.34333119106204,43.89594220332809,25.343335580656134,43.89593966899475,-43.89594220332809,0.0,9837305.273202987,11654325.653734539,0.40839517768542866,0.413195323095427,1.1248224123140353,1.436028515383944,1.634362800967297,3.9400463410562727,8179393.555748072,18.490838980839364,8.804546679646519,0.36478140948923754,-0.017337591203611898,15.638202859580861,0.5277847051481699,690674575.7649409,27.75672401907963,14512.173647394487,11751323.426145451,-6.65412278344405e-07,-4.1865719447343774e-08,-13.00568346686004,27.766006018667547,91.8131020905364,91.81885147681396,61.84548329262383,66894.79934562233,77039305.9438009,1.0573212804494052,0.38265632564507457,1.404924184416338,3.3333694828836533,0.3781584053320886,1.2288190043710907,3.294721744090106,0.5369852450681047,5.410274208776661,-13.716666666666665,0.1475,0.3195,0.771875,1.0905,1.0113333333333334,1.37
11.625633333333333,1.0690000000000002,11.323333333333334,12.433333333333334,243.66250000000002,0.09660479138836817,-20.22,10.698333333333334,46.52,-46.52,1.669971717482318e-07,23.259998033832815,40.28750291921918,23.260002062582995,40.28750059321917,-40.28750291921918,0.0,11583376.203863088,18675130.657004435,0.40532156930729213,0.4105972982134024,1.091949019028351,1.394920303041866,1.5977144147413358,3.9276653568941264,8908704.223031841,16.066509644919176,12.652677834309337,0.3378898844514718,-0.014979540153336692,17.91359213462317,0.42860039697455854,747640763.4754708,38.45684892294902,21398.24737797638,18772138.658503205,-7.105716943546136e-07,-3.360004060442725e-08,-15.931323808313143,38.473108617412656,105.60587324759071,105.60693236116983,72.19175577580693,68692.00461698447,78213827.17792094,1.1708213637561942,0.3802311464116853,1.372110756917527,3.3240133480851592,0.3752809284788259,1.1926279490913994,3.2866716991267584,0.5673406068559176,5.383318650913436,-12.716666666666665,0.1115,0.35050000000000003,0.9122916666666667,0.21316666666666667,1.4260000000000002,1.3646666666666667
10.038966666666667,0.9223333333333334,13.11,9.273333333333333,239.0625,0.09757080917237411,-20.606666666666666,7.781666666666666,58.486666666666665,-58.486666666666665,2.0995502833866974e-07,29.243330861395137,50.65094054317997,29.243335926489053,50.650937618846626,-50.65094054317997,0.0,11908140.469279736,19496715.854353953,0.407363381356001,0.41229053049273895,1.1154720335583075,1.4243471803724295,1.6239660110324423,3.936433137643667,9090112.101692354,23.889233407387827,7.782964429999074,0.6504802360827312,-0.019456046439702303,17.120108159977725,1.0273723279157294,724367845.2960081,20.86914756866962,22068.39277111468,19593676.195158243,-8.182738738972758e-07,-4.269205778752834e-08,-16.73498627258742,20.878932128442376,138.93778320340073,138.94430242134413,99.18791021551007,67395.19767608,77373697.1932924,1.0962466854425685,0.38198262871165733,1.3956321943339873,3.3306839987878716,0.37736135349339683,1.2185517979937306,3.292407618797383,0.5511121563524938,5.402771502722878,-3.68333333333333,0.6315,0.4185,0.8147916666666667,0.3228333333333333,0.7753333333333333,1.0473333333333334
6.9473,0.899,10.683333333333334,8.42,238.38750000000002,0.09771768603247102,-19.073333333333334,14.875,41.95333333333333,-41.95333333333333,1.5060378357862176e-07,20.976664893509586,36.33265346383581,20.976668526774834,36.33265136616914,-36.33265346383581,0.0,9356353.675087715,6797968.793078756,0.4080422372213747,0.4129257270661297,1.1190210220351886,1.4288240207512084,1.6279615921843666,3.937889857347414,7932959.923810606,9.525757863874782,49.79576812535998,0.38144088707065876,-0.12214941859556656,12.696354443795514,0.4174163757177644,1781555908.1713817,76.63027885895698,9876.03084319936,6895004.942468766,-7.162571178763691e-07,-5.975804337832173e-08,-12.630789217011085,76.73527035374825,63.31504390242661,63.32481854165185,45.86456006138508,67204.9053532299,77247289.75721228,1.0813555168003066,0.38223892871680315,1.3991568178066132,3.331698877958723,0.37766471561704473,1.222439430878504,3.2932807840861797,0.5457595811337613,5.405624044304674,-9.616666666666667,0.1015,0.6195,0.9139583333333333,1.3705,1.0686666666666667,1.126
8.790633333333334,0.7456666666666667,13.676666666666666,9.113333333333333,237.48750000000004,0.09791619607365509,-18.993333333333332,14.315,51.22,-51.22,1.8386919898848736e-07,25.609997835187375,44.35782243169403,25.610002270969495,44.35781987069402,-44.35782243169403,0.0,11519613.88795877,14074747.488143623,0.4081648076572289,0.41297750803954714,1.1237610708736654,1.4346850578740689,1.6331687327111135,3.939602888016989,8956111.632778026,19.412884051702378,6.294323315214504,0.5729916674901839,-0.012991915349939579,13.90477246843463,0.9479360755595653,706926373.9087412,21.978731296769908,16860.99609988483,14171740.325113002,-8.109872223961562e-07,-5.460007684246071e-08,-13.727588051195,21.989387800368643,104.15827375906922,104.16444817105359,77.49753734824236,66951.18225609646,77077264.48529077,1.0616690419483694,0.3825804867606347,1.4038734563058677,3.33306421463023,0.3780687301221972,1.2276549977305116,3.2944580914460637,0.5385622978635581,5.4094289378551,-9.516666666666666,0.5485,0.1745,0.8043750000000001,0.8314999999999999,0.906,1.23
12.792300000000001,1.0630000000000002,11.256666666666666,13.126666666666667,237.4375,0.09792729965935024,-21.953333333333333,12.355,43.62,-43.62,1.565867719616911e-07,21.809998156401274,37.77602917747937,21.810001934004088,37.77602699647937,-37.77602917747937,0.0,12182114.960051756,21133346.307357162,0.4083330339137626,0.4131440348104419,1.1240286946243723,1.4350383338629162,1.6334838738590685,3.9397381956470032,9148874.729638938,14.758054718531683,17.9173954295502,0.35506331001741176,-0.01698882570924115,18.66726622235475,0.46791695897958363,961395814.5710964,45.77288466503755,23813.459981013973,21230364.492057323,-6.844633644183624e-07,-3.1095155971331487e-08,-17.226181838486198,45.78291954165738,104.70859256880489,104.70957976875937,70.46808159763798,66937.08652847791,77067781.46029118,1.0605811871655355,0.3825994457992368,1.4041360587046374,3.333140467823523,0.3780911496749354,1.227945829434393,3.2945239328076634,0.538167926609905,5.409640218622257,-16.616666666666667,0.6174999999999999,0.2275,0.9285416666666667,1.2585000000000002,0.8353333333333333,1.4673333333333334
6.783966666666666,0.8156666666666667,12.703333333333333,8.54,235.8375,0.09827670301797622,-19.22,10.231666666666666,55.58666666666667,-55.58666666666667,1.995446285521291e-07,27.793330983963603,48.13946680144017,27.79333579791015,48.139464022106836,-48.13946680144017,0.0,10155359.49795758,10461920.777103752,0.4089180503599369,0.4136106063699382,1.1325378693160444,1.4456292851423804,1.6428583993867047,3.9429763142752363,8346067.714023852,22.052652100711242,7.384052363509853,0.7247664362321099,-0.01817312159288383,12.94363019135841,1.1207268544559066,756557789.8630555,21.219438900308294,13284.832783718575,10558894.850218771,-9.160148488675789e-07,-6.224829797630204e-08,-14.424054579186205,21.22961955406159,102.86303156966747,102.86988051164505,79.4582892214251,66486.02324468506,76762667.19910663,1.026084019917748,0.38320570628241485,1.412570692225531,3.335603491845723,0.37880761262425566,1.2373127898369962,3.2966558734068547,0.5255426045943905,5.416403423185845,-1.75,0.20350000000000001,0.48150000000000004,0.9260416666666667,0.14783333333333332,1.4446666666666668,0.9153333333333333
11.543966666666668,1.0583333333333333,11.25,11.313333333333333,247.2125,0.09590101430286496,-20.193333333333335,20.405,43.52,-43.52,1.5622779265870695e-07,21.759998160627777,37.68942663466076,21.760001929570336,37.68942445866076,-37.68942663466076,0.0,12897199.665110687,18942982.046892017,0.40379879948987557,0.40935369624725443,1.0743366914481802,1.3729018881569912,1.577868384972907,3.9213340338983063,9466648.466540199,11.796395151139459,22.883506582059695,0.39606228907005214,-0.024775600468758294,18.709318912407962,0.5310318661391072,1147872494.2304204,52.89361412599608,21716.70728997361,19040009.983610317,-5.950002436882466e-07,-3.454216760398242e-08,-14.270062942559823,52.879821555347846,98.5530275778575,98.55510138837901,63.59901633611926,69692.80127789982,78837051.32624574,1.219867224190416,0.3789419914673012,1.3543663280218554,3.319155980178173,0.37372802327142407,1.1732690984276066,3.2825379996582513,0.5729519785509762,5.369348318214964,-19.75,0.5815,0.48050000000000004,0.976875,0.9551666666666666,1.1673333333333333,1.234
8.813966666666667,1.0050000000000001,12.09,9.086666666666666,248.7375,0.09560691655854586,-20.633333333333333,10.815000000000001,55.38666666666667,-55.38666666666667,1.9882666994616076e-07,27.693330992416602,47.96626171580294,27.69333578904264,47.9662589464696,-47.96626171580294,0.0,11042125.663673552,13891414.24112959,0.4028571154479053,0.408529848778163,1.0669233157429217,1.3635779563176251,1.5694321569996792,3.918646889313486,8679752.41638791,21.167784319284724,5.947543598159298,0.3875020877963793,-0.019774949951087674,15.571727865373798,0.6354723901600696,601072099.442887,24.272643370249956,16644.204585033243,13988386.082698058,-8.405290668162164e-07,-5.055559838609882e-08,-15.911492460712989,24.288082170954308,114.38129371001412,114.387741107142,83.94681356353925,70122.72097026491,79099670.69457053,1.23531080881342,0.378401478409214,1.3468749672702256,3.3171459895462405,0.3730712293342766,1.1651254507800304,3.28083391517359,0.5714111457007566,5.3635719996308975,-1.3499999999999979,0.38050000000000006,0.6005,0.8952083333333334,0.8641666666666666,0.9033333333333333,0.9673333333333334
9.7473,0.7263333333333333,12.496666666666666,6.1,249.0625,0.09554638534473046,-19.806666666666665,18.748333333333335,57.52,-57.52,2.064848950764895e-07,28.75999756891796,49.813782629266704,28.760002550296086,49.8137797532667,-49.813782629266704,0.0,12524213.657653088,16663338.510351986,0.4026805981111967,0.40837856178791865,1.0653484245408593,1.361605167657583,1.5676361040623963,3.918078101040131,9304258.358114172,21.959394677560336,5.349799534896702,0.43095568553369107,-0.021259493199514715,17.59002237726075,0.6919667789489417,595896629.7313013,23.036429805297466,19344.648350838637,16760308.67119796,-7.883770294488556e-07,-5.264379226924788e-08,-14.133765381126791,23.05089333538498,125.39056121797896,125.39690380841482,90.62118880624212,70214.34319978533,79154821.45554955,1.2386358267289221,0.3782767199285343,1.3452761071723323,3.3167126941350653,0.37292206562073255,1.1633981648550458,3.2804674232004793,0.5710926993982257,5.362198707900347,-10.716666666666665,0.2445,0.4255,0.986875,1.0881666666666665,1.1833333333333333,1.3126666666666666
8.9423,0.731,13.436666666666667,8.620000000000001,248.41250000000002,0.09566886565223831,-22.14,8.201666666666666,50.986666666666665,-50.986666666666665,1.8303158061485765e-07,25.49333117838254,44.15574983178393,25.4933355939574,44.15574728245059,-44.15574983178393,0.0,11212976.905554302,16328619.836299248,0.40302082491688485,0.4086676157136461,1.0684946419023411,1.3655487793885401,1.571216902809458,3.9192019714636324,8852520.874675438,19.145056599126768,5.8095953732844805,0.44612229340383713,-0.014441673346986235,15.117421948285365,0.7702598870850776,664400421.364237,22.84280610247697,19051.048648040483,16425602.999454286,-7.755966774704249e-07,-4.600032735158336e-08,-17.709182371005955,22.85683729882245,112.09741474332681,112.1037859438565,81.75136180648506,70031.09874074448,79044361.0238112,1.2320140838962368,0.37851407483506366,1.3484644605800955,3.317569007063686,0.37320883454039255,1.1668516247208514,3.2811919659446462,0.5717358205018053,5.364762729144073,-1.4499999999999993,0.6144999999999999,0.5645,0.8810416666666667,0.5351666666666667,1.4153333333333333,1.1073333333333335
8.183966666666667,0.7323333333333333,11.456666666666667,9.42,248.3875,0.09567349197592993,-19.7,16.648333333333333,59.95333333333333,-59.95333333333333,2.1522005811577076e-07,29.976664132739824,51.92111117118631,29.9766693248508,51.921108173519634,-51.92111117118631,0.0,11510732.322005335,12520193.331281895,0.4029840307879026,0.4086280044105154,1.0686146449870173,1.3656927476765603,1.5713470414529591,3.9192348255790725,8838796.51703114,23.400420356996506,5.773616842882227,0.4048410979744518,-0.024492660265075464,15.575824169451986,0.5762571186415413,593209304.7198119,24.003488833709707,15279.477228494598,12617155.020884104,-8.987500305275402e-07,-6.033374680751297e-08,-13.91804199978219,24.018911999116593,118.00772072266308,118.01434109792872,87.91656356161104,70024.05087693522,79040224.3930499,1.2317607565584932,0.37852273658833396,1.3485868030739143,3.3176016042904695,0.3732194184161621,1.166984586887214,3.281219574697372,0.5717608615529212,5.3648543690536945,-2.716666666666665,0.4465,0.3365,0.8768750000000001,1.1161666666666668,1.326,0.9833333333333334
6.760633333333333,1.0476666666666667,14.303333333333335,13.42,242.88750000000002,0.09676368377957303,-20.35333333333333,12.145,47.586666666666666,-47.586666666666666,1.7082628431339618e-07,23.793331322083496,41.211263375951056,23.793335443209717,41.21126099661772,-41.211263375951056,0.0,11197004.92531735,13484835.614282653,0.40557203171705947,0.4107864465768425,1.09585167238209,1.399791529099988,1.6020783919202,3.9290707872071278,8912024.917657308,17.705518961968934,6.546759701127932,0.6004842091133417,-0.009284425001722364,11.547051079738248,1.0306717803298018,776561402.1822133,22.07531762879737,16322.038007244155,13581839.245366806,-8.495167228974828e-07,-5.8653308165545126e-08,-14.733792390232416,22.087534705603773,96.96427132968728,96.96627669411238,73.21808804176813,68473.52083889731,78074950.73410745,1.1592037053733433,0.3805100319143265,1.3760269730439656,3.325098317264603,0.37561666635586516,1.1969257471970212,3.2875994239733943,0.5653818749298897,5.386340720962539,-2.2166666666666686,0.1775,0.6915,0.760625,1.1348333333333336,1.2926666666666669,0.7113333333333333
13.480633333333333,0.8183333333333334,13.496666666666666,8.246666666666666,243.33749999999998,0.09667115211985795,-16.473333333333333,11.865,57.68666666666667,-57.68666666666667,2.0708319391479644e-07,28.843330895207128,49.958120200631065,28.84333589101901,49.958117316297724,-49.958120200631065,0.0,13255552.890380798,27339089.967474032,0.40533735637951335,0.41058577393101975,1.0935812460732526,1.396943188201418,1.5995270441278604,3.9282240501169237,9662710.400986817,22.407934648899527,5.206414482811356,0.5981905478887032,-0.017164884719065493,20.69305648155827,0.8851298688072892,665803014.6375059,21.646033957784482,29761.361409159857,27436063.81649527,-7.149550425039982e-07,-3.294569719760803e-08,-12.91749769121859,21.655567835539873,151.01079360387388,151.01730491740258,98.52192916163419,68600.38238746404,78155749.91818196,1.1659407062392257,0.38034810476489805,1.3737513143660014,3.3244671885003454,0.3754217596631847,1.1944270292741055,3.287059514576713,0.5665192004547772,5.38458561657097,-8.95,0.18150000000000002,0.4175,0.8152083333333333,1.3868333333333334,1.3886666666666667,0.9873333333333334
13.375633333333333,0.9916666666666667,10.916666666666666,8.379999999999999,242.61249999999998,0.09682041311160369,-19.886666666666667,16.811666666666667,44.486666666666665,-44.486666666666665,1.5969792592088715e-07,22.243331453104954,38.52658454857403,22.243335305763303,38.526582324240685,-38.52658454857403,0.0,12601761.174243528,22776113.63934189,0.40591530101013057,0.4111116963744832,1.0972470019934353,1.4015677333388092,1.6036687674462164,3.9296299465582765,9312757.374957927,11.648818137302976,24.04746513048297,0.49119192448077786,-0.03085577306844321,22.689851869014728,0.6520187890936465,1218933071.0949426,54.9799934168216,25433.88705473881,22873135.51593004,-5.792810171777368e-07,-2.812440344623126e-08,-15.080769715140837,54.97758421200975,108.90047220415815,108.9025300778831,68.66159691869223,68395.9943369954,78025506.34372433,1.1550986095537072,0.3806089870164266,1.3774200124415104,3.325485585685645,0.3757357291121703,1.1984570580170353,3.287931048124445,0.5646868390440172,5.387413895020522,-4.4833333333333325,0.6035,0.1535,0.893125,0.37183333333333335,1.142,1.1966666666666668
11.158966666666668,1.0016666666666667,11.956666666666667,11.113333333333333,242.5375,0.09683597706481237,-20.486666666666665,9.765,60.053333333333335,-60.053333333333335,2.1557903741875493e-07,30.026664128513328,52.00771371400492,30.026669329284555,52.00771071133825,-52.00771371400492,0.0,12621048.433593646,22253271.86007357,0.40568472481906787,0.4108713243765174,1.097620744897027,1.4019988281192868,1.6040518676183948,3.929702759611796,9329367.137989122,24.46464009005582,5.132317014579078,0.38595472596920527,-0.022208996563703846,19.346553770637367,0.6030086196018547,551730352.8277204,23.82465016930759,24753.657400741213,22350228.53576263,-7.877674203377683e-07,-3.789265407070131e-08,-16.476108114519757,23.836480137116126,151.4677524151739,151.47436627944518,103.47146172992622,68374.8507455676,78011957.67877065,1.1539806238218948,0.3806359714180751,1.3778002238276978,3.3255914062018013,0.37576819307148135,1.1988752935452416,3.288021717725878,0.5644972845548158,5.387706614066728,-0.18333333333333002,0.21150000000000002,0.6735,0.910625,1.3238333333333334,1.1486666666666667,0.8246666666666667
7.413966666666667,1.0296666666666667,10.65,10.433333333333334,245.76250000000002,0.09618470483946753,-23.42,12.541666666666668,41.82,-41.82,1.5012514450797622e-07,20.90999823247825,36.217183406744326,20.910001854196494,36.21718131574432,-36.217183406744326,0.0,9921211.593249448,9317237.48967918,0.4045083314400705,0.40994988583065456,1.081465672590615,1.3818398905279352,1.5859342813855677,3.923912327796953,8178235.249644507,10.951561299379186,39.23494241178632,0.2816614667734153,-0.07606067643056272,13.459894477799777,0.44076183442800665,1509732869.1926134,66.89048238942979,12312.102014080318,9414260.99392002,-6.889631972204765e-07,-4.994585731497542e-08,-17.08950680713057,67.00368656940303,74.37669733916913,74.39693752912427,50.9275762071402,69284.02517696259,78584949.47187576,1.202669329168934,0.37946310362367774,1.3615586064818235,3.321108425826659,0.3743581007952991,1.1811075354626586,3.2841975792165456,0.572711806760248,5.374962228537397,-15.35,0.47150000000000003,0.2155,0.8777083333333333,0.5165,0.7606666666666666,0.7313333333333333
8.0323,1.1003333333333334,14.39,7.38,239.5625,0.09746281793958791,-16.35333333333333,20.59166666666667,53.82,-53.82,1.9320266086607554e-07,26.90999772529841,46.60948854497799,26.910002386247136,46.609485853977986,-46.60948854497799,0.0,12362041.828048041,12951210.337140784,0.40714994311359043,0.4121143860551373,1.1128599494036047,1.4210986418421798,1.6210650641739603,3.935458307655193,9343964.846397314,20.232956023114586,6.813941729673903,0.8886117297897951,-0.012997170945497013,13.273650453215286,1.3318215843261911,858650857.5504899,19.309786397298215,15766.133817626785,13048202.440577272,-8.183187245628115e-07,-6.775445707141217e-08,-10.058407266050924,19.32020268880815,103.59599860168518,103.602260040797,78.31543663680173,67536.15495226528,77466953.8056557,1.1073467375341064,0.38179266882442364,1.3930284242919833,3.3299371891702414,0.3771364163275378,1.2156853606181592,3.2917661641081555,0.5550876281969881,5.4006585809047944,-19.65,0.6155,0.6785,0.7939583333333333,0.7755,0.9193333333333333,0.7633333333333333
11.952300000000001,0.9776666666666667,11.196666666666667,12.326666666666668,247.48749999999998,0.09584534437137385,-16.086666666666666,18.631666666666668,52.75333333333333,-52.75333333333333,1.8937354830091114e-07,26.37666443704773,45.68572808824611,26.37666900562041,45.68572545057943,-45.68572808824611,0.0,12739641.35775796,19681140.142481923,0.40347425643998924,0.4090477613931357,1.0729918224709754,1.3711868175715296,1.5763201592964542,3.9208064249360723,9365494.608634565,18.35289479174301,9.373347960010317,0.4966528553267172,-0.016178320853776875,19.08511674467612,0.6071218391510737,725365149.7764078,33.06320753951961,22353.717377536406,19778136.05329832,-7.55469742996592e-07,-3.731177555219545e-08,-11.249191184386069,33.08185924500217,118.37616928832007,118.38205589561464,80.76349305411023,69770.32777980174,78886282.80509782,1.2226385273866491,0.3788467375282892,1.3530136239778883,3.3187931822449115,0.3736117628749479,1.1717943502264723,3.282229898637017,0.5726636627554597,5.368339001143971,-4.183333333333332,0.14650000000000002,0.24050000000000002,0.8572916666666667,1.0228333333333333,1.1993333333333334,1.334
11.800633333333334,0.9536666666666667,11.976666666666667,13.846666666666668,245.5625,0.09622431203728556,-21.96666666666667,14.758333333333333,51.120000000000005,-51.120000000000005,1.8351021968550322e-07,25.559997839413878,44.27121988887542,25.560002266535744,44.271217332875416,-44.27121988887542,0.0,12828612.112766936,20647396.041906886,0.4043410378038647,0.4097622143199889,1.0824514088272097,1.3830321869425488,1.587008532048258,3.924189366379593,9420257.460652186,18.998522409939405,7.125124070131947,0.28828149495605976,-0.01416263516983604,17.156810020572504,0.4766382338008151,582069540.9248697,29.188193114861956,23268.60111612425,20744382.339981742,-7.722400031547714e-07,-4.0324448897772585e-08,-16.64760941292044,29.2039148762162,123.89238742933782,123.89858044891801,84.90964926580894,69227.64226648847,78549874.33983381,1.1996135955243667,0.379535080176186,1.362557847889728,3.321380997022709,0.37444496387238024,1.182195990341873,3.2844291508440033,0.5722060049089163,5.375739304657291,-5.583333333333332,0.39250000000000007,0.1315,0.8285416666666667,0.7218333333333333,1.0566666666666666,1.05
7.705633333333333,0.8536666666666667,14.136666666666667,6.62,247.76250000000002,0.09579329775969256,-20.006666666666668,11.725000000000001,52.653333333333336,-52.653333333333336,1.8901456899792702e-07,26.32666444127423,45.5991255454275,26.32666900118666,45.599122912760826,-45.5991255454275,0.0,11146986.592041241,13700011.948199257,0.4032823213634773,0.4088763113775281,1.0716459333401869,1.3694944223934862,1.5747842776482404,3.920307046272785,8854387.16259279,19.784346882082055,6.94008165510352,0.7695908727572944,-0.014161723526766597,13.582125688891198,1.2189544152050296,805232847.5267725,20.211684611028634,16486.740507680766,13796995.522291854,-8.324942715077279e-07,-5.792623682549972e-08,-15.030760480801122,20.22483842202671,107.9034482623902,107.9100644913739,82.77495754171927,69847.85428170365,78933528.01508223,1.2254376831773577,0.37873925663823177,1.351650705783737,3.318419585344545,0.3734838850784133,1.170317215714487,3.281912864666159,0.5723903117969865,5.367146064806507,-1.25,0.39649999999999996,0.14550000000000002,0.816875,0.22016666666666668,1.29,0.71
13.002300000000002,1.0710000000000002,10.783333333333333,10.86,247.6625,0.09581262555159668,-23.18,14.361666666666668,50.38666666666667,-50.38666666666667,1.808777047969527e-07,25.193331203741533,43.63613457487225,25.193335567354872,43.63613205553891,-43.63613457487225,0.0,13441282.379290551,26077685.456820045,0.40340150096989996,0.4089886041851215,1.0721337374770303,1.3701157185043562,1.5753456232189316,3.9204943027156736,9656968.037046617,17.716857383965856,11.788584764965293,0.4021897961320021,-0.020053668523888922,22.882942649814822,0.49242725614853,771673253.4399304,39.998593784042924,28568.89794439208,26174671.528940976,-6.748190651720692e-07,-3.0388516058878835e-08,-18.288129062238053,40.01880320582007,134.02144448131415,134.02790965649163,88.27292517742,69819.66282646659,78916351.78290348,1.224427784516575,0.37877390030430924,1.3521417672120055,3.318550987460684,0.37352618259738135,1.1708519460514644,3.2820243433369973,0.5724914833772755,5.367512974568619,-7.649999999999999,0.11950000000000001,0.4505,0.9077083333333333,0.37649999999999995,0.882,0.8766666666666666
9.8873,1.0530000000000002,11.17,8.606666666666666,241.13750000000002,0.0971286540821039,-22.64666666666667,20.498333333333335,51.95333333333333,-51.95333333333333,1.8650171387703787e-07,25.97666447085972,44.992907745697195,25.97666897015037,44.99290514803052,-44.992907745697195,0.0,12586269.682937372,15931104.618366208,0.4064208816347485,0.4115024527213243,1.1047522355218389,1.4109445758693182,1.6120393499219974,3.93237568434349,9261806.140127923,19.001145477589137,9.506756679953348,0.2807914266813312,-0.020636977869115024,18.12385541784818,0.43877677143987037,641319427.2877277,32.835801351612645,18655.61637488186,16028088.90215145,-7.065136197149056e-07,-4.831241853488506e-08,-16.020979376826066,32.85084716241941,111.86248465571947,111.86842416908993,77.29722387734654,67980.17037224887,77757246.75405113,1.1332380435995044,0.38115207635983517,1.3849348157222752,3.3275956744923345,0.3763855001607423,1.2067331450496304,3.2897422462357375,0.5609924334602826,5.3933625740328495,-7.349999999999998,0.1405,0.10250000000000001,0.7697916666666667,0.5631666666666666,0.8806666666666666,1.4180000000000001
11.380633333333334,1.0716666666666668,11.796666666666667,10.66,240.9625,0.09716586297007489,-16.71333333333333,16.881666666666668,49.75333333333333,-49.75333333333333,1.7860416921138632e-07,24.876664563842688,43.08765180368769,24.87666887260775,43.087649316021015,-43.08765180368769,0.0,12174907.248114962,17615758.14848052,0.4066073846139857,0.4116772160285097,1.1056492580099382,1.412084307590306,1.613054263066587,3.9327348473816675,9148094.715205329,17.52943383703843,9.327350860417274,0.3792721816265322,-0.014525233019491905,17.917834363447398,0.4922246855358238,697657380.5114638,30.690029804504725,20355.103235158134,17712763.972263467,-6.349103056138828e-07,-3.705278122220992e-08,-11.928871155992674,30.703269495569845,105.97030825980153,105.97132110102662,67.8641854895195,67930.83532558402,77725135.95553762,1.1306612601688129,0.3812150466606246,1.3858283494973134,3.327846908923862,0.37646113405607745,1.2077207555725984,3.2899584294597632,0.5605500988775831,5.394047301747643,-17.416666666666668,0.1935,0.5465,0.888125,0.1875,0.8019999999999999,1.3273333333333333
8.4873,0.9730000000000001,11.176666666666666,11.966666666666667,239.9875,0.09737153197912855,-16.07333333333333,11.468333333333334,54.85333333333333,-54.85333333333333,1.9691211366357855e-07,27.426664348291258,47.504381487437,27.426669098729274,47.50437874477033,-47.504381487437,0.0,10259415.953772169,11042459.898611726,0.40702448681770476,0.412021639940512,1.1106506959842257,1.4183567403976614,1.618616944084472,3.9346505583079563,8325272.134310091,20.539102764166042,7.819569509603115,0.3779878818242827,-0.01810259915311857,14.426898738898979,0.5182545444996695,649157654.581411,26.75150673678106,13884.699064946422,11139444.376588698,-7.85020529182361e-07,-4.9786709623266626e-08,-11.742918841671258,26.763534324313763,98.35062127028053,98.35656451556734,67.29233577963356,67655.96863702274,77545873.21616673,1.11637135645095,0.38163242535075587,1.3908237547763833,3.3293075444580658,0.3769462523182608,1.2132583969809694,3.2912254901468896,0.5580834117503864,5.398882652796535,-2.2833333333333314,0.3275,0.49150000000000005,0.9706250000000001,0.5561666666666666,1.3766666666666667,1.3913333333333333
9.093966666666667,0.805,12.05,8.086666666666666,244.41250000000002,0.0964541067817405,-20.086666666666666,14.408333333333333,58.519999999999996,-58.519999999999996,2.100746881063311e-07,29.25999752665297,50.67980805745284,29.260002594633637,50.67980513145283,-50.67980805745284,0.0,11866796.201092072,15443683.814191405,0.404821037243016,0.41015192167726755,1.088179002141285,1.3901861563976632,1.5934534667940738,3.926247841160715,9016992.049249956,23.074001019451703,5.54140765489039,0.4235156744105114,-0.022617543933224887,16.950115879544292,0.6700952658610808,592860015.263658,23.199617028042795,18132.879611035212,15540648.147652894,-8.104349554412598e-07,-5.07853004880815e-08,-15.020008912788768,23.212768542758468,125.30377333304757,125.31015272114844,90.44453250070387,68903.44053126239,78347101.23981348,1.182131092429279,0.379949013513296,1.3683224191256151,3.3229603467171565,0.37494413009102906,1.1884880084085192,3.285773282380251,0.5692182853085022,5.3802136801957285,-11.916666666666666,0.34950000000000003,0.38050000000000006,0.7997916666666667,0.2878333333333333,1.1873333333333334,1.0486666666666666
12.862300000000001,0.715,13.956666666666667,13.02,244.6625,0.09640378402483867,-19.35333333333333,18.958333333333336,53.52,-53.52,1.9212572295712307e-07,26.75999773797791,46.34968091652215,26.760002372945873,46.349678240522145,-46.34968091652215,0.0,14314502.083378544,24541178.83306385,0.40470220352647285,0.41005236471516,1.086929946276525,1.3886226282577683,1.5920467169187706,3.9257908094141976,10124440.629096353,20.17585690201996,5.026338661890766,0.44677307409132516,-0.012117156835387012,17.098729139636777,0.7527589398525262,602624064.8995882,22.647453991910414,27063.702096006222,24638164.20294749,-7.894564708207318e-07,-4.3802561068518084e-08,-13.839359620610045,22.65957096699554,136.95467129389516,136.96107703766972,95.77483913639014,68973.91916935498,78391391.7910635,1.185916563803223,0.3798590549389399,1.3670666399167166,3.322615307909515,0.3748356920051332,1.1871153631646965,3.2854792717142227,0.5698499137302955,5.379240799738918,-3.4499999999999957,0.6415,0.6075,0.9514583333333333,1.4498333333333335,1.042,1.3513333333333333
11.987300000000001,0.863,12.776666666666667,9.526666666666667,244.7625,0.09638369033098677,-19.34,8.458333333333334,59.653333333333336,-59.653333333333336,2.141431202068183e-07,29.826664145419322,51.66130354273047,29.826669311549534,51.66130056006379,-51.66130354273047,0.0,12654384.93434453,24392018.12128305,0.4046485621679772,0.41000634251521456,1.0864306552262262,1.3879970342016692,1.591483523457744,3.9256072827230017,9383058.310014088,23.965537239891347,4.9190321959254675,0.48200961787006885,-0.02062413063520274,19.856113480898262,0.7422689540128952,613998185.9754903,22.154572332008325,26851.521533079464,24488977.875517517,-7.729047895426624e-07,-3.537221538775282e-08,-15.78879751703413,22.16570691229332,154.4626185585138,154.46929582552485,105.25021217883659,69002.11062459204,78409092.87563881,1.1874330221251737,0.3798230731921058,1.3665647080447718,3.32247755669886,0.3747923094830461,1.1865670128017527,3.285361947225718,0.5701025599939286,5.3788517946086865,-3.849999999999998,0.2415,0.6505,0.821875,0.9621666666666666,1.0206666666666666,1.0913333333333333
8.2423,0.883,12.31,6.66,246.26250000000002,0.09608620395742133,-21.686666666666667,12.961666666666668,57.75333333333333,-57.75333333333333,2.073225134501192e-07,28.876664225722795,50.0158552291768,28.876669227308177,50.015852341510126,-50.0158552291768,0.0,11435363.597424077,14036235.953523345,0.4039594383048645,0.4094344328136897,1.0789847645937085,1.3786926412119693,1.583087521207762,3.922931042165457,8852476.567117058,22.706246489966436,5.628828941405427,0.47393468320260496,-0.022774781210092868,15.966164809104194,0.7373007575912977,637481290.1606905,22.544701260321318,16757.99422565354,14133198.592830999,-8.447718831154873e-07,-5.602961631273217e-08,-16.444598691942673,22.55815648304556,120.08872775052676,120.09536934399162,89.72548802354252,69424.98245314787,78672341.32689807,1.2103074450572469,0.3792832728919792,1.3590647642416973,3.320429765673591,0.37414096922940526,1.1783939465470432,3.2836215382928162,0.5739618477003441,5.373022324537278,-5.216666666666665,0.1235,0.5025000000000001,0.7672916666666667,1.2095,0.7446666666666666,0.8979999999999999
13.5623,0.763,13.156666666666666,12.713333333333335,237.3875,0.09793841179192671,-21.086666666666666,9.531666666666666,58.88666666666667,-58.88666666666667,2.1139094555060638e-07,29.443330844489147,50.99735071445443,29.443335944224078,50.99734777012109,-50.99735071445443,0.0,14635942.619173639,34601073.33305928,0.40812919108269835,0.4129332434077325,1.1242885698864944,1.4353293356511483,1.6337393170237962,3.9397769172587007,10266980.613270663,24.205356501148067,4.814392651281637,0.4256697482209218,-0.017479650867572475,21.643701286090796,0.6454773978033315,586449824.7086208,24.04544964092092,36797.87983586204,34698032.17739979,-8.237494309207069e-07,-3.237843420828848e-08,-17.28718898483376,24.05415754963661,180.17525776433814,180.1826798903771,126.82731829804744,66922.99080085936,77058294.01275866,1.0594939929215823,0.38261840517167683,1.404398708210923,3.333216762076163,0.37811356946977515,1.2282367975123634,3.294589826411471,0.5377736289965778,5.409851524028411,-6.749999999999998,0.10550000000000001,0.3415,0.9339583333333333,0.8245,0.9526666666666667,1.4020000000000001
7.098966666666667,0.9236666666666667,14.383333333333333,11.406666666666666,239.9375,0.09738232970820315,-22.073333333333334,12.425,54.32,-54.32,1.9499755738099636e-07,27.159997704165917,47.04250125907106,27.160002408415913,47.042498543071055,-47.04250125907106,0.0,11840786.929080892,15223804.633386895,0.406924926379542,0.41191630389989564,1.1109058559554308,1.4186577792274881,1.6188821095155523,3.9347087393096425,9148540.920764413,21.457658361751314,6.309494710569932,0.8200900256223377,-0.013425157791213779,12.66209865025983,1.2897166817727546,820811035.9008492,19.42067256674006,17934.172694185305,15320777.678228682,-9.407324461300038e-07,-6.395383444410929e-08,-16.3486571918532,19.43075829810028,118.40669059651704,118.41344531991074,92.6902388952339,67641.87290940422,77536611.48820186,1.1156417233268066,0.38165043127051224,1.3910803304604011,3.329380227793318,0.3769678543820218,1.2135430144869395,3.2912882398977015,0.5579570300143512,5.399078813361652,-0.6166666666666671,0.27549999999999997,0.6835,0.781875,1.3635000000000002,0.858,1.1273333333333333
9.7123,0.9756666666666667,13.97,13.753333333333334,243.7875,0.09657937886092467,-20.113333333333333,12.005,51.72,-51.72,1.8566409550340816e-07,25.859997814054882,44.7908351457871,25.860002293138272,44.79083255978709,-44.7908351457871,0.0,12193972.192694977,17965279.51432798,0.4051304936327837,0.41041376377993066,1.0913182518501041,1.3941118222634452,1.5969879209019968,3.9274017799376257,9279895.447478624,19.674652727702696,5.649751536307559,0.5888119356918116,-0.011340274104744958,14.003323035997278,0.9795755381026248,695672664.9474,21.666721769093844,20651.196424917867,18062266.543485835,-8.375569107667327e-07,-4.897531778043127e-08,-15.188725334598335,21.67879510506462,117.85482064945157,117.86107210014913,85.53187415047994,68727.24393603076,78236097.12798063,1.1727020359541565,0.3801861638974686,1.371480434187641,3.3238392354581365,0.3752267504202644,1.1919371901446467,3.2865230052552143,0.567656535435986,5.382831555106595,-17.316666666666666,0.2665,0.1905,0.9877083333333334,0.6868333333333333,1.4713333333333334,1.1086666666666667
11.613966666666666,0.9450000000000001,12.363333333333333,6.446666666666666,245.53750000000002,0.09622927149100566,-19.153333333333332,18.91166666666667,56.620000000000005,-56.620000000000005,2.0325408134963207e-07,28.30999760695645,49.03435974389918,28.310002510392287,49.03435691289918,-49.03435974389918,0.0,13186588.53044344,20970111.46612062,0.404322167833981,0.4097408614484741,1.0825748204904375,1.3831817302155587,1.5871432836925312,3.9242247726734956,9557631.712173816,21.454573133829392,5.811594906227947,0.4058374262511984,-0.020533325358820017,20.013637250095876,0.595557272868371,617485396.007129,24.655501149343184,23553.21578227543,21067086.18605798,-7.277233606716212e-07,-4.3006792718446274e-08,-13.907167551893645,24.668948602950664,133.2869876922389,133.2932071204469,90.62785313883654,69220.5944026792,78545485.08294836,1.1992318530773116,0.37954407817993563,1.3626828439442522,3.3214151172982387,0.37445582032418007,1.1823321526052737,3.284458140047178,0.5721427804578442,5.375836462760609,-12.95,0.5075000000000001,0.2195,0.7914583333333334,0.47216666666666673,0.722,1.114
11.077300000000001,1.0183333333333335,12.483333333333334,6.193333333333333,242.0875,0.09692968439729817,-23.513333333333332,14.898333333333333,51.75333333333334,-51.75333333333334,1.8578375527106955e-07,25.87666447931272,44.819702660059974,25.87666896128286,44.8197000723933,-44.819702660059974,0.0,12620658.681862548,19881109.976311464,0.4059422968558478,0.4110952283613951,1.0999038305966689,1.4048662645316803,1.6066136334228875,3.9305578210257135,9334628.643409543,19.705918183454827,6.5061853811598915,0.28739816643454846,-0.01814040558231503,18.889105619416608,0.5716890635379996,608708375.9118001,26.693343057739167,22500.208317389588,19978090.234385025,-7.095258674738451e-07,-4.276006878714629e-08,-18.100166260203032,26.706703720641027,123.70456913458706,123.71083933022642,86.81288287938771,68247.98919700089,77930504.9853143,1.1472908126447205,0.38079785013318435,1.3800843606143545,3.3262282106311774,0.3759628901394668,1.2013897322588978,3.288567706357573,0.5633823016804221,5.389463093672747,-14.016666666666666,0.5575,0.49850000000000005,0.9402083333333333,1.4218333333333335,1.2246666666666668,1.046
8.930633333333333,0.9576666666666667,11.27,8.46,236.3375,0.0981678810014123,-18.1,16.578333333333333,42.85333333333333,-42.85333333333333,1.538345973054792e-07,21.4266648554711,37.112076349203335,21.426668566678632,37.11207420653666,-37.112076349203335,0.0,10499005.95104184,10445339.7242583,0.40904702606097415,0.4137811481680484,1.129875813896912,1.4423598693216093,1.6399741288855072,3.9420435499151796,8431046.57698966,11.378320214304754,24.467483471329114,0.31725417089425256,-0.028345158156416153,14.98479479622252,0.4694593635692256,1184246931.0743477,49.15446140158999,13428.287176523188,10542374.717064142,-6.205955284368529e-07,-4.5587658355765e-08,-12.435329854753695,48.45874451758707,73.88053210888873,73.88243679462447,50.226632906058256,66626.98052087033,76858697.1746524,1.036796595971326,0.3830163797887124,1.4099283453527804,3.334829024994595,0.3785839570952383,1.2343730150778494,3.2959844166416663,0.5294629899297479,5.4142904177659075,-0.216666666666665,0.1585,0.2965,0.9635416666666667,0.6705,1.3033333333333332,1.194
10.890633333333334,1.0743333333333334,14.030000000000001,13.713333333333335,235.1375,0.09843204974278176,-16.433333333333334,12.121666666666666,50.053333333333335,-50.053333333333335,1.7968110712033881e-07,25.026664551163194,43.34745943214354,25.026668885909018,43.34745692947686,-43.34745943214354,0.0,11860598.486168223,17433457.57827369,0.4093169419769026,0.4139598946680139,1.1362925671862254,1.450324681975551,1.6470001092029558,3.944448068810842,9132908.751514586,18.820539183514363,6.243022738419342,0.5547737652089304,-0.009923232938532091,14.236282174843934,0.8799856606313217,709851923.0703547,22.00713619208066,20160.159322075626,17530460.370233584,-7.688218457251122e-07,-4.308480172104188e-08,-12.1968740335335,22.016646921986517,107.60556869179591,107.61136701631749,74.61254460549229,66288.6830580257,76627419.59123875,1.0111876886215296,0.3834706186176315,1.4162799773687884,3.3366951677768855,0.37912041473451696,1.2414478219989806,3.2976040598457312,0.5200662851382941,5.419361979458159,-9.083333333333332,0.5155000000000001,0.5215,0.971875,0.5071666666666668,1.1046666666666667,1.162
12.465633333333335,0.905,11.816666666666666,6.166666666666667,242.5625,0.09683078690014042,-19.98,14.921666666666667,53.45333333333333,-53.45333333333333,1.918864034218003e-07,26.726664407462238,46.291945887976404,26.7266690366567,46.29194321530973,-46.291945887976404,0.0,13017629.07237875,24222362.023533437,0.40571994557774416,0.4109091740411315,1.0974951993547728,1.4018480236610609,1.603917439354284,3.9296674991673637,9497854.19799185,19.794943050938297,7.598290669567479,0.4284262823772734,-0.02032919676429777,22.57856363782766,0.6059810580529178,656954919.824379,29.793905409715368,26741.3129133091,24319344.220898867,-7.083739717981473e-07,-3.402631781939389e-08,-15.496257110613918,29.808402368881662,134.68238878984798,134.68869869344496,92.43082494827763,68381.89860937689,78016475.14128284,1.154353158417467,0.3806269729759338,1.3776734718840076,3.3255561199631067,0.37575736907736007,1.1987358693438168,3.2879914838446305,0.5645604694178296,5.3876089803342735,-0.11666666666666359,0.1375,0.4605,0.8947916666666667,0.1735,1.0273333333333334,0.9473333333333334
12.628966666666667,0.901,11.843333333333334,11.606666666666667,238.9125,0.09760330415718257,-21.86,9.508333333333333,48.986666666666665,-48.986666666666665,1.7585199455517441e-07,24.493331262912513,42.423698975411654,24.493335505282293,42.42369652607831,-42.423698975411654,0.0,12772456.962838791,25435689.51926238,0.4075394059412057,0.4124570133800228,1.116259722438714,1.425342997075049,1.6248554954333267,3.9367562852493556,9439388.019268071,18.131694650198025,8.871487371956388,0.3419582808699491,-0.014970151560771241,20.55559381420339,0.4590152303606101,641358898.0971742,32.44941281421673,27946.179010609823,25532682.030888196,-6.840579528328797e-07,-2.9497304920468457e-08,-17.813988159104852,32.463237153727086,128.04347214489835,128.04419313188325,85.96112365194801,67352.91049322442,77345685.91794083,1.0929282002689624,0.3820395916517606,1.3964145009395776,3.330908856895182,0.37742879082504305,1.2194139404973456,3.292600933485153,0.5499216357174895,5.403405273454617,-17.15,0.4645,0.2385,0.9714583333333333,0.6775,1.4833333333333334,1.0686666666666667
6.830633333333333,1.0750000000000002,12.463333333333333,8.286666666666667,240.2375,0.09732032798432867,-16.193333333333335,11.841666666666667,42.053333333333335,-42.053333333333335,1.5096276288160593e-07,21.02666488928309,36.41925600665442,21.02666853120859,36.41925390398775,-36.41925600665442,0.0,9175003.089322459,7196073.591751336,0.40706150300245164,0.41207862235051074,1.1093705887402934,1.4167724307735272,1.6172208439612286,3.934169537244287,7952865.842182787,14.018570103998703,13.79335794706773,0.3131064918907873,-0.012621647298455274,11.412241281598558,0.532992655544106,868731111.882683,34.15977364518549,10282.618551526628,7293115.498182997,-7.44263510577672e-07,-5.784531083205866e-08,-11.098224983696824,34.14388486007074,63.237846326672724,63.24188637294802,46.364844883020524,67726.4472751154,77592129.10630088,1.1200245041714023,0.3814759152041507,1.3895379784451074,3.3288930923744564,0.376774315864575,1.211826778075391,3.2908598051522824,0.5587187203365822,5.39688593861474,-6.883333333333333,0.14450000000000002,0.4365,0.8722916666666667,1.4988333333333335,0.9913333333333334,0.9646666666666666
13.3873,0.7856666666666666,11.336666666666666,11.153333333333334,237.8875,0.09782754322420305,-22.126666666666665,13.685,54.35333333333333,-54.35333333333333,1.9511721714865773e-07,27.17666436942375,47.07136877334393,27.176669076560497,47.07136605567725,-47.07136877334393,0.0,13981976.338587105,29453211.54487013,0.40795500657964934,0.41279645490666256,1.121647363066241,1.4320460385802625,1.6308235918801768,3.9387847035107306,9892065.022801436,20.818069666203407,8.07059563962498,0.4339898007627058,-0.019748377263685633,23.291376701924616,0.5593462251215644,655303332.0135332,32.113477240801025,31814.301413121753,29550184.945233446,-7.2774698568586e-07,-3.075168133114713e-08,-17.58722688178183,32.12654022104257,152.43510941373083,152.44186667872756,102.47869701075228,67063.94807704465,77153080.33755367,1.0703950346127624,0.3824286761882284,1.4017746799539261,3.332455630080837,0.3778892039993897,1.2253323943937666,3.293932951711716,0.5418027657209277,5.407737223568241,-15.75,0.4345000000000001,0.15450000000000003,0.9977083333333334,0.7101666666666667,1.25,1.186
8.335633333333334,1.0610000000000002,13.816666666666666,10.06,241.0625,0.09714458921761276,-18.833333333333332,10.138333333333334,54.153333333333336,-54.153333333333336,1.9439925854268943e-07,27.07666437787675,46.898163687706706,27.07666906769299,46.89816098004003,-46.898163687706706,0.0,11081584.657033652,14122047.917330716,0.4063839644606628,0.41145870325878875,1.1051339082627318,1.411413025336264,1.612455362890218,3.932498736421076,8792050.235739132,20.99571791704234,6.549691214209878,0.7510065594322761,-0.014172617513848889,13.545658504386413,1.1655847630271243,760912845.9339366,20.17235728194441,16879.395537362805,14219027.913930994,-8.702000912398745e-07,-5.437105980882611e-08,-14.348783036913073,20.18338553568924,112.01596796303281,112.0223899249258,84.36264511498173,67959.02678082108,77743491.05963442,1.132133247649682,0.3811790581332897,1.3853176526488098,3.327703277196622,0.3764179113717667,1.207156237253083,3.2898348257606194,0.5608028630412711,5.393655925468329,-17.083333333333332,0.2315,0.6335,0.7602083333333334,0.4208333333333334,0.998,0.83
13.025633333333335,0.8436666666666667,11.303333333333333,9.233333333333334,248.0375,0.09574055279584706,-21.726666666666667,12.215,49.18666666666667,-49.18666666666667,1.7656995316114274e-07,24.593331254459518,42.59690406104888,24.593335514149803,42.596901601715544,-42.59690406104888,0.0,12827842.951391473,25124630.6658613,0.40325643862607397,0.4088740647082134,1.07031295261128,1.3678364156173535,1.573286422833826,3.9198563709073673,9430784.501411432,17.161062865109525,10.729047040705542,0.405572098622737,-0.018270487061580784,22.522585133848608,0.4918990631192647,736279636.5726103,36.949439886002445,27658.67661828308,25221624.05368708,-6.582963767577303e-07,-2.931631520246957e-08,-17.385564049837345,36.96864606399919,126.59442384824744,126.59522439400061,83.68966801410295,69925.38078360555,78980464.89656812,1.2282173386599964,0.37864399312602137,1.3503014918979392,3.318058985315433,0.3733675469581968,1.1688488333951326,3.281607085853407,0.5721127079696054,5.366137490084971,-5.683333333333334,0.2125,0.2895,0.8935416666666667,0.5608333333333334,1.0153333333333334,0.7793333333333333
6.9123,1.0190000000000001,12.676666666666666,6.3133333333333335,241.4125,0.0970703760342818,-20.313333333333333,17.908333333333335,43.053333333333335,-43.053333333333335,1.5455255591144752e-07,21.526664847018104,37.28528143484056,21.526668575546143,37.28527928217389,-37.28528143484056,0.0,10673304.129140211,9462286.93399651,0.4064033739821717,0.4115078309438397,1.103350471091556,1.409204227222521,1.6104913662567892,3.931889689213258,8572161.542014185,14.8142746224072,11.879909560645523,0.2939120307942126,-0.012984661989733986,12.685950614959951,0.5451753298818591,791021005.4353478,32.958974339205966,12460.575321255928,9559315.54867564,-7.145597092956744e-07,-6.204508015271444e-08,-13.373926061785218,32.966495908388424,74.39472872378964,74.39757175129674,55.90959402850525,68057.69687415077,77807603.82520242,1.1372945817149682,0.38105311544431936,1.3835320904810158,3.327201862670697,0.3762666127626977,1.2051839220185097,3.2894036096013775,0.5616875243889272,5.3922868592588635,-6.116666666666665,0.47550000000000003,0.3315,0.9810416666666667,0.6168333333333333,0.754,1.4526666666666668
12.068966666666668,0.783,12.65,10.566666666666666,243.0125,0.09673790568875164,-23.713333333333335,18.211666666666666,49.32,-49.32,1.770485922317883e-07,24.65999791549085,42.71237411814037,24.660002186728146,42.71237165214036,-42.71237411814037,0.0,13839286.973353583,23209213.066501644,0.405542576235167,0.41076690035425123,1.0952212738754739,1.3990045995335851,1.6013740299498513,3.9288407609099463,9873165.64190183,18.224840922598094,7.020556397112595,0.2775009975248603,-0.014030976502259408,18.668431404223526,0.48668370789327975,584748374.8218359,28.556156128283497,25776.492193763257,23306204.07319277,-6.739425925510788e-07,-3.966162066059213e-08,-17.708554391810292,28.570261359106023,124.76736082162493,124.76818971071486,83.96087319168716,68508.76015794363,78097439.10722533,1.1610725733821852,0.38046504594746744,1.3753943506685729,3.3249226747026124,0.3755625286163243,1.1962307559563354,3.287449098878975,0.5656978019824335,5.385852974478407,-3.216666666666665,0.35650000000000004,0.6224999999999999,0.9352083333333334,0.5748333333333334,1.0486666666666666,1.014
12.5823,1.0323333333333333,12.15,7.42,244.5875,0.09641886460964698,-23.126666666666665,19.705000000000002,46.42,-46.42,1.6663819244524763e-07,23.209998038059314,40.20090037640057,23.21000205814924,40.20089805540056,-40.20090037640057,0.0,13726538.578222718,23765107.454954028,0.4048466704568631,0.41019277892711714,1.0873070073536892,1.389109648354596,1.592485738113748,3.9259549564175056,9818873.555636082,16.165406023331794,10.675236049554952,0.33993680297503265,-0.015424788316582543,21.01160073051611,0.4727202462592107,724687047.0606236,36.06344398060598,26359.663346784524,23862113.22936123,-6.437790535959863e-07,-3.575358234107702e-08,-17.22077229060888,36.08068590172642,116.9456930538733,116.94652576142792,79.89056169536074,68952.77557792721,78378112.79213436,1.184780246996281,0.3798860356606158,1.3674431927383244,3.322718707127978,0.3748682200864515,1.187526864625667,3.2855673610007377,0.5696604114993061,5.379532525930366,-14.25,0.4045000000000001,0.16549999999999998,0.885625,0.7428333333333333,1.1179999999999999,0.9993333333333333
9.303966666666668,0.7803333333333333,10.623333333333333,6.06,244.8375,0.09636859136328002,-17.54,12.751666666666667,48.586666666666666,-48.586666666666666,1.7441607734323777e-07,24.29333127981851,42.0772888041372,24.29333548754727,42.077286374803855,-42.0772888041372,0.0,9995537.10364056,11089979.918954562,0.40487212387010724,0.410240272261351,1.0860621198649318,1.3875757245639937,1.5911065878274462,3.925549764371154,8194707.841963373,15.518463203091901,15.585013895059276,0.34464649691860283,-0.024544540543210522,17.34303691208529,0.4251068742285186,880709730.71468,40.070163915159675,13996.359135701916,11186986.581412476,-6.230513665880033e-07,-4.2693686895985904e-08,-13.061553849901344,40.06937160551945,85.77038820737239,85.77220692822227,56.59881670232727,69023.25421601982,78422393.16369748,1.1885674522594545,0.37979614550928803,1.3661886074310208,3.3223744334036587,0.3747598246376611,1.1861561061855774,3.285274118820175,0.5702923088829878,5.378560675090823,-16.683333333333334,0.4475,0.4075000000000001,0.8547916666666666,1.2725,1.4433333333333334,1.4006666666666667
8.837299999999999,0.839,11.370000000000001,7.886666666666667,248.5875,0.09563545965699395,-16.233333333333334,15.295,51.32,-51.32,1.842281782914715e-07,25.65999783096088,44.44442497451264,25.66000227540325,44.44442240851264,-44.44442497451264,0.0,10614298.149321295,11245583.573456917,0.40305949913995537,0.40872265246771505,1.0676508804355695,1.3645102828894227,1.5702775178139436,3.9189424613584882,8490415.041776938,17.85282224593027,9.085663774793804,0.3621762890601862,-0.01820900575289479,15.84191558580269,0.5010897155688171,689760013.5051467,29.893394793953316,14135.187341937322,11342583.210214386,-7.00926681086185e-07,-4.8621060267887016e-08,-11.367562817897193,29.90953771076646,91.80299558117542,91.80885949030088,63.34771996087106,70080.43378740935,79074174.11138864,1.2337885316955164,0.37845344902739586,1.347608237382189,3.3173410340956866,0.3731347489951643,1.1659215884011378,3.2809989725596274,0.5715607961248276,5.364121544794705,-14.983333333333333,0.5035000000000001,0.5325000000000001,0.8360416666666667,1.1255000000000002,1.3273333333333333,1.4273333333333333
8.6273,1.0676666666666668,10.563333333333333,7.553333333333334,243.6125,0.09661497936721634,-22.966666666666665,18.351666666666667,52.35333333333333,-52.35333333333333,1.8793763108897452e-07,26.176664453953723,45.33931791697165,26.17666898788539,45.33931529930498,-45.33931791697165,0.0,11518992.596394902,12519762.695733145,0.40528170852846096,0.4105527131930644,1.0921992117817318,1.3952253275232032,1.5979877887446525,3.927745960981019,8799701.759778699,18.777192862372825,11.289860293303704,0.27027417047586494,-0.02503581771938547,17.312509639101194,0.3892186168805493,696551849.018894,35.781387067585285,15322.432976963199,12616743.66103914,-7.365651478866916e-07,-5.3264657207717295e-08,-16.37751585113036,35.797263725795055,102.49821572229655,102.50423926275859,72.46962931812216,68677.90888936595,78204904.06917886,1.170069731909735,0.38024914658820247,1.3723629976470817,3.3240830689564933,0.3753026036220022,1.1929044207175312,3.2867312509456683,0.5672142357943355,5.383513625656833,-0.5500000000000007,0.3315,0.48750000000000004,0.965625,1.4591666666666667,1.33,0.9113333333333333
11.893966666666667,0.7236666666666667,11.603333333333333,12.06,249.8625,0.09539590221091448,-19.14,11.608333333333334,42.32,-42.32,1.51920041022897e-07,21.15999821134576,36.65019612083739,21.16000187636527,36.65019400483739,-36.65019612083739,0.0,11273631.478398632,17531681.98784466,0.40259122739074443,0.4083588527385598,1.0615098466069783,1.3568389528763678,1.5633087929575418,3.916805357919388,8817809.916344695,13.376450485719797,18.0365955451882,0.3631630653070489,-0.017105973944241685,17.263678320590586,0.4272910307425373,940875508.8937438,45.952314212373714,20354.471855631542,17628714.10447354,-6.53088250219313e-07,-3.165100483876333e-08,-14.84001122126486,45.95905050897925,92.51268610038636,92.5140487114747,62.2275176597586,70439.87484168177,79289806.82850865,1.2467883588347533,0.37799956625632103,1.3413799555622814,3.3156815753308955,0.3725830270348275,1.1591787874405042,3.2795967187011374,0.5703041109305447,5.359272219003116,-18.05,0.2895,0.11950000000000001,0.9335416666666667,1.2515,1.3753333333333333,1.1913333333333334
8.568966666666666,0.9363333333333335,12.51,7.66,246.5125,0.09603818710173731,-22.633333333333333,12.938333333333333,60.95333333333333,-60.95333333333333,2.1880985114561238e-07,30.476664090474838,52.787136599372445,30.47666936918835,52.78713355170577,-52.787136599372445,0.0,12113790.438727634,16213807.49619333,0.4038060667550369,0.4092997881434219,1.0777510679711062,1.3771425260734933,1.5816855011266526,3.9224710968810017,9137129.145223178,24.872802296419607,6.588415322117316,0.5978861812874078,-0.024551490209824466,16.542761361006693,0.9424754705741559,656801235.501509,21.26111043957531,18852.238765329756,16310758.3925713,-8.845305283283784e-07,-5.606898100521694e-08,-17.343059589991935,21.273348077809338,136.52739459616987,136.53420428162335,102.45583076778112,69495.46109124046,78715725.61527051,1.2128387635038305,0.3791844042750777,1.3578173334247998,3.320084403068522,0.37402375123050224,1.1770374208180532,3.283327527813509,0.5737095135955383,5.371918609063774,-16.05,0.4315,0.2815,0.8210416666666667,0.4488333333333333,0.9246666666666666,1.3606666666666667
8.545633333333333,1.0416666666666667,12.876666666666667,12.966666666666667,235.9375,0.09825474240311728,-18.726666666666667,14.151666666666667,45.85333333333333,-45.85333333333333,1.6460397639500402e-07,22.926664728676137,39.71015263376175,22.92666869969129,39.71015034109508,-39.71015263376175,0.0,11096653.983948039,12572318.441851249,0.40901446193400365,0.4137163395989478,1.1320061874426353,1.444986337549754,1.6422925155465447,3.942807963433554,8763227.34495151,16.757448974537738,8.853253609564295,0.3409668776391417,-0.010201113631594207,12.808164374892185,0.6221363160784651,739948958.7551445,27.75264489462404,15455.464098022107,12669335.291643258,-7.522198481285322e-07,-5.030160885401229e-08,-13.22273839056034,27.76258181125272,88.4614550833932,88.46319876972433,63.14458236664915,66514.21469992211,76781944.96910137,1.0282216922649503,0.38316784861690345,1.4120417222538435,3.3354482411888737,0.3787628977696697,1.2367239171378994,3.2965211975190667,0.5263260772751553,5.415980827891428,-9.883333333333333,0.1915,0.6215,0.8214583333333334,0.2971666666666667,1.006,0.9846666666666666
9.980633333333333,1.0570000000000002,11.476666666666667,13.540000000000001,237.5375,0.09790510105261747,-18.153333333333332,19.168333333333337,49.22,-49.22,1.7668961292880413e-07,24.60999791971735,42.62577157532175,24.610002182294387,42.62576911432174,-42.62577157532175,0.0,11976523.077078603,14043516.266949015,0.40823917063121046,0.4130570025028226,1.123498812852776,1.4343725620311112,1.6328925547056525,3.9395303874842735,9040007.40247009,17.378741888684143,10.600648324058644,0.32743818690959325,-0.013615537907753997,14.983642628205414,0.4245078072381731,719706513.1710794,32.78163053322534,16864.14773191829,14140521.966945868,-7.39781543740752e-07,-4.723049561306998e-08,-12.113262230586006,32.79328820954319,97.51279106228563,97.51411571713427,66.09327222274304,66965.27798371499,77086743.05933675,1.0627574829335436,0.3825615287887316,1.4036109370117675,3.332988011491587,0.3780463108136761,1.227364302330573,3.294392302268333,0.5389567426211889,5.4092176817221205,-17.85,0.6875,0.5685,0.7560416666666667,0.6635,1.11,1.158
6.888966666666667,0.9896666666666667,12.336666666666666,10.286666666666667,248.46249999999998,0.09565931344661581,-22.166666666666668,17.068333333333335,43.28666666666667,-43.28666666666667,1.5539017428507724e-07,21.64333150382294,37.487354034750666,21.643335252558238,37.48735187041733,-37.487354034750666,0.0,10959684.530190255,10398379.951721499,0.40312379772018436,0.4087770899304466,1.0682559325429493,1.3652693159538214,1.5709649000521064,3.9191586750481906,8686352.877645373,14.90146747177951,11.921846907983632,0.26518889464839857,-0.012950265214022037,12.384894613873897,0.4963075064609124,766104087.3696387,34.816732538978265,13366.557790140805,10495401.860132368,-7.48619756240579e-07,-5.9568888411517405e-08,-14.929492681756244,34.82840307983597,78.81464188659275,78.81714185940709,58.190634081351575,70045.19446836301,79052883.13394277,1.232520985902895,0.3784967605200188,1.3482197568424428,3.317503833397689,0.3731876759543407,1.166585778377804,3.2811367847959643,0.5716857663450542,5.36457962755491,-12.249999999999998,0.4535,0.2805,0.8414583333333333,0.47450000000000003,1.21,1.254
13.072300000000002,0.9850000000000001,10.663333333333334,6.14,241.03750000000002,0.09714990480977123,-17.513333333333332,20.568333333333335,57.18666666666667,-57.18666666666667,2.0528829739987565e-07,28.59333091633962,49.52510748653799,28.593335868850232,49.52510462720465,-49.52510748653799,0.0,13586541.667156124,25770155.01354334,0.40641741465620956,0.4114904735472904,1.1052622693831273,1.4115760343764545,1.612600464917075,3.932547726114208,9660798.737158062,20.9996977501621,9.43517629130589,0.6132644176634662,-0.026871132093393597,25.99491114976054,0.7969886944841953,806214160.9036908,33.81552834587346,28236.186931445176,25867132.256976396,-7.11346873225385e-07,-3.336424364774079e-08,-12.698008103975546,33.83092561492217,145.39063264466884,145.3969895148967,96.5432446628593,67951.97891701183,77738903.78178859,1.1317651820903556,0.38118805318752896,1.3854453395998052,3.3277391762175186,0.3764287141121394,1.2072973055451834,3.2898657044078368,0.5607396728077733,5.393753719867165,-13.183333333333334,0.6255000000000001,0.6755,0.8727083333333333,0.46516666666666673,1.3846666666666667,1.2833333333333332
11.3573,1.0363333333333333,12.596666666666668,6.993333333333333,239.4625,0.09748456245072942,-16.486666666666665,18.118333333333332,51.68666666666667,-51.68666666666667,1.8554443573574677e-07,25.84333114879705,44.76196763151423,25.84333562499369,44.76196504718089,-44.76196763151423,0.0,12347415.299860274,17879226.375513982,0.40729696348571415,0.41225545656319157,1.1133838256412558,1.4217645555450813,1.62166112792092,3.9356781224370394,9231044.01290381,18.884516794683254,7.0688297512659055,0.40761272445710717,-0.015451438857957332,18.20981700280729,0.6110729527380255,650030456.8278298,25.7595462266861,20591.65624622798,17976225.325910233,-6.670260817284819e-07,-4.1360917179469174e-08,-11.593554125331487,25.771734929538447,110.8651495322852,110.87086607185351,74.02920020736681,67507.96349702822,77448168.44304085,1.1051222253680488,0.38183066506046065,1.393548728634069,3.3300862203200463,0.37718141517310205,1.2162577391925473,3.2918940900668505,0.5542897772198851,5.401081135468004,-11.816666666666666,0.5845,0.10350000000000001,0.8564583333333333,0.4091666666666667,1.4593333333333334,1.1833333333333333
10.9023,0.8583333333333334,14.056666666666667,9.206666666666667,237.1375,0.09799409966715719,-19.619999999999997,13.148333333333333,50.85333333333334,-50.85333333333334,1.825529415442121e-07,25.42666451735121,44.04027977469245,25.426668921379065,44.04027723202578,-44.04027977469245,0.0,12574001.251751456,20076283.926570445,0.408345417287122,0.4131327446529667,1.125615084351754,1.436998055320566,1.6352210485082364,3.9403131925561,9422884.443513516,19.379920917873303,5.816779204334493,0.5320309833329749,-0.012336886296646298,16.30502671896953,0.8823155902791745,659814720.9083611,22.089108932518037,22713.967940744646,20173276.130789094,-7.143120521581085e-07,-4.235198474876646e-08,-14.945769781962026,22.099309604212454,119.24251350351902,119.24860713004269,83.51838895457657,66852.51216276675,77010791.1745634,1.054066803228078,0.3827131897026953,1.405712875600481,3.3335988873471782,0.37822563632747946,1.2296932192206826,3.294919974405011,0.5358032257054697,5.410908083852729,-13.95,0.38849999999999996,0.5405000000000001,0.8602083333333334,0.9831666666666666,1.1513333333333333,0.846
9.630633333333334,0.8936666666666667,13.836666666666666,7.086666666666667,246.31250000000003,0.09607752277917012,-20.846666666666668,11.631666666666666,55.486666666666665,-55.486666666666665,1.9918564924914489e-07,27.7433309881901,48.052864258621554,27.74333579347639,48.052861484288215,-48.052864258621554,0.0,12131431.115133874,18196841.807467714,0.4039257241539369,0.40940401534350995,1.0787322105765593,1.3783783252550137,1.5827971102322476,3.922828614163638,9225504.07994679,21.47789785088019,6.954329261587688,0.6832791656958144,-0.01662529884985977,16.09930677212412,1.0618594919900692,724101238.3348118,20.504794970437885,20840.097888618904,18293813.204961963,-8.050725292204311e-07,-4.899249305959273e-08,-16.17262854442279,20.51669772900465,126.95289252527833,126.95936379144462,92.94033481688031,69439.07818076639,78681007.5997772,1.2108324230208358,0.37925368492161693,1.358805486399846,3.3203510229348026,0.3741082190566501,1.1781178891502313,3.283554527627901,0.5739158137478673,5.372653959269366,-10.083333333333332,0.28850000000000003,0.4305,0.9577083333333334,0.26683333333333337,0.8953333333333333,0.8099999999999999
8.230633333333333,0.8836666666666667,11.143333333333333,7.073333333333333,245.73749999999998,0.09618964900774077,-23.473333333333333,16.275000000000002,58.25333333333333,-58.25333333333333,2.0911740996504002e-07,29.126664204590302,50.44886794326987,29.126669249476954,50.448865030603194,-50.44886794326987,0.0,11707880.12849996,13474659.543368895,0.4042075810317347,0.40964160123429505,1.081582406015323,1.3819391021172343,1.5860215052222633,3.923865655624704,8901564.374949634,22.836356595219833,6.297564939915178,0.30107928016772134,-0.027803250993654414,17.1120818704227,0.4740954144472641,558437525.2121503,26.510160517934594,16199.02336942478,13571618.218083402,-8.328719151552912e-07,-5.782536745186669e-08,-17.29948126376407,26.52521541298534,119.27563320660836,119.28222293262874,87.7320853190743,69276.97731315331,78580568.89732435,1.2022869926538995,0.37947209997301534,1.3616834410041114,3.3211424592637773,0.3743689586643926,1.1812434788727002,3.284226486868586,0.5726485811865413,5.37505934471028,-4.583333333333332,0.5565,0.39149999999999996,0.9364583333333334,0.6891666666666667,1.1073333333333335,1.2393333333333332
10.377300000000002,0.921,11.596666666666668,12.153333333333334,244.6875,0.09639874277533728,-18.286666666666665,8.878333333333334,57.72,-57.72,2.0720285368245784e-07,28.85999756046496,49.98698771490393,28.860002559163593,49.98698482890392,-49.98698771490393,0.0,11240586.736986822,16883328.604588088,0.40471476631828607,0.4100673228214225,1.086805501111382,1.388471312854526,1.5919108757027571,3.925754879983669,8741978.518265733,22.490009074915633,5.975799558157586,0.38392692087542213,-0.019795080502563824,16.97689476017105,0.5774902705639167,582449844.3783762,24.941806771930345,19548.27952352155,16980296.95456359,-8.131701849498266e-07,-4.1017566038875865e-08,-14.503909690420398,24.95577989599185,127.07693512219903,127.0831394864815,87.76227111534239,68980.96703316427,78395830.84887683,1.186295654397662,0.3798500544243382,1.3669411509198066,3.322580855310351,0.3748248405550303,1.186978205162282,3.2854499157719874,0.5699130750305641,5.379143457809613,-18.083333333333332,0.6285,0.3095,0.9414583333333333,0.12216666666666667,0.878,1.1526666666666667
9.5023,1.0563333333333333,12.323333333333334,10.966666666666667,235.5875,0.09833178826126596,-16.446666666666665,20.778333333333336,52.120000000000005,-52.120000000000005,1.8710001271534483e-07,26.059997797148892,45.137245317061556,26.060002310873298,45.13724271106155,-45.137245317061556,0.0,12118569.319578651,13230485.967341222,0.4091055716838441,0.4137810718551872,1.1338778698200933,1.4473114507488198,1.644343982833092,3.943513889964502,9116879.343613526,19.300954085095785,7.423163636646877,0.39190535474968313,-0.01423501766478248,14.782029313491604,0.59770156799517,664545894.8481526,25.74878164149308,16049.543798790455,13327484.602246912,-7.762082680844226e-07,-5.504897588852861e-08,-10.323227767434403,25.75988536839138,100.02183984653391,100.02760571752107,70.78628301429077,66415.54460659242,76714488.63228628,1.020750192426823,0.383300342796901,1.413894086984924,3.3359923799425144,0.3789193757123437,1.2387869969960883,3.2969934201616664,0.5235843226418336,5.417460088622841,-11.516666666666666,0.4085,0.2605,0.7664583333333334,1.4195000000000002,1.1353333333333333,0.8513333333333333
7.2273,1.0110000000000001,11.376666666666667,8.446666666666667,240.6875,0.0972243274068337,-21.273333333333333,8.155,46.45333333333333,-46.45333333333333,1.66757852212909e-07,23.226664703317148,40.229767890673436,23.226668726293823,40.22976556800676,-40.229767890673436,0.0,9381720.84865873,9237652.486216117,0.4067257485396182,0.41177479617456714,1.1070574548112584,1.4138510332780767,1.614625150580403,3.9332656444798886,7974380.442510078,16.55400567276676,12.393726869964684,0.2625926892288327,-0.01790574094780723,13.482660751457464,0.4630924842306665,771933116.2095201,34.399680091430646,12176.843135995696,9334656.735737627,-7.4559767091511e-07,-5.149516387687137e-08,-16.432153109638097,34.40608931456467,80.34847431847936,80.35119442135118,58.253421888082,67853.30882368213,77674733.63596314,1.1266191846139637,0.38131399703830265,1.3872339812772365,3.328242723072308,0.3765799548844092,1.2092754363582006,3.2902992300224962,0.5598585561963703,5.395123564584271,-18.216666666666665,0.49650000000000005,0.1355,0.988125,0.7521666666666665,1.3633333333333333,0.9753333333333334
9.945633333333333,0.9383333333333334,12.97,8.326666666666668,239.2125,0.09753839382629002,-17.553333333333335,8.131666666666668,45.586666666666666,-45.586666666666666,1.6364669825371294e-07,22.79333140661347,39.47921251957878,22.793335354534612,39.47921024024544,-39.47921251957878,0.0,10334311.718196701,14174609.367196247,0.40754720863572197,0.4124892668719726,1.1146925059479444,1.4234133712316637,1.623135230594907,3.9362056060921478,8458737.294409774,16.394947673208023,8.57751768075635,0.34006806589058186,-0.011662526783007802,15.22097019119669,0.5971853347793356,710077750.8262428,27.498478558011175,17026.52235446465,14271627.303082801,-6.371367498764483e-07,-3.691911352192327e-08,-13.906613331722607,27.50865685538669,90.37892333511415,90.38041317249356,61.406077651467676,67437.48485893561,77401665.20846708,1.0995705483140295,0.3819256502697495,1.3948504596336047,3.3304595213362496,0.37729389194617446,1.2176906888055825,3.2922147091336673,0.5523032728781267,5.402137618546459,-11.483333333333333,0.2225,0.4475,0.9493750000000001,1.2048333333333334,1.3780000000000001,0.8166666666666667
7.600633333333334,0.8016666666666666,13.736666666666666,10.126666666666667,241.58750000000003,0.09703341723034785,-21.34,14.781666666666668,56.28666666666667,-56.28666666666667,2.020574836730182e-07,28.14333095437811,48.74568460117047,28.143335828946437,48.745681786837125,-48.74568460117047,0.0,11994635.391323548,14524371.037630983,0.40610537773827815,0.41121951941809975,1.102453220778828,1.4080469024746265,1.6094577634797842,3.9314929648524317,9161251.389053714,22.332359494099244,6.150117584097153,0.7453619433326805,-0.015973864460325844,13.462123037341279,1.1531109883712165,754823494.4028751,19.989987559089844,17244.074667388595,14621340.074184515,-9.361653208805478e-07,-6.527307496726583e-08,-15.382814061886757,20.000955327896733,120.61597709858633,120.62272451578642,94.03729476233107,68107.03192081563,77839580.10823469,1.13988073952935,0.3809901464628252,1.3826404335017681,3.326951910258545,0.3761909444909539,1.2041998061918628,3.289188807404144,0.5621298945156226,5.391602631782023,-2.049999999999997,0.36750000000000005,0.5605,0.813125,0.1105,1.1460000000000001,1.1326666666666667
9.525633333333333,0.8396666666666667,11.756666666666668,7.046666666666667,246.1125,0.09611569116662379,-23.433333333333334,14.851666666666667,50.42,-50.42,1.8099736456461407e-07,25.209997868999366,43.66500208914512,25.210002235499456,43.66499956814511,-43.66500208914512,0.0,11710131.21350648,15318175.330456175,0.40411808008846856,0.40958285236575087,1.0797278771091192,1.379633973051656,1.5839391686734547,3.9232205971320075,8943151.540040985,18.567542730258673,8.106512887260067,0.2607016195939693,-0.01901747640174483,17.295239861634023,0.4296669066247916,615790019.7361115,30.048194223908414,18068.26426322508,15415160.905343186,-7.143734583719044e-07,-4.674937066586043e-08,-17.715068845168503,30.06440181373486,108.0157729990444,108.02189090804151,76.69141533503758,69382.69527029227,78646159.61590548,1.2080285412246161,0.3793371460922505,1.3598121466397446,3.3206328759013393,0.3742060497284447,1.1792068577452748,3.2837938698499674,0.5735970153451077,5.373602986985231,-16.35,0.5225000000000001,0.35250000000000004,0.9660416666666667,0.32516666666666666,0.966,0.8153333333333332
11.765633333333334,1.0023333333333335,13.183333333333334,13.9,242.9625,0.09674821036951858,-19.726666666666667,18.305,55.92,-55.92,2.0074122622874292e-07,27.95999763654194,48.428141944168885,27.960002479356,48.428139148168874,-48.428141944168885,0.0,13948099.44743174,22346187.099382907,0.40548306784510996,0.4107022404257283,1.095471808344623,1.399306737293327,1.6016438031527,3.928912134406966,9926580.414458323,21.527997903641136,5.133955792429312,0.42142692793102177,-0.014220033803079892,16.723511892036562,0.6400606101660091,590763239.2429993,23.039157598767993,24894.140404402126,22443162.65120079,-8.329476009676865e-07,-4.6448183614764955e-08,-14.137059761135172,23.050914884029094,137.28606083654802,137.29243513834325,96.14617356224784,68494.66443032508,78088447.5488103,1.160324842641308,0.3804830403687173,1.3756473695411768,3.3249929052523965,0.3755841847418539,1.1965086831914955,3.287509199287525,0.5655714309835199,5.3860480572468274,-15.016666666666666,0.3025,0.5235,0.9639583333333334,1.1955000000000002,0.7473333333333333,1.3993333333333333
7.308966666666667,1.0396666666666667,10.63,7.3933333333333335,235.96250000000003,0.09824927917664017,-16.82,15.341666666666669,43.22,-43.22,1.5515085474975445e-07,21.60999817330727,37.429619006204916,21.610001916269066,37.42961684520491,-37.429619006204916,0.0,9229680.117054183,6423343.801898315,0.4091874911398644,0.41389422468978165,1.1318764935973,1.4448543054512475,1.6421791243918704,3.942820578170168,7866709.019501042,9.97292511615919,40.77509028217895,0.37183339575674246,-0.0746062470991953,13.106048105614056,0.4327532910613521,1563540871.4586148,65.05761288668278,9506.111776270014,6520379.674868961,-7.317482221939278e-07,-6.188927067314901e-08,-10.76349633083795,65.13747637650066,60.97922927417197,61.013263147280796,44.07775969761883,66521.26256373139,76786749.38984105,1.028756546819959,0.3831583878334677,1.4119095409325018,3.335409464988086,0.37875172076759434,1.2365767498779485,3.296487557529846,0.5265219861964853,5.415875236682582,-5.516666666666666,0.1835,0.4325,0.9452083333333333,0.5328333333333334,0.8193333333333332,0.7046666666666667
12.943966666666668,1.0303333333333335,14.463333333333335,12.18,235.5375,0.09834285906338452,-20.246666666666666,10.185,46.32,-46.32,1.6627921314226345e-07,23.159998042285814,40.11429783358195,23.160002053715484,40.114295517581944,-40.11429783358195,0.0,12953489.514445564,25216793.841194462,0.40917124761056145,0.4138434974482833,1.1341465994377307,1.4476508965916999,1.6446435631386032,3.9436200920604394,9630968.658799116,17.482563387352844,6.103800496090204,0.39567344884652683,-0.009030636389293516,16.95381095350153,0.7508614776165191,642986971.5405496,23.806126327591283,27769.350429291182,25313802.416908704,-6.407661309401312e-07,-3.312642287468442e-08,-16.1059992354645,23.816151915240717,120.20986567167462,120.210568663691,79.77788141682444,66401.44887897391,76704836.88256927,1.0196853265066992,0.3833192699415521,1.4141589624512758,3.336070296484481,0.37894172468489645,1.2390821844880255,3.2970610769598574,0.5231931275175065,5.417671461748407,-11.25,0.5255000000000001,0.38750000000000007,0.825625,0.2155,1.0033333333333334,1.0326666666666666
10.598966666666668,1.0736666666666668,13.530000000000001,12.38,247.0125,0.09594001450223902,-21.446666666666665,18.071666666666665,61.019999999999996,-61.019999999999996,2.1904917068093513e-07,30.509997420990505,52.84487162791819,30.510002705477522,52.84486857691818,-52.84487162791819,0.0,14211746.800133774,22045867.300045557,0.4035642505994481,0.40909755697395794,1.0753052072280627,1.3740701021775465,1.5789193036609679,3.921593622088583,10041360.68312891,24.797483816458605,6.633106078004575,0.6257555839004593,-0.018004042007777245,16.566725273074105,0.9583658717679747,659861240.0079424,20.582392990466293,24554.484233630898,22142822.702786237,-9.248199137302006e-07,-5.465370101529334e-08,-15.532845744318927,20.59346962494909,155.28114936442225,155.28801388570201,115.16225250481665,69636.41836742572,78802504.43887009,1.2178535885412587,0.37901128318435834,1.3553512319229575,3.319420544518266,0.3738125685370807,1.1743436452952174,3.282762820191576,0.5731560453466321,5.370082947608246,-6.816666666666666,0.12250000000000001,0.1855,0.935625,0.2925,0.8926666666666666,1.4100000000000001
7.133966666666667,0.897,13.27,11.726666666666667,243.4125,0.09665581359539963,-20.566666666666666,11.024999999999999,49.92,-49.92,1.7920246804969327e-07,24.95999789013186,43.23198937505205,24.96000221333068,43.231986879052045,-43.23198937505205,0.0,10743198.672559857,12406476.663945742,0.40533212878244607,0.4105870052581968,1.0932042313631185,1.396477285500646,1.5991100263495734,3.928101590695701,8650054.86438156,18.762860488387822,6.629699399550864,0.49250982876729815,-0.012363847158233156,12.414917403839832,0.8499521701947033,710545914.3246043,23.20760858667089,15241.99261063056,12503469.274565209,-8.605094459495385e-07,-5.7727111610500635e-08,-15.276921553863037,23.220714420172623,99.12197801697597,99.12842455668007,74.8590126925718,68621.52597889183,78169164.7679592,1.1670659390478109,0.38032111779617067,1.3733724958523779,3.324362309899252,0.3753892677457453,1.1940114473307224,3.2869698641405454,0.566708754659076,5.384293237482681,-3.5500000000000007,0.2155,0.22350000000000003,0.9181250000000001,0.9201666666666667,0.846,0.8606666666666667
10.330633333333335,0.8463333333333334,12.23,8.7,241.4625,0.0970598079682241,-16.113333333333333,9.881666666666668,47.88666666666667,-47.88666666666667,1.7190322222234868e-07,23.943331309404,41.4710710044069,23.943335456510987,41.471068610073566,-41.4710710044069,0.0,10492781.649055606,14303716.029767979,0.4064353935315746,0.4115442591285835,1.1030960214015113,1.4088919787303922,1.6102134431891038,3.931801419957339,8486321.473045252,16.985698880285494,8.970203850357645,0.3581452421309338,-0.013765866870760753,16.321442535231338,0.510439525530218,691985615.7405384,28.74822995470503,17140.402083025183,14400727.929316966,-6.223835408034696e-07,-3.61927246539949e-08,-12.467437942563656,28.759851414953154,94.18686487425506,94.18823672327038,61.98038466013042,68071.79260176931,77816744.05518009,1.1380331687458736,0.38103513000719974,1.3832772535708,3.327130400631656,0.3762449991807955,1.2049025779369757,3.289342181963463,0.5618139419348783,5.392091434517024,-13.683333333333334,0.3135,0.17850000000000002,0.9502083333333333,0.4138333333333334,1.0393333333333334,1.4566666666666668
11.590633333333335,1.0443333333333333,13.076666666666668,9.486666666666668,243.8375,0.09656921392173876,-17.153333333333332,19.378333333333334,50.82,-50.82,1.8243328177655072e-07,25.409997852093372,44.011412260419576,25.410002253234474,44.01140971941957,-44.011412260419576,0.0,13096158.482275136,19453006.576546524,0.4051949511323791,0.4104834863792983,1.0910692061393321,1.3938124713495446,1.5967199271614338,3.9273325741033522,9583488.380557071,18.361538052804047,6.5494058520205956,0.40259386705990646,-0.013052816686840765,17.48323988409367,0.6275502703950722,630018167.1256206,25.21452357741208,22140.47791949007,19550008.08857478,-6.640254773271721e-07,-4.172699100065771e-08,-11.865173603127921,25.22819030307045,113.83102092123576,113.83682998237589,75.88636042059717,68741.33966364933,78245008.47671847,1.1734547271977105,0.3801681765164043,1.3712284432477264,3.3237696708475317,0.3752050825488863,1.1916610959613563,3.2864636077506635,0.5677829075295062,5.382636819973367,-11.45,0.5975,0.2505,0.9522916666666666,0.7381666666666666,0.7406666666666666,0.9219999999999999
7.3556333333333335,0.7156666666666667,12.736666666666666,13.22,240.7375,0.09721363877803091,-17.1,11.491666666666667,60.553333333333335,-60.553333333333335,2.1737393393367573e-07,30.276664107380835,52.440726428097996,30.276669351453332,52.44072340043132,-52.440726428097996,0.0,10871417.659593133,12188218.222883094,0.40650671889554374,0.411556362600425,1.1067970603370014,1.4134951871599124,1.6143066255139198,3.9331132660571506,8671026.742882716,24.483428949216517,6.227299107585333,0.7939504533692328,-0.017937477842477026,12.871673733572669,1.1433571705058971,769110899.7464372,19.579403702100223,14948.28525217343,12285181.353881594,-9.680320756886902e-07,-5.991162731286162e-08,-12.512612925301536,19.59025792692593,118.21849882236266,118.22509791380433,88.88281414365466,67867.40455130067,77683939.96940583,1.1273534426589387,0.3812960061775659,1.3869782897761982,3.3281706676138354,0.37655835328345133,1.2089925090611533,3.2902371653984357,0.559984939375772,5.394927832742098,-9.983333333333333,0.17550000000000002,0.6355,0.921875,0.36483333333333334,0.8166666666666667,1.006
10.6223,0.789,12.696666666666667,7.54,236.6625,0.0980990019157579,-18.126666666666665,8.831666666666667,48.45333333333333,-48.45333333333333,1.7393743827259223e-07,24.226664618787172,41.96181874704571,24.22666881496893,41.961816324379036,-41.96181874704571,0.0,10794927.514943441,16124996.607676517,0.4086903131063844,0.41344483628957057,1.1281403188002985,1.440164754049138,1.6380286859055992,3.9413149321277543,8619309.188036904,17.88891569026308,7.784515248609656,0.3503552073113342,-0.013933434122334158,16.79915223011816,0.6054295847954417,673684595.1700531,26.550121302971178,18888.36207419578,16222000.329220884,-6.543467323022373e-07,-3.5965180408606175e-08,-14.440380545408878,26.560793474019786,101.90228385165935,101.90352983565506,68.93766732023074,66718.60275039074,76920281.13268192,1.043792265294498,0.382893267287289,1.408214037642097,3.3343279754916577,0.3784384759974686,1.2324683131554475,3.295550539237943,0.5320146204328157,5.412916959175849,-1.9833333333333343,0.2995,0.6095,0.8647916666666666,0.5281666666666667,1.1633333333333333,0.746
11.555633333333333,1.0450000000000002,11.47,13.526666666666667,235.9875,0.0982438203008168,-21.046666666666667,17.768333333333334,56.02,-56.02,2.011002055317271e-07,28.009997632315443,48.514744486987496,28.010002483789755,48.51474168598749,-48.514744486987496,0.0,13702819.82783207,22522674.330213454,0.4088296035854703,0.4135326392064204,1.1317356393616493,1.4446242577088861,1.6419702956544733,3.9426557262572635,9751791.16654438,21.80455167110057,7.042654853426912,0.37395352669937343,-0.017976684102641277,18.9085623031565,0.5073902760426967,593820139.7958269,29.323401142457996,25046.19052155701,22619646.30968029,-8.477448981447536e-07,-4.160237964747582e-08,-15.559505817414072,29.33546511935909,139.50027532951373,139.50667967327445,99.6753042921765,66528.31042754065,76791552.84985234,1.0292914612428516,0.3831489160551152,1.4117773610807278,3.3353706883766283,0.3787405340735114,1.2364296389492329,3.296453926946924,0.5267179153214487,5.4157694826882645,-8.883333333333333,0.26949999999999996,0.21050000000000002,0.8439583333333334,0.8105,1.0846666666666667,1.266
10.085633333333334,1.0090000000000001,14.223333333333333,11.086666666666666,246.4875,0.09604304146153599,-16.46,9.018333333333334,50.95333333333333,-50.95333333333333,1.8291192084719626e-07,25.476664513124707,44.12688231751106,25.476668925812817,44.126879769844386,-44.12688231751106,0.0,11055266.367882706,15845269.45823728,0.403918244293419,0.40941173548939436,1.0778756041660194,1.37731395740561,1.581840457927728,3.9225429524673854,8821548.577748898,18.806243960877858,8.83626285493996,0.7525069780524984,-0.011101318950174343,14.073172238005387,1.2082310323992433,849156910.3760233,20.894111764062647,18613.95163100092,15942266.866931934,-7.821085974025047e-07,-4.3784149481535995e-08,-12.75386587919288,20.90697559402794,107.1985402814119,107.20457411878512,76.64383507079556,69488.41322743123,78711435.54157843,1.2125879036745975,0.37919306000813247,1.3579407913196375,3.320117692576638,0.37403430663062087,1.1771723809569494,3.28335586426332,0.5737352694195632,5.372010449571475,-0.7833333333333314,0.2535,0.3425,0.8064583333333333,0.7801666666666666,0.942,1.3326666666666667
7.7289666666666665,0.8916666666666667,11.55,8.153333333333332,247.98749999999998,0.09575015680265712,-18.9,14.385000000000002,58.72,-58.72,2.1079264671229945e-07,29.359997518199975,50.85301314309007,29.360002603501147,50.853010207090065,-50.85301314309007,0.0,10807609.916855393,10997968.152026683,0.40317667813412544,0.4087887141469454,1.070553247510969,1.3681246434280936,1.5735466953418404,3.919922956140151,8553552.585268216,22.667013077325393,6.029010759186529,0.4256186498299041,-0.02405797173898977,14.973091949282209,0.6488358832329769,616430180.0340574,23.720762423449102,13805.78083675099,11094934.422277825,-8.956514878102451e-07,-6.150660566287421e-08,-13.563428198417318,23.736155198855073,109.33148337409858,109.33824014326711,82.16648178202448,69911.28505598701,78971915.32280698,1.2277116914822754,0.37866130794246833,1.3505466443700853,3.3181244568366997,0.37338869681616244,1.1691155683124037,3.2816625907822496,0.5721630982851023,5.36632075050034,-15.45,0.2565,0.21450000000000002,0.7827083333333333,0.35316666666666663,1.306,1.282
12.745633333333334,0.8063333333333333,13.296666666666667,12.22,242.0375,0.09694015294755409,-20.273333333333333,7.058333333333334,54.486666666666665,-54.486666666666665,1.9559585621930327e-07,27.243331030455085,47.18683883043541,27.243335749138836,47.18683610610207,-47.18683883043541,0.0,12792298.42934016,26697512.28806421,0.40594337497362365,0.4110920722246283,1.1001571920544624,1.4051803132861187,1.606893588378404,3.9306438581278504,9496967.394517291,21.316973331999037,5.145817484476665,0.4073010361975689,-0.01471796169597449,18.919720952903315,0.6539311491546782,596988942.0551199,22.963953123456857,29134.047776471176,26794486.319652524,-7.278593758677135e-07,-3.2102926911188674e-08,-16.77353091090021,22.975055463911055,146.17827359270356,146.18488274688136,96.90058166501277,68233.89346938235,77921418.9265641,1.1465485048951576,0.38081585028908244,1.3803384281721938,3.326299172277956,0.37598453140808163,1.2016696780699656,3.2886285996128657,0.5632559141776644,5.389658567146232,-13.783333333333333,0.5905,0.36150000000000004,0.9747916666666667,0.5421666666666667,1.1273333333333333,1.3473333333333333
9.443966666666666,1.0310000000000001,11.91,7.34,237.9875,0.09780550102010835,-18.313333333333333,19.938333333333333,56.88666666666667,-56.88666666666667,2.0421135949092318e-07,28.44333092901912,49.26529985808215,28.44333585554897,49.265297013748814,-49.26529985808215,0.0,12299506.806878928,14874622.32544969,0.4079174401811897,0.4127664874546665,1.121120174772263,1.431391716519016,1.6302421905248867,3.9385921205259895,9165810.589348765,21.88667225353129,6.403337633541076,0.3985261809882988,-0.021243856255843976,17.27285959103712,0.5718862046193972,632579021.5970463,24.583119122031707,17598.679182990596,14971598.501454514,-7.698927968692656e-07,-5.349793349652095e-08,-12.491655332592616,24.594609188246707,115.11870284793946,115.12471791570775,80.89626412427168,67092.13953228168,77171959.99051474,1.0725823464065578,0.382390726087528,1.401250620752172,3.3323039302905593,0.37784431436248916,1.224752897920144,3.2938021434649656,0.5425935692105149,5.4073144576669705,-8.916666666666666,0.3145,0.20450000000000002,0.8714583333333333,1.0718333333333334,1.458,1.0153333333333334
6.748966666666666,0.9803333333333334,14.15,9.566666666666666,248.66250000000002,0.09562119584376876,-16.366666666666667,20.031666666666666,56.75333333333334,-56.75333333333334,2.037327204202776e-07,28.376664267987785,49.149829800990666,28.37666918297063,49.149826963323996,-49.149829800990666,0.0,11904080.909411293,10865221.143280884,0.4028491517557458,0.40851512436102716,1.0672847157345484,1.3640250193313341,1.5698369992536307,3.9187651785469013,9158100.666084964,21.261215020104217,8.415827566479704,1.102520689207163,-0.01437017388967534,11.866959472815939,1.6495993744896995,1078492837.6212063,18.397229285511063,13715.821929419155,10962202.22737283,-9.451961475227969e-07,-8.038893722865693e-08,-9.65116618102946,18.410138427318085,104.0026230300112,104.00957912173254,81.80031186534708,70101.57737883712,79086913.99910817,1.2345495306399372,0.3784274635194689,1.3472415371994058,3.317243471324937,0.373102991165348,1.1655234249167208,3.2809164052856343,0.5714859281660014,5.363846751197309,-5.616666666666665,0.23450000000000001,0.1325,0.8560416666666667,0.22483333333333333,0.8846666666666666,0.762
11.6723,0.9116666666666666,13.05,13.886666666666667,235.3625,0.09838174541510299,-22.406666666666666,15.225,56.22,-56.22,2.0181816413769542e-07,28.10999762386244,48.687949572624724,28.110002492657266,48.687946761624715,-48.687949572624724,0.0,13804835.960439822,23625628.287628837,0.40911040097416185,0.41376810671748604,1.1350822601596038,1.448798812203457,1.645654000513471,3.943949156588487,9850638.224476792,22.89613929289208,4.931204131583062,0.37907888932545875,-0.01533270565315684,17.086329910713648,0.6514982995822881,555869821.9328365,23.234978676969803,26108.533830861445,23722595.375446267,-8.610555814967802e-07,-4.544547386103876e-08,-16.980146530045005,23.24457435274626,146.98506260533424,146.99172714227504,105.20172193351286,66352.11383230906,76671011.36050381,1.0159628157034697,0.38338548564091746,1.4150864266168421,3.3363433201356716,0.3790199100007278,1.2401162182885752,3.2972982377188416,0.5218243524581151,5.418410954094546,-8.35,0.1395,0.4015000000000001,0.7564583333333333,0.9038333333333334,0.9353333333333333,1.2086666666666668
9.175633333333334,0.927,13.503333333333334,12.74,240.0875,0.09735263616056315,-16.846666666666664,18.818333333333335,57.85333333333334,-57.85333333333334,2.076814927531034e-07,28.9266642214963,50.102457771995425,28.92666923174194,50.10245487932875,-50.102457771995425,0.0,12786257.77966143,15549071.015992356,0.40681006722235263,0.4118104962084449,1.1101355251877583,1.4176832899080436,1.6180246338608686,3.934361148334926,9470755.096786728,22.706967233529586,5.810128629381692,0.7187558598172366,-0.014758239728407486,14.107601546497072,1.0390898420082537,733061539.1080246,20.062141839646134,18258.92455792232,15646046.681321293,-8.82669358147298e-07,-5.912908502986463e-08,-11.093652786613134,20.07267660954594,121.66251471654111,121.66872641028186,89.05039558897334,67684.16009225983,77564386.66666088,1.1178317086160352,0.381529878496338,1.390307004109783,3.3291106067807243,0.37683907389460597,1.2126792197325456,3.2910474581895,0.5583395701413436,5.397473499979886,-18.983333333333334,0.38650000000000007,0.2925,0.916875,1.1558333333333333,0.9646666666666666,1.366
8.0673,1.0536666666666668,11.116666666666667,6.18,245.9625,0.09614522111963678,-21.766666666666666,19.891666666666666,59.486666666666665,-59.486666666666665,2.1354482136851133e-07,29.74333081913015,51.51696597136611,29.743335970826607,51.51696299703277,-51.51696597136611,0.0,11864893.162108835,12508461.967858545,0.4040978329651563,0.4095493618176764,1.080467887373202,1.3805459402472835,1.5847629887642525,3.923464769054615,8954502.490573073,23.288938845708955,6.236365204817109,0.33115431469068796,-0.028901071688288926,16.995693997674188,0.5262894676785822,577989269.001777,25.93437924061057,15260.518979649756,12605422.101522703,-8.485664618990001e-07,-6.431138195972167e-08,-15.063468297087686,25.949784912669806,117.8035716009171,117.81020031431487,88.02077409326304,69340.40808743669,78619954.05311564,1.2057298758465116,0.37939113166418453,1.3605602661613734,3.3208364565566697,0.374271224926389,1.1800207905986055,3.283966651596168,0.5732176176468203,5.374185487726126,-8.049999999999999,0.6385,0.29750000000000004,0.8302083333333333,0.25283333333333335,1.3313333333333333,1.0353333333333334
9.023966666666666,0.817,11.223333333333333,10.113333333333333,239.96249999999998,0.09737692973723963,-19.606666666666666,19.611666666666668,49.053333333333335,-49.053333333333335,1.760913140904972e-07,24.526664593428183,42.481434003957396,24.526668841571464,42.481431551290726,-42.481434003957396,0.0,11446696.339935023,11889184.967126705,0.4070785771701957,0.4120745076269726,1.1107806978902672,1.4185255391330773,1.618767042405879,3.9347100089869276,8799838.77328152,17.018585074707786,11.848324930609584,0.3041005811755569,-0.01719622607905176,15.22081711044372,0.3862892164510032,749980069.5745794,34.85822669987904,14759.057279209354,11986187.974192284,-7.445678843710468e-07,-5.2982483630468833e-08,-13.086427425941023,34.870334104959085,91.87004501708459,91.8717704273037,64.77710056924073,67648.9207732135,77541242.96704918,1.1160065230225438,0.3816414283907438,1.3909520413292789,3.3293438824201096,0.37695705372313754,1.2134007000545697,3.291256860914465,0.5580202208826137,5.398980730419215,-15.416666666666666,0.4335,0.1875,0.7747916666666667,1.1721666666666668,1.162,0.9366666666666666
6.923966666666667,0.8456666666666667,12.576666666666666,7.3533333333333335,246.46249999999998,0.09604797047750216,-17.71333333333333,17.698333333333334,42.18666666666667,-42.18666666666667,1.5144140195225147e-07,21.093331550314424,36.53472606374591,21.09333520378693,36.53472395441257,-36.53472606374591,0.0,10150461.456070809,7919638.04669952,0.4041057423728642,0.40960064812648395,1.07800243799144,1.377501011370828,1.5820104419219991,3.922646216785504,8359285.181599196,13.688167129155165,13.346406983956351,0.30044092765624186,-0.012885594889144068,11.831238087827096,0.5036259244522084,834403970.6125473,35.0758509450449,10993.471673408345,8016678.355970465,-7.398550922815032e-07,-6.479070800235561e-08,-10.983607072770134,35.07203425265524,66.23571575495814,66.23936140228356,49.419558321908426,69481.36536362194,78707084.74610835,1.2123370604522539,0.3792017268196936,1.3580642861439347,3.320151004627456,0.3740448728081744,1.1773073951663307,3.2833842234404527,0.5737610342292109,5.372102459664569,-6.616666666666667,0.5805,0.4395,0.9485416666666666,0.5001666666666668,1.3406666666666667,1.1046666666666667
12.605633333333333,0.7316666666666667,14.256666666666668,13.513333333333334,244.01250000000002,0.09653368910267895,-20.02,17.02166666666667,59.986666666666665,-59.986666666666665,2.1533971788343215e-07,29.993330797997658,51.94997868545918,29.993335992995384,51.94997568612584,-51.94997868545918,0.0,14812207.298472347,27329437.282239478,0.4049593835563164,0.41025886953381563,1.0901879358933395,1.3926867372994383,1.5957078337081705,3.9269687000937177,10337046.1720445,24.19773329467489,5.590506059736151,0.6004425887996404,-0.015143933309651452,17.533092391487912,0.9484014328601799,614881943.7996354,20.26556703546408,29719.579243156233,27426398.349903245,-8.893573323376365e-07,-4.6345583858361907e-08,-14.826934661524152,20.27514718450283,164.8028211225081,164.8097991694019,119.11433272872048,68790.67471031415,78276171.21640894,1.1760917674127227,0.3801052006271387,1.3703468660115883,3.32352647045885,0.37512921693551543,1.1906955761387374,3.2862560214446863,0.5682252118965309,5.3819550810189964,-14.95,0.5185,0.5245,0.984375,0.6331666666666667,0.7739999999999999,1.238
11.695633333333333,0.785,11.73,7.326666666666666,240.6625,0.09722967456812252,-17.406666666666666,8.668333333333333,52.986666666666665,-52.986666666666665,1.9021116667454086e-07,26.493331093852564,45.887800688156204,26.49333568263251,45.887798038822865,-45.887800688156204,0.0,11163769.135743916,18906054.869542822,0.40668634596910336,0.41173240920153764,1.1071844718372028,1.4140009034411036,1.6147573533283153,3.933290301167508,8717116.023063255,19.737831988402068,7.681994541759414,0.39348067460617775,-0.01919726156471894,19.911800304349384,0.5800339179713442,662528300.0014586,27.61634545472933,21564.288402481066,19003041.82241771,-6.447248139117516e-07,-3.2308783737508016e-08,-14.041620274234406,27.62945961662198,118.80190232924988,118.80777560698887,76.88847561802216,67846.26095987286,77670129.00220068,1.1262522323904456,0.38132299331456837,1.3873618831061811,3.328278774525481,0.3765907553027834,1.2094169391077336,3.2903302785644364,0.5597953644812617,5.395221438456566,-19.316666666666666,0.3055,0.48250000000000004,0.906875,1.4008333333333334,0.9486666666666667,1.03
7.7523,0.803,13.583333333333334,12.806666666666667,236.0125,0.09823836585046297,-19.39333333333333,19.681666666666665,50.120000000000005,-50.120000000000005,1.799204266556616e-07,25.059997881678864,43.40519446068928,25.06000222219819,43.40519195468927,-43.40519446068928,0.0,12347895.588981535,13339610.940552128,0.4088626888455475,0.41356829843639303,1.131603043217784,1.4444663596222633,1.641831653676501,3.9426212566203573,9310159.927391907,18.861667932462932,6.78257853841074,0.5062145438431064,-0.0110358260658517,12.482190378469223,0.8477507447698207,727162025.6477127,23.021371372649007,16157.762029863397,13436609.999865722,-8.380841037991535e-07,-6.35331571250665e-08,-12.431813174139926,23.03203940849966,100.2368203712802,100.24292642327437,74.86437475334091,66535.35829134991,76796355.35031122,1.0298265886287592,0.3831394550666059,1.4116451845317803,3.335331928403111,0.37872935718176465,1.2362825404051623,3.296420313822668,0.5269138643867748,5.415663903780039,-16.183333333333334,0.1795,0.37050000000000005,0.8639583333333334,1.3075,1.1713333333333333,0.9633333333333334
9.2573,0.833,10.816666666666666,13.38,247.91249999999997,0.09576452596624227,-23.86,9.905000000000001,43.086666666666666,-43.086666666666666,1.546722156791089e-07,21.543331512275934,37.31414894911343,21.543335243690727,37.31414679478009,-37.31414894911343,0.0,10497349.078781253,13312934.766843326,0.40347240568608406,0.40908305502815495,1.0709231507323145,1.368626345356116,1.5740016707728146,3.9201215909481086,8440523.600866364,14.745657604731614,20.597045708260474,0.23555021116596245,-0.023415977204177582,14.634138217775597,0.36716009370597247,1021802030.6411587,48.750727715841776,16189.632062893414,13409949.141954385,-6.94425025253882e-07,-4.0411382919242274e-08,-18.526267186843896,48.73104772665512,88.35943076673222,88.36100006187891,59.791418834808034,69890.1414645592,78959124.71095967,1.2269534272173679,0.3786872984143109,1.3509145782064709,3.3182227665138684,0.3734204345269863,1.1695158640166756,3.2817459313611073,0.5722387553508687,5.366595922756395,-17.983333333333334,0.5645,0.1765,0.8402083333333333,1.4171666666666667,1.066,1.042
10.458966666666667,0.9623333333333334,14.17,7.166666666666667,239.6875,0.09743603860240979,-17.9,9.438333333333333,50.653333333333336,-50.653333333333336,1.8183498293824379e-07,25.326664525804205,43.86707468905522,25.32666891251155,43.867072156388545,-43.86707468905522,0.0,11421599.210863836,17712599.69606258,0.40715351774500264,0.4121280427534627,1.1122093264678934,1.4202967418084105,1.6203486305253916,3.935225291778772,8956222.202890834,19.097244572614144,6.9674172655296545,0.6734282863034186,-0.012498741316944924,15.788276859367867,1.092077419139033,732207833.7577604,21.333417227850255,20419.995397101404,17809595.024938982,-7.09125064239847e-07,-4.072035732303304e-08,-14.096694723420622,21.344126344713775,111.76152911425656,111.76752572671714,78.5676447953921,67571.39427131163,77490128.65532282,1.1101311095283621,0.38174516926249435,1.3923784493287272,3.3297511511381397,0.3770801549562218,1.2149704758769782,3.291606499447002,0.5560818003411285,5.400130442733337,-5.416666666666664,0.4065,0.4335,0.9864583333333333,0.5095,1.0886666666666667,1.0846666666666667
8.965633333333333,0.7956666666666666,13.57,8.713333333333335,246.7375,0.09599372991230257,-19.686666666666667,17.09166666666667,59.82,-59.82,2.1474141904512522e-07,29.90999747170849,51.805641114094826,29.910002652272457,51.805638123094816,-51.805641114094826,0.0,12879957.59149164,17113648.641841754,0.40370914220801996,0.4092208909037559,1.0766498037165289,1.3757607617419478,1.5804422863534693,3.922079452430616,9518009.956856359,23.72824509594787,5.430883186398839,0.7155927726945713,-0.01882130353633043,15.63864342461622,1.0519099969119692,707396821.051877,19.597915847000312,19760.24312576672,17210610.967381984,-8.617730309371381e-07,-5.8020505084246716e-08,-14.080435346132177,19.609520360016006,134.16605703863218,134.17264468918322,100.26596922019007,69558.89186552384,78754976.67239748,1.2150882476347618,0.37910655607426336,1.3567070425546868,3.319785289146075,0.37392878381480066,1.1758239294706518,3.2830729655465865,0.573437553084751,5.371093409044569,-11.35,0.2835,0.1125,0.785625,1.2211666666666667,1.362,0.734
10.7623,0.7356666666666667,13.983333333333334,9.673333333333334,238.21250000000003,0.09775603501776675,-18.740000000000002,13.381666666666668,59.42,-59.42,2.1330550183318857e-07,29.709997488614487,51.45923094282037,29.71000263453744,51.45922797182036,-51.45923094282037,0.0,13143549.332377015,21795602.08893443,0.4077558661315616,0.41262047520670925,1.1199336521216587,1.4299041424739336,1.628918003812897,3.9381217981294356,9644167.250151426,24.220967966388766,5.277023833366833,0.7012449517451712,-0.017064099837785958,17.11284667833433,1.0608365046442123,708131175.1725668,19.40821400334082,24319.328181925575,21892566.04354416,-8.129430307604436e-07,-4.54791385775857e-08,-14.284538010227399,19.41690679407472,146.4429137420248,146.4494502314677,104.5736641557813,67155.57030656507,77214370.56320989,1.0775125468876467,0.38230535307584956,1.4000723921662324,3.3319632588239214,0.3777433112486403,1.2234506996756702,3.293508523902329,0.5443739035223583,5.406363679085199,-19.783333333333335,0.25150000000000006,0.1595,0.871875,1.2258333333333333,1.4526666666666668,1.3033333333333332
10.808966666666667,0.8796666666666667,13.656666666666666,6.366666666666667,242.6625,0.09681004800003469,-23.793333333333333,12.985,46.486666666666665,-46.486666666666665,1.6687751198057038e-07,23.243331368574978,40.258635404946304,23.243335394438407,40.25863308061297,-40.258635404946304,0.0,12303506.453885607,19447970.507876772,0.4057205777145219,0.41091828164807076,1.0969902219950736,1.4012224086442167,1.6033585296362887,3.9294949640546655,9286255.195913017,17.1965050551987,6.728457389795066,0.31041747385802737,-0.012396953350020851,16.77321199111039,0.6013033459928167,660433521.2736926,25.876084444152077,22130.5100763076,19544970.726745144,-6.79970695084814e-07,-4.253977327430876e-08,-18.466539035190642,25.888865812097155,108.96227848052472,108.96346298354622,77.0869282591292,68410.09006461393,78034532.55709314,1.1558442506403321,0.3805909897557684,1.3771665648173705,3.3254150719740845,0.37571408037471754,1.1981784194189817,3.287870658708916,0.5648132089834942,5.387218664510808,-1.18333333333333,0.24250000000000002,0.2875,0.763125,1.2958333333333334,0.7273333333333333,0.998
7.028966666666666,1.0896666666666668,10.696666666666667,9.553333333333335,239.7875,0.0974145339169234,-17.526666666666667,7.128333333333333,57.45333333333333,-57.45333333333333,2.0624557554116673e-07,28.726664238402293,49.75604760072096,28.726669214006915,49.756044728054285,-49.75604760072096,0.0,9232377.809936529,8627554.187523603,0.4070831908056687,0.41206494505850544,1.1116877285798423,1.419646418295226,1.6197672112556047,3.93503305550362,7873654.791951738,22.315079604352857,7.743567583364786,0.38092989563189433,-0.024691300099718424,14.02046266443824,0.5342063898282322,647231016.1865157,26.013799397041932,11490.916850075093,8724524.294888895,-8.1264960740242e-07,-5.670370415276665e-08,-13.542886708429224,26.026171316137763,96.91578910898387,96.9224520086085,69.6492304707778,67599.58572654867,77508743.14634816,1.1123611580204833,0.3817071532779254,1.3918587164426994,3.329602493654993,0.37703512626154334,1.2143990819229447,3.2914789613873774,0.5568796924802129,5.3997077752987686,-3.616666666666667,0.38150000000000006,0.1095,0.779375,0.8945,1.194,1.0113333333333334
12.955633333333335,0.9996666666666667,13.396666666666667,7.82,245.4125,0.09625409814503609,-16.58,19.915,55.32,-55.32,1.9858735041083795e-07,27.65999766190093,47.9085266872572,27.660002452753467,47.90852392125719,-47.9085266872572,0.0,13957372.158777982,24511479.7748025,0.40439221945992004,0.4098013327368765,1.0831957355454225,1.3839593294846022,1.5878448666405462,3.924450463959731,9937358.923729163,20.721551374900653,5.468628547003611,0.5066723439222905,-0.015584872648277685,19.830627480633968,0.7796428889893647,637668280.5582207,22.841366489424054,27036.538747301,24608465.426716343,-6.927068256937417e-07,-3.9363842183579406e-08,-11.642475905730638,22.85375125269145,137.20799495644232,137.214220419221,90.98601956650836,69185.35508363286,78523522.1159546,1.1973249414240168,0.3795890559068005,1.3633079133727841,3.321585823453548,0.37451009313632944,1.1830134690949943,3.2846032480778824,0.5718267534807959,5.376322166653958,-0.9499999999999957,0.30650000000000005,0.6955,0.7547916666666666,0.8291666666666666,0.8233333333333333,0.9286666666666666
12.337300000000003,1.0263333333333335,11.33,6.553333333333334,235.91250000000002,0.0982602099978014,-17.246666666666666,9.788333333333334,54.42,-54.42,1.953565366839805e-07,27.20999769993942,47.12910380188968,27.21000241284967,47.12910108088967,-47.12910380188968,0.0,11965326.492036348,22770162.364618104,0.4089434789569855,0.4136421359388655,1.132137985556978,1.4451373278076491,1.6424243917524586,3.942829860606509,9036471.216545258,20.48730924320972,8.517407614319447,0.5003619138156377,-0.021937600934447764,22.91667916362933,0.6768538649316463,706937672.9878519,30.08457731820504,25315.049383146954,22867144.897507615,-6.799061226559135e-07,-3.02880632824211e-08,-13.882698749235104,30.096973008311494,131.64657443463597,131.65267679168238,87.46821401454717,66507.16683611287,76777139.58459818,1.0276870905033921,0.3831773100247965,1.4121739425908013,3.335487034809275,0.3787740740774685,1.2368710951416102,3.2965548463783887,0.5261301882770324,5.416086425246571,-12.649999999999999,0.39949999999999997,0.5765,0.9839583333333334,0.7825,1.4380000000000002,1.4353333333333333
13.433966666666667,0.9610000000000001,14.276666666666667,13.5,242.5125,0.09684117027614236,-18.7,17.348333333333336,60.22,-60.22,2.1617733625706187e-07,30.109997454802496,52.152051285369275,30.11000267000748,52.15204827436927,-52.152051285369275,0.0,15046361.988485172,29005749.935797274,0.4056506314628685,0.4108345613708025,1.0977464709695979,1.4021491744418768,1.6041857999958782,3.929735433617053,10423757.469676383,24.171934530167583,5.629935762107887,0.6169601911790539,-0.014934321312160286,18.24626801524552,0.9044027417528225,627190564.1981093,20.3749492622835,31358.73995343962,29102713.258717567,-8.674380918824166e-07,-4.358688556971633e-08,-13.755259274899176,20.383966918386857,166.36980270716194,166.37672496498195,116.79541523945672,68367.80288175834,78007438.24292693,1.153608016345232,0.3806449704317393,1.377927012840071,3.3256267078311614,0.37577901633385363,1.199014729488612,3.288051959486309,0.5644340999328814,5.387804253082143,-6.916666666666666,0.2875,0.1645,0.8760416666666666,0.5725,1.174,1.3206666666666667
13.503966666666667,0.721,13.556666666666667,10.993333333333334,238.61250000000004,0.09766854215998336,-18.686666666666667,20.918333333333337,59.620000000000005,-59.620000000000005,2.1402346043915692e-07,29.80999748016149,51.6324360284576,29.81000264340495,51.63243304745759,-51.6324360284576,0.0,15493521.991668511,30244250.95902498,0.4075650763324283,0.41245894852378245,1.1178308070324359,1.427283334019269,1.6265840571677586,3.937321140818831,10578227.532434886,23.87468326953595,4.916331681370144,0.5449801259335822,-0.01694614340401245,20.520779421260322,0.7988655690572105,633507417.7263429,21.880684834897465,32569.986962972904,30341217.774592556,-7.556614611381916e-07,-3.994706406046393e-08,-13.381925975964462,21.88929571080308,165.56657590275663,165.5734062084248,110.47264821084327,67268.3361275133,77289526.79822056,1.0863071967772724,0.3821535119647384,1.39798072558897,3.3313597255983147,0.3775636327603271,1.221141289708364,3.2929888082591257,0.5475424031143462,5.404673145288976,-1.4833333333333307,0.10450000000000001,0.47450000000000003,0.9310416666666667,1.4405000000000001,1.0633333333333335,1.4473333333333334
12.395633333333334,0.8856666666666667,12.49,12.260000000000002,249.48749999999998,0.09546611515395292,-22.7,9.555,46.75333333333333,-46.75333333333333,1.678347901218615e-07,23.37666469063765,40.489575519129275,23.37666873959509,40.4895731814626,-40.489575519129275,0.0,12431311.195585983,23085810.834294043,0.4026385015133087,0.4083734367589802,1.0633067954515754,1.35906987180374,1.5653356550710287,3.9173991065247824,9325379.45928129,16.99481984465526,7.760627584662088,0.25920929648148266,-0.012344721880311136,18.234113980819124,0.5217219423799783,629874968.4103605,30.08600452063121,25688.893684716473,23182810.843787383,-6.408219712679938e-07,-3.1715816216465575e-08,-18.334250628223124,30.103104555474363,118.58939316292918,118.5902264555048,77.59645575278047,70334.15688454277,79226747.09228368,1.2429625521838368,0.37812948900469334,1.343204465496579,3.3161637943911857,0.3727419940606093,1.1611532896739067,3.2800036799000436,0.570672676851069,5.360643601023317,-11.883333333333333,0.5635,0.5885,0.811875,0.9388333333333334,0.746,0.706
12.022300000000001,0.915,14.350000000000001,8.26,240.0375,0.0973634201067329,-16.06,13.055,47.653333333333336,-47.653333333333336,1.7106560384871896e-07,23.826664652599163,41.268998404496806,23.826668779498892,41.268996021830134,-41.268998404496806,0.0,12116673.008750701,19727986.913721647,0.4070007282651667,0.41199983207432406,1.110396406331876,1.4180337797639486,1.6183371681317038,3.9344981186075882,9261476.05823501,17.305486644205338,6.503242242548528,0.4980200474024842,-0.010019512987627707,16.47449943891562,0.7998932496495152,719646519.2085052,22.88795121284369,22437.862399532663,19825001.699009303,-6.321060818562739e-07,-3.655449727151912e-08,-12.038381783320261,22.89892960677151,106.31582105835922,106.31680518250293,70.35980812550677,67670.0643646413,77555131.88371964,1.1171014588822799,0.38154787480672725,1.3905634954205015,3.329183207759532,0.3768606647536464,1.212963576938111,3.291110102336161,0.5582131864349849,5.39766950771479,-15.116666666666667,0.36450000000000005,0.4045000000000001,0.994375,0.7008333333333333,0.982,0.7006666666666667
10.388966666666667,0.775,11.41,11.246666666666666,245.4625,0.09624416125641272,-16.246666666666666,14.128333333333334,54.25333333333334,-54.25333333333334,1.9475823784567358e-07,27.126664373650254,46.984766230525324,27.126669072126745,46.984763517858646,-46.984766230525324,0.0,11263015.305176143,14745368.307390288,0.40442180577943637,0.40983582951203806,1.0829484123369157,1.383659234444194,1.5875747290731468,3.9243803550129113,8743473.651923744,19.82047810522946,7.575450552301711,0.3915959525681099,-0.017667377672904872,16.685652581442678,0.5262079101415323,632790587.9695785,27.772307966455134,17513.69975043456,14842355.87773584,-7.55829716368673e-07,-4.2696739116338646e-08,-11.830095445289603,27.787767698019216,109.04226088167597,109.04808285101463,73.71800336868856,69199.45081125142,78532310.92399125,1.1980874342954182,0.379571060668169,1.3630578541043152,3.321517512013389,0.37448838102615545,1.182740872817608,3.284545173246601,0.5719531074776598,5.37612780326688,-17.95,0.6485000000000001,0.20750000000000002,0.8972916666666667,0.1945,1.4513333333333334,0.7886666666666666
7.7873,0.7923333333333333,11.31,7.140000000000001,236.16250000000002,0.09820573404274449,-22.3,13.475000000000001,58.553333333333335,-58.553333333333335,2.1019434787399252e-07,29.276664191910807,50.70867557172571,29.276669262778224,50.70867264405904,-50.70867557172571,0.0,11101705.41557093,12436338.874132719,0.40875714708015437,0.41347307229173874,1.1308011927460642,1.443460758307866,1.6409424864513023,3.9423011191167308,8654035.365213133,23.79687245189575,6.394477445023709,0.357369767265513,-0.02694426831233611,16.231045917221806,0.5622372193780021,595978757.3516011,24.85114197563743,15172.338145164027,12533297.89565132,-8.523933473304852e-07,-5.7681641019255416e-08,-16.773674238013555,24.862372338187114,116.48832452951703,116.49490373153301,86.67697363980594,66577.64547420549,76825149.98559287,1.0330403374618626,0.383082650006452,1.4108525015435576,3.335099588337092,0.3786622542877649,1.235400640067497,3.2962188777538004,0.528089978763084,5.415029883895311,-12.416666666666668,0.6335,0.6715,0.9235416666666667,0.9271666666666666,1.082,0.8366666666666667
12.920633333333335,0.9856666666666667,13.423333333333334,6.26,246.8125,0.09597901706641515,-16.7,20.73166666666667,53.620000000000005,-53.620000000000005,1.9248470226010725e-07,26.80999773375141,46.436283459340764,26.81000237737963,46.43628077834076,-46.436283459340764,0.0,13727454.85500972,23486450.595607877,0.40376263867259915,0.4092818196115374,1.076284873848683,1.3753151179667442,1.580041463828489,3.921970259028095,9842955.212167442,19.657503707879034,5.693539844149528,0.4755751408902894,-0.01503171554440329,19.764483270993622,0.7456868079121165,638183477.3987757,23.488521446272816,26055.400369729196,23583442.711257696,-6.750773250077391e-07,-3.9941073826725114e-08,-11.602988633994821,23.501946497900438,129.90840295879863,129.9145017621462,86.29305495723212,69580.03545695163,78767985.08404815,1.215841942655164,0.3790805675628282,1.3563370743205891,3.3196856931329863,0.3738970891965571,1.1754199270244556,3.282988265138373,0.5733606692978059,5.37081771243009,-16.28333333333333,0.2285,0.5755,0.9535416666666667,0.15716666666666668,0.8766666666666666,1.29
8.113966666666666,0.759,10.503333333333334,7.726666666666667,241.28750000000002,0.09709683654345042,-21.166666666666668,17.628333333333334,41.653333333333336,-41.653333333333336,1.4952684566966928e-07,20.826664906189084,36.07284583537997,20.826668513473567,36.0728437527133,-36.07284583537997,0.0,10271061.308725778,9121986.560355693,0.4066546390026243,0.41175270012308,1.103993012189599,1.4100375539142804,1.6112355163054937,3.932180391444191,8309829.737655125,67.89754988872338,175.27273936907815,0.47069311604139885,-2.05230356634782,14.954560366608272,1.2867047971830938,1927202852.4923534,136.29508085515195,12141.210982738248,9219020.088994317,-6.297750839279723e-07,-5.02261091222765e-08,-14.459319450637652,136.44144968813563,69.35207756663223,69.36094302791597,48.65159513529274,68022.45755510445,77784730.06451653,1.135449647153976,0.38109809214175994,1.384169458351472,3.3273807088104252,0.3763206518399258,1.2058877035308646,3.289557368009455,0.5613715739956902,5.392775680446167,-16.65,0.1865,0.49250000000000005,0.9602083333333333,1.0135,1.3966666666666667,1.082
9.6423,0.911,13.23,10.38,244.88750000000002,0.09635857095667054,-23.34,17.605,47.35333333333333,-47.35333333333333,1.6998866593976646e-07,23.676664665278658,41.00919077604096,23.676668766197622,41.009188408374285,-41.00919077604096,0.0,12638898.052895151,16634410.916644946,0.4046579417066803,0.4100266777246752,1.085809037568276,1.3872300837345788,1.5907936919695678,3.925403855414405,9397180.191668546,17.246813940158493,6.820044259392659,0.29113365477826714,-0.011984523794727534,14.847272355074159,0.570954228730884,614740990.5480664,26.827717163503785,19388.154317157012,16731410.877184812,-7.632148306941406e-07,-5.21581150554023e-08,-16.714233997253878,26.842133442586945,104.48261566685639,104.48407763561643,76.2012346274642,69037.34994363837,78431228.01865648,1.1893266225683394,0.3797781549417767,1.3659377846669933,3.3223056661699952,0.3747381312137474,1.185882260576781,3.285215580860656,0.570418659514747,5.378366235446667,-18.716666666666665,0.6645,0.5715,0.7885416666666667,0.17583333333333334,1.3286666666666667,0.8033333333333333
6.8539666666666665,0.7636666666666666,14.336666666666666,8.033333333333333,238.88750000000002,0.09760872799536224,-19.66,13.755,45.986666666666665,-45.986666666666665,1.650826154656496e-07,22.993331389707475,39.82562269085324,22.99333537226963,39.8256203915199,-39.82562269085324,0.0,10767325.21033265,11463604.27997417,0.4075354871312576,0.4124512731801637,1.1163904757513285,1.4255053111858786,1.625000474127605,3.9368094672672105,8704034.81047274,16.839635660736107,7.094180009874147,0.5389892947165327,-0.009927054645216583,11.82545866384076,0.9391712200439639,756283813.1022787,22.807590870228747,14369.735906913043,11560617.842814133,-8.083696616168714e-07,-6.190701715377556e-08,-13.863743689519266,22.818605598596367,86.91385756570698,86.91642406347508,67.37747072283688,67345.86262941519,77341012.95618302,1.0923755971946223,0.38204908996128695,1.396544955701413,3.33094637830538,0.37744003370926005,1.2195577385858885,3.2926331977385073,0.5497232739773925,5.403510979421836,-1.1166666666666671,0.40249999999999997,0.1845,0.7989583333333333,0.5958333333333333,1.4206666666666667,1.2886666666666666
7.5773,0.8036666666666666,12.856666666666667,6.673333333333334,249.38750000000002,0.09548494340915038,-17.686666666666667,9.228333333333333,59.85333333333334,-59.85333333333334,2.1486107881278664e-07,29.926664136966327,51.8345086283677,29.926669320417044,51.83450563570103,-51.8345086283677,0.0,10414558.52043997,11956443.461259767,0.40252375165660587,0.4082478750015757,1.0637838298409334,1.359645092211526,1.5658574765371625,3.917529916210615,8479021.928648993,23.484301996282266,6.030750892106454,0.7771493568754739,-0.02174217780249423,14.434214421768605,1.1422948699205642,762827206.6102179,19.571595439785327,14734.387997030224,12053406.485898249,-8.851879371505537e-07,-5.623030891037992e-08,-13.67657678096376,19.584912357008612,115.54542899472551,115.55226274577018,87.53892285697577,70305.96542930577,79209860.78121346,1.2419436541386575,0.37816412769922175,1.3436915241167577,3.3162927111577463,0.3727843685201477,1.1616808320776633,3.280112553408869,0.5707713505960067,5.3610093488018125,-14.216666666666667,0.2985,0.47650000000000003,0.8997916666666667,0.9155,1.4166666666666667,0.902
10.540633333333334,0.8203333333333334,12.723333333333333,8.966666666666667,240.2875,0.09730960047107885,-20.62,13.101666666666667,60.42,-60.42,2.168952948630302e-07,30.209997446349497,52.32525637100651,30.21000267887499,52.3252533500065,-52.32525637100651,0.0,12868085.06557154,20785688.64036629,0.40670860679477877,0.4117239608223908,1.1091066106128187,1.4163902273240705,1.6168772894591508,3.9339699873516567,9453526.043241207,24.79238391641814,4.97145453524864,0.5311139314828263,-0.0218147652734344,18.381363297584386,0.824609024342037,616280796.6260873,21.624684812380085,23318.79489027106,20882645.396986987,-8.15735909532017e-07,-4.4874924276611664e-08,-15.971721229837156,21.634878937523567,147.33215821091434,147.33874902024502,104.74488370861602,67740.54300273393,77601347.48492216,1.120756139528976,0.3814579199511338,1.389281703476518,3.3288206525100574,0.3767527204410768,1.2115428238265906,3.2907973331051954,0.5588451034124914,5.396690015819032,-7.116666666666664,0.5525,0.49750000000000005,0.7535416666666667,0.9598333333333334,0.854,0.8806666666666666
11.240633333333335,0.9183333333333334,13.25,7.153333333333333,246.61249999999998,0.09601851654506305,-19.753333333333334,12.518333333333334,45.25333333333334,-45.25333333333334,1.6245010057709908e-07,22.626664754035133,39.190537376850074,22.626668673088762,39.1905351141834,-39.190537376850074,0.0,11635182.231817648,17692413.343309242,0.4039912252818397,0.40949682027645073,1.0772663108421572,1.3765671678911027,1.5811692964830046,3.9223562475457974,9004866.186628908,15.916778192975382,7.925071681709939,0.31281595638864307,-0.011627456190639695,16.769872563898776,0.5665743912317501,662057819.5693921,28.15010252931445,20465.039867770058,17789429.475125257,-6.235602727346494e-07,-3.756512274012303e-08,-15.183739424752305,28.164719666152305,99.03757496326593,99.03876748353245,67.04400096794954,69523.6525464775,78733098.04911953,1.2138426923447638,0.3791497596857925,1.3573235996674542,3.319951310759156,0.37398150605897224,1.1764978183982868,3.283214259753427,0.5736065931348266,5.371550964217982,-5.916666666666666,0.1605,0.6425000000000001,0.8247916666666667,0.6751666666666667,0.7886666666666666,0.9726666666666666
10.785633333333333,1.1036666666666668,13.243333333333334,12.473333333333333,249.83750000000003,0.09540040301080581,-16.54,19.72833333333333,54.95333333333333,-54.95333333333333,1.972710929665627e-07,27.47666434406476,47.59098403025561,27.47666910316303,47.59098128258894,-47.59098403025561,0.0,13147460.906796403,17693064.393617235,0.40235185049159944,0.40811301204281725,1.0616241843871281,1.3569458497773828,1.5634051320050963,3.916782718376332,9607963.765516823,20.312964627420964,5.510920834528615,0.5196719250828185,-0.013537327231340034,15.543267733948703,0.7712222242014701,624203845.3435216,22.451312392493552,20394.21973813258,17790051.3905949,-8.033383761006872e-07,-5.045375038367601e-08,-10.962670145930746,22.465940555482558,120.07394924238578,120.08000927882459,84.50905817986623,70432.82697787251,79285749.41717693,1.246532947228864,0.3780082255675377,1.3415014957387146,3.3157136613204665,0.37259362384554257,1.1593102186438367,3.279623779446622,0.5703286095972306,5.359363579133741,-10.383333333333333,0.6955,0.40249999999999997,0.9897916666666666,0.49316666666666675,0.8913333333333333,1.17
9.6073,0.8696666666666667,12.103333333333333,12.166666666666668,240.53750000000002,0.09725643854127881,-21.473333333333333,16.345,45.053333333333335,-45.053333333333335,1.6173214197113076e-07,22.526664762488128,39.01733229121284,22.52666866422125,39.01733003854617,-39.01733229121284,0.0,11693937.94319448,14222738.496600252,0.4067823812920379,0.41181973171314556,1.107826860472567,1.414812916868452,1.615479335563878,3.93354533615172,8962525.974572368,16.010023644107417,11.070762843029627,0.2469334167215275,-0.012534515027170411,14.495750341301132,0.4856060862948336,715293305.9943348,33.915362100061415,17067.241534061268,14319753.14336632,-7.156732737054837e-07,-4.673507816490379e-08,-15.32472747976958,33.92732454996193,92.48535683971365,92.48677969141143,64.62885530202523,67811.02164082656,77647091.22595522,1.1244183318801555,0.381367973035075,1.3880014681320947,3.3284591508027646,0.3766447550877901,1.2101248878058182,3.290485691951388,0.5594794060946593,5.395710887349016,-2.9166666666666643,0.6195,0.23650000000000002,0.7847916666666667,1.3985,1.258,1.106
7.9623,0.9396666666666668,10.57,11.913333333333334,242.2375,0.0968984564776627,-17.5,17.721666666666668,42.486666666666665,-42.486666666666665,1.5251833986120394e-07,21.243331537634926,36.794533692201746,21.243335217088195,36.79453156786841,-36.794533692201746,0.0,10107008.089138005,8165867.969484173,0.4062110025396782,0.4113813259106481,1.099150127529294,1.4039739885806097,1.605821045780478,3.930384122778001,8253634.440164747,8.876213652229183,52.20969371028016,0.3945046996316591,-0.12187860288376098,12.889023866883665,0.42497926852488765,1823141855.0130436,83.90720926242608,11224.848478952454,8262907.253748536,-6.800372933105927e-07,-5.325111044199252e-08,-10.92354351258458,84.01169734039371,66.02120246424795,66.03843002088006,45.660381300327195,68290.27637985646,77957628.71013518,1.1495152422391637,0.38074391945161046,1.3793225074148623,3.3260156173711737,0.3758980280957683,1.2005506129130334,3.28838534715813,0.5637390696552054,5.388877965306528,-15.85,0.16849999999999998,0.2985,0.9060416666666666,1.1208333333333336,1.09,0.8846666666666666
7.460633333333333,0.8523333333333334,11.536666666666667,13.46,247.0875,0.09592537309928605,-21.793333333333333,7.921666666666667,43.486666666666665,-43.486666666666665,1.5610813289104556e-07,21.74333149536994,37.66055912038789,21.74333526142575,37.66055694605455,-37.66055912038789,0.0,9724502.82337525,11062631.934109166,0.4038252317329978,0.40936990978924276,1.07494533949815,1.3736638923914184,1.5785554941725295,3.9215518489000694,8169685.564150061,15.298533314955348,13.667050325533044,0.2555896987898692,-0.013984928291567054,12.60959212223506,0.4490230647259552,813841781.1666244,37.5201978305303,13999.40228428474,11159648.754851995,-7.411437903461635e-07,-4.599412163195994e-08,-16.861863349819966,37.525053084785604,81.23253258936488,81.23458883219915,56.7959937004374,69657.56195885353,78815469.48407638,1.2186084964560417,0.37898529751006166,1.3549818012270969,3.3193212668020924,0.37378086586931253,1.1739405236746288,3.2826784439534697,0.5730794531965032,5.369807405830269,-19.016666666666666,0.5515,0.36650000000000005,0.9939583333333333,0.5795,1.1233333333333333,1.346
7.5423,0.9143333333333334,14.356666666666667,10.086666666666666,237.8375,0.09783857745271801,-23.98,15.855,49.52,-49.52,1.7776655083775663e-07,24.759997907037857,42.885579203777596,24.760002195595657,42.88557672777759,-42.885579203777596,0.0,12428701.061326033,15828909.140194844,0.4079540470348207,0.4127916123038847,1.121910742730081,1.4323718179457632,1.6311131108393673,3.9388834750010644,9373986.509024926,19.235808789100055,6.095925063194513,0.5883505013194268,-0.011667322102097873,13.079025722906746,0.9959111032446777,733820691.506565,21.807876627054576,18561.212031889412,15925897.491529634,-8.605792677506273e-07,-6.277582338030822e-08,-17.20107940893808,21.818490150628197,110.72667098974885,110.7284360411717,86.39960349781727,67049.85234942612,77143633.56451607,1.069302293002958,0.3824476412818088,1.4020367975995884,3.332531537227019,0.37791163803532724,1.2256223220822193,3.29399842060462,0.5414074700336279,5.407948475324448,-8.55,0.38950000000000007,0.5575,0.9827083333333333,0.23883333333333334,1.0913333333333333,1.4926666666666668
7.0639666666666665,1.0243333333333333,13.43,13.233333333333334,238.11249999999998,0.09777799778206725,-17.86,15.458333333333334,45.95333333333333,-45.95333333333333,1.649629556979882e-07,22.97666472444964,39.79675517658036,22.976668704125046,39.79675287891369,-39.79675517658036,0.0,10983231.074320273,10949342.344519917,0.40795555275625867,0.4128153351316451,1.120463464490729,1.4305883437384186,1.6295289661675179,3.938372065386085,8762308.411222903,16.74567022665782,7.972986119738111,0.411876410218731,-0.009202426840657776,11.387018742640745,0.7276374108048538,759296560.0093026,25.34219454496217,13881.94489150822,11046361.704168146,-7.922271624805685e-07,-5.905078169590949e-08,-11.8186625111749,25.35277016430715,84.25917403437937,84.26138224362417,61.86207709589249,67127.37885132802,77195533.23585369,1.0753198531363204,0.38234329717218685,1.4005958811651513,3.33211455602054,0.3777882045133317,1.2240291557342353,3.293638902132874,0.5435824691142415,5.406786223074602,-2.25,0.4095,0.17250000000000001,0.8510416666666667,0.8991666666666666,0.9166666666666666,0.9206666666666666
8.020633333333333,0.7816666666666666,14.476666666666667,10.833333333333334,237.6375,0.09788280194793803,-18.806666666666665,11.655000000000001,54.82,-54.82,1.9679245389591716e-07,27.409997683033424,47.47551397316413,27.41000243058469,47.47551123216412,-47.47551397316413,0.0,11477718.812247712,14677266.805260323,0.4080402987234236,0.4128631248029641,1.122966695257592,1.4336870311957486,1.632281594462242,3.9392844325297327,8999010.194657128,21.53261019461377,6.860946205738809,0.9219830454010295,-0.013116403467382074,12.94658907448618,1.4488529483557908,920837837.7260952,18.84596257333123,17411.35330069276,14774245.187043078,-9.077577369986046e-07,-5.896860071975868e-08,-13.966059839938715,18.855454174291495,115.39873363574509,115.40523677480142,88.81106487485744,66993.46943895202,77105800.24117187,1.0649372032216053,0.38252350720930733,1.4030858488839437,3.3328356016152516,0.3780013692386497,1.226783164600794,3.2942607714745065,0.5398272263725766,5.4087937287977095,-10.149999999999999,0.6595,0.6935,0.8472916666666667,0.3345,1.4806666666666666,1.49
11.345633333333335,1.0390000000000001,11.71,11.14,236.13750000000002,0.09821116118483582,-19.273333333333333,15.925,49.38666666666667,-49.38666666666667,1.772879117671111e-07,24.693331246006522,42.77010914668611,24.693335523017318,42.77010667735277,-42.77010914668611,0.0,12372249.453677759,18615143.33125627,0.4089279943264559,0.4136442853572748,1.1309380143474768,1.4436532448281407,1.6411145124027007,3.9423913542379188,9220142.195337769,17.93769102532079,9.651145131481982,0.3275916885374354,-0.014958369730523884,18.05571362461573,0.4261160092009574,678183048.6489836,31.568715488176036,21308.60637926263,18712143.84494431,-6.449689670867642e-07,-3.6909537373342754e-08,-14.257282817510857,31.58064605816777,110.663383332671,110.66431215885505,71.97032943375613,66570.59761039623,76820353.31129344,1.0325043877548234,0.3830921203019132,1.4109845547788393,3.3351382803478833,0.3786734413350344,1.2355475342804643,3.296252419050602,0.5278939097563007,5.415135594778207,-13.883333333333333,0.4555,0.1635,0.9114583333333334,0.7148333333333333,0.738,1.3940000000000001
9.397300000000001,1.0523333333333333,10.703333333333333,9.686666666666667,235.4375,0.09836505337109738,-19.086666666666666,9.391666666666666,53.25333333333333,-53.25333333333333,1.9116844481583196e-07,26.626664415915236,46.118740802339175,26.626669027789188,46.1187381396725,-46.118740802339175,0.0,10312597.402629774,12729350.463179586,0.4092072393319056,0.4138723237068199,1.1346824462824467,1.4483201089000335,1.6452340230570737,3.943833392595434,8299685.541005449,20.003161174238144,9.87620729776435,0.3217352956405775,-0.021609972084563722,16.747672492272972,0.44839265001566175,671293201.826586,31.2918963968982,15517.944332377623,12826332.817028688,-7.315777598049064e-07,-4.344452212342164e-08,-14.897439489912527,31.303172967575062,103.70782969660905,103.71365620432807,70.7474880463625,66373.25742373685,76685516.72075304,1.0175572957447692,0.38335711437888464,1.4146888502050436,3.336226247078169,0.3789864098856623,1.239672875895096,3.297196526156286,0.5224107461584947,5.418094112726001,-0.08333333333333215,0.1855,0.36350000000000005,0.8622916666666667,0.7358333333333333,0.7153333333333333,1.4593333333333334
10.073966666666667,0.9163333333333334,11.263333333333334,9.58,243.5375,0.09663027487699881,-23.593333333333334,9.158333333333333,53.88666666666667,-53.88666666666667,1.9344198040139833e-07,26.94333105581408,46.667223573523735,26.943335722536307,46.667220879190396,-46.667223573523735,0.0,11590654.871659402,17643767.613744456,0.4052888281650592,0.41055347119536545,1.0925755692673482,1.395691490937969,1.5984054689174823,3.9278713737204,8877307.214358766,20.876307943611902,7.331919701961227,0.27039763068804196,-0.02176773367271461,18.436547692306657,0.48145661693727365,596801689.766309,28.994507840224298,20291.624892113537,17740737.178811643,-7.334220731994314e-07,-3.971351587669736e-08,-19.02603237592165,29.00936214750371,124.20536815424578,124.2116482039757,85.62710105336572,68656.76529793812,78191512.12934121,1.168942698498908,0.3802761315249301,1.3727414665573332,3.3241877114333835,0.3753350999436563,1.193319340170939,3.286820646845465,0.5670246798942087,5.383805878352469,-2.583333333333332,0.4125,0.49350000000000005,0.9189583333333333,1.0555,1.0193333333333334,0.7806666666666666
12.827300000000001,1.0176666666666667,11.963333333333333,12.766666666666667,235.3125,0.0983928948960449,-23.846666666666668,8.435,56.38666666666667,-56.38666666666667,2.0241646297600236e-07,28.193330950151612,48.832287143989085,28.193335833380193,48.832284324655745,-48.832287143989085,0.0,13919909.207933446,30661207.542809173,0.40913940910426655,0.41379354582555783,1.1353507047976288,1.449134327937056,1.6459497438816182,3.9440532283216143,9900950.37285886,23.05556079089757,5.853384974788449,0.34559106679499096,-0.019084758878995554,21.70516136900793,0.5182515939270864,549923486.8613575,27.63261293203712,32954.630867789325,30758167.80250741,-7.988388353796054e-07,-3.211781513372889e-08,-19.761525174551736,27.64282929593374,165.69599934999246,165.7031494292733,115.85083926268712,66338.01810469052,76661334.06364071,1.01490062994241,0.38340440439552453,1.4153515627619409,3.3364214313147156,0.3790422464307112,1.2404119288731175,3.297366111596289,0.521433526113489,5.418622268805658,-17.616666666666667,0.3325,0.3235,0.864375,1.1908333333333334,1.2646666666666666,1.098
12.383966666666668,1.093,10.523333333333333,9.606666666666667,235.23749999999998,0.09840965072499086,-16.046666666666667,17.955000000000002,45.78666666666667,-45.78666666666667,1.6436465685968127e-07,22.893331398160473,39.65241760521601,22.893335363402123,39.65241531588267,-39.65241760521601,0.0,12043616.88870414,19148803.179056592,0.409506850430456,0.4141601158550499,1.1357603788994628,1.4496928213402283,1.6464464315251681,3.94429720409213,9055915.209774453,10.819916300253142,27.69290769003411,0.5381883096869199,-0.0337641762472095,21.2299725032384,0.6452799381326711,1242420107.8608289,55.85161599774241,21895.21706519835,19245829.514576804,-5.676024611216022e-07,-2.9801911236229455e-08,-11.450387300678992,55.79343652170567,101.80361942258371,101.80627656888362,62.3597783967715,66316.87451326274,76646807.62695678,1.0133085181780404,0.38343278866927394,1.4157493578092508,3.3365386824419363,0.37907575561124546,1.2408557182919435,3.297468021794369,0.5208474413768053,5.418939371621684,-17.65,0.4405,0.6825,0.8035416666666667,1.0741666666666665,1.302,0.8726666666666667
7.483966666666666,1.0030000000000001,14.263333333333334,10.446666666666667,243.08749999999998,0.09672246555269869,-17.3,13.241666666666667,46.88666666666667,-46.88666666666667,1.6831342919250706e-07,23.443331351668988,40.60504557622077,23.443335412173433,40.60504323188742,-40.60504557622077,0.0,10763805.190967305,11414533.565219171,0.4055339214804597,0.410764642376797,1.0948431587155547,1.3985368192935321,1.600955715585726,3.9287160380086874,8710487.942644486,16.78283639738051,6.994274091823085,0.59243868763513,-0.009415298551833921,11.734888692585693,0.975085458049879,783186137.6200538,22.33291713680799,14332.734201079089,11511548.783251872,-7.966897640711679e-07,-5.803316255773794e-08,-12.065546815789785,22.34470100241241,85.66984607593625,85.67229061497859,63.86060629074429,68529.90374937138,78110916.60249159,1.162194886785209,0.38043806633062716,1.3750149660136686,3.324817419507974,0.37553005500281855,1.1958141244543112,3.28735904600068,0.56588735718177,5.3855605560128055,-1.0833333333333321,0.1765,0.5105000000000001,0.7964583333333334,0.5515,1.0753333333333335,1.494
7.075633333333333,0.7536666666666666,11.276666666666667,13.260000000000002,237.03750000000002,0.0980164338778584,-16.793333333333333,11.515,48.620000000000005,-48.620000000000005,1.7453573711089919e-07,24.309997945076343,42.10615631841007,24.31000215569186,42.106153887410066,-42.10615631841007,0.0,9595847.220216157,8682843.178312374,0.4085260035366433,0.41330830132277735,1.1261481145806573,1.4376851695345025,1.6358324960828603,3.9405655102593666,8085741.502542874,17.156763181080365,11.259375028436441,0.3329753009250266,-0.014040105312518326,12.082496618980148,0.4834063873595699,774693673.6600966,31.431770384360348,11638.82136376522,8779850.935051367,-7.71663272001994e-07,-5.36078315969853e-08,-11.85093250553229,31.436132941686253,79.21461948561557,79.21715876827325,54.86887958480334,66824.32070752968,76991759.76070108,1.0519001156397414,0.38275109398415014,1.4062389278025245,3.333752030003689,0.3782704477553771,1.230276602736808,3.2950523641769336,0.5350155957320538,5.411330678090224,-8.616666666666665,0.1345,0.49449999999999994,0.8527083333333334,0.8968333333333334,1.2006666666666668,1.4793333333333334
12.7223,0.737,12.83,9.286666666666667,236.98749999999998,0.09802761355669135,-19.5,16.951666666666668,46.620000000000005,-46.620000000000005,1.6735615105121595e-07,23.30999802960632,40.3741054620378,23.310002067016754,40.37410313103779,-40.3741054620378,0.0,12901980.806255579,21561967.302554667,0.40853999330809027,0.4133181117642216,1.1264136115839416,1.4380108881392673,1.6361204029102498,3.9406496142617273,9493340.394635828,16.714720549983056,8.645846369947947,0.3266977217356445,-0.012130789820892924,18.597578284938173,0.48352351602490545,661308407.982573,29.61206336730787,24216.743285344266,21658980.0439887,-6.076740137958421e-07,-3.498549434000475e-08,-14.436538965477823,29.62388996744191,110.41452713259005,110.41533084356631,71.84378525249521,66810.22497991116,76982237.65080225,1.0508177130234022,0.3827700473534514,1.4065020603482832,3.3338286722885457,0.37829285159923287,1.230568429806748,3.295118624663037,0.5346218937512164,5.41154201216327,-17.05,0.5495000000000001,0.38950000000000007,0.826875,0.9995,1.05,0.9326666666666666
10.5873,0.8069999999999999,14.13,8.846666666666668,238.9875,0.0975870464983533,-22.153333333333332,20.848333333333336,53.019999999999996,-53.019999999999996,1.9033082644220225e-07,26.509997759110398,45.91666820242908,26.510002350777093,45.91666555142907,-45.91666820242908,0.0,14209937.259820573,21338346.020185187,0.40740715771140656,0.4123289249173703,1.115865012329905,1.4248376808209327,1.6244037822968944,3.9365838240136437,10083861.027761064,20.521299650862723,5.285437306125395,0.5264652296667185,-0.013708782682417866,16.56325096578357,0.8956768582519775,633245326.2317967,21.918188438971253,23920.408546109353,21435327.61185924,-7.64173695859503e-07,-5.2036880595140595e-08,-15.61512672443095,21.928674205266937,130.09843537007944,130.10482264801396,94.34616294700537,67374.05408465225,77359697.11886312,1.0945867595106147,0.38201110987806947,1.3960232980174216,3.33079638356632,0.37739507296479446,1.2189827508612203,3.292504225427148,0.5505168212601426,5.40308836034507,-14.116666666666667,0.16549999999999998,0.4495,0.8222916666666666,0.1595,1.2086666666666668,1.1179999999999999
11.5673,1.085,12.996666666666666,7.02,247.9625,0.09575491457463613,-18.166666666666664,16.041666666666668,55.88666666666667,-55.88666666666667,2.0062156646108156e-07,27.943330971284105,48.39927442989602,27.943335811211416,48.39927163556267,-48.39927442989602,0.0,12912621.864045855,20906652.83771175,0.4032103814957817,0.4088206719787535,1.07067510275808,1.3682792096315306,1.5736863094836961,3.9199656367227167,9487846.453388775,21.082878094098806,5.374439867016541,0.4516261824269248,-0.017908934412090943,18.909398297348748,0.6856791252184066,621109769.8697016,22.910993014437764,23503.72711224562,21003630.98406332,-7.253014636256975e-07,-4.178602209346463e-08,-13.474641622792488,22.924558503816748,131.84747969726862,131.8537109493232,90.43355774264626,69904.23719217772,78967677.66705577,1.2274588192663545,0.37866997139260233,1.3506692745534754,3.3181572176515184,0.37339927634120124,1.169248974821343,3.2816903615431703,0.5721883078779672,5.366412469904377,-19.85,0.38549999999999995,0.5845,0.8389583333333334,0.6798333333333333,1.4393333333333334,0.8886666666666666
8.160633333333333,1.0236666666666667,12.963333333333333,6.406666666666666,244.61249999999998,0.09641381800759534,-16.513333333333332,12.891666666666667,56.053333333333335,-56.053333333333335,2.012198652993885e-07,28.026664297573273,48.54361200126037,28.02666915193434,48.54360919859369,-48.54361200126037,0.0,10816779.210586762,12036258.582698107,0.40475597345412545,0.4101028888624129,1.0871801019979226,1.3889414136767888,1.5923340463405884,3.9258951881877238,8636612.816252539,21.18885884496731,7.464784339124854,0.7349230932983265,-0.018075467430199246,14.570175207095337,1.0814147150521911,744248234.768314,20.85583562515794,14849.29464809029,12133238.425520062,-8.147065492851145e-07,-5.584950226942394e-08,-12.008071125091687,20.868178431631485,104.37788118410867,104.38426679622586,76.55977416784147,68959.82344173644,78382554.70811707,1.185158938961119,0.3798770455105396,1.36731766080233,3.322684233767464,0.3748573809930497,1.1873896723129873,3.2855379905881468,0.569723572822833,5.379435333807765,-19.483333333333334,0.49850000000000005,0.2645,0.863125,1.4801666666666666,1.102,1.2566666666666666
8.288966666666667,0.9696666666666667,12.61,6.34,241.3625,0.09708095431958919,-18.619999999999997,9.485,58.08666666666667,-58.08666666666667,2.0851911112673312e-07,29.043330878301138,50.30453037190552,29.043335908754035,50.30452746757218,-50.30453037190552,0.0,10694623.994300159,13201274.47691124,0.406247528415671,0.41134513523117094,1.1036013446132664,1.4094919434449766,1.6107454708193303,3.9319297289656245,8560838.888455996,23.066206713992624,7.016259155690508,0.6811510367723083,-0.02144105129400838,15.48605202483515,1.0345027420521955,706119052.7533401,21.022980991712686,15946.835823807201,13298241.177738728,-8.347173884774515e-07,-5.1601291747881054e-08,-14.52424062513091,21.03439754018541,116.2960680976485,116.30256488660095,86.22201068192908,68043.60114653225,77798457.51059313,1.1365564466830986,0.38107111259350895,1.3837870088671467,3.3272733792037923,0.3762882353145544,1.2054653576130965,3.2894650859554226,0.5615611441564498,5.3924824719211575,-5.816666666666666,0.48250000000000004,0.4465,0.880625,0.5445,1.4340000000000002,0.854
12.663966666666667,0.829,13.856666666666667,6.566666666666666,239.76250000000002,0.09741987921576238,-20.74,14.828333333333333,57.42,-57.42,2.0612591577350536e-07,28.70999757314446,49.727180086448094,28.71000254586233,49.72717721544809,-49.727180086448094,0.0,13905166.425468883,26752768.146798767,0.407022987237682,0.4120015518354408,1.1118166527508457,1.4197934851691953,1.6198974481902284,3.9350505549087655,9928408.863514258,23.00807845074539,6.711396496931839,0.5966043765729101,-0.017834163912833514,19.96352660989035,0.9787858747768466,661412219.0536909,21.26413200695302,29164.962013473094,26849734.78310031,-7.576742343134321e-07,-4.039303657707677e-08,-16.036672930535804,21.27300192809521,155.02971806670416,155.03648845587435,108.06988683882938,67592.53786273941,77504113.31840849,1.1118034451371852,0.3817166561521461,1.3919886006614017,3.329639635159671,0.3770463837194308,1.214541901977159,3.2915108309506906,0.5566807685666605,5.399813432897543,-3.25,0.5105000000000001,0.2595,0.8627083333333333,0.9855,1.1433333333333333,1.342
10.435633333333334,0.9410000000000001,12.636666666666667,13.313333333333334,245.1625,0.09630373016226945,-23.273333333333333,11.678333333333335,41.78666666666667,-41.78666666666667,1.5000548474031482e-07,20.893331567220418,36.18831589247146,20.89333518605191,36.188313803138115,-36.18831589247146,0.0,11541402.41261,16572070.598356169,0.4046805124799433,0.4100731465376388,1.0844427571213613,1.3855435036624277,1.5892751040642996,3.9249485385622345,8948109.707318785,15.103318746725899,10.699202045412463,0.216786342414125,-0.010369636810468208,14.468236992852768,0.44189902950977256,713909807.9485703,34.05094794638299,19389.353609167003,16669094.189638808,-6.837371968741364e-07,-4.0020621396520786e-08,-17.8481773185268,34.064365068993595,92.6692781381768,92.6705482161746,64.36246798467741,69114.87644554026,78479632.99167907,1.1935069611858138,0.3796791934411735,1.3645596261162145,3.32192819150688,0.3746187816702759,1.1843781363032453,3.2848943516539073,0.5711135950140623,5.3772967790093595,-11.65,0.4565,0.21350000000000002,0.9160416666666666,0.39283333333333337,1.1926666666666668,1.1846666666666668
11.415633333333334,0.815,12.916666666666668,13.593333333333334,249.1625,0.09552745019810349,-17.96666666666667,11.701666666666666,52.486666666666665,-52.486666666666665,1.8841627015962006e-07,26.243331114985057,45.45478797406314,26.243335660463732,45.4547853497298,-45.45478797406314,0.0,12013740.410807667,19043806.67181531,0.4026850562784956,0.40839197799802407,1.0648677846408388,1.3610104688309503,1.5670968422450917,3.917922162877893,9148973.207850493,19.34437884557568,5.845243874114013,0.40405129911879717,-0.012796304687037427,15.93176752904307,0.6106934466616165,615936773.8924572,24.25339921555845,21716.39324805293,19140795.699246727,-7.836704524417827e-07,-3.9921156969560645e-08,-13.76103131021567,24.268566136753726,119.76711076090983,119.7731996262784,82.9077237417781,70242.5346550224,79171773.46835656,1.2396530134067079,0.3782420784123992,1.3447882725933422,3.31658330803055,0.3728797048004527,1.1628692826710567,3.2803580658970173,0.5709935823081524,5.3618327177859015,-12.383333333333333,0.4635,0.5095000000000001,0.794375,0.4185,1.3166666666666667,1.2046666666666668
7.238966666666666,0.9456666666666668,11.996666666666666,9.033333333333333,237.91250000000002,0.0978220293667307,-16.34,12.238333333333333,59.45333333333333,-59.45333333333333,2.1342516160084996e-07,29.726664153872317,51.48809845709324,29.726669302682023,51.488095484426566,-51.48809845709324,0.0,10262678.845954731,9802892.79422698,0.4079303491823068,0.4127736380856138,1.1215151159506562,1.4318816688789293,1.6306777596503261,3.93874045054674,8347343.1113233855,23.549246471715545,6.572388148517932,0.7002083170249901,-0.02171224996342217,13.620495306135647,1.0027398572007198,719631846.3178893,21.172532279102967,12630.627538690262,9899861.336334808,-9.162384922429544e-07,-6.352539449243325e-08,-11.675960843945425,21.183125740830526,103.32719959266963,103.33395237393212,77.16153859414463,67070.99594085393,77157802.0043695,1.0709416269145897,0.3824191830275021,1.401643642432221,3.3324176844649167,0.37787797628534026,1.2251874684338393,3.293900225969647,0.5420004401566836,5.407631438754244,-0.28333333333333144,0.6935,0.5015000000000001,0.8327083333333334,0.21783333333333332,1.2846666666666668,0.9273333333333333
6.678966666666667,0.9023333333333334,11.743333333333334,9.913333333333334,235.7375,0.09829868762141693,-21.006666666666668,19.541666666666668,53.35333333333334,-53.35333333333334,1.9152742411881614e-07,26.67666441168874,46.2053433451578,26.676669032222946,46.20534067749112,-46.2053433451578,0.0,11327332.311558193,10062581.407854319,0.4089842039466814,0.41366985530593287,1.1330735190008951,1.4463008680619018,1.6434516716203382,3.943191285187931,8772511.26249733,20.43683105953822,7.733564144733757,0.35667863160516716,-0.01814471148630452,13.139737771336957,0.6098997973576042,683841876.2320054,26.33933576097872,12916.801854686895,10159563.810093796,-8.797647866483337e-07,-7.166728855448876e-08,-13.532356400247691,26.350946171468582,96.8975706244785,96.90414643189033,73.66753580816966,66457.83178944801,76743407.95120557,1.0239487590746146,0.3832435656799222,1.41309988312589,3.335758918878102,0.37885232509468497,1.2379021177370648,3.2967907461347745,0.5247594906297581,5.416826116937582,-2.6166666666666636,0.6445,0.6375,0.8456250000000001,1.4031666666666667,1.1606666666666667,0.8433333333333333
12.453966666666668,0.9283333333333335,11.183333333333334,7.513333333333334,245.6875,0.09619954317231996,-23.566666666666666,13.941666666666666,56.72,-56.72,2.0361306065261622e-07,28.359997602729948,49.12096228671779,28.360002514826043,49.120959450717784,-49.12096228671779,0.0,13563181.76519954,26296781.351145305,0.4042290153400445,0.4096589738760674,1.0818301952231402,1.3822472942185542,1.5862995812484073,3.9239488180123057,9690043.19801598,21.837595155031998,7.17773722282161,0.40169915477094376,-0.025941316546477862,23.99418489110189,0.5305677044547942,608805428.768084,31.016625618374512,28717.77775592402,26393743.64533089,-7.56910989832823e-07,-3.479606125663658e-08,-18.763814564697576,31.031886668539578,153.08687936518461,153.09366692725868,106.13763793438154,69262.8815855348,78571804.45850076,1.2015228198025807,0.3794900943624743,1.3619332195479077,3.321210570132852,0.3743906751412795,1.1815154831268229,3.2842843389924825,0.5725221300891284,5.3752535927754845,-4.883333333333333,0.27249999999999996,0.2495,0.8185416666666667,0.10583333333333333,0.822,1.2353333333333332
7.040633333333333,1.0370000000000001,12.063333333333333,7.446666666666667,236.38750000000002,0.09815711084525226,-20.406666666666666,10.791666666666668,48.086666666666666,-48.086666666666666,1.7262118082831697e-07,24.043331300951003,41.64427609004413,24.043335465378494,41.644273685710786,-41.64427609004413,0.0,9806107.642036688,9445181.382856773,0.4087640028559514,0.41349797789031567,1.1296034831882158,1.4419836916555586,1.6396380746281018,3.9418722400421418,8167750.551199159,17.816419515933816,9.28600273728796,0.3217543259893808,-0.015863207860043704,13.151833733915577,0.5972217076079852,733185650.6375338,28.419569982781045,12362.912716997924,9542181.98438591,-7.992629754939088e-07,-5.712128496529086e-08,-15.192756608559597,28.42960085666417,84.44874569270638,84.45158666854712,63.577806134671285,66641.07624848884,76868272.8603289,1.0378711495333697,0.382997441136857,1.4096644632011717,3.3347518247793677,0.3785615802510244,1.23407969212859,3.295917538448277,0.5298554419014567,5.414079100653204,-19.416666666666668,0.2845,0.4685,0.8027083333333334,0.48850000000000005,0.9299999999999999,0.7846666666666666
7.763966666666667,0.7136666666666667,11.79,11.98,236.06250000000003,0.09822747033786298,-21.673333333333332,14.525000000000002,42.62,-42.62,1.5299697893184948e-07,21.30999819866626,36.91000374929323,21.310001889666534,36.91000161829323,-36.91000374929323,0.0,10626658.545235671,10962293.820970546,0.4090408510063228,0.4137530779274438,1.131340318515658,1.444167864337595,1.6415707282922347,3.942574646355734,8518072.454978388,15.056527652310278,16.103062287747722,0.25587726476958494,-0.014855180099024657,12.867913602970152,0.47512063262439935,913265232.9405034,39.29677511204055,13906.773292602085,11059319.058672838,-7.178889084132408e-07,-5.037182817602991e-08,-15.37407606708894,39.2933385852754,79.35472211228232,79.35656048088897,56.347124959567324,66549.45401896845,76805957.4485292,1.030897247901032,0.3831205233540599,1.4113809109356432,3.335254442849889,0.3787069938158472,1.2359884682902058,3.296353123791222,0.5273058226360788,5.415452595494856,-16.516666666666666,0.5984999999999999,0.6485000000000001,0.788125,1.0671666666666668,1.282,0.9593333333333334
7.693966666666666,0.8943333333333333,12.91,8.486666666666666,243.5625,0.09662517415470731,-20.5,12.191666666666666,48.42,-48.42,1.7381777850493084e-07,24.209997953529342,41.932951232772844,24.210002146824348,41.93294881177284,-41.932951232772844,0.0,10591361.651338268,11597613.07058705,0.4053011713178494,0.41056826485605413,1.0924503674745623,1.3955392479981683,1.5982693280213476,3.927836259611996,8546974.92390825,17.658239821817673,7.28151266632261,0.3773706512970858,-0.013473467219227323,13.2896197837035,0.6831188937787986,682177769.110719,25.416111471422422,14471.442263895018,11694612.725409899,-7.977320509038507e-07,-5.5633054181821435e-08,-15.140449333540001,25.42935874115106,91.47375294926579,91.4761267027209,68.3239743119188,68663.81316174741,78195977.40107651,1.1693182592230975,0.3802671369447779,1.3726153179895564,3.3241528261054456,0.3753242685716292,1.1931810217924221,3.286790840468299,0.5670878651964546,5.383708455523825,-0.9166666666666643,0.5825,0.5255000000000001,0.829375,0.38816666666666666,0.7806666666666666,1.2153333333333334
11.322300000000002,1.0643333333333334,10.743333333333334,10.7,241.23749999999998,0.09710743454445164,-18.259999999999998,16.22833333333333,58.986666666666665,-58.986666666666665,2.1174992485359053e-07,29.493330840262644,51.08395325727304,29.49333594865783,51.083950307939695,-51.08395325727304,0.0,13106257.79697635,21888785.406515468,0.40631405691212724,0.41140220480856393,1.1042397827480204,1.4102928185090002,1.6114585206917464,3.9321661178422893,9488915.522267897,22.702896016437837,7.660614605637075,0.48366965589405686,-0.02416449296719272,21.491573221812406,0.5901174326923524,651804577.4216511,30.070686753128488,24424.741294360036,21985753.052108288,-7.527237511055222e-07,-3.697883089182307e-08,-13.652744521760269,30.08505456085451,142.39513084629908,142.40142874379848,96.33878789829457,68008.36182748592,77775573.14487556,1.134712106684354,0.3811160906088168,1.3844245433213556,3.3274523319504103,0.37634227140025656,1.2061693848859827,3.2896189486861234,0.5612451939034266,5.392971346060028,-4.383333333333333,0.2485,0.4155,0.8964583333333334,0.9481666666666667,1.2766666666666668,1.1993333333333334
12.243966666666667,0.7203333333333333,11.99,10.406666666666666,246.1375,0.09611077673721682,-16.02,13.008333333333333,43.25333333333333,-43.25333333333333,1.5527051451741584e-07,21.6266648385651,37.45848652047779,21.62666858441365,37.458484357811116,-37.45848652047779,0.0,11640177.928903308,19280859.5458959,0.4043693131538372,0.4098402216124524,1.0796098505885459,1.3795233231293147,1.5838404084748772,3.9232394879740995,9002061.647461638,13.714715521457288,14.894889414388937,0.43281227256648963,-0.013469854585777605,18.669983522857528,0.51007816594104,879430645.2127895,39.99231871554565,22067.324178645256,19377896.117486693,-5.72925455712129e-07,-2.828932602456969e-08,-12.14695462168063,40.002489053559735,94.67699734715555,94.67805510690205,60.39507811520194,69389.7431341015,78650522.93098255,1.2084118733217835,0.3793281496117944,1.359687468692921,3.320598970410978,0.3741951883012665,1.1790712990231556,3.2837651098519767,0.5736602437151259,5.373505949360038,-2.849999999999998,0.2575,0.5895,0.7972916666666666,1.3308333333333333,0.7793333333333333,1.1126666666666667
9.910633333333333,1.0703333333333334,13.85,13.566666666666666,249.6375,0.09543788832976309,-20.259999999999998,15.411666666666667,52.45333333333333,-52.45333333333333,1.8829661039195867e-07,26.226664449727227,45.42592045979027,26.226668992319148,45.42591783712359,-45.42592045979027,0.0,12870855.817454033,18371762.11729756,0.40242695197028133,0.4081715944091543,1.0625832504570245,1.3581439156072335,1.5644939930251422,3.917112689201705,9548233.966465715,19.63514440385055,5.288685001999504,0.5164666020308128,-0.01182250545932521,14.353325893133722,0.8812133407401946,643183303.8584578,22.075728421990423,21052.277487464515,18468747.65172811,-8.413776517056253e-07,-5.1859391056352967e-08,-14.667358488929032,22.089887230837384,121.08548638340653,121.09180806937917,88.35677578156483,70376.44406739839,79252076.8445948,1.2444919649660546,0.37807752109275505,1.3424742813474129,3.315970671159011,0.3726784168366158,1.1603628078709547,3.279840649912846,0.5705249740891091,5.3600949552385675,-13.85,0.3435,0.6965,0.9110416666666667,1.4381666666666668,1.4726666666666666,1.198
8.8723,0.7143333333333333,13.756666666666668,10.326666666666668,238.78750000000002,0.09763044646199961,-16.633333333333333,15.621666666666666,55.72,-55.72,2.000232676227746e-07,27.859997644994937,48.25493685853166,27.86000247048849,48.25493407253165,-48.25493685853166,0.0,11819770.919936351,14152953.487068944,0.40751347897830864,0.4124207864091858,1.1169131589122387,1.4261459996368935,1.6255709262142999,3.9369870815932604,9086203.15031359,21.45573501789353,6.209276769767337,0.7593650801234809,-0.014335907185352374,13.873423576050564,1.1161668548837378,769181082.6975845,19.834752470339858,16911.133157006152,14249935.527701002,-8.574736118307567e-07,-5.7119523890097976e-08,-11.550242467374842,19.844805855840086,111.03315870497808,111.03934422149761,81.48333793847056,67317.67117417813,77322308.37562755,1.0901668112374883,0.3820870613779156,1.3970668396830968,3.331096534851663,0.37748498219221577,1.2201331756741367,3.292762347838391,0.5489299942553759,5.403933529375793,-8.516666666666666,0.12150000000000001,0.15150000000000002,0.7764583333333334,0.9505,1.086,0.8086666666666666
11.4973,1.0516666666666667,11.629999999999999,13.433333333333334,236.88750000000002,0.09804999789547572,-20.18,11.281666666666666,55.086666666666666,-55.086666666666666,1.9774973203720824e-07,27.543331005096093,47.7064540873471,27.54333577574137,47.70645133301376,-47.7064540873471,0.0,12170798.301006166,19952290.960649468,0.40844199366924655,0.41321083233331796,1.126941332669217,1.4386492208117185,1.6366844307033217,3.9408179440325433,9113718.045582347,21.647671458523213,6.68625642712537,0.32920999573406673,-0.017170423248126253,17.653212671157565,0.5207952625565172,589876576.5432311,27.167611982407255,22545.47678617511,20049265.088479154,-8.039140933925361e-07,-3.8856027387486484e-08,-15.803558921816489,27.17955730765831,131.17941560941043,131.18563006573498,89.78791826651768,66782.03352467415,76963180.74588126,1.0486545896315955,0.3828079558237449,1.4070285020839575,3.3339820898273715,0.3783376600021985,1.2311524939624356,3.295251303740181,0.5338347171565794,5.411964754241803,-19.916666666666668,0.6545,0.18150000000000002,0.8981250000000001,0.31816666666666665,1.366,0.9566666666666667
9.0473,1.0116666666666667,11.356666666666667,13.806666666666667,237.76250000000002,0.09785514516187434,-20.046666666666667,20.545,48.653333333333336,-48.653333333333336,1.7465539687856055e-07,24.326664610334177,42.13502383268294,24.326668823836442,42.13502140001627,-42.13502383268294,0.0,12093137.218398942,13213023.91180158,0.4081190321199111,0.4129531270167874,1.122309526754822,1.4328883961181336,1.6315739597313967,3.9390739833195374,9087461.879173275,17.23876004324542,11.397171496582475,0.28129283598291793,-0.014027558356529071,14.259562687869058,0.3860642981830068,731931562.9132037,34.440661306438436,16050.12751215894,13310028.028561033,-7.577862065828435e-07,-5.201369788669587e-08,-13.103729897002204,34.452505450301636,96.16647989171942,96.16790589531827,66.503501405273,67028.70875799833,77129454.75553897,1.06766422374678,0.38247609001822225,1.4024300852367373,3.332645480188793,0.37794528770946173,1.2260574114596954,3.294096710275483,0.5408146597011733,5.408265399160394,-11.283333333333331,0.6525,0.1265,0.7785416666666667,0.27149999999999996,1.0446666666666666,1.21
12.967300000000002,0.9710000000000001,13.403333333333332,13.046666666666667,246.16250000000002,0.09610586429998687,-18.939999999999998,19.098333333333336,48.38666666666667,-48.38666666666667,1.7369811873726947e-07,24.19333128827151,41.904083718499976,24.193335478679764,41.904081299166634,-41.904083718499976,0.0,13617009.741117543,21832038.19387224,0.40409306664593214,0.4095616498496224,1.0794807097089338,1.3793242811861948,1.5836590461917386,3.9231288774946473,9815169.021157771,17.170537577100298,6.5770626133196,0.35229053749600064,-0.010324309359314703,16.687752957238246,0.553185028850627,597845518.454929,26.59720908188188,24480.037639199058,21929045.516157992,-7.143716524268599e-07,-4.084976104036723e-08,-13.34675390238161,26.612017322451397,115.27834790741267,115.27923656867091,77.83840767463326,69396.7909979108,78654885.08661056,1.2087952792097731,0.3793191551356663,1.3595628921062974,3.3205650946790777,0.3741843261502371,1.1789357525387276,3.283736357290699,0.5737234722381064,5.373408916967001,-19.45,0.3175,0.4555,0.9847916666666667,1.3215000000000001,0.9086666666666666,1.2953333333333332
7.950633333333333,1.0943333333333336,13.276666666666667,6.9,237.0625,0.09801084716879675,-18.58,19.845,53.486666666666665,-53.486666666666665,1.9200606318946168e-07,26.74333107272007,46.32081340224928,26.743335704801282,46.320810727915934,-46.32081340224928,0.0,12013999.614817612,12580393.632874448,0.4083502360287258,0.41313177210954233,1.1260123115475174,1.4374901147945072,1.6356571942649012,3.9404627728476944,9128344.838008163,20.34614211995342,6.400947065897963,0.6009774253194365,-0.015517234428553153,14.11239625957312,0.9221898560638128,719118362.4045811,21.84843480237258,15389.16033151731,12677381.377750896,-8.086009229295034e-07,-6.525264997512785e-08,-12.11722289601999,21.859108931662973,103.13397401683795,103.14026149000175,77.64134651733784,66831.36857133897,76996519.22165999,1.0524415454220466,0.3827416178819409,1.4061074016984738,3.333713730019852,0.3782592448104536,1.2301307056226012,3.2950192470099426,0.5352124750508799,5.4112250202931635,-13.483333333333334,0.6164999999999999,0.1165,0.844375,0.49783333333333335,0.842,1.1006666666666667
12.325633333333334,0.909,11.036666666666667,12.393333333333334,239.1125,0.09755999468491271,-20.06,7.291666666666667,55.95333333333333,-55.95333333333333,2.0086088599640432e-07,27.976664301799772,48.45700945844175,27.976669147500584,48.45700666077508,-48.45700945844175,0.0,12101047.76081356,23489476.46988877,0.40735917018439244,0.41229026213531084,1.1152107354635223,1.4240245071712385,1.6236781690079083,3.9363389140177376,9086361.477496926,21.71088923164335,7.666536229013001,0.4215619649219086,-0.020362384211187117,20.670903180418556,0.5200273519275538,625532943.6063683,30.609431045571267,25987.882019125755,23586446.027639896,-8.082856300336992e-07,-3.2668115379323064e-08,-16.55927402322266,30.62279010487241,141.82488354810994,141.83133063784913,97.84413917790205,67409.29340369857,77383025.09027213,1.097354032439641,0.38196363505866654,1.3953715444827202,3.3306091268967877,0.3773388680086591,1.218264686358569,3.2923432762441998,0.5515091292540333,5.40256018332378,-10.216666666666667,0.5475,0.5875,0.8668750000000001,0.36249999999999993,1.358,1.4753333333333334
11.088966666666668,0.7183333333333333,12.256666666666668,12.913333333333334,246.3375,0.09607258184246915,-18.566666666666666,11.351666666666667,51.620000000000005,-51.620000000000005,1.85305116200424e-07,25.809997818281385,44.70423260296849,25.81000228870452,44.704230021968485,-44.70423260296849,0.0,11591764.87317365,17604807.948769167,0.4039993773784544,0.40948113219785653,1.078611349732601,1.3782394299723764,1.5826728515965136,3.9228091540213375,8936496.754185561,19.05892592808134,6.783707803827657,0.3463379549323126,-0.01388477746447932,16.188429150364477,0.5668130795844378,618774788.4145877,26.647884536875768,20313.136157491972,17701798.748722643,-7.667493569012073e-07,-3.9172135885980225e-08,-14.318624699054304,26.66316084039407,114.47794916325839,114.48392634328827,78.46601014426669,69446.12604457563,78685365.34560947,1.2110830353654014,0.3792450284166797,1.358681906853337,3.320317663663983,0.37409766617154433,1.1779827636439288,3.2835261256601442,0.5738899946173914,5.372562085908164,-8.25,0.2655,0.25450000000000006,0.9872916666666667,0.3485,0.71,1.4380000000000002
12.033966666666668,0.9763333333333334,11.49,9.833333333333334,241.8875,0.0969703408823899,-17.38,20.685000000000002,44.086666666666666,-44.086666666666666,1.5826200870895053e-07,22.043331470010948,38.18017437729957,22.04333528802828,38.18017217296623,-38.18017437729957,0.0,12676509.120125832,18991722.30683816,0.40628489302680587,0.41142681908248835,1.100933138554283,1.406186237856655,1.6078017278008974,3.931008287847862,9373680.069148289,13.011214111829045,19.617618606046076,0.4556485787041823,-0.01910630127362823,19.351198733079748,0.598705707586113,1070552295.8287923,46.6675331086777,21769.26448599065,19088755.139469005,-5.841812304758492e-07,-3.3382645873433255e-08,-11.990442406750935,46.6698425813034,97.0727513741541,97.07410103397957,62.4953393870954,68191.60628652677,77894229.7568752,1.1443227903858293,0.38088219110590776,1.3811134785254624,3.326524544704509,0.37606118773643904,1.2025158658873876,3.28882180274863,0.5628882155795731,5.390430011477892,-19.583333333333332,0.3375,0.5585,0.8435416666666666,0.3368333333333333,1.2233333333333332,1.3673333333333333
6.713966666666667,0.717,12.556666666666667,8.86,239.6375,0.09744674474584002,-21.5,7.245,47.95333333333333,-47.95333333333333,1.7214254175767143e-07,23.976664639919665,41.528806032952645,23.976668792800155,41.52880363528597,-41.528806032952645,0.0,9575411.900205538,10379149.281023894,0.4071933145293674,0.41216455993018003,1.1124703056640524,1.420625538052523,1.620643049342437,3.9353342568463834,8121466.352053458,17.834647030402426,7.964294021305555,0.3660809694053832,-0.014298495873798762,12.63476146519059,0.6505748592282903,699525002.3247708,26.132500233801245,13268.646980155563,10476145.880792467,-8.265621279457229e-07,-5.39680048324648e-08,-16.8399693608524,26.143534952612743,87.35443597154914,87.35726075637952,65.87623515668908,67557.29854369309,77480861.52835038,1.1090169220508357,0.38176416633558413,1.3926383870560153,3.3298255307604614,0.37710265796104064,1.2152563506261211,3.2916703301905406,0.5556840833886431,5.4003416459975835,-0.8833333333333329,0.1875,0.36550000000000005,0.9814583333333333,1.4941666666666666,0.89,1.4126666666666667
8.253966666666667,1.0776666666666668,12.643333333333334,10.166666666666668,242.7625,0.09678951692399568,-23.366666666666667,19.051666666666666,53.78666666666667,-53.78666666666667,1.9308300109841418e-07,26.893331060040577,46.580621030705124,26.893335718102552,46.58061834137178,-46.580621030705124,0.0,12621819.86070171,14769776.664814193,0.40558066802231846,0.410784626452514,1.0964824640983317,1.400573773416879,1.6027777364965803,3.929287777793185,9344829.85302052,20.703660698193588,5.859672283718972,0.36436623176330935,-0.016886341399269502,14.621322026585549,0.6432846631065332,602291403.4832101,24.26576132712335,17501.09926863194,14866751.781431397,-8.646831788942338e-07,-6.284671466151083e-08,-16.2243207659227,24.278947438586414,115.21632435717041,115.22281723521863,86.99905598832329,68438.28151985099,78052430.48883572,1.1573365347972993,0.38055500835940587,1.3766599121863907,3.325274188401465,0.3756707872300134,1.1976213701610252,3.2877499980783376,0.5650659491223298,5.386828433104967,-17.583333333333332,0.35350000000000004,0.6575,0.9789583333333334,0.7965,0.9446666666666667,0.8393333333333333
7.285633333333333,1.0430000000000001,13.323333333333334,9.846666666666668,237.96249999999998,0.09781100827250379,-17.166666666666664,15.995000000000001,52.52,-52.52,1.8853592992728145e-07,26.259997780242895,45.48365548833601,26.26000232860832,45.48365286233601,-45.48365548833601,0.0,11071339.286030214,10738273.210147291,0.40793669996310705,0.4127841046364641,1.1212520929356167,1.4315580414008497,1.6303903203127703,3.9386476316110826,8757479.98405138,19.655677370651738,6.856932484458932,0.7030373602122596,-0.013556341240862009,12.416179186265696,1.0648008607984316,776166281.0179293,21.48666048895739,13606.864719587347,10835266.13817306,-8.611026826541286e-07,-6.566862163491376e-08,-11.382842539954343,21.497097760131304,93.78803974558484,93.79449110137875,70.42296983474611,67085.09166847244,77167241.8243877,1.0720352645510227,0.38240021880959196,1.401381613770592,3.3323418430539773,0.3778555426270146,1.224897744761808,3.2938348347432815,0.5423958419238821,5.407420223968826,-17.25,0.2385,0.3405,0.9210416666666666,0.7778333333333333,1.3646666666666667,1.1193333333333333
10.773966666666666,0.7163333333333333,12.45,9.593333333333334,244.78750000000002,0.09637867393942014,-21.06,10.675,58.42,-58.42,2.0971570880334695e-07,29.209997530879473,50.59320551463423,29.210002590199885,50.593202593634224,-50.59320551463423,0.0,12465370.460612774,20942640.8627937,0.40464141046847263,0.41000123753709916,1.0863060301303733,1.3878421437132986,1.5913441667615502,3.9255645244362447,9292443.253620628,23.37153132247084,4.990438329933077,0.40667025069972496,-0.020914374966222164,18.584671517899015,0.6681390387197775,561959931.5122187,22.99942145770039,23489.20324970652,21039601.72599432,-7.876104487753937e-07,-4.064612428984902e-08,-16.774849467434883,23.011738890598004,143.65843375900798,143.66499426448524,100.49127343992511,69009.1584884013,78413513.62998039,1.1878122878874615,0.3798140735076331,1.3664392997415498,3.3224431480533614,0.3747814595152407,1.186430026331974,3.2853326438128265,0.5701657218480156,5.378754473696294,-9.749999999999998,0.36350000000000005,0.5625,0.7627083333333333,0.20616666666666666,1.154,0.9913333333333334
6.865633333333333,1.0936666666666668,11.163333333333334,13.446666666666667,238.01250000000002,0.0977999959452568,-23.206666666666667,13.568333333333335,58.68666666666667,-58.68666666666667,2.1067298694463806e-07,29.34333085294214,50.8241456288172,29.343335935356563,50.82414269448386,-50.8241456288172,0.0,11347902.908394191,12530561.21836948,0.40786169340752537,0.4127119416617446,1.1209874238119664,1.431220465609831,1.6300894407424305,3.9385320790694194,8771728.471644845,24.117130778755616,6.196567207363948,0.3385994914951542,-0.021614005111568683,13.74959571351526,0.5811958949896442,597258366.4401405,25.11432492752688,15261.05244370752,12627517.923705762,-9.667275394124322e-07,-6.300399374275725e-08,-16.965725460940465,25.126357743545377,120.0122615478167,120.01888777728654,89.23828597785673,67099.18739609097,77176676.99164914,1.0731295020534906,0.3823812441026714,1.401119631604001,3.3322660339799888,0.3778330973229249,1.224608109615583,3.293769477998993,0.5427913141935621,5.407208865676383,-4.316666666666666,0.5325000000000001,0.5565,0.789375,0.39516666666666667,1.354,1.094
9.385633333333335,0.8323333333333334,13.336666666666666,9.366666666666667,248.4875,0.09565453961126115,-19.953333333333333,10.255,44.153333333333336,-44.153333333333336,1.5850132824427331e-07,22.07666480052662,38.237909405845315,22.076668624317453,38.23790719817865,-38.237909405845315,0.0,10906432.32655131,14658811.92136349,0.4031514908683795,0.4088072713983575,1.068135437952113,1.3651227843551015,1.5708320997945866,3.919118695425802,8734298.700410394,15.668641781330415,8.037838109058278,0.3055089634483463,-0.010481040921797411,14.43756851921594,0.6327414439832089,690547556.9343791,27.86111631761458,17517.416658833703,14755831.64629386,-6.570647281403079e-07,-4.126642737428372e-08,-15.414429804028428,27.876009476633453,90.93361619877648,90.9351943032991,63.54282179436206,70052.24233217226,79057142.97163844,1.2327743823361943,0.378488097466162,1.3480973945402221,3.3174712487364437,0.3731770912273746,1.1664528922680946,3.2811092041103236,0.5716607534553614,5.364488001657893,-10.683333333333334,0.2935,0.2355,0.961875,0.25983333333333336,0.7846666666666666,1.0086666666666666
9.292300000000001,0.8236666666666667,12.836666666666666,11.326666666666668,246.5375,0.09603326173099783,-18.326666666666668,20.708333333333336,58.053333333333335,-58.053333333333335,2.083994513590717e-07,29.0266642130433,50.275662857632646,29.026669240609447,50.275659954965974,-50.275662857632646,0.0,12947047.287115654,15605105.446698178,0.4038181946871366,0.40931434694621266,1.0776291163331764,1.3769932543043055,1.5815514126359413,3.9224355160619466,9496679.553894721,22.25962825049366,5.389246318683264,0.5543064028993292,-0.017170456419692597,15.12170557476996,0.8096850664771779,635839664.9414105,21.79356834982857,18314.950566897314,15702078.021443516,-8.70360945613112e-07,-5.945857570058677e-08,-12.057755078561343,21.806639344088477,121.87174532131874,121.87802661684768,88.60975821463346,69502.50895504975,78720074.3579281,1.2130896760987107,0.3791757370695834,1.3576938456746979,3.3200511044763408,0.374013184961926,1.1769024710000044,3.2832991903602884,0.573683766923159,5.371826608372659,-3.0166666666666657,0.5955,0.6164999999999999,0.7647916666666666,1.2071666666666667,0.8406666666666667,1.0286666666666666
10.913966666666667,0.8403333333333334,13.316666666666666,8.593333333333334,241.3125,0.09709154047943659,-20.153333333333332,14.221666666666668,45.086666666666666,-45.086666666666666,1.6185180173879215e-07,22.54333142774596,39.04619980548571,22.543335332365835,39.046197551152375,-39.04619980548571,0.0,11988731.298905768,17606034.829109475,0.4064424202459366,0.41153883920807843,1.1038604173670854,1.4098404453167035,1.611057463413962,3.9320671154293434,9152499.222328532,16.20498373240092,8.121996553611421,0.3139888682681746,-0.011039558229182529,16.193534770733738,0.5924464397338662,679742771.1245604,28.01843574386941,20374.763959500946,17703051.637696687,-6.327720019227009e-07,-3.9716105307712717e-08,-15.125822471557665,28.03105173358369,99.29435574808683,99.29550645628031,67.7280593219724,68029.50541891372,77789306.94026801,1.135818437355962,0.38108909984650763,1.3840420066607104,3.3273449333110716,0.3763098460948951,1.2057468810783736,3.28952659396184,0.56143476414542,5.392677938982248,-14.316666666666666,0.4625,0.28850000000000003,0.9722916666666667,0.22249999999999998,1.014,0.79
12.7573,1.0210000000000001,12.236666666666666,13.793333333333333,237.7125,0.09786620169210379,-20.913333333333334,18.048333333333332,46.28666666666667,-46.28666666666667,1.661595533746021e-07,23.14333137702798,40.08543031930908,23.1433353855709,40.08542800497574,-40.08543031930908,0.0,13579323.360000268,22991133.292216513,0.40810745738996274,0.41293718598998014,1.122572711350936,1.4332098363689902,1.6318587713754407,3.939157799627006,9766029.973752676,16.3503032539284,10.192130534995972,0.34689366724904974,-0.011436656534154623,18.018946386737245,0.4690242804497369,672384885.4843543,34.53600389518915,25608.173902437644,23088144.50456012,-7.284039437062818e-07,-3.636233359815954e-08,-15.344015038022107,34.550090396438094,114.19486877676603,114.19567970644991,79.52520425810172,67014.61303037978,77119996.11706026,1.0665729812931548,0.3824950562770486,1.4026923390839956,3.332721493986104,0.3779677208408519,1.2263476335293761,3.2941623001054507,0.5404196288560664,5.40847671252572,-16.95,0.35250000000000004,0.4315,0.8489583333333334,0.8571666666666666,1.1313333333333333,1.1206666666666667
7.670633333333333,0.841,11.516666666666666,13.166666666666668,237.7375,0.09786067260081616,-17.486666666666665,10.955,45.82,-45.82,1.6448431662734266e-07,22.909998063418307,39.681285119488884,22.910002031546707,39.681282828488875,-39.681285119488884,0.0,9706895.465412825,9522316.309479235,0.4082507558388978,0.41308490921483865,1.122443691970366,1.4330740608630126,1.63174052013964,3.939159755854436,8141575.086597505,15.910959949724997,12.971787408466039,0.31714437859415373,-0.013228514226727054,12.370898414336935,0.4391247588990671,820087517.0125823,34.15289457816137,12486.985374341184,9619334.83918625,-7.318013778091098e-07,-4.873447680713263e-08,-12.658529581905663,34.15535949190094,78.46596588463123,78.46816115118364,54.64296769058134,67021.66089418907,77124725.80664517,1.0671184961764377,0.38248557317297627,1.4025612107205672,3.3326834830722945,0.37795650385011326,1.2262024939870637,3.294129496489577,0.5406171800855115,5.4083710527618525,-10.116666666666665,0.6515,0.37150000000000005,0.920625,1.2538333333333334,1.4086666666666667,0.8286666666666667
7.0173,0.9556666666666668,11.136666666666667,11.553333333333335,238.1875,0.09776152237081354,-23.286666666666665,16.065,57.620000000000005,-57.620000000000005,2.068438743794737e-07,28.809997564691464,49.90038517208532,28.81000255472984,49.900382291085315,-49.90038517208532,0.0,11461537.727244964,11856982.92586053,0.40778649006901485,0.41264966641157225,1.1200656895248662,1.4300728387665886,1.6290686548004687,3.9381833870189182,8803745.769091269,23.189623089890144,6.62946084939078,0.31364837119224076,-0.02266507177905485,14.18597584180853,0.528263929823921,599233352.916022,26.05763016158309,14615.312166390437,11953943.903333269,-9.281529413871467e-07,-6.512243501849434e-08,-16.522336522118866,26.069972897841268,113.79104505722421,113.79764969708557,84.69392558925968,67148.52244275581,77209663.01068479,1.0769641109071775,0.38231483365263885,1.4002032505759512,3.332001064734007,0.37775452926600417,1.2235952619212327,3.2935410948767108,0.5441760188921904,5.406469221806452,-16.116666666666667,0.5195000000000001,0.2265,0.8410416666666667,0.2435,1.3526666666666667,1.3233333333333335
9.000633333333333,1.0783333333333334,12.89,9.766666666666666,239.08749999999998,0.09756540075959591,-20.073333333333334,17.208333333333336,55.18666666666667,-55.18666666666667,1.9810871134019241e-07,27.593331000869597,47.793056630165715,27.593335780175128,47.793053870832374,-47.793056630165715,0.0,12294169.183265904,15009796.525988545,0.40736636681661437,0.4122956442452224,1.1153415524439851,1.4241874341584917,1.623823739346791,3.9363906470409282,9214810.936014026,21.44046041643559,5.790445371917247,0.46649350619171837,-0.016673089845135734,15.017514834329008,0.7216482488901839,642482934.5994434,22.546478866961404,17733.90185876774,15106773.337563932,-8.466602666864417e-07,-5.750843920263762e-08,-14.133384278807753,22.55784826122924,116.20385172822947,116.21016050862367,86.34106973952926,67402.24553988929,77378361.79068156,1.096800283059961,0.3819731319321037,1.3955018678085285,3.3306465588985046,0.37735011034742666,1.2184082140585433,3.29237543908281,0.5513106345546687,5.402665839938624,-19.05,0.35550000000000004,0.4355,0.7952083333333333,1.4241666666666668,0.838,1.166
10.9373,0.771,13.303333333333335,7.1,249.4625,0.09547080330394167,-23.913333333333334,10.465,49.120000000000005,-49.120000000000005,1.7633063362581998e-07,24.55999792394385,42.53916903250314,24.560002177860635,42.539166576503135,-42.53916903250314,0.0,12157647.861001698,20249205.973902486,0.4025599285697865,0.40829129696030647,1.0634249658375203,1.35920492074437,1.56545797671377,3.9174182866530307,9218912.675464243,18.305746725728234,5.892705992042951,0.31078087465532245,-0.014466384175407241,17.48654453684703,0.6633241428679278,606302310.0980924,25.2616916689168,22888.6111860242,20346193.394728187,-7.05487285941914e-07,-4.045835830731622e-08,-19.107776175340305,25.277010193194027,119.38930022878687,119.39044929277163,84.68678550375895,70327.10902073354,79222540.55580358,1.2427078152306936,0.3781381489695718,1.3433262239636372,3.316196013768049,0.3727525880978313,1.1612851373849589,3.2800308844911577,0.5706973301600256,5.360735030982475,-12.316666666666666,0.37550000000000006,0.6305000000000001,0.9293750000000001,0.4231666666666667,0.902,1.0713333333333335
