floating.member_Y_pontoon_lower1:outer_diameter+floating.member_Y_pontoon_lower1:outer_diameter+floating.member_Y_pontoon_lower2:outer_diameter+floating.member_Y_pontoon_lower2:outer_diameter+floating.member_Y_pontoon_lower3:outer_diameter+floating.member_Y_pontoon_lower3:outer_diameter,floating.member_Y_pontoon_upper1:outer_diameter+floating.member_Y_pontoon_upper1:outer_diameter+floating.member_Y_pontoon_upper2:outer_diameter+floating.member_Y_pontoon_upper2:outer_diameter+floating.member_Y_pontoon_upper3:outer_diameter+floating.member_Y_pontoon_upper3:outer_diameter,floating.member_column1:outer_diameter+floating.member_column1:outer_diameter+floating.member_column1:outer_diameter+floating.member_column1:outer_diameter+floating.member_column1:outer_diameter+floating.member_column1:outer_diameter+floating.member_column1:outer_diameter+floating.member_column2:outer_diameter+floating.member_column2:outer_diameter+floating.member_column2:outer_diameter+floating.member_column2:outer_diameter+floating.member_column2:outer_diameter+floating.member_column2:outer_diameter+floating.member_column2:outer_diameter+floating.member_column3:outer_diameter+floating.member_column3:outer_diameter+floating.member_column3:outer_diameter+floating.member_column3:outer_diameter+floating.member_column3:outer_diameter+floating.member_column3:outer_diameter+floating.member_column3:outer_diameter,floating.member_main_column:outer_diameter+floating.member_main_column:outer_diameter+floating.member_main_column:outer_diameter+floating.member_main_column:outer_diameter,configuration.rotor_diameter_user,financese.lcoe,floating.jointdv_0+floating.member_column1:joint1_2+floating.member_column2:joint1_2+floating.member_column3:joint1_2+floating.member_main_column:joint1_2,floating.jointdv_1+floating.member_column1:joint2_2+floating.member_column2:joint2_2+floating.member_column3:joint2_2+floating.member_main_column:joint2_2,floating.jointdv_2,floating.member_column1:joint1_0+floating.member_column1:joint2_0,floating.member_column1:joint1_1+floating.member_column1:joint2_1,floating.member_column2:joint1_0+floating.member_column3:joint1_0+floating.member_column3:joint2_0,floating.member_column2:joint1_1,floating.member_column2:joint2_0,floating.member_column2:joint2_1,floating.member_column3:joint1_1+floating.member_column3:joint2_1,floating.member_main_column:joint1_0+floating.member_main_column:joint1_1+floating.member_main_column:joint2_0+floating.member_main_column:joint2_1+towerse.tower.torsion_freqs_1+towerse.tower.torsion_freqs_2,floatingse.platform_cost,floatingse.platform_mass,floatingse.structural_frequencies_0,floatingse.structural_frequencies_1,floatingse.structural_frequencies_2,floatingse.structural_frequencies_3,floatingse.structural_frequencies_4,floatingse.structural_frequencies_5,floatingse.system_structural_mass,raft.Max_Offset,raft.Max_PtfmPitch,raft.Std_PtfmPitch,raft.heave_avg,raft.heave_period,raft.max_nac_accel,raft.max_tower_base,raft.pitch_period,raft.platform_displacement,raft.platform_mass,raft.platform_total_center_of_mass_0,raft.platform_total_center_of_mass_1,raft.platform_total_center_of_mass_2,raft.roll_period,raft.surge_period,raft.sway_period,raft.yaw_period,rotorse.blade_mass,rotorse.rp.AEP,tcons.tip_deflection_ratio,towerse.tower.fore_aft_freqs_0,towerse.tower.fore_aft_freqs_1,towerse.tower.fore_aft_freqs_2,towerse.tower.side_side_freqs_0,towerse.tower.side_side_freqs_1,towerse.tower.side_side_freqs_2,towerse.tower.top_deflection,towerse.tower.torsion_freqs_0,tune_rosco_ivc.Kp_float,tune_rosco_ivc.omega_pc,tune_rosco_ivc.omega_vs,tune_rosco_ivc.ps_percent,tune_rosco_ivc.ptfm_freq,tune_rosco_ivc.zeta_pc,tune_rosco_ivc.zeta_vs
True,True,True,True,True,False,True,True,True,False,False,False,False,False,False,False,False,False,False,False,False,False,False,False,False,False,False,False,False,False,False,False,False,False,False,False,False,False,False,False,False,False,False,False,False,False,False,False,False,False,False,False,False,False,True,True,True,True,True,True,True
11.4098,1.0648,13.376,13.288,240.625,0.09723769945383194,-18.823999999999998,13.510000000000002,46.15,-46.15,1.6566894832719037e-07,23.07499804947086,39.96707351079031,23.0750020461781,39.967071203290296,-39.96707351079031,0.0,12046570.146477344,17856001.714542877,0.40671163634245294,0.4117550539619434,1.1073771018284566,1.41424389466599,1.614973349498538,3.9333660973227946,9177854.83263574,16.71461912232291,7.369301348255569,0.32375263357560474,-0.009546308592079139,14.898904142342149,0.5971551526970593,656075726.4798408,26.76052923875418,20612.52611351241,17953016.557826295,-7.144343952573022e-07,-4.0752852098809206e-08,-13.976819885599223,26.773148957147225,102.1791865224899,102.18031486991318,70.4431726825103,67835.689164159,77663219.70535374,1.1257018077578769,0.381336485890601,1.3875536673935105,3.3283328475369833,0.37660695582906106,1.2096292530747146,3.290376873719491,0.5597005767128098,5.395368259205328,-6.9399999999999995,0.6093999999999999,0.265,0.75875,0.5018,0.7824,1.352
7.4058,1.04,13.92,7.16,242.15499999999997,0.09691556508369645,-21.64,16.254,60.63,-60.63,2.1764915139929693e-07,30.314997437473853,52.507121710925595,30.315002688185878,52.50711867942559,-52.507121710925595,0.0,12448936.555555949,15013752.861960417,0.40580848450252366,0.41096497510777236,1.0995588733607655,1.404419502545398,1.6062138626499696,3.9304049170929196,9347113.588573031,24.880101077488018,7.252401114277158,0.9424464261349048,-0.01984782255850475,14.216994250370067,1.4500786280416211,939578142.77473,18.43556714541221,17686.723978919897,15110708.21816203,-9.532052516495515e-07,-7.063681689321432e-08,-15.47803971212416,18.445540786053552,132.77576216176945,132.78279908791384,105.5604520326846,68267.01842928589,77942763.76018912,1.1482932565705997,0.3807735692753935,1.3797413924307382,3.326132474799166,0.375933692238993,1.2010119705955895,3.288485582899324,0.5635529250572477,5.389199554348039,-9.82,0.187,0.403,0.75775,1.3726,1.3184,1.4416
11.5218,0.7864,12.232,8.248000000000001,242.245,0.09689689073750408,-23.112,16.898,60.510000000000005,-60.510000000000005,2.1721837623571595e-07,30.25499744254565,52.403198659543264,30.255002682865374,52.40319563404326,-52.403198659543264,0.0,13897993.187406272,23947816.180117626,0.4057932598861559,0.4109570134141873,1.0991027944726133,1.4038512846052096,1.605706695663976,3.9302412528040964,9839776.10195499,24.724622379330864,4.967914102653244,0.36808821950671544,-0.024517033786705354,20.64646256198743,0.5676547360150224,566556164.0288898,23.88364260205573,26396.598605266,24044769.077096894,-7.992097389181827e-07,-4.403523880032443e-08,-17.651715268392895,23.894748810345487,158.0512650773315,158.05807256756015,110.72456132828705,68292.39073899924,77958989.08242214,1.1496268529028784,0.3807412197530207,1.3792843851704204,3.326004984989228,0.37589478199731263,1.2005086653751023,3.288376234506328,0.563758024806787,5.388848672257893,-5.380000000000001,0.4498,0.5254,0.82725,0.9441999999999999,1.2304,0.7136
9.8838,1.0728,10.648,6.168,247.97500000000002,0.09575251249806523,-18.584,14.966000000000001,47.75,-47.75,1.7141261717493696e-07,23.87499798184688,41.352714195888126,23.875002117118186,41.35271180838812,-41.352714195888126,0.0,10584343.858445898,12400613.257676952,0.4034321938071432,0.4090476455509716,1.0706194474961621,1.3682439111314237,1.5736559010038536,3.9200108967065757,8433750.402926855,14.793700073464567,17.357273482709708,0.3501931502269441,-0.026221760345394994,18.10667746596692,0.43505568057327626,938543244.0216438,43.55727865913622,15285.336399310836,12497622.145111706,-6.176026258178602e-07,-4.1829248557338246e-08,-13.619274062252288,43.55828154612062,89.62787828897311,89.62959676052894,59.32819672712438,69907.76112408238,78969815.5589322,1.227585224849255,0.3786656396038991,1.3506079550111587,3.318140835500818,0.37339398649453276,1.1691822651389714,3.2816764744173614,0.5721757019318959,5.366366609617246,-9.94,0.44500000000000006,0.1522,0.81525,1.3166,0.8944,0.8896
10.709800000000001,0.7624,10.968,10.424,236.275,0.09818137199091234,-17.4,17.654,43.07,-43.07,1.5461238579527823e-07,21.53499817964702,37.299715191977,21.535001909618433,37.299713038476995,-37.299715191977,0.0,11193384.316926252,13666733.394325178,0.40914885602923795,0.4138792438823285,1.1302106697862448,1.4427863760241435,1.6403519309751857,3.9421849460223806,8715121.784265745,10.509919539649028,31.24520968123383,0.3920151269271358,-0.03737011801910338,16.857724705941088,0.4966188169354297,1365790890.5470736,56.12407560292024,16574.655334497897,13763769.78311031,-5.620303179608563e-07,-3.645362435170623e-08,-12.103623110231442,56.33364720754529,83.66570832531742,83.66934397674446,51.41928106734548,66609.36086134717,76846721.98492764,1.0354542705821475,0.3830400439330112,1.4102583250651919,3.334925591093019,0.37861191807788314,1.2347398628934394,3.2960680813799756,0.5289725346578005,5.414554429969378,-15.899999999999999,0.6778,0.47140000000000004,0.78325,1.0226,0.8144,1.3568
8.3998,0.9656,14.088000000000001,7.016,235.76500000000001,0.0982926352652396,-17.72,7.322,46.83,-46.83,1.6811000758748266e-07,23.414998020730668,40.55597080195688,23.415002076327635,40.555968460456874,-40.55597080195688,0.0,10053732.817256512,12721263.427108169,0.4090826869357436,0.41377183396157297,1.1329283844012301,1.4461347774173883,1.6433062775556215,3.94315858955273,8398892.8351444,17.439073031863888,7.1802001595618234,0.5505550214777173,-0.010771594017780807,13.343958720284194,0.9113143792072081,771344321.1801069,22.505773018225135,15585.84262585254,12818274.65130407,-7.17047977668458e-07,-4.511291559589309e-08,-13.990882663510197,22.51512827918497,90.37814007054004,90.38009873510501,65.85983573085832,66465.5844396382,76748705.76231365,1.024535683792921,0.3832331516772115,1.4129543326079823,3.3357161567031954,0.3788400276874039,1.237740028265496,3.2967536386849217,0.5249748147804472,5.4167098283094965,-5.620000000000001,0.38859999999999995,0.35139999999999993,0.85525,0.569,1.3248,0.7776
9.2118,1.024,12.696,10.808,246.535,0.09603375418140142,-21.928,14.49,55.510000000000005,-55.510000000000005,1.992694110865079e-07,27.754997653870586,48.07307151861257,27.755002461177604,48.073068743112565,-48.07307151861257,0.0,12275956.087967826,16404637.176591923,0.403826156059157,0.4093222141522955,1.0776415116119682,1.37700962153781,1.5815662261011327,3.9224409262536435,9214343.733575951,21.532002926653654,5.402426128517361,0.41951089822921717,-0.017406986144396428,15.424865711886193,0.6862421826915752,591677565.9655793,23.185416528242058,19088.82204445137,16501607.390722264,-8.632896771031475e-07,-5.379457651677894e-08,-16.296567864951005,23.19913550159856,123.80362498861052,123.81010447255267,91.46937466853261,69501.80416866882,78719639.53688557,1.2130645944378753,0.37917660716984414,1.3577062512110607,3.320054448902246,0.37401424342923295,1.176915960017034,3.283302024417955,0.5736863411970354,5.371835841204546,-13.26,0.3046,0.1582,0.94025,1.017,1.3856,0.9279999999999999
6.7898,0.8624,10.872,6.92,242.815,0.09677866075769183,-21.032,12.418,48.91,-48.91,1.7557677708955322e-07,24.454997932819495,42.35730369258405,24.455002168549747,42.35730124708404,-42.35730369258405,0.0,9563666.814662889,8044117.540585888,0.4056893257449531,0.41089967642068775,1.096219793841949,1.4002662286017518,1.6025041751484577,3.929234724430677,8020247.677570889,17.06563167877419,12.825200594234477,0.26945545863714754,-0.02227511433855423,13.754512542197723,0.43572474699508507,782030929.7657613,35.55262378025036,10994.962098436536,8141113.903362088,-7.960510587086103e-07,-6.172851880594736e-08,-15.217693741643636,35.561479581886296,80.17551148605924,80.17878240648409,59.660660647101054,68453.08203385044,78061892.48832916,1.1581204898954385,0.38053612061727715,1.376394016654975,3.3252002905409843,0.3756480600354354,1.1973291288663086,3.287686727381561,0.5651986378934533,5.386623624490619,-11.06,0.1786,0.313,0.84275,1.2382000000000002,1.1792,1.1360000000000001
11.6338,0.8368,13.032,6.328,236.815,0.09806618714082095,-18.312,8.022,60.230000000000004,-60.230000000000004,2.1621323418736028e-07,30.114997454379846,52.160711539651146,30.115002670450856,52.16070852815113,-52.160711539651146,0.0,12129266.094471231,22539913.208415814,0.40843768135966324,0.4132006568244823,1.1273258764480318,1.439122600786346,1.6371034089846028,3.940953453046728,9154323.605818896,24.8034303587622,6.739298368793589,0.632228049869241,-0.021836411647122966,19.7682073581094,0.9629848173335956,655236780.4020047,20.957758845692233,25033.025383364322,22636873.20586943,-7.768752840515147e-07,-3.656953045989177e-08,-14.977793224725566,20.965799573123533,149.5951066572118,149.60163011536707,103.30138089803222,66761.59471962725,76949393.74091181,1.0470835986860112,0.38283548022417846,1.407410522355874,3.334093503672758,0.3783701788936566,1.2315762668328132,3.2953476452506916,0.5332134249599876,5.412272433565543,-12.14,0.1774,0.1318,0.9077500000000001,1.003,0.864,1.1280000000000001
8.9178,0.9768000000000001,14.104,10.568000000000001,249.175,0.09552508512171415,-23.912,9.478,53.19,-53.19,1.9094109125727533e-07,26.59499775192535,46.06389252522072,26.595002358314478,46.06388986572071,-46.06389252522072,0.0,12037632.39259552,18315787.54460378,0.4026045701724098,0.4083111581075966,1.0648060345565582,1.360921966224768,1.5670162217367594,3.917880422983735,9210327.53566501,20.702424172285255,8.853868910028243,0.7011907835501323,-0.014174322765810503,14.49233515505671,1.201973730594505,854234752.3116822,20.83973167888366,20960.305184237117,18412758.993229985,-8.683261887095056e-07,-5.179440965053377e-08,-18.863381454947287,20.85273063223722,127.44725363447436,127.45402182351651,97.15750893547131,70246.05858692701,79173891.45732705,1.239780164962813,0.37823774952569794,1.3447273644151612,3.3165671573539153,0.3728744101084523,1.1628032200113232,3.2803444099447714,0.5709812034703604,5.361786974266225,-4.779999999999999,0.139,0.3094,0.76075,0.10980000000000001,1.4544000000000001,1.1616
11.997800000000002,0.9520000000000001,14.304,11.704,236.00500000000002,0.09824000170234126,-19.592,19.558,46.27,-46.27,1.6609972349077138e-07,23.13499804439906,40.070996562172645,23.135002051498606,40.07099424867264,-40.070996562172645,0.0,13971121.996555246,22174838.376926746,0.4089447384319042,0.413650774830049,1.1316448492621245,1.4445281722250092,1.6418869575837816,3.94265132992976,10025267.45425157,17.002522469115227,6.7067806662330485,0.37153795341886864,-0.00892186932933858,16.18061616135855,0.6974826410211994,669598253.3359113,24.870329954198173,24820.460978420815,22271853.915967036,-6.426552907332736e-07,-4.133301595033681e-08,-13.743998282661666,24.880999914078426,111.71272166363345,111.7135414543065,75.33947314163501,66533.24393220713,76794914.71236666,1.0296660046422452,0.38314228770348385,1.4116848256215022,3.3353435484449907,0.378732705662813,1.2363266866591776,3.2964303961333554,0.5268550775978352,5.415695492345158,-16.74,0.4474,0.4414,0.81475,0.9189999999999999,1.4624000000000001,1.4928
7.5598,1.0936000000000001,11.472,10.056000000000001,247.795,0.0957870385039472,-20.568,13.706,50.79,-50.79,1.8232558798565547e-07,25.39499785336132,43.98543149757399,25.395002251904348,43.98542895807398,-43.98543149757399,0.0,10569030.759367643,10519052.582580877,0.4033445126589184,0.4089425862867398,1.0714897309327323,1.3693109878569327,1.5746192656862978,3.920277276513524,8468549.928014204,18.349733453153,8.62714302767057,0.2938665911532842,-0.01744742878599873,13.841560716486622,0.5123253638512799,671876566.9431312,29.63440331308139,13401.321535661475,10616043.025148792,-8.131066962358572e-07,-5.6925397303655177e-08,-14.787701426930116,29.650968771421013,93.0089647902884,93.01533732733743,68.08410193560287,69857.01650465568,78939093.52039985,1.2257661018086303,0.3787279987731089,1.3514911779264314,3.318376915639811,0.373470138036294,1.1701435129859878,3.281876666810989,0.5723574573752017,5.367026847590591,-12.74,0.4162,0.3274,0.76425,0.36460000000000004,1.464,1.2031999999999998
8.8618,1.0392000000000001,10.68,6.056,239.545,0.09746657130223431,-19.16,7.91,42.23,-42.23,1.5159695965021125e-07,21.114998215149605,36.57225383230064,21.115001872374886,36.57225172080064,-36.57225383230064,0.0,9084007.832474198,9528856.616316628,0.4076163791769595,0.4125866098648893,1.112960738480331,1.421290418839802,1.6212412586812461,3.9356157286003275,7825660.158048892,10.277654228444087,40.47828819210375,0.38750039052858537,-0.08368922415342542,15.843406627956453,0.44524427741954214,1611535616.1829593,64.31629223715757,12527.166191628525,9625887.04319172,-5.563557362777815e-07,-3.934014523447645e-08,-15.057186166806638,64.41806369655511,73.44041206069026,73.45998745168068,47.158010981895075,67531.2214475988,77463707.02891982,1.1069572100719949,0.3817993257594158,1.3931194727108456,3.3299632660733876,0.3771442983254018,1.2157854903032905,3.291788542910147,0.5549484761485155,5.400732629725966,-13.780000000000001,0.583,0.27340000000000003,0.80225,1.4818,1.0672,1.08
12.767800000000001,1.0592000000000001,13.552,8.744,235.615,0.09832570705664528,-17.576,16.422,51.99,-51.99,1.866333396214654e-07,25.994997802643336,45.02466201139736,25.995002305109413,45.02465941189735,-45.02466201139736,0.0,13355148.70599092,23469855.711983938,0.40908743664643954,0.4137646699428619,1.1337303670724264,1.4471249242785935,1.6441790333587942,3.943447901191127,9698354.549634336,19.613956255422732,6.090071211008882,0.4441343360270969,-0.013372639239714133,18.791446106404155,0.6802344706068496,662157934.2399685,23.460064254355178,26027.766718282728,23566849.95702585,-6.672373887470967e-07,-3.7201553249539166e-08,-12.956354414098174,23.46997667979818,126.0874344790669,126.09344866498381,82.7589757003517,66423.29725678261,76719794.63791253,1.0213362263085448,0.38328993920822796,1.4137484633559485,3.335949557635297,0.3789070880074501,1.2386246678734645,3.2969562294103403,0.5237995145973391,5.417343928436587,-9.459999999999999,0.5014000000000001,0.1246,0.92075,1.2438,1.2368000000000001,1.3536000000000001
8.4558,0.9744,12.632,6.216,245.545,0.0962277834710434,-20.088,7.154,48.79,-48.79,1.7514600192597224e-07,24.394997937891294,42.25338064120171,24.39500216322924,42.25337820170171,-42.25338064120171,0.0,10014170.997927595,12470442.021180373,0.4044187115479283,0.4098397881487931,1.0825396002714658,1.3831532816353058,1.5871184084013101,3.924241855414144,8304247.248386468,17.73882468717257,7.293054204097157,0.3449761919312424,-0.015332906608475801,14.848499628808083,0.6109376974942576,655865756.3763318,25.94020488111946,15317.689580272048,12567438.530690853,-7.24932915623855e-07,-4.4678422898817385e-08,-16.09612294310189,25.953746920643344,93.75242423942957,93.75452228973447,67.33418701895968,69222.70876182197,78546801.97242343,1.1993464329343533,0.37954137178864294,1.3626453144998771,3.3214048685449793,0.37445255679274553,1.1822912850995584,3.284449434557217,0.5721617476850692,5.375807215637089,-19.38,0.6898,0.199,0.76275,0.5998,1.2031999999999998,0.7343999999999999
10.8078,0.8400000000000001,10.888,8.76,240.50500000000002,0.09726340488397872,-23.32,7.378,51.15,-51.15,1.8361791347639843e-07,25.574997838145926,44.297200651721,25.575002267865866,44.297198094220995,-44.297200651721,0.0,11152810.6725751,17834411.9274837,0.40675663530271144,0.41179074116006825,1.1079924937826904,1.415014189768746,1.6156574039409817,3.933592372501598,8678624.084169064,19.271695821977247,10.049602872274853,0.279849234431473,-0.022081306688730557,19.58132526133557,0.3880525507238528,670391150.5697622,33.61013444004728,20498.680378771904,17931391.25807233,-6.615361421575246e-07,-3.466006764142294e-08,-19.175590407612596,33.62434336881577,117.11017476245034,117.11621184943584,77.76352578174723,67801.85941787453,77641097.43948668,1.123941926650813,0.38137966993047495,1.3881678040079932,3.328506088414077,0.3766587964529581,1.2103090734603843,3.290526147744925,0.5593972566856344,5.3958381991941335,-17.5,0.487,0.38739999999999997,0.81325,0.28059999999999996,1.2448000000000001,1.472
10.555800000000001,0.7888,11.608,12.92,237.055,0.09801252297376042,-16.072,20.509999999999998,43.75,-43.75,1.5705344505557052e-07,21.874998150906826,37.888612483143575,21.875001939767973,37.888610295643566,-37.888612483143575,0.0,11537800.163173947,12534925.647680668,0.4086427159395885,0.41342798369802164,1.12605844062917,1.437589026027149,1.6357485265161487,3.940556798094566,8875288.955906156,13.474107094090304,18.442346846343927,0.3601612484596381,-0.01505060455566336,14.514718469595229,0.4660932976722557,988900621.264348,42.48707256537533,15476.045030418663,12631963.72376671,-6.582042536424314e-07,-4.4207798639087414e-08,-10.029854265342795,42.46892613875859,81.24214642282264,81.24354487145122,53.77674572079996,66829.25421219619,76995091.49039474,1.052279120638853,0.38274447020078345,1.406146845440927,3.333725223136911,0.37826261457136706,1.2301744563091583,3.295029185358346,0.535153409235837,5.411256868645723,-18.18,0.1402,0.44619999999999993,0.91825,0.6137999999999999,0.7951999999999999,1.1696
10.5418,1.0848,10.856,8.68,247.015,0.09593952612412002,-19.88,15.722,60.39,-60.39,2.1678760107213494e-07,30.19499744761745,52.299275608160926,30.195002677544863,52.29927258866091,-52.299275608160926,0.0,12475494.660337245,18481731.93136727,0.40363351766673516,0.40916827872432154,1.0752944723677695,1.3740674454121466,1.5789174818175529,3.921610215955495,9200667.236169806,23.64913405634246,6.458650755226515,0.3777345481024651,-0.02803441097615162,20.394799323616844,0.5360079005346651,590607137.6253188,27.42817554957683,21088.13751841143,18578691.496621903,-7.621182754455844e-07,-4.2849687479882426e-08,-14.945145975416366,27.443832732621622,138.40283033298718,138.40915423892727,94.17707421268331,69637.12315380665,78802936.79718356,1.2178786822912597,0.37901041551620707,1.3553389592544358,3.3194172422246586,0.37381150991799955,1.1743302157986668,3.2827600064371016,0.5731534913469305,5.370073723769553,-14.58,0.28900000000000003,0.589,0.96825,0.5606,0.9536,0.9712000000000001
13.4678,0.744,11.512,9.416,235.79500000000002,0.09828603836805971,-16.312,17.094,45.79,-45.79,1.643766228364474e-07,22.894998064686256,39.6553043566433,22.89500203021658,39.65530206714329,-39.6553043566433,0.0,12656830.717396073,23152206.367465016,0.40917345414364104,0.4138659429221486,1.1327702223356975,1.4459503708213677,1.6431445227933585,3.9431168617739365,9364949.530362416,14.72393867249328,15.669718570430216,0.5310434011894813,-0.015692642317628683,21.630341223816323,0.6829984916628931,977028679.9310424,40.99420558577434,25798.70702005197,23249231.507050794,-5.88592900267521e-07,-2.780361900239266e-08,-11.980870376685102,41.00554392593969,108.53449940188602,108.53531535120533,68.61090498870489,66474.04187620932,76754483.88892482,1.0251762128201294,0.3832217968279472,1.4127955578808853,3.3356695239335035,0.3788266159166332,1.2375631810674292,3.2967131674458736,0.52520974168918,5.416583068673399,-7.539999999999999,0.391,0.6237999999999999,0.92825,1.3698000000000001,1.0384,1.4128
7.8678,0.9296000000000001,11.928,12.68,241.195,0.09711644902915648,-19.4,19.614,57.31,-57.31,2.0573103854022277e-07,28.65499757779361,49.63191728934762,28.6550025409852,49.63191442384761,-49.63191728934762,0.0,12151730.456183653,12746967.840517037,0.40631701847368384,0.41140179027860196,1.1044565945388611,1.410563428768665,1.611699485686892,3.932247885975766,9132852.795048,22.322858189944018,6.09653739356466,0.4123613198028794,-0.017995878206745072,13.899750123437302,0.660721005619184,630144065.315419,23.84259823595271,15517.608108294178,12843940.00097136,-8.961945001789685e-07,-6.396849237078608e-08,-12.694571675541443,23.85550751120096,113.47422391128286,113.48055479816823,83.63038444108278,67996.38045901018,77767786.463506,1.134085482394691,0.3811313885912194,1.3846413899028602,3.327513237963868,0.37636064708510103,1.2064089064966752,3.289671327506784,0.5611377707304227,5.393137670157036,-2.9800000000000004,0.2026,0.6886,0.97125,0.9693999999999999,1.1248,1.0144
12.8658,0.8376,13.48,9.16,242.395,0.0968656154644593,-19.656,16.73,58.19,-58.19,2.0889005640648339e-07,29.094997540600417,50.394019666151415,29.095002580002244,50.39401675665141,-50.394019666151415,0.0,14349331.746861715,27374165.2897237,0.4057397993494792,0.41091527380040244,1.0983424721517838,1.4029009117372377,1.6048579042969637,3.929964220257412,10103165.503123162,23.02534548609534,4.796388095981271,0.4985615064942822,-0.017655736607605135,20.125614746123585,0.8177722173166689,610206762.839935,21.955207992147187,29777.36535556645,27471132.670977276,-7.517155022003347e-07,-3.953089354694175e-08,-14.812267248748807,21.965336512879343,157.08957663559133,157.09631852282743,107.2975156461079,68334.67792185482,77986173.91343895,1.151858172099962,0.3806872452557576,1.3785230498059242,3.325792727736693,0.37582986806394775,1.1996705726602217,3.288194247489976,0.5641371319920027,5.388262911107516,-1.4600000000000009,0.48940000000000006,0.34299999999999997,0.79075,1.0506,0.7632,1.3056
9.4358,0.7744,12.36,12.312000000000001,245.39499999999998,0.09625757745704595,-22.887999999999998,19.502000000000002,48.15,-48.15,1.728485343868736e-07,24.074997964940884,41.69912436716258,24.075002134853207,41.69912195966258,-41.69912436716258,0.0,12661073.47824842,15703009.374993812,0.40443684440910566,0.4098453528838034,1.08328363768181,1.3840754684081649,1.5879501556074236,3.924496968900967,9372310.038816022,17.48719542075973,8.007021373807316,0.260283515464053,-0.012898429061567438,14.770527629831,0.5068237374143572,636426420.3691391,29.761168790979617,18476.713868017836,15800007.99933539,-7.694695396499786e-07,-5.230704102731594e-08,-15.875327999515653,29.77704245509676,104.26524683159478,104.26666028624501,74.66363109893749,69180.42157896643,78520445.32062186,1.1970580996638323,0.37959535904994374,1.36339546910682,3.321609749741861,0.37451769489521164,1.183108865421183,3.284623580372079,0.5717824940775258,5.376390264912544,-8.899999999999999,0.3262,0.31179999999999997,0.84325,1.493,1.12,1.4448
12.9638,1.0248000000000002,14.096,13.064,241.73499999999999,0.09700234090691195,-22.456,15.806000000000001,55.47,-55.47,1.991258193653142e-07,27.734997655561184,48.03843050148512,27.7350024594041,48.03842772798511,-48.03843050148512,0.0,14661162.394684274,27710741.559208024,0.40603512662662916,0.4111604058969828,1.1017019637961862,1.4071039657618165,1.6086170403331288,3.931209889689077,10259140.77547899,21.93606720813619,4.552985004324002,0.46624476829647954,-0.013717327812442809,17.743461399863854,0.7645957915767672,583340553.5104258,21.922417332243775,30110.96462467583,27807711.334794924,-8.350395812834925e-07,-4.37147816992972e-08,-17.068785385869905,21.932541774373053,153.7616796984217,153.76855303706094,109.12909197111094,68148.61431729027,77866491.40597588,1.1420632939424953,0.3809370651899812,1.3818894111362212,3.3267416043439644,0.37612714932630353,1.2033713676037292,3.2890081650500242,0.5625027358710064,5.3910259746915985,-7.620000000000001,0.565,0.577,0.82825,0.8938,1.192,1.0495999999999999
10.9758,1.0768,11.032,9.032,249.355,0.09549107547922164,-21.416,20.706,49.39,-49.39,1.772998777438772e-07,24.6949979125323,42.77299589811339,24.695002189831776,42.77299342861339,-42.77299589811339,0.0,12643467.104887482,17227268.029918693,0.40269382748035637,0.40841808872002366,1.063943883434992,1.359867497099175,1.566060051494358,3.9176249572977473,9297491.180694282,16.637903490988283,12.351006415232666,0.3238337469286667,-0.019792139277791717,19.066142585770507,0.40002006923734035,758401364.4533565,38.43348712144053,19966.88020205347,17324265.669012234,-6.462578952102484e-07,-4.1680969496233764e-08,-15.167336969183403,38.45260918667557,108.18506845004514,108.18624681352738,71.43067146449303,70296.8032063537,79204363.56886569,1.2416127031285173,0.37817539188166577,1.3438498765985152,3.316334646513822,0.372798144507574,1.1618523523213102,3.2801479706159617,0.5708034553837208,5.361128331210863,-0.14000000000000057,0.625,0.5722,0.83875,1.269,1.2768,1.376
10.331800000000001,1.0456,12.856,8.952,245.03500000000003,0.09632905261418387,-23.224,11.55,57.47,-57.47,2.0630540542499744e-07,28.734997571031208,49.7704813578574,28.735002548079205,49.77047848435739,-49.7704813578574,0.0,12786909.39358406,20796438.80051557,0.4045136363040055,0.4098924896122619,1.0850723615381361,1.3862974677310917,1.5899528668120355,3.925114713208113,9434212.5502705,23.075135387909075,4.863978964889491,0.4135051517180161,-0.02014958083188121,17.914175145485544,0.6803919802434734,584830349.9542077,22.480088431351017,23343.5215021432,20893398.359921955,-8.093156183863915e-07,-4.54212432188973e-08,-18.340067754378627,22.49215707329181,143.0439419650778,143.050645531602,103.43552064820308,69078.93234011302,78457267.95617485,1.19156762728359,0.3797250803834412,1.3651983618452885,3.3221030602706874,0.3746741258242199,1.185075110233348,3.285043138390505,0.5707913963558995,5.377792636692553,-5.300000000000001,0.5086,0.259,0.9722500000000001,0.49060000000000004,0.76,1.2
11.7178,1.0584,12.52,11.464,247.13500000000002,0.09591611031751378,-20.6,16.506,44.95,-44.95,1.6136119669138046e-07,22.474998100188845,38.927842996966945,22.475001992973038,38.92784074946694,-38.927842996966945,0.0,12713275.659279073,19519216.557552725,0.40377748232123717,0.4093252090050707,1.0747132576912803,1.3733663681937194,1.5782867760221948,3.921453096729791,9427193.355073849,15.597696187131126,9.792590223263202,0.28033247960157226,-0.011580738988137832,17.139589871066907,0.49959319344670994,672490476.4296741,32.84178920478456,22251.664493747638,19616234.095808595,-6.084855025656214e-07,-3.6568537007921706e-08,-15.18217472642096,32.85777982962863,103.40885081010819,103.40981202609028,67.46222689913027,69670.95290009114,78823674.51993394,1.2190867197549446,0.3789688453484853,1.3547478628083667,3.3192584306300685,0.37376078999182466,1.1736852816420988,3.282625045972473,0.5730309860063632,5.3696330111847255,-16.66,0.18819999999999998,0.3994,0.90575,1.059,1.112,1.2671999999999999
13.523800000000001,1.0896000000000001,10.768,11.048,243.175,0.0967044776962727,-17.48,15.134,49.59,-49.59,1.7801783634984553e-07,24.794997904079306,42.94620098375063,24.795002198699287,42.94619850425062,-42.94620098375063,0.0,12937736.494703684,25270815.74987363,0.40554923777073737,0.4107872703061956,1.094403054535625,1.397991701535516,1.6004676080663112,3.9285599264273827,9453081.345345153,16.299117207351816,14.151389222110902,0.5545751818826055,-0.01827386867852995,22.919781959384576,0.6772703902762904,922808544.947909,41.468705393796,27821.16251590891,25367819.456018336,-6.210983975453176e-07,-2.753246317497395e-08,-13.309035985837738,41.48693989765811,124.81945270365442,124.82025585979414,78.64027340541452,68554.57127270383,78126625.33247305,1.1635050736186971,0.3804065735042202,1.3745725225908123,3.324694722328155,0.3754921484606507,1.1953283212577355,3.287254083701354,0.5661085015984223,5.385219184206022,-5.860000000000001,0.44619999999999993,0.3526,0.96075,0.43179999999999996,1.4448,1.1728
11.8158,0.9872000000000001,13.544,12.872,235.16500000000002,0.09842588348117533,-22.552,16.674,58.83,-58.83,2.1118752394558202e-07,29.414997513550826,50.94827594019055,29.41500260837828,50.948272998690534,-50.94827594019055,0.0,14476780.446300952,25268199.09144979,0.40918070473539353,0.41382385146990364,1.1361423620011315,1.4501187201286612,1.6468167858317355,3.944354734644588,10136241.295134937,24.467006013386086,5.076207309157497,0.5098900492619574,-0.016597244909228794,17.544142685019928,0.8172424980561941,587213655.4010738,21.610544393945318,27689.767799841284,25365158.136807673,-8.902458770322036e-07,-4.82449464855202e-08,-16.91309243332183,21.619016767781176,158.22485697772274,158.2317391241029,114.66478495688622,66296.43570821588,76632753.5111534,1.0117707036500874,0.3834602113784879,1.4161340219870981,3.336652110505776,0.3791081306081601,1.2412849583879382,3.297566628810548,0.520281069969286,5.419245697486761,-11.7,0.32499999999999996,0.4534,0.96375,0.14900000000000002,1.4704,0.84
9.3378,1.0576,12.576,6.184,246.325,0.09607505205764753,-19.752,10.71,52.67,-52.67,1.890743988817577e-07,26.334997773903147,45.613559302563935,26.33500233525895,45.613556669063925,-45.613559302563935,0.0,11033180.243571183,14722937.683916654,0.40399101832558243,0.40947156634100884,1.078672387474428,1.378314115493495,1.5827399284038715,3.922827859162443,8705208.73579101,19.700304585222703,6.27907559804886,0.3945058169655805,-0.017714194048333735,16.351917379238476,0.6739972667657363,630676050.9850821,24.30175389880258,17482.805196761918,14819921.300414836,-7.424721952534508e-07,-4.5641151769394433e-08,-15.364616638435448,24.3161108322202,109.18260015549993,109.18878355379469,78.19956057615606,69442.602112671,78683186.62114455,1.210957727087697,0.3792493513232966,1.3587436916052356,3.32033433737106,0.3741029382091075,1.1780503389642731,3.283540324216486,0.5739029030508465,5.372607939530774,-10.54,0.115,0.2158,0.91525,1.2214,0.88,0.8592
11.2558,0.716,14.416,11.815999999999999,239.96500000000003,0.09737638982464322,-21.176000000000002,11.213999999999999,48.03,-48.03,1.7241775922329263e-07,24.014997970012686,41.59520131578025,24.0150021295327,41.59519891428024,-41.59520131578025,0.0,12372204.525128357,20462885.069021877,0.40699382854665794,0.41198848995473153,1.1107658834327576,1.4184933753681512,1.6187372570602263,3.934675195616529,9365174.787736066,18.069970213555067,5.837150606759844,0.4406680042820942,-0.01001557782273594,15.105299089906023,0.771705391171586,671104147.6394166,22.72776179375594,23113.549697253755,20559884.204430774,-7.578946885799516e-07,-4.2543906417591846e-08,-16.448618397727007,22.738769057473647,114.58315534715973,114.58423759869581,81.40552898400597,67649.62555959444,77541706.06520483,1.1160429393463969,0.38164053503219975,1.3909392360172856,3.3293402589704497,0.3769559796091988,1.2133864638525893,3.2912537273685913,0.5580265400606678,5.398971022840521,-11.38,0.36460000000000004,0.41500000000000004,0.87325,0.947,1.0144,1.4687999999999999
7.6578,0.7375999999999999,12.879999999999999,12.120000000000001,248.06499999999997,0.09573527313848348,-21.592,14.63,53.51,-53.51,1.9208982502682463e-07,26.754997738400554,46.34102066224029,26.755002372502492,46.341017986740276,-46.34102066224029,0.0,11704761.641811892,13827620.225320123,0.40314084202504286,0.4087590650033888,1.0701773432861268,1.3676528216764454,1.5731201160733754,3.9197882282722727,9020725.51006573,20.351883154271476,5.834319949304199,0.4640240779321202,-0.014913335994349085,13.374424125828089,0.7959892474051855,653361788.8888817,23.029788255370587,16597.373751803192,13924598.325839436,-8.916142601746594e-07,-6.024727061492317e-08,-15.551531773765284,23.044469076424104,111.77965174671363,111.78618135668965,84.22658222532613,69933.13343379572,78985165.84358272,1.2284955274896825,0.3786344615470436,1.3501666543988613,3.3180229789390205,0.3733559065734253,1.1687021724662974,3.281576568233081,0.5720850094770059,5.36603658156567,-10.66,0.5422,0.5806,0.79675,0.8518,1.04,0.7455999999999999
8.3718,0.876,13.768,8.408,244.10500000000002,0.09651494489476659,-21.064,13.873999999999999,43.87,-43.87,1.574842202191515e-07,21.934998145835028,37.992535534525906,21.935001945088477,37.992533341025904,-37.992535534525906,0.0,11136700.952269254,13099582.8999058,0.4051006334115989,0.4104104843924904,1.0897282904237797,1.392139661810571,1.5952180927496022,3.9268553999100653,8821524.484635942,15.710520832932366,7.834750362163546,0.3433450274564567,-0.00998974701146738,13.136204583185311,0.6838820913947523,703519449.8794639,26.680937580984107,15991.04100701812,13196603.064248677,-7.35186649098532e-07,-5.2825233394318344e-08,-15.282266802066754,26.694203972379004,87.22487337034656,87.22689572998287,64.83949372963201,68816.75180640843,78292625.75706299,1.1774871292587576,0.38007191334028023,1.3698811205508128,3.3233981010446105,0.3750891124578909,1.190185774042356,3.2861465046896,0.5684590028621199,5.381594830318022,-7.98,0.265,0.24459999999999998,0.81925,0.48219999999999996,1.0655999999999999,1.0704
8.6098,0.752,11.416,13.0,239.455,0.09748617371316189,-16.584,16.702,47.51,-47.51,1.7055106684777498e-07,23.754997991990475,41.144868093123456,23.75500210647717,41.144865717623446,-41.144868093123456,0.0,10724314.03741669,10523204.047810072,0.40739216792227967,0.41235173948006487,1.1134249402887415,1.421830976708425,1.621721825316085,3.935726425612508,8543154.099614084,16.185985630412528,12.203748355550736,0.32626466617761696,-0.01354461441571906,13.353726368115137,0.4469116637012397,777085308.1929348,34.07076106365387,13459.602086305655,10620220.086951375,-7.419847801469565e-07,-5.043233059066838e-08,-10.921325444359477,34.07745500994855,82.97672809480433,82.97860816715465,56.88294461220884,67505.84913788547,77446775.46535666,1.104955427922215,0.3818335237751593,1.3935877385459206,3.3300974061803457,0.3771847987491058,1.2163006785002188,3.2919036977555534,0.5542301584814414,5.401112973474015,-5.34,0.20140000000000002,0.4162,0.90225,0.5074,0.8448,1.2448000000000001
10.527800000000001,0.8480000000000001,14.280000000000001,13.192,236.905,0.09804607822750486,-22.68,17.262,51.59,-51.59,1.8519742240952877e-07,25.794997819549334,44.678251840122904,25.795002287374395,44.6782492606229,-44.678251840122904,0.0,13815965.835957061,21296325.80257015,0.4083930676320776,0.41316259901998253,1.1268476743177616,1.4385262901369729,1.6365749894349921,3.940770836636422,9936910.45596251,20.104937044449873,5.396668207078813,0.5025105384200285,-0.011377933701509904,14.965184338565539,0.8468361682439924,660624966.310909,21.952476604970112,23882.52741451028,21393309.812326014,-8.2679871334519e-07,-5.1385236312521444e-08,-16.467579894073342,21.962360318571818,127.5191697371305,127.52557654217577,93.34322611045621,66786.96702934062,76966516.92052598,1.049032938036247,0.3828013207212663,1.4069363642129502,3.3339552297467385,0.37832981745180533,1.2310502441342996,3.2952280690131373,0.53397245117874,5.4118907504038205,-3.8200000000000003,0.1522,0.1174,0.99575,0.39260000000000006,1.24,1.4224
8.2598,0.7535999999999999,12.672,9.975999999999999,249.265,0.09550806866597873,-23.64,8.722,53.67,-53.67,1.9266419191159932e-07,26.83499773163816,46.47958473075007,26.835002379596503,46.47958204725006,-46.47958473075007,0.0,11075378.736989701,14874407.142945005,0.4025895589546764,0.40830393125008335,1.0643733334277479,1.3603844182036156,1.566528560371406,3.9177376518032863,8739742.181825494,20.773189750582333,5.549538941805091,0.39484944586699344,-0.0175241350451042,14.676200017993317,0.7186296803214575,612912720.1307378,23.476381222017693,17599.240242660315,14971377.15621931,-8.802118543650957e-07,-5.257708431282626e-08,-18.697552039013488,23.491310430731435,117.20794674591603,117.21466402528179,88.82643200429635,70271.43089664035,79189134.24863686,1.2406961109418955,0.3782065695517988,1.3442884851326555,3.3164508346840567,0.372836279473427,1.1623276292952938,3.280246131805631,0.5708921467216045,5.361457622536891,-4.459999999999999,0.4042,0.3154,0.80775,1.2326000000000001,1.3584,0.9391999999999999
8.5398,0.9256000000000001,11.072,7.048,243.26500000000001,0.09668600500476744,-23.672,13.258,41.95,-41.95,1.5059181760185563e-07,20.974998226983807,36.32976671240853,20.975001859960376,36.32976461490852,-36.32976671240853,0.0,10358028.169921232,11072282.763982115,0.40567142258238087,0.4109194090073133,1.0939534694736508,1.397453864267577,1.5999875969307025,3.928446317410364,8368390.621926394,12.88773443449801,28.505524531221127,0.2729450863464879,-0.04445039664779507,15.516668022194557,0.42755660227880904,1294332631.4727752,55.92385573203985,14018.18249357173,11169305.305117019,-6.284320445080108e-07,-4.499970872047812e-08,-17.74880231429013,56.3233721989358,77.92148258859127,77.92388733227762,53.506525960895,68579.94358241718,78142765.7424701,1.1648535775492723,0.3803741899141698,1.3741176399972106,3.3245686553925857,0.3754531649764007,1.1948290256327194,3.287146270800527,0.5663359653515979,5.384868244934949,-0.5800000000000018,0.3226,0.45699999999999996,0.99125,0.2442,1.304,1.464
11.1018,0.872,10.792,11.96,236.84500000000003,0.09805952131884918,-19.272,17.177999999999997,56.03,-56.03,2.0113610346202551e-07,28.01499763189279,48.52340474126936,28.01500248423313,48.52340193976935,-48.52340474126936,0.0,12727656.356985226,19377105.320520476,0.40845198324792026,0.41321759375974026,1.1271669573072813,1.438929165174394,1.6369323507095472,3.940902241678252,9317437.338257551,21.204674911274694,8.613666327118448,0.41931568574458006,-0.020651771364953844,19.35504309661121,0.49476944026860903,650228114.8335526,31.836273252991344,21988.28268166407,19474080.99277008,-8.107819669566058e-07,-4.052787865951928e-08,-14.155624774269832,31.849915424526017,128.91207870306644,128.91819084204917,90.33289280294383,66770.05215619839,76955076.47270823,1.047736063632785,0.38282405840757533,1.4072523385403273,3.33404734547682,0.3783566941789696,1.2314008771218405,3.295307746971862,0.533500259052187,5.412144297748377,-15.86,0.3442,0.4474,0.75025,1.3334,1.4896,0.8048
12.613800000000001,0.8184,10.96,13.4,243.745,0.09658802421992718,-18.168,13.622,43.35,-43.35,1.5561752784363387e-07,21.674998167812824,37.54220231186912,21.67500192203295,37.54220014436911,-37.54220231186912,0.0,11614095.366091631,18661671.892927032,0.4053982796362095,0.41068218494150144,1.0915370595074496,1.3944208975747685,1.5972672084258617,3.9275432233070156,8921407.633976119,11.511273245170086,23.890361020614286,0.44454901695913435,-0.024426436248065706,18.125621610736715,0.5688447263736333,1176990803.5348933,53.96608169718288,21443.94040396945,18758702.40563348,-6.494207912297195e-07,-3.046464076767941e-08,-13.752255053388074,53.94211859347539,97.18993232284484,97.19208572674619,63.27647897251163,68715.26256755504,78228519.81880482,1.1720623243896708,0.38020146601511007,1.3716947134598694,3.323898414890011,0.3752451794399428,1.1921719783403122,3.2865735390516972,0.5675491196316776,5.38299727899748,-15.46,0.37660000000000005,0.6801999999999999,0.80325,1.4398000000000002,1.4784,1.1568
11.395800000000001,0.9816,13.992,13.272,246.565,0.09602786448355542,-16.792,18.298000000000002,59.75,-59.75,2.1449013353303631e-07,29.87499747466704,51.74501933412179,29.87500264916883,51.74501634662179,-51.74501933412179,0.0,13928204.723241944,21625837.884148426,0.40378651233633117,0.40928446623939574,1.0774939720556964,1.376820154483381,1.5813954961219914,3.92237928130276,9963672.554113993,23.459021360675806,5.110927749302931,0.6880106549283542,-0.014760307747273344,16.137780000558894,0.990805705098479,689669224.3889089,19.752410914557643,24180.444278708364,21722807.226710174,-8.704668250071015e-07,-4.988805694416651e-08,-11.649293598938476,19.763399867708266,144.22416132773526,144.23060325333532,102.80110349512371,69510.26160523994,78724841.5829925,1.21336575162998,0.37916621376637166,1.3575581224857403,3.3200145156672582,0.37400156961217507,1.1767540520065087,3.2832680360847486,0.5736554681813473,5.371725544936084,-6.66,0.5926,0.3718,0.83475,1.185,0.7647999999999999,0.7263999999999999
8.8758,0.9904000000000001,11.304,6.456,249.32500000000002,0.09549673620166191,-17.608,14.406,44.31,-44.31,1.5906372915228183e-07,22.154998127238436,38.37358672292781,22.155001964597,38.37358450742781,-38.37358672292781,0.0,10051951.636786038,10061110.025908772,0.4028894782603963,0.40861483466443227,1.0640919711593524,1.360081304569314,1.5662552352660168,3.917730653898655,8259582.850314923,13.49982775465114,18.239982209886676,0.3253863422582229,-0.022712080740376037,15.371828474332416,0.4232308724981053,973188961.1923606,43.388952661375555,13053.462386846008,10158137.573671665,-6.313878037529019e-07,-4.6109916792615144e-08,-12.540476938275427,43.35549573716226,76.04518191314435,76.04724398634194,52.248413459998545,70288.3457697826,79199289.4946758,1.2413071096253496,0.37818577823939953,1.3439960903643102,3.3163733650887384,0.3728108495831721,1.16201072910914,3.280180670404107,0.57083284485224,5.361237979007174,-8.22,0.6622,0.3166,0.85375,1.3082,0.7984,0.9952
7.8118,0.9456,12.368,9.576,245.155,0.09630522688170516,-23.608,11.969999999999999,58.629999999999995,-58.629999999999995,2.104695653396137e-07,29.31499752200382,50.77507085455331,29.315002599510766,50.77506792305331,-50.77507085455331,0.0,11586264.259738853,14368630.275374535,0.4044429723870095,0.40983096586294093,1.084474711682671,1.38554867994279,1.5892780645720586,3.9248975719808947,8912126.846301757,23.801715235597715,5.258170128746843,0.4746595037687507,-0.0220622535391704,14.915759292156036,0.757624350849796,619442473.0909729,22.145214867027647,17061.589047112382,14465585.589193974,-9.417241678463101e-07,-6.04922386613052e-08,-17.998778168676672,22.15804866005349,127.30707883620873,127.31402332718679,98.39444232262316,69112.76208639747,78478311.23118575,1.1933928998133962,0.37968189954451564,1.3645971924524207,3.3219384771750415,0.3746220441865547,1.1844191242686144,3.284903103249588,0.5710946420130198,5.377326050337494,-1.5399999999999991,0.4486,0.5902000000000001,0.79925,0.2162,1.3568,1.2144
10.8778,0.7807999999999999,13.344,8.184000000000001,248.395,0.09567205822234591,-20.264,18.718,44.67,-44.67,1.6035605464302482e-07,22.33499811202304,38.68535587707482,22.33500198055852,38.685353643574814,-38.68535587707482,0.0,12569825.148743171,17365757.600982144,0.40316172051828375,0.40880945285322784,1.0685825913171114,1.3656778657878434,1.5713343772104993,3.9192669720835203,9397079.086406875,15.503341093600419,8.316503914047905,0.3027312398621422,-0.01086410823434809,16.144869142356196,0.566455009926676,683391721.4875069,29.22123220367705,20161.578938390987,17462778.616460983,-6.287171824250764e-07,-4.3300311641014464e-08,-14.339753834137742,29.237263199907513,97.23588904885825,97.23710596567422,66.78049418763537,70026.16523607801,79041503.22096163,1.2318367352915203,0.37852014149154833,1.3485500654245857,3.3175918196999796,0.37321624675489573,1.1669446819924454,3.281211291907314,0.5717533482540407,5.3648269422823835,-7.5,0.35020000000000007,0.397,0.86525,1.3754,1.1360000000000001,0.9264
11.7318,0.8864000000000001,12.272,13.336,249.085,0.09554212265643638,-17.8,10.850000000000001,48.59,-48.59,1.7442804332000394e-07,24.294997946344292,42.08017555556449,24.295002154361732,42.08017312606448,-42.08017555556449,0.0,11397407.19753819,17659969.51755151,0.40281014677170146,0.4085124089811438,1.065242977411045,1.361493633971462,1.5675355889357925,3.918077299037331,8866627.290096894,17.271840022434706,7.929434011509052,0.33987665524317495,-0.011999755137189908,16.1244720599477,0.5320978920675165,655461219.975387,28.999350504606976,20407.855553582194,17756974.51720511,-7.178198175123657e-07,-3.595972815026687e-08,-13.757287286935876,29.016342482949636,106.67917408882764,106.68030225765166,71.38266478291445,70220.68627721365,79158636.90926075,1.2388645414257757,0.37826892767595904,1.3451663265701448,3.316683571923048,0.37291253657228807,1.1632791245669007,3.2804428053730446,0.5710703848613888,5.3621163864172425,-18.74,0.2338,0.6442,0.94975,0.8966000000000001,0.728,1.4176
6.8038,0.8288,11.136,12.136,242.965,0.09674769491199568,-20.456,14.042,59.67,-59.67,2.1420295009064897e-07,29.83499747804824,51.6757372998669,29.835002645621827,51.6757343163669,-51.6757372998669,0.0,10857870.142691998,10793922.123965405,0.4054875399981335,0.4107071190114636,1.0954592380794423,1.3992933758264237,1.6016321807641622,3.928915607343176,8575151.672670236,23.919064167835856,6.223143841561077,0.39774913461009986,-0.02294247568253999,13.607709078113551,0.628539571906036,617604698.4572446,24.30310268711637,13582.528661167273,10890881.910597159,-9.493749310637017e-07,-6.448414846362006e-08,-14.592840050646338,24.316989709074146,113.51920693046144,113.52592266125619,84.61413745870487,68495.36921670602,78088897.2555342,1.1603622146760524,0.3804821477723873,1.3756347023141453,3.3249893948918894,0.3755831082166517,1.1964947597157507,3.2875061944595445,0.5655777495623127,5.386038418931503,-5.66,0.3922,0.15940000000000001,0.91425,1.2662,0.7552,1.4656
9.5618,0.8832,11.104,12.84,248.335,0.09568353364921059,-16.887999999999998,8.89,52.59,-52.59,1.8878721543937038e-07,26.294997777284348,45.544277268309045,26.29500233171195,45.544274638809036,-45.544277268309045,0.0,10241145.45784836,13022704.485092891,0.40314131370878553,0.40878345840081165,1.0688714734189557,1.3660346459437045,1.5716571739414509,3.9193612344408066,8335202.024301827,18.936986343474718,8.499884244902297,0.3549118182611854,-0.01664923359143805,15.284327375502533,0.4791768707829584,635638482.5378513,29.536191236426724,15842.99781333827,13119694.29664451,-7.38863097646455e-07,-4.122522233931837e-08,-13.087068901831673,29.552877260419553,102.06576504561612,102.07159448263617,68.38691111348594,70009.25036293577,79031269.31369057,1.2312289204758768,0.3785409292166058,1.348843806469202,3.317670097863313,0.37324164589604575,1.1672639007823917,3.281277586903716,0.5718136722024717,5.365046860929959,-15.54,0.12340000000000001,0.5206000000000001,0.81675,1.0702,0.8064,1.3824
13.257800000000001,1.1056000000000001,14.456,6.84,249.20499999999998,0.09551941061600902,-22.104,19.334,58.230000000000004,-58.230000000000004,2.0903364812767707e-07,29.114997538909822,50.42866068327886,29.115002581775748,50.42865777177886,-50.42866068327886,0.0,15446762.712199183,30492515.952993095,0.4025722350178983,0.4082808349275363,1.0646612520484502,1.3607370071121399,1.5668481498743292,3.91782124923197,10596264.359955415,22.898311463637736,7.678016035553375,0.6278175580316707,-0.01711537860289812,20.26921879766965,1.0264382662358895,720771260.6556524,20.83284223348872,32818.26492689448,30589479.035991907,-7.759585155894955e-07,-4.390682192853355e-08,-16.490083283100283,20.841927787871242,168.0816147107024,168.08876086281649,118.66028110980272,70254.51602349813,79178973.69978864,1.240085411505578,0.3782273519591335,1.3445810199706667,3.316528360649201,0.37286169606064773,1.1626446287131371,3.2803116303713216,0.5709515040980836,5.361677128996117,-10.62,0.4246,0.5314,0.92025,0.5662,1.2544,1.0288
8.0638,0.7824,13.728,7.432,237.745,0.09785901429335243,-17.816,13.342,52.03,-52.03,1.8677693134265907e-07,26.014997800952738,45.0593030285248,26.015002306882916,45.059300427024795,-45.0593030285248,0.0,11077428.383911476,12788116.559229553,0.4080505566421125,0.41288217706625985,1.1224000546979254,1.4329898416091442,1.631663036652794,3.9390855566325196,8790915.708562668,19.573878122893937,8.837409795218333,0.7688817678513676,-0.013725906241904902,13.688574504472365,1.2049290994341284,841180554.5075015,20.996850983346025,15603.89980585127,12885108.536717253,-7.88799056703981e-07,-5.5506483076825616e-08,-12.921101355849558,21.006914820547777,99.53273301795105,99.53894301931031,73.37820658193188,67023.77525333183,77126144.50317197,1.0672822174325063,0.38248273247917125,1.4025218693763022,3.332672083804679,0.37795314367077054,1.2261589822706502,3.294119665700535,0.5406764488763837,5.408339423330452,-19.02,0.41259999999999997,0.6057999999999999,0.89275,0.7986,1.472,1.2816
6.9998,0.7687999999999999,14.336,8.072,241.825,0.09698346868857811,-17.64,15.274,49.19,-49.19,1.7658191913790889e-07,24.5949979209853,42.599790812476165,24.59500218096426,42.59978835297616,-42.599790812476165,0.0,10915241.110953407,10928414.947127849,0.4060764942056946,0.41121014953015006,1.1012456311647452,1.4065459231268256,1.6081206334738414,3.93107052435233,8764744.3534439,17.99348830056678,8.798495393383122,0.8178259288620174,-0.01096316078034658,11.829285038666374,1.2630065649673197,871965288.9669039,20.928946738615384,13830.203072981929,11025420.043779502,-8.398767126527938e-07,-6.574223582762067e-08,-11.907058999399359,20.940698277068336,90.13266161516609,90.13535666720574,69.74432138524624,68173.98662700363,77882848.79014325,1.1433964318441636,0.3809046807970631,1.3814314429366041,3.3266134643501055,0.37608822176678186,1.2028663439715435,3.288898129405349,0.5627302320812196,5.390674237638071,-16.94,0.2074,0.3238,0.91325,0.19940000000000002,0.8927999999999999,0.824
12.123800000000001,1.0864,14.384,6.024,236.93500000000003,0.09803936118317781,-16.552,11.242,44.75,-44.75,1.6064323808541214e-07,22.37499810864184,38.75463791132971,22.375001984105523,38.7546356738297,-38.75463791132971,0.0,11504335.356484907,18790237.430478536,0.4086150930275234,0.4133900997803525,1.1266931283630413,1.4383667808819187,1.6364363937291038,3.9407691784816072,9001789.736932594,16.220374366036147,7.248196047154321,0.4164245977455901,-0.009319375067643893,16.42127569589728,0.7023584272132393,724267710.8066119,24.412637382846544,21548.190119162038,18887263.84374858,-5.993478997759242e-07,-3.4681045110747793e-08,-12.751639236169918,24.422627796725966,98.55877975533139,98.55980154585595,65.55364557506698,66795.42446591172,76972234.88080314,1.049681780417701,0.3827899521403425,1.40677840666154,3.333909195290776,0.3783163793298348,1.2308750052131685,3.2951882592484756,0.53420858817812,5.411763990029136,-13.7,0.14980000000000002,0.2038,0.79975,1.0254,0.9872,1.44
10.597800000000001,0.7263999999999999,11.688,10.312000000000001,248.42499999999998,0.09566647701903298,-22.28,15.638,46.230000000000004,-46.230000000000004,1.6595613176957772e-07,23.114998046089664,40.036355545045204,23.115002049725106,40.03635323354519,-40.036355545045204,0.0,12056630.55653495,16951117.16454649,0.40316611356533893,0.4088165765426757,1.0684377369736466,1.3654992045795593,1.571172820568125,3.919221227691869,9112356.220618425,16.030489527182578,11.364603654341582,0.26420210236949077,-0.015388559726397941,17.23834550275886,0.4482588422572007,705188561.9236175,36.01303260297302,19719.641396927585,17048123.818995923,-6.37058100000057e-07,-3.9154847803784705e-08,-16.668337306567473,36.02977512563024,101.7242682043741,101.72544456367224,67.84032929261568,70034.62267264911,79046491.85569638,1.2321407480954836,0.3785097539365545,1.3484032721496741,3.317552714627166,0.37320355215569495,1.1667851453824956,3.2811781716807116,0.5717233034906068,5.3647170751629245,-9.54,0.1414,0.2722,0.96625,1.2886,0.9376,0.9663999999999999
9.799800000000001,1.104,12.584,6.52,249.625,0.09544023823891508,-16.808,7.574,54.269999999999996,-54.269999999999996,1.9481806772950426e-07,27.134997706279165,46.99919998766175,27.135002406199032,46.999197274161745,-46.99919998766175,0.0,10558352.42695199,14931124.451275185,0.4025074049843941,0.40825239335459895,1.0626446997080266,1.3582321503213437,1.5645745181381154,3.9171542001742243,8518945.931825075,20.037435854224682,6.0518940786079405,0.4683891183128929,-0.018112291386522168,16.732610314903482,0.7027122966895787,652756737.5367681,23.049017928618174,17689.026572062794,15028107.487756656,-7.119895044041574e-07,-4.026636392378444e-08,-13.467862216283116,23.063498960876117,109.32238307213116,109.32840844998015,74.51126784405544,70372.92013549377,79249967.35989709,1.2443644726173626,0.3780818508798294,1.3425351125323133,3.3159867524313755,0.3726837138895009,1.1604286306291074,3.279854219722127,0.5705372691928023,5.360140655666196,-7.18,0.5614,0.1738,0.95975,1.1794,0.9296,0.984
12.0538,0.896,12.4,6.552,238.88500000000002,0.09760927049354971,-17.048000000000002,14.546,56.95,-56.95,2.044387130494798e-07,28.474997593009004,49.32014813520061,28.47500252502368,49.3201452877006,-49.32014813520061,0.0,12553309.635494046,21562264.033366684,0.40750064514420475,0.4124155182474342,1.1164027422621305,1.425514074217915,1.6250075905045258,3.936798515083245,9296835.08952479,22.082234378297755,5.939862959206581,0.4618502875333059,-0.02023753308728502,20.408954195152315,0.6815578543388965,625228872.1892266,23.90317403295426,24124.899349298183,21659240.330072872,-7.124129240616713e-07,-3.720175441669863e-08,-12.912620488664075,23.91414229460139,134.63036805193497,134.6365084530858,89.58336069083431,67345.15784303425,77340545.5966923,1.0923203290897945,0.38205003975494484,1.3965579997598996,3.3309501304872793,0.3774411584863983,1.2195721350172886,3.29263642764373,0.5497034387537273,5.403521550358126,-7.42,0.475,0.247,0.93175,1.4986,1.072,1.4464000000000001
8.1618,0.748,12.264,12.232,247.405,0.09586341882391469,-18.6,20.23,51.55,-51.55,1.8505383068833508e-07,25.77499782123993,44.643610822995456,25.775002285600888,44.64360824549544,-44.643610822995456,0.0,11911211.916549204,12089688.569221927,0.40350467471357276,0.4090716131624484,1.073393539627597,1.3716909260139845,1.576775238732625,3.9209533128518457,9068480.050821647,18.433445279544934,7.1299831680311865,0.35978691451268197,-0.013838874468558178,13.433282914318708,0.5759489015013312,644334401.740248,26.336270435935653,14946.055975216928,12186683.998805081,-8.166250303860408e-07,-6.049351011160974e-08,-11.81984021364762,26.351754389681577,96.63336196177009,96.63944243591824,69.39614398467657,69747.06982923119,78870376.57399578,1.2218064641898594,0.3788753169728601,1.3534192695372194,3.3189019119362064,0.3736466477843363,1.1722364489753079,3.2823222098248426,0.5727474370908949,5.368641802609453,-4.74,0.1306,0.17020000000000002,0.87225,1.0926,1.0464,0.9312
7.4198,1.0808,12.192,11.608,243.565,0.09662466422738102,-20.28,16.814,41.67,-41.67,1.4958667555349997e-07,20.834998238818002,36.0872795925164,20.83500184754586,36.0872775090164,-36.0872795925164,0.0,10786416.603467682,10107154.41245291,0.4054722696420799,0.4107425472127211,1.0924419672745838,1.39555413334922,1.5982843027060003,3.9278824267574652,8609083.77493962,14.121447440513679,15.704652700966188,0.27105739725658096,-0.013687160302026387,12.202044690189734,0.42626733648393333,907100659.9014909,39.24801322646348,13110.665370234483,10204189.853955135,-7.09369086637857e-07,-5.476583893522907e-08,-13.461839053910788,39.242163400927275,74.42559596699041,74.42776518753949,53.42601679189094,68664.51794812834,78196423.85434943,1.1693558978164036,0.38026623359791006,1.3726026713831576,3.324149327914099,0.37532318211757876,1.1931671839924292,3.2867878566342665,0.5670941836084584,5.383698663741888,-16.9,0.649,0.41259999999999997,0.7847500000000001,0.905,0.968,0.9216
12.5578,0.7704,12.888,7.192,241.43500000000003,0.09706562062765565,-17.864,18.158,41.79,-41.79,1.5001745071708094e-07,20.8949982337462,36.19120264389874,20.895001852866365,36.19120055439873,-36.19120264389874,0.0,12094400.312331317,18025251.069659136,0.4065672649555443,0.4116757344100493,1.1032394984366631,1.4090869591745447,1.6103881383155183,3.9318800815560113,9171524.140913844,13.863585322107745,13.038686073811988,0.33429543657725347,-0.01175178061977896,17.658563110880653,0.5044103869726535,843870786.6962152,35.89185518798814,20850.506961011746,18122293.40767513,-5.469848540938087e-07,-3.4821703422999506e-08,-12.718355346556477,35.89827988456823,89.5381546825733,89.53915216899578,57.085409572286,68064.0399515791,77811716.48902294,1.1376269161483772,0.38104502719363215,1.3834174473689274,3.327169712964476,0.376256890430104,1.2050572886022093,3.2893759623335064,0.5617444326173205,5.392198982206333,-6.859999999999999,0.661,0.38980000000000004,0.90025,1.087,1.3008,0.7792
10.373800000000001,0.9168000000000001,13.536,12.056000000000001,247.64499999999998,0.09581601190864518,-22.616,14.798000000000002,59.55,-59.55,2.1377217492706796e-07,29.774997483120035,51.571814248484564,29.775002640301317,51.571811270984554,-51.571814248484564,0.0,13599107.816673212,21680696.756901205,0.4032735146390697,0.408856908205984,1.0722158724319995,1.3701991598044332,1.5754202202840848,3.920489172689516,9799870.548750617,24.13602843796967,7.216011509590829,0.6267131840752893,-0.017770637419168588,16.378622278918936,0.9983060781360154,700925502.2745754,20.80893124841807,24200.396668578574,21777652.63823715,-9.242770382547275e-07,-5.2760534804515244e-08,-17.089213486476723,20.820409832859724,151.88532272166566,151.8922300860205,113.40588071331833,69814.72932180009,78913343.40245625,1.224251122359791,0.3787799587933387,1.3522277372430471,3.318573996856726,0.37353358024383043,1.1709455735626415,3.2820438656909587,0.5725092034088052,5.367577121572707,-4.299999999999999,0.5734,0.2242,0.84825,0.26659999999999995,0.9456,1.4336
8.5958,0.9072,10.736,11.736,235.045,0.09845282665521154,-20.92,20.174,61.39,-61.39,2.2037739410197656e-07,30.69499740535246,53.16530103634706,30.695002721882418,53.165297966847056,-53.16530103634706,0.0,12393737.787528088,13986501.611973226,0.40927054192000284,0.4139056124970789,1.136788135858997,1.4509309530173524,1.647532953697267,3.9446203118001595,9145737.859178448,25.28115957916412,6.518592142737847,0.3348689336513481,-0.025745739601574454,16.322156326130187,0.4885729631244177,580723496.7878691,26.462997734507336,16675.978882643118,14083457.945454959,-9.036387390292933e-07,-5.948949090950941e-08,-14.281848207541193,26.47464336186456,127.86218106476213,127.86851675848524,92.6321231349841,66262.6059619314,76609466.03298281,1.009228212917712,0.3835056055608711,1.416771015368624,3.336840074237768,0.37916171535395515,1.2419959386535127,3.2977300696558824,0.5193440115272163,5.419752856575893,-12.5,0.2626,0.5578,0.92275,0.7118,0.856,1.1408
7.8538,1.0112,12.8,8.52,243.295,0.0966798540497083,-23.752,19.838,50.47,-50.47,1.8117685421610614e-07,25.234997866886115,43.708303360554424,25.23500223771633,43.708300837054416,-43.708303360554424,0.0,12308436.467782587,13515233.143315155,0.40536075189938026,0.41060612865639845,1.0937956381071559,1.3972134139448265,1.599769517893533,3.9283101717784685,9225776.230295714,18.855643297271396,6.61844108595678,0.32883691982653507,-0.015283349616796503,14.153880988097624,0.63181698751767,628544949.7391365,25.709476201032363,16309.1481096658,13612220.23597296,-8.285533274013144e-07,-6.471678030024893e-08,-16.1961418478234,25.723500462232217,103.9386049530338,103.94507954129844,79.33335972800366,68588.40101898828,78148141.97381672,1.1653032877028657,0.38036339912160494,1.3739660520025951,3.3245266636323194,0.3754401730617037,1.1946626655168,3.287110365115335,0.5664117867920788,5.384751335704402,-0.21999999999999886,0.44020000000000004,0.30820000000000003,0.81025,0.6754,1.0352,0.9007999999999999
8.9458,0.7168,12.312,10.712,237.23499999999999,0.09797235622177841,-22.44,20.93,54.870000000000005,-54.870000000000005,1.9697194354740926e-07,27.434997680920176,47.51881524457344,27.43500243280157,47.518812501073434,-47.51881524457344,0.0,12916737.782051288,15510223.204079317,0.4082436874901804,0.41303737307750626,1.1250972237176982,1.4363449818231067,1.6346412879258057,3.940103634126223,9443268.881723998,21.515139258060266,6.160117218065185,0.34893690917314313,-0.017575794516487372,15.389927079396694,0.5953588175148858,602581808.2288918,24.914856287641065,18212.69437751306,15607197.489436684,-8.507507978001083e-07,-5.964532675291681e-08,-15.327124053407557,24.926497812748234,119.0069149974637,119.01321944286227,88.03264184956504,66879.99883162287,77029330.21937099,1.0561815901097595,0.3826762269466781,1.4052001665986011,3.3334497289641103,0.37818193660308,1.229124876862933,3.294791077667465,0.5365714610492506,5.41049603141271,-19.46,0.5146000000000001,0.4558,0.89525,0.4401999999999999,1.1776,0.7312
8.2178,0.9824,10.568,13.096,246.085,0.09612109967265767,-19.448,9.086,54.15,-54.15,1.9438729256592328e-07,27.074997711350964,46.895276936279416,27.075002400878528,46.89527422877941,-46.895276936279416,0.0,10152307.477997284,11650941.335313302,0.40413595752453607,0.40959875820657665,1.0798637127238084,1.3798058590651885,1.584094785325966,3.9232756433930436,8272952.584705226,20.16480369510238,8.875565710783174,0.30109817053603305,-0.019481264869200068,14.576869444478668,0.441104061864344,652421409.3798348,30.608056622448526,14470.90779374264,11747919.422071641,-7.915073118102311e-07,-4.774652151177451e-08,-14.9760970380967,30.624202089731256,103.54093665220415,103.5469857521797,70.91774402857284,69374.94262010207,78641358.33794981,1.207606872914288,0.3793470435546129,1.3599492697500781,3.320670175268941,0.37421799959040974,1.1793560172062743,3.283825521492372,0.5735274644721011,5.373709767425527,-15.34,0.4366,0.14500000000000002,0.85875,1.1234,0.8208,1.4864
7.3498,1.0928,13.872,12.392,238.285,0.09774013428961525,-20.184,7.49,50.99,-50.99,1.830435465916238e-07,25.494997844908326,44.15863658321122,25.495002260771862,44.15863403371121,-44.15863658321122,0.0,10537729.204568382,13619923.623227524,0.40776866913866605,0.41263939079572265,1.1195529890512577,1.4294377291165712,1.6285036266216195,3.9379940108922433,8595791.752994707,19.709840190277426,7.72023593764541,0.7384974762714029,-0.011839795702904608,12.34706982733048,1.1876347349579646,802363709.4577105,21.028184940375475,16404.510793349218,13716911.100510633,-8.764708584285808e-07,-5.358339609154618e-08,-15.773473230159166,21.03852300317257,104.43256711622155,104.43895818219487,78.44069609857222,67176.00911161191,77228015.67722954,1.0791037769484664,0.3822778296210768,1.3996929688965352,3.3318536558583443,0.3777107471559307,1.223031561983413,3.29341409903685,0.5449478672130657,5.406057169496521,-10.74,0.5506,0.5962000000000001,0.83775,0.5102,0.7023999999999999,1.1536
7.1118,0.8464,13.616,7.72,248.455,0.09566074589953076,-17.944,11.914,47.35,-47.35,1.6997669996300031e-07,23.674997998752875,41.00630402461368,23.675002099383164,41.00630165711367,-41.00630402461368,0.0,10112936.62765822,10103626.1860085,0.4030637046398629,0.4087151901411372,1.068290391320488,1.3653032512157464,1.5709952189400316,3.9191522400784455,8404762.179922666,16.832711422432432,7.1441084577778575,0.4982578001545063,-0.011424587605179812,12.094716156802393,0.8127247225433802,744811085.7236716,23.5824172693442,13049.79525358141,10200636.902088728,-8.019928899317142e-07,-5.877558007155952e-08,-12.918568184284366,23.597086996227226,83.9769468298738,83.97992143658573,63.961614834127445,70043.08010922023,79051605.02416232,1.2324449794816397,0.37849935519467626,1.3482564657043028,3.317513606753796,0.3731908470601828,1.1666256417910479,3.2811450563635316,0.5716932720073193,5.364607050550943,-0.379999999999999,0.11860000000000001,0.12340000000000001,0.80725,0.751,1.1376,1.2928
13.3978,0.7952,11.232,9.272,238.34499999999997,0.09772698924979072,-17.512,16.142,41.71,-41.71,1.4973026727469363e-07,20.8549982371274,36.12192060964385,20.85500184931936,36.121918524143844,-36.12192060964385,0.0,12125374.596178845,21287288.751215808,0.4081230191638163,0.41300334019749385,1.1192457424615498,1.4291066523104141,1.6282126191289183,3.9379643379642957,9144082.913071867,9.948588754750704,32.13962658650688,0.5096496538310913,-0.041303285752000915,21.15967859077425,0.7234436901856223,1384486500.2629051,60.621141043736664,24028.706670954765,21384331.350074198,-5.402718827312771e-07,-2.641912922564034e-08,-13.081065233100288,61.040721228053634,98.09743854648016,98.10197129270612,58.86049549681953,67192.92398475415,77239300.54066016,1.0804215124488055,0.3822550585024588,1.3993790769188241,3.331763028284177,0.3776838031165264,1.2226848986247338,3.293336039061324,0.5454229817630031,5.405803632518622,-1.2199999999999989,0.29259999999999997,0.3262,0.85925,0.3842,1.0064,1.4
10.2338,1.0528,10.688,7.496,244.765,0.09638318860316346,-22.792,7.042,61.55,-61.55,2.209517609867512e-07,30.774997398590063,53.30386510485684,30.775002728976425,53.303862027356836,-53.30386510485684,0.0,11536080.19876775,18440455.076495275,0.40465392762290214,0.41001205344575586,1.0864183113317147,1.3879830589923432,1.5914710423344431,3.9256065215107765,8803989.942987781,25.3564537899768,6.104009107649488,0.33102272798944793,-0.03361681403516783,20.952017418833247,0.46530005645052935,573118427.287281,26.87475844748882,21010.168058272375,18537401.427209344,-7.711988519221136e-07,-3.996259794545629e-08,-18.831390449387225,26.888955231268234,145.96315823455626,145.96977534522605,100.90186174937098,69002.81541097297,78409534.99275741,1.187470912911966,0.37982217122242296,1.3665521719557456,3.3224741150633386,0.37479122374103224,1.186553348361148,3.2853590211620407,0.5701088762411386,5.378842029177784,-3.2600000000000016,0.5326,0.1078,0.95325,0.30579999999999996,1.1552,1.2784
11.0738,0.8384,13.096,12.584,237.595,0.09789221746007856,-23.848,10.122,49.67,-49.67,1.7830501979223285e-07,24.834997900698106,43.01548301800552,24.83500220224629,43.01548053450551,-43.01548301800552,0.0,12326025.6563867,20638211.398894995,0.40810964415998935,0.4129300425808662,1.1231923712587186,1.4339749307878176,1.6325378026711395,3.9393813986448065,9262911.27059715,19.43344629274181,6.114896337010023,0.32140063825240056,-0.012806620393999223,16.09664538368056,0.6482759680738566,613568197.544065,25.17065013283968,23244.60601976015,20735196.591743566,-7.778977171047426e-07,-4.123079440445845e-08,-18.949895664995164,25.181895651058007,123.03039018237041,123.03672865668136,87.50665234321819,66981.48807047628,77097751.41938,1.0640110406850645,0.3825396235358325,1.403308898616017,3.3329003019934134,0.378020429522524,1.2270300652116,3.294316612025348,0.5394918546657148,5.408973294999673,-3.6999999999999993,0.6958,0.6082,0.99975,0.737,1.2912,1.1376
12.6978,0.8824000000000001,14.4,10.968,248.75500000000002,0.09560358674655521,-19.512,20.398000000000003,55.55,-55.55,1.9941300280770152e-07,27.774997652179984,48.107712535740006,27.775002462951104,48.10770975824,-48.107712535740006,0.0,15176525.412748735,27302202.064624257,0.40281808833883814,0.40849156495021705,1.066838289266488,1.3634655650465273,1.5693299517472519,3.918603756390373,10518992.067677684,21.09106464113606,7.360879740400364,0.622249703369776,-0.013410231204609649,18.2781729783621,0.9867388364027058,696117638.649951,21.186237858036076,29744.81153757094,27399180.381962758,-7.404890360563297e-07,-4.3386371797114045e-08,-13.894461090638407,21.198222325626297,149.01895109858333,149.02559498589312,102.398636907837,70127.65447493139,79102646.16095878,1.2354884801388664,0.3783954215179343,1.3467894514953203,3.317123259877477,0.3730638249913785,1.1650326535677902,3.2808146896158297,0.5713937086312569,5.363507995444954,-4.699999999999999,0.30100000000000005,0.487,0.76725,0.6893999999999999,0.7056,0.9456
10.0938,1.0472000000000001,14.36,9.096,235.52500000000003,0.09834562954941854,-18.152,19.137999999999998,46.31,-46.31,1.6624331521196504e-07,23.154998042708463,40.105637579300094,23.15500205327211,40.10563526380008,-40.105637579300094,0.0,12769959.391039718,16603097.527501306,0.4091779948899497,0.4138495258711248,1.134213811540143,1.4477357911206876,1.6447187076198386,3.9436512696288806,9519397.282706639,16.768396293134963,6.863862105375268,0.4360300495117219,-0.009353982428008228,14.564107694234698,0.7542294499569941,690476186.49495,23.771463598424596,19392.621375453367,16700116.416835068,-6.709607003971764e-07,-4.8943685398922263e-08,-12.247763186466772,23.781353390125652,97.55458454565766,97.5558586532021,68.37093705515804,66397.9249470693,76702423.06202738,1.0194192038280794,0.3833239957491017,1.4142251592715995,3.336089770574964,0.3789473056827512,1.2391559693703142,3.2970779889743596,0.52309534152115,5.4177242243203345,-7.58,0.2482,0.547,0.99825,0.9722,0.8463999999999999,1.2944
7.0558,0.9640000000000001,10.864,9.512,241.345,0.09708465858327939,-18.008,12.39,50.51,-50.51,1.813204459372998e-07,25.254997865195516,43.74294437768187,25.255002239489833,43.742941852181865,-43.74294437768187,0.0,9594918.387547744,8067264.533346845,0.40638359485726017,0.41148211457727135,1.103693343320521,1.4096280904718188,1.610868519483674,3.932007274316348,8038578.934732048,17.64200530779994,11.332903942170097,0.3112868791154142,-0.019321646248755518,13.311347418234837,0.4461573472855885,760222619.7728746,32.58472752474848,11017.410807602657,8164261.677198965,-7.880527687052404e-07,-5.961095902439169e-08,-12.69592841517634,32.592785227571156,80.38415937507152,80.39064652452105,57.530610524919055,68038.66764186577,77795255.29091458,1.1362981210910827,0.38107740638317356,1.383876271855547,3.3272984218439006,0.37629579706593136,1.2055638763226169,3.289486606773896,0.5615169111348437,5.392550849630637,-1.1400000000000006,0.2722,0.25780000000000003,0.89775,1.2466000000000002,1.048,0.96
10.681799999999999,1.0792000000000002,11.92,8.792,248.095,0.09572951555746112,-20.68,7.77,42.03,-42.03,1.5087900104424295e-07,21.014998223602607,36.39904874666342,21.01500186350738,36.39904664516341,-36.39904874666342,0.0,10409955.89001076,15006892.218224254,0.40350733148647727,0.40913447601736497,1.0700401467881455,1.3675349403707964,1.5730154066166695,3.919832289652121,8450877.465761524,14.19243816633642,15.244577722149357,0.27588801063476975,-0.016352166541613363,16.585597596485687,0.41652814713613256,858879757.8106349,40.12772777275598,17876.00946131049,15103919.434557546,-5.720663360094101e-07,-3.27318310596812e-08,-16.658272579342633,40.12687734622632,86.32066865626338,86.32200872771894,56.09977205718217,69941.59087036684,78990293.07889937,1.228799070249385,0.3786240729109214,1.3500196147191001,3.317983726563517,0.3733432156753299,1.1685422122142815,3.2815432955253554,0.5720548061491347,5.365926640459603,-2.219999999999999,0.5038,0.2842,0.94575,1.3502,1.1088,1.1888
10.4298,0.9968000000000001,13.512,13.719999999999999,239.60500000000002,0.09745370751043404,-23.512,10.065999999999999,42.11,-42.11,1.5116618448663027e-07,21.054998220221407,36.46833078091831,21.055001867054383,36.4683286754183,-36.46833078091831,0.0,11709409.614109036,18131419.690161064,0.4072710689088305,0.41224073215959733,1.112641252205259,1.420845904237423,1.6208404896005855,3.935409353648513,9060163.727873722,15.883797973240673,8.216458075131078,0.24961795375837006,-0.008625066064201055,14.08834626066002,0.6501545056936471,700694253.2728313,28.644952291803754,20893.71586540909,18228440.036976553,-6.920148487822949e-07,-3.956722675999813e-08,-18.384945581715943,28.656656711237794,98.03805680177618,98.03922111717529,68.66794263065503,67548.13632074103,77474836.06311767,1.1082930152718746,0.3817765190950181,1.3928074064858926,3.3298739102084602,0.3771172876149003,1.21544220967314,3.2917118439539297,0.5554256017426127,5.400478999974168,-5.700000000000001,0.2086,0.3298,0.86675,0.8433999999999999,1.1152,1.0128
12.809800000000001,1.0984,13.368,10.104,245.96499999999997,0.09614472835732062,-23.496,17.458,52.55,-52.55,1.886436237181767e-07,26.274997778974942,45.50963625118159,26.27500232993844,45.50963362368159,-45.50963625118159,0.0,14581518.08982693,27065298.22893577,0.40411767887647443,0.40956962171746936,1.080456021791747,1.3805326195932666,1.5847508078593204,3.9234594253553947,10205047.023830973,19.910273492441135,5.331058187653995,0.3297210134734422,-0.014725486995333863,19.449108256501336,0.5689310276526817,585448454.8734542,24.742970372049342,29510.36436165309,27162276.788012758,-7.115025515686522e-07,-3.9893942054504354e-08,-17.806597882670555,24.75602079530741,142.81260206651123,142.819250776052,97.27376155608697,69341.11287381762,78620391.15519978,1.2057681094143096,0.3793902295367661,1.3605477746230823,3.320833054924678,0.3742701368710152,1.1800072166062188,3.2839637673765703,0.5732239403831608,5.374175747569445,-13.620000000000001,0.175,0.2962,0.95575,0.9357999999999999,0.9967999999999999,1.3696
9.1558,0.8728,14.408,13.672,237.295,0.09795899162312678,-17.448,11.802,55.91,-55.91,2.007053282984445e-07,27.95499763696459,48.41948168988702,27.955002478912622,48.41947889438701,-48.41948168988702,0.0,11955067.84384617,16682902.828525355,0.4082053487019228,0.41300323657507987,1.124778979243815,1.4359466319642924,1.6342877369136881,3.93997796299556,9200012.256496588,22.109843892852428,6.4174037191180195,0.8682139711667876,-0.01235915249009393,13.406872800935949,1.3173125916402515,837527483.0973749,18.896755361293334,19365.780570613082,16779880.533091415,-8.964902759497e-07,-5.305051050649435e-08,-12.956511169726534,18.90598873632039,122.76628825601527,122.77259199103243,91.18335283952706,66896.9137047651,77040730.66066831,1.0574841719339243,0.38265348448265474,1.4048847776390379,3.3333580278111623,0.37815504528898186,1.2287753225404945,3.2947118455595903,0.5370443637212843,5.410242546104627,-11.58,0.29500000000000004,0.2062,0.93775,0.2722,0.736,0.7552
10.0378,1.072,14.32,9.879999999999999,248.245,0.09570075990267593,-21.832,16.59,52.510000000000005,-52.510000000000005,1.8850003199698306e-07,26.254997780665548,45.474995234054155,26.255002328164945,45.474992608554146,-45.474995234054155,0.0,13514273.557276674,20367403.132386196,0.4030567135567725,0.408689284433153,1.0693048723098153,1.3665578500865725,1.572129735906801,3.919475665933821,9833110.531533103,19.771469941228748,6.584257411277309,0.6267811226236939,-0.01288931587156905,15.657400691596475,1.0167928175798087,695128857.2647003,21.34042770059823,22988.55140488923,20464385.31935286,-7.775474562617423e-07,-5.1029843838727644e-08,-15.988269124438975,21.353337004969955,126.17614403763804,126.18255887909694,91.61275373550207,69983.87805322242,79015912.38266645,1.2303174150786054,0.3785721070677166,1.34928461166896,3.3177876175154197,0.37327973554246935,1.1677429709425347,3.281377121280883,0.5719039954114585,5.365376707240478,-18.1,0.397,0.6022,0.77475,0.2386,1.3648,0.832
7.6998,0.9232,12.464,10.280000000000001,238.915,0.09760276186849907,-21.336,19.642,61.31,-61.31,2.2009021065958922e-07,30.65499740873366,53.09601900209217,30.655002718335414,53.09601593659217,-53.09601900209217,0.0,12587374.373297406,13860371.646060757,0.4074011353308401,0.4123170069147425,1.1162438549044646,1.425304541829175,1.6248199052398384,3.936719543227571,9312664.192734433,25.350262994264376,6.984682103420213,0.646876746458746,-0.022043631059285692,14.544319173570505,0.9883899588645947,682029394.5888997,21.045635507078416,16556.578707289045,13957327.111123376,-9.62487434458197e-07,-7.047718931271216e-08,-14.429471391445473,21.056260564673835,128.94995544240024,128.95672636351492,99.4616483570977,67353.61527960538,77346153.15116757,1.0929833742082642,0.3820386527323178,1.3964014620780332,3.330905115007882,0.3774276780012893,1.2193995970348215,3.292597722455504,0.5499414729574373,5.4033948709788335,-17.74,0.2134,0.6597999999999999,0.91075,0.6782,0.8959999999999999,0.8735999999999999
11.9838,0.9056,13.04,8.008,249.235,0.0955137384620936,-20.136,17.738,53.39,-53.39,1.9165904986324365e-07,26.694997743472356,46.23709761085795,26.69500236718199,46.237094941357945,-46.23709761085795,0.0,13454525.89727218,22364289.753856257,0.4026388881074646,0.40835139621253946,1.0645185949632554,1.360570666469037,1.5666976910090216,3.917794485767936,9723332.49927583,19.747237374018688,5.5901100561720085,0.3712927253774116,-0.016027847474746188,19.01587928318205,0.5860088199063865,601518435.3014514,24.506522978375656,24941.389493049268,22461273.18347853,-7.031554199092415e-07,-4.123094786041693e-08,-14.868737900722493,24.521341830578663,130.73003132215996,130.73630346384445,89.31119242522648,70262.97346006925,79184054.63456292,1.2403907627451594,0.3782169670479015,1.3444347902328735,3.3164896061995575,0.37284899299590646,1.1624861125510844,3.2802788787152863,0.5709218184431071,5.361567454378664,-15.5,0.2842,0.6105999999999999,0.86375,0.4514,0.9199999999999999,1.184
13.0198,1.0208000000000002,10.944,12.936,241.255,0.09710372433242886,-23.032,17.43,44.39,-44.39,1.5935091259466915e-07,22.194998123857236,38.4428687571827,22.195001968144005,38.4428665376827,-38.4428687571827,0.0,13557574.605335752,24666674.48116184,0.4064946121986467,0.41158690769850853,1.1041547187049197,1.4102123598324043,1.6113886679146134,3.932180670240759,9731398.501826555,14.09533367672276,21.273183110575413,0.39666058896259754,-0.021862695345087075,20.74551443573483,0.5403416407563023,1104270468.2433982,51.68101411286192,27256.631928843668,24763688.80540555,-6.105967141910003e-07,-2.9531942937479953e-08,-17.50508608108304,51.69120314882917,114.68130839061878,114.68258495994581,72.90991046669711,68013.29533215241,77778778.55162194,1.1349701815283635,0.38110979656810234,1.3843352368405444,3.3274272588256597,0.3763347103973478,1.206070787569638,3.2895973956043516,0.56128942700185,5.392902952429892,-14.54,0.2218,0.5182,0.94275,0.5354,0.7968,1.088
12.011800000000001,1.0432000000000001,11.936,9.016,241.22500000000002,0.09711008527336325,-16.968,13.65,53.870000000000005,-53.870000000000005,1.9338215051756764e-07,26.934997723185162,46.652789816387305,26.935002388464017,46.6527871228873,-46.652789816387305,0.0,12681072.067576133,22521599.508555464,0.40636371854752434,0.4114515667660514,1.1043045144753607,1.4103801172505468,1.6115366015300407,3.9322005281205934,9378092.822735261,19.900930660445493,7.339343096774186,0.46482969984404865,-0.0177834844234825,20.75937331091086,0.6054001000322669,646562394.1050419,28.081190973988576,25092.784522188198,22618586.588510223,-7.062684772843948e-07,-3.331284743091817e-08,-12.99056276174557,28.094747642632253,128.49562260250286,128.50168970735007,86.45020663170816,68004.83789558131,77773283.25685982,1.1345277631230475,0.3811205868112303,1.3844882860194407,3.3274702328957013,0.3763476738066981,1.2062398282845812,3.2896343497711498,0.5612135988799943,5.39302022407018,-10.14,0.6838,0.6297999999999999,0.85475,0.36739999999999995,1.4832,1.3344
8.889800000000001,0.72,12.815999999999999,6.248,240.415,0.09728271263816614,-22.152,11.466000000000001,61.47,-61.47,2.2066457754436388e-07,30.734997401971263,53.23458307060195,30.73500272542942,53.234579997101946,-53.23458307060195,0.0,11925583.621030984,16895020.883316446,0.40663285532944404,0.4116576194390721,1.1084511443029548,1.4155656870985203,1.6161452743742173,3.9337210492643466,9066172.140601298,25.610800329889514,6.249469310499871,0.6322390082758307,-0.02477878879510914,16.909107763910523,0.9514365159878079,643781607.960074,20.391855982949703,19505.014902675797,16991970.665266234,-8.853501757935249e-07,-5.3572886296068e-08,-17.340468681865236,20.40173056637832,139.25276608641474,139.25953782238895,104.3813266817008,67776.48710816116,77624490.8415738,1.122622991788798,0.3814120504775349,1.38862858974398,3.3286361592234943,0.3766976654777876,1.2108193352899672,3.2906382617322008,0.5591697663256011,5.396190609061517,-7.34,0.5218,0.2314,0.84575,0.9329999999999999,0.8176,1.192
8.2318,0.9432,12.024000000000001,8.888,242.84500000000003,0.09677246118340833,-21.112000000000002,20.202,54.43,-54.43,1.9539243461427893e-07,27.21499769951677,47.137764056171534,27.215002413293043,47.13776133467153,-47.137764056171534,0.0,12060821.197791433,12732581.204618305,0.40556346089345524,0.41077413017837144,1.0960659058207862,1.4000555770254002,1.602314363178425,3.929141993943607,9079820.196722163,20.610086263657752,6.577590451576643,0.34325737790616884,-0.018928027191595174,14.943601621514103,0.5832149629035291,620472056.2823622,25.561354277496495,15522.645194638753,12829559.747691415,-8.427933319411909e-07,-6.344924784388108e-08,-14.14740931132845,25.57542952415957,107.66006443337297,107.6664399444867,80.40754915156683,68461.53947042157,78067297.1561379,1.1585685955257827,0.3805253170387088,1.3762421003893985,3.3251580735912643,0.3756350626096822,1.1971621908354972,3.287650586261557,0.5652744601380235,5.386506435214457,-4.1,0.2314,0.6658,0.92775,1.1654,0.8575999999999999,1.3232
11.437800000000001,0.7103999999999999,13.104,9.448,243.355,0.0966675683854651,-16.424,13.79,43.19,-43.19,1.550431609588592e-07,21.59499817457522,37.40363824335933,21.59500191493894,37.403636083859325,-37.40363824335933,0.0,11366725.138053,16234134.132780794,0.4056546053047579,0.41090965272257185,1.093500200378822,1.39688881572943,1.599481098582751,3.9282794649401622,8904791.1491566,14.753610125142718,10.084371497591464,0.3441569245567384,-0.010020423653536788,15.987166592558033,0.5279516969540756,741634134.4212754,30.793615969888204,19089.985685909185,16331170.37181525,-5.775105388201898e-07,-3.4921189455206196e-08,-12.09427185169876,30.803797040331744,88.53478425605758,88.53594541634986,57.218351096822325,68605.31589213051,78158883.48411033,1.166203180330832,0.3803418064295631,1.3736629002626892,3.324442705362385,0.375414177779037,1.1943300502098129,3.287038589007425,0.5665634297364869,5.384517373939832,-1.1799999999999997,0.6849999999999999,0.3442,0.81125,1.3586,1.336,0.8144
10.7518,0.9680000000000001,11.24,12.36,240.02500000000003,0.09736611723906329,-21.736,12.95,56.269999999999996,-56.269999999999996,2.0199765378918747e-07,28.134997621749193,48.73125084403403,28.13500249487414,48.73124803053402,-48.73125084403403,0.0,12231526.13706965,18576691.38820322,0.40686957374513705,0.41186571655960824,1.110457912731972,1.418091947076253,1.6183873251349825,3.9344887693069714,9116710.630046252,22.096153903191155,6.767972706674066,0.309022297961611,-0.020259574564862767,17.83700085259097,0.45439296287975794,566215485.1272612,28.049413212450514,21190.968252765502,18673658.75429611,-8.235925022132083e-07,-4.249650398573861e-08,-16.785533586432738,28.06266570593482,130.8309486619239,130.83722769583923,90.78988648397018,67666.54043273667,77552817.60991172,1.1169189437308018,0.38155237369332334,1.3906276155132238,3.329201361562662,0.3768660625554406,1.2130346899322393,3.291125771591383,0.5581815904835411,5.397718512969194,-13.54,0.4606,0.5218,0.80025,0.8181999999999999,1.0688,0.9823999999999999
11.6058,0.8408,13.336,13.624,245.605,0.09621588527660827,-23.48,7.938,42.87,-42.87,1.5389442718930988e-07,21.434998188100014,37.12651010633977,21.435001900750922,37.12650796283976,-37.12651010633977,0.0,11628507.74472662,19873554.867257845,0.4044210264421788,0.40984717840769075,1.0822426686283617,1.3827855655330015,1.586786629859432,3.924139083977501,9025869.480050053,15.745404902560772,7.852324889490859,0.2501038541638413,-0.009148683255769428,15.130143160915095,0.5197399376541888,677152573.2367564,28.75585410409167,22589.54392587719,19970570.250396125,-6.825043175541953e-07,-3.533753867083341e-08,-18.94924106726722,28.769712598250536,102.11135131728784,102.11243214542519,69.77131925875686,69239.62363496424,78557333.6094149,1.2002624952739542,0.37951978122089974,1.3623454641613502,3.321323029127549,0.3744265016057402,1.1819645252446416,3.2843798801648254,0.5723134870985387,5.375574081827837,-8.86,0.5362,0.169,0.80975,1.1934,1.4608,1.2608000000000001
9.5478,0.7128,11.584,12.008,246.205,0.09609750961196706,-21.096,12.026,43.83,-43.83,1.5734062849795784e-07,21.91499814752563,37.957894517398465,21.915001943314973,37.957892325898456,-37.957894517398465,0.0,10673154.290817242,13046302.732648404,0.4042381913684483,0.4097130669250865,1.0792742548120207,1.3790915023338555,1.5834497518793034,3.923102616431123,8536385.761057392,14.97809274103465,14.341313745003633,0.2544250982514001,-0.015032339728489313,14.53735630551835,0.41290014397388214,818605632.5689847,39.199345592366214,15939.763853774388,13143321.98615147,-6.939022330934604e-07,-4.16691478804683e-08,-15.906917214298954,39.20560874162651,86.16602404762449,86.16758639615821,58.822844435450264,69408.77236638655,78662304.53750858,1.2094473011452331,0.37930388058424186,1.359351087006101,3.320507527142501,0.3741658779143426,1.1787054268513733,3.2836875214268297,0.5738310207890543,5.373244237907796,-12.98,0.6454,0.4234,0.79825,0.3506,1.0912,0.8224
7.9798,0.9792000000000001,11.04,9.911999999999999,242.60500000000002,0.09682196859555359,-16.648,17.934,47.59,-47.59,1.7083825029016232e-07,23.794997988609282,41.214150127378346,23.79500211002418,41.21414774787834,-41.214150127378346,0.0,10350266.75969185,8646480.926356869,0.40585981975646424,0.41105528187596857,1.0972835741711384,1.4016094946369297,1.6037063822615087,3.9296468522393755,8354541.83438565,15.383105746765706,14.604286699206492,0.32730520751962366,-0.017751494232941496,13.618668643807583,0.4238554198799816,852165245.851718,37.70046859840033,11633.970081555084,8743497.089873092,-7.548226645943989e-07,-5.8491223395170125e-08,-10.464465258686309,37.70100420360461,76.92843591279777,76.93087792778779,54.49903350148213,68393.87997785264,78024151.98346342,1.1549866602090684,0.3806116856664347,1.3774580388889492,3.3254961664003506,0.37573897639162857,1.1984988935904164,3.287940114962929,0.564667883758631,5.387443164788331,-10.26,0.6082,0.6766,0.91225,0.471,1.48,1.3104
10.2898,0.8592,11.48,13.687999999999999,244.01500000000001,0.09653318222244318,-21.896,8.498,54.510000000000005,-54.510000000000005,1.9567961805666627e-07,27.25499769613557,47.20704609042643,27.25500241684005,47.20704336492642,-47.20704609042643,0.0,11468387.563159838,17833245.112130836,0.40504239767240735,0.41034353332192597,1.0901770826806803,1.3926864541332888,1.5957084342632246,3.926990807009525,8843950.991069365,21.127072388548935,6.516234127518251,0.2981899045960287,-0.01761379356210823,16.475071338331187,0.468896256357983,559033199.4385324,27.38368645562742,20480.737127459568,17930216.047017854,-8.289508200061312e-07,-4.105881388551868e-08,-17.566050096864686,27.39808556985605,125.29217581301619,125.29845463689855,87.0220786676204,68791.37949669508,78276616.08923529,1.176129550435194,0.3801042983034208,1.3703342857834047,3.323522999472966,0.3751281303403948,1.1906817931911473,3.286253057541078,0.5682315304266671,5.381945298755827,-10.22,0.6237999999999999,0.229,0.95075,0.275,1.1856,1.0224
12.2498,1.1064,10.912,7.88,242.69500000000002,0.09680348913528401,-16.904,16.394,45.39,-45.39,1.6294070562451077e-07,22.69499808159225,39.30889418536884,22.69500201248156,39.308891915868834,-39.30889418536884,0.0,11827629.299272953,18853127.195863727,0.40591291316807254,0.4111162871808138,1.096830214625025,1.4010514376590555,1.6032074288676064,3.9294876077638325,8988071.58849538,11.947920965340755,21.058837604758928,0.4953730544397639,-0.025845450591035903,21.140791011620106,0.6178223645516445,1113258526.9165092,49.6961964114492,21615.22042774703,18950152.33921192,-5.76709545554065e-07,-3.036841084450527e-08,-12.43942254200957,49.6894309873234,99.30775803707573,99.30948706266581,62.51416214718463,68419.25228756596,78040256.83093458,1.1563291589558498,0.38057929316397576,1.3770018729854374,3.325369264524662,0.37570000761434574,1.1979973146818348,3.2878314205435832,0.5648953493926868,5.3870917926340605,-6.299999999999999,0.1486,0.47619999999999996,0.82525,1.0618,1.0512,1.2336
7.6018,0.9848000000000001,12.168,6.392,241.975,0.09695201567534692,-20.216,11.522,57.55,-57.55,2.0659258886738476e-07,28.774997567650008,49.83976339211229,28.77500255162621,49.83976051461228,-49.83976339211229,0.0,10721726.345220577,11933603.941182133,0.4059637567583222,0.41110811838035677,1.1004818918747987,1.405582198575421,1.6072603343325442,3.9307747738626664,8549405.562708594,22.766499558371397,5.966502192199703,0.5083254151046332,-0.02277272899330375,15.078717350801199,0.8018032634768719,648955258.0315807,22.33573745050405,14708.770543253115,12030569.802404145,-8.561545770007406e-07,-5.8053563771609767e-08,-15.321346039600847,22.348126828722023,111.9698290524336,111.9765337362242,84.60555458361779,68216.2738098592,77910125.29426514,1.1456202638304753,0.38085069671649163,1.3806685245853048,3.3264001648459733,0.3760233279503662,1.2020254921094233,3.288715051848861,0.5631075686807581,5.3900880504180035,-1.8999999999999986,0.5842,0.5062,0.87025,0.6978,0.776,0.7856
6.9158,0.9048,11.984,11.192,241.465,0.09705927965059567,-17.144,18.354,45.95,-45.95,1.6495098972122208e-07,22.97499805792386,39.79386842515308,22.975002037310592,39.793866127653075,-39.79386842515308,0.0,10518632.511015328,8349839.516673303,0.40637427442926927,0.41148273052618267,1.103082357116629,1.4088687004503824,1.6101927066871908,3.9317933685173276,8484275.913519835,15.55341096786015,11.622909828999205,0.324137954304765,-0.0126923992065823,11.808823974369192,0.518988235895402,781165610.3962371,32.36556629023103,11360.29010145588,8446862.361901192,-7.80256621352209e-07,-6.451638167967156e-08,-10.322926674571688,32.372059286129996,74.21670415216508,74.21959489984508,54.029799425315396,68072.49738815022,77817201.04071246,1.138070050729175,0.38103422759036865,1.3832645666989098,3.327126838296482,0.37624391526924644,1.2048885395815647,3.2893391132566983,0.5618202610555115,5.392081597141114,-10.9,0.6597999999999999,0.46419999999999995,0.84175,0.6726,1.1008,0.9376
11.535800000000002,0.8072,11.552,9.208,237.205,0.09797904309433798,-17.336,16.114,52.39,-52.39,1.8806925683340203e-07,26.194997785737343,45.37107218267181,26.195002322844434,45.37106956317181,-45.37107218267181,0.0,12151188.791026654,18543746.287149515,0.4083903179557347,0.41318367300848075,1.1252588206601624,1.4365650890619863,1.6348380189145388,3.9401974761080827,9110441.949951075,19.16080281405265,8.609238542426185,0.3944017269501177,-0.01768304266237291,19.288409167357305,0.504524543978906,673031352.7261356,29.510025437766046,21221.22419772713,18640739.377805725,-6.606250126606924e-07,-3.654836905937663e-08,-12.744830490349994,29.52215331733986,114.59773894057503,114.60345666216212,73.86666900004842,66871.54139505177,77023627.65134235,1.0555306493509242,0.3826876038733368,1.4053578912408993,3.333495607096157,0.37819538698938077,1.2292997091419184,3.294830722604335,0.5363350499355121,5.410622871590172,-7.1,0.1894,0.34540000000000004,0.78575,1.3054,1.1488,0.8256
7.6438,1.0024000000000002,12.456,10.984,235.885,0.0982662922960106,-20.887999999999998,14.182,53.629999999999995,-53.629999999999995,1.9252060019040563e-07,26.814997733328756,46.44494371362262,26.815002377823,46.444941032122614,-46.44494371362262,0.0,11316560.403286565,12601024.732787013,0.40890699914357187,0.41360314157767203,1.132284140597266,1.4453139872742982,1.6425801318174365,3.942880243524289,8807833.825881679,21.01217395645827,6.508993134942555,0.4252333519316694,-0.01621573930110763,13.61723239830072,0.728386202117213,663157338.9007583,23.686884620552938,15384.892638696456,12698003.812644063,-8.709529355875444e-07,-5.961992291966815e-08,-15.055734522943089,23.697762561309077,106.93008692128925,106.93645846649528,80.05596748727184,66499.41418592267,76771803.33369477,1.0270991071383762,0.3831877236078394,1.412319423174212,3.3355297303378215,0.3787863722575982,1.2370329972987317,3.2965918733517783,0.5259147337465935,5.416202673922661,-17.66,0.1246,0.39580000000000004,0.95125,0.7202,0.8016,1.4096
9.0158,0.8024,13.56,8.280000000000001,245.66500000000002,0.0962039980423606,-17.464,19.782,47.79,-47.79,1.7155620889613062e-07,23.89499798015628,41.387355213015574,23.89500211889169,41.38735282351556,-41.387355213015574,0.0,12059358.904387968,13492392.868823605,0.4043572181845471,0.4097876061691112,1.081944434514284,1.3824086191024054,1.5864462647935358,3.9240273681184847,9196017.222096719,16.820347419281795,7.015411568849094,0.4148397025866159,-0.0111890410550726,14.156932099940011,0.7077779533450949,685054591.3084681,24.760241512283876,16360.833340549587,13589406.997000318,-7.02528477655916e-07,-5.433939756705975e-08,-11.358113348490969,24.77424736105272,92.53798386543276,92.53974267911002,66.19776145926507,69256.53850810645,78567859.03551154,1.2011789937131048,0.3794981895976971,1.3620456281695554,3.3212412283321346,0.3744004462732642,1.181637947323877,3.2843103888659684,0.5724652273281281,5.375340978204829,-16.78,0.2674,0.5014000000000001,0.79425,0.3086,1.456,1.2368000000000001
10.793800000000001,0.8968,12.728,11.992,244.375,0.09646167141697094,-22.504,7.742,54.59,-54.59,1.959668014990536e-07,27.29499769275437,47.27632812468132,27.295002420387053,47.27632539518131,-47.27632812468132,0.0,11919442.380651819,20137679.92122134,0.4048353670990741,0.41016324667344367,1.0883664505032535,1.390419783234975,1.5936633883856264,3.926313132999205,9077666.594037045,21.389635482904964,5.306080345855314,0.3582456683628826,-0.0165143665134358,16.720667735114183,0.6043375044969893,585224361.998204,23.729638826748957,22724.313646137896,20234648.84830043,-8.417767540352316e-07,-4.158349113996252e-08,-18.291316303982278,23.742208847769888,132.2293851066979,132.23589205415885,94.50305855639424,68892.86873554847,78340448.64446482,1.1815638220457396,0.37996250456982233,1.3685108740247527,3.3230121752423303,0.37496039192591735,1.1886941476853057,3.285817472758279,0.5691235446308185,5.380359616168935,-18.02,0.631,0.38139999999999996,0.8452500000000001,1.2746,1.4512,1.4384000000000001
8.6518,0.9416,13.392,13.879999999999999,247.28500000000003,0.0958869113739166,-19.976,11.690000000000001,53.79,-53.79,1.930949670751803e-07,26.89499772656636,46.58350778213241,26.89500238491701,46.5835050926324,-46.58350778213241,0.0,11723268.190089073,15822451.417788148,0.40350251323086833,0.4090587552987417,1.073976897885403,1.3724136289059965,1.5774265909198042,3.921141366152311,9063469.98696798,20.60022531366315,5.5908859129864235,0.5905834078154363,-0.013051234341885485,13.533845705001324,0.9881354260354577,677467476.3534477,21.720722779067124,18545.850948637133,15919430.833370723,-8.851270897358623e-07,-5.303108744781305e-08,-14.990393040397363,21.734221310458125,117.7716262117654,117.7780057058929,86.92465253070459,69713.24008294672,78849553.369024,1.2205976124590001,0.3789168753621308,1.3540095398043495,3.3190602242335308,0.3736973730448267,1.1728800006311353,3.2824566583707036,0.5728781477241883,5.369082107677363,-8.38,0.601,0.28059999999999996,0.8532500000000001,1.2773999999999999,0.9887999999999999,1.1344
11.8858,0.7272,14.344,11.432,237.41500000000002,0.09793229905463614,-17.752,20.566,58.71,-58.71,2.1075674878200104e-07,29.354997518622625,50.84435288880821,29.355002603057773,50.8443499533082,-50.84435288880821,0.0,14890871.233626308,25121917.367944047,0.4081370555175483,0.41294345889209627,1.1241434751342525,1.435151782897529,1.633582088651551,3.939728608054181,10384815.054447727,23.45964523831592,5.136575392604664,0.6670678985041072,-0.014575498277902884,17.58172909131615,0.9636153468735169,685175437.6090486,19.743521570520482,27583.282631624577,25218888.98833316,-7.790137503473643e-07,-4.646343140167979e-08,-12.301301702002382,19.75192045801827,149.945350048744,149.95183580140906,103.30434750000856,66930.74345104957,77063512.66103895,1.060091865105454,0.3826079799892374,1.4042542356234864,3.3331747948278068,0.37810124079525076,1.2280767371874353,3.2945535784214175,0.5379904835664612,5.4097353450981265,-18.78,0.199,0.1894,0.80175,0.4374,1.2959999999999998,1.1072
13.3138,0.8008,12.68,10.952,246.02499999999998,0.09613290815428227,-22.392,15.834,57.230000000000004,-57.230000000000004,2.0544385509783546e-07,28.61499758117481,49.56263525509273,28.615002537438198,49.56263239359272,-49.56263525509273,0.0,15131068.35032719,32212730.569366615,0.404043641892069,0.40949947796955577,1.0801580801906647,1.3801535210586766,1.5844078931074341,3.9233396403870135,10434684.012038717,22.298589068023773,5.275810045696547,0.40416925034448314,-0.018571609013644606,22.218575194156895,0.5665430897039004,573854210.481175,26.117613220097045,34494.57494861824,32309694.648702625,-7.89323864047507e-07,-3.5552514247950815e-08,-17.4551136300335,26.12979384522267,168.00266445516732,168.00982547206692,117.35825214971227,69358.02774695984,78630878.18667549,1.2066873276067953,0.379368641653607,1.3602484827704198,3.3207515924113067,0.37424407337056126,1.179681527093703,3.2838946173165056,0.573375685321999,5.373942824949143,-14.74,0.6766,0.6466,0.83075,1.2942,1.3904,1.496
6.8178,0.7528,10.528,9.832,241.01500000000001,0.0971546904918469,-19.016,8.582,58.47,-58.47,2.0989519845483903e-07,29.234997528766222,50.63650678604353,29.23500259241676,50.63650386254353,-50.63650678604353,0.0,9472253.553769635,8854155.352169082,0.406431620146429,0.4115032638580807,1.1053772887985005,1.411723494053624,1.6127321876477516,3.9326025350055107,7972651.34970787,22.92358223638047,7.531611774026224,0.3567965859404726,-0.026380869689908885,14.103281323339756,0.5268514045438814,637699180.7070799,26.379570501268823,11698.724555814126,8951119.551837482,-8.520028714300501e-07,-5.911107939903111e-08,-14.51782592060047,26.392909484239148,100.8441176723491,100.8508922231534,73.26935592199668,67945.6358395835,77734774.34517673,1.1314339085649308,0.3811961546445227,1.3855602420953803,3.3277714920832344,0.37643844264776577,1.2074242933687855,3.2898935100272664,0.5606828017006509,5.393841839491108,-14.18,0.19419999999999998,0.5986,0.94125,0.7565999999999999,1.0544,0.72
11.5078,1.0976000000000001,13.208,9.192,245.33499999999998,0.09626927857228756,-18.695999999999998,15.778,42.07,-42.07,1.510225927654366e-07,21.034998221912005,36.43368976379086,21.035001865280883,36.43368766029086,-36.43368976379086,0.0,11987738.641442155,17153389.284338772,0.4047024317268038,0.4101101109598641,1.0835873067592658,1.3844878581466877,1.588323857098699,3.924662441318755,9156877.88731869,14.32837778694166,10.593793716448836,0.3035736579009312,-0.010094290010184125,16.11872872497909,0.459560576049575,732704349.7263372,32.52924651070291,19991.94178368451,17250426.373703796,-5.75600580312855e-07,-3.7047109702529516e-08,-13.598975101517002,32.541264335020806,89.94237719751042,89.94349820360776,59.35717492963623,69163.50670582417,78510067.80996546,1.1961338217061144,0.3796171108205926,1.3636960628908033,3.321691999599897,0.37454389150432055,1.1834362634890583,3.2846934659954785,0.5715484333169939,5.376626149422444,-7.9,0.6105999999999999,0.5098,0.78025,0.9301999999999999,1.4768,1.3904
7.1537999999999995,0.8512,13.952,10.184000000000001,236.485,0.09813616866725342,-19.304000000000002,16.562,54.35,-54.35,1.951052511718916e-07,27.17499770289797,47.068482021916644,27.17500240974604,47.06847930441664,-47.068482021916644,0.0,11782709.088834535,12737589.881985854,0.40859140494532276,0.41333051186678726,1.1290814714821948,1.4413132819091463,1.6390431120608284,3.9416339485082736,9084697.947520424,21.154353210117065,6.59645683272848,0.804099077321112,-0.013797531154170904,12.524377718613058,1.1991924487328127,809793538.6794411,19.84945686069364,15524.748141466038,12834571.14968702,-9.117970127208398e-07,-6.866206578852299e-08,-13.099987544715725,19.85930252448886,107.88942670911761,107.89602553356877,84.09815369313291,66668.562917345,76886933.91611698,1.0399683575709218,0.38296050467943804,1.4091500015915412,3.3346013925679436,0.37851793590950433,1.2335079838808096,3.295787250606949,0.5306209500735818,5.41366700185412,-3.219999999999999,0.5566,0.42700000000000005,0.75975,0.1182,1.432,1.4048
12.5018,1.0424000000000002,13.656,13.016,238.70499999999998,0.09764839191543065,-22.984,13.986,45.59,-45.59,1.636586642304791e-07,22.794998073139254,39.48209927100607,22.79500202134907,39.48209699150606,-39.48209927100607,0.0,13134987.595356492,22413868.784749355,0.4076313127032599,0.4125336491531228,1.117347681646685,1.4266975831647946,1.6260633209919646,3.9371682003549444,9627613.164181203,16.965791400208204,6.822571421839056,0.29630392604533995,-0.009700503123720004,16.156510269330575,0.5676156792645376,608413197.8861517,26.852833185304128,25035.26245559329,22510875.683759518,-7.102857060436589e-07,-3.945534979255042e-08,-17.56096291905583,26.86470560856234,114.14232994839277,114.14321049915499,78.90421729513987,67294.41322360755,77306861.846941,1.08834638830402,0.3821183967192818,1.3974975799007636,3.3312205513869415,0.37752207032273255,1.220608261238055,3.292869044443023,0.548275740932548,5.404282316476288,-12.7,0.6813999999999999,0.3202,0.91725,0.7873999999999999,1.4016,1.1168
7.8818,1.012,12.088000000000001,10.68,246.865,0.09596872942863949,-22.088,18.073999999999998,55.79,-55.79,2.0027455313486353e-07,27.894997642036387,48.31555863850468,27.89500247359212,48.315555849004674,-48.31555863850468,0.0,12097249.446594615,13322470.54630862,0.4036814844924998,0.409203994008951,1.0760269779995724,1.3749842930726108,1.5797434343421075,3.9218687881620395,9112928.470081449,21.401174480520876,5.89653669163648,0.36621092623846685,-0.018926718299332904,14.457572773681143,0.6171665070109319,597250799.3081176,24.46972299708359,16083.195366764849,13419441.112118375,-8.849774899636001e-07,-6.340943505090829e-08,-15.311397926485784,24.48467455953318,114.20076721491971,114.2073168201716,85.62687424542611,69594.83597095108,78777084.15539551,1.2163697505015487,0.37906237858827435,1.3560782497222532,3.3196160437848987,0.3738749013626573,1.175137233020081,3.282929022140838,0.5733068992421932,5.370624766416454,-12.940000000000001,0.6057999999999999,0.5794,0.84475,1.4062000000000001,1.1184,0.7168
9.7718,0.9600000000000001,13.712,13.256,247.76500000000001,0.09579281621557444,-18.184,15.974,44.99,-44.99,1.6150478841257412e-07,22.494998098498247,38.962484014094386,22.495001994746538,38.96248176459438,-38.962484014094386,0.0,11892890.223725725,14789563.37142701,0.4034174585991467,0.409014094022299,1.0716368608766143,1.369503098581018,1.5747929729386558,3.920340684748267,9153017.198094033,15.785801836726717,7.468145984025849,0.3546227268189452,-0.008551520224159092,13.189802111262397,0.6194437264708428,703852709.2324718,26.393111251649664,17653.76502182213,14886586.842353947,-7.264122962469116e-07,-4.8164495660239176e-08,-12.589309561313822,26.408211993697996,91.74954817279516,91.75109589676754,65.05037282824875,69848.55906808456,78933956.17250304,1.225463028859477,0.3787383877454853,1.3516384124196519,3.318416295788434,0.37348282424232443,1.1703038233038952,3.28191007271151,0.5723877842700894,5.367136856022502,-5.1,0.481,0.35619999999999996,0.92925,1.2578,1.3472,1.3616000000000001
7.1818,0.9752000000000001,13.904,6.264,246.985,0.09594538787774563,-17.928,11.382,45.230000000000004,-45.230000000000004,1.6236633873973613e-07,22.61499808835465,39.17033011685906,22.615002005387552,39.170327855359055,-39.17033011685906,0.0,10075415.986418676,10408559.208514139,0.4037788095992112,0.40931364590650815,1.0754437926160643,1.374275306455543,1.5791058250362542,3.92170302352667,8412283.159040006,15.991852522776112,7.536150958606649,0.4688290433934071,-0.010384458498662135,12.265750890925409,0.7849387877009414,756913418.0285825,24.253101462374982,13370.601524685784,10505579.656167375,-7.392560773468493e-07,-5.512782444637996e-08,-13.096764274988438,24.26664477839898,80.72361765162331,80.72642740309577,60.74263175288042,69628.66571723556,78797747.63243309,1.2175768481369196,0.37902080777600033,1.3554867657549026,3.3194569736857753,0.3738241894422628,1.1744915569360819,3.2827937838648658,0.573184146666889,5.370183918793007,-3.9800000000000004,0.2434,0.6838,0.81575,0.8406,0.7343999999999999,0.7999999999999999
9.2538,0.884,10.992,9.672,245.51500000000001,0.09623373663043946,-21.672,18.130000000000003,48.55,-48.55,1.7428445159881026e-07,24.27499794803489,42.04553453843704,24.27500215258823,42.04553211093703,-42.04553453843704,0.0,11434146.345208189,12622522.111049104,0.40444337593411916,0.40986235212634786,1.0826890569954497,1.3833419079836744,1.5872888253637438,3.92430123792309,8788417.603803627,16.63462959115888,13.022897964860555,0.2866435175170531,-0.019483856561839426,15.962076765433528,0.39974070573040027,770916163.6043981,38.03575008220256,15473.133373636803,12719521.349263612,-7.330818161385133e-07,-5.015211715406459e-08,-15.225282877048285,38.05045252420779,94.58190576027225,94.58356915291154,66.31883538884874,69214.25132525087,78541533.84138902,1.198888436263303,0.37955217359510596,1.3627953191088333,3.32144582417354,0.3744655895845868,1.1824547392959381,3.284484240526904,0.5720858784689353,5.375923876487232,-10.7,0.11140000000000001,0.2914,0.75325,1.143,0.7424,0.7295999999999999
12.4458,0.7352,12.736,9.8,237.445,0.09792563356692055,-22.472,9.198,54.19,-54.19,1.9453088428711694e-07,27.094997709660365,46.92991795340686,27.09500240265203,46.929915243906855,-46.92991795340686,0.0,12871294.010737792,25281065.967907976,0.40817126811860366,0.41298053183438693,1.1239856507082018,1.434961880193949,1.6334140517074727,3.9396800336000464,9469213.503323484,21.52672133413993,5.669512726309225,0.34051441229577034,-0.017382215458198676,19.871565222669464,0.5731885138550656,604289463.1220005,24.61292328913829,27737.166779831776,25378037.040448494,-7.238605834490515e-07,-3.437604970947308e-08,-18.35097842832824,24.6234670815818,143.75876395514274,143.7653525297978,97.12226027460211,66939.2008876207,77069204.20271948,1.0607443175872058,0.3825966043119055,1.4040966496940237,3.3331290253672403,0.3780877895920972,1.2279022043607535,3.294514056931958,0.5382270776223685,5.4096085670260905,-13.66,0.45940000000000003,0.28659999999999997,0.9882500000000001,0.5046,0.9312,0.7328
7.2097999999999995,1.1088,12.96,13.576,238.015,0.09779944556789302,-21.784,19.194,56.99,-56.99,2.0458230477067347e-07,28.494997591318405,49.35478915232805,28.495002526797183,49.354786302828046,-49.35478915232805,0.0,12767471.18086246,14416066.540587105,0.4078434634198338,0.41269361518842385,1.1209739766930638,1.4312006887944804,1.630071622683066,3.9385206222622298,9440815.645745408,22.955589514723055,5.7524816189625465,0.6198769782038271,-0.01579380589796237,13.060653538302018,0.989737807462822,684571770.0137265,21.577423864744002,17129.341724320355,14513034.277345851,-9.571159336215308e-07,-7.004197065112624e-08,-14.522435273407199,21.588155963897744,122.27520869813857,122.28178052550577,93.4637182856707,67099.89218247187,77177148.62216122,1.0731842329839243,0.3823802942832396,1.401106559649254,3.332262249828163,0.37783197269044533,1.224593606151687,3.2937662054873127,0.5428110896395935,5.4071982731890555,-7.940000000000001,0.6658,0.44020000000000004,0.93625,0.5214,0.7696,1.0272000000000001
13.453800000000001,0.9608000000000001,11.192,12.76,240.65500000000003,0.09723127909309863,-20.408,17.29,53.47,-53.47,1.9194623330563097e-07,26.734997740091156,46.30637964511284,26.735002370728992,46.306376971612835,-46.30637964511284,0.0,14355103.788675955,29037997.46486678,0.40660317971245774,0.4116473112240264,1.1072212762228697,1.4140340665381703,1.6147857893741613,3.933280123942715,10052442.431061728,19.628706629974047,9.04990386182232,0.48312402399338616,-0.01748114664362305,22.57353830703034,0.5817669376749266,702317255.4623053,34.04472053701009,31436.91407902516,29134979.745023668,-7.062675732277815e-07,-3.0994145302897615e-08,-15.518873159756364,34.059839938281094,146.4940225862025,146.50059660710806,96.85115341843623,67844.1466007301,77668747.41704398,1.1261421924635742,0.38132569387407644,1.3874002334335171,3.328289587961022,0.3765939979266174,1.2094594098279985,3.2903395996143856,0.5597764069408787,5.395250835057503,-3.7799999999999976,0.5446,0.193,0.86725,0.7482,0.9728,0.888
13.5658,0.796,12.648,10.552,242.125,0.09692183845558931,-22.008,7.686,57.83,-57.83,2.075977309157404e-07,28.914997555815813,50.08225051200441,28.915002564040726,50.0822476205044,-50.08225051200441,0.0,13986528.448106728,33052466.914081756,0.4058454848782492,0.41099995768162056,1.099711651671736,1.4046134137510657,1.6063869927023353,3.930463381635618,9964441.96909275,23.153325132942335,5.221528888675396,0.41486285553873603,-0.01975485785203405,22.793847050678814,0.59436756726449,584385097.9416828,25.536311521033184,35295.78185377465,33149426.24116417,-7.983033424743202e-07,-3.084673588995405e-08,-18.378573841402588,25.546898552639835,172.8296202864889,172.83690712130368,120.70240066212617,68258.56099271476,77937316.46887687,1.1478476740247532,0.3807843650102259,1.3798937897531207,3.3261750138454937,0.3759466742897285,1.201179854455456,3.288522078736974,0.5634770924042154,5.389316752177382,-1.6199999999999974,0.45699999999999996,0.6682,0.76375,0.23299999999999998,1.4272,1.1328
13.2718,0.7776,12.56,11.911999999999999,248.21499999999997,0.09570650672505487,-18.68,18.886,49.870000000000005,-49.870000000000005,1.790229783982012e-07,24.93499789224511,43.18868810364275,24.9350022111138,43.18868561014274,-43.18868810364275,0.0,14319600.438168736,27217948.075975507,0.40314329996017,0.40877465487456377,1.069451796866386,1.3667522089732578,1.5723057856746823,3.919544333121604,10123846.910403557,17.44283198830222,7.6648453045322675,0.4391117913324432,-0.012688363762708967,20.412862540949078,0.5614053846154885,639397744.245782,30.18616273510695,29722.23948043334,27314949.5396717,-6.720199838332502e-07,-3.283207196816875e-08,-13.659622781672317,30.20299870184372,129.4985842251958,129.5048048933184,85.9654709500422,69975.42061665129,79010790.78379287,1.230013677767693,0.37858249481944917,1.3494315221021531,3.3178267988823573,0.373292428783326,1.1679027562311919,3.2814103276434308,0.5719341300890546,5.365486614704195,-17.18,0.1438,0.41380000000000006,0.78825,0.9273999999999999,1.3392,1.1312
8.3018,0.9272,11.84,8.664,241.615,0.09702761800563561,-17.176000000000002,8.862,42.67,-42.67,1.5317646858334158e-07,21.334998196553016,36.953305020702544,21.335001891883415,36.95330288720254,-36.953305020702544,0.0,9147697.349779474,8924215.791947182,0.4064768844080041,0.41159944334579845,1.1023210927532758,1.4079383564492909,1.6093651902091013,3.9315501953255816,7909738.201313015,14.142060962501018,16.01402723407589,0.3026258861798215,-0.015998883834667955,13.199392946433058,0.48199212122369994,904797412.0387757,38.28193751771316,11950.251339612503,9021249.90310815,-6.621475054308321e-07,-4.5237415157903465e-08,-12.97758371426887,38.26064839585054,70.6855784814139,70.68804160111158,49.47922697445481,68114.78457100582,77844600.39013955,1.1402875150668832,0.38098025017570303,1.382500352494819,3.326912669500946,0.3761790507875313,1.204045247313936,3.289155094380219,0.562199407243931,5.3914951196011565,-16.42,0.39339999999999997,0.6033999999999999,0.82975,0.1406,1.0032,0.8784
10.3178,0.7712,11.943999999999999,8.584,239.065,0.09757026822674145,-16.823999999999998,20.454,46.75,-46.75,1.6782282414509534e-07,23.374998024111868,40.48668876770199,23.37500207278063,40.486686430201985,-40.48668876770199,0.0,11813357.96542663,13993135.80076365,0.4076063763364686,0.41253750509574477,1.1154643365282984,1.4243734218956825,1.6239922579355208,3.936497894512062,8999092.788344773,15.786341127902853,11.564519438039712,0.34684276887054055,-0.014213715328495219,16.481550706517652,0.48124068127345127,755305950.4458265,33.48894117693047,16857.22033572637,14090156.793600578,-6.296238542157609e-07,-4.427111186771103e-08,-11.078486983373475,33.49880145584888,90.3773087925432,90.37862874361646,60.31906241824263,67395.90246246094,77374163.70989373,1.0963020328372228,0.3819816793696777,1.3956191775993876,3.3306802584189015,0.3773602292905555,1.2185374415631998,3.2924044009115616,0.5511320034347296,5.402760936166813,-0.9399999999999977,0.5578,0.4978,0.87075,1.1682000000000001,1.1808,1.1184
11.4938,1.0144000000000002,12.824,9.72,243.20500000000004,0.0966983168426799,-23.624,17.598,50.07,-50.07,1.797409370041695e-07,25.034997883792112,43.36189318927997,25.035002219981312,43.36189068577996,-43.36189318927997,0.0,13604612.386888823,21905256.475014515,0.4054384744301692,0.4106773879090085,1.094249940588102,1.3977863426404857,1.6002828936905598,3.9284812120579007,9775607.90502339,18.628991499364457,6.469633021659279,0.28708336438702403,-0.014513023536339181,18.163601643264133,0.513140207004295,574132105.4571292,27.080817590764482,24496.45123879667,22002244.351223197,-6.937855447509235e-07,-4.2273154307811436e-08,-17.638797895229807,27.094501896240114,123.60322646639936,123.60945532357762,84.7767736023309,68563.02870927496,78132007.40557165,1.1639544413513374,0.38039578171252614,1.3744208421983999,3.3246526808703036,0.37547915778380575,1.195161854409232,3.28721813429241,0.5661843227766733,5.385102252225145,-5.140000000000001,0.4978,0.2818,0.79175,0.4262,1.1712,0.7871999999999999
6.8458,1.0912000000000002,12.928,12.456,237.56500000000003,0.09789886745319289,-20.52,7.826,57.71,-57.71,2.0716695575215942e-07,28.854997560887615,49.97832746062207,28.85500255872022,49.978324575122066,-49.97832746062207,0.0,10565291.635917494,12812900.677813046,0.40806642115487723,0.41288385306917597,1.123349732337794,1.4341637441627055,1.6327049214655747,3.9394301695338796,8544668.512457527,23.535603525904854,6.450543317786289,0.7428571947429989,-0.01727359521060732,12.765924134645685,1.1266291148671725,761201179.6941562,20.280679429851396,15552.249618567608,12909863.68324503,-9.82188701622365e-07,-6.005862512215049e-08,-15.961986764255654,20.290703083213597,117.32487143887695,117.33162630449513,89.84593877987177,66973.03063390516,77092067.92223616,1.063357451707324,0.3825510085046304,1.4034663502673188,3.3329459935241315,0.3780338928674098,1.2272044189004758,3.2943560605367925,0.5392551387502792,5.409100196938038,-9.7,0.31779999999999997,0.5506,0.99025,0.7313999999999999,1.376,1.3088
8.4418,0.9664,10.904,7.256,238.495,0.09769418333429095,-16.12,16.982,52.19,-52.19,1.873512982274337e-07,26.094997794190338,45.19786709703458,26.095002313976924,45.197864487534574,-45.19786709703458,0.0,10524369.242952157,10134998.661307894,0.40779241505639263,0.41268050703128994,1.1184514227304088,1.428084261224986,1.627300114953275,3.937613715710532,8408837.088028701,18.38386724702623,10.495045896246708,0.36049664074619336,-0.02080681251157088,15.938551684472856,0.46122172476860746,717661136.6110994,31.398706811896155,13030.374890217781,10231995.904857077,-7.18450202599722e-07,-5.36578537680335e-08,-10.815982857269955,31.409179884868916,88.92826884406952,88.9340882935326,61.68898397631347,67235.21116760973,77267482.09043525,1.0837198282219491,0.38219811876482507,1.398594749080952,3.3315367282033805,0.3776164232742854,1.2218189151857815,3.29314116606666,0.5466112011919058,5.405169693435178,-14.5,0.535,0.2662,0.86025,0.8573999999999999,0.976,0.7615999999999999
8.0078,1.0048000000000001,12.032,13.656,240.59500000000003,0.0972441212895628,-23.208,12.166,50.83,-50.83,1.8246917970684913e-07,25.41499785167072,44.02007251470143,25.41500225367785,44.02006997320143,-44.02007251470143,0.0,11398074.681686297,14294070.23072261,0.4066346541467644,0.4116744725158236,1.1075290425910995,1.414422280558817,1.6151310106834023,3.9334030940652935,8847842.360198963,19.41018106523433,7.080076507853098,0.2888034803015752,-0.014420209784087175,13.755580563760521,0.5515918935959861,622427497.7703363,27.04290076140247,17054.853813062735,14391053.409995822,-8.49458717725176e-07,-5.2577724813742475e-08,-17.432883485015463,27.05577283465729,106.75974636335778,106.76597904238638,77.43210405077684,67827.23172758786,77657691.60573614,1.1252616798372694,0.3813472787195231,1.3877071551823208,3.328376129902704,0.3766199133055766,1.2097991321021802,3.290414163097728,0.5596247470179943,5.395485690983899,-13.18,0.511,0.6778,0.98675,0.9665999999999999,1.2671999999999999,1.208
13.033800000000001,0.9648000000000001,11.264,13.384,248.035,0.09574103286962932,-16.088,8.078,46.35,-46.35,1.6638690693315872e-07,23.17499804101786,40.140278596427535,23.17500205504561,40.14027627892753,-40.140278596427535,0.0,11089012.281021966,20228881.704690333,0.4033416277954909,0.4089605315698522,1.0703266987214022,1.3678664508235303,1.5733140782445671,3.9198842800811255,8727151.489015741,15.054272828081471,13.621206303138704,0.47951370115326636,-0.013843712261734618,18.729905202426988,0.5522411671620968,846501984.3658152,39.67035796122328,22946.81183642138,20325899.817708284,-6.686355647886921e-07,-2.782967293283657e-08,-12.941100028253917,39.687915471426166,104.83970025403475,104.84072029527829,68.27086279120999,69924.6759972246,78980037.49136965,1.228192101783166,0.3786448509321552,1.3503137453176683,3.3180622513808227,0.37336859700138225,1.1688621677164015,3.2816098542289462,0.5721152264846584,5.366146529398226,-13.42,0.5194000000000001,0.49660000000000004,0.98175,1.1178,1.344,0.8415999999999999
6.775799999999999,0.8608,14.448,12.664,242.485,0.09684688723838653,-23.192,8.47,53.03,-53.03,1.903667243725007e-07,26.514997758687752,45.92532845671094,26.51500235122047,45.92532580521093,-45.92532845671094,0.0,11309799.36638426,15899878.130537584,0.40567974219664593,0.4108619175718367,1.0978860486348359,1.4023274709966578,1.6043455381628622,3.9297955749472395,8957734.067633677,20.891992431327953,6.189754624022274,0.7932293437611436,-0.012542545066087278,12.403956103047676,1.2751715194950881,813935276.4050965,19.569494158914623,18598.236427287255,15996851.328423955,-9.3119065728865e-07,-5.756125544237836e-08,-18.12124585111826,19.580211244030203,119.14428961141797,119.15107359827564,92.59754841368083,68360.05023156817,78002463.91341645,1.1531983776785493,0.38065486222917955,1.3780665093154107,3.3256655482811275,0.3757909152995785,1.199168161968924,3.288085236037098,0.564364596646757,5.387911545656487,-12.58,0.3238,0.5122,0.78725,0.8266,1.2656,0.8432
12.1658,1.0352000000000001,12.392,7.096,238.675,0.09765492369282378,-17.192,8.666,51.230000000000004,-51.230000000000004,1.8390509691878578e-07,25.61499783476473,44.366482685975896,25.615002271412873,44.366480124475885,-44.366482685975896,0.0,11363316.444824897,19956647.812771372,0.4077016434579007,0.41260255033779086,1.117506049135689,1.4269029753475686,1.62624694941706,3.937241728585128,8826511.271197699,19.045695877117154,7.307451457026895,0.39090109758257374,-0.016255129845498182,19.462181987244087,0.6147743992365362,661178265.1134037,26.40826052631615,22605.14824150079,20053642.14216437,-6.366675160999597e-07,-3.15891120710987e-08,-13.85873542321981,26.420162001486272,117.03751922983723,117.04336673028419,75.93192850195824,67285.95578703645,77301241.54373382,1.0876847530086724,0.3821297850341663,1.3976542581936606,3.331265673651596,0.3775355500637841,1.2207810970194417,3.292907869758737,0.5480378763113531,5.40440905798427,-14.299999999999999,0.6334,0.23500000000000001,0.99225,0.975,0.9856,0.9072
7.2238,1.0,13.016,12.216000000000001,246.65499999999997,0.0960100752680242,-23.688,14.434000000000001,47.39,-47.39,1.7012029168419397e-07,23.694997997062277,41.04094504174112,23.695002101156668,41.040942672241115,-41.04094504174112,0.0,11610306.371870281,13686476.8923861,0.4038311208665773,0.4093378552132952,1.0770552197972494,1.3762830894950395,1.5809129402644544,3.922250477116083,8992588.064564496,17.628199465084034,7.125740516694612,0.3358071005030631,-0.011759771447271132,12.796869446382578,0.6912384074530178,686895959.3248899,26.328650217687734,16507.685054722017,13783474.164875235,-8.261311818537097e-07,-5.837363189356893e-08,-17.074122253538796,26.343929747848513,99.2703447588914,99.27229576403646,74.70004196855027,69535.63391495326,78740549.96311556,1.2142673755049231,0.3791350404322525,1.3571138511855554,3.3198947983328773,0.3739635544897782,1.1762686189019094,3.283166171346441,0.5735615199246499,5.37139486153125,-2.3000000000000007,0.33699999999999997,0.1126,0.98875,0.1462,1.496,0.7215999999999999
12.7258,0.8016,10.512,9.928,247.58499999999998,0.09582643716434087,-18.936,13.454,44.79,-44.79,1.607868298066058e-07,22.394998106951242,38.78927892845716,22.395001985879027,38.78927668895715,-38.78927892845716,0.0,11847307.299630467,20775342.233311977,0.40366968935947084,0.40925494903966153,1.0725225801798701,1.3706320937050203,1.5758206744911463,3.920697298537403,9006527.319204606,10.732404505530567,29.060831981581387,0.5008765860885102,-0.041381876220513404,21.68349762072879,0.6483597438902976,1317677351.0134072,60.45326978198101,23486.95368022286,20872363.295108147,-5.668717992880028e-07,-2.7198658518572583e-08,-14.68901650350816,60.356455206894324,106.28431292738887,106.28839016840311,65.23027386511711,69797.81444865785,78903068.8742505,1.223622321555356,0.3788129581804008,1.3525344464113251,3.3186648126835356,0.3735705283313841,1.171272269010721,3.2821209409792593,0.5725648051526429,5.367981135824579,-3.4599999999999973,0.2494,0.601,0.79225,1.423,0.9232,1.1872
8.6378,0.8064,11.448,7.128,238.435,0.0977072959644127,-20.744,9.254,53.269999999999996,-53.269999999999996,1.9122827469966265e-07,26.63499774854415,46.13317455947561,26.63500236186148,46.1331718959756,-46.13317455947561,0.0,10423263.351056213,12811213.048341341,0.40775549371715897,0.4126380714827452,1.1187653492249934,1.4284646059479227,1.6276378549848716,3.9377098063698632,8396432.716458956,20.390246758988535,7.779936211632207,0.31806843663000844,-0.021477452446694134,16.467495488399614,0.5198283931633101,637990342.2533529,27.41999342177046,15591.989592275271,12908191.412542367,-7.378372671425077e-07,-4.597090362670892e-08,-16.363817888978744,27.432102334491685,105.02715145469827,105.03327929821583,74.34727676479206,67218.29629446752,77256214.74479611,1.0823998427818573,0.38222089814510574,1.39890840632156,3.331627202122358,0.3776433794437267,1.2221651736461325,3.293219065368775,0.5461358393246133,5.405423309620859,-4.139999999999999,0.41500000000000004,0.5638,0.77875,1.3362,1.1136,1.0976
7.7838,0.8904000000000001,13.456,11.288,243.595,0.09661854670159907,-16.631999999999998,12.446,51.63,-51.63,1.8534101413072243e-07,25.814997817858732,44.71289285725035,25.815002289147895,44.71289027575034,-44.71289285725035,0.0,10685776.037578108,11497611.650943696,0.4052626777834982,0.4105318937296389,1.0922863573259718,1.3953307950439795,1.5980821438407737,3.927770817792891,8630822.636690525,18.974220731777447,6.691076801745923,0.6827462311448227,-0.012313491799937352,12.447406696186409,1.0465580975864701,768267021.55449,21.57725006656328,14364.331775759301,11594607.626587579,-8.388244546739604e-07,-5.661352772652984e-08,-11.845601563932846,21.58943527014568,94.57657114097063,94.5828690310119,69.5238506732252,68672.97538469946,78201780.19103767,1.1698066723551304,0.38025544373132725,1.3724512797026143,3.3241074747085517,0.3753101875542951,1.1930012214652437,3.2867521037996075,0.5671700060523195,5.3835818303107,-16.22,0.41980000000000006,0.655,0.89925,0.35339999999999994,1.3216,1.072
11.157800000000002,0.9912000000000001,12.304,7.832,248.965,0.09556487263015483,-19.64,12.334,57.15,-57.15,2.051566716554481e-07,28.574997584556005,49.49335322083783,28.57500253389119,49.493350363337825,-49.49335322083783,0.0,12376681.80770073,20323031.45346228,0.40274338092735795,0.40843374920930375,1.0658187330730322,1.3621965515117405,1.5681724029845712,3.9182459730119206,9239307.1419964,21.889808199357248,5.397078665884889,0.3944351035955736,-0.020938036622970963,19.300635303185825,0.616578672541233,573650652.1060262,24.021411991611636,22911.4350400284,20420000.267306603,-7.457281227491933e-07,-3.9778757286835876e-08,-15.337319558762756,24.035772436633845,135.26991701335328,135.27626792363506,92.86440163104754,70186.8565309292,79138278.93688816,1.2376445986903664,0.3783105039923279,1.3457519473597,3.3168389849491007,0.37296337114549993,1.163914216962195,3.280574195900288,0.571189536232254,5.362555751314135,-4.42,0.6466,0.36219999999999997,0.83425,1.4314,1.3792,1.4832
11.1858,1.0184000000000002,10.584,11.896,244.225,0.0964919688142643,-16.695999999999998,13.398,45.35,-45.35,1.627971139033171e-07,22.67499808328285,39.274253168241394,22.67500201070806,39.27425090074139,-39.274253168241394,0.0,10916210.161255237,15023253.005118243,0.4051750695775536,0.4104957906749122,1.0891228662262318,1.3914055670022525,1.5945517138317178,3.9266595594904476,8601983.912844356,11.328917612212111,24.658301981232416,0.45335919457142804,-0.02737015925505972,17.587222744197362,0.5400352984049759,1171272339.3253155,52.725557751862546,17878.668335090704,15120277.248093832,-6.461683808745607e-07,-3.403519211057601e-08,-12.37786656738194,52.665219671576885,91.40122318856923,91.40363864731687,59.22465780209818,68850.58155269288,78313817.76525596,1.1792968829761072,0.38001647430572855,1.369265188721937,3.323219747602034,0.3750254337991264,1.1895192850342426,3.2859944622045116,0.5687445821333816,5.380943478278206,-17.82,0.6285999999999999,0.6417999999999999,0.82375,0.8686,1.4976,1.0655999999999999
8.3158,0.8536,11.896,13.864,238.55500000000004,0.09768108369793847,-22.6,20.034,43.230000000000004,-43.230000000000004,1.551867526800529e-07,21.614998172884622,37.43827926048679,21.615001916712444,37.43827709898678,-37.43827926048679,0.0,12023334.603279762,13000614.029726174,0.4078001975844641,0.4126932184774258,1.1181375869533883,1.4276971609256288,1.6269555890546334,3.9375014529061287,9100504.342344668,15.183438207594442,14.835867776714863,0.24058003648259174,-0.01306490798377303,13.159060106029925,0.469889777413069,861589319.2566456,39.19244277697176,15892.53148929721,13097636.712913599,-7.241634276846851e-07,-5.273515704329325e-08,-14.941950956162744,39.198343858707105,86.54157500232057,86.54304167214727,60.800042528614604,67252.126040752,77278742.3748915,1.0850405942265295,0.38217534012091753,1.3982811719454278,3.331446315514099,0.37758946582884273,1.221472801173062,3.2930633308943627,0.5470866615822291,5.404916112772683,-8.659999999999998,0.5266,0.541,0.98375,0.7398,1.008,1.1472
6.7198,0.8848,10.896,10.36,246.475,0.09604550571311483,-21.144,8.218,59.03,-59.03,2.1190548255155034e-07,29.51499750509783,51.12148102582778,29.51500261724579,51.12147807432777,-51.12148102582778,0.0,9875532.801821232,10040126.707574474,0.40386551116573655,0.40935708942382903,1.0779356399337698,1.3773818768056605,1.581901340307374,3.9225540510386656,8160810.741081775,23.398425623157483,6.448862248373602,0.364868054650511,-0.025843550445507592,14.020190679734933,0.5770604198180732,604743167.6749628,24.998475151828906,12846.822985532239,10137084.405936794,-9.037459933167528e-07,-5.997111279494452e-08,-16.375650710416174,25.013638259373533,108.87524624943681,108.88217771589204,80.45423300809345,69484.88929552658,78709260.29546534,1.212462487710293,0.3791973933486109,1.3580025342486477,3.320134346818295,0.3740395896337787,1.17723988153662,3.2833700420516205,0.5737481506909523,5.372056454029822,-5.42,0.18220000000000003,0.5242,0.9027499999999999,1.213,1.2576,1.1856
11.7878,0.9568000000000001,13.24,6.968,246.835,0.09597460693888119,-18.744,17.066,57.790000000000006,-57.790000000000006,2.0745413919454677e-07,28.894997557506418,50.047609494876966,28.895002562267226,50.04760660537696,-50.047609494876966,0.0,13458065.704676747,22676401.457781456,0.4036974153379254,0.40921745670854887,1.076173652392081,1.3751675532572205,1.5799082332205376,3.921916425298761,9719685.091151804,22.218690289058262,5.032892660251507,0.516803779251808,-0.018746960858465306,19.299317471954343,0.770051971132975,616938489.2343783,21.918137653284354,25209.686038270913,22773372.309349697,-7.514420497636778e-07,-4.300381978536637e-08,-13.859726841360747,21.930078856423098,140.90503201988747,140.9114174018632,96.59724834371106,69586.37853437997,78771885.37501751,1.2160681463680916,0.3790727702933933,1.356226120815193,3.3196558324301715,0.37388757852234106,1.1752987497744962,3.2829628673724414,0.5733376200825188,5.370734995208153,-18.3,0.5794,0.6826,0.75525,1.409,0.7936,0.9199999999999999
9.6318,1.0488,13.84,7.5760000000000005,235.195,0.09841916225571061,-22.951999999999998,19.726,55.11,-55.11,1.9783349387457122e-07,27.55499767077658,47.72666134733811,27.55500244344258,47.7266585918381,-47.72666134733811,0.0,13709347.194170866,19327489.480994184,0.40919179797470884,0.4138374953058595,1.1359817595289166,1.4499220822446068,1.6466440264927658,3.9443002590767087,9842762.64300039,22.08595779283286,7.026431173448878,0.6284882620669825,-0.016205838938478354,16.257683507861643,1.0370115614521476,706025342.8776035,21.306391673936073,21927.058308832165,19424461.20321375,-8.124985679972021e-07,-5.7163529967722834e-08,-16.345661226213497,21.315682120391806,131.42365366840767,131.4301528276223,98.21093642827074,66304.893144787,76638570.42655474,1.0124068504181105,0.3834488639961433,1.4159748590892156,3.336605168872927,0.3790947331929321,1.2411072920730468,3.297525808887197,0.5205154094772783,5.419118929850639,-6.419999999999998,0.41380000000000006,0.2074,0.82425,0.17980000000000002,1.2431999999999999,1.2351999999999999
8.0918,0.8504,11.432,6.792,246.925,0.09595698366453516,-19.432,12.138,53.59,-53.59,1.92377008469212e-07,26.79499773501936,46.41030269649518,26.7950023760495,46.41030001699517,-46.41030269649518,0.0,10404031.164054537,11233039.23641375,0.40373613178189616,0.40926490567661367,1.0757353918600263,1.3746309433282595,1.5794257837325953,3.9217883833319624,8398351.266891718,19.78187202454769,7.623189198315005,0.3394917483929516,-0.02146961095745999,15.681802654811628,0.49624199710970257,652165200.098518,27.327371035983237,14073.654673632167,11330020.864026338,-7.638008174187123e-07,-5.204066658467543e-08,-14.587840073143116,27.343263680650285,99.32830145101123,99.33463868641758,71.85054348370572,69611.75084409333,78787476.1576897,1.216973275494145,0.379041593113825,1.3557824690071318,3.319536482858936,0.373849545616238,1.174814304890432,3.2828613723868885,0.5732454966504575,5.3704043290974575,-9.059999999999999,0.5337999999999999,0.6334,0.81725,0.6698,0.9423999999999999,1.1520000000000001
13.285800000000002,1.0904,14.256,13.8,238.82500000000002,0.09762229772877856,-23.96,13.202,50.39,-50.39,1.8088967077371883e-07,25.194997870267315,43.639021326299535,25.195002234169326,43.63901880679953,-43.639021326299535,0.0,14197030.920586277,27749321.35916485,0.4074869557973156,0.4123967794398327,1.1167164550692,1.4258984042637233,1.625349848455822,3.9369052741721555,10089954.366021749,19.573114097923153,5.066313920028362,0.3727752754877804,-0.011004501836701354,17.12442499508928,0.6735968873306906,599272707.1518726,23.060413091767522,30180.031478565084,27846304.968764715,-7.66557940821076e-07,-3.949991503577415e-08,-18.731676077567684,23.070634186169066,140.29166428138743,140.2983701935935,97.98537418862048,67328.24296989203,77329324.97170417,1.0909948764808517,0.3820728244267962,1.3968711010027155,3.331040206855058,0.37746812888773207,1.219917320928601,3.29271389430147,0.5492274426417304,5.403775103536571,-13.02,0.5026,0.1366,0.86775,0.20220000000000002,1.4912,1.2271999999999998
13.4818,1.0064000000000002,12.056000000000001,7.656000000000001,248.99499999999998,0.09555918193644516,-19.928,16.282,47.55,-47.55,1.7069465856896864e-07,23.774997990299877,41.1795091102509,23.775002108250675,41.179506732750895,-41.1795091102509,0.0,13282293.171873603,25545003.470588684,0.4028345418534106,0.40852909146636096,1.0656764639699396,1.3620329648266316,1.5680245195405556,3.918220479613166,9647550.885056492,16.178193147749695,10.047647448096418,0.42990906961800585,-0.015287267658756935,22.2013344708157,0.5351864642829334,717454676.7450008,34.999231822185344,28105.796239042735,25642010.520655766,-6.329771816128402e-07,-3.0575117697954747e-08,-15.228184923513842,35.018494737635976,121.23352905237907,121.23429495803917,80.48861682041834,70195.31396750032,79143370.12125398,1.2379494961818842,0.37830010832317323,1.3456055595374479,3.3168001214869918,0.37295066034463226,1.1637553814363424,3.2805413249433992,0.5711597402155372,5.362445859008333,-9.219999999999999,0.36219999999999997,0.631,0.84075,0.4962,1.3936,1.4624000000000001
7.8398,0.9616,14.208,8.936,243.62500000000003,0.09661243175587371,-22.296,16.758000000000003,48.39,-48.39,1.737100847140356e-07,24.19499795479729,41.90697046992726,24.19500214549422,41.90696805042725,-41.90697046992726,0.0,12150730.274070103,14538046.516529992,0.405213338324748,0.4104842352391526,1.0921349717722038,1.395135274896943,1.597906369173808,3.9277033316200924,9254234.13493285,17.914997647277474,6.304108578110319,0.5051727005094625,-0.011328023840543884,13.117859021099889,0.8813585550905145,726741136.6311872,22.714756692432985,17335.0372136872,14635044.17348,-8.270938428083767e-07,-6.240723297422243e-08,-15.615546895542037,22.727476968883522,101.40275135082707,101.40472952214061,77.91311577193028,68681.43282127057,78207135.15919822,1.170257620955484,0.38024464403144304,1.372299940099918,3.324065634964481,0.3752971823779338,1.1928352926668326,3.2867163570441056,0.5672458285421392,5.383464838509156,-3.8599999999999994,0.48340000000000005,0.3286,0.76875,1.3474,1.4672,1.3504
10.0098,0.7896,12.08,12.952,236.185,0.09820085365813852,-18.616,10.934000000000001,48.35,-48.35,1.7356649299284193e-07,24.17499795648789,41.87232945279981,24.175002143720718,41.872327035299804,-41.87232945279981,0.0,10884654.293998456,14510398.2548694,0.4088903155972777,0.4136099233706218,1.1306839832213782,1.4433351222253203,1.6408332593731019,3.942292568995202,8631660.605971074,17.835608149991366,8.719110511686385,0.30011909331206243,-0.01260818856978445,14.753783222174235,0.5272364134965702,658089940.1966283,28.98018231573061,17313.23262626225,14607402.289916866,-7.422822116095078e-07,-4.111358303588365e-08,-14.194624457523918,28.991160113021774,98.77499949396201,98.7763619483412,67.8912129370839,66583.98855163381,76829466.14750744,1.0335228643995744,0.38307413038824367,1.4107336251992004,3.3350647680297816,0.3786521896323081,1.2352684477277125,3.2961887020764404,0.5282664577988696,5.414934816909438,-8.06,0.27340000000000003,0.37060000000000004,0.9742500000000001,0.8546,0.7248,1.0096
10.1218,0.8344,14.24,12.728,238.97500000000002,0.09758975466253574,-18.424,7.294,56.19,-56.19,2.0171047034680015e-07,28.094997625130393,48.66196880977914,28.095002491327136,48.66196600027913,-48.66196880977914,0.0,11591036.487163097,18836703.26862618,0.40740343319245076,0.4123241400528432,1.11593012065424,1.4249177659362604,1.624475116407216,3.9366066815707126,9034841.672662463,22.349960630769743,5.704961617595417,0.7347255686266743,-0.013521199385395595,14.671495945034552,1.119699813427808,749785309.5422968,19.36268758824025,21455.85587775372,18933675.693136346,-8.819052724404987e-07,-4.501035715339586e-08,-14.789453209797438,19.37211405338513,129.93021303963286,129.93661394589938,95.00890178270483,67370.53015274761,77357362.72146247,1.0943102623074052,0.382015858364485,1.3960884804883174,3.33081512158345,0.3774006953118495,1.2190546258980945,3.2925203427503296,0.5504176132364914,5.403141203302576,-10.86,0.1654,0.2026,0.86425,0.3618,1.4192,0.8384
9.0998,1.0824,11.736,13.08,243.235,0.09669215927669823,-17.688,13.370000000000001,45.43,-45.43,1.6308429734570443e-07,22.71499807990165,39.343535202496284,22.71500201425506,39.34353293099628,-39.343535202496284,0.0,10568865.568884619,11631116.175512783,0.40560997152616424,0.4108544196519313,1.0941025343518425,1.3976305853794262,1.60014530235186,3.92848315551176,8499064.658604609,15.425151784984775,12.287453307890656,0.3003060030029868,-0.012582124605822025,13.538083049832183,0.43953188846656577,791457319.2167603,34.776738043379964,14559.84620342801,11728137.375813114,-7.112862102740407e-07,-4.501912279433178e-08,-12.624327440761663,34.78361654383836,82.91102110599856,82.91277197206438,56.34307033351293,68571.48614584607,78137387.54369324,1.1644039396921584,0.38038499073534054,1.3742692150184923,3.3246106613488307,0.37546616669372446,1.1949954231375552,3.2871821994644965,0.5662601440306527,5.384985327824949,-7.66,0.5589999999999999,0.1042,0.81625,0.6586,1.0096,0.9104
10.7378,0.9304000000000001,11.728,12.984,235.735,0.09829923807284832,-16.776,9.282,49.83,-49.83,1.7887938667700751e-07,24.91499789393571,43.1540470865153,24.915002209340297,43.154044595015286,-43.1540470865153,0.0,10637313.723836754,15056628.653703999,0.4091158028768223,0.41380300236172646,1.1330893352021618,1.446338336097426,1.643486192769336,3.9432258039503165,8507713.714094505,18.311525530654116,9.032666094227674,0.35970825922689004,-0.013644780278673429,15.672383586964719,0.5147254312545081,672030352.127998,29.182489062671323,17838.653906577223,15153630.081213802,-7.125376669020652e-07,-3.7352297746058535e-08,-13.045610124430377,29.193303766495873,101.79690770439099,101.8025106608129,67.64912073183798,66457.12700306709,76742926.27857843,1.0238954066709904,0.38324450596484666,1.413113090125696,3.3357627959448957,0.37885343763023693,1.2379168643540388,3.29679411760073,0.5247399169442492,5.416836596802134,-8.94,0.2602,0.2686,0.94525,0.1658,1.2288000000000001,0.8543999999999999
10.9898,0.7904,13.072,12.2,242.335,0.09687811638291309,-21.496,12.782,53.15,-53.15,1.9079749953608167e-07,26.57499775361595,46.029251508093274,26.575002356540974,46.02924885059327,-46.029251508093274,0.0,12598676.320666146,20086157.38301237,0.40579401091292533,0.41096537023656987,1.098647160275459,1.403287056950589,1.605203248284063,3.9300860225420693,9372520.254184105,20.47726485535564,5.589018690299895,0.3822705631565829,-0.014323392386693116,16.312930063015564,0.63637566851495,616723206.6032889,23.76590186636878,22696.682035769354,20183136.135468032,-8.154172256555214e-07,-4.4376360590850905e-08,-16.5303428590207,23.778127495463742,127.20290272901181,127.20923888334143,90.58323402228021,68317.7630487126,77975305.174241,1.1509653364931753,0.38070883463480487,1.3788275187863426,3.325877586883969,0.37585583400216427,1.200005677168933,3.288266993165915,0.5639854889763897,5.388497192753787,-1.5,0.2146,0.2398,0.89975,0.1154,0.848,1.4112
12.6418,0.8984000000000001,14.120000000000001,8.328,246.29500000000002,0.0960808880809759,-18.216,8.806000000000001,49.75,-49.75,1.785922032346202e-07,24.874997897316906,43.08476505226041,24.875002205793294,43.084762564760396,-43.08476505226041,0.0,12139225.15857334,23030036.2259341,0.4040371869519401,0.4095157683073415,1.078820459943778,1.378503449886732,1.5829104891254613,3.9228845313905385,9264744.650202282,18.28299868754229,5.605547188505286,0.4645534497980618,-0.011852601505157724,17.896398742156777,0.7940649514659285,635526717.5885048,22.746504099491922,25624.64734030643,23127034.182968143,-6.580023356239155e-07,-3.293481324968167e-08,-14.685344947884108,22.75953258149576,122.29715566697388,122.29801124044391,81.64925690040121,69434.14467609987,78678026.65146898,1.2106329883998739,0.3792599536294557,1.3588923194084919,3.3203746085649675,0.3741158023485832,1.1782126045011179,3.283574588355999,0.5739189907280035,5.37272142402441,-9.299999999999999,0.30700000000000005,0.3658,0.87775,1.1038,1.0816,0.9024
12.291800000000002,0.7288,11.96,13.208,248.515,0.09564929018054752,-16.52,8.106,50.19,-50.19,1.8017171216775048e-07,25.094997878720314,43.465816240662306,25.095002225301815,43.4658137311623,-43.465816240662306,0.0,11438853.431573616,20687573.748764314,0.4030240643832103,0.40867991812202575,1.0679997982570386,1.3649357368876651,1.5706621147368676,3.9190391815740147,8900943.804741416,17.665183868304606,8.05848994754734,0.42524032655444854,-0.013212636595391455,18.106407257449952,0.5261865603716094,638587786.1162951,30.134063359117835,23347.599286096072,20784573.69722423,-7.403006670335586e-07,-3.1141021563099434e-08,-13.303300641825022,30.151311765853418,115.37899556986069,115.38491082929583,78.22024113849062,70059.99498236246,79061827.84964506,1.233053275963953,0.3784785676088054,1.3479628810177662,3.3174354301066935,0.37316544550365977,1.1663067414021218,3.2810788736165213,0.5716332500096524,5.364387185730211,-11.98,0.3106,0.4222,0.88425,0.20500000000000002,1.352,0.8864
7.1958,0.868,13.384,10.152000000000001,240.205,0.09732732252549947,-18.375999999999998,10.682,42.55,-42.55,1.5274569341976058e-07,21.27499820162481,36.849381969320206,21.275001886562904,36.849379841820195,-36.849381969320206,0.0,9850567.97033071,10005493.911834199,0.40698861481005294,0.41200170862053165,1.1095358496549976,1.4169655294004804,1.6173908464895796,3.9342016518468066,8290032.53986055,15.307919189287484,9.526681190733399,0.3339190320199145,-0.009461830823139573,11.624710902403995,0.6767544339120171,780153590.9238355,28.278758844052682,12998.873430229549,10102526.386450972,-7.382455238680733e-07,-5.2042577377669696e-08,-13.413162382951006,28.28735124570599,75.39874891168262,75.40137709218733,55.57405600817345,67717.28505216334,77586121.06731498,1.1195492804231009,0.3814876029075056,1.389704549722252,3.3289401843757394,0.3767883435315693,1.212011386614257,3.290900425560305,0.5586365710467057,5.397013166068304,-4.9,0.1102,0.5266,0.79625,1.227,1.36,0.728
9.953800000000001,0.9,11.648,9.32,242.21500000000003,0.09690302811079758,-22.376,15.469999999999999,60.870000000000005,-60.870000000000005,2.1851070172645894e-07,30.434997427330256,52.71496781369027,30.435002698826892,52.714964770190264,-52.71496781369027,0.0,12878683.25968527,18959945.302547775,0.40581773597365867,0.4109793978193591,1.0992551336811829,1.4040442296669025,1.605879149399386,3.9303020833775677,9402462.310771545,24.9739157325574,5.217876321948572,0.3509463722033947,-0.025763866875192994,18.785871616106053,0.5651155773425219,540868387.8465337,24.305061449030955,21530.002130876877,19056898.06979905,-8.214155832620791e-07,-4.789122064452471e-08,-16.970992350500598,24.317312747409172,144.95023462235977,144.95682767600857,103.18349849991058,68283.93330242812,77953652.78555119,1.149185012349787,0.38075197868123917,1.3794366900301245,3.3260474469888925,0.3759077297068558,1.2006763954313124,3.2884126513505283,0.5637047195432066,5.388965181516328,-13.9,0.2854,0.139,0.88075,1.479,1.0784,1.304
12.1098,0.88,13.856,10.248000000000001,241.79500000000002,0.09698977459824196,-19.688,8.974,49.35,-49.35,1.7715628602268355e-07,24.674997914222903,42.73835488098595,24.675002188058272,42.73835241348594,-42.73835488098595,0.0,12264816.3293264,22594414.16061012,0.40613212109595687,0.41126392069050116,1.101399104073685,1.4067425267942375,1.6082959989047605,3.93113008072075,9305124.28321831,18.47467370846273,5.791656847681377,0.4117042799843142,-0.011698850871907402,17.33058984785869,0.7230067552593858,620773917.8736151,23.456596849876632,25188.10846996858,22691410.240435287,-6.734493123322915e-07,-3.4344312341679016e-08,-15.844713583060333,23.468486026725248,121.7639974663042,121.76486042305241,81.87658084651113,68165.5291904325,77877383.41800265,1.1429520011126124,0.3809154793110571,1.3815840913508675,3.326656169098863,0.37610120194884794,1.2030346644109826,3.2889347984383095,0.5626543999295984,5.390791531247663,-1.9399999999999977,0.3418,0.5074000000000001,0.78375,0.7061999999999999,1.2271999999999998,1.1632
9.3518,0.7727999999999999,13.984,7.24,236.605,0.09811125305233853,-21.464,12.642,59.43,-59.43,2.1334139976348699e-07,29.714997488191834,51.467891197102226,29.715002634980813,51.46788822560222,-51.467891197102226,0.0,12598468.329720207,19005827.002382725,0.4085038381781423,0.4132511208052596,1.128442003825596,1.4405101135040086,1.6383316998752824,3.941375245966775,9406337.996164884,24.63835699483986,5.73638270808137,0.7607839948757419,-0.018919619752125347,16.173107462282054,1.1611739615056633,748876855.1404561,19.095469289009163,21578.948919941326,19102784.750222676,-8.718958671483038e-07,-5.3576227568753996e-08,-16.52467831271715,19.103837908737145,140.9820359171538,140.98873107404245,106.03476931508001,66702.39266362945,76909294.30792059,1.0425528171357992,0.382915045668457,1.4085171532986605,3.3344164836043597,0.3784642151735763,1.232804942600892,3.295627150339504,0.5315628001201252,5.413159854008996,-10.34,0.33099999999999996,0.5398,0.78525,0.5858,1.2208,1.3376000000000001
12.7818,1.056,12.544,11.751999999999999,239.905,0.0973892865672567,-17.32,20.062,58.75,-58.75,2.109003405031947e-07,29.374997516932027,50.87899390593566,29.375002604831277,50.878990968435645,-50.87899390593566,0.0,15016453.724478249,28531914.683978148,0.40695656837706556,0.4119456900184749,1.1110749411287517,1.4188700686208937,1.6190716687324829,3.9347724911280295,10367662.83389619,22.988656266584712,5.812699322593704,0.5272550492607201,-0.017726154542979385,21.14356401647678,0.7359474342271491,636890553.0007159,25.12608903605734,30915.47332758786,28628886.895857815,-7.719082230937497e-07,-3.738027656732803e-08,-12.365140652790451,25.136985560759896,157.82982816179083,157.83648316094346,108.19718947516928,67632.7106864522,77530596.71991014,1.1149769785862014,0.38166262609806734,1.3912486363986583,3.3294282119524254,0.3769823432911066,1.213728335549832,3.2913294465559653,0.5577414792635951,5.399213727943031,-16.54,0.6274,0.38380000000000003,0.79275,0.821,1.0592,1.2416
10.3458,0.7448,10.824,9.816,240.11499999999998,0.09734670809078826,-21.048000000000002,19.698,43.95,-43.95,1.5777140366153884e-07,21.97499814245383,38.0618175687808,21.975001948635484,38.061815371280794,-38.0618175687808,0.0,11757631.184458878,14257321.327308241,0.4071259228087007,0.412133501231756,1.1100015950076518,1.4175617516160408,1.6179205906877328,3.9343963413568623,8934986.449626204,11.123328663393012,30.204928481581966,0.352768967969381,-0.03989614582237101,17.28670832572818,0.4753351297682805,1346977187.2985108,57.274863802015005,17122.271849825076,14354344.369827023,-5.941309200147722e-07,-4.027179172368174e-08,-14.733370471096263,56.53274390426192,89.70403811139917,89.70721847066898,58.30124898073121,67691.91274245,77569475.25368229,1.118233549085283,0.38151998754239586,1.3901659792043086,3.3290707038027647,0.3768272042225689,1.2125228549668547,3.2910130250737057,0.558409081032239,5.397365805117411,-15.1,0.6477999999999999,0.21100000000000002,0.83675,1.2242000000000002,1.0928,1.2879999999999998
12.907800000000002,1.1,12.448,10.824,240.145,0.09734024360462602,-19.096,16.786,51.870000000000005,-51.870000000000005,1.862025644578844e-07,25.93499780771514,44.92073896001502,25.93500229978891,44.920736366515015,-44.92073896001502,0.0,14009756.883139525,26610842.221581064,0.4068446552598811,0.41185024995863107,1.1098409340122437,1.417321303449422,1.6177040798280389,3.934261786153882,9959852.365684742,19.12511968801658,7.257387218960703,0.43138912571634197,-0.014729337300109927,20.768503780000604,0.5695780484210061,655514769.4896915,28.65007542488052,29091.60573069145,26707833.465813078,-6.985998921265809e-07,-3.367415063147721e-08,-14.344789125918926,28.663275914479716,134.97968786097883,134.98599968746007,91.43709015387157,67700.37017902112,77575025.17726849,1.1186719619892238,0.3815091925775529,1.39001215026553,3.3290271829160245,0.3768142505941263,1.212352314970001,3.2909754737530204,0.5584849111318038,5.39724825112406,-11.18,0.5782,0.4618,0.9782500000000001,1.0646,0.7504,0.8336
8.7918,0.8240000000000001,13.704,8.824,243.41500000000002,0.09665530223351758,-18.648,12.306000000000001,45.83,-45.83,1.6452021455764107e-07,22.914998062995654,39.68994537377074,22.91500203199008,39.68994308227074,-39.68994537377074,0.0,10788689.287088582,12799928.686326336,0.40541925283409586,0.41067576024554164,1.0931935718034442,1.3964764382514376,1.59910998005827,3.92811948333786,8676438.116867771,16.459322614007664,7.350029499522748,0.3967011202121377,-0.010412766255479818,13.293855287141213,0.6941055363883423,720914962.7162886,24.96632880409822,15687.279721900355,12896944.852135075,-7.400175220911011e-07,-4.980109816233008e-08,-13.727370331327723,24.979146156161775,88.79551791293163,88.79751397531498,65.07732899711314,68622.23076527276,78169612.05300023,1.1671033759475367,0.3803202155591615,1.373359894100163,3.3243588186039816,0.37538818232288174,1.1939976191828643,3.286966878697583,0.5667150732675745,5.384283442524711,-0.26000000000000156,0.1714,0.1726,0.77825,1.1766,1.384,0.9552
12.8798,0.8144,10.816,8.776,244.61499999999998,0.0964133163111078,-23.096,10.01,49.51,-49.51,1.7773065290745819e-07,24.754997907460503,42.87691894949573,24.75500219515228,42.87691647399572,-42.87691894949573,0.0,12455231.991085699,24587998.994257487,0.40483344447856096,0.41018163698339016,1.0871693504684787,1.3889376252004908,1.5923309326465183,3.9259043601412613,9247251.524088003,17.575723293217536,12.39924182357051,0.3904206932158139,-0.021687725269180967,23.311099838524274,0.5047262891920716,786138158.31706,39.9236773304732,27115.131585067382,24684986.595623106,-6.536783641194115e-07,-2.875655537462887e-08,-18.897149022636594,39.942151048626016,128.68038006462427,128.68119818894277,85.03742508901442,68960.52822811739,78382996.50693814,1.1851967691140055,0.3798761431996223,1.3673051027041085,3.322680783193074,0.37485629334503573,1.187375934871821,3.2855350481682346,0.5697298890361611,5.379425565213183,-11.1,0.5458,0.4306,0.75225,0.835,1.1232,1.2064
7.0698,0.7464,13.8,10.088000000000001,245.57500000000002,0.09622183301562036,-23.704,9.982,55.230000000000004,-55.230000000000004,1.9826426903815222e-07,27.61499766570478,47.83058439872045,27.61500244876309,47.83058163722044,-47.83058439872045,0.0,11371156.17531764,14923065.378494784,0.40424564652696326,0.4096663144009962,1.0823874132212463,1.3829394093296927,1.586924229355794,3.9241438653641594,8924975.198553681,22.02441017139169,6.557180123635408,0.7372549434422759,-0.016057325454297177,13.268951485805992,1.1909613661745,781119549.0416224,20.130968736140357,17628.61033303446,15020030.472775418,-9.484894614318152e-07,-6.167274626177232e-08,-18.2998857072862,20.14296538099529,122.7967602822492,122.80378212260104,97.14694723201225,69231.1661983931,78552068.56302817,1.1998044499748595,0.37953058138880075,1.3624953635667676,3.3213639424030656,0.37443953519374923,1.1821279087001058,3.2844146581559497,0.5722376172450303,5.375690727571758,-6.82,0.5854,0.36939999999999995,0.86325,1.3838000000000001,1.3728,1.1808
7.3637999999999995,0.7847999999999999,14.376,8.088000000000001,246.95499999999998,0.09595111539572915,-18.296,12.978,46.43,-46.43,1.6667409037554604e-07,23.214998037636665,40.209560630682425,23.215002058592614,40.20955830918242,-40.209560630682425,0.0,10631259.496024288,11424379.475603666,0.40373446996142337,0.4092658647969864,1.0755891268827389,1.3744489294695514,1.5792618192359624,3.9217387554594336,8661949.471775778,16.364887018158615,6.8519298136680655,0.5709740370106222,-0.009833713191298317,11.985044175269438,0.9437754468553506,765950497.3718328,22.46213821785559,14346.403244232304,11521394.094021264,-7.938035757141433e-07,-5.875921597200851e-08,-13.017918266301676,22.475273465842218,84.8262152595803,84.82889443949587,64.17609569046039,69620.20828066443,78792669.36387946,1.2172750731652255,0.3790311993506313,1.3556345594662125,3.3194967106021966,0.3738368670356524,1.1746528935173108,3.2828275678579786,0.5732148150928006,5.370294120568742,-18.38,0.181,0.493,0.97275,0.35619999999999996,1.0,1.0544
8.2038,0.8432,13.136,11.368,241.58499999999998,0.09703394456136574,-16.712,8.61,44.87,-44.87,1.6107401324899311e-07,22.43499810357004,38.85856096271205,22.43500198942603,38.85855871921204,-38.85856096271205,0.0,9693213.217164582,10707400.566352312,0.4063524168057871,0.4114703953303282,1.1024709699745685,1.4081058778456106,1.6095129917345041,3.9315677980661374,8216917.760340716,15.834563200284853,8.634934305661785,0.3817007416138302,-0.009882365427639804,12.26014300595771,0.6533094619177838,730364008.2139754,26.775785655419543,13663.344400172839,10804424.494138625,-7.383601866512408e-07,-4.5924625025410114e-08,-12.67953246637529,26.7851688645646,79.26240722792815,79.26473349798289,56.22388531135386,68106.32713443467,77839123.65914138,1.1398438220936842,0.38099105005163497,1.3826531707348109,3.3269554815854057,0.3761920295152003,1.204213860930906,3.2891918762521843,0.5621235750843989,5.391612466549113,-17.34,0.673,0.48819999999999997,0.95525,0.9917999999999999,0.8688,1.2464
12.3198,0.9144000000000001,13.088000000000001,9.624,245.905,0.09615655989796516,-20.872,19.222,61.510000000000005,-61.510000000000005,2.2080816926555757e-07,30.754997400280665,53.269224087729405,30.755002727202925,53.269221012229394,-53.269224087729405,0.0,14916122.36143969,27217608.302003495,0.4040906193331647,0.40953694409526037,1.0807517912413178,1.380894214846108,1.5850771674745867,3.9235512727775013,10309149.115643114,24.926711937965962,4.439978729092502,0.4853628338000402,-0.020902310666326536,20.367690981965193,0.7624522626812488,571074573.4392037,22.007961679933377,29599.182185679703,27314563.971805383,-8.004743107179709e-07,-4.38117716876072e-08,-15.413411032623985,22.018480635650874,168.53707495644628,168.5440434630772,117.31400323334093,69324.19800067537,78609897.58114538,1.204849409110811,0.37941181780188127,1.3608471463507636,3.3209145711605443,0.37429619876672127,1.1803330474052813,3.2840329729667217,0.5730721961775824,5.37440870033713,-15.3,0.2686,0.36339999999999995,0.93675,1.1514,1.2464,1.2208
11.171800000000001,0.9928,10.76,7.5280000000000005,235.345,0.09838564580141611,-21.528,10.542,60.07,-60.07,2.1563886730258562e-07,30.034997461142243,52.02214747114136,30.035002663356845,52.02214446764135,-52.02214747114136,0.0,12470054.986417603,22005723.561537094,0.40913808709377897,0.413794791417993,1.1351765225684802,1.4489192348829218,1.6457604243166415,3.943990500637517,9201927.177950287,24.603925115556653,7.077738016414947,0.4096810891653363,-0.030510939377290804,22.883092467316352,0.5278168090720574,609040282.5875295,29.043103183149924,24495.971667483736,22102678.324675784,-7.766470144431258e-07,-3.656765410970357e-08,-17.39588113936191,29.054651596520635,150.3262105605591,150.33278155316475,104.73109891028257,66347.18032764256,76667624.94355772,1.0155909905905018,0.38339210561156056,1.4151792229385616,3.3363706540060627,0.37902772588551514,1.2402196926041538,3.297321984453174,0.5216875538608621,5.418484886067273,-19.62,0.3142,0.5482,0.8402499999999999,1.4762,0.704,1.48
8.7778,1.0624,13.224,10.632,240.985,0.09716107381177787,-19.864,12.502,50.31,-50.31,1.806024873313315e-07,25.154997873648515,43.569739292044645,25.155002230622323,43.56973677654464,-43.569739292044645,0.0,11330682.306824585,14123933.001255363,0.40646721928610485,0.41153683259931306,1.1055313291444544,1.411918349318415,1.6129054722655962,3.932659821299583,8862339.596806183,18.754615344878285,6.39455447623309,0.4262880194608662,-0.012914883855996425,13.895841561612103,0.7402541088834125,661049105.4892211,23.61207299532257,16916.290612417906,14220926.482929075,-8.052252193180351e-07,-5.180683767518014e-08,-14.744939757447382,23.624238408327084,102.6008899071993,102.60705414912857,75.38152830395671,67937.17840301237,77729267.17815204,1.1309923827678106,0.38120694559865287,1.3857134454678859,3.3278145801267884,0.37645140415390843,1.20759366359576,3.2899305933539305,0.5606069727451739,5.393959172101479,-15.82,0.38260000000000005,0.35020000000000007,0.85975,0.6082,1.2816,0.88
7.4338,0.9992000000000001,13.975999999999999,6.856,241.13500000000002,0.09712918499449023,-23.08,7.994,47.19,-47.19,1.6940233307822565e-07,23.594998005515272,40.86773995610389,23.595002092289153,40.86773759660388,-40.86773995610389,0.0,10617730.059750421,13903421.804797063,0.40639913362182467,0.41148016767440254,1.1047642889422358,1.4109565137818614,1.612049717049826,3.93237369950131,8626063.594054474,17.76226406992084,6.589208849538245,0.4706400538593839,-0.012126435376599437,13.392156236208566,0.8521491866332255,726481567.6973453,23.01991017117981,16708.77588404136,14000418.125498923,-7.848999016155817e-07,-5.257116721876264e-08,-18.207842954891248,23.031396057447992,97.4402996571477,97.442442318966,74.19560858098404,67979.46558586795,77756788.37378408,1.1332012541727465,0.3811529687978768,1.384947550282716,3.327599248900131,0.37638657326871394,1.2067472100895895,3.2897453194503226,0.5609861143521748,5.393372251534201,-2.6999999999999993,0.3802,0.5938,0.83225,0.247,0.8752,1.3424
7.5318,0.7335999999999999,14.48,13.783999999999999,243.115,0.09671680923692502,-22.168,17.542,41.910000000000004,-41.910000000000004,1.5044822588066198e-07,20.954998228674405,36.29512569528108,20.955001858186876,36.29512359978108,-36.29512569528108,0.0,12372113.120171033,15107457.538161667,0.4055325357415266,0.4107655467014258,1.094704973082099,1.39836477963956,1.6008017297101957,3.9286669815686195,9407667.141924065,15.117781866316374,7.447027949799775,0.33575878971394924,-0.007154377325624324,11.829437025296242,0.7188554817480902,700014121.6750631,26.408787777186223,17972.409568257597,15204486.861162458,-7.517075207622811e-07,-5.557249120747754e-08,-15.053819281657018,26.42173032942765,89.32958960349268,89.33125190990779,66.18247899540633,68537.6563995616,78115855.38953744,1.1626065803812777,0.380428167304896,1.374875909571726,3.3247788472604487,0.37551814026395025,1.1956614056436996,3.287326042364147,0.5659568596022786,5.385453237036536,-13.14,0.3358,0.2266,0.8967499999999999,1.1262,1.0768,1.4144
9.2398,0.9864,13.08,9.48,239.48499999999999,0.0974797299321461,-18.728,9.422,59.35,-59.35,2.1305421632109967e-07,29.674997491573034,51.39860916284734,29.67500263143381,51.398606195347334,-51.39860916284734,0.0,11365301.737384597,15874920.954813171,0.40715553200761806,0.4121137128283019,1.1132635984365948,1.4215961421856793,1.621509260773967,3.935599218079673,8848055.376275377,24.13120628467224,5.575318366840398,0.682389131179768,-0.019383092539527046,15.508300962464158,1.0094146275123626,675375527.2969102,20.140854337918178,18541.037268300388,15971883.386840772,-8.891177779905016e-07,-4.9783828491382106e-08,-14.673765938012156,20.15098771348246,129.14273124410659,129.14921994968395,95.71130180623267,67514.30657445657,77452346.6579711,1.1056226538692973,0.3818221194235079,1.3934316171501366,3.330052671000662,0.3771712944869897,1.2161289120364258,3.291865293200592,0.5544686422150061,5.400986127486356,-16.58,0.3322,0.6202,0.83175,1.2634,0.8768,1.2256
6.7338,0.936,13.232,9.736,238.945,0.09759625660967039,-20.008,15.946,43.51,-43.51,1.561918947284085e-07,21.754998161050423,37.6807663803789,21.75500192912696,37.68076420487889,-37.6807663803789,0.0,10746590.029590432,10195670.52990248,0.4075840057298635,0.4125052502332561,1.1160909742521412,1.425143639844599,1.6246788064190025,3.9367186962259546,8635674.705039332,15.543796419365531,9.437538539984244,0.3179258510066448,-0.010264382674905844,11.741273025918597,0.6499158486319807,737431665.7692709,28.67957472521297,13165.213598467819,10292696.516073361,-7.62495158714992e-07,-6.089302308879005e-08,-13.423264593446628,28.689450493907216,78.31250793692531,78.31512175926348,58.9105757649507,67362.07271617648,77351758.85548581,1.093646738166544,0.38202725581856045,1.396244978903001,3.3308601150596777,0.37741418681317596,1.219227093423802,3.292559024650258,0.5501795310490357,5.40326803269628,-12.82,0.5374,0.3046,0.93525,0.6222,0.8351999999999999,1.12
9.5058,1.0704,14.008,13.608,239.03500000000003,0.0975767608023333,-16.392,11.886,50.269999999999996,-50.269999999999996,1.8045889561013782e-07,25.134997875339113,43.535098274917196,25.13500222884882,43.53509576141719,-43.535098274917196,0.0,11388416.96069686,14934536.495747034,0.40745968344320993,0.4123861504464837,1.115617670736879,1.4245414856076508,1.6241404412087235,3.9365134190477225,8950293.32048036,18.67468017506832,6.428462508999463,0.6653444974234192,-0.010079814198463922,13.135848895171566,1.0495625276353777,749143191.7880259,21.512673939661834,17725.722900942037,15031538.35732427,-7.97519709296597e-07,-4.797634770493046e-08,-11.995388084637424,21.523191382446335,101.62977743251662,101.63566145834604,72.05366997547563,67387.44502588986,77368564.88722633,1.0956379057803929,0.381993075538436,1.395775580321979,3.3307251975009255,0.3773737217392435,1.2187098008207577,3.2924430351480076,0.5508938494679401,5.402887738911932,-6.98,0.2302,0.4606,0.87925,1.311,1.2832,0.9056
9.0018,0.9128000000000001,10.672,11.144,235.01500000000001,0.09845957684132631,-23.352,16.086,56.47,-56.47,2.0271561239515582e-07,28.234997613296194,48.90445592967126,28.235002503741654,48.90445310617125,-48.90445592967126,0.0,11900768.79482051,14546053.700955722,0.4093190261484235,0.4139524228033306,1.136950195895911,1.4511381537812833,1.6477158865408197,3.944692192912565,8944301.671606917,22.46355913419325,8.03965048573761,0.275037465949038,-0.023677792502113902,16.766278651463416,0.392851263207988,600510074.1323538,29.96041363188529,17243.290417597993,14643018.260714103,-8.450410610773496e-07,-5.200574482917192e-08,-17.205449931331714,29.972491467320484,119.49739677648311,119.50359862348478,84.8298166024459,66254.14852536032,76603639.22157574,1.008593078462319,0.3835169545373014,1.4169303121549437,3.336887105046868,0.37917511105704277,1.2421737863876348,3.2977709748588664,0.519109822029698,5.4198796684894415,-19.58,0.5277999999999999,0.2458,0.88575,0.5746,0.7871999999999999,0.9423999999999999
12.8238,0.9408000000000001,14.2,7.032,242.875,0.09676626470906888,-16.984,15.302,56.07,-56.07,2.0127969518321917e-07,28.03499763020219,48.5580457583968,28.035002486006633,48.5580429548968,-48.5580457583968,0.0,13548181.685695669,25214376.32460722,0.4055474628169627,0.4107602496471983,1.0959141895658677,1.3998637696935412,1.602142478917091,3.9290788367172196,9813811.630977763,21.49036178724698,6.716259272440123,0.6691149928697233,-0.015081348891873864,19.122080350552476,0.992338177611883,672176265.6062578,20.60934733763403,27703.45186808768,25311356.172458835,-7.182500983885942e-07,-3.866420139588459e-08,-12.71513202622962,20.619158375597078,141.15781793165755,141.16416142700123,94.53325186416465,68469.99690699266,78072700.07249235,1.1590169359200322,0.3805145249422164,1.376090238424817,3.325115887047767,0.3756220735272371,1.1969952478933679,3.287614460530649,0.5653502822562435,5.386389419760071,-10.06,0.4798,0.6262,0.9177500000000001,0.4234,0.8543999999999999,1.4368
9.8558,1.1024,11.384,10.696,249.955,0.09537858358320316,-16.104,10.878,49.27,-49.27,1.7686910258029623e-07,24.634997917604103,42.66907284673106,24.63500218451127,42.66907038323105,-42.66907284673106,0.0,10238537.251655158,12229226.201239463,0.4024748456095403,0.4082488579441933,1.0610647920333611,1.356272794079567,1.5627939320057713,3.9166376322652403,8334445.981677637,16.910071587901193,10.07259760600545,0.3584205363541103,-0.015521717289981113,15.463997277409419,0.43995964109654756,705321211.9689107,31.902793304110816,15114.204807478267,12326232.524227694,-6.902755700540323e-07,-4.1578154454614534e-08,-12.062796195033352,31.918728983075134,91.58123873860306,91.58294501826039,61.38394564322853,70465.95193777604,79305376.1500059,1.2477330623754823,0.37796751457654015,1.3409304688436987,3.315562942534143,0.37254379955509825,1.1586926324782463,3.2794966486300483,0.5702135577100436,5.358933997782242,-19.3,0.607,0.1654,0.86175,1.0002,1.0448,1.0688
9.6598,0.9496,11.456,9.752,242.755,0.09679106859936557,-22.808,18.41,45.19,-45.19,1.6222274701854242e-07,22.594998090045245,39.135689099731614,22.59500200361405,39.13568684023161,-39.135689099731614,0.0,11703734.553127889,13503149.665354492,0.405762240369655,0.4109685606206264,1.09652447658013,1.400652250804003,1.602849665110819,3.9293513869630985,8918453.408633389,15.415692387611523,14.975563969476804,0.26943039986224465,-0.017778547916464056,15.696027559410872,0.3995317834407835,841705109.6738067,40.38307286532245,16360.531432023043,13600161.278445339,-6.95218811741364e-07,-4.8117719493872765e-08,-16.092262214029212,40.3923279474737,90.66018774562555,90.66168463984657,63.288940290787544,68436.16716070821,78051078.32515973,1.157224606026926,0.380557707429973,1.3766979395538812,3.325284757711249,0.37567403465311844,1.19766315053059,3.287759044558625,0.5650469935302911,5.386857693376527,-15.620000000000001,0.35619999999999996,0.5302,0.99375,0.9974,1.0336,1.2431999999999999
9.491800000000001,0.9440000000000001,13.312000000000001,9.56,244.70499999999998,0.09639523440568007,-17.096,15.245999999999999,43.99,-43.99,1.579149953827325e-07,21.994998140763233,38.096458585908245,21.995001950408984,38.09645638640824,-38.096458585908245,0.0,11003003.285197737,12336607.744662507,0.4048969194941364,0.41025413893993296,1.086722465433695,1.3883955478525611,1.5918442445682162,3.9257773388258506,8743178.128587246,15.204969268476916,8.896369046510237,0.3334356406994916,-0.009822472477672142,13.507614124527084,0.571163687233642,714269221.7591007,28.46202706322784,15275.966119879318,12433638.785389347,-6.912099000226881e-07,-4.807990705369152e-08,-11.853751115879096,28.474355013301114,82.35211519105505,82.35398323583865,58.324335822406965,68985.90053783073,78398921.78277504,1.18656095531362,0.37984376077254883,1.3668533310752207,3.322556752348605,0.37481725195533855,1.18688225198698,3.2854293849817755,0.5699572881486207,5.379075420910536,-19.7,0.4414,0.2542,0.93475,0.6838,1.2384,0.7487999999999999
8.511800000000001,0.92,11.488,7.416,245.785,0.09618025671964921,-23.88,7.406,45.27,-45.27,1.625099304609298e-07,22.634998086664048,39.204971133986504,22.635002007161056,39.2049688704865,-39.204971133986504,0.0,10060619.618638793,12337988.591069955,0.4043912632073299,0.40983252084509225,1.081351410262675,1.3816804523215058,1.5857892395406772,3.923836228178839,8272239.756170094,16.36688341812506,12.54374653041529,0.23983693560263367,-0.018647631415343476,15.612650469360275,0.39933503013223176,770507265.5616962,36.31543317607024,15204.539641491801,12434991.131938426,-6.69680215593652e-07,-4.234595804838693e-08,-19.177878442901754,36.327305984259255,89.36283073874324,89.36471709734144,63.292351158441754,69290.36825439092,78588891.04596373,1.2030134036058613,0.37945500749731387,1.361446195536152,3.3210777885261282,0.37434832932334383,1.1809851751530664,3.284171566481959,0.5727687100151612,5.374874861491545,-6.739999999999998,0.38380000000000003,0.46299999999999997,0.77425,1.3922,0.9328,1.1424
11.5778,0.8896000000000001,13.64,6.6,243.92499999999998,0.09655144128813206,-20.552,9.786,46.51,-46.51,1.6696127381793336e-07,23.254998034255465,40.278842664937315,23.255002062139617,40.27884033943731,-40.278842664937315,0.0,11649905.143120937,19549262.11569099,0.40519449879157754,0.4104903877106391,1.0906308791843855,1.3932693321943745,1.5962325174281717,3.9271808621278264,9026871.867006537,16.931017905919468,6.723219744156684,0.33868497177122886,-0.011858621449349701,17.17328627675953,0.6527038064606647,636119734.2725528,25.638677522530724,22248.061210784148,19646268.823658653,-6.439810927962e-07,-3.608822504930761e-08,-16.403058174928475,25.65200732743743,107.81417745687494,107.81525383451779,73.7465903087724,68766.0071869817,78260595.12522812,1.1747727834399138,0.3801366925864954,1.3707875295958873,3.3236480063108584,0.37516715620397073,1.191178175331059,3.2863597556515978,0.5680040592315345,5.382296001183647,-4.34,0.6537999999999999,0.12100000000000001,0.84975,0.4766,1.0304,0.8959999999999999
11.241800000000001,1.0192,11.376,12.888,244.285,0.0964798424311212,-19.032,19.894,50.35,-50.35,1.8074607905252517e-07,25.174997871957917,43.60438030917209,25.175002232395826,43.604377791672086,-43.60438030917209,0.0,12593558.545649245,16922732.952884685,0.4049831982196686,0.4103059222402489,1.0888191733595625,1.3910020194526354,1.5941877729160319,3.92650813429829,9285626.634523435,17.646774691694134,9.89910944165904,0.34406774102193316,-0.014902493341572889,16.85936718737426,0.41595193778486517,679998856.503133,33.409737336808135,19666.34063038575,17019732.054320365,-7.303797919817698e-07,-4.3223979271823593e-08,-13.099126210996308,33.426246817768785,108.5907614671632,108.59650908789195,73.0011255342001,68867.49642583511,78324474.03629297,1.1802033278784592,0.37999488173501733,1.3689633965363415,3.3231366726245755,0.37499941420252636,1.189189122911352,3.2859236201674547,0.5688961674037719,5.3807098444586785,-1.4199999999999982,0.1198,0.6526,0.95225,0.9217999999999998,0.9216,1.3584
7.0418,0.776,12.911999999999999,13.56,244.075,0.09652102157710604,-23.448,13.538,50.67,-50.67,1.8189481282207447e-07,25.33499785843312,43.88150844619165,25.335002246583844,43.88150591269165,-43.88150844619165,0.0,11623075.460613728,14200814.349247437,0.4049988702137461,0.4103044609868635,1.089876067463991,1.3923080001041301,1.5953684534738144,3.926879733850797,9001097.16999733,19.349401995394192,6.424701673067164,0.40829702982094374,-0.01290765965469784,12.751568034950239,0.7353908117684991,691770856.7553508,24.234998928531407,16970.816907966062,14297798.25612227,-8.788835327957461e-07,-5.867734703694022e-08,-17.157084169837532,24.24846006893708,107.48586913382094,107.4923220947029,80.56458660398827,68808.2943698373,78287290.46205954,1.177034482430005,0.380082711538245,1.3700321451514799,3.3234397202434445,0.37510212124529313,1.1903510511822744,3.2861820057549562,0.5683831786117343,5.381711700818663,-15.94,0.6394,0.565,0.76825,1.437,1.4816,1.2096
11.2978,1.0344000000000002,12.624,8.104,240.775,0.09720570816120432,-17.064,10.318,51.51,-51.51,1.8491023896714142e-07,25.75499782293053,44.60896980586801,25.755002283827388,44.608967230368,-44.60896980586801,0.0,11434800.82418606,18185479.155113216,0.40663294793906685,0.4116875565337205,1.1066078642836865,1.4132775810284812,1.6141145439360611,3.9330752256184462,8875048.457994975,19.14937113856413,6.801100860738428,0.3883674445917934,-0.01532426967471472,17.933335488409494,0.6410219273784711,653084048.8347129,25.211681151618013,20880.724511695087,18282473.499580856,-6.680029570226311e-07,-3.5364588546867745e-08,-13.388749398905773,25.224085144018105,113.28735311719403,113.29318511804759,75.3796624689145,67877.97634701456,77690777.47426523,1.1279042393671599,0.3812825128845493,1.3867865499383774,3.328116650438171,0.37654215160808857,1.2087803928693228,3.2901906471606535,0.5600796907536406,5.394781047773195,-4.98,0.4678,0.109,0.90875,0.1854,1.4352,1.0832
6.8877999999999995,1.0288000000000002,14.048,13.496,247.465,0.09584971257412535,-16.503999999999998,17.878,51.47,-51.47,1.8476664724594776e-07,25.73499782462113,44.574328788740566,25.735002282053884,44.57432621524055,-44.574328788740566,0.0,11679889.105353847,11363851.882381747,0.40345072744505045,0.4090220029274091,1.0731006446925901,1.3713197849769487,1.576440197372305,3.920842420109108,9092898.94728982,18.732769918693485,8.188240168837202,0.8319628713367682,-0.010412783365461187,11.25314698578228,1.26174386882079,857908949.0876206,20.633739009210977,14249.057671670631,11460851.550526308,-8.745330997537653e-07,-6.84055450731175e-08,-10.154396230986828,20.64733064591909,95.16370777160785,95.17008719816947,71.43593809403568,69763.98470237339,78882405.9656279,1.2224115432631486,0.3788545341106946,1.3531242511330765,3.3188228302321514,0.3736212794089934,1.1719149029454057,3.282255067004538,0.5726865113067833,5.368421608224217,-11.02,0.6033999999999999,0.5086,0.9842500000000001,0.6362,1.4736,0.9248
7.2798,0.9216000000000001,13.32,10.872,235.07500000000002,0.09844608218157944,-19.896,7.854,57.67,-57.67,2.0702336403096576e-07,28.834997562578213,49.94368644349463,28.83500255694672,49.94368355999462,-49.94368644349463,0.0,10600979.899828423,13123205.633942338,0.40924886975982433,0.41388598033717705,1.1366265731268146,1.4507280199044432,1.6473540806370672,3.9445543539277335,8567731.196596155,23.551191327742647,6.357224931234471,0.7931387539732812,-0.017247563715888817,13.127588617284164,1.1950413879060808,792832195.4633238,19.533413237168944,15855.109315873455,13220170.144627351,-9.584802360614437e-07,-5.829971201558962e-08,-15.562569881816382,19.542461859131635,117.20874196495305,117.21547026109356,90.28150952534942,66271.06339850253,76615290.86838943,1.0098634839807659,0.3834942567590673,1.416611737952303,3.3367930593866646,0.3791483193108159,1.2418181272004962,3.29768918152885,0.5195782311815144,5.419626053519873,-18.26,0.4234,0.2362,0.7797499999999999,0.163,1.1216,1.3392
7.5878,0.8032,11.848,13.96,238.10500000000002,0.0977796464117919,-19.768,20.118000000000002,61.19,-61.19,2.196594354960082e-07,30.59499741380546,52.99209595070983,30.595002713014907,52.99209289120982,-52.99209595070983,0.0,12491790.349530628,13398000.832234584,0.40780260109943617,0.41265937130941893,1.1204996912154341,1.4306101093148826,1.6295463521042148,3.938341343006281,9271789.50962808,25.120623833016662,5.59550260087347,0.49073225942732684,-0.019861209615921797,13.797228872998103,0.7544669111276182,627696186.2704473,22.386885568587928,16114.313990953231,13494960.159371434,-9.617857077260923e-07,-6.707566556673337e-08,-12.900821848770022,22.398078827820534,125.8290003187317,125.83546248751244,93.38364304104752,67125.26449218525,77194119.67146477,1.0751554795292426,0.3823461480963284,1.400635160166494,3.332125915995791,0.37779157601009494,1.2240725556436303,3.2936486913358736,0.5435231228241845,5.40681799349317,-11.899999999999999,0.1978,0.2782,0.98975,0.1042,1.3552,0.8208
8.3858,0.9104000000000001,12.008,7.0,242.90500000000003,0.09676007151912523,-19.72,13.286000000000001,51.39,-51.39,1.8447946380356044e-07,25.69499782800233,44.505046754485676,25.69500227850688,44.505044184985664,-44.505046754485676,0.0,10786177.158134097,12144652.223429762,0.4056105255632106,0.41082703547192806,1.0957642689544695,1.3996888069325495,1.6019868873839163,3.929050909431526,8577984.023794703,18.900410386496944,7.58506339570632,0.34091033418476757,-0.017864397404181134,15.35866117088955,0.5675522026922568,653426745.3706863,26.813455939986614,14978.749809900133,12241642.120002318,-7.482391578982807e-07,-5.115529059152208e-08,-14.625464470463582,26.827240359580976,97.97132710181683,97.97749108914958,70.87876879269768,68478.45434356378,78078101.03154328,1.1594652212241499,0.3805037322207521,1.3759383622611665,3.3250737063603304,0.3756090855054947,1.1968283828940622,3.2875783571825603,0.5654261046816599,5.386272411895331,-19.22,0.5182,0.48460000000000003,0.90525,0.317,0.712,1.104
6.9858,0.8912,13.744,6.616,241.705,0.09700865581556538,-19.144,9.702,42.79,-42.79,1.5360724374692256e-07,21.394998191481214,37.05722807208488,21.39500189720392,37.05722593258487,-37.05722807208488,0.0,9774704.977628209,10331467.529811623,0.4062808885083045,0.41140779160536667,1.101859529840833,1.4073368348513882,1.6088273463554617,3.931336330703244,8279303.6880617,15.353107634653872,8.665995888606794,0.37339386668998603,-0.009920452588823559,12.132361413221616,0.7238807957367015,754475344.1941177,26.644740698461508,13308.784151105878,10428496.071422795,-7.143147743048158e-07,-5.1841407234968404e-08,-14.40716400080002,26.655050403982813,76.99576477879951,76.99850661261024,57.63790641472563,68140.15688071914,77861021.04497164,1.1416192434075216,0.3809478647002589,1.3820421518912924,3.3267843597882325,0.37614012825350834,1.2035397951881477,3.289044878992292,0.5624269036536296,5.391143291154023,-1.259999999999998,0.2182,0.2986,0.87425,0.3198,1.2336,1.2224
8.5678,0.7928,11.168,6.344,241.91500000000002,0.0969646008467146,-17.96,17.122,59.47,-59.47,2.1348499148468065e-07,29.734997486501236,51.502532214229674,29.735002636754313,51.502529240729665,-51.502532214229674,0.0,11262928.269293673,12398772.801589664,0.406008478508844,0.4111485404920142,1.1007872936157366,1.4059675903463145,1.6076043956437027,3.9308932529705545,8714984.052139737,23.057723855867103,6.421517839111227,0.3914582147508391,-0.027054933908177974,17.21993587970072,0.5460854992730739,595691353.9664328,25.035478596870423,15165.901884124441,12495739.964235794,-8.168629235685658e-07,-5.572742843695103e-08,-12.65621354626782,25.04870149988167,112.5694274989721,112.575696806114,80.73451172189314,68199.35893671695,77899209.27600142,1.144730409119712,0.38087229219098395,1.3809736126739849,3.3264854390006957,0.3760492891207873,1.202361725719182,3.288788239686391,0.5629559049545635,5.39032256909579,-4.619999999999999,0.5746,0.49060000000000004,0.96425,0.46819999999999995,0.7328,1.1776
8.8058,0.9400000000000001,12.968,10.328,242.665,0.0968095299950885,-19.384,7.21,42.27,-42.27,1.5174055137140494e-07,21.13499821345901,36.60689484942809,21.135001874148394,36.606892735928085,-36.60689484942809,0.0,9772228.225101937,11958606.730240854,0.40589283137577825,0.41109366071764775,1.0969810593084448,1.40123723948809,1.6033736170767638,3.9295410403774738,8233203.78538789,15.058159687104661,10.237676009935756,0.2919434727608457,-0.01039770586650361,13.099531963872186,0.5618697906867218,759348723.3922076,30.640150242859086,14899.390630772623,12055635.928520694,-6.957784751217445e-07,-4.1801168253744196e-08,-15.274996355607925,30.648472475778394,79.59674937872198,79.59876796701015,56.186675471713386,68410.79485099486,78034983.73595455,1.1558816269858485,0.380590097928028,1.377153920712182,3.325411559443406,0.3757130044415212,1.1981644732100314,3.2878676428985094,0.564819527353157,5.387209019939502,-8.499999999999998,0.17980000000000002,0.30100000000000005,0.99275,0.135,0.9696,1.456
12.459800000000001,0.8776,12.64,12.808,244.195,0.096498035671228,-21.624,15.666,56.91,-56.91,2.0429512132828613e-07,28.4549975946996,49.285507118073156,28.455002523250176,49.28550427257315,-49.285507118073156,0.0,13840872.514579535,24617815.46468105,0.4048978427178814,0.41021141011383067,1.0892669269543405,1.3915428818174655,1.5946727580601454,3.926633720968242,9845944.563751547,22.40941697491053,5.0085277463582845,0.35477747006307614,-0.016992943725082907,18.558197250925502,0.5964357829616245,545083841.5219324,24.432542711841908,27089.215616956502,24714782.20446506,-8.318328077710483e-07,-4.19920135189067e-08,-16.435764271563304,24.444907909321806,149.9166529589581,149.92334352662286,105.10218418822427,68842.12411612178,78308487.68212329,1.178843663257837,0.38002727109918377,1.3694161310415067,3.3232613096188772,0.3750384429923113,1.1896844193210496,3.2860299047021253,0.5686687898496846,5.38106030654738,-9.86,0.6165999999999999,0.1438,0.96275,0.5438,0.9039999999999999,0.7407999999999999
10.3878,0.9488000000000001,11.816,7.5600000000000005,236.035,0.09823346064342235,-19.496,7.182,45.91,-45.91,1.648073980000284e-07,22.954998059614454,39.75922740802563,22.955002035537085,39.75922511252563,-39.75922740802563,0.0,10241530.321385525,14642066.16459905,0.4090838179124043,0.41379419674992657,1.1314873908683163,1.4443542180336952,1.6417353042323197,3.9426307451163685,8348199.022974043,16.478934534694282,11.649490826370572,0.2932045219745044,-0.01588352301636786,17.071224040522115,0.4461712107852883,775616354.0602429,33.216242969191846,17459.1261623789,14739076.973833948,-6.043636734083332e-07,-3.4406498893317644e-08,-15.801498284478024,33.22307625769372,92.69012059166269,92.69141854462981,60.822098216143644,66541.70136877823,76800676.7776011,1.0303083192603304,0.3831309349761319,1.4115262438932712,3.3352970513306337,0.3787192941596163,1.2361502240127626,3.296390077640854,0.5270902356902865,5.415568803559961,-14.34,0.6502,0.2194,0.77325,0.2862,1.4928,0.8463999999999999
10.5698,1.0608,10.52,10.728,239.51500000000001,0.09747328957033165,-19.704,20.09,50.43,-50.43,1.8103326249491249e-07,25.214997868576717,43.67366234342698,25.21500223594283,43.673659821926975,-43.67366234342698,0.0,12294243.275091918,16028958.658777475,0.40726390967430937,0.41222619896533924,1.1131097809907917,1.4214224712274899,1.621355423985813,3.9355748011819296,9128736.057099007,16.835876745541672,14.722039596795803,0.39234610193145303,-0.0208675131777669,18.52842562978759,0.4354671869902833,835470165.3122363,41.50044385124543,18782.084837754654,16125955.878652476,-7.371985868301457e-07,-4.2470634072989126e-08,-13.756309234161094,41.51535330524826,106.40251493736118,106.40826398157088,73.31402574269372,67522.7640110277,77457915.89668943,1.106289947744491,0.3818107159930905,1.39327555107702,3.3300079596131864,0.3771577899183715,1.2159571816147223,3.291826904397426,0.5547071493879421,5.400859290392447,-15.7,0.2158,0.22060000000000002,0.79525,1.0814000000000001,1.1168,1.0592
9.9818,0.7832,12.776,9.847999999999999,244.915,0.09635306279332317,-18.472,20.538,42.43,-42.43,1.5231491825617957e-07,21.21499820669661,36.74545891793787,21.2150018812424,36.745456796437864,-36.74545891793787,0.0,12097344.099702187,14055318.584891032,0.4048698548727952,0.41024454651364134,1.085677253829208,1.38709764563292,1.5906761252937351,3.9254156192895775,9181847.678441335,14.018216981614696,12.442557495335361,0.29389609670268546,-0.011219322819113519,14.837246710339006,0.44464618044432275,807490418.3023984,35.26372676420644,16972.526267596575,14152357.09097321,-6.046047456272771e-07,-4.527608587114021e-08,-12.127206969221845,35.270103135372636,82.43949753685156,82.44090645414656,55.21007355364693,69045.10259382855,78436085.52308324,1.1897443057345332,0.379768253572078,1.3657999136297527,3.3222678679531565,0.374726192298184,1.1857317018005913,3.2851833982816543,0.5704881524985931,5.378259178491921,-19.82,0.6706,0.47740000000000005,0.75575,0.45699999999999996,0.7904,1.1743999999999999
9.9678,0.772,12.16,13.943999999999999,238.165,0.09776646290517836,-23.896,14.938,49.43,-49.43,1.7744346946507087e-07,24.714997910841703,42.80763691524084,24.715002191605276,42.80763444374083,-42.80763691524084,0.0,12471336.528585996,17805891.00850275,0.40785701916392,0.41271939033271776,1.1201854406976492,1.430229977330363,1.6292090208406362,3.9382415710845384,9284457.626750981,18.99543449950886,7.552576520405401,0.25356876312026955,-0.013331048350540848,15.283051729984154,0.5242086555134368,637041729.3244634,28.70654804582404,20490.75691140217,17902879.467257585,-7.947182671226706e-07,-4.656227391668184e-08,-17.847324800335205,28.719231320651787,114.59849976970648,114.59966485461536,81.25265987394617,67142.17936532748,77205425.2059617,1.0764707593015383,0.3823233747831736,1.4003210284014813,3.332035104116395,0.37776463434396956,1.2237254132464417,3.293570429416159,0.5439979374122776,5.406564349975546,-16.5,0.34299999999999997,0.2134,0.76975,0.3226,1.4432,0.7232
10.863800000000001,0.9592,11.76,13.448,241.885,0.0969708657317654,-21.224,7.602,54.31,-54.31,1.9496165945069795e-07,27.15499770458857,47.0338410047892,27.15500240797254,47.03383828928919,-47.0338410047892,0.0,11513246.67651601,18905386.02645532,0.4060325652019381,0.4111704082229418,1.1009399990194593,1.4061595884776874,1.6077756557336809,3.9309484157056653,8868232.973505784,21.085263111943327,6.298292735424853,0.3100812187811134,-0.01695023696980684,16.86188594696817,0.48450249661001976,558261672.8620273,26.576597946309054,21528.323725877897,19002358.768230017,-8.145782296162682e-07,-3.891940280173616e-08,-17.216258079846085,26.58979766855124,126.81976338988537,126.82602240974254,87.48223759246996,68190.90150014583,77893774.65074205,1.144285649652806,0.38088309546681615,1.3811262394327497,3.3265281138749097,0.37606227335603093,1.2025298980078807,3.2888248604268897,0.5628818963657101,5.390439839859961,-14.82,0.17620000000000002,0.3358,0.79725,0.695,1.424,0.9856
8.7218,0.8152,11.152,9.128,244.735,0.0963892102350542,-16.232,9.870000000000001,51.19,-51.19,1.837615051975921e-07,25.594997836455324,44.33184166884844,25.59500226963937,44.33183910934844,-44.33184166884844,0.0,9672649.048180083,10274283.40494935,0.40482744855758873,0.4101861088529054,1.0865712263041682,1.388199507488213,1.5916674917819342,3.9257115237043085,8084325.881168779,18.133648792284095,9.616852853137368,0.34953587005519604,-0.018305518464720446,15.022372040136666,0.45034780533378627,693650066.0498472,30.202980036169222,13176.336159718963,10371280.835645184,-7.167902043066175e-07,-4.637367302222595e-08,-12.245017226814424,30.216215673401003,89.33466627900707,89.3405920916734,61.49102250623081,68994.35797440188,78404229.07291013,1.1870158968820708,0.37983296631019076,1.3667027581030682,3.3225154307846565,0.37480423731887524,1.186717761912719,3.2853941922961263,0.5700330821203816,5.378958721264476,-10.98,0.28300000000000003,0.4054,0.86575,0.2414,0.8495999999999999,1.4672
11.1998,0.8271999999999999,10.752,13.352,244.825,0.09637109743293203,-21.32,15.19,53.75,-53.75,1.9295137535398664e-07,26.87499772825696,46.54886676500496,26.875002383143507,46.54886407750495,-46.54886676500496,0.0,12672368.766536167,20092892.797669403,0.40465798242613427,0.41002131878626374,1.0861198434404207,1.3876145094923151,1.591139628024423,3.925507607666024,9320261.874113673,19.8065600377924,9.099344367647703,0.3555805897783142,-0.01868556208317854,18.798606349661437,0.43915067562290894,643278685.0055017,34.263131448407066,22705.252471735083,20189870.923596475,-8.09787506450885e-07,-3.884443517981553e-08,-16.18260507753107,34.2806863688815,128.0998439107718,128.10607025344163,89.37144933345404,69019.7302841152,78420183.97544402,1.1883777844003995,0.37980064543401904,1.3662513033367785,3.3223916287945903,0.37476525098909647,1.18622460123911,3.2852887647366273,0.5702607211935609,5.378609329654972,-11.26,0.541,0.5446,0.84625,1.3446,1.4416,0.9568
9.6038,0.8616,13.76,12.712,240.80500000000004,0.0971993024869688,-19.288,7.798,46.11,-46.11,1.6552535660599671e-07,23.05499805116146,39.93243249366286,23.0550020444046,39.932430188162854,-39.93243249366286,0.0,10727639.209532302,15390554.103856858,0.40661514644489755,0.41167206525713745,1.1064540857972134,1.4130847521165342,1.6139432316626812,3.933019493591879,8673566.370862005,16.890081026298567,6.8396571988610315,0.3968144247920255,-0.009491596806400366,13.438630862487761,0.730542337520519,680415912.5407169,24.423350763777137,18196.791536437016,15487564.852887133,-7.574905470717686e-07,-4.254166434330362e-08,-15.213502112643898,24.43501288781276,96.72262151245219,96.72415644466867,69.06312368322295,67886.43378358569,77696297.22637768,1.128345026262816,0.3812717205936512,1.3866331773789715,3.328073453990933,0.3765291915976531,1.2086107285633603,3.2901534493333715,0.5601555212664089,5.394663661777634,-9.1,0.36819999999999997,0.4318000000000001,0.80525,0.6921999999999999,1.1392,1.2576
8.4138,0.8456,11.12,7.976,242.725,0.09679727729007341,-21.976,18.97,57.03,-57.03,2.0472589649186713e-07,28.514997589627804,49.389430169455494,28.515002528570683,49.38942731795549,-49.389430169455494,0.0,11949851.797947112,13340836.334490735,0.4056213686188395,0.4108228472528414,1.0966725618418727,1.4008155573038001,1.6029942846037095,3.9293650627700845,9000247.774662107,22.03130321178089,6.984191265314825,0.30759705175582613,-0.02502806798654998,16.895172434905135,0.4916855780204691,593222292.1296887,27.500016183320305,16085.99313641063,13437803.412108466,-8.049653192835169e-07,-5.762936078846884e-08,-15.489692587255114,27.514703481773566,115.59031336543686,115.59664450608238,84.01091028964257,68427.70972413708,78045668.48431636,1.156776817533887,0.3805684998898702,1.3768498796139699,3.325327000075061,0.37568702060705367,1.1978301935889162,3.2877952213321437,0.5649711714439947,5.386974739208423,-4.059999999999999,0.1318,0.36819999999999997,0.83525,0.849,1.0832,0.8768
12.4178,0.7872,11.56,8.456,249.025,0.09555349258803607,-23.432,12.698,51.07,-51.07,1.8333073003401111e-07,25.534997841527126,44.22791861746611,25.535002264318862,44.227916063966106,-44.22791861746611,0.0,13060103.261042021,24733866.64866759,0.4027514208679934,0.4084472139850397,1.0655303332623747,1.3618400544768456,1.5678492670575361,3.918152440494218,9528558.286641851,18.487994931412793,8.398157016236482,0.35337333834149476,-0.019407312730515283,22.089361715385376,0.4489845277737754,622624046.6041057,33.06118388335344,27249.105702748977,24830848.628695775,-7.002107649870034e-07,-3.2794488960585495e-08,-18.733325151667973,33.079257109451504,132.35845974820214,132.36488594747865,90.37508038832752,70203.77140407143,79148460.82585563,1.238254448002967,0.3782897105041618,1.3454590971451932,3.316761249073636,0.37293794904131566,1.163596580793477,3.2805084670215185,0.5711299078264606,5.362335973426829,-0.7800000000000011,0.2554,0.6357999999999999,0.8512500000000001,1.1206,1.392,1.4816
11.8298,0.9192,13.432,9.496,249.415,0.09547975696503345,-20.248,10.178,45.11,-45.11,1.619355635761551e-07,22.554998093426445,39.066407065476724,22.555002000067045,39.06640480997672,-39.066407065476724,0.0,11841673.786174854,19985621.560216647,0.40270954200155984,0.4084393002378954,1.063656017999627,1.3595127322507379,1.5657379515619012,3.9175310367501845,9119217.178152114,16.028340355722673,7.3222376570688965,0.30824540568182823,-0.010676272904744648,16.90839126038956,0.6031214272715831,642387031.1114388,27.56126689790661,22701.33821630515,20082635.803055026,-6.20866065348552e-07,-3.4104911964543345e-08,-16.043340202309416,27.577252640772805,105.3209748733829,105.32199427626647,70.26761023126765,70313.71807949594,79214511.02057199,1.2422238558366392,0.3781545993828782,1.343557537314616,3.316257238103442,0.3727727133213547,1.1615356995414832,3.2800825938238813,0.5707441988308889,5.360908727959863,-15.26,0.4294,0.15460000000000002,0.97975,1.4006,1.32,0.9872
8.707799999999999,1.0256,11.272,11.416,247.73499999999999,0.09579860462518149,-17.16,9.562,59.95,-59.95,2.1520809213900464e-07,29.97499746621404,51.91822441975902,29.975002658036342,51.918221422259016,-51.91822441975902,0.0,10583943.151887601,12820543.62475035,0.4033032773798456,0.40889523185718335,1.0717796682728722,1.3696639207027121,1.57493748469195,3.9203586590018653,8460834.807298904,23.483081360526295,6.014523678073677,0.4367137755313619,-0.022752417781311634,15.53018267241831,0.6184811914034283,603185925.730632,23.869743762373925,15577.65525726953,12917507.630853837,-8.39310203516555e-07,-4.918658379414399e-08,-13.178889106696245,23.88483448880191,117.96311928198642,117.96941895501462,83.00769744872292,69840.10163151345,78928810.63625436,1.2251598604928897,0.3787487774729671,1.3517856982196599,3.318455696094251,0.3734955114396391,1.1704642078291008,3.2819434988251883,0.5724181193406637,5.367246871187753,-1.5799999999999983,0.3202,0.1906,0.79125,0.1714,0.9391999999999999,1.0912
6.9578,0.7432,13.824,8.92,248.155,0.09571800682020559,-23.048000000000002,9.59,48.95,-48.95,1.757203688107469e-07,24.474997931128897,42.391944709711495,24.47500217032325,42.391942262211494,-42.391944709711495,0.0,10725449.060259676,13291178.42198723,0.40311891943571504,0.4087447174193202,1.0697413340689284,1.3671090064101108,1.572628451052286,3.919638869525548,8670254.823225249,18.35433775090682,6.237688330704245,0.5289870185775902,-0.012638045352731681,12.740274700769719,0.9423675449411026,716683713.7360356,22.551983960441067,16104.61610193368,13388168.209533317,-8.592883883487934e-07,-5.8273306706339544e-08,-17.706963923789086,22.566393099597747,101.7867486341839,101.78909312627201,79.45754623972823,69958.50574350907,79000544.18420628,1.2294061964658807,0.3786032830829455,1.3497254976525224,3.3179052299281477,0.3733178224400806,1.1682223947783712,3.2814767816574,0.5719944408163364,5.365706614112905,-18.9,0.5062,0.6225999999999999,0.76525,1.0674000000000001,1.088,1.1456
9.085799999999999,1.088,11.336,11.879999999999999,244.31500000000003,0.09647378294029534,-16.36,10.43,47.07,-47.07,1.6897155791464467e-07,23.53499801058707,40.76381690472155,23.53500208696865,40.76381455122155,-40.76381690472155,0.0,9864915.587108795,10727633.81015388,0.4051115218898601,0.4104390730257663,1.0886717817901919,1.3908397370465129,1.594043210096369,3.926496373002944,8186118.645028943,16.003455117459794,12.324890813574921,0.3256059385563267,-0.014563874669328807,14.050469256780827,0.4222563807155468,786432570.1076798,34.5121136602271,13664.61705140643,10824649.106135827,-6.875177075046546e-07,-4.34722377137633e-08,-12.136211573778676,34.51971677327414,83.48287001817447,83.48473033340849,56.16858242808514,68875.95386240624,78329800.21802284,1.1806567071496386,0.37998409657680227,1.3688125476941901,3.323095167967572,0.37498641396791826,1.1890240969091634,3.2858882289930063,0.5689719597248655,5.380593204582944,-7.74,0.3286,0.2998,0.85725,1.2186000000000001,1.0864,1.4848
9.575800000000001,0.9328000000000001,14.128,13.928,247.165,0.09591026419525232,-21.16,19.25,54.63,-54.63,1.9611039322024725e-07,27.314997691063773,47.31096914180876,27.315002422160557,47.31096641030876,-47.31096914180876,0.0,13850595.590370066,19315166.98942882,0.4035245464694442,0.40907059103100973,1.0745614943831958,1.3731417272218753,1.5780828523939987,3.9213387140013127,9960702.790111851,20.97855276631717,8.35358126021315,0.6812025618328259,-0.012455787509794976,14.242876845516347,1.124433899247551,798452033.577235,21.047721087480692,21947.605994438716,19412144.254125357,-8.874261910026525e-07,-5.849099235732184e-08,-14.593166857279419,21.060204373869645,130.14607412644972,130.15257663536664,97.01665998422062,69679.41033666226,78828854.16772686,1.2193887758514395,0.3789584539665665,1.3546001852955718,3.319218771168551,0.37374810955976795,1.1735241556467395,3.2825913431274807,0.5730003921234412,5.369522849912336,-12.780000000000001,0.4534,0.10540000000000001,0.90725,0.8602,1.4944,1.3072
11.773800000000001,0.7648,13.464,12.280000000000001,238.585,0.09767453877503278,-17.704,14.826,47.27,-47.27,1.69689516520613e-07,23.634998002134076,40.93702199035879,23.63500209583616,40.93701962685878,-40.93702199035879,0.0,12189661.97793719,18152104.069547687,0.4077285842661299,0.41262274870886995,1.1179782965432148,1.4274894980795947,1.6267695898435168,3.937419259782015,9233089.497339625,17.23608406965147,7.17986155029975,0.3665872917285308,-0.010008129863976494,15.429371530332162,0.5738179137808274,671311959.2426698,25.79012109990938,20893.819576342845,18249117.31887491,-7.08812540138039e-07,-4.051917928789252e-08,-12.914643385344396,25.801883835808532,104.36366764894413,104.36474127718625,71.40883192798998,67260.5834773231,77284369.8528704,1.0857012915545297,0.38216395107440077,1.398124413432954,3.3314011321168566,0.37757598736698317,1.2212998209852926,3.293024441613773,0.5473244285909757,5.404789335760047,-6.5,0.4858,0.6382,0.81225,1.4454,0.9952,1.0608
10.933800000000002,1.0784,11.632,9.592,242.035,0.09694067661254463,-20.808,14.126000000000001,59.71,-59.71,2.1434654181184266e-07,29.85499747635764,51.71037831699435,29.855002647395327,51.71037533149434,-51.71037831699435,0.0,12886020.420272294,20776388.571037337,0.40592004197260056,0.41106821869280163,1.1001694339974122,1.4051925310902285,1.6069043872874902,3.9306441319004337,9404451.11654436,24.01859470967374,5.601324747997385,0.36730125564407007,-0.02406970611891263,19.78807771307858,0.5634559001293469,561003870.1568167,25.097141258038597,23318.006782241126,20873347.520595323,-7.764470697779762e-07,-4.15666350163432e-08,-16.02374084243704,25.109614462236745,145.29778705886602,145.30426768730237,99.85191092357509,68233.18868300143,77920964.49513273,1.1465114494759372,0.38081674351967665,1.3803511654168312,3.3263027235288773,0.37598560621864713,1.2016836755535396,3.288631639240121,0.5632495947327292,5.389668224817177,-13.5,0.2662,0.2146,0.88725,0.41500000000000004,1.3168,1.1712
10.4578,0.8176,12.216,11.176,247.615,0.09582181968449406,-16.84,17.317999999999998,41.63,-41.63,1.494430838323063e-07,20.8149982405086,36.05263857538896,20.815001845772358,36.052636493888954,-36.05263857538896,0.0,11062775.368589845,12304385.915873915,0.403696161478896,0.4092845129452918,1.0723710588558242,1.3704543582019622,1.5756532809844184,3.9206563642617325,8722481.212239996,12.976944227184047,16.49467782289146,0.3199271956555268,-0.013956153729177913,14.261263413980561,0.42392765611069727,915999607.695945,41.0326866430958,15286.790948361731,12401431.548277322,-6.372854118193414e-07,-4.2822504668490134e-08,-11.307507896489733,41.01318626044595,76.62584940244167,76.62744897311119,51.37916772291352,69806.27188522898,78908184.56651187,1.2239483011920764,0.3787903486489984,1.3523751008839677,3.3186134484278873,0.3735462655552968,1.1711060982543262,3.2820773453123593,0.5725395910643368,5.36768716368817,-14.94,0.4222,0.223,0.96775,0.7761999999999999,0.72,0.848
12.277800000000001,1.008,10.936,9.352,245.695,0.09619805854850497,-23.56,18.102,59.39,-59.39,2.1319780804229333e-07,29.694997489882436,51.433250179974785,29.69500263320731,51.433247210474775,-51.433250179974785,0.0,14413060.246275652,26963860.790335387,0.4042050710285214,0.4096352769463233,1.0817926144414043,1.3821973833402,1.5862543580701627,3.9239301780181384,10024735.48946527,23.311411035629458,6.888899414474112,0.42203584937128724,-0.02731723018782578,23.85933906646016,0.5427697350313382,603339928.4497619,30.97267604992035,29351.689921157966,27060816.60104366,-7.871347274244491e-07,-3.768932230209033e-08,-18.079335244721168,30.98758273515274,162.7351453874102,162.74207025537947,112.96060445254669,69264.99594467755,78573119.40450984,1.2016373844419033,0.37948739958174993,1.3618957569333237,3.3212003561422647,0.3743874230671016,1.1814747123091303,3.2842756683284398,0.5725410977683577,5.375224520302716,-8.62,0.2038,0.697,0.94675,1.0954,0.9632000000000001,1.4032
13.5518,0.8440000000000001,12.992,9.176,248.665,0.09562071966394313,-22.712,8.05,46.95,-46.95,1.685407827510637e-07,23.474998015658873,40.65989385333922,23.475002081648146,40.65989150583921,-40.65989385333922,0.0,12984568.100473287,28382461.40104853,0.4029514900233815,0.4086192659538754,1.0672748157354783,1.3640258214375727,1.5698379107350473,3.918779746448285,9595833.612357108,16.88415583259486,7.2167366489880465,0.32285218098766993,-0.012923775097290454,20.968408701702543,0.4690850749082842,621706907.415352,29.72755621166305,30850.774799129,28479459.725141414,-6.695411867630296e-07,-2.860922454871615e-08,-18.828084396651573,29.74375679611102,128.4464042889152,128.44712545704624,87.61803441313013,70102.28216521804,79087339.34355567,1.2345749790614025,0.3784266055683092,1.3472293097381238,3.3172402255488422,0.3731019399102267,1.1655101416623201,3.2809136582275396,0.5714834339192006,5.363837723447052,-17.78,0.2938,0.217,0.81375,1.2494,0.9743999999999999,0.9408
11.857800000000001,0.856,11.16,13.416,238.735,0.09764186339586972,-19.048000000000002,17.990000000000002,58.870000000000005,-58.870000000000005,2.113311156667757e-07,29.43499751186023,50.982916957318,29.435002610151784,50.98291401381799,-50.982916957318,0.0,13651306.986074647,23061743.187889304,0.40751294660714715,0.4124159363607106,1.11718802684275,1.426483895542769,1.6258717179693083,3.9370810923332367,9718880.761801433,22.983127484197183,6.935477639908299,0.45951438510119696,-0.020185674192518197,19.83587154463755,0.5670676608045462,615476135.3772154,29.08520751140573,25563.57780218526,23158710.28240961,-8.593182131063686e-07,-3.9962697697430396e-08,-13.969488129990047,29.097824194710178,145.9065965052062,145.9130246872708,102.4878091198355,67302.87066017867,77312480.35807304,1.0890081662113635,0.3821069977851227,1.3973409207267575,3.3311754359350445,0.3775085798774562,1.2204354598619138,3.292830226577834,0.5485136300174484,5.404155415989975,-0.740000000000002,0.6826,0.6958,0.9257500000000001,1.1542000000000001,0.9087999999999999,1.1232
11.7458,0.8992,10.616,11.655999999999999,241.555,0.09704027401903348,-17.496,17.822000000000003,56.71,-56.71,2.035771627223178e-07,28.3549976031526,49.112302032435935,28.355002514382665,49.11229919693592,-49.112302032435935,0.0,13225107.253435008,22397480.77916821,0.40619820340824964,0.41131101982973917,1.1026204585267658,1.4082672596109163,1.6096548034979647,3.931572837566814,9547525.557404188,20.916968512853277,9.067924768055697,0.5167658170401812,-0.02139629776813449,21.474598677444213,0.6086683487993557,715615074.2587814,32.79992049944475,24947.544948334336,22494458.41831266,-7.17478243806145e-07,-3.4839351561589674e-08,-12.778310201359114,32.81554160541459,136.206544390322,136.21269284554455,89.51586173856741,68097.86969786357,77833645.35160367,1.1394002765541027,0.38100183858116626,1.3828059730713207,3.3269982911438514,0.37620499607447844,1.2043824653247126,3.2892286567451574,0.5620477460838018,5.39172965442098,-17.3,0.1066,0.3466,0.80425,0.5578,0.7776,1.248
7.7278,0.8816,10.56,9.0,243.53500000000003,0.09663078505356325,-18.056,7.518,60.11,-60.11,2.1578245902377928e-07,30.054997459451645,52.0567884882688,30.05500266513035,52.056785482768795,-52.0567884882688,0.0,9660539.759869553,10167703.449193906,0.40525991044390713,0.41052399039608195,1.0925874001183136,1.3957034384789948,1.5984161324577792,3.9278738647363336,8040940.335249159,23.674860770180626,6.94137081271412,0.38758437584527716,-0.028565851908287195,15.56300775738304,0.527940695932615,610987197.2130017,25.585263928257568,12974.746490573265,10264664.135731915,-8.1579192597116e-07,-5.279718105067672e-08,-14.168670518825925,25.599366989988898,107.9613677834244,107.96789806567907,76.60718026010407,68656.06051155725,78191065.52455458,1.168905057692753,0.38027703349072095,1.3727540502737305,3.324191195317508,0.3753361864796195,1.1933331838873693,3.286823632367461,0.5670183615249847,5.383815670716662,-1.379999999999999,0.3658,0.1918,0.86625,1.2913999999999999,0.7375999999999999,1.2799999999999998
9.0718,0.7912,13.832,12.024000000000001,239.935,0.09738286977846643,-19.464,13.006,47.95,-47.95,1.7213057578090529e-07,23.974997973393886,41.52591928152536,23.975002125985696,41.52591688402535,-41.52591928152536,0.0,11550061.100290092,14976509.829486173,0.4070336654909894,0.41202654323463334,1.1109209682275574,1.4186924970793533,1.6189142198173334,3.9347435189532822,9002216.785411878,17.745300196382818,6.562413343663032,0.4502739376683115,-0.010270682322765899,13.33614593177742,0.8032306121246701,693174005.8601475,23.45352996543578,17775.537679066907,15073514.56037288,-7.861695694193276e-07,-5.03764034212226e-08,-14.285090049094261,23.46521021757792,100.05940823477516,100.06101462295668,73.16918361132444,67641.16812302331,77536148.29552448,1.1156051660055735,0.38165132542400965,1.39109317482845,3.3293838615874742,0.376968927105219,1.2135572124920837,3.2912913669904325,0.557950711054061,5.399088521518997,-1.0999999999999979,0.4546,0.40780000000000005,0.99775,0.4598,1.1408,0.7375999999999999
6.9018,0.7384,12.688,8.056000000000001,239.695,0.0974344332962459,-20.104,15.161999999999999,58.43,-58.43,2.0975160673364537e-07,29.21499753045682,50.60186576891609,29.21500259064326,50.60186284741608,-50.60186576891609,0.0,11110631.60811308,11258801.791758979,0.4070497369578171,0.4120233714041628,1.112168243700852,1.4202320252691998,1.6202899117375618,3.9351881679433958,8731081.098313259,23.407925431148175,7.636336811813329,0.7421952776534562,-0.02062068852187517,13.498577576255025,1.1185642797286148,764744494.2125177,20.654195888651774,14044.322029343868,11355766.713460568,-9.492616874206746e-07,-7.022436113022603e-08,-14.182093946276053,20.66533362047274,112.02072968198716,112.02773017948424,87.83645703661013,67573.50863045438,77491518.41665344,1.1102982497477518,0.3817423209196189,1.3923394422759305,3.329739993812069,0.37707678104322967,1.2149276053213618,3.2915969302020054,0.5561414634379368,5.400098789492098,-8.739999999999998,0.1642,0.643,0.87875,1.3866,0.8704,0.9648
8.6658,1.0496,14.328,6.808,246.145,0.09610930278922275,-19.544,16.618000000000002,51.71,-51.71,1.8562819757310974e-07,25.854997814477535,44.782174891505235,25.8550022926949,44.78217230600523,-44.782174891505235,0.0,12230578.226876142,15282621.59393497,0.40403995143506205,0.409506189547345,1.0795658062201474,1.3794223062604534,1.5837473073523116,3.923145727243863,9296723.79518513,19.167946844405435,8.907921997047076,0.7530308758356546,-0.012923637130358183,14.24513623788188,1.2311161133030013,863628036.4697694,20.757374346429167,18047.027893085025,15379612.308569781,-7.86013485232185e-07,-5.7770541014678854e-08,-13.796078132911495,20.7701725566572,108.8758875524443,108.88220424125439,81.77180067270749,69391.85749324432,78651831.69972213,1.2085268669420135,0.37932545500667314,1.3596500728454337,3.320588804924974,0.37419193435268916,1.179030650419337,3.283756489452825,0.5736792123016948,5.373476905101924,-3.9399999999999977,0.313,0.4282,0.87675,0.3422,1.2944,1.0752
8.4278,1.0672000000000001,12.344,10.2,242.45499999999998,0.0968531269019898,-19.128,18.270000000000003,42.35,-42.35,1.5202773481379226e-07,21.17499821007781,36.67617688368298,21.175001877695397,36.676174766182974,-36.67617688368298,0.0,11053767.410017356,10641633.877930326,0.4059761120173159,0.41116074197623337,1.098044490544496,1.4025677477392047,1.6045631602833055,3.929933783804041,8710188.439079512,13.935163126746934,14.375536902870547,0.28565122392057235,-0.01303571305797586,13.046527156536099,0.4484599253298512,848301176.693645,37.33560803067099,13631.475075617998,10738669.68574328,-6.912071150267164e-07,-5.356586406735667e-08,-12.487368935702921,37.33274107006071,74.65521736851628,74.6572855092124,52.934852146133906,68351.59279499704,77997035.67021649,1.1527515959509196,0.3806656562361049,1.3782186586991174,3.3257079246915664,0.37580390045690887,1.1993356107400965,3.2881215609924417,0.5642887749648715,5.388028659872138,-6.459999999999999,0.2962,0.5626,0.93075,1.1962000000000002,0.9264,0.7424
11.1158,0.7992,12.128,13.128,237.77500000000003,0.09785238250467353,-18.439999999999998,8.778,54.95,-54.95,1.9725912698979658e-07,27.474997677538976,47.58809727882833,27.475002436348575,47.58809453132832,-47.58809727882833,0.0,11473926.618915252,18571364.199148837,0.4080281369742878,0.41286173960478023,1.1222414057241394,1.4327903265327717,1.6314854823661025,3.939020028362822,8864711.956699379,21.437419172727946,6.1747540960222675,0.37872957423899606,-0.016011042022995282,16.726030863448994,0.5946386044022697,598133397.4949491,24.860298515175547,21208.112099132923,18668341.594974145,-7.991169940334182e-07,-3.8291907916464486e-08,-14.697296124600225,24.871797631458612,125.33257337696769,125.33868318584565,86.15300611622753,67032.23268990299,77131818.60815941,1.0679370863203896,0.3824713479248667,1.402364501151196,3.3326264761149176,0.37793967991777444,1.225984891546611,3.294080323648134,0.5409134503710562,5.408212574670375,-18.06,0.6981999999999999,0.2566,0.90175,1.4958,1.3968,0.9039999999999999
10.9478,0.8248,14.032,13.528,240.055,0.09735964491333808,-16.2,11.83,46.59,-46.59,1.672484572603207e-07,23.294998030874268,40.34812469919221,23.295002065686624,40.348122369692206,-40.34812469919221,0.0,11434516.513593283,16306044.221296152,0.40698202482642126,0.4119823921603559,1.1103060326690442,1.4179197076893848,1.6182360162953422,3.9344648852609314,8977451.97028187,16.87955952943083,6.834195888207933,0.4374637325454574,-0.008564590323603571,13.821398728911007,0.7387938759812893,714824162.2809339,23.820447200585097,19109.653451945047,16403062.93580126,-7.230800131749474e-07,-4.107760809890473e-08,-12.008984049016526,23.83150627224981,96.85217297658856,96.85346439365003,66.23806538577675,67674.99786930779,77558371.46347868,1.1173570166894766,0.38154157773729847,1.3904736943856892,3.3291577888380037,0.3768531102037585,1.2128640424503307,3.2910881739861755,0.5582574207195337,5.3976009360391455,-4.18,0.5002,0.6849999999999999,0.77075,1.3278,1.0176,1.232
7.5458,0.9976,13.288,6.504,246.595,0.09602195965063445,-20.44,9.506,60.35,-60.35,2.1664400935094128e-07,30.174997449308048,52.26463459103348,30.175002675771363,52.26463157353347,-52.26463459103348,0.0,11022954.226948095,13674847.378473733,0.4037700449080813,0.409270378158792,1.0773469515690792,1.3766357209889983,1.5812295293745997,3.9223280441531365,8739275.676488794,24.41479618820002,6.091356556802943,0.81437715950458,-0.021774430083100774,14.577920368788757,1.2317049593297367,793103590.3783016,19.050423616263956,16388.037202396,13771803.152676946,-9.201791777466603e-07,-5.956582718177868e-08,-15.918946574612795,19.06212977897763,126.08755943080276,126.09454418970616,97.82075336002707,69518.71904181105,78730056.71179356,1.2136669602945425,0.379155819678883,1.3574099807877669,3.319974587904405,0.3739888967819291,1.17659221907125,3.2832340684462062,0.5736245959149788,5.371615255429519,-3.379999999999999,0.1342,0.45940000000000003,0.77375,0.6557999999999999,1.2048,0.8128
8.4838,1.0408000000000002,14.272,8.024000000000001,235.555,0.09833898223427659,-23.16,17.57,58.67,-58.67,2.1061315706080738e-07,29.334997520313227,50.80971187168077,29.335002601284273,50.809708938180755,-50.80971187168077,0.0,13463056.936283037,18438211.96514648,0.40898989676261055,0.413661077499874,1.134049318906852,1.4475052994125166,1.6445129329200188,3.9435405946399125,9771549.932154723,24.326160202729405,5.864932645115146,0.7756235886830515,-0.017611359289853506,15.12528596608555,1.1848394665719688,766730100.4441471,19.065397655329456,21025.882099033744,18535170.5972495,-9.09932137855883e-07,-6.463126273701724e-08,-16.704581715358778,19.073677506102094,138.9487532506216,138.955572454247,107.98178488636917,66406.38238364038,76708215.652669,1.0200579784048744,0.38331263951540134,1.4140662285966603,3.3360430111043895,0.3789338966281343,1.238978832069044,3.297037382674714,0.5233300365049799,5.417597393803093,-16.86,0.38739999999999997,0.4294,0.91875,0.7285999999999999,1.0896,1.2768
12.6558,0.756,10.784,12.824,244.25500000000002,0.09648590438782197,-19.368000000000002,8.918,58.55,-58.55,2.1018238189722635e-07,29.27499752538502,50.70578882029842,29.275002595963763,50.70578589279842,-50.70578882029842,0.0,12527672.529467877,25032576.742610678,0.40487624811071443,0.4101945486528526,1.088966597015636,1.3911680990310917,1.5943359535460133,3.9265259798261094,9256804.411418855,22.732125178946234,7.379078558397044,0.48389780477627375,-0.02225265996867415,21.56904850045586,0.6209689964709629,651472862.5705802,30.81027417594729,27485.060120244754,25129540.07473065,-8.302623646052312e-07,-3.266773343633511e-08,-15.78659271813082,30.82524108596492,153.10680282059022,153.11345782034863,105.7207517404772,68859.03898926402,78319146.54724473,1.1797500381760224,0.3800056783347901,1.369114299353822,3.3231782071940446,0.3750124242053786,1.189354186232093,3.285959034031435,0.5688203747755637,5.38082665758224,-16.98,0.6262,0.5698,0.91475,1.115,1.1456,0.864
13.1178,1.0072,11.904,8.312000000000001,247.34500000000003,0.09587527859327165,-17.784,9.646,49.91,-49.91,1.7916657011939483e-07,24.95499789055451,43.22332912077019,24.9550022128873,43.223326625270175,-43.22332912077019,0.0,12227863.163840717,24578198.40232166,0.4035887740645819,0.40915159686003966,1.073686873352985,1.3720651011683003,1.5771127299759564,3.9210620869136523,9211501.427345596,17.559778516212997,8.852391141156168,0.4611066330059116,-0.016225059346456298,21.96881759234954,0.6235095605889083,715790803.5320283,31.784510887905324,27138.63431579842,24675197.18638487,-6.461152053815521e-07,-2.782894530003982e-08,-14.364273249784466,31.801915900012613,124.46857014434129,124.47467015889555,81.91520343726467,69730.15495608895,78859869.55412741,1.2212016541693218,0.3788961107514338,1.3537143668515326,3.318981053594766,0.3736720245870767,1.172558137286455,3.282389414997381,0.572808779073994,5.368862188565447,-15.780000000000001,0.6417999999999999,0.5494,0.99675,1.0478,0.8048,1.3168
9.1138,1.084,13.248000000000001,10.392,240.74499999999998,0.09721203611845465,-21.704,18.522,47.71,-47.71,1.712690254537433e-07,23.85499798353748,41.318073178760685,23.855002115344686,41.318070793260674,-41.318073178760685,0.0,12437214.116577992,15045859.162830593,0.40658745510831207,0.41163898819615646,1.1067606369383203,1.413461136608758,1.6142771828362932,3.933120500824168,9308641.578368828,17.526119706804693,7.069122063291179,0.3234597691962536,-0.011787524751506344,14.193887519836771,0.632894628050437,651121847.6866939,26.205951558654533,17840.228889924703,15142862.170119183,-7.68473405764942e-07,-5.517712224103018e-08,-14.998519926849452,26.218870773647332,100.71075394887428,100.71232830701497,73.89066226899554,67869.51891044344,77685320.58342372,1.127463548634898,0.38129330472817335,1.386939907223788,3.3281598529341387,0.37655511138367176,1.2089500930530048,3.290227860422122,0.5600038969365629,5.394898441395383,-18.66,0.42580000000000007,0.3214,0.99475,0.5549999999999999,1.232,1.2016
6.8598,0.9832000000000001,11.096,12.072,240.44500000000002,0.09727627406628588,-23.72,8.946,59.230000000000004,-59.230000000000004,2.126234411575187e-07,29.614997496644836,51.294686111465005,29.615002626113302,51.294683149964996,-51.294686111465005,0.0,10618032.513369158,12147368.054588143,0.4066435836395495,0.41167107979417816,1.10829756996066,1.4153776649377228,1.6159788486035183,3.9336746102455162,8469299.859409828,24.60833952666768,6.036209804346687,0.34295148111637186,-0.024294389076541387,14.13865197034094,0.6032866957305345,596436434.688087,24.70640387690646,14878.826079523029,12244319.993398253,-9.615753181939435e-07,-5.977209715904516e-08,-18.423831995811256,24.719199841543517,121.51124308426172,121.51809146965097,91.49957283155555,67784.94454473228,77630027.74410112,1.12306261674042,0.3814012571116884,1.388474986910148,3.328592790755284,0.3766847090653122,1.2106491975559563,3.290600872351806,0.5592455963374094,5.396073131470308,-7.780000000000001,0.46299999999999997,0.3802,0.99925,1.0981999999999998,0.8191999999999999,1.3008
12.2078,0.8136,13.304,10.344000000000001,247.07500000000002,0.09592781194888607,-17.832,11.298,48.83,-48.83,1.752895936471659e-07,24.414997936200695,42.28802165832916,24.415002165002743,42.28801921682915,-42.28802165832916,0.0,12145453.228719436,21086616.78817617,0.40373420081975203,0.40927587738683735,1.0750042149827799,1.3737213612830224,1.5786062802231782,3.921537401852805,9234616.154611457,17.578702951396828,6.512182553832754,0.3702330779679761,-0.011753833132426995,17.570881438337956,0.5886789635900249,643750060.3853748,25.349540850320263,23745.7318476433,21183620.89686722,-6.413814869198839e-07,-3.3471685892756784e-08,-13.907119927050372,25.36419582305214,114.53471074767272,114.53562681492836,75.22125363612241,69654.0380269489,78813309.46775244,1.2184825321961852,0.3789896303700348,1.3550433722533222,3.3193378105993907,0.3737861509030623,1.1740076785077433,3.2826924991591526,0.5730922133715421,5.369853353976712,-17.54,0.10060000000000001,0.16060000000000002,0.97175,1.2102000000000002,0.8304,1.3728
9.267800000000001,1.052,13.168,10.856,247.255,0.09589274480830647,-23.768,19.978,43.47,-43.47,1.5604830300721485e-07,21.734998162741025,37.64612536325145,21.735001927353455,37.64612318975145,-37.64612536325145,0.0,12714426.240438763,15442955.930404656,0.40362665532541964,0.4091824836173625,1.0741260236036405,1.3726165070129694,1.5776102597376656,3.921224114143012,9433567.335085036,15.455480508292444,8.97696875037991,0.24160367721313905,-0.010533830006438004,14.077060026799261,0.5476778629963577,683795637.7859646,31.20801548265122,18276.962034542055,15539974.22560475,-7.201137961605548e-07,-5.3298864288807526e-08,-16.26536578682609,31.224053473415456,93.53533330645836,93.53685709724215,67.98836406228315,69704.78264637558,78844381.4934606,1.2202953136853283,0.37892726661290027,1.3541571397592764,3.3190998321436833,0.37371005536493934,1.173040986279757,3.282490307253283,0.5729086891835201,5.3691922419511355,-2.259999999999998,0.6345999999999999,0.2374,0.79325,1.2298,0.8288,1.3472
6.7058,0.9096,12.016,8.6,247.49500000000003,0.09584388874681933,-23.944,9.030000000000001,44.47,-44.47,1.5963809603705647e-07,22.234998120476035,38.51215079143759,22.23500197169101,38.51214856793759,-38.51215079143759,0.0,9798860.663210016,10224010.213546915,0.40355369103608535,0.4091294671644441,1.0729571737254153,1.371156937333484,1.5762939401100011,3.9208224397762708,8191692.4302317165,16.1355174296314,10.856859400278395,0.25129747131723756,-0.015194037470636523,12.932187918465342,0.540777823164658,734819683.793165,33.072550341583145,13156.105138114679,10321017.185589155,-7.7404287673194e-07,-5.384219155582031e-08,-18.382291047967726,33.08645256431399,82.7085239750616,82.71133158064666,62.32187178730691,69772.44213894452,78887574.79105952,1.2227141195424658,0.37884414229693997,1.3529767550614158,3.3187833048919986,0.3736085951703678,1.1717542021705556,3.2822215191152826,0.5726560533348466,5.368311521143892,-19.34,0.3034,0.1306,0.9097500000000001,0.121,1.0288,1.1984
12.7398,0.8304,11.36,8.472,237.35500000000002,0.09794563922409526,-20.072,18.242,45.87,-45.87,1.6466380627883473e-07,22.934998061305055,39.72458639089818,22.935002033763585,39.72458409739818,-39.72458639089818,0.0,12885668.573983524,22127500.5545137,0.40838407776695657,0.4131891894439611,1.1244657868977177,1.4355844622156801,1.6339686444905939,3.9399069121380705,9438229.084409727,14.975637975653914,16.25532236236501,0.4337251020987765,-0.018482058384256136,21.483483084527702,0.5430245256966361,936816936.6613293,42.99558218264771,24776.14042811878,22224516.01669105,-6.090310980741418e-07,-3.1472706834957876e-08,-14.926105141797754,43.0081854576029,109.80410211627763,109.80501036450966,71.80200995020004,66913.82857790733,77052124.81220779,1.058787566106618,0.38263073188257013,1.404569466987492,3.333266380284371,0.3781281437025526,1.2284259575099934,3.2946326792617375,0.5375173735125921,5.409988927855663,-16.14,0.643,0.2386,0.86875,0.7173999999999999,0.8864,1.2848
9.1698,0.724,12.92,7.8,246.685,0.09600416895909493,-18.536,9.366,49.31,-49.31,1.770126943014899e-07,24.6549979159135,42.7037138638585,24.655002186284772,42.7037113983585,-42.7037138638585,0.0,10571735.079313751,13842902.525712788,0.40389066455659306,0.4094009933594681,1.0769097920960138,1.3761108644037372,1.5807583313046458,3.9222152626371725,8558617.3111121,17.90980695747758,6.860034477382975,0.38661713920799284,-0.013884409085554793,15.109543453647097,0.6753769915455828,663174738.6653836,24.90888741756349,16665.62286545673,13939901.825426543,-7.083940186599405e-07,-4.277904868810484e-08,-14.49295194076096,24.92327746181693,98.51931166705445,98.52104076824598,69.65591386343972,69544.09135152439,78745768.21200418,1.2145683411771795,0.3791246479263899,1.3569658001711828,3.319854917803592,0.3739508795365569,1.176106851859688,3.2831322383591637,0.573530540616113,5.371284592296068,-19.86,0.655,0.2326,0.97375,1.4566,0.9936,1.0176
10.9618,0.7296,10.72,11.832,245.72500000000002,0.09619212182509561,-22.76,16.478,47.43,-47.43,1.7026388340538763e-07,23.714997995371675,41.075586058868566,23.715002102930168,41.07558368736856,-41.075586058868566,0.0,12236293.77124248,17688162.459386103,0.4043366348490836,0.4097717252360382,1.0816470892153618,1.3820374520568712,1.5861110646532324,3.9239194918637685,9142669.499923475,15.833112762312998,15.924327983688503,0.3279022979805846,-0.02029625275647945,18.26806646770007,0.3891441171173554,862606504.5715191,44.67240592114397,20418.813692686366,17785162.959582865,-7.276988577950398e-07,-3.841426681219668e-08,-17.02860140591216,44.68904316845438,106.34374497969225,106.34500085402205,72.90062174893689,69273.45338124869,78578378.19873324,1.2020959170926266,0.3794765983585967,1.3617458719490725,3.3211594814792926,0.37437438787343386,1.1813114703105285,3.2842409461938953,0.5726169683760403,5.375107904761547,-14.02,0.35860000000000003,0.1774,0.78925,0.6474,0.9792000000000001,1.3456000000000001
6.9298,0.8360000000000001,11.968,6.744,244.645,0.09640729407413183,-16.872,12.530000000000001,59.79,-59.79,2.1463372525422997e-07,29.89499747297644,51.77966035124924,29.89500265094233,51.77965736174923,-51.77966035124924,0.0,10201694.27909959,9545949.992713828,0.4047141742008893,0.41006320145137676,1.0870172490078673,1.3887343831963643,1.5921476808490842,3.9258316021155317,8337975.911676429,23.257762170702943,6.5333521652058035,0.7002285901492195,-0.023919219734314875,14.047694530505074,1.0034956209436807,711796850.3717315,21.168511466945002,12384.851811539313,9642916.44507704,-8.99915244644895e-07,-6.517721001697864e-08,-12.134357821904716,21.1812987436603,102.98079000311255,102.9878369564789,77.66667590718906,68968.98566468852,78388300.06198601,1.185651311271745,0.3798653492650198,1.3671545034183012,3.3226394286017924,0.37484328001568334,1.1872113384877838,3.2854998129619704,0.5698057007650622,5.379308842884091,-1.6600000000000001,0.38980000000000004,0.1978,0.89575,0.6642,1.3664,0.8016
9.9958,1.0744,14.056000000000001,9.464,248.785,0.09559788029607151,-21.96,10.373999999999999,45.67,-45.67,1.639458476728664e-07,22.834998069758054,39.55138130526096,22.835002024896074,39.55137902176095,-39.55138130526096,0.0,11838197.219406476,18122709.88472989,0.4029231700150985,0.40860124152796745,1.0666959878307323,1.3633052042364167,1.5691852964439432,3.9185868063987432,9148613.91951852,16.64832589864162,6.360552994238313,0.3519468876007872,-0.010271668267246348,15.046196481092364,0.746120498345222,670073335.0829089,24.728321142546918,20864.690097494917,18219717.130293794,-6.910180111875324e-07,-4.24307133842763e-08,-17.162642532207226,24.743312326439888,104.65912269365826,104.6604262300416,74.52517085976253,70136.11191150249,79107745.98365408,1.2357931004471059,0.3783850224527485,1.3466428289297059,3.3170842842834745,0.37305111478018393,1.164873534355678,3.2807817191253674,0.5713638273947181,5.36339804486012,-8.02,0.3994,0.45219999999999994,0.90425,0.1938,0.8256,0.8079999999999999
12.081800000000001,0.9472,10.92,7.5120000000000005,243.805,0.09657582038111007,-16.248,8.162,56.43,-56.43,2.0257202067396216e-07,28.214997614986796,48.869814912543816,28.21500250196815,48.869812091043805,-48.869814912543816,0.0,11661245.670981403,22135602.953076586,0.4051695796849606,0.410454872659447,1.091231274400132,1.3940092946865115,1.5968962175626222,3.9273794045684136,8908652.376120262,20.949653931696908,8.347517407253198,0.5421159477347655,-0.024351945704330524,23.09597488280343,0.679574014486801,716546919.8884369,30.309017891726743,24693.441638172964,22232579.86343987,-6.804087773940476e-07,-2.9545637460734174e-08,-13.237004544965393,30.324318194072756,133.91899871091042,133.92512184224404,87.16273900865069,68732.17744069727,78239216.49183618,1.1729654707037445,0.3801798683621957,1.3713922839023878,3.3238148952411635,0.37521916604327765,1.191840553446428,3.286502212115034,0.5677007655837069,5.382763378829572,-2.66,0.6406,0.511,0.85575,0.2498,1.4288,1.4544000000000001
10.8218,1.0504,12.104,10.616,236.57500000000002,0.09811765686134126,-20.296,19.39,52.11,-52.11,1.870641147850464e-07,26.054997797571538,45.12858506277969,26.05500231042992,45.128582457279684,-45.12858506277969,0.0,13144666.919506866,18854184.958878323,0.40863417976213917,0.4133809828747136,1.1286041559805777,1.4407293622269275,1.6385272879024906,3.941469459274566,9542854.5145814,19.626892222648763,7.4510810696063885,0.3208627763439376,-0.01585317821231329,17.73704005522092,0.5271738322350612,633969124.0574751,27.788938497941224,21511.74119887463,18951173.68327746,-6.967476442686863e-07,-4.374471296366512e-08,-14.418901562270753,27.80096492332771,118.6485692704817,118.65450117027645,80.2241543777505,66693.93522705833,76903559.88895796,1.04190636008133,0.382926416078258,1.4086753276303001,3.334462689921392,0.3784776524975716,1.2329806731114863,3.295667159927833,0.5313271178100252,5.413286712022915,-0.46000000000000085,0.637,0.3598,0.88525,1.3418,1.032,1.3312
11.2138,0.9704,11.696,10.136,237.895,0.09782588883381879,-22.968,10.402000000000001,44.83,-44.83,1.6093042152779946e-07,22.41499810526064,38.8239199455846,22.415001987652527,38.82391770408459,-38.8239199455846,0.0,11535562.179154987,18075997.364967823,0.40816994822717984,0.41301515678723894,1.1216124585724807,1.4320339845933203,1.6308154379078128,3.938828750864307,8884655.83801155,16.302195158421956,12.646397013037092,0.2523989092997004,-0.015511699419841849,17.825678445650933,0.38367518935382267,773812880.6063595,36.58140658792343,20806.29445766904,18173005.92971913,-6.147988812942922e-07,-3.374178055230583e-08,-18.278006528700153,36.59173316062248,102.08376118828492,102.0847656800261,67.10689516427448,67066.06243618742,77154496.95559274,1.0705589656455077,0.3824258250704335,1.4017353715120924,3.332444243865037,0.37788583336437603,1.225288937599292,3.293923134829452,0.5418620662414951,5.40770543702093,-17.42,0.2566,0.5529999999999999,0.9632499999999999,1.3614,1.08,1.1488
12.6278,0.8752,12.04,8.232,238.135,0.09777305305677465,-18.503999999999998,20.902,58.150000000000006,-58.150000000000006,2.0874646468528975e-07,29.074997542291023,50.359378649023974,29.075002578228748,50.35937574152397,-50.359378649023974,0.0,14471248.309087291,26729123.348665334,0.4078087196720148,0.4126678682829372,1.120342099166524,1.4304151856074074,1.629372889030935,3.938280467869231,10093530.623015592,22.554213197833697,6.491463261908349,0.5126917524263489,-0.021252223814849917,22.647303024867245,0.6803992077787667,669307977.7797675,26.838424551062133,29153.254636113972,26826095.29989248,-7.576654454579186e-07,-3.7993273402769175e-08,-13.324997779272602,26.849603099088814,151.16345902124158,151.16997244660706,103.66029155625895,67133.72192875636,77199773.28984894,1.0758129789620243,0.3823347555725017,1.4004780659853229,3.332080493682459,0.3777780993934322,1.2238989427319877,3.2936095437158803,0.5437605176130813,5.406691083250085,-3.7399999999999984,0.33340000000000003,0.5422,0.75675,1.0422,1.024,1.3648
7.0278,0.9728000000000001,11.856,13.048,236.36500000000004,0.09816195489417062,-19.992,20.986,54.07,-54.07,1.9410010912353594e-07,27.034997714732164,46.825994902024526,27.035002397331525,46.82599219852452,-46.825994902024526,0.0,11966988.213331962,11311918.590990357,0.40868438842293875,0.41341538429705826,1.1297216479636323,1.4421178947913005,1.6397556082917264,3.9418939395414156,9056589.91226472,20.64980631321737,7.3255850319554785,0.3803988912758181,-0.015798238024025937,12.850840551221868,0.590494150954531,680346285.3835537,25.698007251741544,14137.709143029782,11408901.409046602,-8.805670366185629e-07,-6.847222410278528e-08,-12.421788047008626,25.709808258425383,101.74588671315952,101.75216248189466,75.60166042275219,66634.73317106052,76863964.2913461,1.037387502796718,0.38300595908521656,1.409783201462986,3.3347865556690968,0.37857164502149454,1.2342116511815602,3.295947620012442,0.5296788287599077,5.414174122793716,-18.5,0.3778,0.28900000000000003,0.88225,0.37860000000000005,0.7088,1.1663999999999999
11.4518,1.0384000000000002,13.128,6.648,236.99500000000003,0.09802593606446973,-16.216,8.33,55.83,-55.83,2.004181448560572e-07,27.91499764034579,48.35019965563213,27.91500247536562,48.35019686413212,-48.35019965563213,0.0,11505898.115028797,19759868.496660605,0.40841411327912497,0.4131910663231834,1.1263709831152382,1.4379409617808951,1.6360569518086419,3.9406033597267505,8912759.709167236,21.792113993205216,5.775578162950831,0.583290908401172,-0.017508278514869722,18.470946067310372,0.8713077449611941,674847236.1924498,21.659628884650797,22371.02240289456,19856847.65185111,-7.119501307144574e-07,-3.544183096224699e-08,-13.042815040428458,21.669173651559806,126.63892827765888,126.64496110886688,84.6631434653642,66812.33933905397,76983666.23743801,1.0509800092796118,0.3827672053843817,1.4064625860814888,3.3338171737909175,0.37828949312662824,1.2305246807641563,3.2951086895190014,0.5346809442820247,5.411510327334949,-12.620000000000001,0.595,0.5878,0.78125,0.9497999999999999,1.1504,0.8528
13.369800000000001,0.9584,11.8,7.384,240.95499999999998,0.09716745971624682,-22.52,12.866,46.870000000000005,-46.870000000000005,1.6825359930867635e-07,23.434998019040073,40.59061181908433,23.435002078101142,40.59060947558432,-40.59061181908433,0.0,12916269.295970356,25558217.028701697,0.4065537715895536,0.4116220032088546,1.1056864673181461,1.4121216619041006,1.613086717171325,3.932729374671108,9473926.37063196,16.5784126377045,11.242186582346752,0.3817905807126495,-0.016849678414742317,22.552138463260846,0.48963815918514586,756761285.7393359,36.64060752620411,28093.046991329913,25655218.716517683,-6.364164891282079e-07,-2.9523796222475677e-08,-17.978547911117996,36.6560628746574,121.50730650963341,121.50805224345267,80.99888251069787,67928.72096644124,77723758.698706,1.1305509688843696,0.381217748082395,1.385866703580248,3.327857699236255,0.3764643769955723,1.2077631149530987,3.28996770837843,0.560531140835022,5.394076679251747,-12.3,0.163,0.3022,0.96675,1.2046000000000001,0.8848,1.0336
9.9118,0.8112,11.08,10.936,248.815,0.09559217610156232,-17.224,14.350000000000001,47.47,-47.47,1.7040747512658132e-07,23.734997993681077,41.11022707599601,23.73500210470367,41.110224702496005,-41.11022707599601,0.0,10604035.852111282,12136520.37089103,0.40302938209420175,0.4087121734239937,1.066553787599009,1.3631460881665118,1.569041912736508,3.9185744273677217,8473225.000792889,15.438001999701754,13.58491427749917,0.34909431705289645,-0.01687862996390994,15.549989901823219,0.403306034390704,799375378.8518509,37.942935883241276,15040.376882288803,12233533.686964266,-6.846965442270838e-07,-4.279486725548397e-08,-12.346411188942561,37.95303153804782,87.77957257992217,87.7812338334967,58.56057672654851,70144.56934807362,79112844.57520522,1.23609775610972,0.37837463462827114,1.3464962585558644,3.3170453367863515,0.3730384155694971,1.1647144905728009,3.2807487767283137,0.5713339598351636,5.363288265095781,-17.06,0.469,0.20140000000000002,0.95775,0.2582,0.9503999999999999,0.7152
10.6118,0.7343999999999999,13.608,8.504,242.935,0.09675388164593646,-17.352,19.474,41.87,-41.87,1.5030463415946826e-07,20.934998230365,36.26048467815363,20.93500185641337,36.26048258465362,-36.26048467815363,0.0,12072521.509202367,14953627.713170514,0.4057990626068154,0.4110210919406949,1.095617590274844,1.3995329074342318,1.6018490354430772,3.9290457302353956,9210889.23849812,14.208010327043468,10.170659876965068,0.31373530242109493,-0.00915960829701872,14.862052702888471,0.544143445304373,750902079.7656267,30.888275722204128,17860.620999637347,15050671.817425376,-5.922866250680835e-07,-4.349779068460562e-08,-11.555440485820888,30.898252813650707,83.53105953162849,83.53239120199024,56.45349999603461,68486.91178013492,78083500.04683237,1.159913651910966,0.380492940312389,1.375786539371379,3.3250315477011787,0.3755960970681166,1.1966615535010094,3.2875422684938966,0.5655019271072829,5.386155411619419,-0.4200000000000017,0.19540000000000002,0.5602,0.89075,0.8854,1.408,0.7888
11.8018,1.0272000000000001,12.536,10.792,246.17499999999998,0.09610340882639311,-23.256,14.238,47.67,-47.67,1.7112543373254964e-07,23.83499798522808,41.283432161633236,23.835002113571182,41.28342977813323,-41.283432161633236,0.0,12968734.785980945,21701275.849935025,0.4041211348939185,0.4095912410302967,1.0794196610301166,1.3792527764793512,1.5835945324982785,3.9231149174712585,9520458.586504322,17.353724531951993,7.643229964159553,0.26798411806946554,-0.013347386338482616,18.107808185709175,0.48277585807471846,605482273.0277535,29.62843097539569,24325.677404766604,21798272.89349886,-6.56342986854581e-07,-3.71330845785262e-08,-17.937519758201034,29.644014211006777,117.16119622012585,117.16210441708846,78.24774181773991,69400.31492981542,78657065.72764468,1.2089869947314926,0.3793146573915261,1.359500585013144,3.320548154691336,0.3741788960815944,1.1788680190403549,3.2837219900243486,0.573755086583987,5.373360402732415,-17.22,0.2194,0.5002,0.94425,1.1318,0.8528,1.2511999999999999
9.729800000000001,1.004,14.176,10.904,246.895,0.09596285503120343,-16.008,17.71,56.51,-56.51,2.0285920411634948e-07,28.254997611605596,48.9390969467987,28.255002505515154,48.939094121298695,-48.9390969467987,0.0,12683505.771955796,16162062.386029605,0.4036679555897447,0.40919281907025723,1.0758802740141262,1.3747998117861213,1.5795771364467397,3.9218144487122846,9466341.154335037,21.425253082692844,5.94655963538831,0.7915703410845852,-0.013671622743271784,14.381303872964406,1.1657487617509783,777490962.240223,19.336724048816983,18882.50286218469,16259044.04658517,-8.48240152712677e-07,-5.6347385975291307e-08,-10.737222750118802,19.348715580027562,119.29463424990034,119.30083531126033,87.11315976466106,69603.29340752219,78782281.08374703,1.2166715776349113,0.3790519847542568,1.3559303014195543,3.3195762456319615,0.37386222372263045,1.1749757513900247,3.2828951904762342,0.5732761912950488,5.370514544379787,-3.1799999999999997,0.6214,0.1486,0.78625,0.7594,0.8784,1.3856
8.9318,1.028,14.064,9.544,245.815,0.0961743283186964,-16.68,9.058,58.99,-58.99,2.1176189083035668e-07,29.49499750678843,51.08684000870033,29.49500261547229,51.08683705920032,-51.08684000870033,0.0,11165754.109385142,15128448.650830053,0.40415313898495575,0.40959285784609933,1.0811978688568982,1.381455563663741,1.5855845718868005,3.9237206308035684,8838782.371998683,23.24545097020272,7.756042097006416,0.9953231289672413,-0.016425578640351674,14.245465715700304,1.5275921974860012,994900341.8155488,18.23049498529921,17836.50478785261,15225416.496960636,-8.977738875739517e-07,-5.190976743518776e-08,-12.919049527008244,18.241504100082015,124.43705738939977,124.44356183822852,93.0634400698132,69298.82569096202,78594145.08621202,1.2034722460628073,0.3794442072841615,1.3612964030355712,3.3210369619275824,0.3743352943899809,1.1808220796519366,3.2841368933499147,0.572844581252921,5.374758268599303,-6.059999999999999,0.5494,0.37660000000000005,0.94375,0.28900000000000003,1.3328,1.36
12.977800000000002,0.86,12.872,11.48,240.35500000000002,0.09729529853597126,-23.384,9.31,60.31,-60.31,2.1650041762974763e-07,30.154997450998646,52.229993573906036,30.15500267399786,52.22999055840602,-52.229993573906036,0.0,14612846.860662688,33272650.820623066,0.406645314378865,0.41166523253997744,1.1087590636742164,1.4159489898457778,1.6164852022083656,3.93382899888606,10226379.162880976,25.23894844590075,4.441635223083334,0.37846932933035077,-0.02067257104535542,21.966442426203848,0.6173909679483669,534678096.40409863,24.19040129846145,35482.70613202358,33369600.449729547,-8.546519228992652e-07,-3.486777450531275e-08,-19.279788237296152,24.199579260159943,185.47514438069797,185.48272811928874,133.76490349745694,67759.57223501893,77613651.8568534,1.1217440298298305,0.38143363029642846,1.3889358831480911,3.32872294005345,0.37672356919351907,1.2111597145678734,3.2907130784530443,0.5590157208411766,5.396425587154286,-12.1,0.5722,0.3142,0.78075,1.0086,1.3952,1.3664
7.097799999999999,1.0832000000000002,10.776,7.944,239.09500000000003,0.09756377869055337,-20.936,20.37,42.15,-42.15,1.5130977620782393e-07,21.074998218530805,36.50297179804575,21.075001868827886,36.50296969054575,-36.50297179804575,0.0,10328516.638179919,7606753.3127839975,0.4076334212511215,0.41256774265651924,1.1153088047254853,1.4241879174386085,1.623827726948068,3.9364625899976766,8323179.731520567,9.140036298247267,51.50608506278577,0.36006994414393045,-0.1368578001559115,13.19152714855057,0.4152132032796111,1832268337.4106033,81.67814160409033,10658.145030861011,7703786.382972928,-7.234017980648343e-07,-6.490898296627265e-08,-12.810180727117908,81.7799723076784,66.33096936369905,66.34499921943457,49.02093058445195,67404.35989903206,77379760.9178637,1.0969663791831985,0.3819702833868505,1.3954627949989415,3.330635334537983,0.377346738005193,1.2183651633225763,3.292365790994343,0.551370181231171,5.40263414230641,-5.979999999999999,0.24100000000000002,0.6586,0.87175,0.8126,1.3264,1.3136
11.479800000000001,0.7592,13.216000000000001,9.64,241.405,0.09707196228740234,-23.304,12.082,44.71,-44.71,1.6049964636421848e-07,22.354998110332442,38.71999689420227,22.355001982332023,38.71999465870226,-38.71999689420227,0.0,12353626.12338092,20442826.780640963,0.4063734272898677,0.4114764382424157,1.1033877842151039,1.4092438416930826,1.6105257882961361,3.9318835056083996,9303746.876156935,16.30556788927311,7.861556377837646,0.2650307758520119,-0.01133105258200454,16.997574910840285,0.5089343724821354,629394531.4587233,28.737601406022414,23122.558280748333,20539835.943077743,-6.386204088575111e-07,-3.7034943933908013e-08,-18.25397591866875,28.750162271860514,106.26437444314347,106.26537619921419,71.85149265598938,68055.58251500799,77806232.14416395,1.1371838830983039,0.38105581526168925,1.3835703119188438,3.3272125849105323,0.37626985617745135,1.205226114785605,3.289412825797468,0.561668567299716,5.392316208145409,-12.66,0.18460000000000001,0.6562,0.96575,0.8994,1.2111999999999998,0.7504
7.7978000000000005,0.7856,11.72,12.168,235.705,0.09830584673637381,-22.568,16.310000000000002,54.55,-54.55,1.958232097778599e-07,27.27499769444497,47.24168710755387,27.27500241861355,47.24168438005386,-47.24168710755387,0.0,11763714.408109386,13281501.463212686,0.40898639426136557,0.41366944684873935,1.13324716377964,1.446515018749133,1.6436403473769792,3.943251993809054,8958959.022063196,21.521328958303744,6.797952272364421,0.31571064666151477,-0.017978789886665174,14.220842490421399,0.5543974476047986,615718102.6510327,26.0032809870419,16032.487647842534,13378474.403761309,-8.789945119431576e-07,-5.9277764103710596e-08,-16.065030973533613,26.01459668095003,111.36236001637442,111.36866336205152,81.70232568542873,66448.66956649597,76737145.42508733,1.023255321558169,0.383255861159644,1.413271903877808,3.335809460355728,0.37886684723462927,1.2380937366789484,3.296834613369492,0.524505048294204,5.41696337415237,-13.059999999999999,0.691,0.40900000000000003,0.77125,0.2834,1.0368,1.2832
12.4038,1.0128000000000001,10.928,13.32,243.085,0.09672297988301597,-17.016,10.766,52.95,-52.95,1.9007954093011334e-07,26.474997762068952,45.85604642245605,26.475002347673467,45.85604377495604,-45.85604642245605,0.0,11939829.775125138,21331639.7840051,0.4055005769141668,0.41073034264966535,1.09485498037568,1.3985452225858976,1.6009626942186113,3.9287051097383676,9031570.779614674,19.042025282170925,9.625757378369675,0.48595120014196297,-0.016791530695710218,19.618968291260135,0.5651950814837311,717500119.3180971,33.62882626440517,23939.699799109647,21428628.82838659,-7.526622990789061e-07,-3.219783095612968e-08,-13.359208113779989,33.64548124175973,125.21836408653841,125.22439666017716,84.24483914887135,68529.19896299049,78110467.54219429,1.162157399541984,0.38043895865529864,1.3750276151049332,3.3248209223831564,0.3755311297074344,1.1958279792387485,3.287362035570272,0.5658810388831009,5.3855701917750824,-16.02,0.6142,0.6214,0.96025,1.0198,1.3232,0.752
10.0518,0.9840000000000001,12.48,7.992,245.455,0.09624565218828515,-16.136,12.474,61.269999999999996,-61.269999999999996,2.1994661893839553e-07,30.63499741042426,53.06137798496472,30.63500271656191,53.06137492146471,-53.06137798496472,0.0,11863144.563627109,17185979.58782603,0.4043409817913968,0.40975294142348034,1.0829838891395616,1.3836906408995837,1.587602377173752,3.924368516445516,9032924.978477523,24.298256654207538,6.293848229505451,0.6506918482451847,-0.022463151666068874,17.765635900978022,0.929259471499599,650256730.2235587,20.999062527048366,19831.838642152652,17282943.025248207,-7.973081369214688e-07,-4.4419715602938674e-08,-12.206907650611567,21.010840905162553,132.57574563704785,132.58198428248735,92.01052998342205,69197.33645210866,78530992.18370976,1.1979730370251584,0.3795737660752088,1.3630953542619908,3.3215277598680197,0.37449164372030735,1.1827817519102566,3.2845538859934176,0.5719342413656352,5.37615705559867,-12.34,0.2242,0.11620000000000001,0.86925,1.3642,0.9616,1.2912
11.6478,0.7216,10.704,13.176,245.125,0.09631121538773063,-21.752,15.386,44.43,-44.43,1.594945043158628e-07,22.214998122166637,38.47750977431015,22.21500196991751,38.47750755281014,-38.47750977431015,0.0,12028135.486690897,18175624.210258264,0.40468624965021655,0.41007570406273414,1.0846290877026081,1.385774581377495,1.5894833242164201,3.925011988982047,9072773.730767578,13.451518889703818,23.469592936411665,0.3671393170774829,-0.025888036953605587,17.935368168659515,0.4823062151133389,1140130124.9660227,54.04227379580084,20934.99152737847,18272640.61131665,-6.8888485692584e-07,-3.440041289295185e-08,-16.388802756609586,54.03932473234771,101.22798375063462,101.2298725302707,67.62166647935832,69104.30464982636,78473023.25419365,1.1929364115384762,0.37969269268143374,1.3647474876023653,3.3219796082518513,0.37463506156845255,1.1845830365577361,3.2849380833266504,0.5710188303831077,5.377442644247449,-2.539999999999999,0.6993999999999999,0.4438000000000001,0.93975,1.101,0.9776,1.0575999999999999
10.2198,0.7615999999999999,13.152000000000001,13.24,240.325,0.09730174514369937,-18.04,15.61,45.47,-45.47,1.6322788906689809e-07,22.73499807821105,39.37817621962373,22.735002016028563,39.378173946123724,-39.37817621962373,0.0,11732638.741658662,14934302.704833098,0.4068779092232838,0.4118990851025483,1.1089178838314007,1.4161811580969141,1.6166940140029828,3.9339517629657434,9045568.613369375,16.22683985312555,8.237064842260873,0.3195368199507214,-0.009429008666083092,13.832621404848744,0.5473747993369941,675512770.952245,27.878202767652482,17778.499424101155,15031324.005627798,-7.159129279229567e-07,-4.506517268199851e-08,-12.692240804484312,27.89032087079965,93.06275152053601,93.06412381867713,64.57741071044448,67751.1147984478,77608110.8352731,1.121304863162413,0.381444424641736,1.3890895781764832,3.328766360134742,0.37673652432065186,1.2113299597184262,3.290750513854719,0.5589398909451684,5.396543087657477,-3.6199999999999974,0.4354,0.5589999999999999,0.96175,0.18259999999999998,1.4864,0.8495999999999999
7.3778,1.0544,12.152000000000001,9.896,249.115,0.09553644116355985,-18.52,16.17,52.07,-52.07,1.8692052306385273e-07,26.03499779926214,45.09394404565225,26.035002308656416,45.09394144215224,-45.09394404565225,0.0,10872118.44328687,10238765.40657656,0.40271488300166997,0.40841829113018924,1.0650967389953083,1.3613000012894223,1.567359830276437,3.9180117211758967,8627337.665525746,18.80397407547912,7.146424617532501,0.3915211900807922,-0.015868058561549846,13.169564368693441,0.6189168195711038,680469366.3299861,25.562714674693748,13132.583468486246,10335756.94147109,-8.399770925810879e-07,-6.311836453180631e-08,-12.475602583364005,25.579175636697958,92.93822632968474,92.94479516461928,69.43652275787188,70229.1437137848,79163723.05588253,1.2391697847851404,0.3782585307123666,1.3450199545020585,3.3166447445640816,0.37289982391010346,1.163120428615706,3.280409986670432,0.5710406437781788,5.362006520994504,-10.18,0.26380000000000003,0.3406,0.8947499999999999,0.4206,0.7136,0.8351999999999999
9.6738,0.7736,12.952,11.352,243.68500000000003,0.09660020893734114,-21.24,15.693999999999999,49.230000000000004,-49.230000000000004,1.7672551085910257e-07,24.6149979192947,42.63443182960362,24.61500218273777,42.63442936810361,-42.63443182960362,0.0,12138409.069593513,15962261.667238373,0.4052247529785491,0.41050090620088275,1.0918342247437447,1.3947644895981277,1.5975740533470115,3.927603371737511,9184203.82431138,18.1971404667897,6.672109475217578,0.3211629656502973,-0.012634242130775788,14.7818857207896,0.6157957929340515,630244424.0052006,25.938708729585287,18720.753709189063,16059257.84877476,-7.772734027258731e-07,-4.9756859946879846e-08,-15.422316269608528,25.95271268971782,106.58963212408295,106.59107196762498,76.85568982697802,68698.3476944128,78217841.5001336,1.1711597642939053,0.3802230548361798,1.3719972874434698,3.3239819973008813,0.37527118099542545,1.1925035435346005,3.286644915353255,0.5673974738501449,5.383231043596547,-7.460000000000001,0.46540000000000004,0.691,0.88325,1.1402,1.2688,0.7023999999999999
12.1378,0.7408,12.752,6.2,239.365,0.0975055257166974,-18.552,18.914,56.870000000000005,-56.870000000000005,2.0415152960709247e-07,28.434997596390204,49.25086610094572,28.435002521476676,49.25086325744571,-49.25086610094572,0.0,13418836.677618176,22662489.24325614,0.40724787141836266,0.41219769610219625,1.1138909452469707,1.422381873469721,1.622211599711501,3.9358427242621072,9666636.6554669,22.04856925452938,5.680427626828749,0.44571688680881255,-0.019535889113031023,20.292996696167187,0.6649688740415887,638732883.0236659,23.540668348506458,25196.21851924008,22759464.4628988,-7.25298586829334e-07,-4.144832205316779e-08,-13.49471232061193,23.551458522764065,138.07280004982593,138.07905628630448,93.45547569703291,67480.47682817212,77430050.2459485,1.1029552919531225,0.38186771637651024,1.3940562219920922,3.3302316856518064,0.3772252904028707,1.2168162353939427,3.2920189973311884,0.5535148468865625,5.401493229599574,-13.219999999999999,0.6382,0.2674,0.79475,0.5297999999999999,0.7535999999999999,0.976
7.7698,0.8488,14.144,7.784,242.36499999999998,0.0968718643842099,-18.567999999999998,14.266,56.230000000000004,-56.230000000000004,2.0185406206799384e-07,28.114997623439795,48.69660982690659,28.115002493100643,48.69660701540658,-48.69660982690659,0.0,11502384.607777163,13307997.553586133,0.4057489872357113,0.410922199583132,1.0984943971062247,1.4030917511322933,1.6050285738920638,3.9300239286768615,8976320.249645505,21.821010943620145,6.754519140361374,0.9172690246103219,-0.015500212172426121,13.323222902150041,1.406744177674635,901178877.5162762,18.86474100971879,16074.651475309885,13404972.76492444,-9.064694039278603e-07,-6.43689263450026e-08,-13.26805952498044,18.875589617666922,113.35519660499023,113.36188222165632,88.13423777349168,68326.22048528369,77980740.41381712,1.1514116903092952,0.38069804026180026,1.3786752915375808,3.325835154383437,0.37584285197585887,1.1998381284194906,3.2882306168253868,0.5640613104781086,5.388380048128889,-9.34,0.4666,0.11140000000000001,0.92875,1.1906,0.7183999999999999,1.4304000000000001
7.6298,0.864,11.32,11.128,248.90500000000003,0.09557626036876957,-20.232,12.054,51.91,-51.91,1.8634615617907807e-07,25.954997806024533,44.955379977142464,25.955002301562406,44.95537738164246,-44.955379977142464,0.0,10385098.726713782,10791237.090293802,0.4028308814934911,0.4085176820280577,1.0661093644395367,1.3625712994504977,1.5685128060980258,3.9183717836832774,8398591.104841763,18.892877346261738,8.20903775438932,0.3001127758121982,-0.017785187980812814,13.85301859316948,0.5056702533926437,653610764.4431064,29.0475298441847,13656.953901138235,10888223.126167234,-8.183206077473864e-07,-5.415419143854101e-08,-14.920779260552413,29.064367622326603,95.76205359828077,95.76837720652215,68.87081656449382,70169.94165778699,79128093.15528,1.2370346617509824,0.3783312885404472,1.3460449377656176,3.3169167774472434,0.37298878135870733,1.164231990778047,3.280639968799588,0.5712490394940478,5.362775392057903,-8.819999999999999,0.35139999999999993,0.6634,0.91125,0.5913999999999999,1.096,1.336
11.7598,1.1008,13.296,8.376,235.405,0.09837228181387354,-23.832,9.758,54.99,-54.99,1.9740271871099024e-07,27.494997675848378,47.62273829595578,27.495002438122075,47.622735546455765,-47.62273829595578,0.0,13077377.121638712,24535400.598127693,0.40911043235763034,0.4137714541641134,1.1348546091609457,1.4485172618732252,1.6454059746234722,3.943864583802565,9561339.83628904,22.46699886386024,5.016072127345813,0.3943840386422054,-0.017739453790374872,19.068844531024485,0.7245385491251447,583597296.0086849,22.783140089309416,26992.075197141006,24632366.111410063,-7.624833756589665e-07,-3.945577735923261e-08,-19.321133363553233,22.792414703710943,146.81224072338912,146.81898471511371,103.81219861765678,66364.09520078481,76679232.63186575,1.0168661920599436,0.38336941233960947,1.4148611125587933,3.336276968103049,0.37900093106629607,1.2398649747814452,3.2972405934619267,0.5221566195107122,5.418231465886685,-13.74,0.373,0.1534,0.95375,0.7005999999999999,1.2784,0.9184
10.1638,1.0448,13.024000000000001,12.424,241.07500000000002,0.0971419321455694,-17.368,15.022,52.35,-52.35,1.8792566511220837e-07,26.17499778742794,45.33643116554437,26.175002321070934,45.33642854804436,-45.33643116554437,0.0,12010567.40718806,15946190.058205567,0.4064266095630808,0.411503056067966,1.1050710045165875,1.4113411588123856,1.6123919668811757,3.9324879914076223,9130644.962794457,19.634865317986257,6.182679068827248,0.43126587511806075,-0.012878680964513358,14.839683123764209,0.6659957347116251,652978396.5840337,23.505843332998907,18692.008114991982,16043182.687474819,-7.891937406012202e-07,-4.7505722580483146e-08,-12.422539418204297,23.51815965467776,110.46036850291098,110.4663107801265,77.86538747946744,67962.55071272572,77745784.31810993,1.1323173231758803,0.38117456154336227,1.3852538576424276,3.3276853419770616,0.3764125095383635,1.207085701983572,3.2898193884548177,0.560834458140096,5.39360703025412,-8.54,0.613,0.6045999999999999,0.8382499999999999,0.5326,1.1024,1.2176
8.4698,0.8768,10.576,8.152000000000001,239.33499999999998,0.09751198413494132,-20.328,16.058,56.59,-56.59,2.0314638755873683e-07,28.2949976082244,49.008378981053596,28.29500250906216,49.00837615155359,-49.008378981053596,0.0,11193633.017816313,12315073.188154148,0.40729978062079186,0.4122481082395604,1.114048443802128,1.4225850199622403,1.6223937395433818,3.9359186450796937,8665655.51493819,21.640485484403918,8.438620569483037,0.30942194583276134,-0.026339420154159816,17.189406332604523,0.4567928918855146,620179177.8818797,29.794399866961992,15089.777622105352,12412044.053705078,-7.678568872369853e-07,-5.280155804711185e-08,-14.700241668068527,29.80821520184468,109.58440683098189,109.5905191282732,77.35620476494098,67472.01939160099,77424470.59859204,1.1022890150305775,0.3818791106868622,1.3942124231970823,3.330276472951889,0.3772387845224813,1.2169881890475742,3.2920574648301124,0.5532764564476709,5.401619943532239,-10.58,0.12100000000000001,0.5146000000000001,0.88375,0.1966,1.3888,1.1904
7.9658,1.0312000000000001,13.488,9.256,247.225,0.09589858143162883,-16.344,10.29,59.07,-59.07,2.12049074272744e-07,29.53499750340723,51.15612204295522,29.53500261901929,51.15611908945521,-51.15612204295522,0.0,10743960.824563764,12459109.999709018,0.40351298395213425,0.4090641440825142,1.0742690249444158,1.3727778673081523,1.5777549433430262,3.9212414382401852,8637448.717904452,23.05840907329334,6.826657821822847,0.9291680058203744,-0.017658079488170924,13.552396258623684,1.3940362706752987,900665378.655976,18.713044607045834,15236.986140493738,12556078.879896414,-9.146786004556733e-07,-5.763115168147035e-08,-12.248134016415387,18.725211067385068,114.9679760457795,114.9746264641341,86.93780948285782,69696.32520980448,78839207.66436735,1.2199931003968973,0.3789376691482846,1.3543047922346723,3.319139468622677,0.3737227472791301,1.1732020089181572,3.282523977932065,0.5729392436678644,5.369302547611375,-9.98,0.6682,0.17620000000000002,0.77925,0.38139999999999996,0.784,0.944
8.0358,0.9696,14.488,11.096,241.105,0.09713555717988148,-18.759999999999998,19.418,48.51,-48.51,1.7414085987761657e-07,24.25499794972549,42.01089352130959,24.255002150814725,42.01089109580958,-42.01089352130959,0.0,12416468.696201602,13687194.485983592,0.40639913107865144,0.41147770248391125,1.1049174782743054,1.411146887744076,1.612219034152496,3.9324289693405534,9387773.418458425,17.755312407317216,6.591712921844374,0.6282009586512511,-0.009695388330762129,12.376367979995937,0.994138528283228,760038981.831898,21.858411222523753,16526.67630968803,13784201.887473488,-8.133291603707439e-07,-6.343876522871025e-08,-12.013707848214715,21.87025802931789,97.32218085234834,97.32407587048866,73.49544707827422,67971.00814929682,77751287.09548928,1.1327593018527031,0.38116377012264097,1.385100677587928,3.327642288316628,0.37639954675812853,1.2069164390303908,3.2897823506053316,0.5609102861479239,5.393489720512314,-17.38,0.48819999999999997,0.3922,0.79575,1.031,0.8623999999999999,1.2304
7.9938,0.804,11.52,11.304,249.565,0.09545152370436452,-20.392,7.546,53.31,-53.31,1.9137186642085633e-07,26.654997746853557,46.16781557660306,26.655002363634985,46.167812911103056,-46.16781557660306,0.0,10062136.870905189,11912320.38307792,0.4025157626850003,0.4082556316511361,1.0629324515277707,1.3585903548596094,1.5648999794835754,3.9172534584612815,8279755.805686928,19.910023863060186,7.006633357824598,0.320548056260002,-0.01826983347663553,14.267375427065103,0.542501469483688,616886193.9351425,26.68915830622209,14731.196292093471,12009298.597963752,-8.21124096710477e-07,-4.895194692790224e-08,-16.09194260381836,26.705605401376385,102.8480925899431,102.85444195096252,73.28869410947524,70356.00526235154,79239838.47365077,1.2437526734227644,0.3781026309959608,1.342827112710709,3.316063962768922,0.3727091401292642,1.1607447555957027,3.2799194002397085,0.5705963182730613,5.3603600011515775,-7.02,0.6694,0.19540000000000002,0.76475,0.1882,0.7567999999999999,1.1088
10.4718,0.908,11.248,13.304,239.39500000000004,0.09749907161581993,-21.688,10.234,59.99,-59.99,2.153516838601983e-07,29.994997464523443,51.95286543688647,29.995002659809842,51.95286243738646,-51.95286543688647,0.0,12111424.246210393,19245127.17589284,0.407202008254664,0.41215359915380095,1.1137335468823006,1.4221818268617579,1.6220326172916375,3.935777039097342,9072009.956014832,24.79968685925334,5.677190161376567,0.31799371555246897,-0.02232926564288919,17.691818704733677,0.5182918611411265,553306878.6702263,25.730912216056108,21808.295151627397,19342081.704869177,-8.795061918134215e-07,-4.295266299955519e-08,-17.215323519984068,25.742936503476464,144.58591027053228,144.59245914644228,101.74579557654806,67488.93426474323,77435627.26097125,1.1036218063299632,0.3818563114659009,1.3939000400067658,3.3301869050535395,0.3772117870817451,1.2166443608033215,3.2919805454911164,0.5537532606982768,5.40136635694794,-11.46,0.5914,0.2854,0.76175,0.401,0.8271999999999999,1.1792
13.145800000000001,0.8208,12.512,9.08,244.55499999999998,0.09642539674678827,-19.112000000000002,15.498,46.55,-46.55,1.6710486553912702e-07,23.274998032564863,40.313483682064756,23.27500206391312,40.31348135456475,-40.313483682064756,0.0,13147220.217593314,24648879.359901145,0.4048954813534694,0.410239566396641,1.087469866551965,1.38931823164041,1.5926735651479247,3.926021630085308,9624302.998946577,16.08802264866441,9.41144276504209,0.39848131939992304,-0.012844537417475384,20.56347942459177,0.5550532144364968,682174613.7583425,32.78101646318852,27241.439873613548,24745892.652672186,-6.303420859290465e-07,-3.076824632640036e-08,-14.558666245010015,32.79739464030695,116.27041116100158,116.27116717187295,77.39414303863846,68943.61335497514,78372362.12826079,1.1842879270357884,0.3798977322523822,1.3676063937694247,3.322763541338165,0.37488232042658853,1.187705275272428,3.2856055688320662,0.5695783020916955,5.3796590325600855,-6.219999999999999,0.21100000000000002,0.1666,0.91675,0.40379999999999994,1.1344,1.1136
7.3918,0.7488,12.656,7.304,248.635,0.0956264350924704,-19.208,17.206,60.43,-60.43,2.169311927933286e-07,30.214997445926848,52.33391662528837,30.215002679318367,52.33391360378836,-52.33391662528837,0.0,11657488.06748376,12253293.265447821,0.4028545965415128,0.4085181891078268,1.0674173877211985,1.3641898565346997,1.569986232151939,3.9188082108875184,8969827.207822552,23.553137789849135,6.214115936881696,0.7078320409937586,-0.02240645522190316,14.520097188751704,1.0161027951729387,698132419.5589788,20.321155271537947,15019.005974610278,12350254.794868005,-9.070128175207766e-07,-6.817506878107917e-08,-13.276126136282855,20.33437459220881,116.25044565990713,116.25730992760592,88.52395771679339,70093.82472864696,79082234.64036915,1.2342704254125858,0.3784369942873264,1.3473760096119949,3.317279243592123,0.3731146382504834,1.1656693986846391,3.280946673009344,0.5715133700327776,5.36394753679896,-18.14,0.1282,0.6322,0.87275,0.7706,1.3344,1.416
10.4158,0.9760000000000001,11.368,11.32,240.835,0.09719290243522312,-23.24,20.342,43.67,-43.67,1.567662616131832e-07,21.834998154288026,37.819330448888685,21.83500193622097,37.81932826538868,-37.819330448888685,0.0,12253070.881919893,14837525.671557933,0.40668495361406215,0.4117455045686993,1.1063029602818142,1.4129067951864045,1.6137860206655992,3.9329865275992537,9142344.364136158,14.388412708021688,19.46453628559975,0.2777334535353402,-0.020606054065734184,15.915516786745657,0.41371838794287247,980306558.8599898,46.6330777615827,17678.58993216385,14934544.586556664,-6.710672388458206e-07,-4.533132525463575e-08,-16.124338366533266,46.63127063734347,91.68009211995577,91.6814431620559,62.453156426983945,67894.89122015679,77701813.24097073,1.1287859089751,0.3812609291172203,1.3864798586149967,3.328030280277663,0.37651623263737705,1.208441143752107,3.290116274831722,0.5602313517886996,5.394546283407899,-1.7800000000000011,0.3982,0.5158,0.87625,1.199,0.8592,1.4256
10.6538,0.9800000000000001,12.904,11.384,237.92499999999998,0.09781927329337341,-23.144,19.53,52.75,-52.75,1.8936158232414502e-07,26.374997770521947,45.682841336818825,26.375002338805952,45.682838699318815,-45.682841336818825,0.0,13636679.203992188,19679663.2227049,0.4079215033084263,0.4127655549452231,1.1214493011183524,1.4317975748277836,1.630602679788216,3.938708376612191,9764820.634019163,20.47994398540589,5.843241668630994,0.3319052139881612,-0.014869014407768177,16.438045897763118,0.5938977596998287,580407657.2851958,25.03177168772118,22295.464178229413,19776642.86366066,-8.095856367754443e-07,-5.119490316436679e-08,-16.542332764706156,25.043261776155042,126.24637774101049,126.25269841826294,91.26277065952164,67074.51987275852,77160162.38707791,1.0712150281275972,0.3824144420987347,1.4015781386485082,3.332398722238139,0.37787236793769385,1.2251150276292286,3.2938838738539165,0.5420992838994798,5.407578632748739,-4.82,0.5098,0.5542,0.9802500000000001,0.7901999999999999,1.248,0.8448
13.3418,1.0464,12.408,11.56,240.265,0.09731443933624162,-23.272,8.246,51.75,-51.75,1.857717892943034e-07,25.874997812786933,44.816815908632684,25.875002294468402,44.81681332113268,-44.816815908632684,0.0,13590601.351976726,30232077.455232035,0.4067623727134976,0.4117766196959369,1.1092231615179415,1.416542262208418,1.6170125474958181,3.9340227540503827,9799582.464956036,19.867699967108752,6.54783331314253,0.34174292958757263,-0.01572157108365791,21.5279810704021,0.47662893595631,593206367.3918405,28.622051754430675,32589.113778636885,30329055.05752755,-7.331873649714447e-07,-3.000551407646211e-08,-19.294297317347862,28.634429493049012,147.8187689930827,147.8255933118915,101.44658738452378,67734.19992530558,77597189.79698241,1.1204268806174293,0.38146601287027343,1.389396990875792,3.328853234935184,0.37676243477460847,1.2116706015252925,3.29082543894797,0.5587882310146736,5.396778111581648,-9.5,0.4318000000000001,0.5194000000000001,0.99425,1.4594,0.84,1.2128
11.4238,0.8712,11.64,11.112,247.19500000000002,0.09590442122735754,-18.968,9.674,58.79,-58.79,2.1104393222438836e-07,29.394997515241425,50.9136349230631,29.395002606604777,50.91363198356309,-50.9136349230631,0.0,12266015.647072863,21642056.56710198,0.4035626374957203,0.4091119307211813,1.0744161423238683,1.3729667787695112,1.5779253893816854,3.9212992176843393,9182000.835046057,23.0541027778672,5.724367801800086,0.3957407014606065,-0.021625248342845498,19.686680042987454,0.5890547413530038,576174806.856986,25.19841970517347,24182.619796636074,21739020.34810292,-7.400038841927082e-07,-3.5325655356278284e-08,-15.214345991923045,25.21273712559874,144.07679545294428,144.08321296494583,95.50142033337671,69687.86777323337,78834031.88601506,1.21969090204824,0.3789480619000308,1.354452495091602,3.3191791171634093,0.3737354286556995,1.1733630647390167,3.2825576537830807,0.5729698113427464,5.369412695388123,-7.859999999999999,0.1426,0.6117999999999999,0.95475,1.4034,1.1952,0.7567999999999999
7.8957999999999995,0.8744000000000001,11.792,6.104,246.115,0.09611519961845517,-20.951999999999998,15.75,56.11,-56.11,2.0142328690441283e-07,28.05499762851159,48.59268677552425,28.055002487780133,48.59268397002424,-48.59268677552425,0.0,11192151.878751464,12062426.848743118,0.4040517235718112,0.4095156193754865,1.0797140411786865,1.379607804797318,1.5839151672801397,3.9232009395931517,8726134.381790299,21.462987871625433,6.350761585759678,0.38023773926312254,-0.02299298426490321,15.714264771389093,0.6189270872612944,617372014.0487843,24.770964679408834,14853.784831945935,12159397.797273379,-8.256204596818076e-07,-5.987355519676927e-08,-15.150074649268053,24.785917997139606,108.89698215176537,108.90357120023616,81.50371894969973,69383.40005667318,78646595.999937,1.2080668221273052,0.37933624430741697,1.3597996769922363,3.320629483040567,0.37420496211769333,1.179193315222709,3.2837909943790784,0.5736033382703979,5.3735932499805585,-0.8200000000000003,0.2458,0.4918,0.8492500000000001,0.6389999999999999,1.2896,0.7712
11.017800000000001,0.9896,12.0,13.48,237.385,0.09793896761976513,-22.232,12.193999999999999,53.35,-53.35,1.9151545814205e-07,26.674997745162955,46.20245659373051,26.67500236540849,46.2024539262305,-46.20245659373051,0.0,12406737.58707639,19726956.086377513,0.40820096713661275,0.41300594749788666,1.124303242981805,1.4353587700186066,1.6337664823756852,3.9398050260788233,9233282.977134533,20.813770720477763,6.436605557978169,0.2973993926364573,-0.01580427188052653,16.82744655303036,0.481348228062953,564082281.7223095,26.8150667455063,22331.37272478559,19823932.121499185,-8.145581331155051e-07,-4.201139711455278e-08,-17.26783771180428,26.82681633461486,126.96352313678173,126.9697706080111,88.48148994662286,66922.28601447846,77057819.52400476,1.059439647074232,0.382619355846619,1.4044118413904676,3.3332205797989567,0.37811469315444163,1.228251352339405,3.2945931250674416,0.5377539160742312,5.409862132040986,-0.620000000000001,0.1258,0.14980000000000002,0.9157500000000001,0.583,1.1968,1.0192
12.389800000000001,0.8056,11.352,12.440000000000001,239.245,0.09753138163997913,-17.032,11.046,41.83,-41.83,1.501610424382746e-07,20.914998232055602,36.22584366102618,20.91500185463987,36.22584156952618,-36.22584366102618,0.0,10947121.18022305,17287139.61590058,0.40762914176496523,0.4125748864100328,1.1145247465394554,1.4232175236617897,1.6229611875917755,3.9361639402783006,8660897.343926627,11.2952779097836,23.415334455010576,0.42667432118591087,-0.022488822903834717,17.52078320761351,0.5088963763582193,1145395910.9927924,51.16561248872224,20121.56003299926,17384179.935486004,-6.223330472771084e-07,-2.9380557313692995e-08,-13.169074247552832,51.11945892346952,89.83626657837972,89.83797522329287,58.53594143669357,67446.64708188763,77407718.71617927,1.1002913881238703,0.3819133055262917,1.3946811488247028,3.3304109342542287,0.3772792753666025,1.2175042681515436,3.29217297063793,0.5525614262125604,5.402000306238998,-6.619999999999999,0.1582,0.38859999999999995,0.81825,0.6165999999999999,0.8128,1.3744
12.4738,0.78,11.064,11.08,239.57500000000002,0.09746013768821728,-22.184,18.802,43.910000000000004,-43.910000000000004,1.5762781194034518e-07,21.954998144144433,38.02717655165336,21.95500194686198,38.02717435615335,-38.02717655165336,0.0,13150974.690863019,21968493.958004214,0.40736428785290535,0.412332764599284,1.112799708750947,1.421053303797617,1.6210264911597012,3.935485605896535,9554842.240963385,13.384464221609468,23.535930987071644,0.40240362984736616,-0.02560826529798375,20.42105770521515,0.6048663384185279,1205824200.4823534,53.043649249574486,24635.45806053142,22065513.6534145,-5.988052886927406e-07,-3.140171811993225e-08,-16.488875536476776,53.04438886914845,107.46193172369922,107.46347674432958,68.97844285380738,67539.67888416993,77469272.51818706,1.107625014887434,0.381787921969496,1.3929634119482002,3.3299185762631818,0.37713079312600645,1.2156138319651364,3.291750185570084,0.5551870273689431,5.400605810404731,-12.54,0.4438000000000001,0.361,0.86225,0.9245999999999999,0.8655999999999999,1.0432
7.6858,0.9344000000000001,10.975999999999999,9.048,240.925,0.0971737189433832,-18.36,18.942,53.95,-53.95,1.9366933395995496e-07,26.974997719803966,46.722071850642195,26.97500239201102,46.722069153142186,-46.722071850642195,0.0,10890686.321443355,9624868.912113626,0.40650535071568866,0.4115706852000625,1.1058386413761925,1.412306689896444,1.6132512137081891,3.9327835110315683,8556081.704161147,19.606915889343156,8.896441153091427,0.326732836815949,-0.02090984196111662,14.516881767677367,0.46554301797208797,669044034.9659324,29.533176883820133,12507.582290249597,9721854.996159188,-8.408120884547442e-07,-6.438743824585234e-08,-11.861364646020084,29.54676204533848,92.62843732526895,92.63477385851054,67.75218684554586,67920.26352987012,77718352.54151309,1.130109335808179,0.38122854303435727,1.386019947566185,3.327900819614975,0.37647734144188455,1.2079325584513783,3.2900048260342514,0.5604588430069378,5.394194027115573,-1.8200000000000003,0.2506,0.517,0.78875,0.4458,0.744,1.2496
11.1438,1.0264000000000002,12.864,9.064,242.425,0.09685936965594152,-17.992,19.026,46.47,-46.47,1.668176820967397e-07,23.234998035946063,40.24420164780987,23.235002060366117,40.24419932430986,-40.24420164780987,0.0,12485798.068329513,17104387.091375552,0.40592885071120394,0.411109942996122,1.098194940515531,1.4027458983611432,1.6047214781002888,3.929965690522339,9326151.843693951,16.158630976882208,8.673142059823647,0.33693218898587163,-0.011737970661047026,16.65661201538496,0.5207600312829634,679259322.7810485,29.226232175385498,19891.391379253906,17201405.579855893,-6.244939519671219e-07,-4.1583585055317016e-08,-12.455659043358061,29.239352491815268,98.26979550153048,98.27092266523682,65.30672236979467,68343.13535842595,77991605.66679372,1.1523048948683012,0.3806764510596071,1.3783708614744035,3.3257503232841636,0.3758168837310835,1.1995030525666486,3.2881578929507733,0.5642129533619866,5.388145781688885,-4.02,0.6933999999999999,0.6274,0.88925,1.3894,1.256,0.9296
9.0578,0.7512,12.432,6.872,239.305,0.09751844656348463,-19.608,8.302,53.71,-53.71,1.9280778363279298e-07,26.85499772994756,46.51422574787752,26.855002381370007,46.51422306237751,-46.51422574787752,0.0,10616515.029762406,14301583.846635107,0.40731875507052684,0.4122648773672086,1.1142051902241739,1.42278024117908,1.6225679855293722,3.9359755526352647,8527100.536368217,20.68146989879094,6.369201783924005,0.4216745673550716,-0.018624381928085017,16.144355658504765,0.679314034171218,634695535.041723,23.705464667258198,17048.836800405934,14398562.782544862,-7.581462436650603e-07,-4.4036349082181896e-08,-15.667003329672259,23.716949658523507,109.85901565345713,109.86518752751286,78.4975634363633,67463.5619550299,77418888.55229618,1.1016229391002341,0.3818905051842026,1.394368644581549,3.3303212754081026,0.37725227832880087,1.2171601787740212,3.29209594812448,0.553038089510955,5.401746666340312,-4.859999999999999,0.6921999999999999,0.4546,0.87575,1.2550000000000001,1.3696,0.9119999999999999
12.151800000000001,1.1072000000000002,11.112,13.144,237.535,0.09790565559090433,-23.016,8.554,50.71,-50.71,1.8203840454326813e-07,25.35499785674252,43.9161494633191,25.355002248357344,43.91614692781909,-43.9161494633191,0.0,12232703.767752644,22625792.220872864,0.4081497852744695,0.4129659519406976,1.1235099582487564,1.4343723225035006,1.6328909769199504,3.9395054000511953,9149014.618228685,19.14854804771976,9.455143846005985,0.3249502258305025,-0.01688013571802128,19.44797457945569,0.3947505016311008,639671559.9930156,34.27589809897392,25176.126235489315,22722774.541337,-7.83242000754835e-07,-3.3500726510586076e-08,-18.796861918951056,34.289773239381056,127.79369851463194,127.79998415279833,88.88400879258099,66964.57319733403,77086269.23668191,1.0627030070438406,0.38256247908447993,1.4036240469474466,3.3329918190025913,0.37804743401662877,1.2273788228863083,3.294395590457148,0.5389370186962391,5.4092282860244785,-12.02,0.2386,0.1786,0.89225,0.3982,1.1584,1.1056
8.9738,1.0328000000000002,13.2,13.704,244.88500000000002,0.09635907182169635,-22.536,9.142,56.67,-56.67,2.0343357100112414e-07,28.3349976048432,49.077661015308486,28.335002512609165,49.07765818180848,-49.077661015308486,0.0,11977789.251768721,18157276.332220666,0.40457021310294633,0.4099372211947889,1.085819389790523,1.3872301008493033,1.5907930218920117,3.925383233316455,9142696.843487274,22.757518149612764,6.971272837238727,0.609784964704474,-0.01582036063620502,14.564897511304302,1.0030127928739137,697711105.9063237,21.251893196566655,20776.285459285005,18254238.871733576,-9.128455785785169e-07,-5.017620372667711e-08,-17.793255674458862,21.263702700698325,134.13905593574216,134.14572332910782,99.28291729516654,69036.64515725744,78430786.36877581,1.189288718194674,0.37977905807429296,1.365950368710282,3.3223091160864677,0.3747392195214014,1.1858959810712253,3.285218514300541,0.5704123418804442,5.378375998298528,-3.419999999999998,0.2122,0.1678,0.94925,0.7817999999999999,0.8912,1.3679999999999999
12.0258,0.7136,13.624,9.432,236.875,0.09805279827680682,-17.656,7.238,53.91,-53.91,1.9352574223876128e-07,26.95499772149456,46.68743083351474,26.955002390237514,46.68742813801473,-46.68743083351474,0.0,11902780.26668877,22450759.35515628,0.4084700403712543,0.4132382295694823,1.1270081503543619,1.4387352270465767,1.6367607773657047,3.9408468520911146,9128517.738902189,21.05374820011105,5.531780386590194,0.5567350615609681,-0.014486899052526887,18.046590554494994,0.9255966037455096,655310277.9013168,21.69388203583607,25004.102972368997,22547741.579818532,-7.081372102749207e-07,-3.320608640911946e-08,-14.45666369420327,21.703568759737212,131.79207630360153,131.79828670831768,88.72427761163225,66778.5095927695,76960797.45429836,1.0483843940444257,0.38281268947571084,1.407094341507509,3.3340012798058813,0.37834325672302405,1.2312255657899343,3.2952679041967126,0.5337363414089493,5.412017519643223,-19.5,0.3406,0.15100000000000002,0.83725,0.1602,1.4592,0.7727999999999999
11.9138,0.74,10.624,11.208,240.89499999999998,0.09718011069500085,-18.92,12.586,55.27,-55.27,1.984078607593459e-07,27.634997664014183,47.865225415847895,27.63500245053659,47.86522265234789,-47.865225415847895,0.0,12582673.543617897,22846090.63105468,0.4065122557963666,0.4115749470609939,1.105991951553831,1.4124955850343424,1.6134185730709094,3.932828070289859,9290834.741159635,20.483756742852744,9.385071113351461,0.47302066414408184,-0.021617662842925326,21.806782570131556,0.5542554643604509,703142035.5632432,33.54597509724514,25382.518712626596,22943067.59886175,-7.025007847247645e-07,-3.180692618917341e-08,-14.841573442964844,33.56153604643455,136.00226540060393,136.00849333148125,89.67285232101838,67911.806093299,77712840.88425139,1.1296681069822339,0.3812393335177426,1.3861731741122385,3.3279439420435977,0.37649030166947006,1.208102035976146,3.2900419549098405,0.5603830125733699,5.394311382601917,-3.539999999999999,0.33940000000000003,0.5374,0.80125,0.7733999999999999,1.2928,0.704
6.8738,0.9512,14.288,12.152000000000001,238.855,0.09761578246027099,-17.0,18.186,59.63,-59.63,2.140593583694553e-07,29.81499747973884,51.64109628273946,29.815002643848324,51.64109330123945,-51.64109628273946,0.0,12214564.297960259,12551668.811446495,0.4074332888227771,0.412344826377997,1.1165583259216147,1.4256970403690705,1.6251700602648471,3.9368404747350203,9292123.219095077,23.770619575893086,12.10122793165706,1.3545639282292825,-0.014796599196055603,11.952775168150694,2.1212389426517713,1407524181.7712836,17.486942064591787,15315.57739223171,12648638.032810314,-9.896939428622449e-07,-7.634510924269328e-08,-10.734384119604371,17.49624334609447,117.00249515499837,117.00919717050567,91.22216857665418,67336.70040646313,77334936.19139244,1.0916574923070077,0.3820614370355349,1.3967145231201112,3.33099516089407,0.37745464903794057,1.219744710788157,3.2926751572725643,0.5494654286347181,5.4036484064096975,-4.9399999999999995,0.2098,0.4114,0.89375,0.219,0.7312,0.744
7.6718,0.924,10.536,6.68,236.245,0.09818785860916543,-19.48,13.93,50.91,-50.91,1.8275636314923645e-07,25.45499784828952,44.08935454895632,25.455002257224855,44.08935200345632,-44.08935454895632,0.0,9995037.512267835,9204505.045098133,0.4088586931505963,0.4135827662255833,1.1303638305783341,1.442936743879721,1.6404813861751852,3.9421750830778004,8174697.694897383,17.930607121867492,13.229693166439871,0.303981941277283,-0.02442191104703527,15.546958011865147,0.4235238869615868,801233589.1727965,35.63109685568753,12107.303766785477,9301497.753000898,-7.243829574335349e-07,-5.555648797841218e-08,-14.012296352988853,35.63851253906796,86.59919023962333,86.60521962496728,61.79065085631049,66600.90342477607,76840971.68910481,1.0348102117111273,0.3830514054231525,1.4104167145021853,3.3349719615127285,0.378625341276066,1.2349159902610485,3.2961082655323004,0.5287371472036032,5.414681216751978,-2.8200000000000003,0.6646,0.19419999999999998,0.88825,1.0786,0.9072,1.3792
9.5898,0.8256,10.832,9.992,249.38500000000002,0.0954854150156368,-22.056,7.35,53.55,-53.55,1.922334167480183e-07,26.774997736709956,46.37566167936773,26.775002374275996,46.375659001867724,-46.37566167936773,0.0,10534596.922457539,14429729.803114653,0.40260608054955244,0.4083314594135292,1.0637976341365232,1.359674193915541,1.5658842744125736,3.917555624701523,8421747.11407147,19.892582196774068,8.278739396012499,0.28134316071439297,-0.022301201994803288,17.182736584977302,0.39902439782261784,605389786.156335,30.860693218742274,17174.43854623368,14526703.216344217,-7.629202021825912e-07,-4.184984301606906e-08,-17.847382468588542,30.878320545720253,111.4314886680961,111.43765729908323,76.72431818833209,70305.26064292484,79209437.9752651,1.2419182451726634,0.378164995972682,1.343703712740724,3.31629593958848,0.372785429146658,1.1616940085061036,3.2801152757283103,0.570773819506285,5.361018526227636,-15.14,0.5074000000000001,0.5926,0.8987499999999999,1.2998,1.328,1.2864
7.0138,0.9384000000000001,14.024000000000001,8.424,237.14500000000004,0.09799242593752049,-16.168,11.858,42.19,-42.19,1.514533679290176e-07,21.094998216840207,36.5376128151732,21.095001870601386,36.53761070567319,-36.5376128151732,0.0,9718217.784712283,8945555.18233641,0.4085214917664518,0.4133122885023732,1.1255790220541941,1.4369810735116197,1.6352086261938814,3.9403553348031117,8261605.622127726,14.770093299412201,9.070984277975132,0.4187512537340415,-0.00844176013462009,11.069957482530574,0.7674114255242326,795730304.8157752,26.00673547421002,11982.597151379394,9042596.417877346,-7.388156817816009e-07,-5.6178213804164974e-08,-11.25601966389361,26.01199256291753,69.04751772326976,69.05074099561911,51.183664497746335,66854.62652190954,77012217.85134022,1.0542293910454006,0.3827103474059529,1.4056733989544377,3.3335874015024025,0.3782222763275399,1.2296494805820495,3.294910053153748,0.5358623100975097,5.410876410104279,-2.4200000000000017,0.667,0.5362,0.93125,0.1126,1.4752,0.8031999999999999
12.305800000000001,1.108,12.768,8.872,239.66500000000002,0.0974408554931666,-17.128,10.486,44.19,-44.19,1.5863295398870083e-07,22.094998132310234,38.26966367154547,22.095001959276495,38.26966146204546,-38.26966367154547,0.0,11253697.849921403,18352248.26390303,0.40741356797664924,0.41239002635949384,1.1123318757333236,1.420484198245809,1.6205185560118094,3.935331586837756,8824704.614620592,15.461078661348493,10.146497532482865,0.3330976821035031,-0.011366287017647383,17.56879376561704,0.47435418351638464,722395133.268415,31.15210979290195,21127.28492012463,18449275.526145928,-5.714832330902001e-07,-3.050873175574746e-08,-13.400324233187854,31.162561798708623,96.51483539372511,96.51579756584299,61.4953340465145,67565.05119388328,77485958.86867818,1.1096296244617792,0.38175372395892654,1.3924954221154608,3.32978462320327,0.37709028748921175,1.215099119481839,3.291635224696735,0.5559028198281255,5.400225573268602,-13.58,0.6202,0.35860000000000003,0.94625,1.1122,1.056,0.8992
8.959800000000001,1.1032000000000002,12.76,13.975999999999999,242.275,0.09689062955818224,-18.024,10.458,43.15,-43.15,1.5489956923766555e-07,21.57499817626582,37.36899722623189,21.575001913165437,37.368995068731884,-37.36899722623189,0.0,10374137.232241865,12380465.26640027,0.40606412011112275,0.4112349092346164,1.098956518753074,1.4037108859298608,1.6055843054176482,3.9302680543207797,8486004.938971885,15.270933920079617,10.320933500128062,0.3124012704879754,-0.009316439958132836,12.590640084033897,0.5726088046956049,747552465.9392161,30.849225308896433,15312.904176400916,12477495.424222665,-7.122614646166285e-07,-4.3294978766152674e-08,-13.423815468983408,30.858970569511076,82.59955524107197,82.60127446390811,57.28058012061816,68300.84817557035,77964429.50223434,1.1500728837040743,0.3807304243817215,1.379132065597366,3.3259625021786707,0.3758817997489382,1.2003409669766314,3.2883398058994917,0.5638338461926681,5.388731504817469,-11.5,0.5662,0.30700000000000005,0.91625,0.6502,1.2752,0.8704
13.061800000000002,0.8944000000000001,11.048,9.304,235.825,0.09827944745921288,-20.632,13.482,54.71,-54.71,1.963975766626346e-07,27.354997687682573,47.38025117606365,27.35500242570756,47.38024844056365,-47.38025117606365,0.0,13347282.150498644,26903827.75876621,0.4089513584535856,0.4136432170315315,1.1326053652165486,1.44571553385946,1.6429345232240369,3.943001749584162,9599520.947224837,20.803212885743466,8.953503754959645,0.4753596482263981,-0.02206869764627464,23.871104215961164,0.6124233993390408,714624040.6967884,32.911145186660434,29329.311130471313,27000803.217151538,-7.100897161169834e-07,-3.0779932864048204e-08,-16.329056365064677,32.92410924497857,145.80034772936637,145.8068519452885,97.37046864840765,66482.49931278042,76760260.62983586,1.0258169678726274,0.3832104421516689,1.412636802684266,3.335622906979539,0.37881320529368595,1.2373864174845524,3.2966727222153978,0.5254446976673353,5.416456317892831,-5.58,0.5758,0.2122,0.75725,0.9862,1.1472,0.9887999999999999
10.7238,0.7792,12.24,7.5440000000000005,247.945,0.09575827810740882,-20.024,7.098,43.27,-43.27,1.5533034440124655e-07,21.634998171194024,37.47292027761423,21.635001918485948,37.47291811411422,-37.47292027761423,0.0,10280312.652705083,15178063.244496875,0.4035173582695121,0.4091314307644711,1.0707664744981382,1.368437192392211,1.5738307534533382,3.9200742308628183,8411357.643473122,14.93543245198122,11.871972265625722,0.27905720448449267,-0.014171763555305802,16.711258257613114,0.4438830532823966,777111529.5701389,34.903767970256666,18029.74539419995,15275085.454317678,-5.875350158247353e-07,-3.2851316150560995e-08,-16.280835342645883,34.913603238369724,88.77548551683303,88.77684617822676,58.287982324752036,69899.30368751126,78964684.29511556,1.2272818845597901,0.3786760298080089,1.3507551362165364,3.318180153579684,0.3734066755167603,1.1693423653885022,3.281709800320161,0.5722059602007747,5.366476577643424,-14.42,0.2782,0.349,0.83975,0.4626,0.8384,0.8064
9.8138,0.7328,11.592,7.208,236.395,0.09815549709186543,-20.664,14.097999999999999,43.11,-43.11,1.547559775164719e-07,21.55499817795642,37.33435620910444,21.555001911391937,37.334354053604436,-37.33435620910444,0.0,10735557.224371882,12956942.308358781,0.4089623095718215,0.4136995980995425,1.1295680399465682,1.441966510738827,1.6396251842059728,3.9419045391117016,8539280.47530852,14.356185269562017,18.243427482497225,0.2839488538870506,-0.02043721001274497,16.335321070629416,0.44222168813850743,954948757.8355923,42.444542854762894,15853.226128141525,13053967.525667585,-6.078733342442319e-07,-4.0425038583490496e-08,-15.421026312537933,42.433659313061305,83.58542410015323,83.5868330247798,56.59370223159969,66643.19060763164,76869708.87139799,1.038032425542016,0.38299459757313165,1.4096248540390708,3.3347402388679646,0.3785582204917956,1.2340356687156675,3.2959075025770925,0.5299143164603642,5.414047371455802,-2.460000000000001,0.6442,0.3226,0.86075,0.345,1.2256,0.8976
9.2818,0.8232,11.184,12.536000000000001,249.655,0.09543459917667164,-16.28,18.494,47.15,-47.15,1.69258741357032e-07,23.57499800720587,40.83309893897644,23.575002090515653,40.83309658147644,-40.83309893897644,0.0,10998211.482701596,11022634.748311374,0.4026388629037938,0.4083891412247543,1.0625041784790135,1.3580789840028797,1.564436198741122,3.9171508247068076,8650652.01443294,15.042681604874168,13.826750176371569,0.3426251370713712,-0.01507435791510506,14.169701871345602,0.4208857766937111,819699245.2607875,38.167199949463516,13970.908518709914,11119654.214250686,-7.166436917582045e-07,-4.872121967425448e-08,-10.443995524779284,38.17616458134906,83.73253875917277,83.73435404276081,56.83384070430483,70381.37757206487,79255029.71123625,1.2446704647622282,0.3780714545674469,1.3423890946955293,3.315948151310928,0.372670995807993,1.1602706384237322,3.279821648003119,0.5705077653440621,5.360030911077384,-18.34,0.1738,0.5277999999999999,0.79775,0.8098,1.3536000000000001,1.4064
10.261800000000001,0.8808,11.312,7.6080000000000005,249.865,0.09539543380788688,-22.248,19.362000000000002,61.230000000000004,-61.230000000000004,2.198030272172019e-07,30.61499741211486,53.02673696783728,30.61500271478841,53.02673390633728,-53.02673696783728,0.0,13171602.049629668,18923858.034492385,0.4023008942969309,0.4080635508386846,1.0614915615363532,1.3567738419614142,1.5632485382133863,3.916724977975094,9503167.173467895,24.297674243807908,5.455256306794753,0.34437026093661327,-0.02877934829231517,20.070215194180168,0.5285497284457805,540359122.4259876,25.82357442599404,21508.118176988814,19020811.70363477,-8.050884646536871e-07,-4.94123275994411e-08,-16.29334414813389,25.839029642234614,144.30374262241867,144.3103219404732,102.29444362311892,70440.57962806268,79290227.80244967,1.2468137938682353,0.37799869898127003,1.341367834333711,3.315678372899257,0.3725819648207474,1.1591656315380463,3.2795940091128166,0.5703016618249254,5.3592630505012675,-5.220000000000001,0.17020000000000002,0.619,0.75125,0.4878,1.4048,1.3968
11.2278,0.9224000000000001,13.272,7.32,243.14499999999998,0.09671064182150967,-18.887999999999998,17.402,59.15,-59.15,2.1233625771513134e-07,29.57499750002603,51.22540407721011,29.575002622566295,51.2254011197101,-51.22540407721011,0.0,13460506.10586287,21692277.519554198,0.40539573802353074,0.4106288887228053,1.0945508121785652,1.3981529889531021,1.6006106812853842,3.9285729630002972,9717198.06464706,23.305325717821134,6.5903667701046835,0.6144119919403307,-0.019474569464766365,18.69603512900351,0.9262303292946418,636459736.6578461,21.172757889942144,24232.278462567647,21789243.805951778,-7.802278586265911e-07,-4.6044721198527814e-08,-13.847179211690685,21.183309413778062,142.32644544979928,142.33285774272036,99.23522468802308,68546.1138361327,78121241.32911241,1.1630557670934598,0.3804173753279409,1.3747241899799478,3.3247367779942554,0.3755051504115608,1.1954948676246566,3.287290063764918,0.5660326805636854,5.385336289881098,-12.059999999999999,0.45219999999999994,0.10300000000000001,0.77725,0.709,1.2879999999999998,1.1248
12.9498,1.0016,12.064,12.504000000000001,244.585,0.09641936649195333,-16.759999999999998,14.602,58.39,-58.39,2.096080150124517e-07,29.194997532147422,50.56722475178864,29.195002588869755,50.56722183228864,-50.56722475178864,0.0,14047195.201080075,28485221.391853124,0.40473533913405607,0.4100794022976511,1.0873167864708124,1.3891058691091185,1.5924815143298876,3.9259292335633056,9967849.590476174,22.450867108537715,6.185770504554389,0.5417090216991707,-0.018129549189758815,21.515933529570354,0.7300258868261676,649027894.7092725,26.389826028926333,30876.924934517483,28582193.5275355,-7.612234603205086e-07,-3.241687557869651e-08,-12.769783499160797,26.402733020012544,156.6326841121482,156.63932803636484,105.30762172522468,68952.07079154626,78377670.86831278,1.1847422952512228,0.3798869380392029,1.3674557548786856,3.3227221593495164,0.3748693063568229,1.1875405667439387,3.2855702976892034,0.5696540955041856,5.379542295104923,-7.699999999999999,0.5482,0.4942,0.94075,0.8378,1.4032,0.7919999999999999
9.3658,1.0944,14.264,8.712,235.37500000000003,0.09837896073324792,-16.264,9.814,52.27,-52.27,1.8763848166982106e-07,26.13499779080914,45.26714913128948,26.13500231752393,45.26714651778947,-45.26714913128948,0.0,11153684.899583071,15343038.778399456,0.4091922165716277,0.41385211389180343,1.1350168306482613,1.4487304454989236,1.6455950431618758,3.9439487474585344,8852443.074961562,20.09211037655647,6.522410049264057,0.7703799000382715,-0.012398375123943976,14.392372824951687,1.1920727205667752,793990469.7111201,19.899959946270425,18095.57143579876,15440031.78574585,-7.468033490189285e-07,-4.5339225879853167e-08,-12.475387721189577,19.909084064576593,108.12129006957242,108.12725546926454,77.11651114188761,66355.63776421368,76673429.7983709,1.0162285024984055,0.3833807592556195,1.4150201764731656,3.3363238078156465,0.3790143293901764,1.2400423393973958,3.2972812851051385,0.5219220718172377,5.418358171553857,-19.26,0.5818,0.3538,0.82675,0.485,1.1296,0.9328
9.841800000000001,0.7984,12.943999999999999,8.728,246.44500000000002,0.09605142199954207,-23.656,14.91,51.269999999999996,-51.269999999999996,1.840486886399794e-07,25.634997833074124,44.40112370310333,25.635002273186373,44.401121139603326,-44.40112370310333,0.0,12604875.08777933,18310349.568868686,0.4039065023809632,0.4093960560527359,1.0780834219776638,1.3775698467672377,1.5820704042054177,3.922608019815794,9378979.956711488,19.39802278757044,5.957755485688482,0.32512949466622143,-0.015583534362664474,16.588167575801975,0.6514592191323502,612500636.9411402,25.04077971593611,20978.057540303907,18407331.335234128,-7.478343612835392e-07,-4.768879980977809e-08,-17.895353980328593,25.055189998396667,119.45459079075285,119.46092575620659,86.06913625111724,69476.43185895548,78704038.46860997,1.2121614671224843,0.379207787565138,1.358150753222147,3.3201743265899997,0.37405226202516706,1.1774018950477474,3.2834040713693224,0.5737790750433616,5.3721667705880165,-14.100000000000001,0.49660000000000004,0.10060000000000001,0.92425,1.4202000000000001,1.1328,1.448
13.5098,0.8656,12.144,11.943999999999999,245.24500000000003,0.09628720413761986,-19.736,13.958,57.27,-57.27,2.0558744681902911e-07,28.634997579484207,49.59727627222017,28.635002539211698,49.59727340872016,-49.59727627222017,0.0,14468599.74356758,31384008.273952696,0.40442173992208863,0.40981697273591855,1.0840274513441863,1.3849914173655462,1.5887756909730728,3.924736655069865,10145037.321083236,22.04725123080115,6.065381209445198,0.48303451971211564,-0.0184725300421723,22.510043705098443,0.6817235986120781,625718972.8306539,27.402424529509343,33697.64424709321,31480977.22263718,-7.645578480140569e-07,-3.189543770391549e-08,-15.48806626847149,27.415476040068643,163.82344431611915,163.8304081544919,111.80323547716152,69138.13439611084,78494226.05982777,1.1947627825509326,0.37964950783081863,1.3641465537264799,3.3218151828672715,0.3745829714432032,1.1839275139959473,3.2847982192192187,0.5713209994450918,5.3769761485485725,-6.34,0.20500000000000002,0.3346,0.89825,0.6446,1.1743999999999999,1.3248
7.1258,0.7584,11.528,10.408000000000001,248.12500000000003,0.0957237601169367,-16.04,18.578000000000003,46.71,-46.71,1.6767923242390169e-07,23.354998025802466,40.45204775057454,23.35500207100713,40.45204541507454,-40.45204775057454,0.0,10228275.03075062,7627282.030440807,0.4033053113681964,0.408932089182009,1.069890676898097,1.3673243377431725,1.5728246950444469,3.919749985707321,8348997.793050325,15.220701499572819,12.708785022068941,0.3441144342604077,-0.014711762355979898,12.186200453017218,0.4837225188106795,809079589.4513927,34.70774461559135,10663.406501986025,7724304.252551384,-7.942892676475065e-07,-6.582350933182532e-08,-9.396185769002267,34.714327842639015,72.49966559017294,72.50285773394478,52.88048441756025,69950.04830693796,78995419.19329205,1.2291026086608123,0.3786136730833814,1.349872561725653,3.3179444713938153,0.3733305142739266,1.1683822850352972,3.281510027804486,0.5720246166060416,5.3658165417579635,-18.98,0.109,0.667,0.86825,0.359,1.2511999999999999,1.0352
9.4638,1.044,11.328,10.92,248.48499999999999,0.09565501694437202,-16.024,8.442,50.03,-50.03,1.7959734528297584e-07,25.01499788548271,43.32725217215253,25.01500221820781,43.32724967065252,-43.32725217215253,0.0,9814244.941651415,11670674.334145209,0.40313602499579376,0.4087914013638973,1.0681469574155238,1.3651361123322394,1.5708442868845467,3.9191232054606204,8161465.002629476,17.389388984644533,9.564807609338203,0.35215897264556023,-0.015898965724123495,15.096707728869339,0.4595118757860504,691657224.6242537,30.67268235518298,14555.980083888246,11767676.352011643,-6.935930477180869e-07,-4.122606806680058e-08,-12.387103232950695,30.686784839448983,90.78054240124119,90.78627721417887,60.334467488001245,70051.53754579133,79056717.02224904,1.2327491235467183,0.3784889662744437,1.348109648338218,3.3174745125727205,0.37317815152533684,1.1664661750871672,3.2811119625371887,0.5716632542705028,5.364497196877463,-7.82,0.4174,0.46540000000000004,0.81275,1.465,1.4496,1.4768
9.7158,1.0696,12.296,7.896,248.27500000000003,0.09569501524282631,-22.92,14.854000000000001,52.230000000000004,-52.230000000000004,1.874948899486274e-07,26.114997792499743,45.23250811416203,26.115002315750427,45.23250550266203,-45.23250811416203,0.0,12214413.461781563,16835492.081521116,0.403088368954678,0.4087241848978318,1.0691605187490378,1.3663839717546997,1.571972664448474,3.919438204612456,9176393.575906957,19.48054464348319,6.371343929092644,0.30501078897564027,-0.018067999784752632,17.109015676916762,0.5498698151022282,581999731.2521178,26.46950701253961,19536.701053143555,16932471.92006304,-7.401162718016485e-07,-4.755192831161385e-08,-17.297550065998454,26.48534640469675,116.34154939990687,116.34780532662421,82.89052082277405,69992.33548979356,79021032.83992232,1.230621215482483,0.378561717201835,1.3491376257625398,3.3177484270341306,0.37326704328981264,1.1675832595202058,3.2813439349391715,0.571873874541398,5.365266806499147,-10.78,0.39459999999999995,0.1966,0.92975,1.1822000000000001,1.0944,1.4752
6.7478,0.8936000000000001,13.968,7.96,240.715,0.09721844771289136,-17.416,7.126,46.91,-46.91,1.6839719102987e-07,23.454998017349467,40.62525283621177,23.45500207987464,40.625250490711764,-40.62525283621177,0.0,9320202.12013277,9784459.785851516,0.4066481749063946,0.4116982510479321,1.1069150053412258,1.4136627126571526,1.6144569741827606,3.933193643647793,8099139.718768289,17.170946260883934,7.34023243096233,0.6117063972558502,-0.010704757247351206,11.543308612221628,0.9848519808423453,796300685.1962242,22.29574415126551,12729.356070431495,9881471.3223131,-8.118851450972404e-07,-5.436026748994492e-08,-13.439555894607489,22.30672457476354,82.54634900834918,82.54939264840377,63.10375469582283,67861.06147387231,77679797.61314684,1.1270229839570274,0.3813041079370476,1.3870933191959969,3.328203086409688,0.3765680808595999,1.20911983069169,3.2902650972102263,0.559928066972656,5.395016009650822,-12.379999999999999,0.47619999999999996,0.391,0.82075,0.6277999999999999,1.2496,1.0256
8.7498,0.8888,12.336,7.928,239.155,0.09755080974056035,-22.424,13.146,42.47,-42.47,1.5245850997737326e-07,21.23499820500601,36.780099935065316,21.2350018830159,36.780097811565305,-36.780099935065316,0.0,10858675.105637606,12796577.256724112,0.4075758935218056,0.41251384814175746,1.114993720307347,1.4237887586075333,1.6234704853984994,3.9363222356310357,8634205.460424114,15.043393549290718,12.956022551184724,0.23928075842295746,-0.014187338330709997,14.700337460003016,0.46860316948278985,782425437.1279569,35.6706247549462,15695.709803170677,12893600.44501811,-6.44914846384745e-07,-4.515417638972407e-08,-16.7788251454556,35.67572622943022,82.92900866125143,82.93071465818686,58.35876987479742,67421.27477217429,77390949.70398358,1.0982958052001506,0.3819474912459594,1.3951500549259819,3.3305455236333406,0.37731975300586695,1.2180206701221743,3.2922886102743023,0.5518466080532525,5.402380581235606,-4.219999999999999,0.48460000000000003,0.2938,0.83625,0.2106,1.1536,1.4208
9.7578,0.8872,12.44,11.672,242.305,0.09688437144118402,-20.712,8.75,56.55,-56.55,2.0300279583754314e-07,28.274997609914994,48.97373796392615,28.275002507288658,48.97373513642614,-48.97373796392615,0.0,11469848.426317003,17098211.339377947,0.4057968599959795,0.410965762981457,1.098798994741853,1.4034759950428453,1.6053719607327086,3.9301401875634325,8875577.795924507,22.42232329956199,5.44722200085774,0.4286839552369318,-0.018081437483748793,15.933818253076799,0.6760538999000418,585859295.5506022,23.04136064708668,19750.348288847377,17195178.119609382,-8.63498668359207e-07,-4.516408340103496e-08,-16.496947636450816,23.05347724520706,127.56572028024857,127.57212704135286,91.97470365000025,68309.30561214147,77969868.20151019,1.15051904562039,0.38071962982449964,1.3789797994511304,3.325920041604438,0.3758688170834461,1.20017330424064,3.2883033921212697,0.5639096675612004,5.38861434498304,-1.0599999999999987,0.45819999999999994,0.4498,0.98125,1.2354,1.2799999999999998,0.9743999999999999
13.2438,1.0296,14.04,11.24,241.28500000000003,0.09709736623579852,-23.128,7.714,54.83,-54.83,1.9682835182621557e-07,27.414997682610775,47.48417422744599,27.415002431028064,47.48417148594598,-47.48417422744599,0.0,13766102.881965667,30471197.505284257,0.40626293083432297,0.4113541811252394,1.1039966028179153,1.4099830693736994,1.6111823237183631,3.9320652918567585,9919578.73565286,21.89997115823085,4.608317953443775,0.4758439555685914,-0.014811023707356735,19.40135020439132,0.794229495210189,587198571.0461093,21.756043530366856,32795.392366905086,30568164.191527963,-7.420380526919983e-07,-3.415044188782657e-08,-19.148066419332093,21.76570705595313,159.12021385721374,159.12725904928857,108.23474551523604,68021.75276872354,77784272.3139503,1.1354126483446816,0.38109899642051137,1.3841822403520683,3.327384298940566,0.3763217362801182,1.205901780828613,3.2895604480837077,0.5613652551527419,5.392785521603363,-13.379999999999999,0.1462,0.6622,0.97675,0.8714,0.8224,0.9728
7.2658,0.7976,14.44,12.904,249.445,0.09547410131679063,-23.816,18.634,47.11,-47.11,1.6911514963583833e-07,23.554998008896472,40.798457921849,23.55500208874215,40.79845556634899,-40.798457921849,0.0,12971988.49010859,16202857.424347421,0.40251919107267325,0.408248378299115,1.0635081187497437,1.3593027323227458,1.5655466790737462,3.917438878070798,9642754.470257424,17.266150370120368,6.103123736219283,0.46796569855773795,-0.009432295191786129,12.409189560178698,0.8448356718310344,715868924.1897027,23.25176350927387,18974.68559607783,16299857.78902674,-8.364405228571288e-07,-6.228294557641047e-08,-16.277098222686938,23.26663034381839,105.10458771525782,105.10631358439528,80.39058329647547,70322.17551606704,79219582.7066973,1.2425295118936412,0.37814420354386014,1.34341141280821,3.3162185562994217,0.37275999848592933,1.1613774635939564,3.2800499314823948,0.5707145932421175,5.360798936406819,-8.46,0.4054,0.115,0.84125,0.6865999999999999,0.7487999999999999,0.8927999999999999
6.9718,0.8264,14.472,7.752,243.715,0.09659412970603855,-19.56,13.902000000000001,60.150000000000006,-60.150000000000006,2.1592605074497296e-07,30.074997457761047,52.091429505396256,30.075002666903853,52.091426497896244,-52.091429505396256,0.0,11639463.112252159,13466194.091147903,0.4050941427345888,0.41037065980206605,1.0916809491799857,1.394555492197703,1.5973854958314155,3.927515756931776,9054841.68506752,24.160076352893995,13.007330430309052,1.3819935447178358,-0.01755947389626372,12.89890125388975,2.2605392430069995,1515764034.1901474,17.30187217189481,16191.705050588567,13563154.264284102,-1.003814577870351e-06,-7.268376688663549e-08,-14.052559169439219,17.311965492287985,124.93373997728365,124.94092865237165,101.01227861947199,68706.8051309839,78223169.67122643,1.1716109574904043,0.38021225469678815,1.3718459733960426,3.323940191040512,0.37525817459186755,1.1923377213832074,3.2866092120054198,0.5674732967212607,5.3831140745541415,-2.9400000000000013,0.5542,0.5998,0.97575,0.12940000000000002,1.2224,1.1584
12.4878,0.7696,11.544,8.04,245.87500000000003,0.09616247990281118,-16.296,7.63,48.31,-48.31,1.7342290127164827e-07,24.15499795817849,41.83768843567237,24.155002141947218,41.83768602017236,-41.83768843567237,0.0,11178750.427314643,21025150.60110376,0.40434522455082766,0.40979315873035843,1.0809052536958865,1.381121096741519,1.5852836641653731,3.9236679544096247,8769697.471303709,16.41848406863785,10.949011181422541,0.47282728592495704,-0.01646159044591884,21.154123296109653,0.5666008397589958,773777594.9678981,34.45932883991299,23695.09913739334,21122158.951559477,-6.034294600171409e-07,-2.663188617115986e-08,-13.313871679537174,34.47565622917959,110.26248819325748,110.26339698873986,70.31137535892336,69315.74056410427,78604648.35961421,1.2043902426949287,0.379422618444589,1.36099691153441,3.3209553650248664,0.3743092349009067,1.180496036903795,3.284067604358548,0.5729963243254315,5.374525270587757,-6.139999999999999,0.1174,0.40180000000000005,0.85825,1.4734,1.4992,1.0992
11.6758,0.9736,14.232,11.768,244.79500000000002,0.09637716935561963,-17.912,9.225999999999999,43.71,-43.71,1.5690985333437686e-07,21.854998152597428,37.85397146601613,21.85500193799447,37.853969280516125,-37.85397146601613,0.0,11208535.99514919,17559683.922439866,0.40483171882428726,0.4101953499157664,1.086272725303444,1.3878287001766214,1.591333525019426,3.9256028390539157,8893800.311318332,15.599824051372043,7.062466538232197,0.3576462899653529,-0.008092649400499632,14.482757423206293,0.6983294142794232,678779835.4671896,25.48088339634392,20360.924075726514,17656710.80066157,-6.788489163709479e-07,-3.70166873957472e-08,-13.996657145577295,25.49415338022534,95.77513031001726,95.77634464065046,65.96112262905437,69011.2728475441,78414839.66888347,1.1879260327300918,0.379811378391122,1.3664017046074786,3.32243283636378,0.37477820829369907,1.1863889291691563,3.285323856849128,0.5701846705011324,5.378725344649653,-9.66,0.3742,0.595,0.88475,1.0142,0.7584,1.3776
12.8518,0.8552,11.128,13.544,249.595,0.0954458797607332,-22.12,20.482,49.79,-49.79,1.7873579495581386e-07,24.894997895626307,43.11940606938785,24.895002207566794,43.119403579887845,-43.11940606938785,0.0,13949668.592451228,23812047.700213365,0.40249016565670687,0.4082321004137897,1.0627883855243514,1.3584065815873276,1.5647328088807702,3.9171940927954183,9869584.30067465,17.114470877389525,11.084021299848288,0.3873153791714389,-0.015778268993691325,19.84275442158828,0.4683446944988356,710397461.2979963,39.13256745828738,26382.229562876146,23909041.829626933,-7.552496710969644e-07,-3.672847790212467e-08,-16.114856625773463,39.15388673511993,126.61393946539722,126.62022447606185,86.99145283203377,70364.46269892267,79244903.60772736,1.2440585667807424,0.37809224651037543,1.3426811189228067,3.3160253589903883,0.3726964315058865,1.1605866576403414,3.2798868043640703,0.5705667874027313,5.360250406965004,-14.459999999999999,0.1534,0.6742,0.93425,1.4678,0.7919999999999999,1.4592
9.2258,0.8792,12.208,11.224,237.835,0.09783912937945792,-16.439999999999998,19.866,60.27,-60.27,2.1635682590855397e-07,30.134997452689248,52.19535255677859,30.13500267222436,52.19534954327858,-52.19535255677859,0.0,12432628.243618641,14420441.400091913,0.4079533177952762,0.4127906769651096,1.1219238082294714,1.4323882404293349,1.6311277345053545,3.938889303574703,9236821.209209284,24.07427566225063,5.721953991415285,0.5633384732192354,-0.01963770248039112,15.492792472389292,0.7954676457607242,631838694.1168127,21.927148067567057,17137.056280758417,14517410.564181011,-8.763888306145779e-07,-5.8059170308363534e-08,-10.705153829454625,21.937947660424154,122.25618130575761,122.26235170244033,88.41964961303886,67049.14756304522,77143161.10865512,1.0692476254820993,0.3824485915526379,1.402049896988511,3.3325353333738117,0.3779127617596374,1.2256368201989478,3.2940016967076424,0.5413877071693209,5.407959072199994,-10.1,0.379,0.5337999999999999,0.9862500000000001,0.47940000000000005,1.4656,1.1968
11.381800000000002,0.9784,11.008,6.696,236.54500000000002,0.09812332149012877,-19.32,18.662,50.95,-50.95,1.8289995487043014e-07,25.474997846598924,44.12399556608378,25.47500225899836,44.12399301858377,-44.12399556608378,0.0,12463932.257795766,19078947.602288023,0.4086855385170945,0.41343065633549514,1.128764560012963,1.4409345619944167,1.6387093284831442,3.9415396902897806,9221974.574968863,17.818932641526693,11.800899717244771,0.42706187177760374,-0.021169713815771648,21.353189903827,0.5184742467170121,784079761.5969197,36.24343237154378,21748.15755220181,19175942.91512707,-6.718209083119177e-07,-3.715473244384042e-08,-14.132402965183784,36.25694795648824,113.45561161772216,113.4613776575434,76.3273704498917,66685.4777904872,76898410.01383273,1.0412599789852781,0.3829377730976295,1.4088335191231813,3.334508900883997,0.3784910748597948,1.2331563901473053,3.2957071659256902,0.5310921808172829,5.4134134102010245,-17.9,0.27459999999999996,0.33699999999999997,0.96875,1.1374,1.1696,0.8304
13.1738,0.7575999999999999,11.024000000000001,6.824,239.87500000000003,0.09739569140578071,-22.072,20.677999999999997,45.51,-45.51,1.6337148078809174e-07,22.75499807652045,39.412817236751174,22.755002017802063,39.41281496125117,-39.412817236751174,0.0,13185675.99495374,23114521.56097616,0.4071738887613717,0.41216380308078954,1.1112356550193354,1.419098793834113,1.6192782944988304,3.9348843642663502,9540233.081052814,13.92031984883474,21.358698841818928,0.4553535984816953,-0.02711596464743036,23.17955329570235,0.6553700014620074,1158929964.3072457,51.00824708202762,25737.190199160348,23211534.81259892,-6.011768620609087e-07,-3.176703439863405e-08,-16.356864184480152,51.01922777527476,112.98658458136948,112.9879162678993,73.34883477932051,67624.2532498811,77525045.52783509,1.1143069085216681,0.38167402694492114,1.3914044394594574,3.329472727119016,0.3769958502907439,1.2138995529740007,3.2913676229449624,0.5575027912987761,5.399340449687994,-8.579999999999998,0.3526,0.5386,0.90675,0.6194,0.8815999999999999,1.1024
9.4778,1.0568,11.224,11.64,245.09500000000003,0.09631720653312614,-16.456,18.466,43.59,-43.59,1.5647907817079588e-07,21.794998157669227,37.750048414633795,21.795001932673966,37.75004623513379,-37.750048414633795,0.0,10783833.78708749,10441217.630442083,0.40483899531375767,0.41022876291232985,1.084781600173573,1.385987222892445,1.5896763202089255,3.9251120175299867,8552973.657923501,11.585641042375073,22.022964337642087,0.34561365078181794,-0.02260315752137693,14.078086950258891,0.46270414850922525,1111196741.9466531,48.35669806081853,13442.121582057953,10538254.330216099,-6.714463485011167e-07,-4.732956286897235e-08,-10.503708224377029,48.13182570612002,75.68722606573056,75.68930695352589,51.11703473308846,69095.84721325526,78467733.82957841,1.1924801035099974,0.37970348519079816,1.3648977697713853,3.322020745159998,0.3746480800064732,1.1847470250822028,3.2849730847861975,0.5709430188072405,5.377559245706265,-16.62,0.45099999999999996,0.5758,0.98275,0.4738,1.1568,1.2639999999999998
8.8478,0.7672,11.6,12.408000000000001,245.48499999999999,0.09623969254759512,-23.928,17.625999999999998,49.99,-49.99,1.7945375356178218e-07,24.994997887173312,43.29261115502508,24.995002216434308,43.29260865552507,-43.29261115502508,0.0,12169315.975659674,14717476.436904259,0.4043845864274373,0.4097999459515284,1.082836371025184,1.3835151806518666,1.5874445938875545,3.9243338617466397,9134426.002259562,18.364339394015026,8.5007669475724,0.24719020415840923,-0.01570093389498292,14.960005246938476,0.43304857552716525,628921533.8896271,31.15698141694992,17486.270938325088,14814463.911578966,-7.994377662361344e-07,-5.272358907269206e-08,-17.081480585932955,31.173106228612408,105.7735081723941,105.7796123804315,75.62981494509931,69205.79388867975,78536264.17448948,1.1984307014876887,0.3795629641836783,1.3629453098702213,3.321486777320123,0.37447861183805986,1.182618227004724,3.2845190521318934,0.5720100092309762,5.376040379639041,-10.02,0.127,0.3742,0.87475,1.2802,1.4,1.1104
12.7958,0.8928,13.008,10.504000000000001,235.645,0.09831908243332636,-23.0,13.174,60.47,-60.47,2.1707478451452226e-07,30.23499744423625,52.368557642415816,30.235002681091867,52.3685546189158,-52.368557642415816,0.0,14511393.21129749,29687000.488822218,0.4089615566015677,0.4136393780997722,1.1335673788264233,1.4469053350260084,1.6439836889943364,3.943354901918366,10135478.207740078,25.483849971663602,4.6103624016817655,0.4214456623341194,-0.020716953089716265,20.893623306147095,0.6561686892524577,576015635.7176886,22.50187129085565,31982.200722010126,29783952.12415058,-8.018375026506879e-07,-3.868790937276266e-08,-18.26386969269254,22.509920086851018,174.82046341392973,174.82765703101563,120.78076826248625,66431.75469335375,76725578.82324798,1.021975763220983,0.3832785720719887,1.4135895899006483,3.335902836679871,0.37889366840331834,1.2384476849469837,3.2969156738977494,0.5240353987516464,5.417216955429656,-17.62,0.6022,0.6154,0.80875,0.4094,1.1663999999999999,0.7632
7.4618,0.9672000000000001,10.552,12.968,249.47499999999997,0.09546847014006721,-18.2,13.818,51.67,-51.67,1.8548460585191609e-07,25.834997816168134,44.747533874377794,25.8350022909214,44.74753129087779,-44.747533874377794,0.0,10193945.134154512,9498956.823827568,0.4026246278866342,0.40835858215312937,1.063366338750432,1.3591448801966024,1.5654042098750203,3.917428974700672,8298548.942815632,17.916459727862865,11.073064958509459,0.3125576926935642,-0.018012889005656424,13.342650988996425,0.4365752359330955,726695278.6546206,33.961970174459346,12414.379576384437,9595949.53615303,-7.843474625337961e-07,-5.516149974536398e-08,-12.644344884232718,33.978002948180084,89.64860505558657,89.65466787211464,62.273636579654124,70330.63295263816,79224634.71351051,1.2428351742890722,0.37813381892224257,1.3432653403112629,3.316179902373042,0.37274729171985843,1.1612192262677115,3.2800172837889265,0.57068500219792,5.360689315420825,-6.579999999999998,0.2542,0.3058,0.85075,0.7454,0.8735999999999999,0.9967999999999999
7.7558,0.7495999999999999,11.288,13.751999999999999,236.78500000000003,0.09807291620434479,-21.88,14.686,43.39,-43.39,1.5576111956482753e-07,21.694998166122225,37.57684332899657,21.69500192380645,37.57684115949656,-37.57684332899657,0.0,10713456.03745089,11267373.192429699,0.40869890313955964,0.4134635560230657,1.1274907732983652,1.439365696586901,1.6373223435132336,3.9410912519141656,8541900.085618097,15.0448115029877,18.002440631114215,0.25422584970493173,-0.016767763953206193,12.870269720741042,0.4500836972229601,950355032.7512076,42.46294199292249,14194.019833745837,11364394.022218358,-7.301568831393595e-07,-4.9143631027328305e-08,-15.497908121038508,42.453861688103125,82.08021538755776,82.08184774041129,57.08166898315969,66753.13728305614,76943669.72348107,1.0464356270898525,0.38284684866651614,1.4075685225590064,3.334139591352112,0.37838361557625144,1.2317516504984534,3.2953875209564982,0.5329775375689104,5.412399229499592,-18.22,0.6357999999999999,0.5842,0.82175,1.451,0.9984,1.3216
8.2458,1.0872000000000002,13.943999999999999,13.512,245.18499999999997,0.09629924101699726,-18.264,16.226,60.79,-60.79,2.1822351828407156e-07,30.394997430711452,52.645685779435375,30.395002695279885,52.64568273993537,-52.645685779435375,0.0,12721701.886260772,15851436.972670995,0.40441541584539387,0.40980550383638265,1.084325161506797,1.3853595896636461,1.5891075149107543,3.924839485541854,9483486.233728288,24.354514539696638,7.170918858463465,0.9447352502715058,-0.01574313854620824,13.377638902337477,1.4138152238870465,920894610.8372016,18.431802540192198,18525.74769687616,15948398.98745329,-9.732091951632163e-07,-6.454028291545095e-08,-12.624540621565473,18.44257575063695,132.7732771556785,132.77992233293313,101.34942060734977,69121.21952296859,78483597.73858282,1.1938494201921832,0.37967109662711923,1.3644469489750626,3.3218973591010674,0.3746090147979267,1.1842552047008668,3.2848681216033926,0.5711704538360606,5.377209298610174,-3.5,0.1618,0.5434,0.83375,1.0282,0.7888,1.1600000000000001
12.375800000000002,1.0216,12.704,10.008,242.00500000000002,0.09694696199591567,-16.664,10.094,51.31,-51.31,1.841922803611731e-07,25.65499783138353,44.435764720230786,25.655002274959877,44.435762154730774,-44.435764720230786,0.0,11916629.2746347,21245176.60391877,0.4060650893546743,0.4112129783524345,1.1003245411041094,1.4054055454035488,1.607095694566977,3.9307338792220783,9091147.628253138,18.970938566490215,6.750352882629809,0.40050099008142037,-0.014067861158826845,18.678102055236405,0.6442072168469343,652436747.6971822,25.538641304277775,23871.95429722504,21342172.60968723,-6.480982751526139e-07,-3.159809662389473e-08,-13.168048028673072,25.551572762551544,120.20572031118238,120.21162800005975,77.52294960895632,68224.7312464303,77915510.49443793,1.1460662488178084,0.38082753962046884,1.380503640438764,3.3263453189054077,0.3759985851333992,1.2018516592750978,3.288668186753283,0.5631737622060995,5.389785453080951,-0.9799999999999969,0.6045999999999999,0.649,0.82625,0.2526,0.7727999999999999,1.2544
8.6238,0.8696,12.6,9.288,238.375,0.09772042161032365,-21.48,13.762,57.510000000000005,-57.510000000000005,2.0644899714619112e-07,28.754997569340613,49.80512237498485,28.755002549852712,49.80511949948484,-49.80512237498485,0.0,11820751.967187317,14958667.475944366,0.40768650310388016,0.4125631874119369,1.1190788492220414,1.4288407239389056,1.6279716042589116,3.9378017904300324,9006966.123792998,23.17116158964366,5.529976621658077,0.5070932467050578,-0.019886077676801946,15.325961871270705,0.792977937166944,617503559.0964941,22.067520539642192,17650.125959298235,15055631.709969008,-8.892319873667658e-07,-5.6708994730882595e-08,-16.040486175129185,22.078307952889496,123.43291553289075,123.43945213990591,92.69589391806016,67201.38142132528,77244940.35061808,1.081080804663177,0.38224366816847705,1.3992221782552408,3.3317177376952154,0.3776703254095322,1.2225116202746669,3.293297028917578,0.5456605760952908,5.405676793344964,-1.0199999999999996,0.43420000000000003,0.5038,0.93875,0.3114,1.2719999999999998,1.0672
9.8978,0.8448,12.784,8.968,237.985,0.09780605165174766,-19.848,8.134,46.19,-46.19,1.6581254004838403e-07,23.09499804778026,40.00171452791775,23.095002047951603,40.001712218417744,-40.00171452791775,0.0,10682167.464517731,15283192.070945062,0.4080803470448154,0.4129315380585067,1.121136612088972,1.431434919513595,1.630282332418957,3.9386373741230907,8590812.390466502,16.900561066001796,8.409511308012048,0.31750260282290194,-0.012515322170442333,15.589883265538656,0.5628654597393075,682400394.362901,27.833340718667685,18083.16170169856,15380201.179219155,-6.586914173020591e-07,-3.763635973446069e-08,-15.862049628050734,27.84381159854207,95.81521318097424,95.81660776860345,65.63208292654683,67091.43474590078,77171488.22427012,1.0725276380503548,0.3823916767060428,1.401263732710854,3.3323077252259266,0.3778454390830292,1.2247674076481951,3.2938054178783918,0.5425737956712748,5.407325050833817,-2.1799999999999997,0.47019999999999995,0.4726,0.9702500000000001,1.4846,1.2528000000000001,0.9343999999999999
12.067800000000002,1.0512000000000001,14.152000000000001,12.616,241.76500000000001,0.09699608345461636,-16.567999999999998,11.129999999999999,42.59,-42.59,1.5288928514095426e-07,21.294998199934213,36.884022986447654,21.29500188833641,36.88402085694765,-36.884022986447654,0.0,11336550.403529348,17074789.543498285,0.40630394713463297,0.41143598677237536,1.1015551456632768,1.4069611049911466,1.608492516680141,3.9312299676828606,8941691.821561897,15.15980583296893,7.969843741790859,0.34174501503858,-0.007440136760641431,14.28362429917548,0.6046942696589885,720860271.6866136,26.759932237532826,19911.146810182036,17171827.06809775,-6.541810927553463e-07,-3.648261733398927e-08,-12.509396334635902,26.77160316411107,91.08521049392156,91.08637235445644,61.44531962016298,68157.0717538614,77871916.42636162,1.1425076979672852,0.38092626648701533,1.381736723962929,3.326698871320555,0.3761141699730501,1.2032029757356981,3.2889714660785643,0.56257856775774,5.390908665851208,-0.17999999999999972,0.6873999999999999,0.2434,0.9822500000000001,0.2358,1.4256,0.7936
13.4118,0.9624,10.608,11.016,238.19500000000002,0.09775987594095614,-21.0,9.338000000000001,55.43,-55.43,1.9898222764412054e-07,27.714997657251782,48.003789484357675,27.715002457630597,48.00378671285767,-48.003789484357675,0.0,13123420.925250541,28690267.940480553,0.407820838915686,0.41268493948281953,1.1200269338349524,1.430028174851779,1.6290289605769035,3.9381704055327327,9504796.116709614,21.155545578682194,9.406163275651608,0.4903025340849866,-0.022888518088884844,24.456178156714184,0.6076640892899368,730097169.6684569,34.71558081379876,31062.033436957077,28787238.118205436,-7.07161816357427e-07,-2.8108141492179695e-08,-17.258730170656836,34.72980479500791,153.65638455531985,153.66309909270828,100.67154415306777,67150.63680189861,77211075.40162508,1.0771286660163566,0.38231199344896627,1.4001639751053871,3.331989721024051,0.3777511674940641,1.2235518742961247,3.293531322603442,0.5442353823986384,5.406437625569612,-5.82,0.6946,0.1198,0.93325,0.3758,0.8079999999999999,0.8672
10.485800000000001,0.9944000000000001,11.888,6.984,237.505,0.09791231184074092,-17.768,10.15,59.11,-59.11,2.1219266599393766e-07,29.55499750171663,51.190763060082666,29.555002620792795,51.19076010458266,-51.190763060082666,0.0,11510065.378188226,17745137.157280706,0.40814450134038976,0.41295822925548586,1.1236681878602623,1.4345670532873347,1.6330637001703643,3.9395618089464883,8843514.335626233,23.74721676935075,5.855681855325846,0.4386396934142774,-0.023894049616102923,19.10527446855829,0.6706961362678211,617026013.5608758,23.39756753073207,20370.828470424025,17842102.744613063,-7.479163479179259e-07,-3.9993728834994604e-08,-14.041799470203028,23.408267482768267,131.48430487103593,131.49047832451564,90.0506623658728,66956.11576076293,77080582.49362291,1.062049915331366,0.38257385422341295,1.4037815733365133,3.333037541969321,0.37806088620117173,1.2275532472064026,3.2944350629557984,0.5387003451790691,5.409355037490289,-5.02,0.41859999999999997,0.26380000000000003,0.91925,1.367,1.0256,0.992
10.5838,0.8976000000000001,12.896,10.52,238.615,0.09766799715384182,-23.864,9.842,45.55,-45.55,1.635150725092854e-07,22.77499807482985,39.44745825387862,22.775002019575567,39.44745597637861,-39.44745825387862,0.0,11897608.479024917,19053733.212087125,0.4077266301396974,0.41262314620409296,1.1178210882376607,1.4272950548718861,1.626596400181111,3.9373615429104083,9098916.869087456,17.25148919005256,7.9798962543638,0.26383736246542766,-0.012091103925833633,16.382944025307875,0.5912864146123413,668031301.2745023,28.553813035910085,21745.72843288319,19150735.81064875,-6.693103748762727e-07,-3.81591213627546e-08,-19.000940773605915,28.56578149544571,107.5619281718552,107.56300773927022,74.3290490631591,67269.0409138942,77289995.53481814,1.0863622887029563,0.38215256220910954,1.3979676749646825,3.331355964008715,0.37756250858339496,1.2211268768944048,3.292985568333789,0.547562219987102,5.404662567625131,-11.22,0.6562,0.6454,0.77575,1.171,0.7103999999999999,1.3952
11.843800000000002,0.9448000000000001,11.216,6.664,248.305,0.09568927273757118,-21.608,16.03,54.230000000000004,-54.230000000000004,1.9467447600831063e-07,27.114997707969767,46.96455897053431,27.115002404425535,46.9645562590343,-46.96455897053431,0.0,12989693.035721812,22529604.42891395,0.40306672710966285,0.40870473830100423,1.0690150579933242,1.3661998821266623,1.5718060367961104,3.9193822392576263,9460428.239329252,19.861805417280415,8.156839394023038,0.39738509714446146,-0.023459383000562252,22.609320311225776,0.5422409921535237,649194931.0358083,32.187693893082745,25082.316005318833,22626580.564213138,-7.208894687783066e-07,-3.635004696614611e-08,-16.65043811901285,32.20557575281476,134.21743250282123,134.2237863108315,92.68040404166995,70000.79292636467,79026152.1575618,1.2309250080969534,0.3785513190167067,1.3489907532655274,3.3177092628796196,0.3732543390867608,1.1674235422737707,3.281310746778634,0.571843767387145,5.365156748218476,-2.0199999999999996,0.271,0.2758,0.82775,0.1686,1.1600000000000001,1.1936
6.6217999999999995,1.0664,12.984,8.84,236.72500000000002,0.09808572037044574,-16.744,12.222,57.91,-57.91,2.0788491435812772e-07,28.954997552434612,50.1515325462593,28.95500256758773,50.15152965075929,-50.1515325462593,0.0,10323078.215990381,9694967.944858331,0.40848425455064946,0.41324090497498006,1.1278043446982942,1.4397218230409172,1.6376345226240445,3.941146376133615,8426158.373797953,22.77383620615713,6.977513210448157,0.8787797572867417,-0.018203053013461784,12.410750545004266,1.2699728976954416,839561346.5340604,19.437261798380277,12534.273239636268,9791940.611590263,-9.500883521420892e-07,-6.892878459476298e-08,-11.833976279762396,19.446888783476247,100.68823541657817,100.69525298070016,77.57844772449653,66736.22240991391,76932217.18718167,1.0451404969351181,0.382869587540485,1.4078846546276456,3.334231831879423,0.37841049090957635,1.2321026196746336,3.2954673398730048,0.5325058463145947,5.412652847975259,-11.739999999999998,0.40059999999999996,0.20500000000000002,0.98575,1.1598,1.0432,1.1216
6.831799999999999,0.992,11.992,13.768,245.275,0.09628122626865912,-21.448,16.002000000000002,58.03,-58.03,2.0831568952170875e-07,29.014997547362817,50.255455597641635,29.015002572908237,50.25545269614163,-50.255455597641635,0.0,11734131.620414874,12669500.704837088,0.4044022043544735,0.4097998434700514,1.0838781619804085,1.38480574647498,1.5886084907818532,3.9246890368466394,8987415.989447186,23.071322618724608,5.808836154033605,0.4668355206000955,-0.018290226264224694,13.049182545865214,0.7624279701556725,646162683.6979132,23.04159134469133,15425.806360508039,12766464.352280308,-9.64203745355942e-07,-6.66129012206645e-08,-14.920891460078659,23.055465263740903,118.57000245141563,118.57665350043469,89.19696094072087,69146.59183268194,78499508.12879047,1.1952196292782982,0.37963870448154896,1.3639963370768136,3.3217740977441994,0.3745699423091789,1.183763741399452,3.2847632870630634,0.5713968106779685,5.376859419503322,-3.3000000000000007,0.3274,0.3034,0.94875,0.6305999999999999,1.1888,1.424
7.2378,0.7936,12.32,11.496,245.425,0.09625161347291762,-21.128,7.014,51.35,-51.35,1.8433587208236678e-07,25.67499782969293,44.47040573735823,25.67500227673338,44.47040316985822,-44.47040573735823,0.0,9979406.804138679,11787335.317064555,0.4044050340756874,0.4098156099425558,1.0831338969431865,1.3838864929190615,1.5877796120561527,3.924440122104588,8289724.9454730265,19.411692546800285,6.858682308609229,0.39079763320479954,-0.015225583734214752,13.057743402089322,0.6820885585983233,690450923.4444519,24.82027590162302,14617.364342670584,11884318.901029823,-8.625278013257555e-07,-5.212099806297631e-08,-16.667439609860033,24.834161693612195,99.15445832892614,99.1609616312103,73.04358199346838,69188.87901553753,78525719.5099845,1.1975155227470669,0.37958455685963444,1.363245384835483,3.3215687400446368,0.3745046637115279,1.182945269731613,3.284588718375991,0.5718583675093911,5.376273573840156,-19.94,0.43300000000000005,0.2878,0.76125,0.12380000000000001,1.2,1.432
10.6958,0.8952,12.568,10.664,241.165,0.09712281560881342,-17.544,17.009999999999998,57.07,-57.07,2.048694882130608e-07,28.534997587937205,49.42407118658294,28.535002530344187,49.424068333082936,-49.42407118658294,0.0,12927568.397194423,19161721.185928404,0.4063572267778553,0.41144003975245336,1.104610394732157,1.4107591311805336,1.6118737113624446,3.932307510452747,9485464.720747182,22.048646266956773,5.6833866508948825,0.459322546990566,-0.017493645070237106,17.55502311956975,0.6697095534141486,628746292.2038217,23.02553980478342,21785.659623159765,19258697.103707597,-7.488430867513811e-07,-4.402920815200454e-08,-12.609990243053508,23.037212692534172,128.7854412547406,128.79152905123007,87.34833978831033,67987.92302243906,77762288.17123725,1.133643339000893,0.38114217901143405,1.3847944776734051,3.327556240501508,0.3763736111227324,1.2065780621528917,3.289708319926727,0.5610619425025407,5.3932549570376365,-15.22,0.3478,0.5914,0.93025,1.241,1.1616,1.0304
8.6798,0.7192,14.424,13.736,236.335,0.09816842004974195,-23.288,17.346,60.71,-60.71,2.1793633484168425e-07,30.354997434092652,52.576403745180485,30.35500269173288,52.57640070968048,-52.576403745180485,0.0,14064706.554765157,20625874.46928837,0.4086021659528726,0.41332944562063645,1.1298795561712043,1.4422991711990245,1.6399142767081458,3.941921589232646,10049032.967620268,25.72822090283861,6.122777381327835,0.8257487420291827,-0.015837995909412803,14.25910087015285,1.2616621880807268,806987546.9473195,18.667167176318518,23144.441459016387,20722826.60737596,-9.943689721215849e-07,-6.380787490219841e-08,-16.795476502297614,18.67509318210347,153.16663781817135,153.17362947716305,118.67167717015515,66626.2757344894,76858218.28515846,1.0367429054236001,0.38301732003565975,1.4099415320581905,3.3348328789406665,0.3785850692115709,1.2343876698695952,3.2959877541068296,0.5294433693633751,5.41430088299128,-13.46,0.5314,0.5458,0.98775,0.7538,1.1312,1.048
13.607800000000001,0.7415999999999999,11.752,9.96,248.60500000000002,0.09563215279510524,-20.472,14.014,46.79,-46.79,1.67966415866289e-07,23.39499802242127,40.52132978482943,23.395002074554135,40.521327445329426,-40.52132978482943,0.0,13113480.803967163,26123168.952369016,0.40304301374518203,0.40870706472812635,1.0675662460910864,1.3644002073708903,1.5701773793773213,3.91889889354584,9584732.707828697,15.857068683943988,11.320810822684042,0.41801573208086595,-0.01503972434863683,21.938767265108773,0.532347282340984,748757772.9270391,37.553048234692255,28671.441476291955,26220176.838470735,-6.273659437913454e-07,-2.8233825670023453e-08,-16.03908028205347,37.57278915256611,121.46446079437557,121.46522001803092,79.50558495328212,70085.36729207581,79077128.73134872,1.2339660810370856,0.37844739281178186,1.3475226986560964,3.317318275313463,0.3731273446800005,1.1658286539183769,3.2809797025135756,0.5715433195595906,5.364057521024992,-16.1,0.6514,0.1066,0.84375,0.8742,0.7744,0.7183999999999999
9.1978,0.8736,13.696,11.528,243.025,0.09673533091769239,-16.616,18.046,44.63,-44.63,1.6021246292183113e-07,22.314998113713642,38.65071485994738,22.31500197878502,38.65071262844737,-38.65071485994738,0.0,11620724.332303705,12529274.918130577,0.40563976964359827,0.4108669369607453,1.0951603899860836,1.3989448655150942,1.6013217570415894,3.9288521406559167,9025575.90846534,15.517353398054007,8.194185634569557,0.39219111862231587,-0.00871331015207454,12.75540855913035,0.6641874307185595,726226574.4048505,26.517882947764313,15460.414458606749,12626305.557877025,-7.16234227503842e-07,-5.25766974258272e-08,-10.70396846558736,26.529929431325233,83.62315203760365,83.62499225317293,59.44941436136237,68512.28408984824,78099686.18446492,1.1612596032166655,0.38046055302764714,1.3753311195741234,3.3249051307918225,0.375557120520038,1.1961613193832226,3.2874340895874985,0.5657293947380433,5.385804290160616,-12.18,0.23500000000000001,0.45819999999999994,0.9652499999999999,0.8798,0.952,1.0048
8.6938,1.0888,12.288,12.264,240.17500000000004,0.09733378173070431,-19.912,14.07,61.35,-61.35,2.2023380238078288e-07,30.67499740704306,53.13066001921962,30.675002720108917,53.13065695171961,-53.13066001921962,0.0,12128983.732212579,15516465.345457148,0.40675072375035,0.4117574629939606,1.1096848772857668,1.417114959478512,1.617520350333348,3.9341866736450433,9126859.483540557,25.366187826421246,5.295365636156373,0.5751630344116491,-0.020864383442358345,15.152148293481359,0.8649625699702007,610386842.5734549,21.42971114315836,18175.73827256782,15613421.26221572,-9.370600985277172e-07,-5.662066869209148e-08,-14.655456227803906,21.440647549822653,134.173524039477,134.18008247368206,99.3972821060296,67708.82761559224,77580573.7830272,1.1191104645459216,0.3814983977021006,1.3898583404376035,3.3289836764446545,0.37680129654175026,1.2121818108065643,3.290937937847584,0.5585607412452551,5.397130704774641,-11.14,0.5254,0.163,0.82575,0.4486,1.1632,0.7535999999999999
10.9198,0.8584,11.776,11.336,247.315,0.0958810811173976,-22.408,7.658,48.27,-48.27,1.732793095504546e-07,24.13499795986909,41.80304741854492,24.135002140173714,41.803045005044915,-41.80304741854492,0.0,11035281.04901524,17171821.040331714,0.403604707526938,0.4091653172372359,1.0738331208915495,1.3722498866455337,1.5772795646813176,3.921118927195083,8679183.814931061,17.547700405899953,8.594327222884495,0.2651545145407409,-0.015154638752351466,16.774480666079768,0.42524954074464727,624748616.9908861,31.186791200065628,19898.318831443088,17268814.248581167,-7.294220286592847e-07,-3.707713519616196e-08,-18.171344046330535,31.20290653107813,107.33349256042986,107.33476089562801,73.37824718346714,69721.69751951782,78854723.27972946,1.220899890231475,0.3789064834290721,1.3538619272242896,3.3190206217823794,0.3736846902552952,1.172719050069664,3.282423022965135,0.5728476197233004,5.368971980149007,-7.379999999999999,0.2614,0.6406,0.99875,0.9581999999999999,1.3072,1.4512
10.8498,1.064,12.616,11.576,245.305,0.09627525107266058,-16.375999999999998,14.378,41.59,-41.59,1.4929949211111265e-07,20.794998242199203,36.01799755826151,20.795001843998858,36.01799547876151,-36.01799755826151,0.0,10863488.890237464,13085987.070016805,0.4047709764120388,0.4101773988816516,1.0837374255396992,1.3846846581795655,1.5885018875402726,3.9247352489544007,8659564.358325126,13.646922980812203,13.466071554469474,0.31422465728766275,-0.0108391171169857,14.201646508511592,0.4705221192513847,814551115.6578344,36.29405123529362,16045.500961135123,13183032.518623434,-6.342603972032039e-07,-3.965680849222501e-08,-11.574768921477725,36.29501058812323,78.73793248019793,78.73940823000838,52.59639486893065,69155.04926925305,78504788.71560505,1.1956766431285184,0.3796279125421519,1.3638461741783336,3.3217330421994515,0.3745569214476859,1.18359996531366,3.2847283700548213,0.5714726219913009,5.376742863346806,-10.94,0.39580000000000004,0.4486,0.95625,0.33099999999999996,1.104,0.7088
11.8998,0.8192,10.88,6.072,246.625,0.09601597393884781,-16.728,17.906,54.39,-54.39,1.9524884289308527e-07,27.19499770120737,47.10312303904409,27.195002411519543,47.10312031954408,-47.10312303904409,0.0,12436860.004875049,20671236.610106807,0.4038723792093618,0.4093770294011166,1.0772025528894091,1.3764709172174343,1.5810819369469757,3.922304732366068,9218593.903678218,19.121945572791674,9.582617450459239,0.5265258264100636,-0.023448579121138482,22.97195431959412,0.6484931237441418,754458139.0400567,33.31633420406297,23297.24657039992,20768224.37375902,-6.844367623260992e-07,-3.475775322011586e-08,-12.222245868119673,33.33441109836903,124.1876556516869,124.19361783192612,82.59734694938055,69527.17647838217,78735338.51414953,1.2139659796905475,0.37914543302113274,1.3572618896713586,3.3199346850897005,0.37397622827135146,1.1764303815599122,3.283200111723893,0.5735923615955203,5.371505137526234,-11.94,0.5638,0.48940000000000006,0.84425,1.4426,1.4112,1.2719999999999998
13.495800000000001,0.764,13.752,12.776,236.45499999999998,0.09814260387183597,-23.8,11.494,55.07,-55.07,1.9768990215337756e-07,27.534997672467178,47.69202033021067,27.53500244166908,47.692017576710654,-47.69202033021067,0.0,14631825.702920651,32062479.36448097,0.40860060860413133,0.4133373222613074,1.1292411556125812,1.4415102220110523,1.6392169476418321,3.941687441584851,10262299.960860362,22.49197726899938,4.5903182834163045,0.3796429872964095,-0.014580827044523709,19.67639778982724,0.7247323588355724,570616472.6601865,22.645583081316186,34338.745923196024,32159445.48275283,-7.434781247241186e-07,-3.5167265238709967e-08,-19.168046784657758,22.654501532965234,165.57830651332048,165.58550693284934,112.58270060018825,66660.10548077387,76881193.68297093,1.0393227753360872,0.3829718649323149,1.4093082536513437,3.3346476530723947,0.3785313614424447,1.2336838576753142,3.295827318103551,0.5303853772589364,5.413793726607507,-0.019999999999999574,0.5158,0.2278,0.85625,0.3142,1.0112,1.224
10.401800000000001,0.808,13.408,11.687999999999999,247.555,0.09583225113000163,-18.12,15.05,60.989999999999995,-60.989999999999995,2.189414768900399e-07,30.494997422258454,52.8188908650726,30.495002704147392,52.818887815572594,-52.8188908650726,0.0,12948972.873908041,19379501.4237485,0.4033406273488461,0.40891773712498736,1.0726610469345015,1.3707567557486815,1.575931343070922,3.9206615128841014,9528469.680190716,24.361342451031135,5.140473591966578,0.6572231640786439,-0.01797483323891119,16.192562249242577,0.9772454241180497,652988258.2568978,19.987159696285577,21969.002555944422,19476462.62179653,-8.960849371005797e-07,-5.0603785618224866e-08,-13.308536806017909,19.998727359653916,143.34125176502675,143.34780151128487,104.4077737767082,69789.35701208677,78897906.18809389,1.2233195901350007,0.3788233491026936,1.3526818521809867,3.3187042920319016,0.373583213908499,1.1714328645980796,3.2821544485451457,0.5725952087961178,5.368091202674989,-18.58,0.5602,0.3982,0.9612499999999999,0.8462,1.2848,0.7584
12.0958,1.0688,11.536,7.368,248.54500000000002,0.0956435656251461,-21.4,20.258000000000003,43.55,-43.55,1.563354864496022e-07,21.774998159359825,37.71540739750634,21.77500193090046,37.71540522000634,-37.71540739750634,0.0,12835006.586606767,19892371.74145525,0.40315397567544053,0.40881474930624584,1.0678585296143805,1.3647785865008493,1.5705204782232949,3.9190252127976057,9432907.140636813,13.241729926177769,19.739428233271067,0.39224094914568775,-0.023121382214815304,20.36618177002929,0.519980939341079,1047664069.0425146,48.96099484015117,22635.670824582176,19989396.169111446,-5.938196432716233e-07,-3.476725612838907e-08,-15.525485857011818,48.97033430302815,100.62436004885573,100.6258649194306,66.59581349477142,70068.4524189336,79066937.49148776,1.2333574518379207,0.37846817875927574,1.3478161028068303,3.317396361328313,0.3731527490369289,1.1661473446028674,3.281045806169025,0.5716032594531643,5.3642773454999775,-5.780000000000001,0.36939999999999995,0.43420000000000003,0.9762500000000001,1.3222,0.7407999999999999,1.2704
13.4258,0.9480000000000001,12.847999999999999,13.368,244.16500000000002,0.09650401412458649,-19.0,9.394,47.91,-47.91,1.719869840597116e-07,23.95499797508448,41.491278264397906,23.955002124212193,41.4912758688979,-41.491278264397906,0.0,13067988.313380022,27915791.30382108,0.40503244413882894,0.41034557325635646,1.089419606882315,1.3917511142356163,1.5948606553205777,3.926718620508068,9646825.820410736,17.269163006135926,7.394103367724112,0.37427925114640626,-0.011059108533245888,19.609261310467872,0.5460746165008237,615672332.271408,29.257346462760417,30404.375427790732,28012795.494388662,-6.691118694829235e-07,-2.7684995713392712e-08,-15.382498093949236,29.272197460236875,128.07049915556942,128.07114634201093,85.15943143562188,68833.66667955066,78303232.4102689,1.1783935823202962,0.3800380337303253,1.3695669901912522,3.3233028365051944,0.37505142103604205,1.1898495835012246,3.286065336154717,0.5686010366138219,5.381176645200706,-12.219999999999999,0.1222,0.5614,0.88275,0.40659999999999996,0.9663999999999999,1.168
7.1398,1.092,14.216000000000001,7.224,240.475,0.09726983813310201,-17.976,13.846,55.71,-55.71,1.9998736969247619e-07,27.854997645417587,48.24627660424979,27.855002470045115,48.246273818749785,-48.24627660424979,0.0,11119326.242337516,11894218.057088222,0.4066308249206734,0.4116606053310387,1.1081435938458624,1.4151843644439845,1.615807169443959,3.9336162035079156,8820058.292332267,21.571816098760547,7.74246672338573,1.0249612999838176,-0.01508034372657664,12.632667405691269,1.5723374904208982,1011391670.3829232,18.5671011731761,14700.28992503217,11991196.223302897,-9.17992490315306e-07,-6.83296996095689e-08,-12.672949914376286,18.57750003403721,107.14448822723043,107.15132578269848,84.32371439131116,67793.40198130338,77635563.28023851,1.1235022190573751,0.381390463113475,1.3883213685171305,3.3285494281593024,0.3766717522339264,1.210479095636099,3.290563498307306,0.5593214265275386,5.3959556615148,-5.540000000000001,0.6754,0.523,0.92525,1.3978000000000002,1.1520000000000001,1.1296
8.7358,1.0032,11.911999999999999,13.112,248.875,0.09558077458603643,-22.04,8.19,58.59,-58.59,2.1032597361842006e-07,29.294997523694427,50.74042983742588,29.29500259773727,50.740426907925865,-50.74042983742588,0.0,11314252.11657026,15966121.541280698,0.40275749007130707,0.4084406234981951,1.0662588501955947,1.3627399516251395,1.5686724531979164,3.9184029761420685,8803680.038329711,23.39644462140819,5.243472844806794,0.3876517455197359,-0.020106482936149753,15.217376636529087,0.6146526483550144,584580955.1957954,23.41773546170874,18630.100667724517,16063078.659594052,-9.267208274476581e-07,-4.946914531412741e-08,-17.552638355077146,23.432087689835758,130.62367995788864,130.63031468431032,95.43104756255799,70161.48422121585,79123038.0225076,1.2367073406079578,0.3783538493056611,1.3462032069608536,3.3169674786971486,0.37301300573593094,1.1643965057834342,3.28068292298053,0.5712742698116885,5.363068561624574,-0.6600000000000001,0.4558,0.43300000000000005,0.99525,1.395,0.832,1.4704
6.9437999999999995,1.0232,12.376,12.104,243.505,0.09663690929020927,-20.168,10.99,57.39,-57.39,2.060182219826101e-07,28.694997574412408,49.70119932360251,28.695002544532205,49.7011964541025,-49.70119932360251,0.0,10785356.537710147,11950376.78830292,0.4052370870794016,0.41049821223546884,1.0927376233830577,1.3958855208004326,1.5985790300109646,3.9279169706866486,8609311.015600096,22.796214594104875,5.985349765565411,0.6082186704835506,-0.018209007184184414,13.018489461333786,0.9586775843386657,689208930.4688995,21.730578731141765,14728.393571211831,12047343.033694262,-9.476147247449915e-07,-6.142407628604552e-08,-15.025641338585071,21.743319399427588,113.61662887378762,113.62334683045997,86.08370357849046,68647.6030749861,78185705.18012352,1.1684545009129947,0.3802878235428342,1.372905481252554,3.324233076193887,0.3753491802207081,1.1934992175083774,3.28685941418594,0.5669425393013631,5.383932519301189,-6.699999999999999,0.5986,0.5134000000000001,0.98325,0.177,1.0752,0.8944
7.251799999999999,0.9544,14.296,7.288,238.64499999999998,0.0976614587829145,-21.816,18.606,49.15,-49.15,1.7643832741671523e-07,24.574997922675898,42.565149795348724,24.57500217919076,42.565147337848714,-42.565149795348724,0.0,12089130.838756196,13353059.63879261,0.4075866328853808,0.4124835880796504,1.1176610506629676,1.42707847017733,1.6264021938293596,3.937272437848282,9221122.94137552,18.446292344584347,6.4679823021590686,0.610385020654513,-0.011877048954896623,12.789981825293916,1.0166819056141734,736755864.5873427,21.945551016962604,16168.451528729262,13450056.220780574,-8.4567248804808e-07,-6.849971214918941e-08,-14.706315699789434,21.95667986484239,100.06659136898611,100.068805769554,78.6862983888835,67277.49835046532,77295619.43909642,1.087023426116122,0.3821411735290764,1.3978109565495063,3.331310811188911,0.3775490294825207,1.2209539689050206,3.292946711051418,0.5478000359206298,5.404535808366882,-1.9800000000000004,0.1474,0.6694,0.88875,1.3026,1.0976,1.4576
8.1898,1.0376,11.392,13.64,248.005,0.09574679473978596,-18.631999999999998,10.262,58.269999999999996,-58.269999999999996,2.091772398488707e-07,29.134997537219217,50.463301700406305,29.135002583549248,50.4632987869063,-50.463301700406305,0.0,10772188.815143418,12888535.077225547,0.4031819362387859,0.408795596634075,1.0704685567537937,1.368020362012375,1.5734524864226618,3.919895959463426,8564151.059577245,22.733587575085092,5.997048255039536,0.3878997359143608,-0.019431476135786566,14.29084083230009,0.6066957700658293,600749805.7817612,24.35967584416932,15650.690798853104,12985501.512601709,-8.77965724495075e-07,-5.1599096489739635e-08,-14.131270551576531,24.375143454028194,116.77976956080204,116.78610142022244,82.95051563237992,69916.21856065349,78974908.02579823,1.2278887209763345,0.37865525014512186,1.3504608250846462,3.3181015375182787,0.3733812969981153,1.1690221998878334,3.281643161817726,0.5721454572140683,5.366256648319582,-0.3000000000000007,0.40780000000000005,0.1426,0.99075,0.7622,0.7168,1.4736
10.0238,1.0752000000000002,10.592,6.008,246.23499999999999,0.09609161269444134,-20.792,12.922,47.99,-47.99,1.7227416750209894e-07,23.994997971703285,41.5605602986528,23.9950021277592,41.5605578991528,-41.5605602986528,0.0,10634394.29724301,13354328.38942132,0.40420527194978706,0.4096821188548626,1.0791255517242249,1.3789027681532158,1.5832788727043532,3.9230431248092303,8447797.125063013,15.50173720501835,16.8747403846168,0.3209207518490168,-0.02727350034127273,18.69615005618402,0.39838076147267154,903673287.440964,43.309671627026,16193.136172352115,13451329.549922634,-6.210830537607185e-07,-4.014354734687777e-08,-15.912810807769649,43.31560382538419,94.15411818104305,94.15570431019465,62.452429837927625,69417.22980295765,78667542.0955692,1.2099075367552232,0.37929309261946104,1.3592015755193234,3.320466897156569,0.3741528492737282,1.178542868100775,3.2836530583485954,0.5739069634227096,5.373127915590695,-15.98,0.15460000000000002,0.6754,0.84875,0.6614,0.7008,1.0624
12.235800000000001,0.9392,10.504,10.744,240.685,0.0972248620486961,-23.176,20.79,55.99,-55.99,2.0099251174083186e-07,27.99499763358339,48.48876372414191,27.99500248245963,48.48876092464191,-48.48876372414191,0.0,14340828.10989521,25425386.112613793,0.4065653531056731,0.4116114306202807,1.1070670128423294,1.4138373340835573,1.6146107830312553,3.933217476211452,9983766.807798568,21.06400152004433,9.59008266660213,0.42258670952950034,-0.024082143930762297,23.159540270468135,0.5228214849485444,678897763.0730628,36.200659078815384,27877.068751927356,25522354.82235344,-7.385151757684667e-07,-3.665553478628377e-08,-17.24130830147535,36.21659486917165,148.26648891495068,148.27307239314453,100.17790463131624,67852.60403730122,77674273.22180918,1.1265825636442977,0.38131490122313244,1.3872467840200247,3.32824633424869,0.37658103960379524,1.2092896023664514,3.290302340780695,0.5598522369235998,5.395133418539609,-2.8999999999999986,0.42700000000000005,0.5674,0.9137500000000001,1.4902,1.1984,1.1648
12.347800000000001,0.9024000000000001,14.016,9.943999999999999,239.275,0.09752491240861387,-21.512,15.582,52.31,-52.31,1.8778207339101471e-07,26.154997789118543,45.30179014841692,26.15500231929743,45.30178753291692,-45.30179014841692,0.0,13990276.74427433,25415170.41815263,0.40729351151135923,0.4122367322751366,1.1143613250267836,1.4229678288882976,1.6227349029557707,3.9360200129833762,9998139.458609926,20.21290009959014,5.151872333448569,0.4363295938317677,-0.013203495000089176,18.157276092458233,0.766355102918792,600292187.0989113,22.622907151878653,27902.445559828015,25512153.62251224,-7.167353880130285e-07,-4.043387986206414e-08,-16.353950036264113,22.63343992150925,137.78531066246876,137.79179914514458,95.10775720928244,67455.10451845877,77413304.58839296,1.100957093184111,0.38190191065455015,1.3945248871007607,3.33036610147088,0.3772657821868081,1.2173322062873162,3.2921344557309427,0.5527997460444701,5.401873565665223,-14.86,0.5386,0.33940000000000003,0.75925,0.30300000000000005,0.9568,0.9488
13.439800000000002,1.0856000000000001,13.784,7.272,244.435,0.096449569863144,-20.776,13.09,42.75,-42.75,1.534636520257289e-07,21.374998193171816,37.022587054957434,21.37500189543042,37.02258491745743,-37.022587054957434,0.0,12532895.339255206,22752451.772348687,0.405040130881006,0.41037631443239836,1.088071640712107,1.3900832200804463,1.5933623736853721,3.9262612001402197,9402659.2751421,15.072158051603141,8.300932212788037,0.29333888144101583,-0.0098607247220706,18.23477816921196,0.5534586656561608,666920276.9228773,29.282477637436862,25424.762400357606,22849477.975372158,-5.714727746503934e-07,-3.2313048713202584e-08,-16.15850793207765,29.29627797294569,104.57096316773118,104.5717864538714,68.14612171345898,68909.7836086907,78351091.804573,1.1824714963078216,0.3799409143784397,1.3682093456732214,3.3229292530032972,0.37493436825220605,1.1883643403965063,3.285746773654346,0.569275129850111,5.380126058031454,-0.5,0.5698,0.187,0.83575,0.7425999999999999,0.8336,0.9583999999999999
9.1418,0.76,12.832,6.632,235.85500000000002,0.09827286771912898,-22.648,16.338,54.03,-54.03,1.9395651740234228e-07,27.014997716422766,46.791353884897084,27.015002395558025,46.791351183397076,-46.791353884897084,0.0,12293293.51521029,16262094.260605512,0.40891114681229845,0.41360491535491006,1.13244440921679,1.445511755886244,1.6427544561707346,3.9429364360318795,9216002.939927861,21.25467021694879,6.039063816231527,0.40515867241793846,-0.018311386175897046,16.378976961345796,0.673420912143017,645956760.2150319,23.426295534883447,18944.962104834285,16359068.869336154,-7.886472463680455e-07,-5.373243058960758e-08,-16.73203479274471,23.436617456175792,118.10869215692945,118.11500291683683,86.71030129808518,66490.95674935155,76766031.9956243,1.0264579700844518,0.38319908810089953,1.4124781035436624,3.3355763148880753,0.37879979405342523,1.2372096900180067,3.2966322935280785,0.5256797200980052,5.416329575966748,-5.939999999999998,0.5529999999999999,0.33099999999999996,0.89125,1.2858,1.2144,1.488
10.1358,0.8568,13.0,12.696,237.655,0.09787892679563441,-20.823999999999998,15.106,61.07,-61.07,2.1922866033242723e-07,30.534997418877257,52.8881728993275,30.5350027076944,52.88816984582749,-52.8881728993275,0.0,13229885.809656948,20058431.684087466,0.4080007982472963,0.4128243905390577,1.1228736280528113,1.4335659216378451,1.6321735464440346,3.9392384775449316,9609055.84331663,25.558308396648513,6.742357690254464,0.6184555789249925,-0.01886498047102825,16.272547558237047,0.9576828056508758,655886461.9017825,20.955646877087027,22601.038766088503,20155386.959181767,-9.265449511670186e-07,-5.2176280302277174e-08,-15.52228458927033,20.96502820942657,149.19642335866126,149.2031107455957,109.92169269646867,66998.40294361851,77109113.51308206,1.0653187439981988,0.38251687508541066,1.4029940208467242,3.3328089733123365,0.37799352419246246,1.2266815156948927,3.294237789748816,0.5399653320975124,5.408719854337485,-16.7,0.277,0.2482,0.87825,0.9889999999999999,1.2736,0.9632000000000001
9.6458,0.8128,13.936,13.832,237.805,0.09784575437865081,-20.056,17.374000000000002,48.75,-48.75,1.7500241020477858e-07,24.374997939581895,42.21873962407427,24.37500216145574,42.21873718657426,-42.21873962407427,0.0,12806904.020765416,17097867.46829267,0.40802096762266427,0.4128569239776044,1.1220833602841145,1.4325944618854662,1.631311589573682,3.9389630384123873,9522565.884165961,18.229323576055318,6.246695591480831,0.420724508466706,-0.009810740279437902,13.619865812734162,0.7270626430588452,679289614.0694147,23.456613026611475,19834.83981417947,17194869.49746159,-7.981773077754987e-07,-5.2577212496015105e-08,-13.93837456838424,23.46776951109563,107.68706137491176,107.68837369988242,78.41143846218986,67040.69012647409,77137490.67755206,1.068592228832779,0.382459975067733,1.4022071895904291,3.3325809012706564,0.3779262262143035,1.2258108386356696,3.2940410063366174,0.5411505659925356,5.408085903108901,-16.34,0.40659999999999996,0.2422,0.88675,0.3254,1.4304000000000001,0.8512
7.3218,0.9336000000000001,12.384,10.216000000000001,247.525,0.09583806831645052,-17.240000000000002,15.918,44.03,-44.03,1.5805858710392616e-07,22.01499813907263,38.13109960303569,22.015001952182487,38.13109740153568,-38.13109960303569,0.0,10249324.924649246,8746749.14064221,0.4036151367521093,0.40919477375157903,1.072812875287498,1.3709878613510593,1.5761420351751292,3.9207955950213353,8400230.77448494,14.67194772021404,11.483672536148978,0.3142198884783507,-0.011857622423446583,11.978730886850029,0.5115218856529921,792905031.4212017,32.680144992553736,11777.110468159894,8843779.961964633,-7.446257223865164e-07,-5.858772984135018e-08,-11.177063444175904,32.68584793059775,71.56093564597373,71.5639109019272,51.67975539047765,69780.89957551565,78892741.48807271,1.2230168030512807,0.37883375130627805,1.3528293104151494,3.3187437998628213,0.3735959090755679,1.1715934971436466,3.2821879778322227,0.5726256257843809,5.3682014408042225,-6.539999999999999,0.28059999999999996,0.22540000000000002,0.88125,0.765,0.9648,0.9536
11.465800000000002,0.9528000000000001,13.176,10.024000000000001,244.975,0.09634105250070442,-21.768,18.689999999999998,59.59,-59.59,2.1391576664826165e-07,29.79499748142944,51.60645526561201,29.795002642074824,51.60645228611201,-51.60645526561201,0.0,14518306.05155358,24585957.116120577,0.40452504093687325,0.40989893765257523,1.085370892069381,1.386668111427089,1.590286668805509,3.925217526801367,10156670.196189819,23.948633497586606,4.505434530544216,0.4766332033442166,-0.019344043658944376,18.922893194759304,0.7631857675112098,559593563.3649805,21.975573790248184,27039.803029689145,24682916.398089167,-8.035478691991387e-07,-4.667299223985591e-08,-16.056836593739835,21.98671074612806,157.0448577710194,157.05166272150498,111.0481591426988,69062.01746697078,78446679.5885907,1.1906557412821774,0.37974666678818036,1.3654990980379167,3.322185436915022,0.37470015987086636,1.1854033351879278,3.2851132400799923,0.570639774166951,5.378025892486451,-2.780000000000001,0.5686,0.1102,0.87375,0.8238,1.2639999999999998,0.7071999999999999
8.3298,0.8784000000000001,13.184000000000001,12.04,236.515,0.09812974115638079,-17.672,9.114,55.59,-55.59,1.995565945288952e-07,27.794997650489385,48.14235355286746,27.795002464724607,48.142350773367454,-48.14235355286746,0.0,10732094.526387736,13518688.30355141,0.4086035135003504,0.41334516626064716,1.1289221619057772,1.4411183449354907,1.6388709687706078,3.9415791186343445,8621354.847977843,21.99494836194449,7.609030203022065,0.7427563001953692,-0.014933535724989984,13.473778749146732,1.1348762018018435,767525759.9395112,20.609790367737112,16275.843586743042,13615665.354100067,-8.818376703217421e-07,-5.1358222103276345e-08,-13.587802570449751,20.619743749888933,112.23618137641286,112.24246906321675,82.82432770891167,66677.02035391609,76892672.69643591,1.0406140374952162,0.3829491446067714,1.4089917691806322,3.334555147745238,0.3785045100467341,1.2333321463273261,3.2957471997478516,0.5308565513598502,5.413540285956252,-15.379999999999999,0.5134000000000001,0.637,0.97725,1.1626,1.3808,0.7696
11.703800000000001,0.7504,10.728,8.904,245.935,0.09615064271861523,-17.592,20.958,51.11,-51.11,1.8347432175520477e-07,25.554997839836524,44.26255963459356,25.555002266092366,44.26255707909355,-44.26255963459356,0.0,12786960.932687592,19680450.00070642,0.40424721432458915,0.40969880248081264,1.0806069847579385,1.3807386498131733,1.5849377631253414,3.923546069378662,9371312.553346256,16.78479727851613,12.878853918689408,0.4902151950153125,-0.0205065470610847,21.38522718796235,0.5610733563039936,829980721.6433208,39.279664846581426,22361.60845213412,19777450.040142328,-6.582701075218991e-07,-3.5518656521037724e-08,-12.31407558954923,39.29845434211383,114.31179121076765,114.31764149573998,74.85736706402227,69332.65543724649,78615145.18213987,1.2053087165970942,0.37940102854860885,1.360697434765858,3.3208738066602073,0.37428317380636617,1.1801701354428946,3.2839983709770175,0.5731480681643554,5.374292302733288,-3.1400000000000006,0.6861999999999999,0.40659999999999996,0.81775,0.9413999999999999,0.8992,0.9503999999999999
13.299800000000001,1.0088000000000001,12.72,11.256,236.965,0.09803264711646963,-21.992,16.646,52.15,-52.15,1.8720770650624005e-07,26.07499779588094,45.16322607990714,26.07500231220342,45.16322347240713,-45.16322607990714,0.0,14758617.645832438,29933649.251879685,0.4083890655656088,0.41316323381822107,1.1265295586862074,1.4381324595727052,1.636226165936477,3.940652242376182,10278880.873654248,19.84348862648014,6.523168145361673,0.375914472133962,-0.014792055897935986,21.19589263360063,0.5263454437819439,582986752.1713685,28.049297232654208,32307.158391727597,30030632.449550882,-7.248012545788432e-07,-3.430455715301745e-08,-16.884953468972807,28.060676137845974,146.0605315596098,146.06720903664322,100.22221412809672,66803.88190248283,76977951.32538356,1.0503307887432545,0.3827785736073846,1.4066205041332396,3.3338631770516414,0.37830293042338825,1.2306998008307295,3.2951484574078975,0.5344447525990869,5.411637069971508,-12.42,0.49060000000000004,0.5026,0.88975,0.1014,1.4384000000000001,1.2736
9.7858,1.0136,12.592,13.911999999999999,236.21500000000003,0.09819435246881486,-21.368,17.15,54.91,-54.91,1.971155352686029e-07,27.454997679229574,47.55345626170088,27.455002434575068,47.55345351620087,-47.55345626170088,0.0,13009148.610524694,17988722.73769683,0.40872973747358277,0.4134493885002885,1.1305209999691208,1.4431102836410445,1.6406325244684508,3.942190208317025,9510211.007561803,21.731573841483424,5.72543040250463,0.37217162064332376,-0.014934704040235853,15.222639146076247,0.6083505030441632,587989299.3481961,24.046352348958813,20630.540421668356,18085697.54333674,-8.60014632456999e-07,-5.2132645232863813e-08,-15.328606086185925,24.057116889036944,126.22573538877339,126.23200120899341,90.78800027218787,66592.44598820493,76835219.79054876,1.034166421804566,0.38306276781773896,1.4105751600471723,3.335018356903735,0.3786387656215929,1.2350922008688834,3.296148475446215,0.5285017882055386,5.414808012398323,-2.34,0.6574,0.1402,0.80825,0.2218,1.4336,0.7968
10.835799999999999,0.7472,14.192,7.08,242.185,0.09690929538572672,-20.84,18.858,57.95,-57.95,2.080285060793214e-07,28.974997550744018,50.186173563386745,28.975002569361234,50.18617066588674,-50.186173563386745,0.0,13993705.648329373,22253727.22481238,0.4058174749203182,0.4109765902018026,1.0994071073243241,1.404232189077457,1.606046787102422,3.9303528939851393,9990474.946251716,23.06093070767869,5.388994522626044,0.6501069404440789,-0.017038070688551756,17.482141133070932,1.003292876141422,668127923.2612647,20.012170881131944,24779.285969133325,22350693.751012713,-8.089269100402072e-07,-5.1525851303474544e-08,-15.110723080999236,20.022014139232933,144.98479002464552,144.9914164914042,105.8818185312536,68275.475865857,77948208.88714106,1.1487390381573748,0.3807627742397535,1.3795890484951445,3.3260899579135947,0.3759207111266823,1.200844165159076,3.288449109642919,0.5636288877614144,5.389082364127963,-18.46,0.28659999999999997,0.6502,0.89725,0.5886,1.0704,0.7103999999999999
6.6638,0.8632,12.472,11.864,246.35500000000002,0.09606918522493224,-18.488,7.966,55.87,-55.87,2.0056173657725085e-07,27.934997638655187,48.38484067275957,27.93500247713912,48.384837879259564,-48.38484067275957,0.0,9873269.778036198,10556706.809275765,0.4039300555531332,0.40941225771095197,1.0785241426281058,1.3781220959901481,1.5825671095663474,3.9227666653825395,8257021.676803166,21.43124426093626,6.375443490365527,0.6605478901640112,-0.01689563879956544,12.376471828204105,1.000502314073401,717860907.0982103,21.573850615703936,13392.343274601557,10653680.499041704,-9.215613234650786e-07,-5.8263736432001024e-08,-14.185914203300232,21.58747859676787,103.1140609640862,103.12086372230397,77.5186379863417,69451.05954924213,78688365.24389885,1.21125855129116,0.37923896753959063,1.3585953965089257,3.320294313804651,0.37409027635652176,1.1778881465885367,3.283506241405942,0.5738719265464415,5.3724977608531415,-15.18,0.6526,0.3862,0.93375,0.2778,0.9184,0.7664
6.6358,1.076,13.4,7.816,242.515,0.09684065069620476,-16.951999999999998,12.838000000000001,60.03,-60.03,2.1549527558139196e-07,30.014997462832845,51.98750645401391,30.015002661583345,51.987503452513906,-51.98750645401391,0.0,10626778.949311879,10297625.353739422,0.4056711367080197,0.4108557393805073,1.0977341850902989,1.4021386716313955,1.6041769225523108,3.92974371879447,8574897.66615692,23.644164101138042,8.809847904209413,1.1125547786547831,-0.019270980792992314,12.568566704753515,1.6662984040731037,1090246878.2295673,18.187972956219387,13113.023572466183,10394591.019183535,-9.803677321341798e-07,-7.232129172068992e-08,-11.943615751778061,18.198668807181555,107.85930338188656,107.86653970754067,84.62908705769472,68368.50766813927,78007890.3845001,1.1536453168525882,0.3806440675876015,1.3779143455196878,3.3256231777238554,0.3757779311936395,1.1990007914235352,3.2880489336295087,0.5644404183001868,5.387794439041102,-10.459999999999999,0.319,0.17980000000000002,0.78175,1.339,1.2864,0.7744
7.5038,0.9208000000000001,12.184,10.76,242.785,0.0967848630952833,-20.728,12.726,53.83,-53.83,1.9323855879637396e-07,26.91499772487576,46.61814879925985,26.91500238669051,46.61814610775984,-46.61814879925985,0.0,10907877.951970613,11946853.728805955,0.40560216095135804,0.4108084104006562,1.096369279203072,1.4004372958226874,1.6026560769749179,3.9292567847447755,8639953.93155836,20.581492618781684,6.4687492543079355,0.398963846262608,-0.017121119677849395,13.635913011229547,0.6750577702144802,644349694.1973084,24.28685431392172,14754.648148444194,12043831.755059464,-8.716237620432288e-07,-5.8301081149826605e-08,-15.22659719889598,24.300180034204192,104.5654735492477,104.57195718288091,77.8272472870968,68444.62459727931,78056486.31845155,1.1576724901255508,0.3805469143397491,1.3765459852206483,3.325242521197259,0.3756610468175689,1.1974961007001879,3.2877228747638014,0.565122815694696,5.386740655137524,-9.18,0.48219999999999996,0.40059999999999996,0.77225,0.2134,1.3312,0.7008
8.8338,1.032,11.28,9.608,247.04500000000002,0.095933667477562,-22.328,10.597999999999999,57.19,-57.19,2.0530026337664177e-07,28.594997582865403,49.527994237965274,28.59500253566469,49.527991378465266,-49.527994237965274,0.0,11145883.928831603,14190442.897678211,0.4036156376362311,0.40915276723728605,1.0751478573329767,1.3738833766727772,1.5787516128039902,3.921558928461364,8676948.06950973,22.461290989143734,6.268777535697474,0.3101352997139307,-0.023873077028281817,16.49491255659981,0.4802901228088945,585263721.2526785,26.24142745626034,16907.841324399476,14287404.873542544,-8.514578665867169e-07,-5.018809533410515e-08,-17.4068103892653,26.257036032746363,121.03246656723506,121.03897302139869,88.11488419248892,69645.58059037778,78808124.07825537,1.218180572470733,0.3790000225684986,1.355191140002419,3.3193775162251087,0.37379883137659503,1.1741689494133543,3.282726249517602,0.573122846662789,5.36996353549769,-8.14,0.217,0.32499999999999996,0.99175,1.0842,1.0128,1.2992
13.0898,0.904,11.952,8.264,249.53500000000003,0.09545717005508017,-18.792,11.606,42.39,-42.39,1.5217132653498591e-07,21.19499820838721,36.710817900810426,21.195001879468897,36.710815781310416,-36.710817900810426,0.0,11836900.94514196,21724997.515443843,0.40278459536084277,0.40852620454248384,1.0630822820424068,1.3588124937703294,1.565102417252352,3.9173604049125657,9072162.184919331,13.522585910128862,16.28628020110594,0.41387585954712197,-0.016559579871358386,20.48242432604272,0.5575841210017055,953830050.1046146,43.36492710051221,24446.598459975725,21822030.219898537,-5.694367702839019e-07,-2.6718529614875406e-08,-14.85939402376173,43.378923222444065,100.19840356736157,100.19948570972052,64.70821059869448,70347.54782578042,79234771.94034576,1.2434466707317613,0.3781130267027175,1.3429731584869886,3.316102594396797,0.37272185682565245,1.1609028522453848,3.279952010762165,0.5706258646101349,5.3604697658623905,-19.18,0.14500000000000002,0.535,0.77175,0.9161999999999999,0.9488,0.8111999999999999
11.3398,1.1048,11.616,9.336,243.47500000000002,0.09664303690171477,-17.56,20.314,60.91,-60.91,2.1865429344765257e-07,30.454997425639654,52.749608830817714,30.45500270060039,52.749605785317705,-52.749608830817714,0.0,13534781.673931167,20924212.793831512,0.4052639667649749,0.41052289747098997,1.092888896229403,1.3960756967485333,1.598749488533055,3.9279711603058978,9662853.90796953,23.98373141947508,5.840621581774883,0.459775769648012,-0.023769211415539372,20.32398871340974,0.644979050525474,605225293.1832855,24.912924585609858,23479.956298604153,21021177.75222468,-7.596952438387508e-07,-4.3489979415791445e-08,-12.297368371475605,24.925840099679984,143.92818092071818,143.9344658425849,96.99929622548713,68639.14563841496,78180342.81367342,1.1680039938396816,0.38029862506160306,1.3730569664087304,3.3242749872616555,0.3753621852233867,1.1936653304066722,3.2868952265031424,0.5668667172115758,5.384049541452472,-17.02,0.3382,0.24100000000000002,0.85275,0.527,1.4848,0.9776
13.1038,0.932,10.84,11.783999999999999,237.115,0.09799912192678838,-20.12,18.214,44.11,-44.11,1.583457705463135e-07,22.05499813569143,38.20038163729058,22.05500195572949,38.20037943179057,-38.20038163729058,0.0,13056940.983178597,22960984.10795922,0.4085705864138885,0.41335919166381563,1.125739169601844,1.4371822957902982,1.635386879776932,3.940412524594799,9509445.98956769,11.284320864144767,26.241721924020947,0.4713352479084673,-0.030070822602689045,21.06109712620308,0.6275052725068694,1243850103.3108358,57.08567085624516,25610.95653618577,23058008.017238207,-5.840777244778347e-07,-2.8600821825187655e-08,-14.936015825145395,57.0687763970072,109.09919250987973,109.10140626683175,67.9434774257784,66846.16908533842,77006510.6032027,1.0535790722933922,0.38272172560077805,1.4058312190738085,3.333633335374948,0.3782357257283603,1.2298244214047076,3.294949747348291,0.5356259827884564,5.411003276907087,-18.42,0.5974,0.4798,0.78425,1.0366,1.1104,1.096
9.8278,0.8336,14.464,6.44,249.89499999999998,0.09538981454818445,-16.328,8.834,59.91,-59.91,2.1506450041781095e-07,29.95499746790464,51.88358340263157,29.955002656262835,51.88358040713157,-51.88358340263157,0.0,11586768.547833964,17928962.912547234,0.4022870054587881,0.4080520831346782,1.061347661630335,1.3565936972912422,1.5630847300972988,3.916674141770551,9044897.318638105,23.392858035285297,9.445448782797296,1.108056670014337,-0.01737930644607583,15.873963585647,1.7374299706814542,1155794928.7607594,17.721254935952995,20568.641853193458,18025928.512003206,-8.276467260355369e-07,-4.589592630194564e-08,-12.90405598251242,17.732066797161178,133.22657372051347,133.2330081676552,96.1991917576853,70449.03706463378,79295278.72378384,1.247120208231882,0.3779883043806491,1.341222036461408,3.315639885977668,0.37256924304164524,1.1590079177663646,3.2795615405805734,0.5702722786424669,5.359153359557936,-19.54,0.10300000000000001,0.673,0.97325,0.2274,0.7999999999999999,0.8688
12.8938,0.8472,13.16,6.4719999999999995,236.665,0.09809846994012446,-16.936,16.534,43.43,-43.43,1.559047112860212e-07,21.714998164431623,37.61148434612401,21.715001925579955,37.611482174624,-37.61148434612401,0.0,12033109.898654163,19130888.796665046,0.40882879268105526,0.41358535442422445,1.128130282119374,1.4401708204386048,1.6380356129327796,3.9413428247255187,9148846.867931776,14.963329930450394,10.399083770246282,0.3513343598424069,-0.010866910802125913,18.09496318269156,0.5136494272387004,755648371.3607825,31.16493960097672,21902.834251010252,19227923.920045126,-5.589861283914366e-07,-3.359929142989409e-08,-12.314598334482467,31.173646065933866,94.73776066092651,94.73866166388339,60.17787130689997,66719.30753677168,76920758.70979305,1.0438461989084669,0.38289231625283865,1.4082008645860093,3.3343241264488546,0.3784373529663073,1.2324536853837476,3.2955472074816066,0.532034267109349,5.412906333269808,-6.379999999999999,0.6154,0.6981999999999999,0.90925,0.8321999999999999,0.9823999999999999,1.392
11.1298,1.02,13.632,13.847999999999999,245.005,0.09633505125459209,-18.392,11.437999999999999,50.11,-50.11,1.7988452872536316e-07,25.05499788210151,43.396534206407416,25.055002221754812,43.39653170090741,-43.396534206407416,0.0,12024689.844046522,18742605.175667185,0.4046068032534606,0.40998468382068043,1.0852233963578215,1.386498311710902,1.5901344930817007,3.9251916629930728,9191355.169484451,18.490315517356297,5.810016529793913,0.4112829013362442,-0.010681382817355934,14.899764084110211,0.7324328147248363,637254822.4916643,23.380721210559393,21438.33667899006,18839602.54365216,-7.763797399532036e-07,-4.176447945276778e-08,-14.032962383711098,23.39405545337492,113.86308322721116,113.86911644143086,79.97141239903078,69070.47490354191,78451974.48408599,1.1911116154931591,0.3797358738989585,1.3653487364652876,3.322144245676605,0.37468714305028744,1.1852392050034362,3.28507818217497,0.5707155852138498,5.377909260813457,-15.58,0.517,0.3778,0.89175,0.2694,0.7295999999999999,0.8368
8.9038,1.0816000000000001,14.368,12.344000000000001,239.18500000000003,0.09754433032120863,-18.84,17.486,50.870000000000005,-50.870000000000005,1.8261277142804282e-07,25.434997849980125,44.05471353182889,25.435002255451355,44.05471098832888,-44.05471353182889,0.0,12629400.694751203,15667213.245196972,0.40733821326679476,0.4122749526469802,1.1148318856825716,1.4235552790823398,1.623259660450253,3.936202939963432,9463332.346178025,18.985580544518477,8.315740421896614,0.729152350782723,-0.010583225482171034,13.145533237160349,1.1661221665126453,809821218.3518628,21.111621677549905,18426.03351248128,15764209.459762227,-8.298477092794521e-07,-5.8243887058563556e-08,-12.779965907078672,21.12222018572238,106.47964455033699,106.48574658411874,78.55826358863024,67429.73220874542,77396541.27354442,1.09896080074472,0.3819360958191971,1.3949937327421176,3.3305006453274455,0.3773062607734263,1.2178485000700607,3.292250047899251,0.5520848570820048,5.402253814023159,-1.6999999999999993,0.46419999999999995,0.6574,0.77675,1.3194,1.2351999999999999,0.784
12.2638,1.0776000000000001,11.672,6.296,244.855,0.0963650833998302,-22.84,19.166,56.15,-56.15,2.015668786256065e-07,28.07499762682099,48.62732779265169,28.075002489553636,48.62732498515169,-48.62732779265169,0.0,14078385.446625214,25485821.174301103,0.4046091478318311,0.4099741771768906,1.0859695558470346,1.3874207589813379,1.5909647897472379,3.9254412176935722,9911992.54732534,21.369428502536987,6.779663725822544,0.3988780656138654,-0.023762952865616367,23.17434181365809,0.5642950294095217,605218015.1779923,29.52165993994596,27940.731452962977,25582789.346525252,-7.527046903477881e-07,-3.913302215960042e-08,-17.263512907296885,29.536239042067017,147.9863593370403,147.99301301459707,103.99243970828554,69028.18772068633,78425485.80693687,1.1888331094938402,0.3797898513500659,1.3661008096309015,3.322350361743978,0.3747522347298168,1.1860602529336082,3.285253628771017,0.5703365315992706,5.378492660198675,-14.26,0.30820000000000003,0.2518,0.96475,0.7958,1.4208,1.1824
7.3358,0.8528,12.328,6.776,246.41500000000002,0.09605734119804889,-22.584,10.906,48.67,-48.67,1.7471522676239126e-07,24.334997942963096,42.14945758981938,24.335002157908736,42.14945515631937,-42.14945758981938,0.0,10388031.55063558,11426961.909965608,0.4039733440016227,0.40946154402858964,1.0782315666086544,1.3777646969812456,1.582246206957474,3.922679391713495,8444451.02050975,17.903920047075818,7.714774695013652,0.30211619742270185,-0.016291064299000117,14.098000382643601,0.5598418283526634,655673070.8070178,27.40623272711073,14291.17981891333,11523954.667551233,-7.697832998117066e-07,-5.423549706961957e-08,-17.220151862977644,27.421431151589516,93.41276321358939,93.41521125135013,70.05538935329326,69467.97442238436,78698814.90139519,1.2118603360049192,0.3792181811015469,1.3582989591589703,3.3202143118372125,0.37406493394800544,1.1775639437289787,3.2834381143686473,0.5738100126947716,5.372277093910856,-3.0600000000000023,0.385,0.44500000000000006,0.82925,0.5774,1.0016,0.8752
9.7018,0.8688,14.08,8.616,240.865,0.09718650517191353,-17.304000000000002,13.314,54.47,-54.47,1.9553602633547259e-07,27.23499769782617,47.17240507329898,27.235002415066546,47.17240234979897,-47.17240507329898,0.0,12037834.857975584,16911346.990755573,0.406492746562403,0.41155271903276447,1.1061448865679502,1.412682954796041,1.6135849795697985,3.9328783806420042,9205836.2203371,20.796669712175802,5.9804357140064575,0.7262689789348862,-0.013984622968749756,15.254813848856257,1.0771447152725893,748012557.5714159,19.974251868087105,19610.585359597255,17008330.900478348,-7.685941744546337e-07,-4.8141099867966125e-08,-12.827499382672123,19.984680991993642,116.82723741732535,116.83333543910403,83.10222573183566,67903.34865672792,77707327.78449406,1.1292268899724627,0.38125012627207533,1.3863265235219735,3.3279871040232685,0.37650326147900065,1.2082715492604705,3.290079098989861,0.5603071822892345,5.394428745711649,-0.8599999999999994,0.36339999999999995,0.499,0.95875,1.0534000000000001,1.416,0.9984
9.5338,0.7208,13.416,6.936,239.995,0.09736991291949053,-21.208,11.942,43.79,-43.79,1.5719703677676418e-07,21.894998149216228,37.92325350027102,21.895001941541473,37.923251310771015,-37.92325350027102,0.0,11111718.50104705,14898472.41226269,0.40711548528568475,0.412114540101819,1.1106143185734434,1.4183228424331167,1.6185876388334002,3.9346546085910195,8795753.80240454,15.79211128197893,8.440449293807923,0.29242564751618316,-0.011085184964856791,14.926536186063444,0.5796705432447211,688467088.9642788,28.06598488745827,17736.977354634146,14995491.518335411,-6.560928944393223e-07,-4.333558785489921e-08,-16.213568474272044,28.07681636236265,90.24488665494843,90.24644440805925,63.719641332408706,67658.08299616554,77547262.20934889,1.1164809793620556,0.3816297332284599,1.3907852803895815,3.3292966537832953,0.37694302133889135,1.2132157492967695,3.29121609470209,0.5581023687959065,5.398853364435554,-6.899999999999999,0.259,0.6285999999999999,0.76225,0.5634,0.7215999999999999,0.8271999999999999
8.2738,1.0368000000000002,12.552,9.784,236.63500000000002,0.0981048573706215,-20.584,18.382,52.870000000000005,-52.870000000000005,1.8979235748772603e-07,26.434997765450152,45.78676438820116,26.435002344126463,45.78676174470115,-45.78676438820116,0.0,11978705.35805956,13128552.361961626,0.40855673317332397,0.4133072634405865,1.1282837870132782,1.4403235229594276,1.6381676128369909,3.941336760789722,9070711.730490655,20.212164060931364,6.604367374339191,0.3839499937339354,-0.015931376057529416,14.274903297608782,0.6628267303987068,648242045.6438818,24.423692965913443,15915.197783909236,13225537.001717558,-8.336078484527645e-07,-6.09656080488823e-08,-14.040361693175816,24.43504543378579,105.39925112198634,105.40550185363786,78.68996795619935,66710.85010020057,76915027.2381356,1.0431993816379186,0.382903686310327,1.4083589995627492,3.334370301456896,0.37845078947152494,1.232629296714549,3.29558717491012,0.531798519574384,5.41303317354655,-17.14,0.1918,0.41859999999999997,0.76575,0.8658,1.2976,1.3888
9.9398,0.8,11.4,8.344,244.94500000000002,0.09634705634899839,-19.672,13.426,52.83,-52.83,1.8964876576653234e-07,26.414997767140747,45.752123371073715,26.415002342352956,45.752120729573704,-45.752123371073715,0.0,11389299.191367827,15325422.11155369,0.4046730756622753,0.41004696728895335,1.0855231662235505,1.3868790213990208,1.590477830280728,3.925311618015953,8800228.388467323,19.367688528135048,8.033854689502697,0.32149034175622904,-0.019960016915298178,17.828727272628125,0.4927149902913514,637927158.1489522,29.22303536811583,18070.919091343087,15422406.635730824,-7.042313180634623e-07,-4.191854679094739e-08,-14.93960502867408,29.238613001565323,110.2160860014249,110.22201922819741,75.35390138030539,69053.56003039966,78441383.2641997,1.1901999597420068,0.3797574604934225,1.3656495123743164,3.322226649518075,0.3747131762874121,1.185567500787316,3.285148312114034,0.5705639632768309,5.37814253171233,-17.86,0.6886,0.2554,0.76675,0.38980000000000004,1.3152,0.7824
12.543800000000001,1.0952000000000002,11.176,11.512,237.685,0.09787228616891784,-18.808,19.810000000000002,48.230000000000004,-48.230000000000004,1.7313571782926095e-07,24.114997961559688,41.76840640141748,24.115002138400214,41.76840398991747,-41.76840640141748,0.0,13440126.80426108,22757332.76020597,0.40818667810632464,0.4130153125637578,1.1227194036454935,1.4334018874617724,1.6320301151969077,3.9392297412015975,9666527.04934301,16.114444619125763,13.964886804915812,0.46217024974145454,-0.016165323752189768,20.718828408210037,0.5406696197790514,856302483.306088,40.17064804177011,25373.54655441485,22854341.484983057,-6.341034239959454e-07,-3.2432446293186735e-08,-13.521213053869511,40.185222856562135,116.31669973354992,116.3175096596431,75.3203669833819,67006.86038018961,77114792.1463826,1.0659729975403156,0.3825054906669036,1.4028366287897833,3.3327633281873577,0.3779800613622936,1.2265073164802822,3.294198398864238,0.5402023433171443,5.408592979037005,-2.379999999999999,0.47740000000000005,0.5518,0.94225,0.9385999999999999,0.984,1.2896
12.1938,0.7455999999999999,13.352,7.864,249.805,0.09540649569593378,-22.872,14.518,42.63,-42.63,1.5303287686214792e-07,21.314998198243615,36.9186640035751,21.31500189010991,36.91866187207509,-36.9186640035751,0.0,12514945.472965222,20593024.749160625,0.4025541688026713,0.40831595553894795,1.0617844175084752,1.357172523177748,1.5636117939651522,3.9168826913046355,9381926.609308848,14.945541474009223,8.867671177477884,0.25787735176438215,-0.010824070857843917,17.48974025836791,0.5203538737112879,666262332.5576179,31.291127468864122,23314.47211404814,20690046.666762605,-5.950605172973164e-07,-3.616730962652942e-08,-17.538370721760906,31.30767070273145,101.51515502206209,101.51615052079875,68.07883800247895,70423.66475492045,79280274.64212695,1.246201246787576,0.37801948899911836,1.341659520310892,3.3157553912652027,0.3726074069895224,1.1594811634745736,3.279658984807992,0.570360473034954,5.359482452502268,-8.979999999999999,0.2326,0.1474,0.83125,1.0338,0.816,1.3184
11.2698,0.9088,13.6,9.528,238.79500000000002,0.09762881629319739,-19.256,9.45,50.59,-50.59,1.8160762937968715e-07,25.29499786181432,43.81222641193676,25.29500224303684,43.81222388243676,-43.81222641193676,0.0,11944095.222811509,20232565.63958799,0.4075838823452099,0.4124927472183463,1.1168753488091137,1.426108617617643,1.6255382124986208,3.936987786837432,9146314.856885754,19.2304517561849,5.94364500974562,0.43948811520713876,-0.012893181379243841,16.900280987798517,0.7582687702192963,638194992.7314849,23.11038501850518,22869.20411119926,20329557.93032154,-6.939241155987447e-07,-3.699033205267485e-08,-15.338491442430804,23.121382280808547,119.12610368528252,119.13216414105537,81.45664986163106,67319.78553332092,77323711.92392085,1.0903323814225903,0.3820842228093236,1.3970276999399747,3.331085276530155,0.37748162028759025,1.220090013990155,3.292752664298213,0.5489894809500443,5.4039019773613,-13.86,0.47140000000000004,0.2902,0.94175,1.4538,1.0735999999999999,1.3328
9.4498,1.0536,11.68,12.376000000000001,244.495,0.09643747827956185,-18.344,14.21,58.95,-58.95,2.1161829910916302e-07,29.47499750847903,51.05219899157289,29.475002613698788,51.05219604407288,-51.05219899157289,0.0,11828119.893191965,15276302.103083408,0.40478474785302837,0.41012207456836486,1.0877665797563962,1.3896707958006376,1.5929900077794856,3.926099564536676,8981683.5449892,23.127868508009715,5.797766272900462,0.4130461627533173,-0.019977528066405424,15.906164920814717,0.6114635389170283,592080560.4257541,24.089707991756022,17975.790096949382,15373268.772398707,-8.657703446372336e-07,-4.968211476759017e-08,-13.449154535579067,24.1034441664814,124.72981280069082,124.73607096864198,88.78079301342815,68926.69848183292,78361729.64923596,1.1833795089556012,0.37991932312628046,1.367907830142726,3.3228463698100907,0.3749083444200384,1.1880347162971536,3.285676139042257,0.5694267157216512,5.379892530163996,-11.540000000000001,0.1726,0.3382,0.75625,0.1434,1.4528,0.7472
11.0318,0.916,11.2,9.864,235.10500000000002,0.09843934347111376,-21.944,12.25,52.99,-52.99,1.90223132651307e-07,26.49499776037835,45.890687439583495,26.495002349446967,45.89068479008349,-45.890687439583495,0.0,12084522.435093418,19131103.198681775,0.40934364091460645,0.41398436786241993,1.1364675587967497,1.4505443989391922,1.6471937465887734,3.9445178912543417,9063744.68513618,20.334548639166666,8.596037695356426,0.30812073094722664,-0.020234618710848425,19.388320159808497,0.43059079804435585,637669912.334367,30.546609314948853,21751.806477213617,19228081.240935557,-6.948009478622557e-07,-3.704011432355499e-08,-17.24095942562367,30.5583933708757,122.80759241365713,122.81361861205897,81.42802465894025,66279.52083507366,76621113.72709721,1.0104989871908867,0.3834829081285052,1.4164524799116573,3.336746060484759,0.3791349229242943,1.2416403520312187,3.2976483104659415,0.5198124808425635,5.419499259320353,-19.78,0.40900000000000003,0.6813999999999999,0.93275,0.20779999999999998,0.7392,0.9232
11.6618,0.8104,12.176,10.168,240.085,0.0973531751896141,-23.976,9.73,52.43,-52.43,1.882128485545957e-07,26.214997784046744,45.40571319979926,26.215002324617938,45.40571057829925,-45.40571319979926,0.0,12562573.217974233,22638778.231162947,0.40687216609618465,0.4118732469628699,1.1101496697809665,1.4177089230784559,1.61804788337102,3.9343784345642407,9320662.571524912,20.535796782077725,6.3977847042418485,0.2794153030156089,-0.017682827070325917,19.252053698986536,0.5406058289918717,581643251.1182001,27.059077831226613,25171.79077283427,22735752.39419213,-7.160034467847786e-07,-3.597122925597225e-08,-19.441768625199874,27.071629756277925,134.22969899177522,134.23615235276534,91.5355708650399,67683.4553058789,77563924.01322916,1.1177951977403597,0.3815307825965597,1.390319827247117,3.3291142391093356,0.3768401574266881,1.212693430794759,3.291050591816483,0.5583332509383847,5.397483366755493,-9.379999999999999,0.1678,0.2614,0.85775,1.4874,1.4176,1.3808
9.2958,0.9880000000000001,13.792,12.296,245.995,0.09613881684859361,-16.056,10.794,55.150000000000006,-55.150000000000006,1.979770855957649e-07,27.57499766908598,47.76130236446556,27.575002445216086,47.76129960696555,-47.76130236446556,0.0,11277475.786634773,14922531.407280328,0.4041103920545426,0.40956490610162144,1.0803075142797873,1.3803493991232505,1.5845854355855375,3.9234127393116736,8888800.28042807,20.982467263109175,5.999349554055085,0.7458555151021294,-0.01317706457978701,13.766070738498726,1.1041903348636828,755572767.0498908,19.939533421524672,17675.69368544767,15019514.52496546,-8.486079199642287e-07,-4.929696700000196e-08,-12.020886549255955,19.951854564412457,113.96805071413118,113.97423874567507,82.55556405561107,69349.57031038875,78625635.49275671,1.2062277272663715,0.379379429899018,1.360398101916572,3.3207923090021114,0.37425710099318094,1.1798443733932942,3.283929184806194,0.5732998126706232,5.374059199953154,-18.54,0.22540000000000002,0.47019999999999995,0.97525,0.10700000000000001,0.8368,0.8096
11.0598,0.9984000000000001,11.056000000000001,8.632,249.505,0.0954628188852579,-19.944,15.526,55.75,-55.75,2.0013096141366985e-07,27.874997643726985,48.28091762137724,27.875002471818615,48.28091483387723,-48.28091762137724,0.0,12696603.043472055,20376530.316154208,0.40251771358729643,0.40825212229722524,1.0632201846935498,1.3589454691555305,1.5652222678209138,3.917341688720005,9341163.258585684,20.532045675493208,7.7309075953717254,0.3999071799547313,-0.023135933408973797,21.085293613390157,0.5291423940910271,629950529.5923321,30.89418542973091,22978.795161584203,20473504.66374794,-7.380950975455521e-07,-3.788310717446207e-08,-15.162126962557943,30.91236331400725,131.37340286110293,131.37965442036798,90.48689082022466,70339.09038920928,79229704.01857059,1.243140902211691,0.3781234231521517,1.3431192551521087,3.3161412456641997,0.3727345745040051,1.1610610218329764,3.2799846407955275,0.5706554258037041,5.360579537285255,-3.5799999999999983,0.2002,0.11860000000000001,0.82125,1.4118000000000002,1.3056,1.4784
12.3618,0.8544,12.496,11.624,248.36499999999998,0.0956777940373993,-21.544,13.734,49.11,-49.11,1.7629473569552154e-07,24.5549979243665,42.530508778221275,24.555002177417258,42.53050632272127,-42.530508778221275,0.0,13025363.646396333,23056659.62042339,0.40311263478598275,0.408756745475979,1.0687261831406067,1.3658484223466942,1.5714883805337903,3.919299064726921,9554098.614771046,17.779196643828485,7.146691077290061,0.29953419756102545,-0.013396436693152979,18.612743735768557,0.5013239410888658,595615182.8734391,28.741448561585116,25645.614356348466,23153654.551638614,-6.559544346839675e-07,-3.4598244500310454e-08,-16.69514651393616,28.757823466322826,122.83813366347208,122.83895663696612,80.47167489965013,70017.70779950688,79036387.4801338,1.2315327714787814,0.37853053122945085,1.3486969730941976,3.317630959271728,0.37322894088665715,1.167104253557343,3.2812444253445445,0.5717834064943657,5.364936816120827,-2.5799999999999983,0.6789999999999999,0.4354,0.75375,0.42900000000000005,1.3296000000000001,1.0064
12.4318,0.7248,11.464,9.688,246.055,0.09612700264806044,-23.544,15.33,47.31,-47.31,1.6983310824180666e-07,23.654998000443477,40.97166300748623,23.655002097609664,40.971660641986226,-40.97166300748623,0.0,13164723.99978349,23674281.416658044,0.4041811666424398,0.4096419075845621,1.080013031005918,1.379994496652139,1.5842651199998554,3.9233279674840382,9576025.915339492,16.59068674956358,11.67168877420297,0.33967721772146875,-0.017139659729408,21.165258704298015,0.4177554592096778,736062852.2293227,38.45084540970792,26254.053833722453,23771279.865638126,-6.543249821582527e-07,-3.2454556978635304e-08,-18.322114284081444,38.469395064531,120.43486482341837,120.43571454250062,81.0126588614468,69366.48518353097,78636118.96585628,1.2071470556589923,0.37935784217942425,1.3600988500115947,3.3207108733136153,0.3742310366636176,1.1795187544916028,3.2838600624576637,0.5734515908856191,5.3738262924147815,-3.1000000000000014,0.6322,0.18220000000000003,0.86475,1.073,1.0415999999999999,1.2191999999999998
10.1918,0.9536,13.576,10.120000000000001,239.425,0.09749262095077693,-17.736,11.326,60.55,-60.55,2.1736196795690958e-07,30.27499744085505,52.437839676670706,30.27500268463887,52.43783664917069,-52.437839676670706,0.0,12477026.073165875,19716242.175268352,0.40718286719381075,0.4121365806836228,1.1135767956564728,1.4219856179333188,1.6218572404266285,3.935715510644901,9350262.38024417,24.757097217583464,5.398058267709445,0.7131231304419346,-0.01830802915113454,16.69277382264035,1.0815304978486338,702378379.5031748,19.34677320582172,22286.691003224423,19813203.88467703,-8.235601044399336e-07,-4.5136423814344835e-08,-13.70638875996034,19.35596834566401,142.5253228492888,142.53177128343415,101.60369375398044,67497.39170131435,77441202.33013992,1.1042885192910472,0.3818449175272244,1.3937438791773915,3.330142148046972,0.37719829233349783,1.2164724792787267,3.2919421095513433,0.5539916979224254,5.401239660774815,-5.0600000000000005,0.1834,0.2338,0.87975,0.8069999999999999,1.2608000000000001,1.04
8.1338,0.8496,13.688,8.216000000000001,247.375,0.09586945477499827,-16.6,11.27,44.15,-44.15,1.5848936226750717e-07,22.074998134000833,38.235022654418025,22.07500195750299,38.23502044691802,-38.235022654418025,0.0,9979182.998177918,10397280.890097741,0.40365990316762757,0.40922696768191574,1.0735425687533282,1.3718987107146359,1.5769635239255446,3.9210428414562437,8356220.486575529,15.336091651771643,8.153391913633683,0.41290849842549654,-0.009612540392418453,12.327950956071385,0.69780164003325,732811862.1655688,25.898000335231565,13383.301596365196,10494310.223694459,-7.270305400273411e-07,-5.07218935163378e-08,-12.05794196786268,25.91099198426677,77.81596883317792,77.81856681837083,57.00501994316231,69738.61239266007,78865035.50045738,1.221504086951528,0.3788857188778027,1.3535667931003421,3.318941476884211,0.37365934230496717,1.1723972963180695,3.282355813429608,0.5727782834131661,5.368752074505703,-8.7,0.229,0.5818,0.78975,0.373,0.96,0.952
9.869800000000001,0.9776,13.879999999999999,12.52,248.725,0.09560929547403497,-20.376,14.574000000000002,45.75,-45.75,1.6423303111525373e-07,22.874998066376854,39.62066333951585,22.875002028443078,39.62066105201585,-39.62066333951585,0.0,12111670.422018327,16429979.446329739,0.4029400171053792,0.4086131280866828,1.066985485299088,1.3636668758848607,1.569513085233718,3.918688241284621,9245359.585590545,16.393904090131805,6.629479260326635,0.35271195119431703,-0.009230975262139242,13.739178799107899,0.7049291131612428,662256556.9362336,25.418420860643973,19228.823972317434,16526992.69683459,-7.485125746508804e-07,-4.816743247614664e-08,-14.7846231099103,25.433943835828725,99.71348953026386,99.71491747192171,71.68163959672398,70119.19703836026,79097545.10746941,1.235183966077275,0.3784058094101509,1.3469360610824872,3.317162232689742,0.37307652326867113,1.1651917671851255,3.2808476582610147,0.5714236035129874,5.3636177886402665,-4.58,0.37539999999999996,0.1714,0.91025,0.1378,0.9152,1.032
9.617799999999999,0.7256,11.344,12.184000000000001,241.045,0.09714830991897742,-23.592,15.414,45.99,-45.99,1.6509458144241574e-07,22.994998056233257,39.82850944228053,22.995002039084092,39.828507142780516,-39.82850944228053,0.0,11613877.161639063,14553570.250937961,0.40653762849918773,0.41161335876945715,1.1052267470901649,1.4115505212016586,1.612579308431386,3.9325728564830364,8893067.827330308,16.46689948522694,13.010349386698893,0.24592270346791215,-0.01581442578948852,15.334769035165921,0.36929074819875907,751004221.8833995,37.89122992166861,17363.630792557633,14650574.506368034,-7.263876141854157e-07,-4.520169375767353e-08,-17.37416034077614,37.90352138867069,96.92240976469718,96.92376734911417,67.31622971655806,67954.0932761546,77740280.07579996,1.1318755748066969,0.38118536304944384,1.3854070234893494,3.3277284099018045,0.37642548218782446,1.2072550024606277,3.289856449919068,0.5607586299182733,5.393724514500798,-13.82,0.3862,0.3478,0.92625,1.4622,0.7615999999999999,1.312
12.3338,0.788,11.576,11.8,238.04500000000002,0.09779284267916455,-23.064,11.746,59.83,-59.83,2.1477731697542363e-07,29.91499747128584,51.81430136837668,29.91500265271583,51.81429837687668,-51.81430136837668,0.0,14087852.724590145,28929057.4733888,0.40782737109049944,0.4126795784913332,1.120815777656727,1.4310020255858733,1.6298946474170337,3.9384543639771663,9939970.802626153,24.704330343076,5.762205759549312,0.3878681006569169,-0.0231635551613571,22.23216446208443,0.5275552966554583,577370244.8638124,27.44120108979057,31249.351542111926,29026010.2353494,-8.224750153943514e-07,-3.4830675275218304e-08,-18.612561328740583,27.452014037312562,171.08752614044198,171.09466095170131,120.33090505335136,67108.34961904302,77182807.33389503,1.0738411353221289,0.3823689120377786,1.400949406531925,3.332216789824522,0.37781850745189216,1.2244198865105513,3.2937270179422597,0.5430484087430062,5.4070715044180435,-12.46,0.367,0.6165999999999999,0.93575,1.2074,1.2591999999999999,1.384
11.3538,1.06,11.44,10.584,236.755,0.09807935846912633,-22.856,15.862,47.63,-47.63,1.7098184201135598e-07,23.81499798691868,41.248791144505795,23.815002111797682,41.248788763005784,-41.248791144505795,0.0,12537922.94684964,19109793.25120058,0.40863743611744996,0.41339853812009086,1.127648588608073,1.4395496827629335,1.6374838864376617,3.941123227983567,9271250.401835322,17.24644029879852,11.738836663706195,0.28259795906081825,-0.016472469293355503,18.567305648362442,0.40385113694122377,751358668.7375019,35.779690148854634,21788.354426933536,19206792.315341767,-6.382660557297254e-07,-3.7169751877246935e-08,-17.28068499049061,35.7912780529354,109.71436107432203,109.71529708302333,71.43377018616474,66744.679846485,76937944.18974243,1.0457879450824907,0.38285821801489145,1.4077265787383766,3.334185703799652,0.37839705340865365,1.231927116974388,3.295427422138964,0.5327416779423803,5.412526034302486,-5.5,0.25780000000000003,0.373,0.97875,1.4258000000000002,0.8976,1.0512
9.6878,0.8664000000000001,11.975999999999999,9.384,241.85500000000002,0.09697716572876243,-18.904,14.322,55.95,-55.95,2.008489200196382e-07,27.97499763527399,48.45412270701447,27.975002480686125,48.45411990951446,-48.45412270701447,0.0,11878513.422445998,16044505.276039802,0.40605813759032405,0.4111939086165121,1.1010928816025114,1.4063530490500973,1.6079484090472058,3.9310090925827303,9024074.654045468,21.525936688527178,6.21358887555001,0.38019935648757913,-0.01952463653043777,17.07631965910847,0.6075928359328899,609604239.0526881,24.698406358869768,18744.227384056347,16141480.721113816,-7.561224456038047e-07,-4.550170805880599e-08,-14.086879037307689,24.71140099766717,119.5103609016087,119.51645491594975,83.2619547868908,68182.44406357473,77888312.5364203,1.143840968886243,0.38089388309853967,1.381278848066538,3.326570781991861,0.376075242637903,1.202698102258236,3.2888614832252,0.562806064239948,5.390556951648041,-3.66,0.35739999999999994,0.4366,0.89625,0.1574,0.752,0.9087999999999999
11.3678,0.8096,12.112,7.112,246.71500000000003,0.09599827625938169,-18.712,10.962,52.910000000000004,-52.910000000000004,1.8993594920891968e-07,26.45499776375955,45.821405405328605,26.455002345899963,45.8214027598286,-45.821405405328605,0.0,11601246.090577088,18812526.798891537,0.4038468729073828,0.4093589742528785,1.076762363432617,1.3759207469974162,1.5805868766254452,3.9221518962299373,8919508.896175224,19.55623705051823,6.760904378046746,0.3564279887080107,-0.018387162252401258,19.176700487799362,0.5819698363378236,622701498.9408674,26.588493122590677,21477.524204123092,18909512.081820175,-6.831920034962334e-07,-3.5800724737685344e-08,-14.774741824765497,26.603700749013743,119.5724348823862,119.5784500219121,80.13158571401827,69552.54878809552,78750976.08385144,1.214869714170795,0.3791142554062978,1.356817800319771,3.3198150569911298,0.37393820481115314,1.1759451594798591,3.2830983252240946,0.5734997239580643,5.3711743298200165,-18.7,0.38139999999999996,0.35739999999999994,0.89325,1.4482,1.4576,0.9904
8.1198,0.9112,13.064,7.144,241.315,0.09709101100189152,-20.695999999999998,16.450000000000003,45.03,-45.03,1.6164838013376778e-07,22.514998096807645,38.997125031221834,22.51500199652004,38.99712277972183,-38.997125031221834,0.0,11252008.270969434,12232597.899020191,0.406406479268727,0.4115027163723009,1.1038470038091168,1.4098198025600912,1.61103894224874,3.9320586834975155,8829893.869795104,16.142114985860097,8.810863103537258,0.30012856602037985,-0.012023827493045997,13.824532818119874,0.6225180185089191,726397397.6160877,28.494709746892358,15132.540915872547,12329614.765461434,-7.013389094104286e-07,-5.413675471221091e-08,-14.519683778956617,28.50683030280691,86.3271235800066,86.32915083465261,63.27933772227833,68030.21020529463,77789764.57003672,1.1358554147661077,0.3810882063505949,1.384029229763546,3.327341353306127,0.376308772023301,1.2057328115864931,3.2895235241094967,0.5614410830306144,5.392668265200101,-15.42,0.6586,0.157,0.95825,0.6669999999999999,0.9471999999999999,1.0896
9.5198,0.7183999999999999,12.120000000000001,11.592,237.955,0.09781266088351684,-21.016,18.55,48.11,-48.11,1.7270494266567995e-07,24.054997966631486,41.66448335003514,24.055002133079704,41.66448094453513,-41.66448335003514,0.0,12077780.717306968,14428462.910200983,0.4080068350716315,0.41285463831590846,1.121293231636125,1.4316181183523649,1.6304444265382292,3.93867828591723,9108495.772368034,17.542735507192493,9.131310960107417,0.2767796923460427,-0.013437350161988068,14.875176581795973,0.4920660700412972,685844307.5661476,30.411729162703374,17233.317454527005,14525465.915251514,-7.488968490936979e-07,-5.031916511293547e-08,-14.576313147135163,30.424131546919178,98.99847952650356,98.9999147344825,70.03188456835116,67082.97730932967,77165826.14549403,1.071871199720923,0.38240305931275426,1.4014209257137162,3.332353216028917,0.3778589036731638,1.2249411995751907,3.2938446377749417,0.5423365271412091,5.407451837353372,-9.58,0.5206000000000001,0.2626,0.95425,0.33940000000000003,0.9807999999999999,0.76
10.625800000000002,0.832,13.328,6.888,247.885,0.09576971756845974,-22.664,13.566,53.99,-53.99,1.9381292568114862e-07,26.994997718113364,46.756712867769636,26.99500239378452,46.75671016826963,-46.756712867769636,0.0,12716889.372508556,20321793.856216736,0.4032242528979758,0.40882795140550027,1.0710508893436022,1.3687471617500766,1.574109066450863,3.920092776241327,9434212.64913219,20.63761847054523,5.2330416066537495,0.41561588920741166,-0.01722922957438206,17.68044920248013,0.7041739244310714,617106805.7481066,22.842043878060338,22920.652100646315,20418767.257066336,-7.617010885415811e-07,-4.548722632999471e-08,-17.539778511451626,22.855417915733394,130.2079964634838,130.21447111928475,93.36911461352211,69882.38881436903,78954499.38048664,1.226675430371338,0.3786968186784769,1.3510494628624536,3.318258814349457,0.3734320636487372,1.169662711918261,3.281776507204003,0.5722665178569071,5.366696698286058,-4.66,0.5434,0.36460000000000004,0.96225,0.9525999999999999,0.8111999999999999,1.328
12.529800000000002,0.9856,10.952,13.896,239.785,0.09741506835439316,-20.968,13.062000000000001,48.87,-48.87,1.7543318536835956e-07,24.434997934510093,42.3226626754566,24.435002166776243,42.3226602319566,-42.3226626754566,0.0,12508888.637734855,22006154.999011867,0.40711825218311054,0.4121001113953843,1.1117016173220053,1.419666116695697,1.6197847125649711,3.9350370991035195,9267270.072801676,17.269977429196313,12.243657886807904,0.38235784757555613,-0.015597592554403445,19.174355343952392,0.433259051287595,748003919.631604,38.869785751518314,24613.391302153756,22103152.01950287,-7.449156754852736e-07,-3.304004877519553e-08,-16.32647985831415,38.88572806829077,119.54692347097053,119.54778333538061,81.20383611411111,67598.88094016773,77508280.20913897,1.112305346766814,0.3817081022422681,1.3918716925429457,3.329606203640123,0.37703625108464794,1.2144133656842249,3.2914821475759815,0.5568597994503115,5.399718324036814,-12.26,0.5998,0.4678,0.85025,0.7145999999999999,1.176,0.7984
9.7438,0.9888000000000001,14.248000000000001,12.328,243.895,0.09655753246988778,-22.488,12.11,59.31,-59.31,2.12910624599906e-07,29.654997493263636,51.363968145719895,29.655002629660306,51.363965180219886,-51.363968145719895,0.0,13194720.848667642,21210700.695437007,0.4050090618570547,0.41029940915174234,1.0907771706915543,1.3934236801727875,1.596369530292337,3.9271833392905062,9678798.45177327,24.250135632353466,5.360263294076813,0.708390104073078,-0.01619820149662952,15.270818341207757,1.0893186529330616,714189029.2239751,19.211741930381795,23735.90467298222,21307656.391906105,-9.381442946768254e-07,-5.370179419397221e-08,-17.353012989799467,19.22154436504705,149.3547299207117,149.36163794257507,112.77814973716879,68757.54975041062,78255252.31401365,1.1743207943578617,0.3801474807109348,1.3709386714330973,3.3236896997326717,0.37518015381693864,1.191343705250268,3.2863953420766623,0.5679282356605538,5.382412751313465,-19.66,0.2914,0.571,0.80475,1.1486,0.9168,1.1440000000000001
12.9358,0.9248000000000001,13.864,7.5920000000000005,238.40500000000003,0.0977138571683724,-17.896,14.658000000000001,53.43,-53.43,1.918026415844373e-07,26.714997741781755,46.2717386279854,26.71500236895549,46.27173595648539,-46.2717386279854,0.0,13304780.472731646,24735377.862535387,0.4077324579848179,0.41261213376634065,1.118922340877054,1.4286534001941527,1.6278053027200694,3.9377537090718064,9695287.754550364,20.45638300922461,5.469798612085742,0.502410369718172,-0.014189879185333366,19.167796524197296,0.8311796750374588,648300512.5021498,22.194563727813076,27247.906934479062,24832364.90515843,-6.876411923305804e-07,-3.674528607607457e-08,-13.581132006631622,22.204679808672903,134.94514589114144,134.95140620838808,90.38458628158357,67209.8388578964,77250578.4229981,1.0817402178793996,0.3822322888387078,1.3990653005429194,3.3316724709066654,0.3776568577877359,1.2223383797458816,3.29325804338054,0.5458981953496932,5.405550131037479,-14.379999999999999,0.31179999999999997,0.6993999999999999,0.80275,0.2974,1.0495999999999999,0.8815999999999999
10.0658,0.7968,13.496,10.648,249.715,0.09542338295965294,-20.36,10.206,60.95,-60.95,2.1879788516884626e-07,30.474997423949056,52.78424984794516,30.475002702373896,52.78424680044515,-52.78424984794516,0.0,12352851.038492974,19651007.221270338,0.4023408389587791,0.4080907924708712,1.0622102054679705,1.357668989965195,1.5640621250918512,3.9169671224466667,9291773.324817577,24.690230849975922,5.0744712968676415,0.6593022490878805,-0.01929239283800444,16.28211254180852,1.000024156323987,676152873.4322333,19.80689785474312,22219.42800640579,19747961.695764318,-9.211057537517663e-07,-4.9034220739860785e-08,-16.04594524067063,19.81868529458382,147.8187224968705,147.82553747777538,110.07432839143023,70398.2924452071,79265104.87031272,1.2452825480980991,0.37805066419668304,1.3420972115935281,3.3158710078976754,0.3726455568095769,1.1599547204246394,3.2797565367792303,0.5704488032367196,5.359811442027024,-11.34,0.3538,0.1414,0.84675,0.5382,1.168,0.9936
11.5918,0.7608,11.768,10.488,238.76500000000001,0.0976353381900763,-21.576,12.754000000000001,46.67,-46.67,1.6753564070270803e-07,23.334998027493068,40.4174067334471,23.335002069233628,40.417404399947095,-40.4174067334471,0.0,11985157.992649462,19120464.50311535,0.4077166694055939,0.4126250709240572,1.1170353101821264,1.4263246572621764,1.6257321044964097,3.937078778725033,9075402.125950575,16.790912518565907,10.96970957614775,0.2877478522299024,-0.014857941441291768,18.266616405626205,0.4283602114773887,732964433.2354323,34.131735896002304,21817.1465119126,19217469.434701256,-6.238234242306093e-07,-3.407908661702253e-08,-16.789564345229874,34.143771941581335,106.92263689438366,106.9235819921456,69.39902798943801,67311.32809674981,77318097.04974027,1.089670153699968,0.3820956098410847,1.3971842825843468,3.33113034421057,0.37749509950245774,1.2202626963004293,3.292791433204651,0.548751543365856,5.404028692239876,-17.7,0.2818,0.4378000000000001,0.97075,1.325,1.1264,1.216
9.3798,0.9152,10.848,6.76,246.50500000000002,0.096039665127689,-20.536,11.102,55.31,-55.31,1.9855145248053957e-07,27.65499766232358,47.89986643297534,27.655002452310093,47.89986366747533,-47.89986643297534,0.0,10849869.944982588,14024459.138608105,0.4039197002443575,0.40941477354455974,1.0777901149288378,1.3772083002110438,1.5817455395475133,3.922516426957991,8544314.857124023,20.75963613805866,8.02003295984355,0.3110631888319787,-0.025803081702263347,18.437296227570265,0.4739572033430315,628404512.435606,29.56315078286977,16772.513911861213,14121431.5988862,-7.179189857393738e-07,-4.402353792680144e-08,-16.03158229389956,29.579699412133863,112.92528529276193,112.93139935897068,77.99612864332448,69493.34673209769,78714420.75001526,1.2127635232527094,0.3791869998834361,1.3578543669212868,3.3200943875949145,0.3740269167682888,1.177077903193101,3.283336026403294,0.5737172394087539,5.371946144235542,-12.86,0.2998,0.5866,0.76025,0.6334,0.8096,1.0
10.177800000000001,0.8351999999999999,12.416,6.28,247.105,0.09592195958225389,-23.368,17.85,42.95,-42.95,1.5418161063169723e-07,21.474998184718817,37.19579214059466,21.47500190429793,37.19578999309466,-37.19579214059466,0.0,11900297.0745346,15336401.215996161,0.4037871130476155,0.4093324869254723,1.0748598457712433,1.3735499832825795,1.578452343203745,3.9215067187956656,9062182.594054166,14.831523516457114,12.473902555544424,0.2510423035938213,-0.014802173392963523,16.50261834539667,0.4431953764433261,796305216.0889874,36.725254583796115,18179.352890535953,15433422.02312067,-6.216315843493942e-07,-4.444906905153183e-08,-16.998976828270703,36.737948584990775,90.08855450034439,90.08995809576946,62.520649061150564,69662.49546352001,78818492.94966389,1.218784671206086,0.37897923748101076,1.3548955917836765,3.3192981104326478,0.37377347140970213,1.1738464823151253,3.2826587692830143,0.5730615930490139,5.369743179205957,-5.74,0.5122,0.175,0.9197500000000001,0.8293999999999999,1.3744,0.736
10.9058,0.9720000000000001,13.264,7.176,235.28500000000003,0.09839903431852602,-22.904,20.846,61.03,-61.03,2.1908506861123357e-07,30.514997420567855,52.85353188220005,30.5150027059209,52.85352883070004,-52.85353188220005,0.0,14541394.622128658,23207568.048484504,0.4091229520494324,0.41377472777268876,1.1354978226264383,1.4493138502379521,1.646107622229537,3.9441036593295347,10134345.358001608,25.690382260595662,6.700856522039857,0.5778929409257167,-0.021961796726441052,19.00022910473004,0.9393346824805259,642795431.2455782,21.229981756825868,25665.17515434166,23304521.57061577,-8.366675394931192e-07,-5.2954494200030454e-08,-16.598368460617532,21.23822711100031,158.31706809393566,158.32390864492652,115.94100370133948,66330.26545450036,76656009.16828485,1.0143167264669732,0.38341481048442533,1.415497411944038,3.3364644120398115,0.37905453134095646,1.2405746047966517,3.2974034612301417,0.5212186067712032,5.418738510844791,-19.14,0.6225999999999999,0.133,0.94825,1.1458,0.944,1.3408
12.5718,0.7944,14.16,13.16,245.065,0.09632320026911478,-19.08,12.362,44.230000000000004,-44.230000000000004,1.587765457098945e-07,22.114998130619636,38.30430468867292,22.115001961049998,38.30430247717292,-38.30430468867292,0.0,12255138.554070503,20268339.96835787,0.40466629902390966,0.41005025491976554,1.0849265785299476,1.3861393289341284,1.5898115621688313,3.9251051238696686,9322425.453704245,15.786541007846155,6.865075167988049,0.3252350654512367,-0.008046083709714984,15.160472407934627,0.5719244384880454,658714967.3375983,26.030171048473207,22993.39637236129,20365362.818053972,-6.872615132153488e-07,-3.751752207959836e-08,-14.512831634759452,26.04413756976654,103.37875482297726,103.37976008148192,70.90440979939075,69087.38977668413,78462442.95624815,1.1920237499045558,0.37971427708043526,1.3650480389240813,3.3220618878980948,0.37466109804591907,1.1849110490249428,3.285008100352828,0.5708672075991303,5.37767585471471,-10.5,0.547,0.1018,0.95725,0.9637999999999999,1.4224,0.8832
9.1838,1.096,12.792,10.472000000000001,237.62500000000003,0.09788557056771488,-16.92,20.762,59.19,-59.19,2.12479849436325e-07,29.59499749833543,51.260045094337556,29.5950026243398,51.26004213483755,-51.260045094337556,0.0,12746567.227636376,14715524.849155206,0.4080481858865157,0.412870138856097,1.1230328676897325,1.4337698932941152,1.6323552685648097,3.9393110780934584,9387185.843663951,23.489608801008973,6.473780960719223,0.6664139336642858,-0.0181288038412019,15.162437045095958,0.9651876291578698,657043973.915056,21.06583734183309,17431.956881280516,14812496.826299759,-8.725302733293363e-07,-6.11555435739154e-08,-10.845586027670535,21.076194763181228,121.26592429994085,121.27213165109106,88.95517871921766,66989.94550704739,77103433.28476435,1.0646647858472356,0.38252824885754044,1.4031514318401905,3.332854625423157,0.37800697628163465,1.2268557493798136,3.2942771883670887,0.5397285847932951,5.408846570236796,-13.1,0.3058,0.6718,0.86125,1.1738,1.3776,1.2752
10.3038,0.9552,12.28,6.536,243.77499999999998,0.09658192113063971,-22.824,20.286,54.67,-54.67,1.962539849414409e-07,27.33499768937317,47.34561015893621,27.335002423934057,47.3456074254362,-47.34561015893621,0.0,13139634.311654937,18373860.182752747,0.4051357287447671,0.41041801064069056,1.0913811515508371,1.3941901210494863,1.5970582287747472,3.9274238574379847,9532740.136443885,20.88776654940126,6.0132217710993245,0.31669572741130914,-0.02027934250334392,18.411280370114287,0.5592699119242995,575108223.1175618,25.84191647498211,21015.319037855726,18470833.992188986,-7.519261448588872e-07,-5.0632376228706255e-08,-16.421454472509215,25.85574421223859,125.89349281309063,125.89979846065972,90.03220781043099,68723.72000412615,78233868.76093818,1.1725139070702697,0.38019066750003916,1.3715435055417458,3.3238566521438013,0.3752321722104973,1.192006227267617,3.28653786459445,0.5676249424541195,5.382880325120176,-5.460000000000001,0.4102,0.31779999999999997,0.88775,0.6417999999999999,0.9007999999999999,1.3632
9.3938,0.8296,11.824,12.648,235.255,0.09840573766782516,-20.904,8.526,46.39,-46.39,1.6653049865435238e-07,23.194998039327263,40.17491961355498,23.195002056819114,40.17491729405497,-40.17491961355498,0.0,10438154.163283134,13790441.852615764,0.4093576233648424,0.4140104461740225,1.1356632686982342,1.4495533690429017,1.6463219952447292,3.9442303446004447,8437636.15278206,17.205433052577845,10.363338654855639,0.2579411718706848,-0.013204507577880952,14.445801383969457,0.4754652296023777,720985655.1273836,31.738691279807036,16613.708815058242,13887447.532902261,-7.349075988485402e-07,-4.118408576254122e-08,-16.441288313434246,31.74789854718131,93.95881743559069,93.96029232068246,64.89012837537831,66321.80801792922,76650198.25506005,1.0136799129000884,0.383426157352244,1.4156565166527841,3.3365113059242546,0.37906792829503194,1.2407521144841487,3.297444220801322,0.5209841778178498,5.418865251914942,-10.82,0.4282,0.661,0.88025,1.157,1.1936,0.7807999999999999
12.1798,0.736,13.672,6.904,237.26500000000001,0.09796567241844482,-19.336,16.366,44.35,-44.35,1.592073208734755e-07,22.174998125547837,38.40822774005526,22.175001966370505,38.40822552255525,-38.40822774005526,0.0,12436002.437090727,19621127.992636494,0.4084318912884077,0.4132305764712354,1.124942545612786,1.4361798314781509,1.6344970068076792,3.9400914793495168,9342709.492166221,15.911680074802385,8.278672563867197,0.314686864280224,-0.010378153712632319,17.230569761280957,0.5292699984991508,706798787.9104896,27.918111397902138,22352.46737003089,19718151.778281305,-6.006502923380555e-07,-3.754945637097112e-08,-14.26247163581116,27.92912302447099,100.77533164519258,100.77628582740742,67.4573008561561,66888.456268194,77035031.21896125,1.0568328322212164,0.38266485019652313,1.405042461750269,3.3334038663700967,0.378168485886193,1.2289500807700813,3.294751449131794,0.5368078988910074,5.410369200112203,-0.5399999999999991,0.1078,0.18580000000000002,0.90825,1.4174,1.3104,1.056
13.075800000000001,0.7232,14.168,7.672000000000001,235.975,0.09824654919036181,-20.312,12.81,59.870000000000005,-59.870000000000005,2.1492090869661732e-07,29.934997469595242,51.84894238550414,29.935002654489338,51.84893939200413,-51.84894238550414,0.0,14169790.554845238,29491362.52879599,0.408807483213508,0.41350916523347203,1.1318018287331322,1.4447021770349113,1.6420386357324868,3.942671115520664,10054066.325929828,24.853181354356767,4.975136074091198,0.6001803620994652,-0.01826701326332122,20.30329093321421,0.9161100149086181,656039384.2849553,20.172578566005768,31810.886375474536,29588321.468575556,-7.853028952350459e-07,-3.866515205656085e-08,-16.0450694015356,20.191428449903086,169.25176211699363,169.25879407558784,117.71930536783559,66524.786495636,76789151.23846462,1.029023977401604,0.38315365223200426,1.4118434644434659,3.335390079156419,0.3787461273207488,1.2365031871700545,3.2964707399895747,0.526619948259047,5.415822358914789,-8.78,0.493,0.18819999999999998,0.97475,1.4146,1.4064,0.9471999999999999
8.8198,1.0224000000000002,11.784,9.112,237.175,0.09798573300972317,-22.36,20.622,47.03,-47.03,1.68827966193451e-07,23.514998012277673,40.72917588759411,23.515002085195146,40.7291735360941,-40.72917588759411,0.0,11911669.677226104,12624904.905427206,0.40838878812892976,0.41317989905344926,1.125417866532078,1.4367620299205892,1.635012770783772,3.9402599268381615,9004564.899248831,16.76299540211197,11.428882260600325,0.2539255670531239,-0.015861879835182974,14.963204515856964,0.4578113570734991,725062743.1524355,34.190324762002625,15478.974746516587,12721910.372600287,-7.363111319615419e-07,-5.5918950360760845e-08,-15.022899429646614,34.20155759672606,92.02197434216876,92.02366843262128,66.46395749108245,66863.08395848064,77017923.52482721,1.0548799403530789,0.38269898097822563,1.4055156356713567,3.3335415007729594,0.3782088370466243,1.2294745776046971,3.294870383952043,0.5360986656948511,5.410749720645674,-19.42,0.12940000000000002,0.6537999999999999,0.92125,0.6249999999999999,1.0048,0.9807999999999999
12.753800000000002,1.048,11.808,10.600000000000001,239.635,0.09744728023143692,-22.312,14.462,51.03,-51.03,1.8318713831281746e-07,25.514997843217724,44.19327760033867,25.515002262545362,44.19327504883866,-44.19327760033867,0.0,13689410.95788068,26385964.769244567,0.4071554918763129,0.4121257224551387,1.1124826456300143,1.4206331322210557,1.6206490766537356,3.93532018282204,9793462.83068885,18.985379400191306,8.310075941871652,0.368769608601099,-0.01670832341762185,21.477140649238866,0.49583813914474584,635825555.7467504,31.913742964631673,28856.562513510315,26482950.445759695,-6.999672059909443e-07,-3.2734749070511963e-08,-17.46931156078447,31.927746409163202,135.70528005445794,135.71170502438773,92.0114597809735,67556.59375731216,77480398.07976274,1.1089611860094608,0.3817651156820362,1.3926513861728342,3.329829250619341,0.3771037817935895,1.2152706234301738,3.2916735180557484,0.5556641992791198,5.4003521984332155,-7.300000000000001,0.5242,0.1258,0.81875,1.2718,1.0224,1.3712
7.2938,0.8200000000000001,13.280000000000001,6.152,243.83500000000004,0.09656972202167942,-23.576,17.962,41.99,-41.99,1.507354093230493e-07,20.994998225293205,36.36440772953597,20.99500186173388,36.36440563003597,-36.36440772953597,0.0,11382646.935659554,11997259.88978409,0.40524297420148464,0.4105322796489727,1.0910831710826179,1.393837409028162,1.5967429593322024,3.927354998358592,8899387.068159366,14.901772387024039,10.141114591805316,0.26255329011715156,-0.011485217016276002,13.20013623590111,0.5604129462064217,743542021.8853812,31.43114044553006,14928.509916505654,12094285.151371209,-7.02388565624189e-07,-5.8459330007596496e-08,-16.291152104178522,31.443004322869776,80.8516628890537,80.85399076598294,60.88203149087319,68740.63487726839,78244562.99017565,1.1734171204557433,0.38016907923864146,1.3712410496129805,3.323773152527634,0.37520616819594893,1.1916748752848347,3.286466574932638,0.5677765888517942,5.382646605989995,-16.38,0.3166,0.4666,0.8472500000000001,0.4346,0.992,1.4944
11.2838,1.0152,11.664,10.072,241.52499999999998,0.09704660632584808,-16.472,14.742,49.95,-49.95,1.7931016184058852e-07,24.97499788886391,43.25797013789764,24.975002214660805,43.25796764039763,-43.25797013789764,0.0,11709295.71046106,17078292.26016537,0.40636095181615084,0.4114738370052613,1.1027765238868628,1.4084845950533698,1.6098500421618496,3.931670379130393,8950855.253855351,17.62238813091751,9.454589952042461,0.38274154767504054,-0.015320619501064782,18.088776662163863,0.5078034885764942,704611139.8617901,30.7988619297252,19828.049614449414,17175296.741479818,-6.314880764699518e-07,-3.577417950232446e-08,-12.107735139022552,30.812381776571822,105.3926469176348,105.39821865711248,67.61995825587839,68089.41226129243,77828165.48045292,1.1389566802048006,0.3810126386423117,1.3829588300307214,3.327041131583159,0.3762179724969331,1.2045511072027781,3.2892654607152814,0.5619719178580408,5.391847016611211,-11.86,0.6297999999999999,0.379,0.97775,0.8041999999999999,1.4144,1.32
11.325800000000001,0.9352,12.528,12.568000000000001,239.005,0.09758325604675143,-21.8,11.074,57.59,-57.59,2.0673618058857844e-07,28.794997565959413,49.87440440923974,28.795002553399716,49.87440152973973,-49.87440440923974,0.0,12757917.385322977,21861223.66629921,0.4073839244397872,0.41230674017460534,1.1157729496491824,1.4247210029458501,1.624299500815908,3.9365451017438327,9393487.335776277,23.461010645936717,5.054873929203994,0.3617572711362462,-0.018142899179938176,17.601565485086695,0.584919098346878,570759261.4328806,23.498163552239856,24379.6309645781,21958185.728702277,-8.611455353739775e-07,-4.25597905972692e-08,-17.232319894587153,23.50891610347204,145.6994387407787,145.70606855756063,103.91624995577227,67378.9875893187,77362964.73565638,1.0949739362133517,0.3820044618261994,1.3959320375279394,3.3307701520815134,0.3773872034963286,1.2188821944597266,3.292481676747367,0.5506557194487338,5.403014382796691,-13.34,0.18580000000000002,0.5686,0.89025,0.5942,0.768,1.4288
11.619800000000001,0.8048,12.84,10.04,242.99499999999998,0.09674151130581377,-18.872,11.998,50.75,-50.75,1.8218199626446179e-07,25.37499785505192,43.95079048044654,25.375002250130848,43.95078794294654,-43.95079048044654,0.0,12195158.097885078,20281749.119972397,0.4055834516378099,0.4108069519962895,1.095310106643159,1.3991209041822021,1.6014784411935594,3.928882124025124,9215394.782987857,18.762304632156745,6.518569673894378,0.3553485025915041,-0.013888826568583477,17.800542952389296,0.5583279802625836,631312350.4603615,25.519756841705753,22927.84225035344,20378742.978650697,-6.724817210205708e-07,-3.5932046749363764e-08,-14.659531861022446,25.53308869518708,118.28073747937952,118.28671908392212,79.00281743422454,68503.82665327712,78094292.65678725,1.1608108363036258,0.3804713453822452,1.3754829175006897,3.324947255737619,0.37557011019693126,1.1963280419697337,3.2874701343376085,0.5656535721208963,5.385921267664164,-4.379999999999999,0.3346,0.127,0.85225,0.723,0.7712,1.2656
8.5258,0.7568,13.928,7.736,240.535,0.09725697433073564,-21.272,14.154,60.19,-60.19,2.160696424661666e-07,30.094997456070445,52.12607052252369,30.095002668677353,52.126067513023685,-52.12607052252369,0.0,12532084.3701339,17218935.61973458,0.40657073275390543,0.4116044847603043,1.1078349718791427,1.4147917126234189,1.6154579409706276,3.9334888264242243,9386045.539988868,24.814871686960892,6.260568641911536,0.8360029150445529,-0.01928530954825119,15.28006324258712,1.2802450866976,821819002.3574533,18.780029027564282,19838.786876175785,17315892.145265706,-9.05077079164092e-07,-5.964583700040175e-08,-15.911058349959909,18.789452882634105,138.24708510214043,138.2538774680161,106.2298827463749,67810.31685444561,77646630.21434706,1.124381769451807,0.38136887610890574,1.3880142239739495,3.328462754536254,0.3766458387730375,1.210139043148792,3.2904888043328846,0.5594730867922442,5.395720744507522,-18.62,0.1378,0.5566,0.75425,0.8153999999999999,0.7263999999999999,1.008
9.0298,0.9264000000000001,12.744,13.032,249.05499999999998,0.09554780649778694,-20.616,14.714,49.55,-49.55,1.7787424462865185e-07,24.774997905769904,42.91155996662317,24.77500219692578,42.91155748912317,-42.91155996662317,0.0,11818984.224786784,14890789.916017324,0.40274758876663524,0.40844615376478227,1.0653859412968876,1.361662077618156,1.5676880900537755,3.918110403920527,9062959.165760184,18.080437360769984,6.654895267981681,0.32988339831002456,-0.012257886264901095,13.93587223578103,0.6260154646456231,634820257.9595503,26.091268542172664,17682.409300570722,14987785.802041484,-7.998994187168002e-07,-5.088942855112036e-08,-14.912629396570223,26.107543433574207,104.46237618595765,104.46395858329957,75.15155179426792,70212.22884064254,79153549.47941072,1.23855946641128,0.3782793239547837,1.3453126869138805,3.316722404719688,0.3729252487658584,1.1634378554131517,3.280475637127462,0.5711001394421302,5.362226258562232,-11.82,0.3466,0.33340000000000003,0.80925,1.283,1.1440000000000001,1.2111999999999998
8.3438,1.08,12.048,7.336,246.80499999999998,0.09598048749768365,-18.072,8.414,49.63,-49.63,1.781614280710392e-07,24.814997902388708,42.98084200087807,24.815002200472787,42.980839519378065,-42.98084200087807,0.0,9875166.469642872,11212393.331033051,0.40386485628615426,0.40938533855702275,1.0763234916649473,1.3753797761645734,1.5801006223164429,3.922016684882082,8220994.942833324,17.788640256204143,8.098497015368038,0.3425538907218791,-0.016305146481299087,14.806700844281984,0.57372773600882,679825171.4702888,27.368193840761492,14097.647926756426,11309391.94548713,-6.993486057840242e-07,-4.565634933015651e-08,-14.091060675719609,27.382537323638907,90.6657994604796,90.6679787997763,63.9178003342163,69577.92109780885,78766684.75878976,1.2157665794666024,0.37908316275020937,1.3563740434340015,3.319695641503446,0.3739002552097529,1.1754603016572096,3.282996726186286,0.5733683539252732,5.370845230755534,-5.18,0.577,0.4042,0.77775,1.1094,1.1072,1.0368
12.683800000000002,0.9712000000000001,11.832,7.768,241.645,0.09702129436304617,-17.432,16.869999999999997,43.63,-43.63,1.5662266989198954e-07,21.81499815597863,37.78468943176124,21.815001934447466,37.784687250261236,-37.78468943176124,0.0,12253883.463582851,20370950.176353935,0.4064022673878358,0.4115256436369973,1.102167282593628,1.4077334389158582,1.6091813358341303,3.931464332812482,9212657.629983164,13.61066445914542,16.652688866357124,0.4536218997232525,-0.01661597337740954,20.332915468271725,0.5831456664353227,971262164.0960553,42.53862411582019,23114.69602207906,20467983.081928104,-5.772430940225167e-07,-3.0233167699609795e-08,-12.832067323596926,42.54719024967343,98.07225752785126,98.0733115073875,63.123764901205334,68123.24200757692,77850075.53315553,1.140731324081773,0.38096945111542574,1.382347587865215,3.326869879883388,0.37616607311288786,1.203876712596531,3.289118335462239,0.5622752393786739,5.391377780278527,-11.66,0.571,0.2182,0.80675,1.2522000000000002,1.4368,1.2288000000000001
9.3098,0.7552,11.088,8.296,244.40499999999997,0.09645561938298651,-18.248,12.614,42.99,-42.99,1.5432520235289089e-07,21.49499818302822,37.23043315772211,21.495001906071433,37.230431008222105,-37.23043315772211,0.0,10024636.490811737,10945221.231622353,0.40523597474424977,0.4105732323625637,1.0882254865854255,1.390304466910641,1.5935631536543602,3.926374433610444,8246740.13061388,11.428312671021239,24.76568210099477,0.3312643570980453,-0.032012284056961444,15.646120076533382,0.46942625690530043,1195364162.9418714,50.95055791843859,13919.554351865467,11042252.835401023,-5.844960336221317e-07,-4.00809150808068e-08,-13.501932994047843,51.39327265650505,75.79748529200977,75.79978516670525,48.884408887593175,68901.32617211957,78345770.88571663,1.182017569790506,0.3799517097896798,1.3683601165432546,3.3229707112093068,0.374947380294538,1.1885292262994867,3.285782116070058,0.5691993372481714,5.380242833316035,-3.0199999999999996,0.1126,0.2506,0.88625,0.7789999999999999,0.9279999999999999,1.2048
13.5798,0.9464,12.072,9.656,242.06500000000003,0.0969343942241167,-21.72,19.445999999999998,53.11,-53.11,1.90653907814888e-07,26.55499775530655,45.99461049096583,26.555002354767474,45.99460783546582,-45.99461049096583,0.0,14831289.905179445,29743383.028918527,0.40592291779780343,0.4110735919629741,1.1000174925758812,1.4050038508136724,1.6067360329855072,3.93058984040293,10267661.850990683,19.738426789479053,7.411634813456752,0.43359016651237536,-0.017524353567921168,22.939856605826872,0.6027942424378457,645839564.0914366,30.596479584581243,32125.38491622268,29840364.62104437,-7.116540713740743e-07,-3.414721557336118e-08,-16.326616964358845,30.61050894892776,147.9598612045121,147.96654284380529,100.68685367553239,68241.64611957254,77926416.83169919,1.1469567870231738,0.3808059467852979,1.3801986757373919,3.3262601340118088,0.3759726254160808,1.2015156846251152,3.288595098757045,0.5633254272491285,5.389551004165934,-16.06,0.16060000000000002,0.2974,0.82225,1.0562,1.1056,1.2384
7.8258,0.9808000000000001,11.624,6.136,244.135,0.09650887066160832,-19.576,10.514,54.11,-54.11,1.942437008447296e-07,27.054997713041566,46.86063591915197,27.055002399105028,46.860633213651965,-46.86063591915197,0.0,10177123.480456807,10944876.434447806,0.40501949628107786,0.41033056110764626,1.0895763334522885,1.3919404562108322,1.5950387019012486,3.926784577586383,8307022.7753815185,20.404324724928635,7.1732119770271225,0.36289579215792583,-0.021749571237234054,15.351494941408,0.5911902755592527,645231441.8765508,25.832428058947293,13780.583382238427,11041855.051603377,-7.80905254972026e-07,-5.320020780526587e-08,-14.96646661827259,25.84670606030651,100.03752293740722,100.0439873205355,73.27562043085797,68825.20924297954,78297959.77210519,1.177939882487199,0.38006111595836145,1.3697301489254037,3.3233565034862407,0.375076101797696,1.1900204909010474,3.286111010498378,0.5685348272094286,5.381477967395103,-4.5,0.6177999999999999,0.45099999999999996,0.76325,0.513,1.0992,0.7056
11.9418,0.7392,11.704,9.224,239.845,0.09740209880989067,-22.776,9.618,48.43,-48.43,1.7385367643522925e-07,24.21499795310669,41.9416114870547,24.21500214726772,41.941609065554694,-41.9416114870547,0.0,12259276.03005754,22563786.415366,0.4071087471013181,0.4120952898350033,1.1113898022080588,1.419279985595699,1.6194396618634825,3.9349230152096983,9207509.436736971,17.835950250657863,9.561701767943623,0.31103188632652745,-0.016850528869334802,20.509912644291827,0.4716281946294054,647978200.3830324,33.54425574968789,25146.060964814955,22660779.04428269,-6.78194481906206e-07,-3.127477012970733e-08,-18.547257131732263,33.55872004343985,120.93975244834796,120.94061220934327,82.64145630684308,67615.79581330996,77519493.07141733,1.1136370354438858,0.38168542798060356,1.3915602627845274,3.3295172573399587,0.37700935698048393,1.214070806423675,3.2914058149732273,0.5572641266889431,5.3994671803133345,-17.46,0.5962000000000001,0.1558,0.95275,1.1346,1.4464000000000001,1.4016
11.087800000000001,1.0336,11.744,12.088000000000001,248.575,0.0956378432982971,-21.192,18.997999999999998,48.47,-48.47,1.739972681564229e-07,24.23499795141609,41.97625250418215,24.235002149041225,41.97625008068214,-41.97625250418215,0.0,12632203.35009585,17157815.054426618,0.4030178720549183,0.4086790403557162,1.0677105540878564,1.3645765952254085,1.5703371284674648,3.918945822683019,9322704.476998316,16.923640068662344,9.566084556938918,0.2911899648045457,-0.014259731007717517,16.627622729452888,0.44550755525415375,645889080.7523556,33.440438784606286,19907.361327571958,17254816.286489088,-7.217002992751872e-07,-4.405777639505962e-08,-15.005657731709238,33.458751968760765,106.81687136766186,106.81804681155727,72.99945505924774,70076.90985550468,79072045.94415408,1.233661730442629,0.37845778016325965,1.3476693746259276,3.317357304246178,0.37314004208296986,1.1659879808182072,3.2810127436126684,0.5715732824727443,5.364167347814697,-8.18,0.2362,0.583,0.99625,1.045,1.064,1.0816
11.0458,0.812,11.864,8.120000000000001,235.495,0.0983522832868014,-18.232,11.158,45.71,-45.71,1.6408943939406007e-07,22.854998068067456,39.58602232238841,22.855002026669577,39.5860200368884,-39.58602232238841,0.0,10838786.878762221,15616869.736655675,0.409360750563157,0.4140323728696641,1.1343778923101744,1.4479643937585838,1.6449224843313899,3.9437558935368964,8596799.664932292,16.028239886386682,12.169935601120407,0.3186075717820703,-0.015010416549580697,17.52870939899064,0.43470128059082197,779181508.2924774,34.08825264269797,18426.013588093265,15713886.943126053,-5.965937538513026e-07,-3.4109548636241976e-08,-14.149818707958525,34.09574740017069,94.11343396541756,94.11456627972234,61.24157625643313,66389.46751049816,76696628.40927687,1.0187806296929571,0.3833353528894095,1.414384146246062,3.336136555301115,0.3789607158852764,1.2393331905010248,3.2971186214288837,0.5228606759548086,5.417851063702348,-14.62,0.4918,0.1342,0.91275,0.3366,0.9552,0.768
7.4898,1.068,10.664,8.568,244.525,0.09643143624971702,-19.528,8.638,51.43,-51.43,1.846230555247541e-07,25.71499782631173,44.53968777161312,25.715002280280384,44.53968520011311,-44.53968777161312,0.0,9401532.67938642,8976681.869719267,0.4048905024906412,0.41023231903356405,1.0876191438370018,1.3895054659889108,1.5928424341500975,3.926084190456553,7946833.245025726,18.3517255317506,10.887774387509532,0.2916871401825247,-0.02220703860225539,14.469833029265923,0.43818500939435956,709546597.138855,32.844748362651195,11885.210936383035,9073669.763131855,-7.537605844971865e-07,-5.30971266791085e-08,-14.957046997155148,32.85738127775576,87.55168293576418,87.5580652496407,62.38591437238472,68935.15591840405,78367046.56278637,1.1838336485503242,0.37990852728198105,1.367757085514481,3.3228049448194965,0.37489533262704755,1.1878699780611939,3.2856408468179175,0.5695025088654286,5.37977577757951,-9.02,0.49540000000000006,0.5554,0.75175,0.44299999999999995,0.824,1.3872
6.6498,0.7143999999999999,13.36,6.568,239.755,0.09742148313566933,-21.656,10.738,52.79,-52.79,1.8950517404533868e-07,26.394997768831345,45.71748235394627,26.395002340579456,45.71747971444626,-45.71748235394627,0.0,10549831.655081987,11838047.03491,0.4070529622759441,0.41203151753010453,1.1118562257659699,1.4198480542573066,1.6199468243066468,3.9350786106687474,8558228.316995496,20.566226146197092,7.310968038972218,0.6947183150001284,-0.016267718739749557,13.166484461293495,1.1132568895983812,757639283.0918119,21.376323382893485,14645.518138345233,11935025.756012173,-8.708715853804937e-07,-6.214117773075592e-08,-16.412711177215346,21.387626834262214,103.83467869220651,103.8415689019146,81.33778122210195,67590.42350359661,77502724.20563044,1.111636124916065,0.38171951475530286,1.3920275775890132,3.329650787588287,0.37704976732878304,1.2145847289877265,3.2915203952038152,0.5566210933981571,5.399845248597624,-1.7399999999999984,0.2518,0.277,0.97925,0.877,0.7856,1.0208
10.639800000000001,0.9016,13.72,12.552,248.69500000000002,0.09561500644772812,-17.08,20.65,52.63,-52.63,1.8893080716056404e-07,26.314997775593746,45.57891828543649,26.31500233348545,45.578915653936484,-45.57891828543649,0.0,13288114.3884062,17498128.49149976,0.4028853956800278,0.4085548441743264,1.067128875441512,1.3638364770851228,1.569666327736472,3.9187205082059253,9699694.975722067,19.19333428071313,5.583264919328192,0.509864525071365,-0.011702755738191099,14.854207009761955,0.7971932353979088,637535119.5272593,22.406498304502996,20223.320489329602,17595123.50488456,-7.902612116023565e-07,-5.207176642023786e-08,-11.122762257048645,22.420836397364607,114.59871063403106,114.60471863223503,81.34648220171835,70110.73960178914,79092442.83511932,1.2348794756785961,0.3784162071125876,1.3470826598697856,3.317201219176781,0.3730892325480653,1.1653509562678523,3.280880655022007,0.5714535120125857,5.363727752677538,-3.34,0.5866,0.6177999999999999,0.83025,0.9022,1.4096,1.0784
13.229800000000001,0.8160000000000001,14.0,6.232,243.38500000000002,0.09666143991318406,-17.208,10.822,46.03,-46.03,1.652381731636094e-07,23.01499805454266,39.86315045940797,23.015002040857595,39.863148157907965,-39.86315045940797,0.0,11872596.309779001,21897036.002505638,0.4055008050566798,0.41075579741069934,1.0933459903913907,1.3966751754749587,1.5992883630099568,3.9281844951554277,9142737.717763452,16.455402642008444,6.866037146681887,0.38015834897977696,-0.010491749329806526,18.191831401245054,0.6975494036572135,677927707.0394195,25.23195868937075,24567.731995240607,21994054.18860764,-5.948650684991371e-07,-3.119381507115684e-08,-13.546470057042946,25.24485113883862,108.66921805176986,108.67006776895172,70.61925671258074,68613.77332870163,78164243.68840088,1.1666532283897435,0.3803310059821748,1.373511403632227,3.324400754886364,0.37540117441855203,1.1941637950213893,3.2870027185776682,0.5666392514605915,5.384400321425723,-16.46,0.355,0.5326,0.95025,0.8882,0.7664,1.256
10.5138,0.8088,13.888,7.912,247.855,0.09577548913851809,-22.744,18.83,58.31,-58.31,2.093208315700644e-07,29.154997535528622,50.49794271753375,29.15500258532275,50.49793980203375,-50.49794271753375,0.0,14166026.517624635,22314367.89159296,0.40318956552163737,0.40878999543230377,1.071195546321983,1.3689212689830645,1.5742660947533385,3.920130644391259,10051942.402267981,23.133962017136177,7.67349133659627,0.6496351550183725,-0.018205913122772817,17.505808809005693,1.0365153521357482,732142744.9087856,20.645540139686986,24832.807389079175,22411329.106607836,-8.298015305833031e-07,-5.314809229206595e-08,-16.6506737153654,20.657034284173285,148.29278413369948,148.29958210698695,109.37718507258505,69873.93137779791,78949365.14887875,1.2263722424982129,0.37870720826593335,1.3511966707607763,3.3182981634541315,0.3734447512624225,1.1698229171898746,3.281809873073678,0.5722968173323633,5.366806686512036,-13.940000000000001,0.34540000000000004,0.42580000000000007,0.85175,1.297,1.1872,0.816
9.1278,1.016,12.352,10.296,243.32500000000002,0.09667370643976197,-17.112000000000002,7.266,59.510000000000005,-59.510000000000005,2.1362858320587433e-07,29.754997484810637,51.53717323135712,29.75500263852782,51.53717025585712,-51.53717323135712,0.0,10624312.288506849,14320416.122520316,0.4053330311519372,0.4105804420728554,1.0936439318350566,1.3970214806121295,1.5995973044778382,3.9282495589181554,8519426.564462705,23.71597434736076,5.971550362467799,0.633363824366693,-0.020478105051830533,15.507998707220072,0.9172831371590602,654246641.189132,21.18750547707978,17035.70545252935,14417380.579496603,-8.513366938967203e-07,-4.6521074180276934e-08,-13.639345660647033,21.199495133586698,122.43824136876162,122.44458838315846,87.98659776079991,68596.8584555594,78153516.2550585,1.1657532940288633,0.38035259703522384,1.3738144490243025,3.324484669367519,0.37542717051574037,1.1944963391653274,3.2870744655749697,0.5664876080542817,5.384634268003986,-14.14,0.529,0.6946,0.76625,0.7846,0.8896,1.4496
10.7658,0.7544,11.872,8.168,240.235,0.09732086592500722,-21.864,19.054000000000002,42.910000000000004,-42.910000000000004,1.5403801891050357e-07,21.45499818640942,37.16115112346722,21.45500190252443,37.161148977967216,-37.16115112346722,0.0,12041371.933121953,15665810.646856708,0.4070274035379673,0.4120433565431308,1.1093833644557298,1.4167794021657678,1.6172260036638142,3.934151353724689,9092155.977236535,14.227044692466002,17.008730199202503,0.2781631892801988,-0.018117794178234538,17.119783332956107,0.447256134555216,904806403.6360449,42.42526863107485,18503.697260465284,15762836.418861855,-5.931562145085481e-07,-4.07957713691064e-08,-15.615364909335048,42.42664022051552,90.29608324885616,90.29729368122456,60.24756513215351,67725.74248873447,77591667.00739698,1.1199879885425574,0.38147680820903984,1.3895507781344947,3.3288967067195716,0.3767753886292676,1.2118409541018282,3.290862920455551,0.5587124010905113,5.396895635004244,-17.1,0.2278,0.42100000000000004,0.9592499999999999,0.15180000000000002,0.872,0.9616
8.4978,0.7176,11.208,10.888,243.655,0.09660631916591733,-19.224,20.426000000000002,46.63,-46.63,1.6739204898151437e-07,23.314998029183666,40.38276571631965,23.315002067460128,40.38276338481965,-40.38276571631965,0.0,11229781.659412697,10594899.988522584,0.4053580552045829,0.4106340359917483,1.0919878023941714,1.3949753880497082,1.5977645481674574,3.9276978445488253,8728361.744927451,15.083879606045,15.03533414146578,0.29410423623471704,-0.017470691498639872,14.102578314437997,0.3753946107392951,844255495.0567136,39.599153028916405,13534.05821455143,10691915.265594447,-7.31870170521383e-07,-5.5147269209110876e-08,-12.25860301891044,39.60495404215569,83.0127463284445,83.01466958222176,58.64572352210072,68689.8902578417,78212488.92253643,1.1707085833683615,0.3802338543500681,1.3721485877398933,3.324023809410992,0.37528418699256405,1.1926694012365562,3.2866806331658904,0.567321651199228,5.383348020228096,-11.3,0.4618,0.11380000000000001,0.85425,0.3954,0.7152,0.712
13.3278,0.7784,10.744,12.856,249.77499999999998,0.09541212230243311,-18.136,14.882000000000001,48.71,-48.71,1.7485881848358492e-07,24.354997941272494,42.184098606946826,24.355002159682236,42.18409617144682,-42.184098606946826,0.0,12956838.113342924,25104403.38565222,0.40252543986189504,0.40828396413893686,1.0619269880669198,1.3573451895977986,1.5637685934386136,3.9169214449922354,9491861.250847217,15.619448543704562,14.579886835981709,0.516409372869787,-0.01710019824452432,21.754367469727352,0.609687716964282,906846926.9367319,43.19790882885152,27673.563630653814,25201409.116360113,-6.221286162534431e-07,-2.730036264557252e-08,-13.86700296358644,43.21975774719562,123.13550176907349,123.13643920957456,77.28124759628291,70415.20731834933,79275219.49136454,1.2458949982735767,0.37802987396074567,1.3418054073074248,3.315793914520675,0.37262011740755857,1.1596389796790176,3.2796914837281683,0.5703899013030503,5.35959199980848,-19.74,0.1906,0.1378,0.80625,0.7258,0.7071999999999999,0.7647999999999999
11.549800000000001,0.7752,13.144,9.24,244.46500000000003,0.09644352281592533,-18.408,11.661999999999999,60.83,-60.83,2.1836711000526525e-07,30.414997429020854,52.680326796562824,30.415002697053385,52.680323755062815,-52.680326796562824,0.0,12972527.752702767,23296203.16662423,0.4047739304457871,0.4101084283635491,1.087916020868627,1.3898531152083284,1.5931536005804359,3.9261429286739364,9529235.090931058,24.55360298246048,6.7828614459284875,0.626176550717687,-0.020226952284947215,19.04858051176999,0.9788218656143232,662773351.6094215,20.86003753544965,25781.556426699695,23393162.74789559,-7.922732774940183e-07,-3.960594585880183e-08,-14.453257845892733,20.870418381247983,153.77703181900242,153.7836589225259,106.65712828724276,68918.24104526184,78356411.40062222,1.1829254780804652,0.379930118343634,1.368058561459227,3.322887800641485,0.37492135727064313,1.188199531246496,3.285711452924233,0.5693509226971754,5.380009290314385,-10.42,0.3298,0.271,0.81975,0.3478,0.9056,1.1392
13.201800000000002,0.7312,11.0,6.04,247.91500000000002,0.09576404528381577,-23.336,19.278,46.99,-46.99,1.6868437447225735e-07,23.49499801396827,40.69453487046666,23.495002083421646,40.69453252096666,-40.69453487046666,0.0,13208700.215785839,24034303.386031896,0.4033434995411589,0.40895183363137755,1.0709083321543778,1.3685871346942486,1.5739651477074967,3.920074849207996,9555347.148481984,15.179481667745145,16.73797001110195,0.42512901790251034,-0.02463590129914574,23.931490918687263,0.5727628983428523,975341740.4573233,46.878487337441236,26618.411993944443,24131305.83731863,-6.232531970776073e-07,-3.1990561035525264e-08,-17.729538824560333,46.89885838834115,119.43323248365493,119.43434099532132,78.76904005304141,69890.84625094016,78959552.39548321,1.2269786122324886,0.37868642984227424,1.3509023062431014,3.3182194853640508,0.3734193755664167,1.1695025416492495,3.281743154662528,0.5722362321949979,5.366586716790658,-2.0599999999999987,0.5398,0.2794,0.83325,1.0114,1.208,0.8575999999999999
12.837800000000001,0.7368,13.256,6.712,238.075,0.09778624295044443,-21.08,20.874000000000002,56.83,-56.83,2.0400793788589878e-07,28.4149975980808,49.216225083818266,28.415002519703172,49.21622224231826,-49.216225083818266,0.0,14589926.039281845,26543205.818895362,0.4078357978333196,0.41269053776021997,1.1206581925490182,1.4308088630799134,1.629723092564871,3.9384003122252853,10168654.674922522,22.466556435765053,5.119825202002298,0.41865350190569905,-0.018543288998833982,20.764342379360073,0.7036614333792105,598920862.4076805,23.197062681008234,28968.268095842843,26640176.42356028,-7.37376514882815e-07,-4.243330599716598e-08,-15.382765592446999,23.20686353431998,151.51491031430743,151.52155449762793,104.34356902795709,67116.80705561413,77188464.35994074,1.074498228695204,0.38235752997583394,1.4007922733688352,3.3321713452158055,0.37780504189204817,1.224246203006961,3.2936878465612756,0.5432857531474021,5.406944744519767,-19.06,0.4942,0.6514,0.87525,0.17420000000000002,0.9343999999999999,1.344
7.7418,0.8216,14.224,6.424,242.575,0.09682819262341288,-22.2,8.386,57.35,-57.35,2.0587463026141643e-07,28.67499757610301,49.66655830647506,28.6750025427587,49.66655543897505,-49.66655830647506,0.0,11283857.457280042,15726869.901010595,0.4056320351109244,0.410820983003053,1.0974301678431229,1.4017552339893096,1.6038338541538046,3.9296245898139452,8902301.930340812,23.10837472087527,6.614487016930492,0.8757438398899359,-0.017763879259472364,14.297583090821774,1.3699513428995322,882286990.7157085,18.694364039088583,18397.100259151688,15823830.645455424,-9.19361749667692e-07,-5.828762088904193e-08,-17.609804921658142,18.704482078932934,127.05569790651477,127.06264517657297,99.6054422094237,68385.42254128151,78018733.40780559,1.1545394309796768,0.38062247930790566,1.3776101103134497,3.32553848679449,0.37575196174115594,1.1986661572337733,3.287976373100955,0.5645920619076069,5.38756024860783,-0.6999999999999993,0.1018,0.1834,0.8422499999999999,1.0394,0.9024,1.3152
7.6158,1.0552000000000001,12.664,10.376000000000001,235.67499999999998,0.09831246128838227,-22.136,7.434,49.71,-49.71,1.7844861151342654e-07,24.854997899007508,43.05012403513296,24.85500220401979,43.050121549632955,-43.05012403513296,0.0,10289539.512550944,12650373.7660206,0.4090455439012716,0.4137270747263458,1.1334086219659825,1.4467230051157405,1.6438244731001803,3.943325797478711,8405810.416051786,19.201722760559147,7.156945779058452,0.3696290433925876,-0.014419596419395626,13.426650007633947,0.674084850073653,699834927.6340528,24.85953318412675,15455.54262945238,12747361.598288152,-8.373421154928969e-07,-5.162459630397559e-08,-17.463770753705333,24.86973374517868,98.55147552373955,98.55784779104022,73.35665797443984,66440.21212992485,76731363.12145741,1.0226153770205648,0.38326721653158574,1.4134307371403576,3.3358561406018556,0.3788802579910958,1.2382706926773936,3.296875135195471,0.524270208999579,5.4170901603611865,-9.42,0.193,0.18460000000000001,0.93925,0.8826,1.1728,1.176
11.8718,0.8704000000000001,13.736,10.232,238.525,0.09768763188438018,-19.176000000000002,17.514,61.11,-61.11,2.193722520536209e-07,30.55499741718666,52.92281391645494,30.555002709467903,52.92281086095493,-52.92281391645494,0.0,14488392.04861615,25696517.423832428,0.4075948302044352,0.4124821286994777,1.1182900646344118,1.4278539800415735,1.6270924245461937,3.9374930238578982,10169947.417389572,25.033363088293775,5.175362231381343,0.6124042432500925,-0.01828059316198871,18.79723486860034,0.8822591095321083,632942046.3906856,20.230631349709565,28114.42866080792,25793477.102881417,-8.063894656532288e-07,-4.467424027810542e-08,-14.134893329775972,20.238810714614566,159.92440791225823,159.9311207929666,110.95974449362068,67243.66860418086,77273113.11741184,1.0843800864909563,0.3821867293515904,1.3984379504971765,3.331491514208139,0.3776029439717957,1.221645817456373,3.293102236185818,0.5468489191250584,5.405042898664046,-17.259999999999998,0.4738,0.367,0.81425,1.2018,0.8432,1.3552
13.3838,1.0008000000000001,12.504,7.6240000000000006,237.08499999999998,0.09800582094440385,-16.488,19.586,49.07,-49.07,1.7615114397432788e-07,24.5349979260571,42.495867761093834,24.535002175643758,42.495865307593824,-42.495867761093834,0.0,13565112.183821645,24970362.659292474,0.40843243115585665,0.4132167404808296,1.1258948774799937,1.4373552541901593,1.6355383950083968,3.9404342394206546,9765373.559047531,17.322086143039225,9.00683123611001,0.5066265755254821,-0.01384455157877333,21.489918672387446,0.6825177126714846,746244544.097251,30.584003922450595,27537.01931115975,25067373.43095255,-6.394477047306593e-07,-3.246270692154001e-08,-11.750919941865464,30.59699753904517,120.4083888669977,120.40906667488544,79.70013350252646,66837.7116487673,77000801.81468523,1.052928989160215,0.38273309238132525,1.405989021912216,3.3336792672222977,0.3782491658301919,1.2299994431189365,3.294989458282763,0.5353896824628931,5.411129984091498,-9.74,0.2986,0.2602,0.76775,0.5718,1.2624,1.024
8.0778,0.9688000000000001,13.584,12.488,238.225,0.09775329217752413,-18.088,19.67,42.31,-42.31,1.518841430925986e-07,21.15499821176841,36.641535866555536,21.155001875921894,36.641533751055526,-36.641535866555536,0.0,11725463.34238865,11610645.309964634,0.4079724729160321,0.4128415628436227,1.119872911245835,1.429861931606244,1.6288833604154365,3.938164977729956,9064841.876025945,14.782317474268746,9.864959143687841,0.32091895434027073,-0.00825126186628299,11.82955103703683,0.59827518921494,758849299.4988987,29.44950272552395,14580.409725989099,11707685.038557464,-7.158335422863913e-07,-5.689257651076737e-08,-11.128390474503428,29.45778396058686,78.01770932688599,78.01966806053066,56.1523804782255,67159.0942384697,77216723.88078094,1.0777867841482744,0.38230060147397,1.400006940849503,3.3319443448256365,0.3777376913946963,1.2233784153532974,3.293492232005471,0.5444728524149418,5.406310741979415,-15.02,0.5554,0.29500000000000004,0.92475,1.0897999999999999,0.9119999999999999,1.4896
12.6698,1.0712000000000002,13.528,8.44,246.775,0.09598637111530975,-18.104,10.654,50.15,-50.15,1.8002812044655682e-07,25.074997880410912,43.43117522353486,25.075002223528315,43.43117271603485,-43.43117522353486,0.0,12314749.8270532,22625000.955523893,0.40383253251449797,0.4093495849394074,1.0764692942351108,1.3755541325887237,1.580257006757177,3.922048649429934,9296478.457411805,18.33355359523084,5.960458124759817,0.3989186154331333,-0.012870204721294657,18.508057478437426,0.6970791926017634,630560965.9521344,24.171496240759236,25228.982724026173,22721998.467240043,-6.510099513426498e-07,-3.325349245450505e-08,-14.316165963638243,24.18542587013753,121.88798855567968,121.89405273900027,80.45736700270966,69569.46366123772,78761482.3041343,1.215465066678362,0.3790935559568792,1.3565220176066524,3.3197354710197473,0.3739129314229351,1.1756218886676595,3.2830305985866257,0.5733991009558289,5.370955473059315,-11.42,0.2266,0.6142,0.9237500000000001,1.0758,1.4128,1.064
10.4438,1.0304000000000002,13.504,10.440000000000001,248.84499999999997,0.09558647418254522,-18.28,17.766,56.79,-56.79,2.0386434616470512e-07,28.3949975997714,49.181584066690824,28.39500251792967,49.18158122719081,-49.181584066690824,0.0,13380635.222448563,19656793.886749595,0.40279079908621696,0.40847183441385343,1.0664041335968637,1.362924268019145,1.5688395604890049,3.9184572277035814,9729012.15278739,21.542455159908478,7.1702936077654655,0.6543275895167178,-0.015709934842718144,16.598051062562327,0.9977376318399244,697938692.383087,21.1489552679741,22278.835750897502,19753769.457181767,-7.732873552552425e-07,-4.8494525824381654e-08,-12.978399470052361,21.161916105909423,130.58710182720947,130.5933573961557,91.17754413714331,70153.02678464471,79117941.92552008,1.2364024465209524,0.3783642370666992,1.3463497381278275,3.3170064009087388,0.37302570588383155,1.1645554797552933,3.280715839164112,0.5713041059991554,5.3631783279606395,-9.9,0.26980000000000004,0.3106,0.76925,0.3282,1.0528,0.9136
10.2058,0.9008,12.096,11.0,236.69500000000002,0.09809209090021888,-22.216,20.594,59.269999999999996,-59.269999999999996,2.1276703287871232e-07,29.63499749495423,51.329327128592446,29.635002627886802,51.32932416509244,-51.329327128592446,0.0,13617457.10857334,18899752.028814327,0.40847374326085784,0.41322775779306353,1.12796350205513,1.439915301848741,1.6378053159443362,3.94119559507056,9701836.959366912,24.214204038702608,5.3181524157718165,0.35427155832104873,-0.021068978221387345,17.391087442597758,0.5843824782810534,557325337.692229,24.1347233032821,21481.860338292794,18996712.177770264,-8.717919211058409e-07,-5.4312672785674654e-08,-15.68931793234727,24.145401626589273,140.1361881086893,140.14268662746142,101.95154453384389,66727.7649733428,76926488.68917646,1.0444932011002754,0.38288094637332337,1.408042749298041,3.334277967089326,0.37842391612978993,1.232278110267056,3.2955072566283787,0.5322700427386208,5.412779501866025,-17.98,0.223,0.2218,0.81075,1.3306,0.9583999999999999,1.1008
6.6918,0.7664,12.424,6.312,241.37499999999997,0.09707830900908296,-21.352,8.693999999999999,55.63,-55.63,1.9970018625008887e-07,27.814997648798787,48.1769945699949,27.81500246649811,48.176991788494895,-48.1769945699949,0.0,10054272.466217272,10840204.028998464,0.40624013737972076,0.4113387090421363,1.1035375375632668,1.4094120724550163,1.6106744382945641,3.931907298727,8302478.5043106405,21.82919593040153,6.232780241340423,0.5554099682912809,-0.021001633419627314,13.82933836765698,0.8820427095175533,676975632.1383095,22.106574470665997,13647.822921834764,10937172.437218726,-8.843424258082216e-07,-5.986402266756452e-08,-16.639458181661272,22.118572399128055,104.91224422084738,104.91929050672334,81.03234108617885,68047.12507843687,77800744.48595646,1.1367409590173048,0.3810666164982403,1.3837232998890254,3.3272555046382144,0.37628283197362367,1.2053949785654101,3.289449712975621,0.5615927392152502,5.392433608461105,-16.3,0.37060000000000004,0.1462,0.98925,1.3138,1.2016,0.9152
13.215800000000002,0.892,11.424,7.448,243.955,0.09654535250704853,-20.856,7.462,55.19,-55.19,1.9812067731695854e-07,27.59499766739538,47.795943381593,27.595002446989582,47.79594062209299,-47.795943381593,0.0,12666014.244478283,27626797.31623821,0.40506274226537436,0.4103589935530119,1.0904778248705127,1.3930605829125429,1.5960441211610277,3.9270936046787117,9346734.910863368,20.921264912594733,7.490838382825933,0.4605997384251062,-0.023170999684511525,24.35885336856084,0.6023392583821473,653973202.5440547,30.414539614765697,30034.073393974733,27723767.7668664,-7.142647728626696e-07,-2.8805803704618992e-08,-17.415098058499904,30.429061277971904,149.3298495154268,149.33651702358546,100.35091510065939,68774.46462355283,78265936.69347979,1.17522486897369,0.3801258946413266,1.3706364397397086,3.3236063262487647,0.3751541479936682,1.191012679102558,3.2863241752299257,0.5680798829472173,5.382179092792832,-12.9,0.253,0.37539999999999996,0.96925,0.7678,1.1824,0.8623999999999999
8.2878,0.9576,14.392,8.392,247.705,0.09580440489449085,-20.424,20.006,44.59,-44.59,1.6006887120063747e-07,22.29499811540424,38.61607384281993,22.29500197701152,38.616071613319924,-38.61607384281993,0.0,12272841.516781712,13581231.662568055,0.40338506962369436,0.40897587000404395,1.071927371157935,1.3698586022311583,1.5751137311521517,3.920428556047883,9321565.5521944,15.712602651243003,7.088237916526842,0.4047349351007173,-0.009136242922823862,12.811219146572734,0.7730537785783347,717350530.0369354,24.98820792119907,16470.19080388122,13678253.357152913,-7.504646202032148e-07,-6.066809585267584e-08,-13.316253096673842,25.003243515896546,89.42876704081513,89.4307746906254,67.52320642436771,69831.64419494235,78923656.0147382,1.2248569332640822,0.3787591784648443,1.3519330364407567,3.318495124815549,0.37350820820977504,1.1706246293083324,3.2819769466057402,0.5724484675593078,5.367357057549286,-1.2999999999999972,0.2062,0.1222,0.9672499999999999,1.381,1.0208,0.9792000000000001
7.3078,0.8224,10.544,7.704,244.04500000000002,0.09652710068023317,-20.344,18.774,44.51,-44.51,1.5978168775825013e-07,22.254998118785437,38.54679180856504,22.255001973464513,38.54678958306503,-38.54679180856504,0.0,10095421.671760585,7703311.681069933,0.4052328798594187,0.410540104899431,1.0900315638194729,1.3925366698711799,1.59557615229345,3.9270052131312925,8226477.913683819,10.668374062868084,34.67923657666727,0.32726393165513906,-0.06138757948380966,13.785911248768551,0.389139690924329,1384648452.972595,61.36315066886653,10730.105430703115,7800333.304565702,-7.469535000528492e-07,-6.294119702082476e-08,-13.023269786334277,61.51622469794281,71.61540457077263,71.62313605799454,51.65237585289727,68799.83693326618,78281953.91004144,1.1765819620796245,0.38009351055212465,1.3701832227574529,3.323481361101338,0.37511513109004563,1.1905164053419564,3.286217528659778,0.568307354476814,5.381828578897869,-7.26,0.5902000000000001,0.27459999999999996,0.99725,0.41779999999999995,0.9904,0.968
8.9878,0.7632,10.656,8.36,236.125,0.09821387647918325,-19.8,11.018,44.27,-44.27,1.5892013743108817e-07,22.134998128929038,38.33894570580037,22.1350019628235,38.33894349230036,-38.33894570580037,0.0,9878920.789713355,10863000.605088117,0.40913601545148126,0.41385447169580386,1.1310089008072974,1.4437717863337514,1.6412221881902567,3.9424758068002133,8152980.84261169,11.920633320808081,27.702960015624736,0.332706598500875,-0.037194834397482786,15.99658865867888,0.3954091383708807,1228864469.7863493,52.05965015811988,13796.282490452835,10960020.58372743,-5.926943952166882e-07,-4.043293198848859e-08,-15.079323258911096,51.50755298749378,80.29563107982143,80.29760554903628,53.451867364060554,66567.0736784916,76817954.61462305,1.0322363956361882,0.3830968560550067,1.4110506142945245,3.3351576375055623,0.37867903516073265,1.2356210030830672,3.2962691964242774,0.5277958828417899,5.415188452530066,-16.259999999999998,0.3718,0.469,0.93825,0.9945999999999999,1.1424,1.1264
13.3558,0.8312,11.656,8.488,243.055,0.09672915378431662,-19.064,16.954,58.35,-58.35,2.0946442329125805e-07,29.17499753383802,50.5325837346612,29.175002587096255,50.53258081716119,-50.5325837346612,0.0,14233711.33173592,29347170.145483647,0.40544277139468815,0.4106690339785536,1.095004938935166,1.398721936195741,1.601120198356943,3.9287390379054283,9991285.203330101,22.457560049891242,6.804217066512871,0.542378801356552,-0.022906375716860498,24.318388101726114,0.7242989525561592,694086513.2789452,28.58304762329196,31705.494330060905,29444138.40930482,-7.531426028346107e-07,-3.3188811033840835e-08,-14.538258081474122,28.596088757893803,160.34013932964967,160.34692410821992,109.26254060409465,68520.74152641936,78105077.80573803,1.161708444475341,0.3804497614885435,1.3751793748978438,3.324863027839634,0.3755441304304038,1.195994632408009,3.2873980594722205,0.5658052174127033,5.385687320242619,-6.259999999999998,0.5674,0.2086,0.87125,0.3702,1.3984,1.0448
10.2478,1.0992000000000002,13.424,8.648,236.06500000000003,0.09822692602737118,-16.856,17.234,44.07,-44.07,1.5820217882511982e-07,22.034998137382033,38.165740620163135,22.035001953955987,38.16573841666313,-38.165740620163135,0.0,11742564.080636555,14514458.508316845,0.4090483689888811,0.41376073013631837,1.1313270642059026,1.4441512006963286,1.6415558092719469,3.942565547475159,9047829.318565946,15.440692833309255,9.155333650563534,0.33853121750388077,-0.009861554684445903,14.865244144051209,0.5757600244296514,727085095.41288,28.265462183433435,17390.985204780114,14611490.909669587,-6.196010158169985e-07,-4.384972169643045e-08,-11.559052063308226,28.27374420612001,86.31332571014482,86.31470220572743,58.43415390527874,66550.15880534936,76806437.45499355,1.0309507837238765,0.38311957153042264,1.411367680816658,3.3352505614563603,0.37870587034240644,1.2359737488104654,3.2963497582122248,0.5273254226749587,5.4154419547214125,-16.82,0.499,0.26980000000000004,0.75825,1.0058,1.3376000000000001,1.016
11.9558,0.8576,11.256,7.464,245.365,0.09626354413789266,-22.728,15.218,55.67,-55.67,1.9984377797128253e-07,27.834997647108185,48.21163558712235,27.83500246827161,48.211632803622344,-48.21163558712235,0.0,13305380.818391107,24037759.125598315,0.4043919528142375,0.40979699041054396,1.0834312398092747,1.3842504141002183,1.5881073851907472,3.924529546640927,9589735.120175954,21.116555026761603,7.424021586939046,0.3868680749163541,-0.024331138258498024,22.84884121740324,0.5313920191142714,614030235.7204354,30.954694107648592,26528.82824696923,24134727.33928593,-7.459098076095196e-07,-3.6335317979040166e-08,-17.764266200406624,30.97040695611267,143.56601623997932,143.57257955142518,99.86246796228706,69171.9641423953,78515169.62060837,1.1966007889034576,0.37960615146414517,1.3635456049930215,3.3216507723716657,0.37453071554165906,1.183272494628136,3.284658448033562,0.5717066210449311,5.376506798246989,-14.06,0.6117999999999999,0.355,0.88175,0.3338,1.1648,0.9696
10.8918,0.928,13.776,6.4879999999999995,243.445,0.09664916789921209,-23.4,9.898,58.11,-58.11,2.0860287296409607e-07,29.054997543981617,50.324737631896525,29.05500257645524,50.32473472639652,-50.324737631896525,0.0,12893304.335430156,23073461.333174463,0.40523743696281833,0.4104933604959183,1.0930389963686908,1.3962572345963098,1.598911764783114,3.928013380320166,9516824.006986316,23.75887404922696,7.487491546327351,0.6312894877318537,-0.019626872163446444,18.289286853285954,1.0514102379771062,728639288.8629534,20.584109880360476,25554.52311992846,23170417.771811567,-8.242642528787267e-07,-4.47313442533381e-08,-18.88183633143312,20.594160492894062,152.2592010056358,152.26612381462385,111.97869040940702,68630.68820184388,78174978.43139869,1.1675536676321836,0.3803094138530379,1.373208369656443,3.3243168798273235,0.37537517814078925,1.1938314351376025,3.2869310373373817,0.5667908951434653,5.384166405193638,-2.5,0.169,0.5854,0.77625,0.2918,0.8608,1.4912
10.4998,0.7303999999999999,13.664,7.4,249.98499999999999,0.09537297193694767,-23.736,15.078,57.11,-57.11,2.0501307993425445e-07,28.554997586246603,49.458712203710384,28.555002532117687,49.45870934821038,-49.458712203710384,0.0,13472271.72622671,21993726.572274208,0.4022322498398603,0.4080043629789916,1.0609162680663768,1.3560514377096493,1.5625914294263086,3.916519084594916,9762235.772011971,22.539936071876173,7.34431643700265,0.5881698568671561,-0.01863651997914153,17.70869558401371,1.0333882286475569,725584879.5745357,21.30069579267349,24522.864316232008,22090687.753047787,-8.197800034003164e-07,-4.962008348204695e-08,-18.187677385482605,21.313264219259654,145.87699395182528,145.88383251418364,107.6904694507791,70474.40937434715,79310422.64435759,1.2480397181721548,0.3779571193649256,1.3407846991242593,3.3155244860039077,0.3725310763882905,1.1585350230739482,3.279464218681338,0.5701842195979505,5.358824326948503,-6.099999999999998,0.5938,0.6861999999999999,0.94725,0.961,0.8512,1.4272
6.6777999999999995,0.7152,10.984,11.719999999999999,244.675,0.09640124882552442,-22.264,15.554,41.75,-41.75,1.4987385899588729e-07,20.874998235436802,36.15656162677129,20.875001851092865,36.15655953927129,-36.15656162677129,0.0,10181147.340021139,8907747.365480771,0.4049861093020086,0.410342498524524,1.0868742927149473,1.38859771471135,1.592027094459608,3.9258602685596133,8314065.8161538495,11.650556192340266,31.453971862189295,0.28211868015557146,-0.042253702323469464,12.328649488777817,0.37837004393278456,1271372169.0947611,58.04735950810346,11924.779597103308,9004776.13846184,-7.191336671635461e-07,-5.451596172664662e-08,-15.210818351635327,58.23613215682235,72.52046377756413,72.52304953415273,51.255450519029345,68977.44310125962,78393623.12188719,1.1861061489840505,0.37985455460826584,1.3670038908312454,3.3225980797449965,0.37483026618567894,1.1870467775112759,3.285464591866205,0.5698814942914691,5.379192128116816,-16.18,0.5878,0.5746,0.93225,0.15460000000000002,0.7792,1.2591999999999999
8.581800000000001,1.0968,13.808,11.847999999999999,241.945,0.09695830677007183,-21.384,18.746,61.15,-61.15,2.1951584377481455e-07,30.574997415496057,52.95745493358239,30.575002711241403,52.95745187608238,-52.95745493358239,0.0,13589279.463817459,17742934.203353215,0.40591280131706664,0.41105376222885137,1.1006331225703454,1.4057613446038628,1.6074194346374793,3.9308100321326784,9803290.673411105,25.232723143904533,5.633795984695077,0.7486828261076721,-0.017768345602590017,14.4989173391962,1.1289306494096272,750289354.4176389,19.210235688773697,20349.203180420474,17839889.64835154,-9.779429311513419e-07,-6.67821445206637e-08,-14.841285565767723,19.220100101614165,143.18318400440185,143.19002239497192,110.76437092636863,68207.81637328808,77904668.11250462,1.1451752820334076,0.38086149549487736,1.3808211101007333,3.326442807239798,0.3760363087442813,1.202193591069573,3.288751638308607,0.5630317368136046,5.390205305948753,-4.26,0.5518,0.3418,0.90375,0.891,1.44,0.8191999999999999
13.5378,0.792,13.648,12.744,249.295,0.09550240122879632,-19.624,11.774000000000001,58.07,-58.07,2.084592812429024e-07,29.034997545672216,50.290096614769084,29.03500257468174,50.29009371126907,-50.290096614769084,0.0,14292458.738010626,30923177.958283007,0.4025582760617815,0.40827463227415456,1.0642286401732617,1.360199374345517,1.5663604156959559,3.9176771438959337,10134068.268774878,22.794015002535406,4.450759544038789,0.502983543913648,-0.0156493001934925,19.862156313392767,0.8157700172513785,583383993.3280166,21.883642531047226,33245.09054371267,31020143.551054154,-7.56929943112949e-07,-3.432011013237654e-08,-15.587313259386722,21.89526090038267,167.24696233052654,167.25401047707663,111.93248236097165,70279.88833321146,79194212.537451,1.241001509112146,0.37819617423858515,1.3441422935680074,3.316412097172732,0.37282356403652017,1.1621691426393619,3.2802133913005043,0.5708624889422542,5.361347797413276,-9.26,0.2398,0.6921999999999999,0.79875,0.3002,0.9104,0.856
8.5538,1.1096000000000001,11.408,7.688,248.935,0.09557056561800677,-23.528,13.118,43.31,-43.31,1.554739361224402e-07,21.654998169503422,37.50756129474168,21.655001920259448,37.50755912924167,-37.50756129474168,0.0,10655093.245284976,11872655.337758549,0.40298710136650545,0.4086793602035388,1.0659687882315316,1.3624190292587246,1.5683754819021203,3.918364030688221,8512141.560205871,14.518589269130326,17.556478785830887,0.24993466879859566,-0.02269758729812262,15.370504578398206,0.3907474268144863,931119257.5156207,43.887491684883834,14790.002932446527,11969671.27053307,-6.477790299534005e-07,-4.57469852704874e-08,-17.66579110484387,43.88030586060522,82.49188985695915,82.49374128736957,57.63046622831704,70178.39909435809,79133186.48596692,1.237339700119553,0.3783208913620958,1.3458984478943428,3.316877874356592,0.3729760714794465,1.1640730854456256,3.280607071664337,0.5712193460214875,5.362665486311497,-0.10000000000000142,0.2974,0.28300000000000003,0.81175,0.7033999999999999,1.0608,1.0528
7.4478,0.7767999999999999,10.632,7.48,246.745,0.09599225776070378,-20.984,10.57,57.75,-57.75,2.0731054747335308e-07,28.874997559197013,50.01296847774952,28.875002560493723,50.01296559024951,-50.01296847774952,0.0,10022564.142022096,10054417.969053674,0.40376420355899334,0.4092776826278444,1.0766142583432512,1.375726225389177,1.5804118358287036,3.9220882404712554,8192467.252887143,22.305820108287435,7.393476733118847,0.3261243880680776,-0.028635372271401137,15.602943262716133,0.4920991721874307,610518488.1941386,27.534395822584127,12875.22793735939,10151381.072608672,-8.452989356612651e-07,-5.829312092931827e-08,-16.000813409609812,27.55086271613954,105.59176225282016,105.59855222806604,78.03031709836588,69561.00622466662,78756278.02788854,1.215163558021974,0.3791039499164312,1.3566700433635726,3.31977532099966,0.3739256071645715,1.175783510807253,3.2830644845832895,0.5734298610532704,5.371065722120191,-0.05999999999999872,0.4306,0.6394,0.95675,0.261,1.1280000000000001,1.0768
12.921800000000001,0.9288000000000001,13.911999999999999,9.704,235.22500000000002,0.09841244696214344,-23.464,11.718,45.31,-45.31,1.6265352218212345e-07,22.65499808497345,39.23961215111395,22.655002008934556,39.239609885613945,-39.23961215111395,0.0,13132051.697148805,24974247.842881925,0.40931734190605623,0.4139670425743611,1.1358234726317638,1.4497436795092542,1.6464885623080736,3.9442713296246468,9649554.366437994,17.205492745592768,6.815600003488407,0.2838975573403251,-0.010474387417396886,17.980081135821713,0.5596585134359673,654660740.2222099,26.240340980554535,27524.842350153776,25071253.58029879,-6.346155729864479e-07,-3.458007682993695e-08,-18.62296481490187,26.25081456789551,118.97165490763416,118.97239826685245,80.42779657690015,66313.3505813581,76644385.34266193,1.0130432356871195,0.3834375160494419,1.415815678614768,3.336558233709946,0.379081336921771,1.2409297098401304,3.297485015292186,0.5207497787792689,5.418992171066907,-9.139999999999999,0.4114,0.4102,0.78675,0.2946,1.2176,1.0944
10.6678,0.8392,11.568,11.544,241.495,0.09705294155008459,-20.648,17.682000000000002,48.07,-48.07,1.725613509444863e-07,24.034997968322084,41.62984233290769,24.035002131306204,41.62983992940769,-41.62984233290769,0.0,12045462.694944607,15680697.0355841,0.4063131830844013,0.41142289779317265,1.1029283672519983,1.4086663479744899,1.6100114712187654,3.9317131227238526,9067901.542454353,16.865354577817346,10.805012439135652,0.2995372390943596,-0.014921068204474195,16.352543443966237,0.4414402278110237,698355652.1880326,34.25297783423031,18462.34563555031,15777700.691100203,-7.158601565350259e-07,-4.3808200268781416e-08,-14.75129793227295,34.267191371628144,101.23386008158238,101.23511056563319,69.44409235590715,68080.95482472132,77822684.0393904,1.1385133144589443,0.3810234273521652,1.3831116710492335,3.3270839694915977,0.376230938217235,1.2047197830196419,3.2893022712571294,0.5618960894584988,5.391964219705334,-2.1400000000000006,0.3598,0.12940000000000002,0.9007499999999999,0.26380000000000003,0.8832,1.3024
10.7798,1.0616,13.52,6.728,249.68499999999997,0.09542896257872452,-22.024,12.558,48.19,-48.19,1.7299212610806727e-07,24.094997963250286,41.73376538429003,24.095002136626707,41.73376297479002,-41.73376538429003,0.0,12146471.043393472,18914718.129179005,0.40248372623825585,0.4082335983876459,1.0623570394961064,1.3578717403952008,1.5642469846125968,3.9170522879742347,9221521.512413485,17.462295903350643,6.282999997865254,0.3421057884874679,-0.013087715611845293,16.83639599758371,0.6250182332176317,648697085.2955608,25.15334725345124,21612.01445296871,19011715.151754167,-6.868319681708756e-07,-4.2074146008042085e-08,-17.067451526829245,25.168705352586915,110.7088725515029,110.71010946390396,77.67010394190602,70389.83500863597,79260090.64386088,1.2449765019210428,0.3780610604356659,1.3422431899993015,3.3159095839694777,0.37265827581322497,1.1601126430005515,3.2797890826581666,0.5704782767084523,5.359921173197894,-18.82,0.2878,0.5782,0.93725,0.5186,1.184,1.0384
8.0218,0.7223999999999999,14.312000000000001,10.536000000000001,246.385,0.09606326019396516,-20.2,9.533999999999999,55.03,-55.03,1.975463104321839e-07,27.514997674157776,47.65737931308322,27.515002439895575,47.65737656158321,-47.65737931308322,0.0,11280525.279848766,15249483.941194626,0.4038784499209866,0.4093622946867082,1.0783762939371855,1.3779297817587346,1.582393723099378,3.9226992377681738,8921707.987704251,21.42673185160267,6.256099038677651,0.8362517001198992,-0.014052131590487627,13.279634259309438,1.3138086212790345,841556254.0268223,19.235420897820003,17970.101370819066,15346457.400178159,-9.192579657038923e-07,-5.6969087386237995e-08,-15.587078012244563,19.247262796338372,119.55280105795725,119.55948911483156,92.18090117347832,69459.51698581324,78693592.20939912,1.211559433777806,0.37922857394462595,1.358447152012839,3.320254302538031,0.3740776053891835,1.1777260275747348,3.283472171042597,0.5738409629548823,5.372387423998993,-18.86,0.11380000000000001,0.2302,0.78775,0.863,1.2128,1.3936
8.1758,0.9424,12.256,12.248000000000001,236.095,0.0982203979442098,-22.696,11.186,42.51,-42.51,1.5260210169856692e-07,21.25499820331541,36.81474095219276,21.255001884789404,36.81473882669275,-36.81474095219276,0.0,10622767.191695763,12577783.070580179,0.40899687612604196,0.41371097292280207,1.1311659765814708,1.443945831777077,1.6413740132016597,3.942497277341795,8538801.3468365,15.685691229360339,12.392198066880507,0.23783887446942367,-0.012048355066913421,13.12444031334283,0.4585165717886402,797342579.456441,34.508590004908925,15472.221225908444,12674804.209575254,-7.265268472343483e-07,-4.719727565773034e-08,-17.060001367878257,34.515344479102176,84.27993681551114,84.28169679316295,60.52982274678833,66558.61624192048,76812196.73866668,1.0315934614582056,0.3831082191519687,1.4112091382235468,3.3352040958663247,0.37869245816524977,1.2357973586496886,3.2963094732423084,0.5275606384078532,5.415315283641654,-6.779999999999999,0.157,0.6873999999999999,0.79025,0.7929999999999999,1.2704,1.4352
12.7118,1.0096,11.88,11.928,242.54500000000002,0.09683441977989,-18.951999999999998,16.842,47.83,-47.83,1.7169980061732428e-07,23.91499797846568,41.421996230143016,23.91500212066519,41.42199383864301,-41.421996230143016,0.0,13396045.438881865,24038522.51514722,0.40582375485941885,0.4110131369147578,1.0975859147315012,1.4019753166422575,1.6040321508162148,3.929725460896917,9700980.997168217,16.51449970686493,10.437203898341377,0.4196643764029924,-0.013362253128671418,20.030513742660656,0.49822427748854214,722348127.0926533,34.778375821448805,26630.73392600953,24135531.0952545,-6.440058676916571e-07,-3.151166239421173e-08,-14.128307756732408,34.79458885339578,118.21052957191631,118.21128435948104,77.79462825124202,68376.96510471041,78013313.04778562,1.1540923481930028,0.38063327376293715,1.377762235103584,3.3255808293302254,0.3757649466741508,1.1988334565114867,3.288012645986416,0.5645162400601229,5.387677340025144,-6.18,0.10540000000000001,0.41980000000000006,0.82025,0.12660000000000002,0.8672,1.4192
7.9518,0.8672,13.896,13.224,244.345,0.09646772594473448,-21.848,19.082,55.35,-55.35,1.9869504420173323e-07,27.674997660632982,47.934507450102785,27.675002454083593,47.93450468260278,-47.934507450102785,0.0,13239245.776787266,16480534.459744861,0.4048136735641887,0.41013868402326864,1.088515855001225,1.39060182365244,1.5938268468315375,3.9263599700674496,9697242.554415178,21.62205970426691,8.15075289110665,0.7326949176224178,-0.013605827118472837,13.29012257228377,1.1688349651042351,811015162.3434694,20.70187942350287,19167.175426386104,16577507.547969108,-9.32544007929495e-07,-6.659167792759184e-08,-14.823628361991576,20.713732468581448,124.96746607045992,124.97407255154734,95.91745532088673,68884.41129897736,78335125.08453563,1.181110229551153,0.37997330016495645,1.3686616843981214,3.3230536608217953,0.3749734031498838,1.1888591045551193,3.2858528437298338,0.5690477520969025,5.380476406590962,-18.94,0.11620000000000001,0.43900000000000006,0.79375,1.2606000000000002,0.8031999999999999,1.2976
10.0798,0.8856,10.696,11.16,247.82500000000002,0.09578126279138309,-18.664,18.438000000000002,47.87,-47.87,1.7184339233851794e-07,23.93499797677508,41.456637247270464,23.93500212243869,41.45663485377045,-41.456637247270464,0.0,11317298.922899751,12823400.102088451,0.40344425295140907,0.40904669797612236,1.0713466267356566,1.3691475754470523,1.5744722631346315,3.920254728452324,8739381.056660548,14.87951512535644,16.61594907506234,0.3506479796459123,-0.020521430681393074,16.216521523065555,0.41336172513387137,904227017.6396058,43.25609937439065,15700.45107547388,12920410.079991743,-6.968372628725452e-07,-4.484614528505051e-08,-12.791117738452296,43.26173048016023,91.01655299272757,91.01820764461527,60.6595595132915,69865.4739412268,78944229.86016442,1.2260691678226914,0.37871760911876046,1.3513439310586903,3.318337540942084,0.3734574499056804,1.1699831985269582,3.281843267417575,0.5723271304788122,5.3669168458913,-14.7,0.349,0.529,0.98725,1.4706,1.1904,1.4528
11.5638,0.9184000000000001,13.448,7.640000000000001,237.71499999999997,0.09786564868077398,-17.272,17.038,54.75,-54.75,1.9654116838382826e-07,27.374997685991975,47.4148921931911,27.37500242748106,47.41488945569109,-47.4148921931911,0.0,13018153.770074291,20678970.811503492,0.40805532682134915,0.41288450997255866,1.1225583611073762,1.4331847567159035,1.63183590530557,3.939139284238771,9549346.614561874,20.97722088815725,5.69997331797353,0.5325048892229337,-0.015495634687356001,18.070452505430605,0.8034712445071218,664538978.0145228,22.052086930239454,23283.394172213422,20775955.559193585,-7.155421923424443e-07,-4.2480291218495435e-08,-12.499233560299743,22.062186902727024,126.4420525846398,126.44809297506949,85.90520089929042,67015.31781676073,77120469.14490475,1.0666275395820504,0.38249410569609027,1.4026792207296856,3.33271768953526,0.3779665967225394,1.2263331074887274,3.2941590155032623,0.5404393831514104,5.408466112621624,-11.620000000000001,0.22060000000000002,0.607,0.90625,0.5494,1.3488,1.408
10.2758,0.7424,10.808,6.408,239.72500000000002,0.09742801365720567,-17.624,11.634,57.63,-57.63,2.068797723097721e-07,28.81499756426881,49.90904542636718,28.815002555173216,49.90904254486718,-49.90904542636718,0.0,11025582.847264212,15719089.621206408,0.4071305554953309,0.4121078060435278,1.1120137716706548,1.420053102870948,1.6201307756242618,3.93515272635206,8602238.472878791,22.161900550021173,7.685575767453338,0.3990973503087884,-0.027160074079522287,20.025192563089018,0.5130310755978171,633705073.2136548,27.975766143979875,18412.692543384932,15816060.994266309,-6.971902922226479e-07,-3.952945925589945e-08,-13.683032279883104,27.989025355557978,120.46471786101058,120.47066589903471,80.35241152298653,67581.9660670255,77497076.72187875,1.1109671357829976,0.38173091879474097,1.392183517710542,3.3296953881339526,0.37706327576141935,1.2147561716908508,3.2915586597167037,0.5563801293685988,5.399972014602112,-0.8999999999999986,0.4378000000000001,0.39339999999999997,0.75475,0.6053999999999999,0.9136,1.0415999999999999
9.9258,1.0176,11.296,12.472000000000001,239.81500000000003,0.0974085087986934,-17.528,19.306,44.910000000000004,-44.910000000000004,1.612176049701868e-07,22.454998101879447,38.893201979839496,22.455001991199534,38.89319973433949,-38.893201979839496,0.0,11371854.331750076,12150615.887003217,0.4072810883430459,0.41226811272625036,1.1115497239764818,1.4195035060766665,1.6196416724355898,3.93503321210407,8789064.863763368,14.023299606639428,17.923317048300504,0.33447259454587136,-0.01686966196777068,14.610161677533018,0.40645884684389444,947772183.4878424,42.72577313791575,15077.686021359843,12247643.35792295,-6.807948789192097e-07,-4.5975063867292946e-08,-11.4050454700673,42.715233944894145,83.28370856971472,83.28521565955764,55.75494148853485,67607.33837673884,77513939.34112412,1.1129673665293973,0.3816968299309896,1.3917161413520502,3.3295618112232646,0.37702286335886637,1.2142420958962739,3.291444022646425,0.5570254854264692,5.399593919820033,-2.620000000000001,0.2422,0.29259999999999997,0.86975,1.2158,0.9248,1.3488
12.5998,1.0416,11.504,8.984,236.15500000000003,0.09820736170061377,-20.759999999999998,14.77,58.51,-58.51,2.100387901760327e-07,29.254997527075624,50.67114780317098,29.255002594190262,50.67114487767097,-50.67114780317098,0.0,13882796.644437404,27291352.60949234,0.40874785042091377,0.41346292214534275,1.1308409611221744,1.4435070901957954,1.6409829905178661,3.942307076993575,9825675.487866662,23.399727561212813,6.704587467802965,0.46015498531234617,-0.02386211512710912,23.33811567112573,0.6405056355646326,635363974.5402241,28.37885183642012,29675.56692933256,27388315.674183577,-7.707653961339198e-07,-3.4688902774648287e-08,-16.21872580481909,28.38995048769779,158.5526961647868,158.55945619860788,109.49509768953068,66575.5311150627,76823711.08208543,1.0328795455389528,0.38308549313345325,1.4108921099503948,3.3351111948947656,0.37866561182079483,1.2354446837560673,3.2962289363456105,0.5280311559530809,5.415061630286342,-15.66,0.2794,0.6477999999999999,0.87725,1.1878,1.3088,1.2624
7.0838,0.712,14.352,13.592,237.86499999999998,0.09783250753931358,-21.288,7.07,48.99,-48.99,1.7586396053194056e-07,24.4949979294383,42.426585726838944,24.495002172096754,42.426583277338935,-42.426585726838944,0.0,10631482.415890202,14791936.365556661,0.4079657277633738,0.41280569115193433,1.1217659869712537,1.4321954278818956,1.6309566858702294,3.9388361018513005,8684555.315111622,18.81011973198122,8.399451137951798,0.7442082868713837,-0.010100182030953074,11.971374244836348,1.2329034815141353,844500799.4288373,20.938487219072094,17560.82061961921,14888929.029755063,-8.605488913349651e-07,-5.109185311946058e-08,-16.79751817774742,20.94847424301393,103.93990982394419,103.94173122377529,78.1347831597621,67057.6049996163,77148829.85742795,1.0699031786765125,0.3824372082211229,1.4018926242939764,3.3324897809079475,0.37789929698343416,1.2254628379232926,3.29396240330877,0.5416248739568952,5.407832250171007,-14.66,0.4426,0.4426,0.94325,0.5522,1.216,0.776
11.0038,0.9176,11.712,6.376,245.755,0.09618618786688221,-19.352,14.994,46.07,-46.07,1.6538176488480306e-07,23.03499805285206,39.89779147653542,23.035002042631096,39.897789173035406,-39.89779147653542,0.0,11284958.202168187,15525065.977359671,0.40444541828227554,0.4098849040439203,1.0815010488470906,1.381872514187627,1.5859628737449334,3.9238975886614766,8771995.366526194,15.500919151638605,12.372650513422629,0.31396094856418616,-0.01695464249955113,18.16646458924877,0.4691596045324073,775319989.7571263,36.22231915044932,18345.40088475264,15622080.620432703,-6.112154186063025e-07,-3.7798609601698176e-08,-14.46595939610127,36.235568088473464,94.9638710930226,94.965136636876,63.00091115609242,69281.9108178198,78583635.41570404,1.2025545446819284,0.3794657979523341,1.3615960395400521,3.321118627945025,0.3743613537412561,1.1811483041278967,3.284206245198316,0.5726928391989214,5.374991296774413,-3.8999999999999986,0.15940000000000001,0.5662,0.92225,1.4286,1.0624,1.2528000000000001
13.0058,0.828,11.144,10.456,247.675,0.09581020727285738,-18.456,12.278,49.03,-49.03,1.7600755225313422e-07,24.514997927747697,42.461226743966385,24.515002173870254,42.46122429246638,-42.461226743966385,0.0,12450272.382112075,23940838.148625713,0.4034625802869367,0.4090518023404283,1.0720742832849408,1.3700509025961476,1.5752874399260215,3.9204899282556966,9280165.709810067,16.53771381077387,11.930012191816404,0.4765015080164134,-0.017073838124936236,21.916290333437217,0.571712729739332,805614195.8011541,38.014698184687376,26526.221700722283,24037840.33983945,-6.301242699396822e-07,-2.792435962749191e-08,-14.53193614055154,38.03428197230455,121.20065321663205,121.20147896397711,78.13425507701297,69823.18675837122,78918500.31148794,1.2245540072966685,0.37876956825354746,1.3520803611687933,3.318534550742403,0.37352089446162146,1.1707850839139793,3.2820103994572034,0.5724788289137427,5.367467086193315,-17.94,0.403,0.319,0.77275,0.1322,1.2096,1.4432
13.593800000000002,0.9560000000000001,12.712,11.4,240.29500000000002,0.09730798782883894,-18.776,20.146,44.55,-44.55,1.5992527947944379e-07,22.27499811709484,38.58143282569248,22.275001975238013,38.581430598192476,-38.58143282569248,0.0,14119851.399081813,25872038.08346662,0.40690371157161415,0.41192254736844097,1.1090724766499527,1.4163749711664868,1.6168657943193743,3.934005533475088,10042762.629167657,15.147638909331992,11.045503648631522,0.4187140779546911,-0.010768823435905314,19.872448650674727,0.5130339485904934,755152028.1526568,35.136426406283896,28462.687572805477,25969064.472659476,-6.047349591445234e-07,-3.1364602207408414e-08,-13.460234219772337,35.15127582869386,112.84293853582226,112.84361539973327,73.78915541575869,67742.65736187671,77602733.20627314,1.1208657982989558,0.3814552183495829,1.3892432575675537,3.328809786081935,0.37674947902372113,1.2115002406728126,3.290787964615994,0.5588640610350057,5.396660595799661,-14.219999999999999,0.361,0.625,0.9117500000000001,0.387,1.3824,0.7248
12.221800000000002,0.7656,11.016,12.632000000000001,249.745,0.09541775137069244,-21.912,11.354,42.83,-42.83,1.5375083546811622e-07,21.414998189790616,37.091869089212324,21.415001898977422,37.09186694771232,-37.091869089212324,0.0,11606655.76428204,19105361.761173137,0.4026035558889851,0.40836089121446095,1.0620723804487562,1.3575370017206414,1.563943273012756,3.916991030113073,8924560.707308136,13.41678009049457,21.9573540415257,0.3544795497475676,-0.02405328881572601,18.271031808097526,0.4613870810353965,1089183128.4476101,52.50972365406323,21862.503666012122,19202383.483888708,-6.665532670251653e-07,-3.1140381474821205e-08,-17.291166678825007,52.50694112434787,98.87635447396373,98.8781248649018,65.63545591484814,70406.7498817782,79270162.89925116,1.2455886783232548,0.378040268706378,1.3419512840398977,3.315832451421754,0.3726328373423147,1.1597968326517596,3.2797240038061757,0.5704193448194368,5.359701717564127,-19.1,0.2374,0.2098,0.85675,0.597,1.3136,0.7392
13.0478,1.0656,12.975999999999999,11.064,235.465,0.09835894270286287,-19.416,12.67,61.43,-61.43,2.2052098582317022e-07,30.71499740366186,53.19994205347451,30.715002723655918,53.1999389819745,-53.19994205347451,0.0,14710909.13690288,31959843.4846199,0.40903830437475824,0.4137030194095213,1.134531915251076,1.4481079167194735,1.6450443957444802,3.9437268111356043,10254595.691774337,25.587965382964224,4.922875836365494,0.49274646666352634,-0.020042610063842732,21.881398147993075,0.7331931104395921,604712518.0988532,23.343037378363146,34211.01623811724,32056799.59955402,-8.309983325283798e-07,-3.5219679193256636e-08,-15.369958005943584,23.350892141512293,178.9796285423831,178.98684203370496,126.40810726728397,66381.01007392704,76690832.17799027,1.0181422193394594,0.38334669866282933,1.4145431150096701,3.336183338070763,0.3789741138515776,1.2395103987505198,3.2971592530825715,0.5226258035872429,5.417977742813261,-8.260000000000002,0.1042,0.1282,0.90325,0.5466,0.9712000000000001,0.872
7.1678,1.0736,12.248,9.144,243.865,0.09656362604796191,-21.432,8.358,52.71,-52.71,1.8921799060295136e-07,26.354997772212545,45.64820031969138,26.355002337032452,45.64819768419137,-45.64820031969138,0.0,10126634.596205423,11241306.603721466,0.4051166693396363,0.41040637414724623,1.0909296309516838,1.3936295818006068,1.5965554457831954,3.927269553787256,8320815.22379636,20.05151202275602,6.612721010837374,0.39944606304491964,-0.01766036631651632,13.535658357228895,0.6920016735756034,650604134.5473814,24.33412421867543,14068.806844739709,11338284.994655516,-8.675886279491594e-07,-5.592236412963245e-08,-16.666025177473024,24.34760552294591,100.26666932769143,100.2733957843336,75.60540383563617,68749.0923138395,78249908.26769273,1.173868897539136,0.38015828028866405,1.3710898673472807,3.3237314232058193,0.37519316121073437,1.1915092725104695,3.2864309512993573,0.567852412208728,5.382529674859599,-1.3399999999999999,0.6801999999999999,0.5734,0.80375,0.499,1.0192,1.1152
8.1478,0.732,13.68,8.696,241.67499999999998,0.0970149736258043,-17.848,10.346,53.230000000000004,-53.230000000000004,1.91084682978469e-07,26.614997750234757,46.09853354234817,26.61500236008798,46.098530880848166,-46.09853354234817,0.0,10627765.019878928,12698086.011419293,0.40612467924762397,0.41124648047836476,1.1020086362392658,1.407498762247027,1.608969890409959,3.931345297969485,8602849.972155023,20.265961895089696,7.790477539370888,0.7722770247932919,-0.01420032698834295,13.397841415222823,1.1973235692088018,809117451.4331061,20.52807773120584,15506.200619589237,12795071.821428046,-8.479226491355403e-07,-5.414692593405591e-08,-13.49856799048238,20.53954874289625,104.18724903017714,104.1936560578299,78.31904484654274,68131.69944414803,77855549.08584815,1.1411752085485236,0.38095866357990615,1.3821948778155433,3.3268271211026392,0.3761531067657669,1.2037082584926078,3.289081607923675,0.5623510715524991,5.391260615239318,-2.1000000000000014,0.40180000000000005,0.4174,0.86275,0.5157999999999999,1.3024,0.8912
11.927800000000001,0.8416,13.120000000000001,6.584,245.845,0.09616840271366084,-23.992,9.926,50.55,-50.55,1.8146403765849346e-07,25.274997863504918,43.777585394809314,25.275002241263334,43.777582867309306,-43.777585394809314,0.0,12460797.44257506,22736357.105675187,0.4042080442813056,0.4096511902271222,1.0810508239498822,1.3812810139581855,1.5854272151936128,3.9236823049976435,9320680.912107937,19.205715815641103,5.754752613572597,0.30697803210404934,-0.015974518828456928,19.072516605234746,0.6294606540702868,586875369.3349956,25.323332872980338,25293.95712033562,22833338.395784326,-6.982750396254042e-07,-3.723791394940573e-08,-19.442899606969306,25.33710356615102,129.10404708547944,129.11050256991624,89.91078771921435,69307.28312753316,78599397.52598788,1.2039311930463619,0.3794334184645524,1.3611466641299408,3.3209961647146913,0.374322270635055,1.1806590617425456,3.284102249658751,0.5729204526726769,5.37464184838835,-15.74,0.42100000000000004,0.2494,0.99325,0.4122,1.0575999999999999,0.8288
11.6898,0.9632000000000001,10.8,7.064,239.125,0.09755729251998915,-16.152,20.817999999999998,56.31,-56.31,2.0214124551038116e-07,28.154997620058595,48.76589186116148,28.155002496647647,48.76588904566147,-48.76589186116148,0.0,12914390.69665745,20597215.45562367,0.4074022554424159,0.41233502771132574,1.1151464297720646,1.4239515594284755,1.6236136690980745,3.936328256758022,9393274.158269126,20.612846953976916,9.24899102613611,0.5501585404208869,-0.024114319121173535,22.731064774132797,0.6987126253101739,760831080.5420558,31.996415504774863,23202.561824149216,20694198.963163845,-7.090447712296452e-07,-3.732637376769378e-08,-11.231397633881105,32.01099723324206,128.31330596140063,128.3192478432739,86.06755331339124,67412.81733560318,77385356.25702845,1.0976309856537723,0.3819588868594465,1.3953063972516269,3.3305904171255607,0.3773332449241772,1.2181928762330543,3.292327188488757,0.5516083827848902,5.402507357329679,-8.3,0.3154,0.2002,0.98475,0.46540000000000004,1.3504,0.7951999999999999
9.4078,0.8168,13.568,8.856,235.435,0.09836560914039175,-18.856,15.89,42.71,-42.71,1.5332006030453524e-07,21.354998194862414,36.98794603782999,21.355001893656915,36.98794390232998,-36.98794603782999,0.0,11512315.011929901,13940471.398334935,0.40933502708351466,0.4140017180197773,1.13469885573586,1.4483576213552602,1.6452687234119523,3.943869799130453,8969977.384101806,15.191333824283376,9.426644986244964,0.3017602440622459,-0.00954201760400725,14.055190740271575,0.5533908063226959,725173582.9544665,28.821750348823688,16832.312471129986,14037504.672147619,-6.35407300605581e-07,-4.5687620940200195e-08,-13.318950130322984,28.82999188078745,84.53981244355994,84.54133449055855,59.247581359833276,66372.55263735591,76685033.41340873,1.0175041006550374,0.38335805541441975,1.41470210406406,3.3362301451479293,0.37898752188476864,1.2396876448230076,3.297199910172393,0.5223911967551815,5.4181045999160595,-14.78,0.2902,0.6933999999999999,0.84775,0.9805999999999999,1.3872,1.1952
11.9698,1.0632000000000001,12.136,6.36,242.095,0.09692811483383593,-19.816,18.326,51.95,-51.95,1.8648974790027175e-07,25.97499780433394,44.99002099426991,25.975002303335913,44.990018396769905,-44.99002099426991,0.0,12827403.606962163,20362658.158979006,0.4059770176807163,0.4111311175264689,1.0998665487148007,1.4048250414779182,1.6065772122770128,3.930553952309931,9400218.790651448,19.042532113489624,7.472633286621133,0.35536450468016945,-0.01793460278946608,20.05524715414514,0.5559704917027692,645039517.4782257,28.28837148105213,22995.34516873326,20459648.127435688,-6.678699113735821e-07,-3.9661433570235096e-08,-14.543959367331281,28.302473015718327,120.88731463361275,120.89329759736862,80.996611772897,68250.10355614364,77931867.49007124,1.1474021732927693,0.3807951508678397,1.3800462395528266,3.3262175668096488,0.375959644198462,1.2013477293916603,3.2885585731656555,0.5634012598327464,5.389433791126405,-13.3,0.523,0.5974,0.80075,0.8013999999999999,0.7472,1.2959999999999998
7.5178,1.1016000000000001,13.472,11.272,248.185,0.09571225567881156,-20.504,20.734,56.39,-56.39,2.024284289527685e-07,28.194997616677394,48.83517389541637,28.19500250019465,48.835171075916364,-48.83517389541637,0.0,12844273.700615177,13920914.108727627,0.4030547360905662,0.40868202570287365,1.0695949354555734,1.3669178850167312,1.5724553722353647,3.9195736233620617,9498281.82666233,21.61151792758031,8.106169618476361,0.7366932988666295,-0.015490933266728705,13.217368804690569,1.1539996637814935,804874085.1679213,20.779216740430293,16676.07788583871,14017887.424597733,-9.243596818852759e-07,-7.172786660344085e-08,-13.211166720810333,20.792718661711458,117.24030935169722,117.24696739304949,90.42379512881125,69966.96318008019,79005668.05039558,1.229709852412661,0.378592895264382,1.3495785482035083,3.3178660230952417,0.37330513013636724,1.1680625395176547,3.281443548779064,0.5719642786643634,5.365596693192279,-2.8599999999999994,0.4786,0.6706,0.83275,1.3782,1.448,1.4608
8.7638,0.9504,13.44,7.848,238.465,0.09770073801529833,-18.328,14.294,43.03,-43.03,1.5446879407408457e-07,21.51499818133762,37.26507417484955,21.515001907844933,37.265072023349546,-37.26507417484955,0.0,10892692.04257331,12325106.248359926,0.407896907464765,0.4127840663462325,1.1186111520262128,1.4282945291840758,1.6274881517198165,3.937691398414372,8708690.309148785,15.186235525576713,9.397896710397763,0.31842156336452226,-0.010065520064742213,13.600581576470757,0.6375379127542615,733689613.8340614,28.592077339681772,15257.99301590347,12422138.376801128,-6.526291333907867e-07,-4.75488489714771e-08,-13.08397974184338,28.600907289735254,81.11695238357747,81.1188103165261,57.6602521776428,67226.75373103863,77261849.30460186,1.0830597230572503,0.38220950836343404,1.3987515676917062,3.331581957507135,0.377629900779064,1.2219920036738592,3.293180103409239,0.5463735079528228,5.405296497087108,-0.33999999999999986,0.5302,0.181,0.82325,0.5802,1.0848,1.0112
8.0498,0.784,13.056000000000001,10.84,238.25500000000002,0.0977467116216888,-17.288,18.018,51.79,-51.79,1.8591538101549706e-07,25.894997811096335,44.851456925760125,25.895002296241902,44.85145433626012,-44.851456925760125,0.0,11543624.078647466,11768696.61840927,0.40781284747313123,0.41268187385293853,1.1197115903243855,1.4296401050058025,1.6286842487813715,3.9380645624985773,8940931.750498105,19.19150148545036,6.792570396865319,0.5132804789207902,-0.013119038480125673,13.036719616123305,0.804423057751986,704436387.8795476,22.98465743224157,14622.015366509468,11865693.155224273,-8.266814038956685e-07,-6.138171652488866e-08,-11.233972305897673,22.995771600707105,95.96536244622254,95.97150167629763,70.62923126225809,67167.55167504083,77222370.63956775,1.0784451431613833,0.3822892212334064,1.3998499631755366,3.331899001343817,0.3777242239005301,1.2232049486850667,3.2934531574286487,0.5447103474001787,5.40618403531937,-14.9,0.589,0.6345999999999999,0.75075,0.611,1.3632,0.9168
7.9098,0.728,14.432,13.464,246.265,0.0960857101918314,-19.832,15.442,57.99,-57.99,2.0817209780051506e-07,28.994997549053416,50.220814580514194,28.995002571134737,50.22081168101418,-50.220814580514194,0.0,12650646.748695191,16372403.096460827,0.40391955228037996,0.40939405925133904,1.0789716697739191,1.3786702821945247,1.583067106868554,3.9229152150300233,9500201.548004922,22.941814214432288,7.246919935024651,0.953962680985482,-0.013847949742829336,12.943565983699287,1.4864162254037074,962618162.5038958,18.576496764564112,19048.708340300487,16469370.154481431,-9.732528500099689e-07,-6.514364117769155e-08,-14.006550778702325,18.587639908171372,130.24292317416354,130.24963430549252,100.64776785954852,69425.68723952875,78672776.81370462,1.2103328138118872,0.37928240356224396,1.3590523839237394,3.3204264205353855,0.37413990990122203,1.1783804004911724,3.2836186883951526,0.5739594219604369,5.373013085614899,-15.06,0.1354,0.4858,0.9047499999999999,0.9077999999999998,1.224,1.4976
7.5738,0.9064000000000001,10.712,9.4,245.635,0.09620994028827014,-22.344,13.033999999999999,57.870000000000005,-57.870000000000005,2.0774132263693408e-07,28.934997554125218,50.116891529131856,28.93500256581423,50.11688863563185,-50.116891529131856,0.0,10772864.26608811,11270378.163505316,0.4042667350315326,0.4096929913796172,1.082090783456534,1.3825767696677786,1.5865973744863262,3.924053938675056,8502024.108865492,22.567816525891505,7.0961519701729285,0.30834971434273967,-0.02666440404792697,15.445696165394523,0.4607113695224299,587637108.9445268,27.635214569366394,14054.085192725113,11367339.03438908,-8.773964829347549e-07,-5.92551731703788e-08,-16.622551333333902,27.65104638906407,110.97425206358436,110.98091810628151,81.76845302857288,69248.08107153533,78562597.10151543,1.2007207016445436,0.3795089895737958,1.3621954877400548,3.321282114636912,0.37441347920296736,1.1818012195469254,3.284345131711336,0.5723893570997507,5.375457608845742,-8.420000000000002,0.1366,0.481,0.98075,0.25539999999999996,1.4687999999999999,1.0016
7.4758,0.9376000000000001,14.184000000000001,13.992,235.91500000000002,0.09825966303130627,-18.984,11.41,45.15,-45.15,1.6207915529734876e-07,22.574998091735846,39.101048082604166,22.575002001840545,39.10104582510416,-39.101048082604166,0.0,10880664.71115946,13135860.09471861,0.40898124829102916,0.41368086484190014,1.1321254883883938,1.445128936098891,1.6424178543198014,3.942842354567507,8772204.970334154,16.880678760602017,7.2343811546829375,0.47147049391305196,-0.008127927939746076,11.538688392104394,0.898014020246003,760627104.1457345,23.575077821214972,16008.370388446187,13232878.1500629,-7.947399721959741e-07,-5.30652594606611e-08,-13.817746721985648,23.585023843365704,90.28236056070824,90.284189029125,66.52555559256454,66507.87162249378,76777620.16627358,1.0277404984152285,0.3831763694535331,1.4121607265879348,3.3354831607921356,0.3787729621074029,1.23685638972894,3.296551487724709,0.5261497763510263,5.416075949714308,-4.539999999999999,0.505,0.48340000000000005,0.75275,0.6025999999999999,1.016,1.0032
7.9378,0.912,11.496,8.536,237.025,0.09801922800887562,-19.192,19.922,51.83,-51.83,1.8605897273669072e-07,25.914997809405733,44.886097942887574,25.915002298015402,44.88609535138757,-44.886097942887574,0.0,11230767.537314512,10407518.537482094,0.4084182801044051,0.41319789775267396,1.126212354588938,1.4377476606848922,1.6358863109388984,3.9405564311194974,8711598.110257056,18.952534074350996,8.917476774504255,0.31555193721776925,-0.01830054139871413,14.45834861358248,0.4688398813649664,673331389.7242166,29.099440074845862,13282.226280674413,10504511.267899346,-8.101571514297725e-07,-6.339694215470524e-08,-12.396332204891976,29.1114207892618,92.50997229814669,92.51614639775968,68.21092453471199,66820.79677562506,76989379.62915723,1.051629435388683,0.382755838070634,1.4063047239666684,3.333771195227125,0.3782760540154056,1.2303495504320259,3.2950689292050472,0.5349171632039447,5.411383593560032,-6.02,0.697,0.39459999999999995,0.96975,0.9833999999999999,1.3616000000000001,1.3264
13.187800000000001,0.8648,13.816,6.952,235.94500000000002,0.0982531029935051,-23.784,10.038,55.39,-55.39,1.9883863592292688e-07,27.69499765894238,47.96914846723023,27.695002455857097,47.96914569773022,-47.96914846723023,0.0,13691844.934776597,29124274.24547727,0.40884343121381256,0.41354324450733415,1.131962644536649,1.4449059369667991,1.6422188691316637,3.942738854270058,9839558.84835558,22.643162875665553,4.6700311012772735,0.4339323743714009,-0.017458623994963684,20.554553031768624,0.7842888893632199,585237698.0890064,22.190482789239685,31466.959808010302,29221238.65114615,-7.483525772010615e-07,-3.65515721682079e-08,-19.421937653745246,22.198844469943445,159.13688661017366,159.1439192375023,111.18158094740582,66516.32905906488,76783386.39035812,1.0283821749050883,0.38316500530517267,1.412002085288522,3.335436607818527,0.3787595396330324,1.2366797694980125,3.296511101157435,0.5263848477895304,5.4159490654095,-11.78,0.247,0.253,0.7827500000000001,1.1066,1.3424,1.4992
10.3598,0.768,12.608,8.136,240.38500000000002,0.09728915390938529,-21.304,9.17,50.230000000000004,-50.230000000000004,1.8031530388894416e-07,25.114997877029715,43.500457257789755,25.11500222707532,43.50045474628975,-43.500457257789755,0.0,11363344.663671369,17498314.610638194,0.406780018049217,0.411804559281251,1.1086079992968705,1.4157817222728795,1.61633854483019,3.9338143947178708,8850179.865884146,18.939966550918424,6.79135196410131,0.32326511246513484,-0.015670008160591196,17.10930274048907,0.578637273327241,613488228.0711024,25.99345509058948,20194.863931703847,17595303.242014416,-7.011553865569937e-07,-3.8939736508278616e-08,-17.071224309674204,26.005804718730953,112.2285480933799,112.23458848208342,77.72738798653612,67768.02967159005,77618952.57251228,1.1221835824947817,0.38142284465407994,1.388782246470766,3.3286795505574016,0.37671062146203904,1.2109895088317546,3.290675666445553,0.5590939361170855,5.396308094289237,-1.8599999999999994,0.133,0.4738,0.77025,0.6809999999999999,1.3408,0.7904
8.3578,0.996,12.808,9.768,247.43499999999997,0.09585760147385561,-21.256,19.950000000000003,57.43,-57.43,2.0616181370380375e-07,28.71499757272181,49.73584034072995,28.715002546305705,49.73583746922994,-49.73584034072995,0.0,12736994.340700902,14682015.352857918,0.40340557499355006,0.40897331005352566,1.0732455096296831,1.3714918408762344,1.5765948733934922,3.9208739974188465,9402232.140855206,22.287587446851628,5.322733325727834,0.5119779821542882,-0.01859951471939603,14.783023904145796,0.8170369263143247,622712895.6387607,22.068221040092197,17403.14758500756,14778983.154671006,-8.964520827862225e-07,-6.533560209050015e-08,-14.410299179826884,22.08193855673016,121.9629194682377,121.96952736702413,92.61921960363917,69755.52726580229,78875538.53727096,1.2221089851398588,0.37886492516600206,1.3532717346355334,3.318862360955875,0.3736339645603598,1.172075678120114,3.282288635147293,0.572716967627203,5.368531702045845,-13.98,0.6742,0.48219999999999996,0.82275,0.49340000000000006,1.0272000000000001,1.1552
9.3238,1.036,13.048,12.600000000000001,237.47500000000002,0.09791897115169199,-17.256,9.954,60.67,-60.67,2.1779274312049059e-07,30.33499743578325,52.541762728053044,30.335002689959378,52.541759694553036,-52.541762728053044,0.0,11559601.057419192,16221304.517772965,0.40811004703862513,0.41292089681182786,1.1238259132067872,1.434756872486351,1.6332316945043293,3.9396104174885562,8938735.11529277,24.997862778769406,5.542956934091326,0.6957022228637773,-0.01787970924956056,14.893577287351933,1.0163736558212688,692340809.5350437,19.761185685225314,18874.142516501375,16318266.280452155,-9.143340459707668e-07,-4.938129172389081e-08,-13.294722639194415,19.770653561268993,132.63741951869676,132.64380874404839,96.74485038364188,66947.65832419181,77074894.15406577,1.0613970017363503,0.38258522954406726,1.403939119584846,3.33308328043285,0.37807433806090746,1.227727707699478,3.2944745517795235,0.5384636981925335,5.409481797823816,-7.219999999999999,0.3022,0.49540000000000006,0.77525,0.9133999999999999,0.7807999999999999,1.3296000000000001
12.5158,0.7816,13.112,11.975999999999999,235.135,0.09843261055876293,-17.384,11.578,56.63,-56.63,2.0328997927993048e-07,28.3149976065338,49.043019998181045,28.31500251083566,49.04301716668103,-49.043019998181045,0.0,13082581.821892362,25011874.664168376,0.4092697320562944,0.41391174492146443,1.1363050295422634,1.4503325426893294,1.6470062149498483,3.9444372559869856,9586442.95957711,22.560292425977465,5.441303003047714,0.49128491355948933,-0.01552579437933791,18.89864023956103,0.7360633997552887,637956132.5536666,22.373252407710158,27481.91766740199,25108849.917705,-7.257205128177367e-07,-3.4267432364568913e-08,-13.609468117388742,22.38255920591862,144.86048834791467,144.8668757833487,95.86511183649228,66287.97827164475,76626934.60699952,1.0111347233028565,0.38347155966842233,1.416293241254129,3.3366990775262266,0.3791215261939607,1.2414626131497672,3.297607456458827,0.5200467604702376,5.419372473976326,-9.78,0.43900000000000006,0.1642,0.78225,0.191,1.488,1.0928
13.131800000000002,0.7111999999999999,13.192,6.088,249.83499999999998,0.09540087158602123,-16.408,17.794,60.59,-60.59,2.1750555967810327e-07,30.29499743916445,52.472480693798154,30.295002686412378,52.47247766429815,-52.472480693798154,0.0,13901357.795900652,26714312.674269628,0.4023212300593667,0.40808151213292726,1.0616354427262684,1.3569544004292247,1.563412648391829,3.916774259943116,9899167.15879011,23.534556200235414,5.056905106650231,0.6182292945305653,-0.02065317004918216,21.54481490092985,0.9138751244592881,677786972.463321,21.679348509839855,29144.07631488085,26811279.977525517,-7.458620510178952e-07,-3.813971487420349e-08,-12.019906433197406,21.67781562360656,157.6263767157972,157.6329792193217,105.32714808709225,70432.12219149157,79285328.34271963,1.2465074849415312,0.3780090943298722,1.3415136830025753,3.315716879366232,0.37259468613623525,1.1593233801069076,3.279626490519381,0.5703310598894484,5.359372748149166,-5.26,0.3214,0.475,0.98525,0.5242,1.3712,1.0735999999999999
12.5858,0.9952000000000001,13.847999999999999,11.032,242.63500000000002,0.0968157476979415,-19.240000000000002,8.274000000000001,45.07,-45.07,1.6179197185496144e-07,22.534998095117047,39.031766048349276,22.53500199829354,39.03176379484927,-39.031766048349276,0.0,11919149.170904081,22110768.35658101,0.40583999744421084,0.411037159288364,1.0971314549641087,1.4014142475282714,1.603530940859174,3.929571652415641,9178753.094925513,16.267619015864632,6.9428207287857715,0.3411287498316758,-0.009479136961093983,16.943867195208778,0.6273356049966164,640931096.0759447,25.97936240736925,24769.61346072414,22207784.408997133,-6.124921571662931e-07,-3.0982937647171166e-08,-15.546872354413493,25.991987088964564,108.73468315324602,108.73553899001135,71.00331560617786,68402.33741442375,78029568.76762214,1.155434024883941,0.3806008913926855,1.377305953125136,3.325453851862605,0.3757259906269691,1.1983316655829146,3.2879038715662734,0.5647437056513612,5.387326088565828,-9.62,0.15100000000000002,0.1354,0.82475,0.9777999999999999,1.312,1.3984
13.1598,0.9936,14.136,9.368,240.565,0.09725054645959384,-17.88,16.926000000000002,45.63,-45.63,1.6380225595167275e-07,22.814998071448652,39.51674028813352,22.815002023122574,39.51673800663351,-39.51674028813352,0.0,13237188.576233681,22730587.56919215,0.40677909370882065,0.41181844092672415,1.10768584808328,1.4146357902868842,1.615321719830409,3.9334875594592096,9711235.128317473,16.234945903180922,7.087811153945179,0.3731144728827974,-0.009315992549963794,17.50707609435199,0.6111766266761499,689405214.7614126,25.715967596421798,25385.931685311123,22827609.237235934,-5.991925517011776e-07,-3.5473030973854484e-08,-13.01140835807631,25.727830577124575,108.4121616749254,108.41295726723891,70.07338356246873,67818.77429101674,77652161.60602319,1.124821662227549,0.3813580831033336,1.387860697812722,3.328419443490475,0.3766328821444844,1.2099690925440247,3.2904514843775754,0.559548916922313,5.395603297454126,-14.98,0.5626,0.613,0.94475,0.6529999999999999,1.2191999999999998,1.24
6.7618,0.9312,12.936,11.448,235.58500000000004,0.09833234137700379,-19.784,13.594000000000001,50.63,-50.63,1.817512211008808e-07,25.31499786012372,43.84686742906421,25.31500224481034,43.8468648975642,-43.84686742906421,0.0,10803660.082130224,11122274.432613807,0.4090769996505291,0.41375192112595555,1.1338905649302715,1.4473233323598969,1.6443541163282827,3.943512044646166,8640479.047819665,19.269435825452845,7.106723951409298,0.4819164290338009,-0.013126550874740545,12.18011212994624,0.8033415475228788,716922369.7501893,23.492418120964253,13977.868488958422,11219267.361716077,-8.638486422971593e-07,-6.218020813806025e-08,-13.961144885550219,23.502916141235374,95.18339629695771,95.18982673266945,72.14722768448216,66414.8398202115,76714006.17724575,1.0206969384391567,0.383301283456786,1.4139073173934253,3.335996267492767,0.37892048723570265,1.238801731026161,3.2969967932896376,0.5235647609494799,5.4174705721495755,-8.34,0.2758,0.4786,0.94775,0.45419999999999994,0.9359999999999999,1.0848
12.991800000000001,1.0168000000000001,10.64,10.776,238.315,0.09773356016803128,-20.488,19.754,58.91,-58.91,2.1147470738796934e-07,29.454997510169626,51.01755797444543,29.455002611925284,51.017555028945424,-51.01755797444543,0.0,14576167.410371177,28397165.745586507,0.4077268938459836,0.4125992653680404,1.1193946912459307,1.429235060807788,1.628322648556936,3.937920944931169,10079478.160756417,22.869965830045423,8.377979160498656,0.5291748402713976,-0.024913348584236647,24.46770424681149,0.6794729507260164,719276070.4028461,33.10536055539065,30761.79121640469,28494130.373528503,-7.557062295863042e-07,-3.420771556715277e-08,-15.280836175727508,33.11889082534295,161.50756397113759,161.51433228427746,108.40758603978028,67184.46654818305,77233658.96946402,1.0797625424174624,0.382266449745086,1.3995360311903804,3.331808343070539,0.37769728049893886,1.2228582130924996,3.29337506527616,0.5451854120582396,5.40593048057824,-17.58,0.6634,0.6898,0.83925,1.353,0.7455999999999999,0.8608
12.0398,0.888,14.112,10.264,249.14499999999998,0.09553076197427968,-16.536,16.198,48.63,-48.63,1.745716350411976e-07,24.314997944653694,42.114816572691936,24.315002156135233,42.11481414119193,-42.114816572691936,0.0,12906743.559253398,20636338.50546045,0.40276783700193497,0.40847463984910026,1.0649537731632703,1.3611286091218078,1.5672043092428216,3.917969922990583,9590806.596346106,17.22843274903179,6.120961133174644,0.45919968104575015,-0.010170923006883884,16.57120630639343,0.729529197180355,677680866.6574521,23.453874612106066,23326.893737833714,20733349.326774843,-6.441391595865206e-07,-3.85277818790681e-08,-11.89103976962575,23.46836404932814,110.78557114156673,110.78653397204666,72.9785502546351,70237.60115035588,79168807.906569,1.239474951662837,0.37824814498261883,1.344873634536421,3.3166059451961263,0.37288712224003184,1.162961807857976,3.280377195926389,0.5710109167163173,5.361896826256531,-8.100000000000001,0.619,0.6789999999999999,0.80575,0.9105999999999999,1.3679999999999999,0.8848
10.107800000000001,0.852,14.072,12.792,236.425,0.09814904670953177,-20.04,7.882,53.07,-53.07,1.9051031609369435e-07,26.53499775699715,45.959969473838385,26.53500235299397,45.95996682033838,-45.959969473838385,0.0,11663574.00947097,18832326.575470284,0.4086358835180221,0.41337080313960295,1.1294013471414543,1.4417139500526213,1.6393976911380042,3.9417582127877067,9053190.331031464,20.89682807276339,7.920250988817636,0.6869485273404897,-0.012390180427878036,14.602763880099758,1.0991605475501238,760833078.2651587,20.706748773273315,21467.63729592868,18929306.652986467,-8.418771397988561e-07,-4.43702348431224e-08,-16.021848267491453,20.716180676317787,123.22789855673429,123.23421044619533,89.63222344719112,66651.64804420275,76875452.00305188,1.0386774705160775,0.3829832369721308,1.4094665626979865,3.3346939469908996,0.37854479563058585,1.2338597224792889,3.2958674018010274,0.5301498327043469,5.413920628976493,-7.059999999999999,0.3094,0.6093999999999999,0.90125,0.2246,1.2992,1.0864
10.1498,0.9032,14.496,8.2,245.215,0.09629325779180169,-21.56,10.626000000000001,56.75,-56.75,2.0372075444351146e-07,28.374997601462,49.146943049563376,28.37500251615617,49.14694021206337,-49.146943049563376,0.0,12745446.255280778,21278964.665009547,0.4044178867455821,0.40981053926014205,1.084176274904496,1.3851752101431178,1.5889413589320789,3.924787288999066,9517388.195275258,22.61906374526496,5.507918967644821,0.7203483871219193,-0.015879557337563,16.309292730370696,1.1799755189496042,750980127.4060315,19.35245370558511,23828.995209044595,21375929.768774383,-8.324219528190733e-07,-4.800462284750057e-08,-17.009547167781115,19.362956393988178,141.9183826940228,141.92511719584468,105.28600561544928,69129.67695953972,78488882.78498752,1.1943060572347017,0.37966030512334753,1.3642967592443267,3.321856270626311,0.3745959951480459,1.1840913224044256,3.284833162402903,0.5712462658058124,5.377092719806162,-5.9,0.1966,0.3322,0.92325,0.9553999999999999,0.888,1.112
8.1058,0.8424,10.6,8.552,236.30499999999998,0.0981748924314265,-22.632,12.894,52.47,-52.47,1.8835644027578938e-07,26.234997782356142,45.4403542169267,26.235002326391438,45.4403515934267,-45.4403542169267,0.0,10515081.65060501,11112390.724080525,0.40876685398999074,0.41349427056370286,1.130042578289007,1.442525927095656,1.6401170958522353,3.942030850316025,8379135.125804055,19.723031217547064,10.798160844886707,0.27606634129265983,-0.023882408634308946,15.824847151959537,0.3939538209082993,715508784.6763473,33.21791006160394,13932.135416199513,11209369.392787041,-7.889564314217276e-07,-5.344062235599191e-08,-16.954327618670515,33.22932198452218,98.42820497369479,98.43435498110298,70.73703676287244,66617.81829791827,76852470.84894547,1.0360984413421894,0.3830286818980289,1.4100999187479835,3.3348792271585896,0.37859849455641825,1.2345637717446916,3.2960279139268533,0.529207938593258,5.414427652049483,-7.140000000000001,0.4726,0.6646,0.82875,0.7342,1.2416,0.9359999999999999
9.043800000000001,0.9368000000000001,13.592,8.808,239.215,0.09753785428801352,-23.416,13.23,47.230000000000004,-47.230000000000004,1.6954592479941934e-07,23.614998003824677,40.90238097323134,23.61500209406266,40.902378611731336,-40.90238097323134,0.0,12039373.310684783,16672637.546244321,0.40737214954727125,0.4123118016951038,1.1146760374122722,1.4233677615967604,1.6230926898615314,3.936155141308711,9181574.836815925,17.793670453655192,6.737166948506638,0.34414995506551477,-0.012077202201504284,14.874793290667283,0.6654557527648512,684606937.9730304,24.937854521624402,19411.70570149536,16769635.57240467,-7.324897179382097e-07,-4.908462172589462e-08,-17.717853822234964,24.949354904994063,104.49002084017626,104.49148727544522,76.09770956262497,67438.18964531651,77402130.94127305,1.0996259871492042,0.3819247005799794,1.3948374307065643,3.330455782203324,0.3772927682276061,1.2176763660793208,3.292211501356885,0.5523231298353761,5.402127055691302,-10.3,0.24459999999999998,0.1618,0.9217500000000001,0.5409999999999999,1.2064,1.1504
11.311800000000002,0.9136,12.488,7.352,237.32500000000002,0.09795231390281081,-20.152,15.358,49.47,-49.47,1.7758706118626453e-07,24.734997909151105,42.84227793236828,24.735002193378776,42.84227545886828,-42.84227793236828,0.0,12232257.312279645,18604397.971470684,0.40832069100615315,0.4131226030011283,1.1246228852299511,1.4357700596161918,1.6341325203657244,3.939949832099319,9182406.678442381,18.30269345834832,7.786957808161107,0.3159784106984421,-0.015270116028693667,18.239764969611862,0.5551767674190422,655728336.1725225,27.887810745665654,21292.584252962253,18701395.665220954,-6.602997044623509e-07,-3.9585903147193984e-08,-15.149575588095415,27.899720207083046,111.39951730418596,111.40055201204578,75.43065032943062,66905.37114133623,77046428.51741384,1.0581357645065814,0.3826421080932194,1.4047271124051683,3.333312196285474,0.3781415954014212,1.2286006450411806,3.294672258635406,0.5372808552615395,5.410115732543191,-19.98,0.1666,0.38260000000000005,0.92725,1.4342000000000001,0.7232,1.0464
7.7138,1.0056,12.224,6.12,249.925,0.09538419779309167,-19.96,13.678,54.79,-54.79,1.9668476010502191e-07,27.394997684301373,47.44953321031854,27.395002429254564,47.44953047081854,-47.44953321031854,0.0,10838801.8360608,11616362.51909125,0.4023211205580417,0.4080896238933142,1.0612049499815734,1.3564232769451368,1.562930120052966,3.916642042444935,8612139.605644243,20.47176481836245,6.185470759980674,0.42376023670951607,-0.020306518898757234,14.898723849601877,0.6902856728790189,635577333.3382525,23.796472388673173,14439.268820463047,11713339.323519649,-8.200181056886673e-07,-5.8800356439369554e-08,-14.639938185389441,23.812480736477163,104.11300689889343,104.11966748544843,78.2074305609965,70457.4945012049,79300328.17456545,1.247426589701618,0.37797790910497714,1.3410762272612438,3.3156014044918867,0.37255652080476315,1.158850238793046,3.2795290849222374,0.5702429106924858,5.359043675318486,-19.9,0.1558,0.4246,0.92675,1.129,0.9408,0.8176
9.421800000000001,1.0104000000000002,13.96,13.815999999999999,243.98499999999999,0.09653926616685946,-16.184,19.11,56.35,-56.35,2.0228483723157482e-07,28.174997618367996,48.80053287828893,28.175002498421147,48.800530060788915,-48.80053287828893,0.0,12994625.370284665,16017123.33888585,0.40502062783162546,0.41031888143597484,1.0903268137532804,1.3928687191106657,1.5958718303010817,3.9270367278708402,9596729.012815963,21.542660843219146,5.850874616125033,0.7540651192330573,-0.012578504715989132,13.661229789252987,1.1087764636464992,747364764.1450177,19.808397538321664,18738.9866082344,16114105.82306385,-8.674297686639447e-07,-5.826879663497755e-08,-10.437521752351373,19.819959931806157,119.43825354632337,119.44440647245389,86.95734816099318,68782.92206012394,78271277.02419677,1.1756772335545789,0.3801150960612694,1.37048533625948,3.323564652019255,0.3751411393680273,1.190847218387047,3.286288609190813,0.5681557065199835,5.38206219198382,-2.740000000000002,0.5806,0.505,0.95175,0.2302,0.8415999999999999,0.8655999999999999
7.9238,0.8328,12.2,13.432,235.31500000000003,0.09839233701765815,-22.936,9.002,60.75,-60.75,2.180799265628779e-07,30.374997432402054,52.611044762307934,30.37500269350638,52.611041724807926,-52.611044762307934,0.0,11485774.061153186,15756837.97585971,0.4091157719885422,0.41376985879929634,1.135336795329988,1.449114770350863,1.645932398201529,3.944046292173328,8875068.354650036,26.090357252623626,5.273571731041679,0.5461366777315158,-0.0208604482636751,14.499156614699862,0.8894600330987369,620555201.5710407,21.58414663888271,18384.83885938206,15853787.135343853,-9.889459351858783e-07,-5.5141634871678556e-08,-18.058452667335903,21.593719932747778,138.4120649405557,138.41885901370125,104.67254516181778,66338.72289107148,76661818.06194991,1.0149537315505468,0.38340346305433615,1.4153382897226092,3.3364175246292724,0.37904113404434403,1.2403971313769087,3.2973627186546,0.5214530654802241,5.418611778623965,-10.38,0.6718,0.385,0.89425,1.3558000000000001,1.3456000000000001,1.2688
