floating.member_Y_pontoon_lower1:outer_diameter+floating.member_Y_pontoon_lower1:outer_diameter+floating.member_Y_pontoon_lower2:outer_diameter+floating.member_Y_pontoon_lower2:outer_diameter+floating.member_Y_pontoon_lower3:outer_diameter+floating.member_Y_pontoon_lower3:outer_diameter,floating.member_Y_pontoon_upper1:outer_diameter+floating.member_Y_pontoon_upper1:outer_diameter+floating.member_Y_pontoon_upper2:outer_diameter+floating.member_Y_pontoon_upper2:outer_diameter+floating.member_Y_pontoon_upper3:outer_diameter+floating.member_Y_pontoon_upper3:outer_diameter,floating.member_column1:outer_diameter+floating.member_column1:outer_diameter+floating.member_column1:outer_diameter+floating.member_column1:outer_diameter+floating.member_column1:outer_diameter+floating.member_column1:outer_diameter+floating.member_column1:outer_diameter+floating.member_column2:outer_diameter+floating.member_column2:outer_diameter+floating.member_column2:outer_diameter+floating.member_column2:outer_diameter+floating.member_column2:outer_diameter+floating.member_column2:outer_diameter+floating.member_column2:outer_diameter+floating.member_column3:outer_diameter+floating.member_column3:outer_diameter+floating.member_column3:outer_diameter+floating.member_column3:outer_diameter+floating.member_column3:outer_diameter+floating.member_column3:outer_diameter+floating.member_column3:outer_diameter,floating.member_main_column:outer_diameter+floating.member_main_column:outer_diameter+floating.member_main_column:outer_diameter+floating.member_main_column:outer_diameter,configuration.rotor_diameter_user,financese.lcoe,floating.jointdv_0+floating.member_column1:joint1_2+floating.member_column2:joint1_2+floating.member_column3:joint1_2+floating.member_main_column:joint1_2,floating.jointdv_1+floating.member_column1:joint2_2+floating.member_column2:joint2_2+floating.member_column3:joint2_2+floating.member_main_column:joint2_2,floating.jointdv_2,floating.member_column1:joint1_0+floating.member_column1:joint2_0,floating.member_column1:joint1_1+floating.member_column1:joint2_1,floating.member_column2:joint1_0+floating.member_column3:joint1_0+floating.member_column3:joint2_0,floating.member_column2:joint1_1,floating.member_column2:joint2_0,floating.member_column2:joint2_1,floating.member_column3:joint1_1+floating.member_column3:joint2_1,floating.member_main_column:joint1_0+floating.member_main_column:joint1_1+floating.member_main_column:joint2_0+floating.member_main_column:joint2_1+towerse.tower.torsion_freqs_1+towerse.tower.torsion_freqs_2,floatingse.platform_cost,floatingse.platform_mass,floatingse.structural_frequencies_0,floatingse.structural_frequencies_1,floatingse.structural_frequencies_2,floatingse.structural_frequencies_3,floatingse.structural_frequencies_4,floatingse.structural_frequencies_5,floatingse.system_structural_mass,raft.Max_Offset,raft.Max_PtfmPitch,raft.Std_PtfmPitch,raft.heave_avg,raft.heave_period,raft.max_nac_accel,raft.max_tower_base,raft.pitch_period,raft.platform_displacement,raft.platform_mass,raft.platform_total_center_of_mass_0,raft.platform_total_center_of_mass_1,raft.platform_total_center_of_mass_2,raft.roll_period,raft.surge_period,raft.sway_period,raft.yaw_period,rotorse.blade_mass,rotorse.rp.AEP,tcons.tip_deflection_ratio,towerse.tower.fore_aft_freqs_0,towerse.tower.fore_aft_freqs_1,towerse.tower.fore_aft_freqs_2,towerse.tower.side_side_freqs_0,towerse.tower.side_side_freqs_1,towerse.tower.side_side_freqs_2,towerse.tower.top_deflection,towerse.tower.torsion_freqs_0,tune_rosco_ivc.Kp_float,tune_rosco_ivc.omega_pc,tune_rosco_ivc.omega_vs,tune_rosco_ivc.ps_percent,tune_rosco_ivc.ptfm_freq,tune_rosco_ivc.zeta_pc,tune_rosco_ivc.zeta_vs
True,True,True,True,True,False,True,True,True,False,False,False,False,False,False,False,False,False,False,False,False,False,False,False,False,False,False,False,False,False,False,False,False,False,False,False,False,False,False,False,False,False,False,False,False,False,False,False,False,False,False,False,False,False,True,True,True,True,True,True,True
10.475569230769231,0.9250769230769231,12.115384615384615,6.646153846153846,248.95000000000002,0.0955677192381147,-17.58153846153846,7.936923076923077,48.69307692307692,-48.69307692307692,1.7479806814000296e-07,24.34653640352621,42.16944279200829,24.34654062047037,42.16944035735443,-42.16944279200829,0.0,10351204.383614369,14903165.347191188,0.40293169923571026,0.40862412313255925,1.0658948327134992,1.3623189905505069,1.568284353946778,3.9183212915078207,8420336.150657976,17.128098939243795,8.386022101294174,0.3381904906442769,-0.0157917144747124,17.282889637065065,0.5344446773218041,672749300.9169463,28.84085772126788,17714.41789309502,15000168.932305153,-6.282227719122861e-07,-3.5478818199812615e-08,-14.10471644079903,28.856490340730982,98.3383244133383,98.33975185482207,65.30900205102219,70182.62781264365,79135732.52503656,1.2374920848243294,0.37831569234497936,1.3458251906912795,3.3168584230651827,0.37296971618995545,1.1639936410622795,3.2805906271789698,0.5712044464263495,5.362610535960473,-14.723076923076924,0.2804615384615385,0.28507692307692306,0.8240384615384615,1.1650769230769231,0.9332307692307692,1.0193846153846153
7.578646153846154,0.8826153846153846,13.063076923076924,10.203076923076923,249.3884615384615,0.09548476204117948,-21.876923076923077,13.386153846153846,60.846923076923076,-60.846923076923076,2.1842786034884718e-07,30.42345896676714,52.69498261150136,30.423464236265254,52.694979569155194,-52.69498261150136,0.0,11895137.706317475,14556556.363358213,0.4024823085646175,0.4082057234511336,1.0637784075437806,1.3596316772447536,1.565845087428364,3.9175151890158544,9086241.051651692,24.615348883684785,5.517139824414034,0.6994818721502839,-0.02081013175360458,14.168398021243522,1.046561403094283,709498229.3828309,19.857019886582204,17244.88175044526,14653509.34014765,-9.87134936413788e-07,-6.535692317982257e-08,-16.216370566316893,19.869694733310165,131.67199084695085,131.67903277240148,102.65612856086524,70306.23650099072,79210023.39373903,1.2419534897214264,0.3781638002652802,1.3436868753355677,3.316291482679631,0.37278396529494184,1.1616757477761748,3.2801115078061254,0.5707704010226645,5.361005907279229,-17.184615384615384,0.4715384615384616,0.5776923076923077,0.7851923076923077,0.23246153846153847,1.087076923076923,1.4821538461538462
10.141723076923077,0.910923076923077,11.77076923076923,10.744615384615384,249.6423076923077,0.09543698463159488,-16.486153846153847,18.46923076923077,52.816153846153846,-52.816153846153846,1.895990609399653e-07,26.408074690802877,45.740132249760364,26.408079264815978,45.740129608952664,-45.740132249760364,0.0,11809299.36106345,14140861.520938203,0.40250729460416745,0.4082538963578673,1.0625619502817418,1.3581301570282074,1.5644819318240613,3.9171301359551167,8983732.135278251,18.74908010854087,7.50378905898488,0.3850000147193543,-0.016040947413652255,16.0595169133867,0.5304909640772888,634127588.9161572,27.802020482872642,16948.28208003659,14237856.14566874,-7.606759002188588e-07,-4.8122469166292214e-08,-11.105399143999447,27.81941885584617,103.97733928064532,103.98317685394629,71.81223938772291,70377.79942582326,79252888.11793944,1.2445409881771814,0.37807584781268017,1.3424508527643026,3.315964473644307,0.372676372088204,1.160337478800904,3.2798354234171203,0.570520245951592,5.360077265062811,-15.8,0.5010769230769231,0.1613846153846154,0.9132692307692307,0.8312307692307692,1.2458461538461538,1.2655384615384615
13.447876923076922,1.1041538461538463,14.096923076923076,11.298461538461538,245.5346153846154,0.09622984385432175,-20.067692307692308,19.30923076923077,54.41615384615385,-54.41615384615385,1.953427297877119e-07,27.2080746231789,47.12577293485819,27.208079335756064,47.12577021405049,-47.12577293485819,0.0,15230828.025112515,29194216.6597598,0.40430423083673805,0.4097223257924232,1.0825887655440187,1.3831957974375626,1.5871557369545033,3.9242225662042123,10518780.84320721,20.6740478827621,4.82018249790011,0.4623907427097853,-0.01321345579864444,19.17243547009236,0.7715739051100592,597792068.7904809,22.416547244524438,31591.99973194994,29291197.23545878,-7.14706026836506e-07,-3.9574253291615906e-08,-14.650361918387741,22.428223027869787,150.3286383142037,150.33533334701067,101.33257143476757,69219.7811876243,78544978.56700683,1.1991878402849947,0.37954510682388,1.3626972378408215,3.321419041086398,0.37445706429850684,1.1823478607687414,3.284461477998215,0.5721354853202343,5.375847533829624,-6.076923076923077,0.6256923076923077,0.5896923076923077,0.9125,0.5663076923076923,0.7363076923076922,1.2027692307692308
7.234030769230769,0.8506153846153847,14.146153846153846,9.120000000000001,237.66538461538462,0.09787662775609302,-16.301538461538463,14.635384615384615,52.90846153846154,-52.90846153846154,1.8993042645041222e-07,26.454228533055343,45.82007305851601,26.454233115062518,45.82007041309293,-45.82007305851601,0.0,10930121.281392816,10978575.628138002,0.4080650310423293,0.41289052639083396,1.1228201065068102,1.4335105618898425,1.6321254791660256,3.939241775156139,8750934.94678155,20.043254001616585,7.185604074076712,0.9023086694342315,-0.012588537388173641,12.04373494316268,1.349420637320252,887015515.9551189,19.4355335866164,13840.54094026008,11075568.43729993,-8.760437257013181e-07,-6.576875075197529e-08,-11.020644978640904,19.445485766790494,96.33566640720116,96.34220189597445,73.83614427904132,67001.3305178162,77111079.38227418,1.0655451830940603,0.38251293419428267,1.402939531290028,3.3327931699652833,0.37798886322434594,1.226621187232784,3.294224147910092,0.5400473696203547,5.4086759349587,-19.70769230769231,0.37,0.3884615384615384,0.9325,1.1413846153846154,1.4612307692307693,1.3516923076923077
11.487876923076923,1.0247692307692309,14.355384615384615,13.341538461538462,246.34230769230768,0.09607163189173866,-23.021538461538462,19.503076923076925,57.15461538461538,-57.15461538461538,2.0517323993097045e-07,28.57730527666863,49.49735026127561,28.577310226403515,49.497347403544836,-49.49735026127561,0.0,15152437.090514816,25413122.46359919,0.4038666898924105,0.4093465396543535,1.078585097551185,1.3781865307367933,1.5826242643340582,3.9227625211761716,10482145.040387642,22.73894496187314,7.593020698988504,0.6346040684130099,-0.014070950028377617,16.428914633159724,1.0343814414232662,728738636.6817657,20.82497187843037,27862.707067125077,25510087.07186201,-8.860365360240725e-07,-5.2659439773889084e-08,-16.62276169535037,20.83581183271632,155.2032846729003,155.2102371239864,114.58724448039608,69447.48140300049,78686203.23738681,1.2111312286765026,0.37924335442168794,1.3586581447233053,3.320311242733155,0.3740956268491937,1.1779567530135278,3.283520652846158,0.5738850304554058,5.372544272585753,-0.7230769230769241,0.44753846153846155,0.34415384615384614,0.8948076923076923,1.3416923076923077,0.7855384615384615,1.46
10.550953846153845,1.1072307692307692,13.70923076923077,8.073846153846155,241.56538461538463,0.09703808272195963,-19.464615384615385,13.106153846153845,60.44692307692308,-60.44692307692308,2.1699194313691053e-07,30.223458983673133,52.3485724402269,30.223464218530232,52.34856941788074,-52.3485724402269,0.0,13028716.282822043,21140755.614994545,0.40611480124507515,0.4112271797195564,1.1025659083339037,1.4081873141927321,1.609582751551202,3.9315314242527966,9566131.13448113,24.662521548680083,5.144967466776291,0.6658706416035525,-0.019383278559172747,17.556366585448316,1.001336420051423,693175165.3902898,19.61282109953453,23673.207768351207,21237714.74115222,-8.258674893362989e-07,-4.716992464717755e-08,-14.934189949059691,19.622212236403474,147.98583353922456,147.9924562570674,106.90980095461659,68100.79727206126,77835541.86910552,1.139553787901436,0.38099810787294325,1.3827530821414782,3.326983474728516,0.37620051108852354,1.2043240939480053,3.2892159253620448,0.56207399439421,5.391689146231125,-14.784615384615385,0.2878461538461538,0.2712307692307692,0.9282692307692307,1.1047692307692307,0.7153846153846153,0.8076923076923077
6.620184615384615,0.7589230769230769,10.896923076923077,8.012307692307692,238.79615384615386,0.0976285655317278,-16.375384615384615,10.564615384615383,61.52384615384615,-61.52384615384615,2.2085787409212457e-07,30.76192047661853,53.28121520904274,30.761925804739903,53.28121213285043,-53.28121520904274,0.0,9457748.76082121,7928089.715894773,0.4075088059454548,0.4124168432077123,1.116867690657472,1.4260909571872211,1.625522116124952,3.936976540786417,7968931.183013549,24.799423333632685,6.744337883953124,0.5253093041820893,-0.028629984144772674,13.899024832899823,0.7121341638295419,675916873.0198767,22.82386942275757,10784.086648810724,8025051.041221744,-9.098515603284254e-07,-6.762231876550565e-08,-11.900022441771126,22.835714054529518,100.6232398758744,100.63045045946637,75.39940357776572,67320.11081934288,77323927.83358566,1.0903578509849858,0.3820837739155733,1.3970216504787423,3.3310835287469875,0.3774810918928419,1.220083372344071,3.292751165478068,0.54899863286292,5.403896942516264,-6.907692307692308,0.6432307692307693,0.23707692307692307,0.8401923076923077,0.2755384615384615,0.8716923076923077,0.9935384615384615
11.961723076923079,1.0764615384615386,14.164615384615384,9.649230769230769,237.0423076923077,0.09801535935540448,-19.21846153846154,17.75846153846154,50.07769230769231,-50.07769230769231,1.7976855079670676e-07,25.03884403731315,43.36855492334294,25.038848374168523,43.36855241945832,-43.36855492334294,0.0,13674669.983141173,22387690.55701123,0.40839988686121076,0.41318040537250594,1.126120298576561,1.4376291751867978,1.6357806762204028,3.940508806839483,9873893.166262023,18.69149441887559,5.910644696378574,0.4471250754356195,-0.011395437673925866,17.090716261876572,0.7223485841393988,659110575.2657795,22.899657230964976,24985.75639088912,22484689.242934942,-6.807226389724546e-07,-4.192284159943708e-08,-13.896428798513316,22.909852410184243,120.21811985134656,120.22412840275747,81.37893214120503,66825.67606595454,76992675.12048854,1.0520042401222771,0.38274927812686294,1.406213644358782,3.3337446713467744,0.37826829959661507,1.230248551029758,3.2950460007762885,0.5350534556575619,5.411310456025665,-11.799999999999999,0.11061538461538462,0.6441538461538461,0.7698076923076923,0.8075384615384614,0.9996923076923077,1.144923076923077
12.607876923076923,0.806923076923077,13.561538461538461,7.987692307692308,243.57307692307694,0.0966230168718444,-21.716923076923077,10.090769230769231,59.46230769230769,-59.46230769230769,2.134573776921434e-07,29.731151332980197,51.4958704801667,29.7311564825671,51.49586750705131,-51.4958704801667,0.0,13574877.885499613,27867123.26955472,0.4051819284613852,0.4104477671715223,1.0923947546559272,1.3954511826262597,1.5981889856033613,3.9277779856055957,9789153.4037351,24.300530733437416,6.547632781530299,0.5662577968677582,-0.01995031395259804,20.371222233416685,0.9574132907147695,649339826.8244022,21.259680954282068,30230.27320028977,27964079.25698385,-7.891120083687806e-07,-3.767867824408126e-08,-17.632798824516126,21.26860345512714,166.72218824654956,166.72925191268405,116.68275354952812,68666.79495028208,78197866.12998137,1.169477199784573,0.38026333434551696,1.3725619099877153,3.324138062707252,0.37531968959402756,1.193122512845643,3.2867782364321503,0.5671145974196736,5.38366729720516,-10.015384615384615,0.4096923076923077,0.586,0.9701923076923077,0.8247692307692307,1.3676923076923075,0.8421538461538461
12.55403076923077,0.7527692307692307,13.567692307692308,11.88923076923077,237.06538461538463,0.09801020268501173,-22.06153846153846,9.595384615384615,47.03153846153846,-47.03153846153846,1.6883348895195845e-07,23.515767242981877,40.7305082344067,23.515771316032588,40.730505882829775,-40.7305082344067,0.0,12719128.97534079,24410576.8262641,0.4084383246044149,0.41322117004448083,1.125998811024378,1.437484465131897,1.635652923712072,3.9404733852154146,9483284.41518266,17.779844947550238,6.445455817068183,0.313683367100627,-0.010796615926356086,17.604918698431494,0.6073222927913138,603678306.9002054,25.72070789722429,26963.858805095588,24507577.245255627,-6.536082637479379e-07,-3.304161972279019e-08,-17.775575804198795,25.731648873204197,121.5262155818077,121.52696532094774,80.74332361445785,66832.18178639389,76997068.31855474,1.0525040152017602,0.3827405281453086,1.406092221476793,3.333709313086732,0.3782579560042854,1.2301138809617151,3.295015430921795,0.5352351931176603,5.411212887734622,-18.107692307692307,0.10230769230769231,0.4096923076923077,0.8394230769230769,0.6675384615384614,0.8938461538461538,0.7264615384615384
7.880184615384615,0.7952307692307692,12.780000000000001,11.483076923076922,248.8346153846154,0.095588447671527,-16.683076923076925,9.207692307692309,50.44692307692308,-50.44692307692308,1.8109401283849442e-07,25.223459406323002,43.68831815836552,25.223463775154695,43.688315636019354,-43.68831815836552,0.0,9935570.886131356,10856131.998671867,0.40289488778525867,0.4085770267442976,1.0664561889845066,1.3630058266215024,1.5689141879662283,3.918508089230156,8301271.782379849,18.287583839605507,6.992110999260417,0.48066436835627613,-0.012813003543426172,12.673818588725812,0.7810889025945728,715662649.3805003,23.842373889004758,13754.015015342686,10953131.038817588,-8.083819722606677e-07,-5.035951758776941e-08,-12.575529134722284,23.857445880107427,91.66763740912053,91.67392348822678,66.44238871996279,70150.09921044705,79116177.59978977,1.2362970080582396,0.3783678368882434,1.346400448627266,3.3170198765454106,0.3730301068302851,1.1646105345478175,3.280727242621499,0.5713144384054818,5.363216394983126,-18.076923076923077,0.24446153846153845,0.19092307692307692,0.9725,0.5296923076923077,1.3369230769230769,0.9172307692307692
7.050953846153846,0.8124615384615385,11.94923076923077,7.446153846153846,245.55769230769232,0.0962252655996523,-23.80923076923077,8.82,43.09307692307692,-43.09307692307692,1.5469522717288993e-07,21.546536640210135,37.319700394165906,21.54654037218007,37.31969823951206,-37.319700394165906,0.0,9633831.964747453,10006165.995830797,0.40448500945160465,0.4099084315328383,1.0824783824271065,1.383087883584636,1.587060053254645,3.9242423140940486,8115352.64126133,15.55557523387558,12.89863880677634,0.23283269821853067,-0.016387031315466125,13.241670431168199,0.5187371330282077,796968344.047462,35.94853728544463,12958.832083804053,10103179.874593886,-7.392778828476976e-07,-5.1297090379938595e-08,-18.409995743345938,35.957463417124714,78.92126006657178,78.92404929558472,59.0556229683084,69226.2869080636,78549030.33759275,1.1995400460178873,0.37953681004021206,1.362581897761975,3.3213875603809906,0.3744470505389171,1.1822221633567707,3.284434722521227,0.5721938465302202,5.37575797579057,-6.353846153846154,0.5352307692307693,0.2915384615384615,0.9363461538461538,0.3638461538461538,1.1732307692307693,0.964
13.146338461538463,0.8789230769230769,12.57076923076923,7.003076923076923,239.37307692307695,0.09750378773124656,-17.950769230769232,8.324615384615385,58.20076923076923,-58.20076923076923,2.0892871571603555e-07,29.100382155529875,50.40334609383958,29.100387195864343,50.403343183801105,-50.40334609383958,0.0,13009372.280070355,28709684.89435874,0.40721716970022453,0.41216713225093304,1.1138481331623065,1.422324368510648,1.622159818042149,3.935817716796723,9534327.391960964,23.069940385209133,5.743491127124129,0.5101811657390429,-0.021155635703360393,23.03171713748396,0.7548831379655409,646695128.5391939,24.751566239057208,31075.210625750973,28806652.16739683,-7.616827031943268e-07,-3.0397393023663394e-08,-14.778815127075111,24.761524257065325,158.64817243853713,158.65494314665122,109.38451269568378,67482.75383032588,77431551.93938583,1.1031346818983248,0.38186464366044887,1.3940141673655662,3.3302196253693688,0.3772216540369478,1.2167699910353773,3.292008647998144,0.5535790329595996,5.401459038471575,-9.8,0.5444615384615386,0.298,0.8798076923076923,0.3272307692307692,1.359076923076923,0.8470769230769231
11.057107692307692,0.9010769230769231,12.749230769230769,6.572307692307692,245.2576923076923,0.09628467471750832,-20.904615384615383,8.626153846153846,46.293076923076924,-46.293076923076924,1.661825648683831e-07,23.146536504962178,40.09098176436156,23.14654051406024,40.0909794497077,-40.09098176436156,0.0,11057544.214691294,17464278.64579054,0.4046092107264284,0.4100086975963283,1.083968424743104,1.3849461824167153,1.588736255963636,3.92476714214618,8737409.53134625,16.6167676321066,8.101396732608121,0.29042069006831983,-0.013717132733304873,17.390040347919758,0.5319633398379504,648429652.3452644,28.787128537668604,20214.513690437136,17561284.8190332,-6.371775981878442e-07,-3.532947687758639e-08,-16.866907379971966,28.801277188405464,101.94928482514581,101.95050768869297,69.05273191584814,69141.71254235246,78496460.96199803,1.1949560701627076,0.3796449334906615,1.3640829786308089,3.3217977919824664,0.37457745643032675,1.1838582314017616,3.2847834378512326,0.571353073390435,5.376926711386162,-1.2461538461538453,0.4272307692307692,0.5555384615384614,0.9182692307692308,1.1090769230769233,0.8101538461538461,1.295076923076923
10.087876923076923,0.7367692307692307,13.42,12.135384615384616,238.8423076923077,0.09761853850530769,-22.947692307692307,13.946153846153846,41.831538461538464,-41.831538461538464,1.501665651967821e-07,20.915767462759813,36.227176007838786,20.915771085477314,36.227173916261854,-36.227176007838786,0.0,11924903.08980772,16545026.356554886,0.4076510443364498,0.41256483176029995,1.1166295182730235,1.4258155070076601,1.6252779538047442,3.936920601797907,9132677.791723551,15.343360841627838,9.195019559982347,0.24520025878201357,-0.009158037411611772,14.04574661505109,0.566061436022292,699330503.8869258,30.297971186125146,19358.382139189132,16642051.895134054,-6.930958040525736e-07,-4.425224163101434e-08,-17.05638768227545,30.308918369201752,92.0600739304255,92.06138550128783,65.14517688659028,67333.12226022151,77332562.43871139,1.091377090420227,0.3820662502376487,1.396780767238982,3.3310142139788463,0.3774603477450123,1.2198177344652292,3.292691540737309,0.5493647393555594,5.403701936961451,-9.923076923076923,0.20292307692307693,0.28323076923076923,0.9113461538461538,0.5749230769230769,1.096923076923077,1.0784615384615384
13.52326153846154,0.8610769230769231,11.930769230769231,8.086153846153845,248.14230769230767,0.09572044063781911,-18.012307692307694,9.853846153846154,58.93923076923077,-58.93923076923077,2.1157963979961086e-07,29.469612893549574,51.04287256388472,29.46961799783669,51.04286961692318,-51.04287256388472,0.0,13357781.020553272,30020945.482575428,0.40309136851252875,0.40871538045259403,1.0698021319083364,1.3671788431526992,1.5726911971493407,3.919645091924884,9659152.707755538,22.732535901970838,6.204889349650782,0.5532548282837624,-0.02303387260467636,24.34181177190651,0.7891410718748634,678801626.8663499,26.907255750841408,32362.89260223898,30117910.947131757,-7.54063254945781e-07,-2.9664772015764737e-08,-14.653973254518235,26.920717221277314,164.09571172640125,164.1026045641383,111.37085610673047,69954.92759726745,78998376.05794165,1.2292777251242402,0.3786076783028782,1.3497877083320566,3.317921828761637,0.3733231910531919,1.1682900180746083,3.2814908422187026,0.572007205814504,5.365753114822206,-18.26153846153846,0.24353846153846154,0.3063076923076923,0.8978846153846154,1.4752307692307693,0.9159999999999999,0.9984615384615385
9.592492307692307,0.8401538461538461,11.05076923076923,13.39076923076923,239.48846153846154,0.09747898662807854,-21.224615384615383,16.22923076923077,59.98538461538462,-59.98538461538462,2.1533511558467596e-07,29.99268977241082,51.94886839644869,29.992694967297517,51.948865397179446,-51.94886839644869,0.0,12472564.354353776,16820026.180837967,0.4071613699379936,0.41211993653791995,1.1132457337882142,1.4215751723421193,1.6214906885189904,3.935595616952324,9212300.723350424,24.401346423272305,6.067057474880851,0.32329775605845384,-0.022192478199815062,16.69569656616391,0.49557718872659895,556987844.4601502,26.368774082452724,19451.93656623637,16916984.333480407,-8.900098202030117e-07,-5.001162969343047e-08,-15.571052825312368,26.381489574544457,135.42680219055285,135.43318150308426,96.11916192625188,67515.28243252246,77452989.36898229,1.105699632867963,0.3818208075806721,1.393413619195664,3.3300475167017853,0.37716973911245055,1.2161090728619133,3.2918608615773173,0.5544961610969575,5.400971549983608,-4.692307692307693,0.48723076923076925,0.21676923076923077,0.9982692307692308,1.1995384615384614,0.8569230769230769,1.4624615384615385
13.157107692307694,0.814923076923077,14.176923076923078,8.947692307692307,240.04230769230767,0.09736238287781068,-22.529230769230768,15.755384615384616,50.69307692307692,-50.69307692307692,1.819776541996862e-07,25.346536318996236,43.901493648380566,25.34654070914548,43.90149111372671,-43.901493648380566,0.0,14234998.612736236,27420909.11136826,0.4068718070178508,0.41186932884030575,1.110369128346156,1.4179809563718164,1.6182888154830655,3.9344540440743594,10107053.049635025,19.295986480908034,5.342227956489044,0.379035708409356,-0.012640557073326156,18.914724989918493,0.6556063425846749,613901352.5978117,23.315715767994934,29871.014409932195,27517896.231954,-6.91061524647964e-07,-3.842742162843243e-08,-17.289065845397538,23.326464469421314,137.1326427057569,137.13916777805494,93.21747090832645,67671.41972306614,77556021.91389741,1.1171716231402131,0.3815461408034486,1.3905388172549193,3.3291762193882497,0.37685858622749624,1.2129362493808287,3.2911040779936487,0.5582253387691462,5.397650608432356,-9.861538461538462,0.3866153846153846,0.6376923076923076,0.9682692307692308,0.47369230769230763,1.0243076923076924,0.7166153846153845
8.849415384615384,0.9755384615384616,14.121538461538462,8.676923076923078,247.8653846153846,0.09577349104319244,-16.621538461538464,10.866153846153846,48.87769230769231,-48.87769230769231,1.7546079916089682e-07,24.438844088031132,42.32932440951957,24.43884832096346,42.32932196563495,-42.32932440951957,0.0,10873923.9037449,13660586.424049463,0.40333655850787464,0.408940605797415,1.0711482308625777,1.3688853506960492,1.5742346666055806,3.920157929874254,8756319.123988952,17.623213212221543,6.4877160699432235,0.6413293526598806,-0.010930101520059934,13.648853753012245,1.021668455174447,754337584.4705671,21.76570716681448,16508.781167770343,13757593.14560974,-7.217392522887906e-07,-4.702593317749733e-08,-12.456550117750307,21.779439991676263,96.1938951557744,96.19571240850682,68.93321130004728,69876.8589519956,78951142.5032466,1.2264771416992064,0.37870361763272126,1.3511456992199125,3.3182845428351055,0.3734403651920077,1.1697674572475882,3.281798326383628,0.5722863275444174,5.3667687077538995,-9.646153846153847,0.2703076923076923,0.35615384615384615,0.8598076923076923,0.633076923076923,1.4316923076923076,0.8716923076923077
10.981723076923078,0.7681538461538462,13.887692307692308,10.941538461538462,246.04230769230767,0.09612950058164653,-21.52,18.943076923076923,56.385384615384616,-56.385384615384616,2.0241186067724614e-07,28.19268992456477,48.83117685497859,28.192694807682322,48.831174035709346,-48.83117685497859,0.0,14418054.333935592,23337455.992203884,0.40404587330418557,0.40950328560478383,1.0800727311456508,1.3800487919590454,1.584313354489163,3.9233136191438494,10176225.396972295,22.00927586774029,7.098071472826015,0.6103051830582339,-0.015218887004826317,17.16380706466447,1.0068993247223428,700656251.0116987,21.316080546564567,25851.821367335484,23434426.2169044,-7.921576775068052e-07,-4.8777819185549575e-08,-15.592501928376228,21.327757509560538,144.57035434545338,144.57697799015708,103.21413387632087,69362.90703728933,78633902.06789804,1.206952508603774,0.37936240401125637,1.3601621590458772,3.320728094679173,0.3742365457588803,1.1795876278918327,3.2838746767973372,0.5734194581272154,5.373875479448099,-3.8307692307692314,0.37830769230769223,0.31184615384615383,0.7951923076923076,0.3810769230769231,1.3664615384615384,1.1904615384615385
9.010953846153846,1.074,14.447692307692307,13.046153846153846,238.2653846153846,0.09774443448550423,-16.806153846153848,15.001538461538463,57.43153846153846,-57.43153846153846,2.0616733646231121e-07,28.715766803426014,49.73717268754255,28.715771777143146,49.737169815965615,-49.73717268754255,0.0,12461759.28321447,16179142.01009451,0.4077339311663166,0.4126025156329211,1.1196553668462543,1.4295583928399507,1.628610463848211,3.938019497176585,9397062.572018258,22.775037142524567,7.400193325767445,0.9790776633589056,-0.013067876822841808,13.413377784718913,1.4781273172984974,951356746.1837279,18.405999091051783,18869.818247170795,16276117.423361134,-9.041145396705032e-07,-5.805981887240584e-08,-11.761668758037658,18.415261213038576,124.14985322110834,124.15616376583762,92.45566714276657,67170.4792492385,77224324.89096256,1.0786731152573825,0.38228528154086994,1.3997956089209382,3.331883303995109,0.3777195620592934,1.2231449128056426,3.2934396357165303,0.5447925629704147,5.406140177387286,-13.123076923076924,0.5952307692307692,0.4678461538461538,0.8617307692307692,0.8570769230769231,1.4390769230769231,1.2458461538461538
11.466338461538463,0.9281538461538462,10.884615384615385,12.996923076923077,245.41923076923075,0.09625276017726904,-18.036923076923078,13.42923076923077,59.708461538461535,-59.708461538461535,2.1434101905333517e-07,29.85422824565343,51.70904597018175,29.854233416557882,51.70904298475867,-51.70904597018175,0.0,12655783.679415338,21364723.699899457,0.4043429433288269,0.40975183662204173,1.0831612516167355,1.3839098790898021,1.58780005742643,3.9244274383641873,9308821.908997562,23.052203424254493,6.859074993458215,0.4691517436288764,-0.022004690889117814,19.770551079706326,0.5750333190238204,613124334.352556,28.915100154274995,23911.62220624295,21461688.292047337,-8.47947018500022e-07,-3.82282831128468e-08,-13.808826398703154,28.93017213397992,143.15813562931393,143.16451999038128,99.47179441382559,69187.25258542769,78524705.3614361,1.1974275201673514,0.37958663736030707,1.3632742786098861,3.3215766350824127,0.37450717269608536,1.1829767452919917,3.284595426505889,0.5718437764638657,5.376296051985588,-3.1538461538461533,0.20846153846153848,0.6589230769230768,0.9121153846153847,1.1543076923076923,1.4292307692307693,1.2938461538461539
8.450953846153846,0.7675384615384615,12.970769230769232,8.701538461538462,238.70384615384617,0.09764864306547798,-19.366153846153846,16.293846153846154,58.63153846153846,-58.63153846153846,2.1047508809812116e-07,29.315766752708033,50.776403201365916,29.31577183034821,50.77640026978898,-50.776403201365916,0.0,11955474.001472767,14154161.20398359,0.40752488610041854,0.41242561004294787,1.117351422763361,1.4266877099668511,1.6260534829124784,3.9371451532708646,9081492.074133074,23.477920879213812,6.86650240387491,0.6790139719870862,-0.019334630288123766,14.848462247413423,1.033082408272463,697084923.5082632,20.620806737215776,16871.388351336907,14251127.601472216,-8.986151620432702e-07,-6.117927394278008e-08,-13.743600224437062,20.631251983958887,121.16889813920247,121.17543175433521,91.98214474510422,67294.08793758559,77306645.72031815,1.0883209196392343,0.3821188341875016,1.3975035994718614,3.3312222847351554,0.3775225884678988,1.220614910676631,3.292870537600382,0.5482665918741733,5.4042871845292835,-4.969230769230769,0.3801538461538462,0.15123076923076922,0.7836538461538461,0.7773846153846152,1.1978461538461538,1.3135384615384615
8.289415384615385,1.054923076923077,14.090769230769231,7.556923076923077,246.08846153846153,0.09612041874509986,-17.24923076923077,8.26,43.06230769230769,-43.06230769230769,1.5458477200274097e-07,21.53115202612598,37.29305345791403,21.53115575543122,37.29305130479864,-37.29305345791403,0.0,9898258.290937815,11716890.052902415,0.4042863352738238,0.4097519857466126,1.0798498816765194,1.3798098045748919,1.5840991134171514,3.9233062503957266,8358359.664120913,15.158875990167974,8.00194454033548,0.42367257859027035,-0.008984374733368834,12.740952059314266,0.7776532078511164,755467995.798105,25.3726896977655,14674.529048670249,11813921.5465704,-6.699826537531441e-07,-4.433810738228571e-08,-13.317765327277097,25.384715486305332,79.77471467938865,79.7769393053936,57.38783846644333,69375.91847816797,78641962.77363224,1.2076599452687244,0.3793458013840247,1.3599319643834515,3.3206654728307994,0.3742164997657507,1.1793372378178946,3.283821539826048,0.5735362191277428,5.373696398893625,-1.676923076923078,0.5776923076923077,0.26107692307692304,0.8178846153846153,1.1672307692307693,1.204,0.8372307692307692
13.609415384615385,0.8493846153846154,11.401538461538461,12.886153846153846,242.9269230769231,0.09675554781973864,-18.54153846153846,13.773846153846154,43.49307692307692,-43.49307692307692,1.5613114438482658e-07,21.746536623304138,37.66611056544036,21.74654038991509,37.66610839078651,-37.66611056544036,0.0,12675835.970614223,24442171.070846785,0.4057994729049745,0.41102045474798915,1.095657876744727,1.3995817918830487,1.6018924153208653,3.929052741325086,9410821.950823097,13.541707966819281,18.829446182394918,0.46691348018997736,-0.01659705485154028,20.441960746340445,0.6149882585428714,1054391067.9493282,46.93666298522098,27077.912724480448,24539199.908691615,-5.773827309332687e-07,-2.5681725617114258e-08,-14.321910411637162,46.94770632575236,108.52970023291276,108.53078403294637,67.85229132389398,68484.63477798115,78082046.64723021,1.159792836291953,0.3804958398929973,1.3758274037911227,3.325042890200755,0.3755995882912132,1.1967064588493945,3.2875519776549464,0.565481513479167,5.386186821459717,-6.753846153846155,0.21676923076923077,0.5149230769230769,0.9678846153846155,1.2253846153846155,1.3098461538461539,0.7190769230769231
7.180184615384615,0.8986153846153846,13.376923076923077,9.76,242.41923076923078,0.09686057053158988,-19.53846153846154,14.678461538461537,46.69307692307692,-46.69307692307692,1.6761848208031975e-07,23.34653648805618,40.43739193563601,23.346540531795263,40.43738960098216,-40.43739193563601,0.0,10841171.572545256,11051002.224061169,0.4058397724517707,0.4110191192592578,1.0982220585462428,1.402768158463508,1.6047407443208432,3.9299577610299288,8683930.868644105,16.92189485528591,7.591771316633794,0.4116094492543063,-0.011075937015870597,12.211578989949944,0.7414622686673945,722561123.7910886,25.1688600002291,13966.342286089697,11148013.311939351,-7.963338587410939e-07,-5.996035978629114e-08,-13.559023493395895,25.181618465319854,86.71409068703885,86.71654810043924,65.35092678134396,68341.50892831609,77990561.23485707,1.1522189626013566,0.38067852236044775,1.3784001082695108,3.3257584692742954,0.37581937669642673,1.199535261200646,3.2881648792125273,0.5641983723363764,5.388168241996791,-11.184615384615384,0.5767692307692307,0.6995384615384616,0.7859615384615385,1.3395384615384616,0.7596923076923077,1.4144615384615384
10.357107692307693,0.8284615384615385,11.38923076923077,7.729230769230769,249.25000000000003,0.09551090328253348,-17.963076923076922,18.533846153846156,54.293076923076924,-54.293076923076924,1.9490090910711602e-07,27.146536166842285,47.01918518985067,27.14654086876067,47.019182475196814,-47.01918518985067,0.0,12034824.074406993,15875220.92303739,0.40268077206875375,0.40839546240065266,1.064447411912131,1.3604896132583226,1.5666245254724749,3.917786220899142,9059572.643445713,19.479154703015602,7.625598987117865,0.3692750887815079,-0.020635976797127198,18.595458098516303,0.4953312638681152,622768351.6342349,28.810445092124567,18616.116224033332,15972206.46367706,-7.058576923600899e-07,-4.434300050006723e-08,-12.691178295471984,28.827868047872578,112.31863093703403,112.32451688820917,75.79251646428986,70267.20217835481,79186594.60618846,1.2405434941642535,0.3782117689189266,1.3443616626043922,3.316470225114415,0.37284263538224705,1.1624068426383034,3.280262499497804,0.570906980777964,5.361512537617963,-6.507692307692308,0.6441538461538461,0.17707692307692308,0.8486538461538462,1.1112307692307692,1.082153846153846,1.0267692307692307
7.675569230769231,0.7232307692307692,10.866153846153846,7.064615384615385,237.25,0.09796901390841047,-18.91076923076923,11.727692307692308,47.862307692307695,-47.862307692307695,1.7181577854598073e-07,23.931151823254044,41.4499755132075,23.93115596825148,41.4499731200921,-41.4499755132075,0.0,9594023.926946297,8947188.581837432,0.408449860946992,0.4132479604175614,1.1250219950010112,1.4362837829358015,1.6345899474416377,3.9401377348315454,8039648.933160092,16.285998805774206,14.804808170189864,0.2931920440428665,-0.02165687242554178,14.77273728220602,0.3944501013359847,839314095.0961127,37.31242155433982,11892.073056763606,9044194.43227991,-6.873365311114034e-07,-5.1158273948018126e-08,-13.9587894684878,37.31266767905712,80.03029709477336,80.03267242524022,56.586787184441995,66884.22754990844,77032180.92463316,1.056507104136332,0.3826705438881099,1.4051213076578644,3.333426798843319,0.37817521706763024,1.2290374924772762,3.294771268949563,0.5366896767406166,5.410432698870223,-5.86153846153846,0.4687692307692307,0.13646153846153847,0.970576923076923,1.328769230769231,1.0107692307692306,0.9061538461538461
10.960184615384616,0.966923076923077,14.103076923076923,9.107692307692307,243.98846153846154,0.0965385640552376,-23.033846153846152,8.669230769230769,53.769999999999996,-53.769999999999996,1.9302317121458344e-07,26.88499772741166,46.56618727356868,26.88500238403026,46.566184585068676,-46.56618727356868,0.0,12707808.353164595,22996625.987505183,0.4050177625830679,0.4103161740473993,1.0903094235198598,1.392845798273221,1.5958510425225103,3.927025867831338,9483910.549711524,21.10260598040355,8.540782755854186,0.6436349728649501,-0.014924752203168197,17.136521120289217,1.1030800984758218,794205195.434242,21.156293906030886,25518.362721879683,23093597.006313503,-7.752843835679828e-07,-4.164189385593887e-08,-18.672339341449298,21.167307466417437,138.1329342796163,138.13958362866785,98.90403065178465,68783.89791818985,78271893.12789163,1.1757294007317645,0.3801138529734717,1.3704678665887948,3.3235598385992624,0.3751396411224866,1.1908281083731505,3.2862845054059497,0.5681644554371704,5.3820487613126,-2.415384615384614,0.17430769230769233,0.1456923076923077,0.8921153846153846,0.7472307692307691,1.2249230769230768,0.8815384615384615
8.687876923076923,0.7601538461538462,11.53076923076923,12.16,242.46538461538464,0.09685096667313067,-22.024615384615384,18.964615384615385,53.216153846153844,-53.216153846153844,1.9103497815190195e-07,26.608074673896883,46.08654242103482,26.608079282550996,46.08653976022712,-46.08654242103482,0.0,12201384.443969574,14053342.38867386,0.4057576657127303,0.41093949888001213,1.097986965161225,1.40246437433933,1.6044686356119524,3.9298534376000496,9134420.594423784,20.0603964695769,7.495873441084339,0.28845424076297377,-0.01734823689584931,15.009042219854404,0.48321993896668786,612859658.8479056,28.552078265806916,16815.115496167946,14150322.644317472,-8.282955622728639e-07,-5.5770850785169574e-08,-15.252561053975397,28.56688474580095,110.49017016868386,110.49631775941239,79.57200875837447,68354.52036919474,77998914.87394066,1.152906245860272,0.38066191641396335,1.3781659826448716,3.3256932502217014,0.3757994018713735,1.199277625192053,3.288108979428767,0.5643150209144561,5.387988068289021,-17.984615384615385,0.27492307692307694,0.6478461538461538,0.7986538461538462,0.35307692307692307,1.487076923076923,1.3664615384615384
11.757107692307693,1.0690769230769233,14.453846153846154,10.843076923076923,246.85000000000002,0.09597166781951777,-22.96,16.186153846153843,42.13923076923077,-42.13923076923077,1.512711168982718e-07,21.069613603601354,36.49364537035759,21.069617252965788,36.49364326339605,-36.49364537035759,0.0,13478368.120248003,22103900.855272785,0.40384907621954025,0.4093730276723268,1.0761040650928466,1.3751027669493645,1.5798508721540871,3.92193198605609,9849391.263799652,15.097961140923948,7.334582354594193,0.29892454611014313,-0.008071455378165053,15.830332047707907,0.5926533230020892,690680064.286506,27.336910823641432,24792.80120598463,22200926.01713293,-6.181544907413836e-07,-3.967700396165303e-08,-17.071202620624486,27.351278660510655,103.40567227738006,103.40661240586535,70.2830993817259,69590.60725266552,78774484.99605721,1.2162190284165053,0.3790675788990518,1.3561521471747737,3.3196359322038327,0.3738812455858221,1.1752180028579546,3.28294594984373,0.5733222579025221,5.370679962351139,-9.184615384615384,0.3810769230769231,0.2841538461538462,0.7567307692307692,0.4413846153846154,1.146153846153846,0.7092307692307692
7.686338461538462,0.7884615384615384,12.170769230769231,13.083076923076923,238.95769230769233,0.09759350535131453,-18.443076923076923,7.096923076923077,50.97,-50.97,1.8297175073102694e-07,25.48499784575362,44.14131607464749,25.485002259885107,44.141313526147485,-44.14131607464749,0.0,9779460.239274068,11403511.914299058,0.4075198066441219,0.4124410096055477,1.116022884340185,1.4250504899924608,1.6245949854550235,3.9366761750708683,8202440.444265138,19.272615067998743,7.510755566726565,0.4043165329803965,-0.013754463338242538,12.813115362012814,0.6724680243231258,697074662.8285623,25.189000541198517,14253.826556918873,11500503.470152536,-8.182026810391796e-07,-4.851012576318689e-08,-14.422788716090622,25.200201289250234,95.50349616239646,95.50960487594871,67.78680278483529,67365.65086241813,77354129.95514542,1.0939273601373185,0.38202243168439576,1.3961787434473212,3.3308410707557856,0.3774084764518272,1.2191540954545734,3.2925426510372264,0.5502802553161843,5.4032143472119465,-0.4153846153846139,0.34784615384615386,0.6986153846153845,0.759423076923077,0.23030769230769232,0.7227692307692307,0.7375384615384615
13.38326153846154,0.7921538461538462,14.287692307692307,10.916923076923077,237.94230769230768,0.09781545805466055,-22.836923076923078,11.318461538461538,51.95461538461538,-51.95461538461538,1.8650631617579406e-07,25.977305496446558,44.994018034707686,25.977309995848234,44.994015436976916,-44.994018034707686,0.0,14061583.678678896,29661442.14043793,0.4079211514615478,0.4127664895813494,1.1213581276811693,1.4316842767688918,1.6305017980280547,3.9386718392446056,10055121.018341644,20.42944563107658,4.923666110804933,0.41678966594891587,-0.012673919802619052,18.92478903294622,0.7194551615061237,609832060.631957,22.38456402972084,32033.04997590725,29758421.489342283,-7.102009805514155e-07,-3.542662188357208e-08,-18.306868116439517,22.39420819533009,148.4327648995345,148.43959632255468,101.50405834616619,67079.39916308803,77163430.143105,1.071593554239921,0.38240787460312164,1.4014874128161212,3.332372460873065,0.37786460080682843,1.2250147586176177,3.29386123963226,0.5422361519181241,5.40750548047583,-12.815384615384616,0.5906153846153847,0.22784615384615384,0.8971153846153846,0.8958461538461537,0.7695384615384615,1.4292307692307693
11.337107692307693,0.8118461538461539,14.490769230769232,7.421538461538462,240.01923076923077,0.09736736221182381,-21.052307692307693,11.490769230769232,52.17,-52.17,1.8727950236683688e-07,26.08499779503564,45.18054658847086,26.085002313090175,45.18054397997086,-45.18054658847086,0.0,12765304.930439124,22369508.789340504,0.4068707421672811,0.4118663754519373,1.1104875880889185,1.4181283009474341,1.618419406224975,3.9344966235460705,9520880.774471685,20.124820561337078,9.162192777797971,0.6904564044975181,-0.013278709562148319,17.027511780218,1.1586155351289646,833595371.1010966,20.982577568015213,24931.577750551518,22466491.612000417,-7.392719650612746e-07,-4.1989151914672596e-08,-16.551480773829944,20.99267976946613,129.1785573038698,129.1849219548394,91.36760139381452,67664.91400262683,77551749.40768646,1.1168346807742993,0.3815544475569443,1.3906572069700223,3.329209738326749,0.3768685512998256,1.2130675087946716,3.2911330017159326,0.5581670077941265,5.397741092629014,-4.538461538461538,0.28507692307692306,0.24815384615384614,0.8717307692307692,0.9346153846153845,1.0784615384615384,1.4513846153846153
10.023261538461538,0.9552307692307693,12.995384615384616,9.612307692307692,247.10384615384618,0.0959221845913151,-19.439999999999998,10.52153846153846,43.58538461538461,-43.58538461538461,1.564625098952735e-07,21.7926904655566,37.74605137419601,21.792694240161634,37.74604919492677,-37.74605137419601,0.0,10953169.706554428,15067353.109336892,0.4038360372037675,0.409382112367746,1.0748660207360445,1.3735651010939556,1.5784663018086813,3.9215203215632144,8731915.58083973,15.352622195656645,9.25818898124636,0.2849871692877952,-0.010779998982495428,15.070959869571308,0.564085776221046,717941758.8309536,30.143975547318277,17925.457158882928,15164377.211078137,-6.253895136418713e-07,-3.817179060840875e-08,-15.021400239222622,30.157661293323507,89.99302825794314,89.99444446279493,61.19180327897701,69662.17017749806,78818293.62189367,1.218772958282106,0.378979641360184,1.354901334244541,3.3192996529634673,0.3737739613311109,1.1738526691196647,3.2826600663100525,0.5730627706153678,5.36974746090954,-19.307692307692307,0.5675384615384614,0.6247692307692307,0.8559615384615384,1.0401538461538462,0.8815384615384615,0.7683076923076922
6.6848,0.978,12.73076923076923,10.879999999999999,241.12692307692308,0.09713090028990662,-17.286153846153844,20.58,51.862307692307695,-51.862307692307695,1.8617495066534717e-07,25.9311516541941,44.91407722595205,25.931156145601697,44.91407463283666,-44.91407722595205,0.0,11396595.677727671,9510188.293265954,0.40639347102637646,0.4114738680358793,1.1048054952510462,1.4110083301581704,1.6120960488929652,3.9323936505247823,8870028.89280662,19.015286631674027,7.185961752645962,0.5054536207690702,-0.013586560755370531,11.922894549806873,0.7893977038315593,722538050.4946475,23.63055193092096,12425.851135843523,9607185.828876806,-8.684145818208559e-07,-7.447074286049468e-08,-10.019184122619423,23.643194450319324,89.5825400689881,89.58911432885955,67.86961263507357,67977.18858371419,77755307.41146824,1.1330822239231146,0.3811558823876864,1.3849888038359788,3.327610845824903,0.3763900715162978,1.2067927864925647,3.289755295021102,0.5609656991433605,5.393403954056942,-2.815384615384616,0.3543076923076923,0.47061538461538466,0.8009615384615385,1.1715384615384614,1.2446153846153845,0.7941538461538461
12.187876923076924,0.8623076923076923,12.92153846153846,8.369230769230768,242.16538461538462,0.0969133942449949,-20.67076923076923,7.8076923076923075,59.09307692307692,-59.09307692307692,2.1213191565035573e-07,29.546535963970346,51.17610724514413,29.546541081580926,51.17610429049027,-51.17610724514413,0.0,12720033.113044368,25259542.654414766,0.4058469084582043,0.41100481272213807,1.0995070041819384,1.404360190229316,1.6061612131277454,3.930394117800355,9406938.751972318,23.956986617597245,4.851437560711421,0.4598278151508846,-0.020988118461000873,20.28621713443677,0.715025146296468,599052637.5649246,22.17553431057409,27690.402398634593,25356500.99052132,-7.730737128497474e-07,-3.5372506873727836e-08,-17.05428224088032,22.18564677425157,156.33200130614145,156.33876945750643,107.09396810834922,68269.94600348358,77944648.9666034,1.1484475621598733,0.38076982952376914,1.3796886673605968,3.326117756146599,0.3759291958807993,1.2009538845640197,3.2884729542266897,0.5635791747686775,5.389158936421548,-16.384615384615383,0.4678461538461538,0.6709230769230768,0.9428846153846153,0.33153846153846156,1.205230769230769,1.247076923076923
13.426338461538462,0.9903076923076923,10.718461538461538,12.233846153846153,241.75,0.09699923896388131,-19.92,7.98,58.846923076923076,-58.846923076923076,2.1124827428916395e-07,29.42345905129711,50.962931755129084,29.423464147590146,50.96292881278292,-50.962931755129084,0.0,13330537.238833737,30417798.87866193,0.40605952059859407,0.41118640347587687,1.1016261694047524,1.4070134835880017,1.6085366563985564,3.9311894665446756,9604888.4832291,23.055121609456293,7.723792436738453,0.5339206552038186,-0.023625850654057975,24.289546907190992,0.6793047736977199,693244227.7658763,31.624377205739552,32728.57583844073,30514759.6652489,-7.471146625883284e-07,-2.8236393913136168e-08,-16.52217395102648,31.638225650990123,167.3051243270035,167.3120951288873,110.4317671500652,68152.84303557582,77869182.32495983,1.1422854961006919,0.38093166573642967,1.3818130608530572,3.3267202350298035,0.37612065951781587,1.2032871618203922,3.2889898127028494,0.5625406518015895,5.390967319318702,-7.307692307692308,0.35523076923076924,0.2906153846153846,0.9471153846153846,0.5167692307692308,1.348,0.7473846153846153
11.197107692307693,0.8303076923076923,13.432307692307692,6.2153846153846155,237.64230769230772,0.09788173723146588,-17.987692307692306,14.484615384615385,42.23153846153846,-42.23153846153846,1.5160248240871871e-07,21.115767445853816,36.573586179113235,21.11577110321233,36.57358406753631,-36.573586179113235,0.0,11334293.328508658,15824104.89310482,0.40835934946813573,0.41318714640320064,1.1229481957736995,1.4337088752278793,1.6323046358700137,3.9393564055824632,8881421.038257819,14.764147024695545,10.18439763867561,0.31393134934594136,-0.010278241538682712,15.98518092101565,0.5741627943643139,736650008.7432646,30.430561121326704,18684.245582496987,15921142.334935052,-5.83861332043513e-07,-3.7971757703058e-08,-13.271621308375423,30.438924082042575,86.94856969199803,86.94978862720829,58.40372139921533,66994.82479737687,77106710.53795575,1.0650419894219882,0.3825216812076841,1.403060635316817,3.332828286012975,0.3779992098744755,1.2267552366391867,3.294254453774471,0.5398651666598461,5.408773366743715,-13.307692307692307,0.44846153846153847,0.5481538461538461,0.8567307692307693,1.3567692307692307,1.3036923076923077,0.927076923076923
12.510953846153846,1.0358461538461539,14.39846153846154,13.944615384615386,241.21923076923076,0.09711130885209356,-20.99076923076923,10.306153846153846,58.385384615384616,-58.385384615384616,2.0959144673692937e-07,29.1926898400348,50.56322771135086,29.19269489635743,50.56322479208163,-50.56322771135086,0.0,13783676.551427307,27380824.21299703,0.4062569950626622,0.4113427027906701,1.1043317673363209,1.4103981926611262,1.611551545792924,3.9321813382395527,9927388.835242145,23.942795027728927,5.201191983831761,0.6140628362486515,-0.014349492565553254,17.12517841540798,0.9622075990088528,654825066.9053998,20.029690991760397,29765.35787363889,27477785.169523604,-8.765466897901229e-07,-4.1766515658279034e-08,-16.73760114570754,20.03871679952838,163.34161836330665,163.3486567398493,117.4785375084822,68003.21146547145,77772226.2983006,1.1344426957910192,0.38112266022488905,1.384517740401604,3.3274785019771933,0.3763501647991078,1.2062723415111358,3.289641456750006,0.561199016550898,5.39304274510019,-17.246153846153845,0.17246153846153844,0.21215384615384614,0.9717307692307693,1.1176923076923078,1.311076923076923,1.0907692307692307
9.290953846153847,0.7127692307692307,13.253846153846155,6.818461538461539,236.21153846153845,0.09819510225861196,-18.787692307692307,9.315384615384616,47.89307692307692,-47.89307692307692,1.7192623371612967e-07,23.946536437338196,41.47662244945937,23.946540585000324,41.47662005480552,-41.47662244945937,0.0,10550440.132285938,14039138.184072074,0.4088701355336405,0.4135915388679529,1.1305422039940904,1.4431567421908464,1.6406754396089178,3.942234238567624,8549661.253807599,17.829470016485125,7.273831174369454,0.3917825841729276,-0.012867176962644706,14.992199239813504,0.7068832348652443,691200415.5450921,24.65346415405905,16855.401401314735,14136142.945468854,-6.95833415261094e-07,-4.261383417790124e-08,-14.721416775163235,24.663622612715944,96.19002151145965,96.19165042557592,68.35969677288278,66591.47013013903,76834555.9820007,1.034092180913536,0.3830640830846939,1.410593465820249,3.3350237197600103,0.3786403177731537,1.235112522509282,3.296153116543905,0.5284746332060452,5.414822701681281,-16.29230769230769,0.3266153846153846,0.13092307692307692,0.7921153846153847,0.16138461538461538,1.103076923076923,1.1067692307692307
9.61403076923077,1.0641538461538462,14.484615384615385,7.273846153846154,246.48076923076925,0.09604436827470599,-19.267692307692307,9.056923076923077,51.370000000000005,-51.370000000000005,1.844076679429636e-07,25.68499782884763,44.487726245921955,25.685002277620132,44.48772367742195,-44.487726245921955,0.0,11457373.049065983,17222608.278209217,0.4038946543699305,0.4093871247088528,1.0779080896958255,1.3773504435723605,1.5818730675746222,3.9225461801120183,8998930.909066264,19.226638361553462,7.196864672686154,0.7237601688189972,-0.012626041489288725,14.975555932380345,1.1520618659609538,774748720.2854977,20.43376013247198,19935.656304423555,17319597.238740124,-7.57190684931098e-07,-4.54495146458868e-08,-15.196738722002978,20.446172324154862,113.98760970154845,113.99386137970292,82.9714911151019,69486.51572563642,78710264.29292344,1.212520240637603,0.37919539156061977,1.357974065998369,3.3201266648542127,0.3740371490908702,1.1772087284436088,3.2833634966347485,0.5737422053810453,5.372035183005014,-15.646153846153847,0.18538461538461537,0.6727692307692308,0.9821153846153846,1.470923076923077,1.4501538461538461,0.7978461538461539
12.672492307692309,0.9724615384615385,11.081538461538461,13.427692307692308,235.7269230769231,0.09830101674215178,-19.759999999999998,16.61692307692308,51.98538461538462,-51.98538461538462,1.8661677134594305e-07,25.992690110530717,45.02066497095958,25.992694612597088,45.020662371690335,-45.02066497095958,0.0,13211726.697576096,23091787.8108815,0.4090063258326102,0.41369126743995643,1.1331303897740568,1.4463724717869988,1.6435146471155573,3.943209330079981,9542338.026613552,18.951658829902023,10.153610975387696,0.44251339966088776,-0.016242464667820016,19.8763358973099,0.517362723546108,719121045.135046,34.98361504077696,25645.722527455313,23188776.929787874,-7.729616617312375e-07,-3.501416507139146e-08,-14.802224889861389,34.99752067007733,128.4383183042253,128.44444295315878,88.47601902223231,66454.85000091333,76741370.03281347,1.023723020350176,0.3832475640527225,1.413155850689024,3.3357753597785,0.37885704934827064,1.2379644994251344,3.2968050230001475,0.524676680259056,5.416870741296869,-1.861538461538462,0.5287692307692308,0.33215384615384613,0.9867307692307692,1.3675384615384616,1.428,0.8938461538461538
12.478646153846155,0.9213846153846155,14.435384615384615,10.387692307692308,238.93461538461537,0.09759850805241561,-20.14153846153846,17.41384615384615,51.52384615384615,-51.52384615384615,1.8495994379370845e-07,25.7619208992684,44.62096092718135,25.761925361364366,44.62095835098904,-44.62096092718135,0.0,14259593.192535518,25344745.610054094,0.40746534224494124,0.4123836767559342,1.116142657562721,1.4251879813870858,1.6247165882094388,3.9366959588631616,10137126.367798736,19.605321814644707,5.291597716433543,0.4874304831509874,-0.011683403139429062,17.609196023894285,0.7922926107769591,639311226.7692142,22.075872310442946,27852.000993824775,25441736.017931465,-7.02217222522237e-07,-4.1147897933571606e-08,-14.841185669941643,22.08622865786735,133.51163830966183,133.51799232057593,91.69765089993452,67359.1451419788,77349818.62485662,1.0934170668853262,0.38203119346502923,1.3962991460176004,3.330875685081536,0.3774188484417223,1.2192867629368949,3.2925724051899508,0.5500971236313087,5.403311821098641,-5.923076923076923,0.5361538461538461,0.4346153846153846,0.9417307692307693,0.8118461538461539,1.2224615384615385,1.325846153846154
9.118646153846154,0.7816923076923077,11.216923076923077,13.96923076923077,245.28076923076924,0.09628007700050754,-22.65230769230769,12.912307692307692,50.90846153846154,-50.90846153846154,1.8275084039072901e-07,25.454228617585315,44.08802220214373,25.454233026387413,44.08801965672065,-44.08802220214373,0.0,11468642.10185956,14938217.133914232,0.4044935296262196,0.4098932090721236,1.0838514768876197,1.3847860327585528,1.5885913777116396,3.9247037094474937,8844094.115098404,18.875730081211923,8.596684451767738,0.2566091693365451,-0.015787358492507852,14.99659463318896,0.4189313971487484,627174978.4664857,31.349011851869047,17693.759118564078,15035201.703974843,-8.107166384621414e-07,-4.638368405163598e-08,-17.095030917058452,31.365048938031613,108.28897173355806,108.29502261080137,75.60793760127002,69148.21826279178,78500523.74138522,1.1953075882886393,0.37963663526587643,1.3639674611568082,3.321766206772475,0.37456744394923247,1.183732238020779,3.284756574859645,0.5714113896729701,5.376837099655282,-8.200000000000001,0.35153846153846147,0.5435384615384615,0.9940384615384615,1.0164615384615383,0.868,1.2778461538461539
12.424800000000001,1.0370769230769232,11.783076923076923,7.286153846153846,249.59615384615384,0.09544566271621308,-23.6,16.38,50.262307692307694,-50.262307692307694,1.804312818176006e-07,25.131151721818075,43.52843654085423,25.13115607466161,43.52843402773884,-43.52843654085423,0.0,13485869.830953479,24451953.00712692,0.40249682411717647,0.4082389398066977,1.062782963514228,1.3584005340517442,1.5647272433448702,3.917192422892974,9701874.055731189,17.9020974468207,8.5524198189831,0.35257681511503053,-0.018683799747465844,22.020188623904318,0.4482748596698276,631551765.988464,33.286551036539834,26986.78634586511,24548939.566010073,-6.895472936635434e-07,-3.534537064346337e-08,-18.262870947761286,33.30502237738036,128.81795616353995,128.8243091044328,88.446869895034,70364.7879849446,79245098.39256898,1.2440702391361833,0.3780918437030399,1.3426754781183172,3.3160238664103696,0.3726959404950189,1.160580589595694,3.2798855508631295,0.5705656520216207,5.36024614783424,-5.030769230769231,0.16046153846153846,0.11061538461538462,0.9871153846153846,0.15923076923076923,1.3652307692307692,1.4046153846153846
10.798646153846153,1.0032307692307694,11.358461538461539,9.169230769230769,239.92692307692306,0.09738460773906515,-16.84307692307692,18.49076923076923,49.61615384615385,-49.61615384615385,1.7811172324447216e-07,24.808074826050838,42.96885087956473,24.80807912293581,42.968848398757025,-42.96885087956473,0.0,11851969.498182265,15512552.181630798,0.40716031419059956,0.4121544294435179,1.1109653920352407,1.4187656145300074,1.6189805442946814,3.934791632895956,8982868.259994293,17.077211631022525,11.026804352112098,0.3764053083331059,-0.016710889006379133,17.989157089314883,0.4712920655278744,732082774.0368075,33.46254137901806,18304.20918073763,15609559.104066141,-6.390861651856966e-07,-4.008558943651273e-08,-11.680594929596964,33.474940312650325,100.28199876580996,100.28316263181868,65.28453732009497,67638.89112086955,77534652.56777076,1.115466837739896,0.3816542863664193,1.3911348036917517,3.329395687129698,0.3769724649457988,1.213603257723078,3.2913015554067386,0.5579159197275313,5.399120994010277,-17.06153846153846,0.1493846153846154,0.41984615384615376,0.7575,0.9152307692307692,0.8458461538461538,1.492
8.117107692307693,1.0321538461538462,13.94923076923077,9.698461538461538,238.5653846153846,0.09767881779546354,-18.23384615384615,7.7,59.89307692307692,-59.89307692307692,2.1500375007422902e-07,29.946535930158355,51.86892758769304,29.94654111705097,51.86892459303918,-51.86892758769304,0.0,10917408.760176603,14473873.389834514,0.40757846109093576,0.41246882504064925,1.1180779219563386,1.4275909415546801,1.6268582533113587,3.9374165754277244,8723313.914057042,24.486134788786387,8.671976403783408,1.0687401396101095,-0.01759616590075942,13.762877089183124,1.6488941796322618,1074860144.051853,18.00360739186776,17169.14620119273,14570834.440360572,-9.489734940841334e-07,-5.556102412507543e-08,-14.369047457002171,18.012651093930813,125.76140638006798,125.76809682268818,96.36945919392893,67255.05361494966,77280690.54404914,1.08526932320882,0.3821714013959161,1.3982269034250898,3.3314306753061964,0.37758480355855334,1.2214129113070835,3.2930498687329677,0.5471689627025194,5.404872285543033,-13.646153846153846,0.382,0.22138461538461537,0.7990384615384616,0.7903076923076923,1.3996923076923076,1.069846153846154
12.974030769230769,0.8764615384615385,11.272307692307692,10.756923076923076,245.78846153846152,0.09617957252763905,-23.55076923076923,16.143076923076926,47.00076923076923,-47.00076923076923,1.6872303378180949e-07,23.500382628897725,40.70386129815482,23.50038669928374,40.703858948116356,-40.70386129815482,0.0,13530606.902727734,25287351.4695512,0.40431138138959877,0.40975136308703664,1.0813327071617662,1.3816441561894353,1.5857557600729681,3.923803150485064,9722261.379922237,16.09865166540375,13.098142600435194,0.3730568829353423,-0.017303726238947117,21.691489669347966,0.42302509935218824,782583696.8675077,41.15623122232655,27831.99963807931,25384351.682917528,-6.441341557879749e-07,-3.100463092526224e-08,-18.24625459829247,41.17482393909507,122.08842866746676,122.0892613157602,80.31297908875055,69291.34411245682,78589497.36369586,1.2030663410151534,0.379453756687812,1.3614289586836539,3.32107308397799,0.37434681962097965,1.1809663469049652,3.2841675593347173,0.5727774643945869,5.37486131915326,-18.50769230769231,0.2601538461538462,0.5961538461538461,0.9498076923076924,0.24323076923076922,1.295076923076923,1.3861538461538463
12.995569230769231,1.083846153846154,13.758461538461539,8.96,236.97307692307695,0.09803083999732326,-16.313846153846153,13.752307692307692,61.216153846153844,-61.216153846153844,2.1975332239063484e-07,30.608074335776987,53.01474584652393,30.608079637251425,53.01474278571623,-53.01474584652393,0.0,13887302.275530083,27545789.236894466,0.40835043528006587,0.4131247011750303,1.1264859147569983,1.438073168802387,1.636173179994436,3.940626678098277,9914865.132806895,25.103121070212623,5.053304227608859,0.656953699410373,-0.018374263042203087,20.197693210215473,0.9511730521780974,694330894.9624916,20.095094455606805,29926.92744073208,27642753.022335336,-7.648957873409555e-07,-3.713050108256464e-08,-12.45025044622745,20.119581048630092,162.8459934231417,162.85267868236,109.17961579793825,66806.1589046366,76979490.1070018,1.0505055428912353,0.3827755182503278,1.406578002146536,3.33385079796027,0.3782993180869339,1.230652667205895,3.295137756236837,0.5345083399888252,5.411603023871462,-17.092307692307692,0.6561538461538461,0.6644615384615384,0.9321153846153847,0.9863076923076922,1.279076923076923,1.4452307692307693
9.775569230769232,0.9404615384615385,12.330769230769231,6.793846153846154,236.62692307692308,0.0981065784734123,-23.304615384615385,10.198461538461538,49.923846153846156,-49.923846153846156,1.792162749459619e-07,24.96192096689238,43.23532024208354,24.961925290424283,43.23531774589122,-43.23532024208354,0.0,11343188.38767535,16335810.072956726,0.4086169102466151,0.413367590070478,1.1283278761375162,1.4403858254010131,1.6382233293614463,3.9413647208963316,8809372.777431391,19.258051077264838,7.423826990763676,0.2809964264129179,-0.017253295268581124,17.062353095417482,0.5824552057774106,647704298.0821823,27.177709174510746,19046.544181471156,16432795.604958184,-7.151142220848117e-07,-4.285505481904219e-08,-18.50080526113763,27.18916819299802,110.35915477928067,110.36527348892824,78.59772241814535,66708.5730980468,76913483.90105982,1.0430252633508534,0.3829067429258782,1.4084015988870877,3.3343827373874904,0.3784544023004321,1.2326765882977304,3.2955979354334533,0.5317350539028867,5.413067246515826,-12.446153846153846,0.27307692307692305,0.5786153846153846,0.8628846153846154,1.0423076923076924,0.7523076923076922,1.0501538461538462
13.049415384615386,0.7386153846153846,13.426153846153845,8.652307692307692,245.30384615384614,0.0962754808533951,-22.48,18.426153846153845,46.01615384615385,-46.01615384615385,1.6518846833704236e-07,23.00807497820479,39.851159338094625,23.008078963320614,39.851157037286924,-39.851159338094625,0.0,13760732.313420732,24043085.324778147,0.40452893282214014,0.40993100191010917,1.0837380318835488,1.3846489240303148,1.5884677736212527,3.9246674206306253,9883871.369667571,16.43322057662097,7.311408470110568,0.2892154864061397,-0.01148000992540785,18.72709237076023,0.5385816951252036,617399790.6083312,28.555388672356283,26639.282461429404,24140093.934769467,-6.207544929750062e-07,-3.718668391593929e-08,-16.71221463811494,28.570290589908566,116.66135705830129,116.6621453213307,77.65838074613428,69154.72398323109,78504585.64227664,1.195659118524687,0.37962832693078125,1.363851973797135,3.3217346258394866,0.3745574219582669,1.1836062878320694,3.2847297161254554,0.571469706085616,5.37674732706067,-5.953846153846154,0.5656923076923077,0.18723076923076926,0.8767307692307692,1.3933846153846154,0.98,1.4304615384615385
6.857107692307692,0.8604615384615385,10.601538461538462,10.806153846153846,237.29615384615386,0.09795873473339518,-23.76,11.404615384615385,42.17,-42.17,1.513815720684208e-07,21.08499821768551,36.52029230660948,21.085001869714638,36.52029019810947,-36.52029230660948,0.0,9683091.629126169,8975818.622778738,0.40851298835839744,0.4133157664831115,1.1247797061652582,1.4359934819207891,1.634333481055107,3.9400675746698557,8073672.547459513,11.892193869989928,35.425836533747464,0.26793722202461534,-0.05627768685207442,13.0159256401534,0.3754231289003782,1393972091.5404756,61.033782318757645,11957.278640421107,9072838.739195697,-7.062706461264115e-07,-5.1044994647902605e-08,-17.511607776247573,61.19015654504663,74.39674829918283,74.39942777418013,52.317188245593165,66897.23899078708,77040949.83758833,1.0575092379705495,0.3826530461011232,1.4048786931092079,3.3333562594029624,0.378154528018709,1.2287686168114706,3.294710324906875,0.537053459045305,5.410237662018295,-12.323076923076924,0.11338461538461539,0.11338461538461539,0.9928846153846154,0.4607692307692307,0.7289230769230769,0.7276923076923076
11.455569230769232,1.0401538461538462,11.143076923076922,13.649230769230769,236.32692307692307,0.09817016189870038,-21.913846153846155,17.607692307692307,51.46230769230769,-51.46230769230769,1.847390334534105e-07,25.73115167110009,44.56766705467759,25.731156127866672,44.5676644815622,-44.56766705467759,0.0,13221349.991194818,20816278.311091393,0.40871831127789143,0.41344663366969886,1.1299249375248515,1.4423722901172655,1.6399804555774031,3.941969819897528,9548958.821722321,19.080718910887818,9.776986920952535,0.3400026911803813,-0.016147635467669206,18.393274024499057,0.411184559045965,665476869.4793501,34.49162332199864,23419.796067636842,20913264.809982903,-7.924197266920096e-07,-3.981005392165637e-08,-16.21133732769512,34.50548288462796,123.81960249233495,123.82570012458602,86.52005039021127,66623.99873233563,76856671.03674668,1.0365693450843154,0.3830203769022561,1.409984173142124,3.334845354281487,0.3785886821717976,1.2344350914679543,3.2959985656636595,0.5293799814033741,5.414334979789554,-7.0,0.2389230769230769,0.4623076923076923,0.9575,0.16784615384615384,1.4723076923076923,0.7707692307692308
8.24633846153846,0.7792307692307692,12.884615384615385,11.655384615384616,242.99615384615385,0.09674127352564062,-19.526153846153846,13.256923076923076,42.44692307692308,-42.44692307692308,1.5237566859976153e-07,21.223459744442895,36.7601147328764,21.223463420454266,36.76011261053024,-36.7601147328764,0.0,10621028.491133181,11600803.074810125,0.4057076430419352,0.4109334996037655,1.0953071304873236,1.3991366080067267,1.6014939559858983,3.928920508040543,8582625.529716054,14.80992487058221,10.763860130817967,0.29637313051229286,-0.010111572567185265,12.537555684357997,0.5526471244511698,748738009.8589172,31.70932994710378,14556.31470831317,11697834.392412312,-7.125949766925907e-07,-4.9004090948405965e-08,-13.985742338807748,31.71894218248091,79.4568381926174,79.45886950680598,57.05169061705516,68504.15193929909,78094500.13485508,1.160828045249267,0.38047093143339145,1.3754770937644156,3.3249456395130172,0.3755696109117557,1.1963216152682086,3.287468745875396,0.5656564884565273,5.385916781171153,-18.661538461538463,0.586,0.43738461538461537,0.979423076923077,0.4004615384615384,0.7892307692307692,1.4587692307692308
12.1448,1.056769230769231,12.583076923076923,11.716923076923077,249.48076923076923,0.09546738318299464,-16.941538461538464,11.964615384615385,61.431538461538466,-61.431538461538466,2.2052650858167768e-07,30.715766634366073,53.201274400287105,30.715771954493363,53.20127132871017,-53.201274400287105,0.0,13253571.337521084,24851475.164812434,0.40248344539688086,0.40821504305812656,1.0633355864659408,1.3590830201036075,1.5653469139765985,3.9173687681530245,9631432.787230846,24.274176401031323,4.955484583758404,0.5279084062698206,-0.019940562026896647,19.692556757871778,0.7482072088415042,616759138.4473672,22.149102505692884,27309.796296499782,24948436.18111237,-7.726713751351398e-07,-3.6042897974740857e-08,-13.189212237404131,22.16149992034081,156.633321033719,156.6399008196838,103.57700465168759,70332.25938274802,79225609.6866434,1.2428940172707077,0.37813181762532694,1.3432372236785086,3.316172461222908,0.37274484443077455,1.161188794900142,3.280011003246154,0.570679313191876,5.360668178511704,-11.984615384615385,0.25184615384615383,0.645076923076923,0.7513461538461539,0.4263076923076923,0.7978461538461539,1.1756923076923076
7.4063384615384615,1.102923076923077,12.595384615384615,13.624615384615385,244.31153846153845,0.0964744819837635,-21.50769230769231,7.376923076923077,45.431538461538466,-45.431538461538466,1.630898201042119e-07,22.71576731060586,39.34486754930889,22.715771245092505,39.344865277731955,-39.34486754930889,0.0,10097501.043152792,12477543.848170523,0.404998836990959,0.41032418739469523,1.0886867496979444,1.3908414068331167,1.5940437869904565,3.926470655092174,8368198.102007765,16.576599139147394,8.39673110138029,0.308925944114505,-0.01085211457506735,12.369980726836955,0.5887212035868564,691809860.9831904,28.24970128040333,15352.601209919187,12574551.766295662,-7.881463122645698e-07,-4.731529603376443e-08,-16.815787096836083,28.262463945840427,89.12049755786593,89.12252377334698,64.13096881807873,68874.97800434032,78329185.72778422,1.1806043933843016,0.3799853385247834,1.3688299503893213,3.3230999539438453,0.37498791074828336,1.1890431101603518,3.285892305254011,0.5689632144469914,5.380606624411573,-12.138461538461538,0.34507692307692306,0.3487692307692307,0.7644230769230769,0.6503076923076923,1.112923076923077,1.2692307692307692
13.243261538461539,0.7613846153846153,10.607692307692307,7.507692307692308,241.88846153846154,0.09697013899095779,-19.698461538461537,19.43846153846154,46.17,-46.17,1.6574074418778723e-07,23.08499804862556,39.98439401935403,23.08500204706485,39.98439171085403,-39.98439401935403,0.0,12749622.717248034,22527306.25109992,0.406219482564857,0.41136038324084134,1.1009267283342654,1.4061686838512795,1.6077853637214525,3.9309876242233335,9350904.625704061,11.733815988028748,24.616438196147627,0.5241455600896493,-0.0341996523934909,23.627552423847725,0.7137726335828373,1276783322.3059888,56.04575562593603,25173.852952390123,22624321.91883979,-5.932950493007183e-07,-2.9534288510018358e-08,-14.570096259875612,56.04690292789032,112.56245402481024,112.56469546694134,70.90987896872133,68191.87735821176,77894404.7912136,1.1443369296197163,0.3808818407697024,1.3811086070432037,3.326523178305004,0.37606076794478643,1.2025104949677585,3.2888206290231556,0.5628906462685114,5.390426180089205,-0.5692307692307708,0.2416923076923077,0.6653846153846154,0.8351923076923077,0.9755384615384615,1.3566153846153846,1.2864615384615385
11.843261538461539,1.0198461538461538,11.764615384615384,9.366153846153846,245.4653846153846,0.09624358825982578,-21.90153846153846,9.466153846153846,55.89307692307692,-55.89307692307692,2.0064457795486255e-07,27.946536099218303,48.404825874948486,27.946540939700753,48.404823080294626,-48.404825874948486,0.0,12869552.869840745,24651070.9080223,0.4043400180950319,0.40975278480384847,1.0829324224485075,1.3836262186619266,1.5875441981792107,3.9243481913701737,9450139.35019364,21.588376205118294,6.215197431121597,0.36326141788919625,-0.021362730390774194,21.41112791833148,0.5170814141940175,559849343.1367321,27.89809978887929,27123.253690750116,24748037.560471036,-7.655498353421195e-07,-3.394644046512445e-08,-17.87510119259962,27.912332372716484,146.07754961154527,146.08419695484926,101.80697690840523,69200.26402630634,78532817.79861599,1.1981314232576128,0.3795700318369284,1.3630434480619595,3.3215135833341813,0.37448713680847273,1.1827251470925806,3.2845418303893266,0.5719604025706285,5.376116730474334,-3.2461538461538453,0.11615384615384616,0.26476923076923076,0.9425,1.1306153846153846,1.0636923076923077,1.007076923076923
11.347876923076923,1.0290769230769232,13.124615384615385,10.412307692307692,249.9423076923077,0.095380958548811,-23.095384615384617,16.07846153846154,55.15461538461538,-55.15461538461538,1.9799365387128724e-07,27.5773053611986,47.76529940490334,27.577310137728407,47.76529664717256,-47.76529940490334,0.0,13923585.016160302,23571582.930492014,0.4022794470192226,0.4080485978384677,1.0611214182658661,1.3563122599240083,1.5628287824679974,3.9165979801760487,9929065.375880219,21.147689325157227,4.941351335994183,0.3617888599628234,-0.016733671258151554,18.28174423577866,0.6025695258735376,569913910.5667362,23.533530303380413,26083.982952424773,23668552.472516604,-7.645337321248099e-07,-4.4065777865205395e-08,-17.524582128897848,23.547388221497865,141.93621738081822,141.94283602439057,98.92320501125282,70462.3737915344,79303240.64768203,1.247603533117892,0.3779719075048549,1.340992136311888,3.3155792103524684,0.37254917745350585,1.1587593168644186,3.279510368001619,0.5702259742625913,5.3589803234463,-1.6153846153846132,0.36076923076923073,0.14107692307692307,0.9359615384615385,0.10107692307692308,1.0526153846153847,1.2433846153846155
8.51556923076923,0.8690769230769231,13.684615384615384,12.849230769230768,242.90384615384616,0.09676030962344181,-17.82769230769231,20.02,43.77,-43.77,1.5712524091616735e-07,21.88499815006153,37.905932991707296,21.885001940654725,37.90593080320729,-37.905932991707296,0.0,12011784.894451164,12451085.03556706,0.4056840212544562,0.410901705144778,1.0957719943199147,1.3997090704159116,1.6020057336315066,3.929074510236828,9195201.738241788,15.22087023201727,8.575181360122556,0.35657247562294053,-0.008234277299839218,12.154955107330643,0.6305933527002363,720931198.1326157,27.677378672271725,15389.791696280392,12548117.912222411,-7.278323034825277e-07,-5.6284195235153004e-08,-11.006230208647263,27.68960998914345,82.99768228735753,82.99952584805933,59.61651398090702,68478.12905754181,78077893.34861705,1.1594478898382912,0.38050414627052337,1.375944192211879,3.3250753251578367,0.37560958491955115,1.196834818721738,3.2875797482675613,0.5654231885735571,5.386276899272923,-15.03076923076923,0.3487692307692307,0.24446153846153845,0.8267307692307693,1.0315384615384615,1.0304615384615385,1.4083076923076923
10.270953846153848,0.8912307692307693,11.844615384615384,8.553846153846154,242.21153846153845,0.09690375110913507,-18.763076923076923,12.976923076923077,42.754615384615384,-42.754615384615384,1.5348022030125124e-07,21.37730588528444,37.026584095395215,21.377309587942744,37.02658195766444,-37.026584095395215,0.0,10711936.770887364,13527453.940849893,0.40621119760329244,0.4113788545716208,1.099281201087993,1.4041332897761614,1.6059624111744906,3.930413474560871,8559052.16795216,13.847117460715804,16.36241225773567,0.30965629000060935,-0.01681652146912605,16.118072527044983,0.42567276394899434,902488674.6919634,40.501164052015476,16435.674551704687,13624485.574070193,-5.885777492028306e-07,-3.7109428985116314e-08,-14.066073254784875,40.48892854755219,81.97578785353093,81.97720960844855,53.54797885501888,68282.95744436221,77953024.73061907,1.1491335653287322,0.3807532215347489,1.3794542538123464,3.3260523458710383,0.37590922485977096,1.2006957408391652,3.288416853466872,0.5636959696809686,5.388978663787447,-2.569230769230767,0.45769230769230773,0.3866153846153846,0.8155769230769231,0.462923076923077,1.2396923076923076,1.448923076923077
13.39403076923077,0.9736923076923077,11.383076923076922,6.670769230769231,235.49615384615385,0.09835202725671968,-20.695384615384615,16.207692307692305,51.216153846153844,-51.216153846153844,1.8385539209221872e-07,25.608074758426856,44.354491564662545,25.60807919387589,44.354489003854844,-44.354491564662545,0.0,13324218.552284654,26211814.7589847,0.409145215808264,0.4138138516398252,1.1343673670333072,1.4479199464074302,1.644880278185452,3.9436945055997543,9596385.44154134,18.648683457242246,10.26397258319588,0.46442624666558757,-0.020196563300034994,24.13060579528395,0.6199900486706239,749046756.4741178,34.777817979522204,28690.790601295135,26308804.4496636,-6.689996400584242e-07,-3.1112309013488004e-08,-16.001499803792484,34.791305237621394,133.42070999209238,133.4269823800132,89.12811644610666,66389.79279652012,76696851.31022608,1.0188051450011322,0.3833349138748028,1.4143780046809213,3.3361347476065335,0.37896019744137316,1.2393263395664509,3.297117050442674,0.5228697010587674,5.417846159081476,-1.369230769230768,0.6949230769230769,0.1992307692307692,0.8059615384615385,1.2081538461538461,1.0649230769230769,1.2876923076923077
7.352492307692308,1.072769230769231,12.693846153846154,8.935384615384615,246.27307692307693,0.0960841124972753,-20.596923076923076,13.816923076923077,58.57,-58.57,2.102541777578232e-07,29.284997524539722,50.72310932886215,29.285002596850518,50.72310640036214,-50.72310932886215,0.0,11333037.590536263,12432937.17909278,0.40393669803952514,0.409412242495077,1.0789324834140588,1.3786245881051038,1.5830262337215484,3.922908630603121,8826173.64994042,23.165069221264066,7.8749255460673,0.708098539209472,-0.020476799960518315,13.932939251196649,1.0913944724933242,766044049.1666481,20.909268576777613,15194.237166387862,12529899.980403483,-9.372886041593746e-07,-6.562724757473944e-08,-14.952034229680132,20.92231528084783,117.22677333484371,117.23368238191692,90.68186614840263,69427.96424168251,78674185.51716767,1.2104137571974893,0.37927960599879046,1.3590124442910194,3.320415634642014,0.37413650023305856,1.1783367342092932,3.283609506142202,0.5739510763679786,5.3729833893999395,-0.6307692307692321,0.16692307692307692,0.633076923076923,0.8371153846153846,0.8764615384615384,0.964,1.3184615384615386
13.081723076923078,1.0586153846153847,12.786153846153846,6.855384615384615,241.91153846153844,0.09696532726879473,-22.393846153846155,11.835384615384616,41.61615384615385,-41.61615384615385,1.4939337900573928e-07,20.80807516417073,36.04064745407562,20.80807876823538,36.040645373267914,-36.04064745407562,0.0,12464588.591501066,23582813.04262762,0.40621763296805896,0.4113603894877752,1.1008094707512763,1.406022705295971,1.6076551515431934,3.9309447469295375,9351234.677761357,14.516917345759188,12.225962430647018,0.3175001336900673,-0.01274666831027688,20.088018843027562,0.4356306510749629,773469767.7241359,36.9432420638207,26233.20388677856,23679840.043627553,-5.919975579691907e-07,-2.9444628491471135e-08,-17.874712105173735,36.9567654875417,103.40748322997123,103.40831278160063,69.33956109734713,68198.38307865105,77898579.30876224,1.1446790812509366,0.3808735361047133,1.3809912385890732,3.326490363901793,0.3760507841603072,1.2023811189550437,3.288792460319738,0.5629471551485211,5.390336061508981,-5.646153846153847,0.6644615384615384,0.3875384615384615,0.7948076923076923,0.8786153846153847,0.7929230769230768,0.8163076923076923
11.918646153846154,0.7183076923076923,13.216923076923077,12.873846153846154,241.47307692307695,0.09705757297467292,-17.52,17.866153846153846,53.708461538461535,-53.708461538461535,1.9280226087428552e-07,26.85422849924335,46.51289340106492,26.85423315053256,46.51289071564183,-46.51289340106492,0.0,13235356.568170624,20476996.590817653,0.4062171371776065,0.4113234414455793,1.103037761416455,1.408787747877145,1.6101183367792573,3.931723440286312,9640134.523196531,20.19784227312701,5.75807398541878,0.4423360699410569,-0.012995362439187834,16.55129513181235,0.6682266918307815,637962844.1557224,23.435549330765838,23101.95168516508,20573985.0309026,-7.811283578750662e-07,-4.375490520615475e-08,-12.378469336428797,23.447530312086066,124.62533575791805,124.63139108119925,85.7524553951362,68074.774390304,77818677.38580254,1.138189458163579,0.3810313242925263,1.3832233396850442,3.3271152849089978,0.37624042755568604,1.2048431182679502,3.2893292002183423,0.5618406762798455,5.3920500845519665,-13.338461538461539,0.31923076923076926,0.5416923076923077,0.770576923076923,0.6567692307692307,0.7793846153846153,1.101846153846154
7.567876923076923,0.8795384615384616,13.536923076923078,10.24,241.19615384615386,0.0971162042094436,-18.57846153846154,14.226153846153846,58.293076923076924,-58.293076923076924,2.0926008122648246e-07,29.146535997782337,50.48328690259522,29.146541046110887,50.48328398794137,-50.48328690259522,0.0,11541421.825887958,13060877.072592046,0.40628997728919225,0.4113743806162882,1.1044500813827094,1.4105510260151808,1.6116880572571006,3.9322363578473305,8963342.150283251,23.149470670722486,6.3307966091935945,0.8452085651879766,-0.01690102812211526,13.245411459864018,1.2711356855213798,821066254.4736165,19.202840529302406,15813.73124147746,13157845.348042306,-9.387492497943602e-07,-6.481765737137525e-08,-13.210524385419895,19.21353444184759,117.392069687844,117.39875195129568,90.48740476793073,67996.70574503214,77767997.90659758,1.134102461204225,0.38113096345000386,1.3846355099742214,3.3275115783289664,0.3763601394451,1.2064024254672245,3.2896699016791544,0.5611406872448474,5.393132998860055,-3.646153846153844,0.11246153846153847,0.5075384615384616,0.7617307692307692,0.689076923076923,0.9184615384615384,1.112923076923077
13.501723076923078,1.0604615384615386,12.066153846153846,10.08,245.35,0.09626629330194636,-19.243076923076924,7.872307692307692,43.95461538461539,-43.95461538461539,1.577879719370612e-07,21.977305834566454,38.065814609218585,21.97730964114781,38.06581241148781,-38.065814609218585,0.0,11930768.864534367,24395741.23262189,0.4046296955429472,0.41003721407581534,1.083510904550834,1.3843824851219535,1.588228198986206,3.9246141142125306,9121138.008112038,14.853530305610388,12.485634392187848,0.4021831783028781,-0.013413650215943453,20.728498322196913,0.490304159447554,784528720.6156068,37.76444485144243,27016.486494507168,24492762.52876778,-5.899583574905364e-07,-2.51237218193341e-08,-15.824006167597862,37.78069822268881,109.51686552607957,109.51766320959561,70.59478997878753,69167.73542410975,78512706.79743028,1.196362372331576,0.3796117208628713,1.3636210280455905,3.321671494573743,0.37453738707047024,1.1833544429655287,3.28467603031576,0.5715863391777593,5.376567960603512,-15.153846153846153,0.1816923076923077,0.31923076923076926,0.9048076923076923,0.6524615384615383,1.332,1.2913846153846154
8.989415384615384,0.9533846153846154,12.127692307692307,12.787692307692307,248.60384615384615,0.09563234317619175,-23.464615384615385,12.18,57.46230769230769,-57.46230769230769,2.0627779163246018e-07,28.73115141751017,49.763819623794426,28.731156393891993,49.763816750679034,-49.763819623794426,0.0,12172225.891294101,17071879.653014477,0.4028739263966776,0.4085350615884181,1.0675680566006711,1.3643789769445782,1.570157468070141,3.9188607071145127,9158402.611660268,22.732962567066245,5.237580642279786,0.363651974480435,-0.01924585147770224,15.503459080155162,0.5824022173038469,574322633.3257344,23.866066314304998,19714.324927970003,17168838.99726691,-9.152535183570709e-07,-5.2533977059076904e-08,-18.01889853156802,23.880319502554865,131.5832025251246,131.58985538460556,96.79786794228761,70085.04200605385,79076956.78678006,1.2339544113400904,0.3784477846965054,1.3475283407123204,3.3173197705963844,0.37312782698853947,1.16583481330871,3.2809809728424684,0.5715444713364716,5.364061625044344,-4.13846153846154,0.13646153846153847,0.1863076923076923,0.7778846153846154,0.226,1.2741538461538462,0.8643076923076922
8.569415384615386,0.7121538461538461,12.46,11.027692307692307,242.58076923076922,0.09682699545486101,-21.963076923076922,13.170769230769231,57.12384615384615,-57.12384615384615,2.0506278476082148e-07,28.561920662584473,49.470703325023734,28.56192560965467,49.47070046883142,-49.470703325023734,0.0,11827087.985132214,15294172.603059297,0.4056537194388183,0.41084353014150715,1.0974014851491378,1.401723225849283,1.6038055294691487,3.9296221397410482,9022955.265564207,22.74045694923577,5.493975929666909,0.4431748756291813,-0.01897632815564941,15.026146368177823,0.7065507817689525,627456071.1990898,22.66522118860042,17983.860849159348,15391136.758785807,-9.003922712571298e-07,-5.538724018765493e-08,-16.52220924871051,22.677444314604873,124.08016504191947,124.08671869448555,92.45391779344925,68387.04897139131,78019775.58681414,1.154625475436272,0.3806203966930104,1.3775808480180933,3.3255303382561694,0.3757494581179313,1.198633982339493,3.287969393149452,0.5646066429677555,5.387537629550613,-4.292307692307693,0.2943076923076923,0.6893846153846154,0.8171153846153846,0.3056923076923077,1.0292307692307692,1.0329230769230768
9.807876923076924,0.8407692307692307,10.533846153846154,7.926153846153846,240.25,0.09731763860475197,-18.73846153846154,10.586153846153847,45.95461538461539,-45.95461538461539,1.649675579967444e-07,22.977305750036482,39.79786546559086,22.977309729822917,39.797863167860086,-39.79786546559086,0.0,10019329.129936805,12151717.891774992,0.40709341672876725,0.4121116777595212,1.1093070398398355,1.4166955792085507,1.6171525497982084,3.9341441612227035,8205632.552168655,13.76898368533298,22.780900027223726,0.3473720432516752,-0.031213827384007933,17.42830173473798,0.47129377055052807,1126945773.7473292,48.43067291146954,15045.700415108764,12248732.299881581,-5.756660263909433e-07,-3.702688706436558e-08,-14.47413562096009,48.36500561288237,86.25828330443066,86.26005350870578,55.3947542631915,67729.97120702003,77594439.47950827,1.1202073709123963,0.3814714165421696,1.3894739130553444,3.328874980701444,0.37676891673555735,1.2117557686957996,3.2908441809964186,0.5587503161399333,5.396836955924898,-16.2,0.4216923076923077,0.6801538461538461,0.7894230769230769,1.0724615384615384,1.2507692307692309,1.4575384615384617
11.520184615384615,0.786,10.792307692307693,6.941538461538461,242.60384615384618,0.09682220793645961,-18.996923076923075,12.416923076923077,61.277692307692305,-61.277692307692305,2.199742327309328e-07,30.638843563945297,53.068039719027695,30.638848870749122,53.06803665514307,-53.068039719027695,0.0,12564529.017757539,22600246.041448433,0.40565244727326627,0.4108441013001857,1.097284849611425,1.4015777580869184,1.603675447485812,3.929578334626275,9254224.156350397,24.34442109469165,6.901818725156275,0.493897253107248,-0.031016885467490523,23.625165575766452,0.6369831412655882,661352734.1965518,28.50678071156288,25093.979069052042,22697203.37489801,-7.697479755194173e-07,-3.5597119961643783e-08,-15.021025599001769,28.52037291863352,151.91150190198115,151.91803236831106,104.5766597128251,68393.55469183068,78023943.60693263,1.1549695022063229,0.38061210002414714,1.3774638893284912,3.3254977936795447,0.37573947473723535,1.1985053170517326,3.2879415069500104,0.5646649674711965,5.387447655078816,-18.138461538461538,0.18261538461538462,0.4263076923076923,0.9590384615384615,0.9583076923076922,1.0476923076923077,1.4772307692307691
13.361723076923077,0.7176923076923076,14.010769230769231,9.993846153846153,242.39615384615388,0.09686537520527515,-19.415384615384617,18.856923076923074,55.277692307692305,-55.277692307692305,1.9843547455188311e-07,27.638843817535218,47.87188714991086,27.6388486047238,47.87188438602624,-47.87188714991086,0.0,14827424.009582208,28401712.60286539,0.4057558517673234,0.41093167579826895,1.0983370091457894,1.4028963875226426,1.6048540007336984,3.929966353157699,10342001.29051057,21.27933403535013,4.911675677495961,0.4997739793328599,-0.014256579642534798,19.50854202046119,0.8183977057493893,614512715.5743177,22.065989544094965,30809.55873644891,28498691.375413172,-7.182616308899681e-07,-3.9267932386760474e-08,-14.234981146311064,22.07659412436833,150.25397494488283,150.26061600453116,101.43033252551706,68335.00320787678,77986382.85914034,1.151875442529582,0.38068683067475323,1.3785171850558953,3.32579109451144,0.37582936943143214,1.1996641282678109,3.288192849465294,0.5641400480679429,5.388258418787922,-10.784615384615384,0.5924615384615384,0.5656923076923077,0.9478846153846154,1.3029230769230769,1.1215384615384616,1.357846153846154
10.8848,0.790923076923077,13.383076923076924,10.252307692307692,247.40384615384613,0.09586364264594747,-19.661538461538463,12.093846153846155,55.61615384615385,-55.61615384615385,1.9965048142352184e-07,27.808074572460917,48.16500344868156,27.80807938896113,48.16500066787386,-48.16500344868156,0.0,12680698.57283124,20995391.166332748,0.4034572844243968,0.4090231151231187,1.0733979892970322,1.3716879674543427,1.5767719454801024,3.920934871129611,9443499.919168754,21.43552822775194,5.081012762047945,0.5262205702406301,-0.015916280815117645,17.24691460397148,0.876231266229533,615775251.7931678,21.815765809530216,23578.2520149933,21092365.00986313,-7.616130798587745e-07,-4.1631004473712644e-08,-15.262961978071141,21.82858730098515,134.72561017785617,134.73200228541884,93.99833660525996,69746.7445432092,78870177.99639808,1.2217948997954104,0.3788757191195345,1.3534249280528352,3.3189034317677852,0.3736471387754293,1.1722426465939568,3.2823235059267923,0.5727486091886477,5.368646081691235,-10.600000000000001,0.3598461538461538,0.21953846153846154,0.755576923076923,0.8915384615384615,0.7129230769230769,0.9836923076923076
12.037107692307693,0.9915384615384616,10.952307692307691,13.6,243.59615384615384,0.09661831144825436,-17.446153846153848,15.776923076923076,49.708461538461535,-49.708461538461535,1.7844308875491905e-07,24.854228668303296,43.048791688320364,24.854232973182345,43.04878920289728,-43.048791688320364,0.0,12282289.10233159,19420476.45096735,0.4053141647480238,0.4105841655341181,1.0922817487910192,1.395331284564258,1.598082820774335,3.927777408985811,9177321.48694616,16.785527654703504,12.238757784023017,0.4533585161715617,-0.015168845009268758,18.482168648471653,0.5313575530045394,797816838.9674432,37.970621916726074,22113.88421340435,19517480.067676827,-7.28407645588919e-07,-3.476982670476284e-08,-12.808151718763717,37.98771383952313,111.41120370389254,111.4121992742723,74.33336433844144,68673.30067072142,78201986.17671947,1.1698239647124191,0.380255030407908,1.3724454966892672,3.324105875257963,0.37530968907953105,1.1929948544590394,3.2867507324002947,0.5671729223984493,5.3835773496338275,-9.953846153846154,0.5887692307692307,0.4632307692307692,0.9617307692307693,0.22815384615384615,0.8089230769230769,1.2766153846153845
7.923261538461539,0.8364615384615385,13.413846153846155,7.963076923076923,244.0346153846154,0.0965292055661631,-22.99692307692308,18.232307692307693,44.262307692307694,-44.262307692307694,1.588925236385509e-07,22.131151975407995,38.3322839717374,22.131155808636287,38.332281758622,-38.3322839717374,0.0,11776340.197349533,12978998.88863681,0.405100853801472,0.41040473897491403,1.090080553561574,1.3925756781758458,1.5956095663859655,3.9269760700049288,9056185.644955816,15.826185553345761,8.255995149431774,0.2958838550327702,-0.01113458434302121,13.309798899712911,0.6071789029835869,689877968.5781018,28.32063247762386,15861.076107130253,13076014.366653126,-7.501534294902791e-07,-5.9114370824505565e-08,-15.816451536984765,28.33446039398186,88.1970956316852,88.19920103264079,66.52373048885937,68796.9093590685,78280106.34260133,1.1764253632814163,0.3800972470638831,1.3702354671618482,3.323495764758355,0.3751196338999655,1.1905736484208167,3.2862298275134325,0.5682811076286013,5.381869032083707,-17.03076923076923,0.45953846153846156,0.262,0.9348076923076923,0.773076923076923,1.130153846153846,0.996
11.950953846153848,1.0536923076923077,12.195384615384615,9.403076923076924,244.91153846153847,0.09635375601261338,-19.79692307692308,8.906153846153845,46.13923076923077,-46.13923076923077,1.6563028901763824e-07,23.069613434541406,39.95774708310215,23.069617430316004,39.95774477614061,-39.95774708310215,0.0,11349187.320680909,19066816.24494066,0.40482316258242873,0.41019651053285866,1.0856927825957987,1.3871094799528139,1.590686137764733,3.925402650959668,8840464.763030484,16.334146035630084,9.685311391579251,0.30436329344786367,-0.01369043800289506,18.25411647339023,0.48563680033927814,698755438.1590855,31.925452978336363,21787.157501944108,19163826.133418,-6.043999028260147e-07,-3.11166442806733e-08,-15.942044851672705,31.93987421343265,104.76425753844626,104.76524605498311,67.5843596043232,69044.12673576265,78435474.15348962,1.18969173776805,0.37976950569298684,1.3658172615671493,3.32227262834607,0.3747277011892997,1.1857506636525115,3.2851874552325113,0.5704794051057003,5.378272746409183,-10.63076923076923,0.274,0.6607692307692308,0.9013461538461538,1.4795384615384617,1.357846153846154,0.8273846153846154
11.0248,0.7343076923076923,10.73076923076923,7.876923076923077,240.50384615384615,0.09726365227859896,-17.138461538461538,14.829230769230769,54.754615384615384,-54.754615384615384,1.965577366593506e-07,27.377305378104595,47.41888923362888,27.37731011999339,47.41888649589811,-47.41888923362888,0.0,11894772.515727188,18506053.911271162,0.406717666602781,0.4117510933126347,1.1079975444986678,1.4150149631771667,1.6156577388246274,3.9335845171225516,8991115.795028782,19.90387782667107,9.615714034662146,0.47044403194936124,-0.023281843293601605,21.260399163721175,0.5489428734766809,715269995.759978,32.560292211312074,21166.065379737054,18603037.891772933,-6.882024472556853e-07,-3.567000869011203e-08,-12.89174592394529,32.57547958315216,120.73625446949498,120.7421372080376,80.69528638972129,67801.53413185253,77640884.61204717,1.1239250465226263,0.38138008506926946,1.3881737306552515,3.328507759801655,0.3766592932566091,1.2103155791293831,3.29052757758034,0.5593943400753635,5.395842710408289,-0.6923076923076934,0.43553846153846154,0.13,0.7875,1.4192307692307693,1.160923076923077,0.9184615384615384
13.1248,1.106,12.927692307692308,9.05846153846154,243.45769230769233,0.09664657360857258,-20.46153846153846,10.026153846153846,53.277692307692305,-53.277692307692305,1.912558884921999e-07,26.63884390206519,46.139836293538586,26.638848516048693,46.13983362965396,-46.139836293538586,0.0,13450162.914075907,28594086.970945865,0.40528157941159587,0.4105392526507788,1.0929761486494443,1.3961856438530909,1.5988479854568158,3.9280024587091456,9753680.383459873,20.20217714791628,5.790442088678432,0.39513755618925467,-0.016173925464927328,21.410711640492647,0.6158596394161163,581562735.3182402,26.10248968823869,31000.301700085245,28691066.334467612,-7.330464080824505e-07,-3.1619959309311436e-08,-16.617300006078473,26.115086850258034,146.42259477449048,146.42928777406257,101.51706119155804,68634.26634808551,78177248.21875122,1.167744165413266,0.38030484773755113,1.3731443129534109,3.324299153331963,0.37536967960776413,1.1937611551629774,3.286915883485352,0.5668229737048458,5.384116936378761,-7.615384615384615,0.6736923076923076,0.5666153846153846,0.9648076923076923,0.28846153846153844,1.3307692307692307,0.8261538461538461
10.098646153846154,1.0155384615384615,11.22923076923077,9.427692307692308,238.3346153846154,0.09772926344898422,-17.93846153846154,11.46923076923077,49.98538461538462,-49.98538461538462,1.7943718528625984e-07,24.99269019506069,43.2886141145873,24.99269452392198,43.28861161531806,-43.2886141145873,0.0,10841642.006912977,14449216.136554658,0.40791830642296023,0.4127951968531349,1.1192955772029634,1.4291415476686864,1.6282418920961548,3.9379397489949914,8568341.06793265,17.85736559978108,10.55900145252404,0.3358927657278153,-0.017696331484503728,17.318876462260324,0.4281245298963634,716291029.0432816,32.26098344353668,17243.751398565346,14546215.155485986,-6.38026892290288e-07,-3.808626428321729e-08,-13.731436002507142,32.27226399051584,100.00818537981652,100.01377066069021,65.65381574853407,67189.99641055647,77237347.8830668,1.0801934392222472,0.3822589980830387,1.3994334156847028,3.3317787122483926,0.3776884638893197,1.22274485953875,3.293349538082152,0.5453407432107438,5.405847482299785,-13.73846153846154,0.39584615384615385,0.2509230769230769,0.9248076923076923,0.6201538461538461,1.1596923076923078,0.9221538461538461
9.000184615384615,0.7786153846153846,14.26923076923077,10.953846153846154,244.3576923076923,0.09646516412131076,-16.744615384615386,17.370769230769234,55.00076923076923,-55.00076923076923,1.9744137802054237e-07,27.50038229077783,47.63206472364393,27.50038705398417,47.63206197360546,-47.63206472364393,0.0,12365995.548621222,14945823.95257317,0.4048426088795498,0.4101692004611338,1.088453052188326,1.3905285414581008,1.5937613029268782,3.92634697506466,9350062.438340094,20.732325890158677,6.209456681176228,0.807989166318242,-0.012812008615035694,13.576605216998061,1.205357200661438,799518754.1726246,19.446971107053756,17701.538286508498,15042809.167060634,-8.568775207904214e-07,-5.9200414156539114e-08,-11.244921217751699,19.458475475612246,112.65407050140288,112.6602991739511,83.40290063477357,68887.98944521898,78337377.52048595,1.1813021791273204,0.3799687255438691,1.36859790084533,3.3230361071644885,0.3749678907805588,1.1887893028025698,3.2858378700238835,0.5690798180861959,5.380426873274806,-13.246153846153845,0.14476923076923076,0.4438461538461538,0.9017307692307692,1.1435384615384614,1.012,0.7769230769230768
12.27403076923077,0.874,12.26923076923077,11.593846153846155,242.55769230769232,0.09683178484372597,-16.695384615384615,10.887692307692308,56.57,-56.57,2.0307459169813997e-07,28.2849976090697,48.991058472489875,28.28500250817541,48.99105564398987,-48.991058472489875,0.0,12954965.680328434,25285921.78221859,0.40569999370248633,0.41088850693869877,1.0975190094112464,1.4018747406683358,1.6039411485095447,3.929670765610693,9530582.486713383,21.707304224834463,6.113206792384119,0.4774077604530539,-0.017314544300250596,20.38059682153601,0.642673687428654,633068573.4669294,25.601879698176493,27764.563791316814,25382898.472505122,-7.450756827208357e-07,-3.189338291374867e-08,-13.193709930350266,25.614457211668352,144.2178680954327,144.22427615955814,97.63156714895115,68380.54325095203,78015606.49576148,1.1542815453804365,0.3806287045216174,1.3776978392857455,3.325562904295088,0.37575945089095303,1.198762653147062,3.2879972933318657,0.5645483184524726,5.387627774833012,-6.292307692307693,0.31,0.49369230769230765,0.8867307692307692,0.5361538461538461,1.2581538461538462,1.389846153846154
6.867876923076923,0.9023076923076923,13.007692307692308,13.673846153846153,235.38076923076923,0.0983776758409901,-17.643076923076922,14.355384615384615,56.97,-56.97,2.0451050891007662e-07,28.4849975921637,49.337468643764325,28.48500252591043,49.33746579526432,-49.337468643764325,0.0,11195226.108858021,11678963.2649738,0.40912289063063373,0.41378232750211985,1.1349845846993742,1.4486814615579782,1.645551133960266,3.943922885900091,8814348.594835656,22.73266624325009,6.572531225258706,0.7805794651566421,-0.014861824504264608,12.082446304069812,1.1503171946138475,781029889.3046833,20.239898672317832,14473.397963476236,11775938.067734756,-9.448015246685112e-07,-6.53264255884836e-08,-12.112696070801812,20.249676288832998,109.36904749326003,109.3754884283914,82.35154136491364,66357.26419432354,76674545.88241313,1.016351101575078,0.3833785773375959,1.4149895744060508,3.3363147963693116,0.37901175276244065,1.2400082133617978,3.297273455946843,0.5219671748889899,5.418333810898945,-14.046153846153846,0.5158461538461538,0.11984615384615385,0.7721153846153846,1.0336923076923077,0.9012307692307692,1.0624615384615383
8.300184615384616,0.8813846153846154,14.004615384615384,9.181538461538462,241.79615384615386,0.09698953199595045,-23.587692307692308,19.955384615384617,53.55461538461539,-53.55461538461539,1.9224998502354068e-07,26.777305428822583,46.37965871980552,26.777310066788324,46.37965604207474,-46.37965871980552,0.0,13255696.886052703,16585923.289736977,0.4060116694319461,0.41114176745493897,1.1013908724184918,1.406715486674468,1.6082708070924112,3.9310993101213962,9678521.739310618,20.82829298524912,7.4390461713058365,0.648890107838884,-0.014481331171221613,14.18585804546541,1.090984020250202,752649541.6805477,21.361320837013785,19273.46991172944,16682899.16198761,-8.88453255139725e-07,-6.652638750456302e-08,-16.244046241952166,21.372721554670477,121.20631246953619,121.21297477905306,94.4119787594972,68165.85447645446,77877593.65468752,1.1429690403475636,0.3809150640694758,1.3815781851701596,3.3266545185708165,0.3761007039363307,1.2030282024726542,3.288933390752647,0.5626573166296327,5.39078703263065,-0.13846153846153797,0.6515384615384615,0.36169230769230765,0.8967307692307692,0.7343076923076922,1.3209230769230769,1.311076923076923
10.443261538461538,0.8616923076923078,10.878461538461538,13.513846153846153,244.42692307692306,0.09645119832453908,-18.96,7.570769230769231,58.69307692307692,-58.69307692307692,2.1069599843841908e-07,29.34653598087634,50.829697073869674,29.34654106384591,50.82969413921582,-50.829697073869674,0.0,11120574.639266761,17313979.929255743,0.404832640515024,0.4101649289427619,1.0881071881768083,1.3900990793798014,1.5933752520952615,3.9262264878450357,8668454.022188105,23.004290525702338,6.534611102304538,0.3613629362704939,-0.02137629081493751,17.381231733347597,0.49029461405139324,573179116.2539288,27.05474989878152,19954.521316542137,17410943.090057425,-8.168623514904549e-07,-3.9191072977813444e-08,-15.30413974568906,27.069380260823145,130.97912879781168,130.98535338780337,88.5896739688453,68907.50660653692,78349659.37983407,1.1823492399365738,0.37994382202227056,1.3682498971526467,3.3229404058581533,0.3749378741922573,1.1884087493781195,3.2857562926795416,0.5692547242015596,5.380157528639808,-15.707692307692309,0.19092307692307692,0.1253846153846154,0.9367307692307693,0.8376923076923076,1.023076923076923,0.9775384615384615
9.269415384615385,0.9601538461538462,11.616923076923078,8.184615384615384,239.07307692307694,0.09756852071329505,-16.83076923076923,8.195384615384615,42.07769230769231,-42.07769230769231,1.5105020655797385e-07,21.038844375433044,36.44035149785383,21.038848019468094,36.440349393969214,-36.44035149785383,0.0,9377242.91753404,10588787.591046598,0.40785559323776804,0.41279114329073296,1.1154269550853122,1.4243633680862609,1.6239858937797558,3.936547520774993,8002258.082023438,13.297883420701828,19.749781070687362,0.3155503941433007,-0.020379147623662944,14.878105715985274,0.4516163103508045,1036004873.7398112,42.816672151061276,13579.94504967376,10685825.466752391,-5.596308305077072e-07,-3.6951305142275296e-08,-13.091016005293453,42.68593508490871,72.57225331407258,72.57398061302342,47.169800258448376,67398.17946461472,77375670.83769776,1.0964808928226621,0.3819786063715292,1.3955770795567373,3.3306681599586936,0.37735659274304606,1.2184910692143933,3.29239400318584,0.5511961258612565,5.402726721075286,-14.415384615384614,0.5029230769230769,0.14661538461538462,0.8259615384615384,1.262,1.1055384615384616,1.098153846153846
12.2848,0.829076923076923,12.318461538461538,7.864615384615385,248.7423076923077,0.0956060016980828,-23.107692307692307,14.613846153846154,46.57,-46.57,1.6717666139972385e-07,23.284998031719564,40.330804190628484,23.285002064799873,40.33080186212848,-40.330804190628484,0.0,12579119.601634556,21097173.580961067,0.40298597839320954,0.4086612890338908,1.0669032259592335,1.3635705455228717,1.569425897947349,3.9186689482154753,9340772.21455315,16.495300435250204,9.005367365416353,0.2772396701862445,-0.014783498193341758,19.289944470612056,0.46695829643066467,655459549.937233,32.281165727052695,23754.044625544368,21194176.032048702,-6.230245701715606e-07,-3.5567642982467675e-08,-17.88680890570572,32.29849884281412,112.31687292922395,112.31781852307019,74.4935863483186,70124.07632868979,79100488.17325166,1.2353596226153534,0.3783998161213057,1.3468514820395174,3.317139747853119,0.3730691968904297,1.165099963307503,3.2808286354092653,0.5714063548001073,5.363554439281059,-3.861538461538462,0.24076923076923076,0.1983076923076923,0.7709615384615385,0.1829230769230769,0.767076923076923,0.9738461538461538
11.821723076923078,0.9503076923076923,11.598461538461539,11.963076923076922,246.1576923076923,0.09610680884503257,-23.341538461538462,17.801538461538463,44.323846153846155,-44.323846153846155,1.5911343397884886e-07,22.161921203576306,38.385577844241155,22.161925042133984,38.38557562804885,-38.385577844241155,0.0,12940477.804454971,19935945.56410055,0.4041534072292405,0.40962261094195845,1.0795058608968335,1.3793641476008538,1.5836954737382216,3.9231536670788887,9474737.423673775,14.971173720216814,14.65824114303521,0.3084151637722817,-0.015520711895226533,18.05630380680984,0.3712776789814147,807814454.339078,42.6746041002731,22647.675089913882,20032959.593427498,-6.981358864055793e-07,-3.751761503882836e-08,-17.2985130220578,42.691587521739265,104.3089051288382,104.30998710964057,72.12032513340573,69395.43563948592,78654046.30340566,1.208721546215896,0.37932088381930135,1.3595868387427197,3.3205716057230164,0.3741864137972099,1.1789618041355387,3.2837418829407197,0.5737113128727603,5.3734275639425455,-15.184615384615384,0.18446153846153845,0.429076923076923,0.8894230769230769,1.2856923076923077,1.0747692307692307,0.8876923076923077
7.783261538461538,0.7829230769230769,13.143076923076922,13.021538461538462,248.02692307692305,0.09574258391811265,-23.747692307692308,16.1,43.308461538461536,-43.308461538461536,1.5546841336393275e-07,21.654228938799214,37.506228947929074,21.654232689422003,37.50622678250599,-37.506228947929074,0.0,11892848.275471155,14282395.039182525,0.40326956192799673,0.4088867679293315,1.070364686650723,1.3679040429683929,1.573347902427201,3.919884950354726,9128249.301432092,15.574912807139016,8.606288506464946,0.26963754150710034,-0.009731185067465767,12.7173020086407,0.5441057694337972,687162352.5716684,29.914116426093383,17142.45958216497,14379412.043669054,-7.561931196683261e-07,-5.370785649867777e-08,-16.78507557597687,29.930092805809803,91.2603229870591,91.26208625579416,67.21098632205357,69922.39899507083,78978656.58956571,1.228110353166778,0.3786476566761439,1.3503533198140438,3.318072827018927,0.37337202236962524,1.1689052487046785,3.281618825049495,0.572123364299833,5.366176277277445,-0.07692307692307665,0.6727692307692308,0.24353846153846154,0.8994230769230769,0.4456923076923076,0.708,0.8532307692307692
9.441723076923077,0.8235384615384616,12.14,6.498461538461538,244.47307692307692,0.09644189517886381,-18.43076923076923,19.97692307692308,48.93923076923077,-48.93923076923077,1.7568170950119474e-07,24.469613316199442,42.38261828202334,24.469617554461152,42.38261583506179,-42.38261828202334,0.0,11667809.492854174,13160669.985436374,0.40492435317810915,0.41026220496132765,1.0878791354676103,1.3898306313056672,1.5931348288636558,3.926176223160545,8943268.86984966,16.955827024809164,8.81991919421555,0.3304787311610752,-0.01561167535311639,16.130261756340456,0.48149897794319835,676123091.8882524,29.59122020871955,16015.97151162171,13257676.628296856,-6.885067887658626e-07,-5.109688209952698e-08,-12.398483945715839,29.60505042445007,92.65768922383506,92.65939644764099,64.4317552802758,68920.51804741558,78357843.36719579,1.1830476414036488,0.3799272095418303,1.368017961815317,3.3228766394552944,0.37491785169771047,1.188155148501648,3.285701941314789,0.5693713286021617,5.379977822295003,-14.476923076923075,0.14200000000000002,0.5906153846153847,0.8251923076923077,0.24753846153846154,0.7018461538461538,1.3713846153846154
11.229415384615386,0.746,13.093846153846155,9.144615384615385,240.59615384615384,0.09724387423594315,-17.04,9.638461538461538,44.63153846153846,-44.63153846153846,1.602179856803386e-07,22.315767344417846,38.65204720675997,22.31577120962246,38.65204497518304,-38.65204720675997,0.0,10881388.344701845,16502813.664999109,0.4068775940346356,0.41192107190660293,1.1075281369917362,1.414454732134793,1.615162221869151,3.9334588916314126,8700134.477436304,15.88162955577788,8.941061350566448,0.3382564326889296,-0.010678492452684155,16.14485437290317,0.5920175880813807,727256346.3334599,28.53789166544731,19318.28117285268,16599838.47049656,-6.002925401064644e-07,-3.317512762153631e-08,-13.357182187694802,28.548835467599307,93.60323244872188,93.60439365649935,61.433896622761395,67827.55701360982,77657904.27391271,1.1252786784630429,0.3813468651230417,1.38770130417532,3.3283744781273534,0.3766194151453949,1.2097925918249957,3.2904127278414297,0.5596276634439858,5.395481180660881,-11.492307692307692,0.16876923076923078,0.6699999999999999,0.8640384615384615,0.9496923076923076,0.815076923076923,1.162153846153846
6.738646153846154,0.9490769230769232,10.823076923076924,9.981538461538461,244.70384615384617,0.0963954659850352,-20.363076923076925,17.78,52.754615384615384,-52.754615384615384,1.8937815059966736e-07,26.37730546263457,45.686838377256606,26.37731003131828,45.686835739525826,-45.686838377256606,0.0,10633263.09722987,8839707.79493354,0.4047489783503647,0.4101037100810085,1.0867249972955564,1.388378651689416,1.5918281462989654,3.925745952673572,8460892.12332343,18.94617145899481,9.734689704665225,0.2954049826188645,-0.020667240684923767,13.461969975315503,0.4693240579105226,683520861.9200168,31.456468526381865,11745.079395199002,8936693.098239653,-8.61415686530369e-07,-6.811212603757082e-08,-13.3541318923638,31.472186905375967,90.14024218578331,90.14690670206892,67.30556868063853,68985.5752518088,78398717.75289448,1.186543392877031,0.37984417435098056,1.3668591055001271,3.3225583369076723,0.3748177518206913,1.1868885924955315,3.285430740281992,0.5699543731091301,5.379079890408998,-0.3230769230769255,0.2915384615384615,0.5398461538461539,0.8936538461538461,0.9841538461538462,1.0993846153846154,1.3381538461538462
10.701723076923077,1.0856923076923077,14.041538461538462,12.393846153846154,246.55,0.09603081803909687,-18.615384615384613,11.081538461538461,45.831538461538464,-45.831538461538464,1.6452573731614854e-07,22.915767293699865,39.69127772058334,22.915771262827526,39.69127542900641,-39.69127772058334,0.0,11550160.160948295,16904192.975407943,0.40395161538825747,0.4094511402981132,1.0775708265027577,1.3769401280228801,1.5815045596028157,3.9224496783477507,9022096.82138397,16.507387771534333,6.558939409642996,0.3802878875275334,-0.00895303758066749,14.090258506892093,0.742658673259499,675710463.239819,24.559616230599605,19694.521004978265,17001208.55565083,-7.268458090445108e-07,-4.220464694209433e-08,-14.146110203435537,24.57379155529406,99.81698694697234,99.81830941722039,70.24395046127346,69506.0328869544,78722233.35415,1.2132152366807145,0.3791714149287431,1.3576321486242016,3.3200344763255645,0.37400791143853773,1.1768349975657733,3.2832850318240068,0.573670909082872,5.371780774658719,-12.569230769230769,0.3496923076923077,0.30446153846153845,0.8248076923076924,1.0939999999999999,0.7116923076923076,0.8507692307692307
7.697107692307692,0.8592307692307692,11.30923076923077,10.56,244.45000000000002,0.09644654601402679,-22.676923076923078,20.816923076923075,44.44692307692308,-44.44692307692308,1.5955525465944474e-07,22.223459659912923,38.492165589248685,22.223463509129374,38.492163366902524,-38.492165589248685,0.0,11408033.683112891,10552513.260814544,0.40497374637334893,0.4103105888555676,1.0879957600490022,1.3899827706247652,1.5932721525484568,3.926233597714152,8806223.292974455,14.532683238834563,18.15879883289462,0.2522727531946716,-0.02063906526559445,13.584330158541977,0.3693489048071255,942095030.5932841,44.32114467602946,13498.001476789306,10649530.106099632,-7.29449239010474e-07,-5.853350915030352e-08,-14.669269943336369,44.31663079898371,81.5998456902199,81.60179105545103,58.70298339684964,68914.01232697626,78353751.76704308,1.182698396623319,0.3799355102302087,1.3681339133144326,3.322908512124279,0.3749278582791552,1.18828194595105,3.2857291100997603,0.5693130263525735,5.380067590413056,-9.984615384615385,0.6653846153846154,0.16415384615384615,0.8048076923076923,1.4816923076923076,1.0353846153846153,1.384923076923077
8.020184615384615,0.9170769230769231,12.447692307692307,9.280000000000001,237.08846153846156,0.0980050478221939,-16.60923076923077,10.952307692307691,45.216153846153844,-45.216153846153844,1.6231663391316904e-07,22.608075012016776,39.15833899554571,22.608078927850567,39.158336734738015,-39.15833899554571,0.0,9665572.5009511,9413455.026471384,0.4085453618135456,0.41333195192233735,1.1258787171761262,1.4373544578483233,1.6355396360513221,3.9404693486607587,8144644.641454859,16.013260618637304,10.476314599329841,0.34761678701207377,-0.012116549735411831,12.740165916282844,0.5533004657494002,773346497.391932,29.573142985263353,12393.490372386972,9510478.811496608,-7.311262411105849e-07,-4.993834472097058e-08,-12.083723710806694,29.579566298129123,76.50048484405974,76.50301184414703,54.99024708934847,66838.6875068332,77001460.6038772,1.0530039863287786,0.38273177796781777,1.405970795533498,3.333673960326462,0.3782476130920193,1.2299792597608632,3.2949848760542295,0.5354169465027004,5.411115324695488,-14.661538461538461,0.4567692307692307,0.2924615384615385,0.865576923076923,0.8635384615384615,1.316,1.076
12.101723076923077,0.7103076923076923,13.155384615384616,6.338461538461538,237.0192307692308,0.09802051778884156,-17.79076923076923,17.284615384615385,50.13923076923077,-50.13923076923077,1.799894611370047e-07,25.06961326548146,43.42184879584671,25.069617607666217,43.421846288885156,-43.42184879584671,0.0,12605466.307131164,20188116.583746858,0.40845855586794466,0.413238079626303,1.1262436768849358,1.4377900080148194,1.6359238437158576,3.9405687828336484,9369305.571268884,18.36721964601365,6.803601069663568,0.39138143742725284,-0.013901260391634241,18.54391830521204,0.6070129482487552,636418686.5259039,25.2789783945541,22847.688628110456,20285118.29646188,-6.519541010713351e-07,-3.886562473869212e-08,-12.958572808850112,25.28991490496421,113.52655129296319,113.53233448907741,75.36458568578334,66819.17034551526,76988281.0187514,1.0515045375242815,0.3827580279180976,1.4063350641670476,3.333780035109059,0.37827864239098047,1.2303832235637449,3.2950765767452386,0.5348717343573229,5.411408029569082,-16.015384615384615,0.574,0.3543076923076923,0.7805769230769231,0.8807692307692307,0.9467692307692307,1.3196923076923077
12.457107692307693,0.9103076923076923,12.527692307692307,8.787692307692307,240.85000000000002,0.09718970348474866,-18.627692307692307,11.361538461538462,58.47769230769231,-58.47769230769231,2.099228122473763e-07,29.23884368228726,50.64316852010651,29.238848746603974,50.643165596221884,-50.64316852010651,0.0,12918255.9250288,24644597.940090418,0.40648465442401893,0.4115431730202778,1.1062213875426168,1.4127760836892322,1.613667456542126,3.932900102680905,9465465.841421854,23.296434819540092,5.354333601231385,0.4447825581996737,-0.020430017076553522,20.694427872316833,0.7076351602382678,611281846.2208264,23.36283281874416,27109.210485368658,24741564.215025976,-7.386887118426925e-07,-3.4900577244928586e-08,-14.784871471858887,23.373679698115783,150.40051911619307,150.40705207604861,100.71077754534298,67899.11993844237,77704570.6854492,1.1290064494090257,0.38125552759013626,1.3864031843423017,3.3280086893073246,0.37650974766083073,1.2083563584148465,3.2900976880392476,0.5602692669370787,5.394487513603986,-19.06153846153846,0.23523076923076922,0.34323076923076923,0.9555769230769231,0.4478461538461538,1.2483076923076921,1.188
12.769415384615385,0.9361538461538462,12.841538461538462,11.643076923076922,246.59615384615387,0.09602173262240636,-21.926153846153845,15.41076923076923,43.98538461538462,-43.98538461538462,1.5789842710721017e-07,21.99269044865061,38.092461545470464,21.99269425789666,38.09245934620123,-38.092461545470464,0.0,13112832.723346958,22628594.56163869,0.40401401561399547,0.409518485269203,1.0773469089196925,1.3766698602640342,1.5812617221538803,3.9223870940917536,9613418.211395767,15.524105380761904,9.384056538844007,0.26892416689185483,-0.010780097990868239,17.912027889221623,0.5041547907226019,683794852.0602033,32.40241576686979,25286.02797811822,22725612.696569,-5.954022268689695e-07,-3.361388984242546e-08,-16.646189655501516,32.41835222512218,108.84429215693244,108.84510251037038,70.41372881526193,69519.044327833,78730257.25807622,1.2136786244464772,0.37915542729859975,1.3574042699420061,3.3199730552044855,0.37398841630585533,1.1765859853258878,3.283232766328018,0.573623408652682,5.371611134129093,-16.53846153846154,0.23153846153846153,0.17246153846153844,0.9748076923076923,1.3783076923076925,1.1793846153846155,0.7719999999999999
10.30326153846154,0.9072307692307693,11.21076923076923,6.658461538461538,241.6576923076923,0.09701861985385121,-17.224615384615383,17.478461538461538,59.58538461538461,-59.58538461538461,2.138991983727393e-07,29.792689789316814,51.602458225174225,29.79269494956249,51.602455245904984,-51.602458225174225,0.0,12048934.925428096,16532785.042713005,0.40613583897874894,0.41125632273787993,1.1020968868618943,1.407609414895497,1.6090685152260453,3.9313773430574295,9031262.940434003,23.11015087250046,6.499966583977327,0.42384067606611125,-0.026406488235774152,19.741824503006477,0.5713941240035109,608771678.2323948,25.81144751424502,19202.349309358233,16629753.598389935,-7.57385739208943e-07,-4.507767735908053e-08,-12.384786558244963,25.824595858376416,126.0631482292245,126.06919073805761,86.01364102742751,68126.82015381852,77852391.46224134,1.1409191214952614,0.3809648919226935,1.3822829894511184,3.326851794267348,0.3761605913416381,1.2038054280473647,3.289102796444393,0.5623073221872298,5.391328280038624,-1.8307692307692314,0.13,0.28692307692307695,0.8759615384615385,1.091846153846154,1.0427692307692307,1.3209230769230769
13.027876923076924,1.0081538461538462,11.456923076923077,8.923076923076923,248.35,0.09568066434813131,-22.73846153846154,15.10923076923077,43.246923076923075,-43.246923076923075,1.552475030236348e-07,21.623459710630904,37.452935075425316,21.62346345592431,37.45293291307915,-37.452935075425316,0.0,12790435.227373533,23097186.783043917,0.403242572293582,0.4088875259089089,1.0688016696181866,1.3659602384247065,1.5715901121295646,3.919355146596362,9427670.526866741,13.941805811106866,18.740246704300294,0.3790675719516209,-0.02152719111783176,21.339766999048045,0.5379109520313919,1028159380.7237197,48.329902291904176,25749.136107842718,23194206.25707458,-5.915170790090217e-07,-2.9494882496834225e-08,-17.677092281831047,48.34459308738741,108.02978998369895,108.03101478679444,70.43526430325473,70013.47908122132,79033827.9389545,1.2313809108319305,0.37853573077845215,1.3487704149822923,3.317650533272051,0.3732352932014105,1.16718406791368,3.2812610035560636,0.571798629611756,5.364991837682874,-6.723076923076922,0.5564615384615385,0.1383076923076923,0.9051923076923076,0.45861538461538465,1.2655384615384615,0.9356923076923076
8.720184615384616,0.7158461538461538,13.487692307692308,12.615384615384615,240.55,0.09725376006439285,-21.61846153846154,8.216923076923077,41.95461538461539,-41.95461538461539,1.5060838587737797e-07,20.977305919096427,36.33376375284631,20.977309552472704,36.33376165511553,-36.33376375284631,0.0,10521897.046575094,14276156.544292867,0.40679910946697495,0.4118377418257139,1.1077628993240556,1.414736018029026,1.615411205072531,3.933526106363221,8582604.473445235,15.384326096215775,8.768674317161047,0.30304126134988485,-0.008796439757531572,12.816408031654584,0.6230468129354985,718005267.021702,28.412623295634955,17147.12329843125,14373181.831607854,-7.162698850157721e-07,-4.289845618410713e-08,-16.92339888547058,28.423076082010535,86.65055829378036,86.65223883037343,61.85142857675072,67814.5455727312,77649396.09060456,1.1246017475497163,0.3813634748567743,1.3879374883517532,3.328441100430651,0.3766393559047555,1.2100540789621115,3.290470141259908,0.5595110017741893,5.395661936493962,-15.861538461538462,0.3146153846153846,0.24076923076923076,0.7582692307692308,1.442923076923077,1.3984615384615384,1.2593846153846153
13.350953846153846,0.7521538461538462,12.816923076923077,7.372307692307692,243.48076923076923,0.0966418582768959,-23.206153846153846,16.035384615384615,57.18538461538461,-57.18538461538461,2.0528369510111943e-07,28.59268989075278,49.52399719752749,28.592694843152366,49.523994338258255,-49.52399719752749,0.0,14885113.718296954,31703384.387134608,0.40522160952905667,0.41048027043000623,1.0928590704312742,1.3960317683351857,1.5987095802224496,3.9279464630956924,10315945.821439486,22.459377775214893,5.266266609216292,0.4026657440419206,-0.02060562637150318,23.19560994594565,0.5834818055758872,583940230.6336766,25.769197525868947,33989.89724052735,31800346.9173434,-7.854831926225024e-07,-3.652171787297641e-08,-18.18873898054229,25.78031641286268,166.9202226755743,166.92737891074128,118.17116490964446,68640.77206852484,78181374.18732993,1.1680906684098897,0.3802965428296556,1.3730278094670796,3.3242669172875425,0.3753596803666956,1.1936333933385814,3.286888336870963,0.5668812982759827,5.384026966375358,-4.015384615384615,0.4438461538461538,0.14015384615384616,0.7955769230769231,0.48661538461538467,0.8495384615384615,1.1806153846153846
11.315569230769231,0.8653846153846154,10.755384615384616,6.313846153846153,241.77307692307696,0.09699438460755963,-21.433846153846154,18.92153846153846,50.53923076923077,-50.53923076923077,1.8142537834894133e-07,25.269613248575464,43.768258967121156,25.26961762540124,43.76825644015961,-43.768258967121156,0.0,12503644.687164463,19092039.213584103,0.40615840242769413,0.41128883662032595,1.1015111924383845,1.4068856339329423,1.6084238576102032,3.9311779481539557,9234011.542846076,17.34005206043227,13.134367614044685,0.39360722765678324,-0.02381189602323628,21.825585555393236,0.47964534394441577,806771754.4473112,39.76875248605117,21760.394016898375,19189031.178136338,-6.726762050416795e-07,-3.769603965326992e-08,-15.897700851731976,39.78563317898878,115.26591036697738,115.27183955091304,78.38148114204404,68159.34875601516,77873388.46905763,1.1426272414585565,0.38092336538666033,1.3816956413487445,3.3266873784444955,0.37611068215145044,1.2031576803784765,3.2889615989169236,0.5625989842239649,5.390877173724418,-18.96923076923077,0.6395384615384615,0.5970769230769231,0.8348076923076924,1.122,0.975076923076923,1.3123076923076922
10.152492307692308,1.0278461538461539,11.315384615384616,12.123076923076923,237.78076923076924,0.09785110763519791,-20.338461538461537,19.653846153846153,51.64692307692307,-51.64692307692307,1.8540176447430433e-07,25.823459355605014,44.72754867218888,25.82346382835976,44.72754608984272,-44.72754867218888,0.0,12398906.244434943,15432605.308287637,0.4080643470417787,0.4128990191700171,1.1222119712321756,1.432759671557237,1.6314588297540893,3.939021799152835,9187923.96239288,18.956377934330995,9.295306926014215,0.31008510517666266,-0.016506468389666105,16.313383526199747,0.4509560156481782,650241880.0083139,31.64635126337946,18180.255149209945,15529595.8713912,-7.639148164866491e-07,-4.822839594432942e-08,-14.039882716231974,31.65973162686256,108.75990822508263,108.76572049159338,75.15896227444671,67033.85912001278,77132909.51891273,1.068063116843067,0.38246915882022026,1.402334251310219,3.3326177099168968,0.37793709119704305,1.2259514325452912,3.294072762732239,0.5409590474563106,5.408188181715591,-11.276923076923078,0.4853846153846153,0.6303076923076922,0.8940384615384616,0.9604615384615384,0.9307692307692307,0.7350769230769231
10.626338461538461,0.9238461538461539,10.675384615384615,13.993846153846153,249.43461538461537,0.09547605876979716,-21.24923076923077,12.632307692307691,45.800769230769234,-45.800769230769234,1.6441528214599955e-07,22.90038267961571,39.66463078433146,22.90038664607868,39.66462849429299,-39.66463078433146,0.0,11122582.947042769,15053870.906674065,0.4027389805978498,0.40847119819277156,1.0635626908028566,1.3594028348069558,1.5656385748509272,3.917514750205229,8685557.892337114,14.8727884255518,17.72030801743866,0.3069357396366674,-0.019414230651642068,15.881043032427812,0.3537223625321525,911218815.7844313,45.718158136547984,17878.03491878792,15150880.599387232,-6.892189830030972e-07,-3.801431642607938e-08,-16.11121629813479,45.72324465832483,96.04116198617974,96.04262863140163,62.68725439948119,70319.24794186935,79217827.27888928,1.2424236932717039,0.37814780353836275,1.3434620199220175,3.316231951676664,0.3727644008777397,1.161432241211972,3.280061238126462,0.5707248395721642,5.360836953020455,-7.861538461538462,0.14107692307692307,0.6838461538461538,0.9090384615384616,1.0983076923076922,0.9246153846153846,0.8212307692307692
6.932492307692307,0.8087692307692308,11.241538461538461,6.116923076923077,237.55,0.09790219362184294,-23.846153846153847,14.656923076923075,54.385384615384616,-54.385384615384616,1.9523227461756293e-07,27.192690009094747,47.09912599860631,27.192694719007214,47.09912327933707,-47.09912599860631,0.0,10702394.973390114,10509807.6391767,0.40812025053015133,0.4129373340505109,1.1234301109972173,1.4342711229166962,1.632800954997758,3.9394754794918385,8492172.99647225,21.301050654072643,7.758062381309904,0.2896807637680333,-0.024747216408477858,15.06344123612186,0.5359047085425316,626993526.0762924,27.64920913472415,13323.116738801735,10606777.474091833,-8.452139094426628e-07,-6.421856871630458e-08,-17.462437076712124,27.661770815580187,102.35218568984594,102.35901106392095,78.35266973006006,66968.80191561961,77089225.56676221,1.0630307688185832,0.382556690485491,1.4035450960777582,3.332968839979833,0.37804061379808146,1.2272916018791444,3.294375781253849,0.5391367910830205,5.409163482923861,-12.96923076923077,0.2186153846153846,0.19738461538461538,0.9140384615384616,0.9884615384615383,0.8803076923076922,1.1375384615384614
11.541723076923077,0.7687692307692308,13.54923076923077,8.356923076923078,249.73461538461538,0.09541970049296197,-20.92923076923077,20.04153846153846,54.69307692307692,-54.69307692307692,1.9633682631905264e-07,27.346536149936288,47.365595361125116,27.346540886495692,47.36559262647127,-47.365595361125116,0.0,14080231.892918747,22685628.143403064,0.4023802483613216,0.40813266719576274,1.0621172411179411,1.3575595551244422,1.5639629032001703,3.9169470147503387,10008254.247681357,20.56584012637892,4.973712616291216,0.43032606697623443,-0.015809391012511685,18.224141491020763,0.7298585954290272,588369535.7842866,22.78441235372417,25241.267096060827,22782606.088228174,-7.419067746314109e-07,-4.633151132597399e-08,-15.044924530017548,22.79822790061512,136.26947947645033,136.27591415818918,95.64089557900098,70403.82230758053,79268412.20530199,1.245482745049176,0.37804386896320774,1.342001839631561,3.3158458071928867,0.37263724066557297,1.1598514721785214,3.279735262647596,0.5704295402088061,5.3597397109473075,-19.246153846153845,0.5610769230769231,0.29338461538461535,0.9532692307692308,0.618,0.7806153846153846,1.2187692307692308
11.358646153846156,0.8906153846153846,11.801538461538462,11.384615384615385,239.83461538461538,0.09740431733853118,-19.883076923076924,12.847692307692308,56.323846153846155,-56.323846153846155,2.021909503369482e-07,28.161920696396464,48.77788298247482,28.161925574184625,48.77788016628251,-48.77788298247482,0.0,12286651.978663653,19546574.180765294,0.4070264471098034,0.41201097652133434,1.11144205595717,1.4193330113004894,1.6194863467690759,3.934922490314116,9160649.19463481,21.964825423898823,6.206407172255635,0.3567334148308142,-0.01915041455131308,18.21885803956361,0.5473845397385712,582968293.9002328,26.007414774055,22146.73278984313,19643545.45456001,-8.042081773979374e-07,-4.0665966375959535e-08,-15.343843859365741,26.019854025530794,131.7042770438451,131.7105243322388,91.3159333751016,67612.86823911227,77517570.77870913,1.113405154129265,0.3816893741535273,1.3916142077343174,3.3295326751824215,0.3770140316235931,1.214130086351585,3.2914190370336187,0.5571815175273486,5.39951104423662,-7.492307692307691,0.3764615384615385,0.6819999999999999,0.7840384615384616,1.053076923076923,0.8704615384615384,1.2815384615384615
11.789415384615385,0.7853846153846153,10.54,8.836923076923078,237.71153846153848,0.09786641439375011,-23.23076923076923,7.786153846153846,45.73923076923077,-45.73923076923077,1.6419437180570162e-07,22.869613451447403,39.61133691182769,22.869617412580983,39.61133462486615,-39.61133691182769,0.0,11321371.023855368,19813369.60408052,0.4082460376833896,0.41307759911333436,1.1225805310869992,1.4332390165383149,1.631886185139352,3.939194088679895,8766886.0833258,15.249473513611264,21.058246296641563,0.3704191567783432,-0.02865966019736343,21.300658819904484,0.48645207292775094,1073151010.5907319,49.325456356284235,22484.59784833881,19910371.87514526,-6.061387027126338e-07,-2.8759158240675267e-08,-19.173769517804985,49.32937048921312,107.65281138495163,107.65402972498362,69.51763868751736,67014.34195869483,77119814.18155633,1.066551993892746,0.38249541938474807,1.4026973844912098,3.3327229553227826,0.3779681511311737,1.2263532308297178,3.294163563502984,0.5404120310948994,5.4084807506007415,-0.38461538461538325,0.5093846153846153,0.5703076923076923,0.8886538461538461,0.30353846153846153,0.8433846153846154,0.9947692307692308
11.56326153846154,0.914,11.807692307692307,8.246153846153845,247.2192307692308,0.09589970421658896,-19.021538461538462,10.004615384615384,52.47769230769231,-52.47769230769231,1.883840540683266e-07,26.23884393587718,45.44701595098967,26.23884848057865,45.447013327105054,-45.44701595098967,0.0,11587247.567330305,19281974.835075565,0.40363746472734585,0.4091901714716726,1.0742997787662505,1.3728333445701504,1.5778056106900318,3.921280150098128,8904118.56849778,19.275078084588984,7.335125431440048,0.3517394046687734,-0.018441125166629876,19.484081260001545,0.543319646168239,627424877.8109779,28.121790274335236,21937.361422550326,19378960.560552247,-6.647444097723157e-07,-3.408482815924797e-08,-15.182978391823559,28.137782499504958,120.164696972513,120.17070136977723,79.07702841177482,69694.69877969466,78838212.47336213,1.219934951498967,0.3789396611398105,1.3543332067179408,3.319147089790527,0.3737251788989709,1.1732329619934112,3.282530444898949,0.5729451210875728,5.369323621701411,-5.676923076923078,0.48169230769230775,0.4733846153846153,0.8571153846153846,1.458,1.2372307692307691,0.8126153846153845
7.083261538461539,0.918923076923077,11.856923076923078,6.24,244.56538461538463,0.09642330672583624,-23.48923076923077,11.87846153846154,49.40076923076923,-49.40076923076923,1.7733853705342934e-07,24.700382527461755,42.78232232580155,24.70038680569387,42.782319855763085,-42.78232232580155,0.0,10366063.059433319,10773151.586850952,0.4048243505281789,0.41016843607307474,1.0874165379465874,1.3892440621097115,1.5926067909566741,3.925994454887672,8403000.492792835,18.307859495040237,8.370892499796192,0.2739531677171063,-0.018643438478427806,14.32887969958326,0.5070118019806408,657814667.488869,28.90897317780015,13638.269956054452,10870139.613619411,-7.837424464255981e-07,-5.7357155003118175e-08,-17.71123386168415,28.923823004010853,93.0790505047443,93.08168971761322,70.45215551524961,68946.54092917284,78374201.81838849,1.1844451696003406,0.3798939966655824,1.367554269039944,3.3227492207150693,0.37487781560314903,1.1876482458359163,3.2855933563276087,0.5696045383019304,5.379618628953731,-9.123076923076923,0.6164615384615384,0.2943076923076923,0.8278846153846153,1.3503076923076924,1.2704615384615385,1.0156923076923077
12.866338461538462,0.7644615384615384,13.056923076923077,6.683076923076923,248.46538461538464,0.09565876255128965,-16.067692307692308,12.330769230769231,50.87769230769231,-50.87769230769231,1.8264038522058003e-07,25.43884400350116,44.061375265891854,25.438848409638563,44.06137272200723,-44.061375265891854,0.0,12036027.736042537,21679507.41600503,0.4030914665953315,0.4087440662069351,1.068240786885685,1.365243805161883,1.5709412312527806,3.9191339119528807,9154372.22239374,18.210615564440104,6.520253295753207,0.4335018157958571,-0.014251147693798535,19.48320862910108,0.6497192502864795,673253071.9271469,25.07876037927439,24316.340262283018,21776507.77412579,-6.356788826636793e-07,-3.219530880615216e-08,-12.404782830067585,25.09357994071872,118.02810944927361,118.03398041959615,75.80718269082028,70046.00768341792,79053374.69404739,1.2325502434963853,0.37849575494406146,1.3482056574894823,3.3175000728717245,0.37318644759628333,1.1665704192036004,3.2811335927136063,0.5716828797353506,5.364568954046847,-4.323076923076922,0.4152307692307692,0.3635384615384615,0.7825,1.0272307692307692,1.2027692307692308,0.9516923076923076
13.275569230769232,0.9343076923076924,11.752307692307692,11.138461538461538,242.95,0.09675078789593802,-22.664615384615384,9.1,56.41615384615385,-56.41615384615385,2.0252231584739513e-07,28.208074538648926,48.857823791230466,28.20807942443117,48.857820970422765,-48.857823791230466,0.0,13774734.629878663,30699803.91198615,0.4054898868566966,0.4107080462000131,1.0955348970494883,1.3993853264422043,1.6017140214330088,3.9289329920977316,9832273.769260721,22.14241590672121,6.270721681220833,0.40373322584359767,-0.020617431629387083,23.048178688214517,0.5499998411862485,578486932.1980153,28.797850969061344,33011.427423540044,30796766.97634816,-7.70076017000606e-07,-3.058006372041406e-08,-18.71912612168906,28.81072070008162,163.4363564231775,163.44342241674897,112.25040676649007,68491.14049842047,78086198.84886847,1.160137808807087,0.38048754322179473,1.3757105804736385,3.325010460465334,0.3755896025149359,1.196578146876283,3.2875242286888917,0.5655398384885578,5.386096914327009,-9.83076923076923,0.4263076923076923,0.5518461538461539,0.9155769230769231,1.0896923076923077,0.9455384615384615,1.1978461538461538
11.43403076923077,0.8426153846153847,12.152307692307692,7.470769230769231,242.7192307692308,0.09679847162751239,-20.215384615384615,12.373846153846154,52.785384615384615,-52.785384615384615,1.8948860576981635e-07,26.392690076718726,45.713485313508485,26.392694648067128,45.713482674239245,-45.713485313508485,0.0,12058770.498402858,19676796.46934962,0.4056827923134575,0.4108846566178385,1.096702862977902,1.4008610610694563,1.6030353549853362,3.9293866652166463,9101012.992080247,19.776245755176646,6.7558412633375795,0.34003292529538837,-0.018349199272424645,19.279739773227856,0.5360224961096223,601611724.515692,26.787327417745917,22308.67678460764,19773779.371389423,-6.91023169186643e-07,-3.729791711981717e-08,-15.821911376857425,26.800937047191546,122.37709946235057,122.38317808139459,82.39123758285969,68426.08329402727,78044627.92259625,1.1566907207197614,0.3805705831939312,1.3768791601984187,3.3253351444020853,0.37568952471987366,1.1978623387251088,3.287802188240446,0.5649565902973523,5.386997351210204,-13.4,0.262,0.4503076923076923,0.8428846153846153,1.4838461538461538,1.492,0.948
9.732492307692308,0.7724615384615384,14.213846153846154,8.615384615384615,236.55769230769232,0.09812060784902703,-17.409230769230767,13.493846153846153,42.53923076923077,-42.53923076923077,1.5270703411020845e-07,21.269613586695357,36.84005554163205,21.26961727070081,36.84005341467051,-36.84005554163205,0.0,11206343.250764132,14316431.569870066,0.40881829308232814,0.4135664129047708,1.1286998747725296,1.4408739530426986,1.638657537205187,3.9415515249571214,8888751.613937551,15.055717811436397,8.306137034108069,0.36701220723935185,-0.00836221559344527,13.798688541306106,0.686460798843562,727517248.3816478,26.195905374976608,17210.061654989186,14413468.389199426,-6.280425809545776e-07,-4.296629248768204e-08,-12.64635861572418,26.20398224821522,83.59736519920234,83.59889696558353,57.71766527843032,66689.05593672884,76900836.90549073,1.041533328281623,0.38293296469714266,1.408766617767123,3.3344893521862926,0.3784853921859875,1.2330820408043859,3.295690234452768,0.5311918786873281,5.413359760624169,-5.430769230769229,0.2453846153846154,0.6672307692307692,0.7559615384615385,0.4823076923076923,0.9886153846153846,0.8778461538461538
7.341723076923077,0.9373846153846155,10.509230769230768,8.713846153846154,248.39615384615382,0.0956718376798072,-21.015384615384615,17.090769230769233,56.47769230769231,-56.47769230769231,2.0274322618769305e-07,28.238843766817237,48.91111766373423,28.238848657928866,48.9111148398496,-48.91111766373423,0.0,10802012.977359297,9826963.986039244,0.4030193134129533,0.40866477213714214,1.068573621180458,1.3656479944270483,1.571306954706107,3.919234758019303,8506036.674960762,21.040105349448798,8.288072130126421,0.29874194482459093,-0.026185664746671097,15.121408005113926,0.3991222409417062,613191977.5833702,30.074220965181468,12674.103654624518,9923934.171396542,-8.686059191739315e-07,-6.537725546997022e-08,-14.473412309384605,30.09258177755653,101.52247062172493,101.52916341752726,75.3932801940314,70026.49052209996,79041699.95832981,1.2318485241987998,0.3785197403378516,1.3485444717833184,3.3175903253573895,0.37321575561243275,1.1669385396069676,3.2812100146693184,0.5717521922629545,5.364822672283784,-1.953846153846154,0.45399999999999996,0.2306153846153846,0.8451923076923077,0.997076923076923,1.1892307692307693,0.8753846153846153
7.9986461538461535,0.8518461538461539,12.256923076923076,8.295384615384616,241.10384615384618,0.09713580229382403,-16.498461538461537,15.863076923076923,44.10846153846154,-44.10846153846154,1.5834024778780604e-07,22.054228904987227,38.199049290477994,22.05423272489205,38.19904708505491,-38.199049290477994,0.0,10109704.359518832,8808117.319206761,0.40660702663428255,0.41168897487552275,1.1049277744627837,1.4111912897004,1.612261053555027,3.9324937302852145,8316226.522737564,14.669006540712646,12.494561101790469,0.32572480384268804,-0.013029039971911887,12.823735232503395,0.5007088101768563,813058904.3078997,33.363069495230484,11831.802414093625,8905149.723503482,-7.257517956357207e-07,-5.608789889089375e-08,-10.840863439547894,33.36365475829748,71.10238452895257,71.10516402122576,51.14645510923679,67970.68286327487,77751075.4798026,1.1327422129596463,0.38116418464183294,1.3851065627977128,3.3276439421985597,0.3764000442352822,1.2069229275278353,3.2897837706766095,0.5609073698283308,5.393494225866708,-18.29230769230769,0.22323076923076923,0.25276923076923075,0.8201923076923077,0.6029230769230769,1.2569230769230768,0.7227692307692307
11.3048,0.7878461538461539,13.087692307692308,12.947692307692307,236.9269230769231,0.09804116933615889,-16.092307692307692,9.013846153846153,49.58538461538461,-49.58538461538461,1.7800126807432317e-07,24.79269021196668,42.94220394331284,24.792694506186955,42.9422014640436,-42.94220394331284,0.0,11002137.438654447,16878461.623582028,0.4085160081401971,0.4132890609534711,1.1267337735345349,1.4384039119078909,1.636468199507203,3.9407626241116795,8732977.960381445,18.383687638458923,6.818483682137214,0.4120875468082482,-0.01115284269517859,15.214856881774026,0.63794397529342,645982697.3452377,24.50465536333911,19624.657619129837,16975465.653088436,-7.350543830066177e-07,-3.67625992050598e-08,-12.580172506835964,24.515261276516473,105.1517073023436,105.15287985015864,70.96016702195537,66793.14746375794,76970695.57882974,1.0495071196396615,0.3827930078063484,1.4068209277608297,3.333921582823322,0.37831999354265194,1.230922213577811,3.2951989780019026,0.5341450100665784,5.411798039152676,-8.846153846153847,0.5306153846153846,0.574,0.8982692307692308,0.9819999999999999,1.0415384615384615,0.9135384615384615
9.323261538461539,0.9441538461538462,12.644615384615385,10.510769230769231,236.30384615384617,0.09817514151187696,-20.658461538461538,15.346153846153847,59.00076923076924,-59.00076923076924,2.1180055013990884e-07,29.500382121717887,51.09616643638849,29.50038723133439,51.09616348635002,-51.09616643638849,0.0,12450213.610671852,16646336.46906025,0.40866379913878154,0.4133895308266679,1.1300465807220266,1.4425148379348351,1.6401056871575532,3.942000241874189,9260843.291008689,24.175235930453994,5.37001781091698,0.5403800111991395,-0.01969193302130642,15.875596805043376,0.8382572090702435,617366923.0788641,21.763078114508684,19287.637045839205,16743298.469469003,-8.909710407951909e-07,-5.488288188494752e-08,-15.182012516519668,21.773019822975535,132.00181470820323,132.008286991118,97.75987714222978,66617.49301189634,76852249.75953546,1.0360736375284545,0.3830291199707275,1.4101060019484803,3.334881008777219,0.37859901180655703,1.2345705359082515,3.296029457952888,0.5291988841774994,5.414432547437144,-15.984615384615385,0.5795384615384614,0.11707692307692308,0.9736538461538462,0.21523076923076923,1.4156923076923076,1.4907692307692308
8.267876923076923,0.798923076923077,12.146153846153846,8.566153846153846,237.89615384615382,0.0978256343375199,-23.624615384615385,8.238461538461538,45.00076923076923,-45.00076923076923,1.6154344772212625e-07,22.500382713427697,38.971810441782544,22.500386610608633,38.971808191744074,-38.971810441782544,0.0,10150505.643375393,12291828.015839208,0.40808508761278117,0.4129293449447189,1.1216044896624127,1.4320134584989295,1.6307964988189265,3.9388097960547945,8321894.542783553,16.773901575454047,10.21854521941001,0.23755003827702673,-0.014725359330375994,14.257864895779113,0.531595174914426,701228716.5290427,31.623704478554437,15153.62122240901,12388832.905903101,-7.408888914824633e-07,-4.6570510697156446e-08,-18.65407893529955,31.633884917238756,88.85878831311388,88.86080852188543,65.07507246061424,67066.3877222094,77154714.88763012,1.0705842164563721,0.3824253873865574,1.4017293299473326,3.3324424943020365,0.37788531549803944,1.2252822489995183,3.2939216246649563,0.5418711894907904,5.407700559769384,-3.369230769230768,0.23800000000000002,0.13738461538461538,0.8167307692307693,1.2512307692307691,1.4846153846153847,1.3627692307692307
10.841723076923078,0.9053846153846155,14.256923076923076,8.812307692307693,249.78076923076924,0.09541104004487458,-23.12,15.99230769230769,59.06230769230769,-59.06230769230769,2.1202146048020677e-07,29.53115134988619,51.149460308892245,29.53115646483208,51.14945735577685,-51.149460308892245,0.0,14284836.300645294,24407438.712002434,0.40230623052949893,0.40806140881190317,1.061894668139525,1.3572729652807787,1.5637020817798173,3.91685441635416,10128642.676257078,23.57866909858338,5.115475420441342,0.6121288453400202,-0.01774595285633718,17.595077680517292,0.9444359741137841,635043954.7209115,19.932794368095223,26866.03794852434,24504395.52538856,-8.472527949535317e-07,-5.064645249898138e-08,-17.5217999211394,19.943789815139475,156.41550466005313,156.42247445368398,114.77155788221816,70416.83374845915,79276191.74859269,1.2459537766640314,0.37802788314211516,1.3417773273727205,3.315786505159108,0.3726176790986301,1.1596086143610889,3.2796852358211463,0.570384240984106,5.359571039567471,-10.076923076923077,0.1576923076923077,0.346,0.7855769230769231,1.4967692307692306,0.8630769230769231,1.1892307692307693
7.330953846153846,0.9570769230769232,10.576923076923077,8.344615384615384,243.0423076923077,0.09673176677504734,-18.49230769230769,12.998461538461537,47.370000000000005,-47.370000000000005,1.7004849582359717e-07,23.68499799790758,41.0236245331774,23.68500210026992,41.02362216467739,-41.0236245331774,0.0,9446704.591519967,7691324.044980235,0.4056666542201375,0.41089591121113717,1.0950735592299068,1.3988434888578805,1.6012316589589892,3.928838307916414,7963961.159399315,14.862157618358504,18.136365646151102,0.2994705804720055,-0.025221596722281733,13.748585491730672,0.39787366115498196,960945580.3587104,42.422529229526845,10686.12535807494,7788333.839108061,-7.390059821711353e-07,-5.7755085172881477e-08,-12.961393820664146,42.39140439305471,73.73125967604555,73.73410070619732,52.338205999705814,68517.16338017775,78102796.97224861,1.1615184854735947,0.3804543279039659,1.3752435319641576,3.32488083054264,0.37554962762657185,1.1960651429793638,3.2874133012622053,0.5657731386418606,5.38573683215139,-0.6615384615384592,0.2546153846153846,0.21307692307692308,0.8282692307692308,0.7859999999999999,0.724,1.176923076923077
6.986338461538462,0.8629230769230769,10.687692307692307,6.990769230769231,235.98076923076925,0.09824528955843281,-23.144615384615385,18.060000000000002,54.354615384615386,-54.354615384615386,1.9512181944741394e-07,27.177305395010592,47.072479062354425,27.177310102258367,47.07247634462365,-47.072479062354425,0.0,10794337.382440481,9507975.619610548,0.40887286337248746,0.4135761523302723,1.1317724638772597,1.4446778695839693,1.6420185799153044,3.9426887712914045,8489198.196652055,20.743938816810104,9.504078530754345,0.2705569805044009,-0.026084684443231813,14.961245541588315,0.4327362151934937,677500323.8795242,30.95764311142876,12351.934832097784,9604948.757747315,-8.701989171394313e-07,-6.951926667001671e-08,-15.91132060287396,30.969899674443276,96.80692727468866,96.81367892012929,73.6704633507053,66526.41292574584,76790259.70770757,1.0291474163400511,0.3831514708629881,1.4118129318699646,3.335381127236936,0.37874355064106696,1.2364692407943283,3.2964629835328645,0.5266651632286319,5.415798032280482,-9.307692307692308,0.5943076923076923,0.5823076923076923,0.8563461538461539,0.7450769230769231,0.9676923076923076,1.373846153846154
7.158646153846154,0.9047692307692308,10.909230769230769,10.178461538461539,237.4346153846154,0.0979279405147101,-19.427692307692308,14.39846153846154,42.63153846153846,-42.63153846153846,1.5303839962065536e-07,21.315767428947822,36.91999635038769,21.315771120947353,36.919994218810764,-36.91999635038769,0.0,9676350.36325963,7865222.000261924,0.4084698868929692,0.4132831880454867,1.124047048732515,1.4350840258534716,1.6335268450902665,3.939796190135765,8079587.080696661,11.190604430167237,31.457003343470028,0.3219975740776891,-0.041203041103592505,12.633634518352974,0.3928757876553519,1279867194.0048196,55.42829280485834,10903.049583582922,7962253.263096953,-7.088977982150286e-07,-5.5186589513548434e-08,-13.209079731964868,55.604457099740024,68.81873630923829,68.82115140480155,48.57657677936107,66936.273313423,77067234.2273544,1.0605184544956194,0.38260054603567634,1.4041512092868114,3.333144872972298,0.3780924490319383,1.2279626037405194,3.29452773621138,0.5381451766499573,5.409652509018745,-2.723076923076924,0.5167692307692308,0.3173846153846154,0.8601923076923077,0.19584615384615384,1.325846153846154,0.9307692307692307
8.537107692307693,0.7903076923076923,13.296923076923077,12.36923076923077,238.72692307692307,0.09764362076011675,-23.784615384615385,12.718461538461538,57.67769230769231,-57.67769230769231,2.07050977823503e-07,28.83884371609925,49.9503481775576,28.83884871113393,49.950345293672974,-49.9503481775576,0.0,12526632.333246784,17862040.122374326,0.40749178677316167,0.41239383938845864,1.1172299023961059,1.4265327184160197,1.6259150318159108,3.9370916436869487,9354174.685788047,23.753470166040177,7.654850822995282,0.6412602491376673,-0.017202162618870667,14.627753320353767,1.0387387284059426,729340980.3949556,20.872495761702847,20467.52459486042,17958998.33603233,-9.407063081408608e-07,-5.712821049905607e-08,-18.106813638665006,20.882353144368324,135.77041622727748,135.77718115456722,103.05837924847644,67300.5936580249,77310967.85212226,1.0888299787067712,0.3821100721030802,1.3973831163497685,3.331187589691884,0.3775122169991207,1.2204819882644442,3.29284068136191,0.5484495805549734,5.404189658101917,-13.369230769230768,0.5583076923076923,0.6183076923076922,0.8390384615384615,0.5943076923076923,1.0156923076923077,1.4243076923076923
12.209415384615385,0.8684615384615385,10.976923076923077,7.901538461538461,236.69615384615383,0.09809184573914358,-23.796923076923076,15.712307692307691,48.60076923076923,-48.60076923076923,1.7446670262955605e-07,24.300382561273747,42.089501983252646,24.300386770223827,42.089499553214175,-42.089501983252646,0.0,12874366.130790109,22412552.953101095,0.4086151954960953,0.41337125072403347,1.1279603514466974,1.4399311152248806,1.637820946291339,3.941228613313454,9401721.810640793,17.316361827486908,13.607309840714143,0.3622598544401059,-0.021469880942454913,22.27388965805439,0.4310880432456795,801490333.5921226,40.55747714682363,24993.36869340702,22509545.45990923,-6.583218530912645e-07,-3.332059007934384e-08,-18.517415277247064,40.571904499736206,121.00452635973446,121.00537379990207,81.52888480205749,66728.09025936476,76926709.0324221,1.0445181087974158,0.38288051889891656,1.4080366587377076,3.3342761972593546,0.37842340992608225,1.2322713892834731,3.2955057339998532,0.5322791115580875,5.412774779591469,-12.2,0.3884615384615384,0.5278461538461539,0.8728846153846154,0.6459999999999999,1.2729230769230768,0.8113846153846154
10.712492307692308,0.754,11.284615384615385,9.636923076923077,238.0346153846154,0.09779512793854772,-23.05846153846154,13.623076923076923,52.13923076923077,-52.13923076923077,1.8716904719668792e-07,26.069613180951485,45.15389965221898,26.069617696341325,45.15389704525744,-45.15389965221898,0.0,12190177.863711156,18529772.975338377,0.40794912294753594,0.4128023479848334,1.1208729433305555,1.431090734248675,1.629974995521914,3.938509257734671,9116907.762872892,19.805943617012193,8.620307313521428,0.2827757545217144,-0.01985291635931385,18.920523600483673,0.4267893959241092,630688517.8159099,31.01879842921988,21172.78424147333,18626752.231380783,-7.00670752306003e-07,-3.925389421424149e-08,-17.89441519546852,31.031807547979668,120.17574351375842,120.18180077866882,80.96426897528877,67105.42204484531,77180848.73949866,1.073613718952957,0.38237285185812225,1.401003795262362,3.3322325221983715,0.3778231692761213,1.2244800390880737,3.2937405853860318,0.5429662569489153,5.407115384911567,-12.16923076923077,0.5278461538461539,0.43553846153846154,0.8113461538461538,0.6481538461538461,0.783076923076923,0.9369230769230769
8.052492307692308,1.0284615384615385,12.06,6.055384615384615,245.48846153846156,0.0962390051877564,-16.44923076923077,7.010769230769231,45.18538461538461,-45.18538461538461,1.6220617874302008e-07,22.59269039793262,39.131692059293826,22.59269431110172,39.13168980002459,-39.131692059293826,0.0,8977869.182401214,9096561.638870373,0.4046165150278567,0.4100362451892545,1.0828237652076613,1.3835347260068478,1.5874639858708246,3.924393627143748,7859058.343321047,15.468031861823714,11.248797368425445,0.3205596560050974,-0.014796914057141732,13.846558091980652,0.49964872410212735,776479546.3204525,31.685292570440243,12092.992155821414,9193583.830382753,-6.391697689231325e-07,-4.446144465402664e-08,-12.856910225681276,31.690911733362963,74.90562828102631,74.90829754160991,52.373280123982255,69206.76974674565,78536872.29197027,1.198483505308465,0.3795617230159815,1.3629280135068977,3.321482056705292,0.37447711249804483,1.1825993535578743,3.2845150361043394,0.5720187633577293,5.376026993787213,-16.661538461538463,0.16507692307692307,0.45307692307692304,0.8478846153846153,0.971230769230769,0.7424615384615384,1.3972307692307693
9.840184615384615,0.8352307692307692,13.9,8.849230769230768,235.75,0.09829593592726932,-20.412307692307692,10.112307692307692,57.277692307692305,-57.277692307692305,2.0561506061156635e-07,28.638843733005245,49.60393800628314,28.638848693398906,49.60393514239851,-49.60393800628314,0.0,12249646.574311797,19448432.940486997,0.4089338575128487,0.41361961783330353,1.1330055684487343,1.4462079075701235,1.6433685811446819,3.9431450534662407,9270283.103937488,23.43406093044196,5.50067411107822,0.7036943331519935,-0.016835261225013883,16.210317369351984,1.0896275933430462,716560842.6914525,19.74389908424635,22030.12517007978,19545398.61460913,-8.240712226657867e-07,-4.675755372756917e-08,-16.11122225427585,19.752598843934333,136.62774078652438,136.63425037769528,99.93675821652691,66461.35572135265,76745816.19529459,1.0242155181429602,0.38323882870788145,1.4130337043396959,3.3357394731796024,0.378846732515501,1.2378284358572664,3.2967738748900404,0.5248573622321472,5.416773211448689,-15.276923076923076,0.6275384615384615,0.5601538461538461,0.7667307692307692,1.3718461538461537,1.1707692307692308,0.7892307692307692
10.938646153846154,0.8801538461538462,12.989230769230769,13.956923076923077,236.2346153846154,0.09819010561289147,-17.864615384615384,10.607692307692307,53.46230769230769,-53.46230769230769,1.9191861951309374e-07,26.731151586570117,46.29971791104987,26.73115621654178,46.29971523793448,-46.29971791104987,0.0,11808658.29298954,18451881.39566728,0.408760590945275,0.41348221799329327,1.130417062777494,1.4429862962803677,1.640523429870379,3.9421597408869364,9052182.741718698,20.81086131482904,5.929395048701785,0.44347079497689557,-0.01301840308349217,15.451868964039525,0.7141798388680998,633351544.6948274,23.115483302237287,21109.085213499155,18548866.42158996,-8.086482553369502e-07,-4.106265014516692e-08,-13.807279582838607,23.125963778846774,121.33999382604765,121.34604810048144,84.51869793108455,66597.97585057838,76838980.87426652,1.0345873548895748,0.3830553393262602,1.4104715771903313,3.3349880246499266,0.37862998838052614,1.234976975072096,3.29612218141304,0.5286556735415288,5.414725113043128,-13.830769230769231,0.13092307692307692,0.5536923076923077,0.8236538461538462,0.2863076923076923,1.476,1.0132307692307692
11.218646153846155,1.0303076923076924,12.767692307692307,12.430769230769231,237.61923076923077,0.09788684856245629,-17.310769230769232,13.299999999999999,43.923846153846156,-43.923846153846156,1.5767751676691222e-07,21.9619212204823,38.039167672966705,21.961925024398962,38.03916547677439,-38.039167672966705,0.0,11248234.301368475,15183464.768273938,0.40831348104315324,0.4131388367484993,1.1230688319873654,1.4338520227871663,1.6324312590453403,3.9393910467011763,8813833.69734814,15.347395918217755,10.302324030948569,0.3109936630133163,-0.009928959140120135,14.740404159334494,0.48305436026492493,728587574.9169232,31.154654141932344,18039.01209844407,15280494.470565721,-6.667801707991993e-07,-3.869600236796419e-08,-12.695963229546816,31.163235924257037,88.59945129717268,88.60070620774037,59.204302997693546,66988.31907693757,77102340.74051443,1.0645389730056576,0.3825304388758442,1.4031817373880435,3.3328634160341357,0.37800956616149534,1.226889290361954,3.2942847742596455,0.5396830595662416,5.408870972058469,-11.646153846153846,0.17892307692307693,0.20661538461538465,0.9621153846153846,1.4493846153846153,1.444,1.412
7.287876923076923,0.9841538461538462,10.656923076923077,7.236923076923077,247.2423076923077,0.09589521375612961,-19.80923076923077,20.235384615384618,55.33923076923077,-55.33923076923077,1.9865638489218107e-07,27.669613045703525,47.92518102241462,27.669617838221495,47.925178255453076,-47.92518102241462,0.0,11021675.596492624,9499567.90500886,0.4035657670629335,0.409119506365865,1.0741860758753305,1.3726840077696363,1.5776709493860173,3.92123434755872,8607506.103324048,20.0664871872705,8.844026617293318,0.31499430269895734,-0.025332093063651542,15.36700306370187,0.4144704309912963,646449764.9936216,30.558622196015612,12374.232373044704,9596546.210982023,-8.316794434296546e-07,-6.820839454414822e-08,-12.819841027728245,30.576308271889463,96.18589222198821,96.19248221371883,71.3388639597966,69701.20450013396,78842192.80498368,1.220167429740383,0.3789316737087156,1.354219622139266,3.3191166079642334,0.3737154310504542,1.1731091229170876,3.2825045579947405,0.572921614479895,5.369238997554029,-6.630769230769232,0.19184615384615383,0.6413846153846153,0.8063461538461538,0.8829230769230768,0.7756923076923077,0.7104615384615384
8.730953846153845,0.986,12.189230769230768,6.264615384615385,238.61153846153846,0.09766875178378771,-20.375384615384615,8.733846153846153,41.862307692307695,-41.862307692307695,1.5027702036693106e-07,20.931152076843965,36.253822944090665,20.93115570222616,36.25382085097527,-36.253822944090665,0.0,9739542.107128989,11232388.977114908,0.4079244486961159,0.4128237928366195,1.1178433743399157,1.4273517232658948,1.6266492372584862,3.9374239727668288,8166081.012607485,14.610180718024456,14.722008574840514,0.25487338958329253,-0.015769379199180887,14.602522804127114,0.4756113164923156,855555907.1763306,37.14651045957846,14185.286563446458,11329418.472834978,-6.266997321220384e-07,-4.1195158618210044e-08,-15.961908914303047,37.141789678146104,76.7899853068091,76.79192780600685,53.71256540546049,67268.06505582832,77289346.51615815,1.0862860223299184,0.3821538749304178,1.3979857531326625,3.33136117248904,0.37756406194281644,1.2211468084799355,3.2929900478589236,0.5475347812519032,5.404677174891474,-1.9846153846153847,0.6958461538461538,0.16323076923076923,0.9371153846153846,1.3546153846153846,0.7055384615384614,0.7547692307692307
12.521723076923077,0.8001538461538461,13.352307692307692,7.323076923076923,249.0653846153846,0.09554583874556334,-16.633846153846154,9.423076923076923,43.216153846153844,-43.216153846153844,1.5513704785348584e-07,21.608075096546752,37.42628813917343,21.608078839175462,37.42628597836573,-37.42628813917343,0.0,10982978.771348925,18383891.146140784,0.4030244465421339,0.4087285572369122,1.0653419816704557,1.361646285211192,1.5676747497299799,3.918159047181278,8761807.505367931,14.850728534313562,9.0132462516473,0.33389643065027147,-0.010214498869865344,17.296567839286137,0.5852485983209063,725571124.4272513,29.624387562671227,21187.20839749699,18480924.182350505,-5.615711072218994e-07,-2.972689115640404e-08,-13.177906173561325,29.63883885168141,94.1408328133191,94.14188112494304,60.31444895630289,70215.15641484024,79155310.65901005,1.238665028156172,0.3782757249582685,1.3452620444021481,3.3167089657937323,0.3729208478464399,1.163382910536892,3.2804642709574248,0.5710898382355956,5.362188212521286,-17.646153846153847,0.49923076923076926,0.10507692307692308,0.8071153846153846,1.022923076923077,1.0575384615384615,0.8987692307692308
7.987876923076923,1.0210769230769232,12.546153846153846,11.052307692307693,236.35000000000002,0.09816518654526475,-21.08923076923077,13.687692307692307,51.800769230769234,-51.800769230769234,1.8595404032504922e-07,25.90038242602579,44.86078335344829,25.900386912104,44.86078076340982,-44.86078335344829,0.0,11317970.818373706,13069490.195949435,0.4087046956420768,0.41343474509575157,1.129801792842511,1.4422192078912939,1.6398452073382739,3.941925243919829,8814920.466715544,19.952910411192757,6.747910141593422,0.3808939260076034,-0.014956291354399706,13.746885706497109,0.6783897321931431,655920816.0878727,24.564587838846368,15858.659309738348,13166475.417945204,-8.411395183945679e-07,-5.6411403468077673e-08,-15.377303124195368,24.575661845648977,104.2341031525529,104.24035365026337,77.1852669372306,66630.50445277497,76861091.47812547,1.037065168358162,0.3830116452554725,1.4098623784413613,3.3348097230635165,0.37857836369866915,1.2342996978865768,3.2959676971798184,0.5295610955214388,5.414237586179262,-1.0615384615384613,0.4743076923076923,0.3469230769230769,0.989423076923077,0.999230769230769,1.368923076923077,1.1584615384615384
12.327876923076925,0.9084615384615384,14.263076923076923,11.113846153846154,236.51153846153846,0.09813048240269143,-22.0,16.983076923076922,53.24692307692308,-53.24692307692308,1.9114543332205094e-07,26.623459287981042,46.11318935728671,26.62346389929985,46.113186694940545,-46.11318935728671,0.0,14624076.272129051,26752759.007816523,0.4085889968224215,0.41333005331379635,1.1289403842007535,1.441137371391332,1.63888728446513,3.9415764337250594,10272442.529418172,20.94406540399025,5.095964646531193,0.4940536846403142,-0.01289559573741881,17.917470960967186,0.820638732993685,632516005.2567348,21.94104018491454,29192.85055212735,26849738.25320254,-7.397586380595836e-07,-4.2312350707611113e-08,-16.500985231110096,21.95035704065303,143.65970042707013,143.66631368238265,99.55796508423477,66676.04449585019,76892010.59858955,1.0405395242477025,0.38295044794376676,1.409010009307625,3.3345604733111207,0.3785060533632385,1.233352464164476,3.295751820660626,0.5308293651393344,5.413554796249278,-14.96923076923077,0.11153846153846154,0.6635384615384615,0.9728846153846153,0.26046153846153847,1.101846153846154,1.2827692307692309
10.389415384615384,0.8327692307692308,13.407692307692308,10.978461538461538,235.19615384615386,0.09841890389122357,-19.501538461538463,13.903076923076924,57.708461538461535,-57.708461538461535,2.0716143299365196e-07,28.854228330183403,49.97699511380947,28.854233327882774,49.976992228386386,-49.97699511380947,0.0,12661672.375491936,19086260.624937136,0.4091940591298158,0.4138398753875081,1.1359755261672422,1.4499148572398306,1.6466377076116805,3.9442987829816554,9392628.994924244,23.416037530006292,7.089276102660293,0.6586821247803294,-0.016616505152763236,16.118311359935056,1.0187548361892054,692433611.448478,20.832589253681594,21682.010297446894,19183228.625845045,-8.632894112760447e-07,-4.914305086742182e-08,-14.642503309387688,20.84168419828405,134.982596258477,134.98900471200668,98.5318995262734,66305.21843080893,76638794.10659008,1.01243138178434,0.3834484253603599,1.4159687327023962,3.3366033608317633,0.3790942157893295,1.2411004564424968,3.2975242370404443,0.5205244230224827,5.419114021802425,-14.323076923076922,0.13738461538461538,0.13923076923076924,0.7878846153846154,1.0186153846153845,0.8175384615384615,0.9898461538461538
8.483261538461539,0.9933846153846155,13.26,11.458461538461538,244.95769230769233,0.09634451595011581,-21.79076923076923,17.263076923076923,43.831538461538464,-43.831538461538464,1.573461512564653e-07,21.915767378229837,37.95922686421106,21.915771174152418,37.95922467263413,-37.95922686421106,0.0,11902703.001950525,13733635.86759959,0.40469648836812955,0.41007195695002197,1.0854608499498994,1.3868055709883536,1.590411920379988,3.9252990377623327,9115757.785905097,15.605720913282973,8.69974228801035,0.2915725215938934,-0.009928700107588994,13.107299929581409,0.5915347038743239,705590899.0128969,29.30809873864496,16611.239233308894,13830656.154913727,-7.383274886878395e-07,-5.400445975199831e-08,-15.035718517996793,29.322135610973593,88.89253274027286,88.89429763739702,64.71716016885921,69057.1381766413,78443624.18940814,1.19039280641752,0.3797528961815734,1.365585846589471,3.3222092076677834,0.37470767278864525,1.1854980609125985,3.2851334778051773,0.5705960370558456,5.378093227969003,-19.184615384615384,0.6007692307692307,0.322,0.9186538461538462,0.5318461538461539,0.9061538461538461,1.0944615384615384
7.363261538461538,0.8136923076923077,12.410769230769231,9.501538461538463,241.05769230769232,0.09714561129794969,-22.54153846153846,13.472307692307693,58.41615384615385,-58.41615384615385,2.0970190190707834e-07,29.208074454118954,50.58987464760275,29.208079513106277,50.589871726795046,-50.58987464760275,0.0,11440947.747276217,13114970.033980573,0.40635015545460296,0.41142396393677894,1.1051577885735768,1.4114377565571927,1.612477066570484,3.932498552072009,8854466.043312192,23.66881615409936,5.635410621050951,0.5510963631401438,-0.021358713053401215,14.260798858132691,0.8697797373107734,660690917.4964318,21.79850587206232,15841.926503537155,13211928.960504223,-9.457145373266078e-07,-6.416722921175389e-08,-16.688175138063116,21.810112170312948,120.44027629291169,120.44714904364665,92.9446276234797,67957.6714223962,77742608.97236736,1.1320624746552692,0.38118079204461897,1.385342245015102,3.327710191901048,0.37641999153607525,1.207183350311158,3.28984076314675,0.5607907110510917,5.393674783020611,-3.4615384615384635,0.538,0.44107692307692303,0.9094230769230769,0.15276923076923077,1.092,1.348
8.257107692307692,1.0709230769230769,11.29076923076923,9.415384615384616,244.0576923076923,0.09652452846710752,-23.686153846153847,17.306153846153848,55.37,-55.37,1.9876684006233003e-07,27.68499765978768,47.951827958666506,27.685002454970345,47.951825190166495,-47.951827958666506,0.0,11861277.547909701,13243553.44450831,0.40500253594921637,0.41030670253643653,1.0899627687098692,1.3924157307316554,1.5954651706572696,3.9269098286389883,8962345.995380867,21.275584466984252,7.043313305341665,0.2942844420127294,-0.02246943736290545,15.78279034282118,0.46322756987560404,585777704.6452657,27.868598207282318,15995.52909828139,13340521.495304246,-8.527687840813254e-07,-5.9470885853469726e-08,-16.96986615580954,27.88363904899471,112.80884189779238,112.81531385503385,83.29626397304331,68803.41507950782,78284211.8345192,1.1767734273067385,0.38008893347812495,1.3701192801639641,3.323463730820697,0.3751096195771336,1.190446443461468,3.286202492089305,0.5683394338459642,5.381779008403968,-10.323076923076924,0.6026153846153846,0.3136923076923077,0.7982692307692307,0.7881538461538462,1.3012307692307692,1.2421538461538462
9.829415384615384,1.0444615384615386,11.032307692307693,6.424615384615384,240.52692307692308,0.09725870538071157,-20.818461538461538,17.004615384615384,55.30846153846154,-55.30846153846154,1.985459297220321e-07,27.654228431619376,47.89853408616275,27.65423322147265,47.898531320739664,-47.89853408616275,0.0,11826883.341741016,15265734.160981856,0.4066790943634921,0.41171390584502593,1.1078786525540412,1.414862206257287,1.6155217968389206,3.933535120601404,8932466.872626081,20.92276249556112,7.99980400890501,0.31599277958596456,-0.02491119697862377,19.000178499322605,0.48527862203684907,608057581.7442412,29.579262402474626,17980.32848457821,15362708.753477158,-7.357394829836466e-07,-4.710909167851407e-08,-15.312255029071371,29.593472281656908,116.1816366678625,116.18767830309702,81.00986049719168,67808.03985229187,77645140.75768724,1.1242633901694943,0.3813717789949957,1.3880555588723225,3.328474414877468,0.3766493250062141,1.210184827427113,3.2904988565580875,0.5594526709219806,5.395752321190784,-11.923076923076923,0.5038461538461538,0.5407692307692308,0.9232692307692307,0.7709230769230768,1.2298461538461538,0.8027692307692307
7.277107692307692,0.7441538461538462,13.746153846153845,7.409230769230769,246.20384615384614,0.09609773645328346,-22.22153846153846,11.813846153846153,59.64692307692307,-59.64692307692307,2.1412010871303724e-07,29.82345901748512,51.65575209767799,29.82346418306019,51.65574911533183,-51.65575209767799,0.0,11494980.316173878,14278015.043327458,0.4039404133705256,0.40940998743714324,1.0792733832704482,1.3790462498483758,1.5834068386780062,3.9230210108379637,8953247.12128589,24.050592599722737,6.389577623043815,0.8517830722051714,-0.019957883839381144,13.886690109083395,1.3091856484203366,847847596.0954938,18.819883660421926,16974.175976016424,14374970.160422403,-9.89477865000992e-07,-6.708527061033745e-08,-16.823463567046623,18.83106563645954,127.22510126177517,127.23232612333007,101.55900678656316,69408.44708036457,78662103.05999991,1.209429527512838,0.37930429403020954,1.3593568258978648,3.320509086385725,0.3741663772009125,1.178711661870293,3.2836888431080222,0.5738281001920583,5.373248692954544,-17.861538461538462,0.6044615384615384,0.4715384615384616,0.8951923076923076,0.5964615384615385,0.7572307692307692,0.8889230769230769
7.190953846153846,0.77,12.958461538461538,7.212307692307692,239.18846153846152,0.09754358290668921,-18.20923076923077,17.24153846153846,49.33923076923077,-49.33923076923077,1.771176267131314e-07,24.669613299293445,42.729028453297786,24.669617572196174,42.72902598633625,-42.729028453297786,0.0,10760144.254111608,9809011.696974214,0.40738985121322113,0.41232777357760775,1.1148148926425614,1.423543008395835,1.6232495477514888,3.9362157279018946,8608034.986003798,17.744039188324344,7.573403993878182,0.45111940773416,-0.013644485354510417,12.698567805817556,0.7321891081832516,718062496.3169317,24.485504817040333,12731.147538435735,9906015.744603723,-8.2037157251924e-07,-6.647348235296687e-08,-11.962295730309883,24.4965456462184,84.65395648554181,84.65690230720719,64.14194237596426,67430.7080668113,77397186.33385216,1.0990375416088816,0.38193478365204614,1.394975706132206,3.330495472225547,0.37730470553650103,1.2178286122939639,3.2922455967356523,0.5521123489157104,5.402239226302649,-15.923076923076923,0.5315384615384615,0.3007692307692308,0.9063461538461539,0.7579999999999999,1.162153846153846,1.2236923076923076
11.832492307692307,0.8893846153846154,13.524615384615384,11.68,238.1269230769231,0.09777482786956126,-23.883076923076924,11.296923076923077,42.20076923076923,-42.20076923076923,1.5149202723856975e-07,21.10038283176966,36.546939242861356,21.100386486463485,36.54693713282289,-36.546939242861356,0.0,12576335.504865762,21876191.992772974,0.4080183641164878,0.41287991180979716,1.120389112094747,1.4305028667038755,1.6294532260100418,3.9383505059579305,9425286.18912406,15.877030370376536,8.54400852342709,0.24667608374883476,-0.009351041363488414,16.462854158603307,0.6203304182598599,705994886.1058064,29.46084431974826,24542.83854180389,21973211.555816177,-6.059264906672104e-07,-3.4447320752038374e-08,-18.84048998836775,29.472166942355813,105.26023431881599,105.2610910791112,70.44073767973462,67131.44492660258,77198251.32957344,1.0756358898816374,0.38233782034861863,1.4005203823023868,3.3320927249459746,0.37778172496811124,1.2239456814358858,3.2936200797204203,0.5436966012050762,5.406725205262476,-4.938461538461539,0.2103076923076923,0.14384615384615385,0.9059615384615385,0.9130769230769229,1.400923076923077,1.096923076923077
7.858646153846154,1.040769230769231,13.752307692307692,13.821538461538461,239.51153846153846,0.09747403251376394,-16.88,10.995384615384616,58.44692307692308,-58.44692307692308,2.0981235707722733e-07,29.223459068203105,50.61652158385463,29.223464129855124,50.616518661508465,-50.61652158385463,0.0,11262079.580254568,13817170.91842651,0.40714285750101925,0.4121030316472293,1.1131250911368853,1.4214241044600897,1.6213556335431043,3.935548997309301,8884168.814884296,23.439801772226787,7.144651369871848,0.9618203893781254,-0.014484050939625969,12.657395581847824,1.4417205751454862,926471358.5647311,18.635796249884155,16553.356530595538,13914140.958110014,-9.47394973966041e-07,-5.814703560862278e-08,-12.439751231455343,18.64572124874259,119.95738928175575,119.96382473501946,89.87582452840249,67521.78815296179,77457273.39185856,1.1062129453646181,0.3818120385233134,1.3932935443560253,3.330013119929293,0.3771593540553428,1.2159769696430853,3.291831333704606,0.5546796281397622,5.400874034538355,-18.323076923076922,0.6819999999999999,0.10138461538461539,0.7828846153846154,0.5447692307692308,0.8323076923076923,0.8593846153846154
11.649415384615384,1.080769230769231,11.98,10.793846153846154,246.89615384615388,0.09596262913912135,-18.295384615384616,20.795384615384616,41.98538461538462,-41.98538461538462,1.5071884104752693e-07,20.992690533180582,36.36041068909819,20.99269416922155,36.36040858982895,-36.36041068909819,0.0,12413996.844071405,16502270.35116247,0.40405360219854247,0.40958515813087937,1.0758838901552226,1.3748590132452507,1.5796328865075078,3.9219135805632455,9275118.179714527,12.576186761129486,19.26508912338358,0.3492906026803697,-0.017461496007664078,16.866704329914526,0.4920029746578933,1033557878.4519995,45.63759214148865,19370.671604376035,16599311.93013129,-5.53542973336198e-07,-3.7092972941614166e-08,-12.334377379730107,45.60897061498063,87.31720142985722,87.31867818952809,54.69196784606297,69603.61869354418,78782480.92995068,1.216683137405705,0.3790515926593777,1.3559246104447826,3.319574720812315,0.37386174362048774,1.1749695464946943,3.2828938962917817,0.5732750105369436,5.370510425600512,-7.892307692307693,0.1253846153846154,0.15492307692307694,0.9809615384615384,0.4973846153846154,1.0193846153846153,0.8606153846153846
12.81249230769231,0.8346153846153846,12.343076923076923,9.033846153846154,235.70384615384614,0.09830610101494319,-16.904615384615383,12.05076923076923,50.785384615384615,-50.785384615384615,1.823090197101331e-07,25.392690161248698,43.98143445713621,25.392694559392023,43.98143191786697,-43.98143445713621,0.0,12585286.931836491,24244843.52341128,0.4090701067400431,0.4137540564516263,1.133254949500851,1.4465350519982163,1.643658730978762,3.9432690746348,9366428.455291195,18.587758432332677,8.013049497430888,0.4654178222647348,-0.014945184178077263,20.87879621292949,0.603573457898375,676363208.8563154,28.72038861600587,26795.197428967636,24341842.066893265,-6.705837663084001e-07,-2.980421756067995e-08,-13.233318186021618,28.732063109983276,123.93587960040031,123.94185678945907,82.084344124537,66448.344280474,76736923.0633587,1.0232306815003434,0.3832562992004902,1.4132779935772313,3.3358112519217094,0.3788673653730028,1.2381005650920909,3.296836177337863,0.5244960155309085,5.416968276387792,-6.261538461538461,0.6053846153846153,0.5444615384615386,0.9836538461538462,1.2469230769230768,0.7609230769230769,1.1153846153846154
13.006338461538462,0.8943076923076924,13.58,6.227692307692307,242.64999999999998,0.09681263845443669,-21.803076923076922,12.15846153846154,49.03153846153846,-49.03153846153846,1.7601307501164166e-07,24.515767158451904,42.46255909077898,24.515771404707696,42.46255663920205,-42.46255909077898,0.0,12836831.673812777,24430595.855845615,0.4057178599947577,0.4109143919817202,1.0970532117889935,1.4012996349154467,1.6034274733277678,3.9295138259836566,9496698.923137845,18.18428208586065,6.157910981519427,0.33685237668938844,-0.013585261802830189,19.411566515626745,0.5903204860210263,635630819.2066706,25.16758129227866,26974.891059002977,24527589.671291992,-6.547723965248941e-07,-3.499760465510023e-08,-17.299526030738022,25.180090180715055,125.1058729196327,125.10667834873071,84.00879359820482,68406.56613270928,78032276.47314855,1.1556578000031474,0.38059549455914293,1.3772299302516662,3.325432702889269,0.3757194966687272,1.198248038401736,3.2878857505516934,0.5647816165205408,5.387267553303194,-7.430769230769233,0.6543076923076923,0.2961538461538461,0.9967307692307692,0.20876923076923076,0.7904615384615384,0.767076923076923
12.618646153846154,0.8936923076923077,13.032307692307693,13.932307692307692,235.45000000000002,0.09836227513808965,-20.54769230769231,19.912307692307692,59.95461538461539,-59.95461538461539,2.1522466041452697e-07,29.977305158326665,51.92222146019681,29.977310350548667,51.92221846246603,-51.92222146019681,0.0,14962626.261354268,26390100.646957815,0.4090502301371403,0.41371396212790346,1.1346124659153176,1.4482095066455751,1.645134083918855,3.943760868515967,10309592.755295578,24.732595897461646,4.713949952117677,0.42864256694093156,-0.01688233781944201,18.39103108981494,0.6863571772357243,569780814.3477578,22.746846167855114,28790.662038671508,26487061.963194177,-8.71845182180894e-07,-4.5762861631262073e-08,-14.809965185260987,22.75579816421752,162.17495796506566,162.1817853931711,114.59877523311785,66376.78135564148,76687933.0476392,1.0178231393429769,0.38335237655891014,1.4146225840712032,3.336206733748992,0.3789808184691236,1.2395990351104667,3.2971795829772925,0.5225084964851495,5.418041170256249,-3.3384615384615373,0.5933846153846154,0.12076923076923077,0.8901923076923077,0.2776923076923077,1.2864615384615385,0.9923076923076923
10.637107692307692,0.7595384615384615,14.189230769230768,13.095384615384615,236.09615384615387,0.09822014701040707,-18.246153846153845,12.223076923076924,54.63153846153846,-54.63153846153846,1.9611591597875471e-07,27.31576692176798,47.31230148862136,27.315771652998,47.312298757044424,-47.31230148862136,0.0,12439034.0212239,19418953.77542141,0.408786161144186,0.41349718576983063,1.1311553080507155,1.4439014619999975,1.6413317961982448,3.942433854477629,9372834.761164451,21.522537334877224,5.873500910078613,0.6657306742707417,-0.012366543779221171,14.885791306586484,1.0021461742279634,701869793.5909665,20.239844851271933,22040.864662613312,19515934.393655755,-8.44616339573578e-07,-4.6622469465303e-08,-13.796792278672354,20.249096788592034,127.32430257419374,127.33056176211124,92.16045610823191,66558.94152794246,76812418.21485718,1.031618220253489,0.38310778083516106,1.4112030400049735,3.3352023075587787,0.37869194060599176,1.2357905721995597,3.2963079223134892,0.52756968569547,5.415310385870854,-2.6923076923076934,0.12630769230769232,0.1586153846153846,0.9640384615384615,1.249076923076923,1.135076923076923,1.4341538461538461
12.790953846153847,1.099846153846154,12.663076923076924,8.283076923076923,236.60384615384618,0.09811149919634142,-23.193846153846152,16.810769230769232,44.293076923076924,-44.293076923076924,1.590029788086999e-07,22.14653658949215,38.358930907989276,22.146540425385137,38.35892869333542,-38.358930907989276,0.0,13564772.240852725,24501863.137870718,0.4086848702356014,0.41343456152351554,1.128452063787823,1.4405477341957766,1.638367162527053,3.941423229424803,9779265.706173047,15.829090716084348,10.635914189548005,0.31462940857931826,-0.01288440112755903,20.148703740436233,0.4262758027929502,711090015.2137351,34.604338326207454,27087.70022746227,24598877.164940625,-6.294658293240726e-07,-3.364739706657913e-08,-17.71129878589959,34.61702171271979,112.51979862733562,112.52055849160773,76.4951883722252,66702.06737760747,76909073.77902634,1.0425279126187397,0.38291548412310317,1.4085232513426034,3.334418264852835,0.3784647334649369,1.2328117216329655,3.295628693504317,0.5315537346086704,5.413164745975323,-1.092307692307692,0.5509230769230768,0.17984615384615388,0.9205769230769231,1.1844615384615385,1.0612307692307692,1.146153846153846
9.075569230769231,0.9681538461538463,12.706153846153846,9.587692307692308,249.45769230769233,0.09547170927561409,-22.886153846153846,9.573846153846155,59.52384615384615,-59.52384615384615,2.1367828803244134e-07,29.761920561148504,51.549164352670466,29.761925716064795,51.549161376478146,-51.549164352670466,0.0,11823956.182573274,17120494.391975053,0.402464326710339,0.40819357086983454,1.0634458804119244,1.3592171233119796,1.565468678400805,3.9174014354120685,9027077.361600067,24.112149277514217,5.485621159317283,0.5589046797423963,-0.021766982591191027,16.10015231490981,0.9123704019595186,610736578.1351339,21.491482393127,19746.697092613413,17217447.490760285,-9.216428614134969e-07,-5.225877617769016e-08,-18.14112179176939,21.504676430277005,138.49371185516068,138.50059405506278,104.81195871426031,70325.75366230869,79221728.00705455,1.2426588427260854,0.3781398110748883,1.3433496379589258,3.3162022077444173,0.37275462236169404,1.1613104964560865,3.2800361149020407,0.5707020723510419,5.360752563782726,-17.215384615384615,0.6072307692307692,0.39584615384615385,0.9636538461538462,0.8721538461538461,1.0267692307692307,0.9553846153846153
11.035569230769232,0.9367692307692308,11.475384615384616,6.08,235.6115384615385,0.09832647220967936,-21.126153846153848,7.355384615384615,45.923846153846156,-45.923846153846156,1.6485710282659545e-07,22.961921135952327,39.77121852933898,22.96192511307407,39.77121623314667,-39.77121852933898,0.0,10447698.917563073,15925351.377108302,0.40927785430494046,0.41395747066329064,1.1337527237239353,1.4471799052096885,1.6442300861150694,3.9435052727401,8406594.790410897,16.345773760477595,13.236112324514583,0.29177343341917894,-0.01888382078074379,18.696920343056462,0.41400445241547135,786803967.6535375,36.3141369840139,18699.530723955548,16022357.99309856,-5.945144578847651e-07,-3.292755164097298e-08,-17.28231760126183,36.32052482886804,96.67996017299404,96.68112261701707,62.985272809850855,66422.32139871673,76719126.85635032,1.0212624701239972,0.3832912434698692,1.413766787998984,3.335954941975249,0.3789086293384072,1.2386450859668325,3.29696090346742,0.5237724261285983,5.417358469188136,-16.56923076923077,0.226,0.5573846153846154,0.8144230769230769,1.3481538461538463,0.7879999999999999,0.8323076923076923
12.446338461538462,1.0653846153846154,11.112307692307692,10.461538461538462,246.18076923076924,0.09610227461727203,-19.181538461538462,20.70923076923077,60.97,-60.97,2.1886968102944306e-07,30.484997423103756,52.80157035650888,30.485002703260644,52.80156730800887,-52.80157035650888,0.0,14655392.062376942,27083375.54429488,0.40398313264495606,0.40945137977802265,1.0793881381419967,1.3791936404471614,1.5835401753622267,3.9230677456356435,10137756.66600949,23.605011080427072,6.77072826986278,0.5356133757308413,-0.024974796008059387,23.330325438480912,0.6747016144921026,671310233.4214454,29.19280774899087,29483.797846945527,27180337.03460787,-7.834571902356866e-07,-3.747516514490982e-08,-13.933231050869958,29.207183814409557,161.3984246431984,161.40513264834433,109.68531427198134,69401.94135992526,78658072.94472562,1.209075516864154,0.3793125780124668,1.3594718156807684,3.3205403314544406,0.37417638643745255,1.1788367489206835,3.2837153554901444,0.5737696857692399,5.3733379612159835,-6.5384615384615365,0.4327692307692308,0.2416923076923077,0.8194230769230769,0.9669230769230769,0.9898461538461538,0.7818461538461539
8.192492307692309,0.8924615384615384,11.62923076923077,9.575384615384616,247.14999999999998,0.09591318684776358,-23.71076923076923,18.103076923076923,50.60076923076923,-50.60076923076923,1.8164628868923928e-07,25.300382476743774,43.82155283962492,25.300386858898936,43.82155030958645,-43.82155283962492,0.0,11757900.480095362,12774001.820260141,0.4036109731902462,0.40915731047042553,1.0746365073474986,1.3732483550482568,1.5781796519621523,3.9213906688530464,8952526.175498284,18.46502058426114,8.335445137475963,0.2587368232491952,-0.0178505412439761,14.927064584632303,0.4587705128164169,633222126.625494,30.364799277775344,15588.250829175113,12870987.63221634,-8.02893114171909e-07,-5.8294582965026456e-08,-16.66504056770947,30.381600993046895,100.94393374625838,100.95022848029046,74.2037986712134,69675.18161837668,78826264.58443524,1.2192376859058038,0.3789636442973968,1.3546740170808667,3.3192385942277554,0.37375444462008306,1.1736047083633208,3.2826081878368005,0.5730156875225088,5.369577847372189,-2.9384615384615387,0.11430769230769232,0.26384615384615384,0.9340384615384616,1.3438461538461537,1.1473846153846154,0.7289230769230769
10.249415384615384,1.1023076923076924,13.912307692307692,11.63076923076923,245.62692307692308,0.09621154056369065,-16.424615384615386,20.967692307692307,54.50846153846154,-54.50846153846154,1.956740952981588e-07,27.254228465431364,47.205713743613835,27.254233186002605,47.20571101819075,-47.205713743613835,0.0,13287661.896442875,16843656.889025073,0.4042709999493603,0.4096965731721339,1.0821309235836483,1.3826261049802941,1.586641807048068,3.9240649476653267,9694729.209196612,20.325515786219604,7.584533293247432,0.7059975116946388,-0.012604456939867975,14.71664931007113,1.0716830812303575,740709687.7844576,20.946294889148373,19566.12088050305,16940646.40526065,-8.133218096906288e-07,-5.5717909969132817e-08,-10.459687700105059,20.95887510004012,116.60860341458373,116.6146619705245,83.94744177499827,69245.80406938159,78561180.16172479,1.2005972135506322,0.3795118970873632,1.3622358660606941,3.3212931307733973,0.37441698691316155,1.1818451746885061,3.284354485760556,0.5723689307118244,5.375488997985686,-15.461538461538462,0.6303076923076922,0.6035384615384615,0.8467307692307693,0.2561538461538462,1.133846153846154,1.0833846153846154
10.680184615384615,0.9398461538461539,12.293846153846154,11.47076923076923,245.99615384615385,0.09613858952211927,-21.56923076923077,20.14923076923077,45.55461538461539,-45.55461538461539,1.6353164078480777e-07,22.777305766942476,39.45145529431641,22.777309712087895,39.45145301658563,-39.45145529431641,0.0,12631784.006707583,16156119.180630667,0.40422879366513115,0.40968545079470337,1.0803048388205463,1.3803628682625515,1.5845984233655046,3.9234430468133774,9349786.230203424,15.798916938072136,10.348189657336816,0.2753273863134395,-0.012441655354386832,15.606045136202823,0.46304707037338905,684368852.8191566,33.81156865662156,18959.914218998005,16253133.25073593,-6.988300106013006e-07,-4.657559633319919e-08,-14.876470271573346,33.82756297272251,97.85329110011382,97.85454852600945,67.83786323622454,69349.89559641067,78625837.16412435,1.206245322812378,0.379379016229667,1.3603923489895327,3.320790744135519,0.37425659995729793,1.179838077905253,3.283927850368553,0.5733027309566198,5.374054742899521,-5.830769230769231,0.2296923076923077,0.5213846153846153,0.8075,0.40692307692307694,1.2286153846153844,0.8667692307692307
7.901723076923076,1.0395384615384615,13.783076923076923,13.169230769230769,239.8576923076923,0.09739938767240204,-18.356923076923078,16.27230769230769,52.293076923076924,-52.293076923076924,1.8772132304743278e-07,26.146536251372257,45.287134333478384,26.146540780085566,45.28713171882453,-45.287134333478384,0.0,11964270.874727957,13631566.89450106,0.4070162676246778,0.4120026110383971,1.1113219498617766,1.4191844619810012,1.619353637365643,3.9348814410575876,9169687.924648602,19.78914835452593,6.990092616015517,0.7137817979215088,-0.01161580241174969,12.50344620131466,1.0976022945505841,756456880.2682215,21.199109802634865,16427.74152937191,13728557.997834811,-8.656913469431652e-07,-6.109295228001632e-08,-12.429030559243346,21.210370977250808,105.30530107165954,105.31153496304321,78.82908310456563,67619.37395955157,77521842.3458938,1.1139204253671933,0.381680607504039,1.3914943431565774,3.3294984199900317,0.3770036451969136,1.2139983419868585,3.2913896558547404,0.5573650972940651,5.399413607499071,-1.9230769230769234,0.4835384615384616,0.25553846153846155,0.7636538461538461,0.394,0.799076923076923,0.7793846153846153
11.8648,0.898,10.915384615384616,10.523076923076923,249.01923076923077,0.09555458631531895,-17.753846153846155,13.278461538461539,52.846923076923076,-52.846923076923076,1.8970951611011427e-07,26.423459304887032,45.76677918601225,26.423463881564825,45.76677654366608,-45.76677918601225,0.0,12339593.311666602,21443302.09275148,0.40279716763133105,0.40849328507102783,1.0655589776783692,1.3618826467671181,1.5678881969855967,3.9181749535804316,9213576.569073886,18.458386116603187,9.745127981132205,0.47175447904875967,-0.019317437111580658,21.13158321433956,0.5424543029515755,715404367.7553325,34.14548017542036,24056.894598186165,21540291.014812037,-6.717246264035286e-07,-3.1802770696223254e-08,-13.688543152265487,34.16467657866032,123.92242895004355,123.92844078764877,80.6792253199567,70202.14497396161,79147482.09681602,1.2381957369620724,0.3782917125690999,1.3454873002313266,3.316768733641232,0.3729403948674669,1.1636271110259195,3.280514785076849,0.5711356341468741,5.362357129978821,-2.7846153846153854,0.42538461538461547,0.4743076923076923,0.8355769230769231,1.0466153846153845,0.8483076923076922,1.1830769230769231
10.184800000000001,1.0715384615384616,12.084615384615384,7.532307692307692,238.47307692307692,0.09769897296327082,-19.144615384615385,13.02,56.200769230769225,-56.200769230769225,2.0174912965635229e-07,28.100382240059844,48.67129523746729,28.10038710718923,48.671292427428824,-48.67129523746729,0.0,11838604.003273219,17034823.593491964,0.4076958764700013,0.4125805617596487,1.1185644036056115,1.4282075966536016,1.6274083664554797,3.937620040036977,8992095.558625415,21.937278617633655,6.120536344597975,0.38785191685985426,-0.020778713240263154,18.080083068571376,0.6163252979960955,605933891.271864,24.36069589607509,19699.778252707772,17131797.024312634,-7.479782076529198e-07,-4.346363733393332e-08,-14.63572703825221,24.37226105417076,123.07392863829352,123.08005113538846,85.78145238838634,67229.0307331924,77263366.00149488,1.0832373955519288,0.38220644489580347,1.3987093489225475,3.331569781991726,0.377626275760108,1.2219454215462042,3.2931696251038147,0.5464374998996503,5.405262401987201,-2.2615384615384606,0.5629230769230769,0.5056923076923077,0.7748076923076923,0.1743076923076923,1.3086153846153845,1.2926153846153845
8.106338461538462,0.8672307692307692,13.98,12.516923076923078,239.09615384615384,0.09756352916789005,-16.46153846153846,19.46,51.18538461538461,-51.18538461538461,1.8374493692206976e-07,25.5926901443427,44.32784462841066,25.59269457712704,44.327842069141425,-44.32784462841066,0.0,12153662.428754639,12632815.453705827,0.4074019419692779,0.41233252952393384,1.1152971266468925,1.4241384692569004,1.6237806195779763,3.9363871815103906,9255256.903058702,18.980012895722865,7.189659269668148,0.7472177110996558,-0.010654842054930167,12.282030607219719,1.1412791278128134,767503276.72419,21.21384435519837,15479.922253337845,12729817.19522396,-8.3197701759842e-07,-6.34648749512247e-08,-10.125304329301674,21.224883494133838,98.03851751586781,98.04458489683176,72.61407634149917,67404.68518505404,77379976.15724744,1.0969919729362148,0.3819698456463908,1.395456767891358,3.330633604464851,0.37734621896236287,1.2183585096123073,3.2923643016140436,0.5513793423483361,5.402629278697688,-3.0,0.45861538461538465,0.6164615384615384,0.8832692307692307,1.4601538461538461,0.8384615384615384,0.9123076923076923
9.097107692307693,1.0912307692307692,10.903076923076924,11.753846153846155,239.35,0.09750875419072304,-20.12923076923077,19.869230769230768,43.277692307692305,-43.277692307692305,1.553579581937838e-07,21.63884432471506,37.479582011677195,21.638848072673156,37.47957984779257,-37.479582011677195,0.0,11241081.192598617,11095903.344598766,0.4075239211903932,0.4124770069367353,1.1139755880436961,1.4225275567220486,1.6223449836653832,3.935954362640156,8713340.832390076,10.982664765102975,31.28139537117842,0.32334440476520293,-0.03861136434121379,14.338293509567107,0.38333922598194575,1292484601.0288262,57.657250271065294,14052.129752238458,11192932.405329393,-6.761341786576207e-07,-4.912845795922712e-08,-13.14741130963819,57.90519570970249,79.93892838545193,79.94239519486267,53.63971971499411,67476.24810988655,77427260.90127319,1.1026220839637422,0.3818734130542881,1.394134298085056,3.3302540719803493,0.3772320373182557,1.216902202119356,3.292038228058553,0.5533956487822551,5.401556585456543,-15.953846153846154,0.3127692307692308,0.14753846153846153,0.9451923076923077,1.0379999999999998,1.1990769230769232,0.82
7.201723076923077,0.7312307692307692,12.416923076923077,8.332307692307692,240.4346153846154,0.09727850248288136,-18.455384615384617,11.77076923076923,55.216153846153844,-55.216153846153844,1.9821456421158516e-07,27.608074589366908,47.818593277407096,27.608079371226104,47.8185905165994,-47.818593277407096,0.0,10265659.393673293,10347702.947708473,0.4066877792941406,0.4117151427626762,1.1083516836981109,1.4154515933809035,1.6160449989673165,3.933706536767295,8380902.81683173,21.274640944345435,6.514848009073038,0.5558542101515107,-0.01846572194464793,13.39178865525529,0.842612827309862,704950695.7169192,22.28579165112397,13190.569906124138,10444680.781433186,-8.874284458822999e-07,-6.085552831023222e-08,-13.555666190641169,22.297782049154705,100.12523228970424,100.13200809914692,76.34162397814053,67782.01697053459,77628111.27833325,1.1229103663752218,0.38140498963536973,1.3885281587017775,3.3286077993814556,0.37668918994926004,1.2107080716061938,3.290613807351844,0.5592193476009332,5.39611373808138,-1.6461538461538474,0.26476923076923076,0.4918461538461538,0.9413461538461538,1.1866153846153846,1.4452307692307693,1.2581538461538462
12.7048,0.7915384615384615,12.866153846153846,6.769230769230769,247.7730769230769,0.09579126046530095,-19.723076923076924,17.176923076923075,58.13923076923077,-58.13923076923077,2.087078053757376e-07,29.069612927361565,50.350052221335815,29.069617962366646,50.35004931437427,-50.350052221335815,0.0,13822309.679051597,25612836.780556686,0.403263094317609,0.40885756382358174,1.0715942818561417,1.3694264189999643,1.574722628657613,3.920280491117348,9849487.817085426,22.497777215491435,5.065798418123491,0.4404528433402936,-0.020423535917207913,21.141611063111316,0.6650898480326175,605975547.2021303,23.31719798182889,28067.36871160912,25709804.381854773,-7.397488178103928e-07,-3.93534495022429e-08,-14.86171148772857,23.329662736333493,151.90282841312975,151.9094562250995,103.46959481049366,69850.83607023832,78935339.4041603,1.2255445530087656,0.3787355921873897,1.3515987821429025,3.318405695805623,0.37347940950967157,1.1702606482242504,3.2819010764713967,0.5723796195134927,5.367107256679182,-17.153846153846153,0.5241538461538462,0.37,0.9528846153846153,1.1693846153846155,1.2310769230769232,1.2618461538461538
9.89403076923077,0.9983076923076923,14.324615384615385,13.452307692307691,243.0653846153846,0.09672701628872242,-17.212307692307693,9.07846153846154,60.354615384615386,-60.354615384615386,2.1666057762646362e-07,30.17730514142067,52.26863163147126,30.17731036828369,52.26862861374048,-52.26863163147126,0.0,12039312.128343042,18887427.601467058,0.4054085905411042,0.4106352457762596,1.0949518686641175,1.3986518904508338,1.6010572955156472,3.9287146368945627,9224958.829550467,24.470831302516768,7.42406145868301,0.958479250537494,-0.015008398082664059,14.554760819306233,1.4656404135284307,950433989.0202259,18.159598011302275,21485.673168671397,18984390.03317429,-9.31990672729704e-07,-4.8801772008417816e-08,-13.445160242185684,18.16924500097374,141.1432285922404,141.149789668838,104.24570959405538,68523.66910061704,78106943.70035058,1.1618638084583957,0.38044602153056156,1.3751267978297994,3.3248484414028545,0.3755396303415199,1.1959369327930494,3.2873855868720754,0.5658314637747746,5.385646781302397,-17.615384615384617,0.4512307692307692,0.178,0.9663461538461539,1.3373846153846154,0.9393846153846153,1.2175384615384615
7.3201846153846155,0.8173846153846154,13.672307692307692,7.076923076923077,238.45000000000002,0.09770401658478145,-19.82153846153846,12.244615384615384,46.47769230769231,-46.47769230769231,1.6684529588927694e-07,23.238844189467102,40.25086338187284,23.23884821455333,40.25086105798822,-40.25086338187284,0.0,10566764.36833394,11622643.189806312,0.4077735819693978,0.4126576944608328,1.1186871370417129,1.4283709032653444,1.6275547295214194,3.9376876531870697,8587254.145186065,17.013493397567455,7.4703158854277225,0.4516425305293075,-0.011451373682230074,12.834889333297276,0.7966293786748853,734003237.3102939,24.17822453581889,14515.058147538253,11719653.23779449,-7.537436130945558e-07,-5.539739331877732e-08,-14.565315611066444,24.188861917164562,87.36722297644309,87.36957695962371,65.5156651224491,67222.52501275307,77259032.23877771,1.0827297343475208,0.3822151977338737,1.3988299795853427,3.331604572562018,0.37763663550808313,1.2220786003153066,3.293199581335612,0.5462546705906425,5.405359818261874,-5.461538461538462,0.5056923076923077,0.4050769230769231,0.7598076923076923,0.9281538461538461,0.82,1.343076923076923
12.01556923076923,1.006923076923077,11.204615384615385,6.978461538461539,247.6346153846154,0.09581802193233466,-20.043076923076924,16.336923076923078,44.23153846153846,-44.23153846153846,1.5878206846840195e-07,22.115767361323844,38.30563703548552,22.11577119188744,38.30563482390858,-38.30563703548552,0.0,12008443.287267085,18982692.14716789,0.4035944413636124,0.40918242183048464,1.072273433660463,1.3703169350314053,1.5755283044026833,3.9205902107894186,9079608.511323951,13.207795825542375,20.707258845021048,0.4195250210914479,-0.025783495125873745,20.756099996862265,0.5661130452843013,1097791504.0005655,49.600030609555944,21741.819521685036,19079714.61132436,-5.92582776869509e-07,-3.202945160445195e-08,-15.097520674187477,49.60422383693496,99.62333585836367,99.62496949803281,65.20926337205701,69811.80174760241,78911557.88202259,1.2241463404598734,0.3787835589846184,1.352278712941164,3.3185876475710785,0.3735379759563482,1.1710011457926588,3.2820554583881316,0.5725197206578058,5.367615281902073,-7.953846153846154,0.6358461538461538,0.43184615384615377,0.8582692307692308,1.175846153846154,1.3701538461538463,1.1116923076923078
8.030953846153846,0.7656923076923077,12.312307692307693,7.827692307692308,247.81923076923076,0.09578237333260284,-18.553846153846152,13.536923076923078,45.61615384615385,-45.61615384615385,1.6375255112510572e-07,22.808074995110786,39.50474916682017,22.808078945585592,39.50474688601247,-39.50474916682017,0.0,10332894.0061306,10563185.96104555,0.4034531200499152,0.40905527480049303,1.071374657932906,1.369183988943055,1.5745051944988984,3.9202671478507103,8433229.92452391,15.627556974714395,9.995008674236388,0.3000744787979341,-0.01357084216638804,13.823671979420613,0.5492801562786819,720649980.1867192,30.948787424238027,13516.547795881823,10660204.065071125,-6.935796266686725e-07,-5.019747436062994e-08,-13.352345205317052,30.961943610324493,81.20404121523961,81.20636757555695,58.21702403599784,69863.84751111697,78943242.1828673,1.2260108228337965,0.3787195994802095,1.3513722112387996,3.3183450986998264,0.37345988334486063,1.1700140227218305,3.2818496836471684,0.5723329616183033,5.366937892033436,-16.96923076923077,0.5998461538461538,0.2296923076923077,0.8975,0.31646153846153846,1.178153846153846,0.8286153846153845
10.421723076923078,0.8481538461538461,11.444615384615386,12.701538461538462,244.15,0.0965058344652049,-23.698461538461537,10.715384615384615,44.53923076923077,-44.53923076923077,1.5988662016989165e-07,22.269613502165384,38.57210639800432,22.269617359375918,38.57210417104278,-38.57210639800432,0.0,11184704.766572375,15831191.624102373,0.4051420371768341,0.41045631441461383,1.0895041508257066,1.3918679421873803,1.5949744170911597,3.926788603685806,8732608.82852073,16.09102775537181,13.119814402047192,0.24171993094078895,-0.01495398702567535,15.697446154098266,0.3676037877943025,779963435.2587737,38.35670217021534,18624.885848182803,15928199.823033558,-7.062926894901739e-07,-3.889083321374274e-08,-18.517533297783608,38.36979069808649,97.5049555040085,97.506210355106,66.6709907947918,68829.4379612651,78300626.3071169,1.1781663581120583,0.38005572216299743,1.3696546502486389,3.3233357090855056,0.37506960195069616,1.1899378791162185,3.2860932757751575,0.5685727343867802,5.38141962165119,-9.738461538461538,0.346,0.2823076923076923,0.8017307692307692,0.4392307692307692,0.9529230769230769,1.4353846153846155
10.540184615384616,0.8253846153846154,13.235384615384614,11.901538461538461,241.70384615384614,0.09700889876456395,-17.064615384615387,11.426153846153845,49.216153846153844,-49.216153846153844,1.766758060325355e-07,24.60807484295683,42.62244070829026,24.608079105200783,42.62243824748256,-42.62244070829026,0.0,11254892.013009055,15752573.63066669,0.40619328681689026,0.4113185458863883,1.101863455084755,1.407328286088248,1.608818648191005,3.931311263391556,8843912.794076651,18.020779037984433,6.681901058896217,0.39650793214665464,-0.011297086449868777,14.734042774812778,0.6419514374089096,671293039.6769661,24.413421195071358,18534.790348906114,15849578.061740723,-7.449998363564102e-07,-4.17974582120378e-08,-12.881135886579491,24.425960764619802,102.51238803744165,102.5137610401805,71.51089238545293,68139.83159469717,77860810.61590259,1.1416022132509687,0.3809482785875504,1.3820479959469734,3.3267859963806807,0.37614062638878054,1.2035462663195267,3.289046289348378,0.5624239869620521,5.391147790658765,-19.43076923076923,0.6293846153846153,0.6718461538461539,0.9751923076923077,0.9195384615384615,1.076,0.9418461538461538
11.70326153846154,0.9816923076923078,11.45076923076923,13.587692307692308,246.1346153846154,0.09611134367701032,-18.0,12.61076923076923,48.66230769230769,-48.66230769230769,1.74687612969854e-07,24.331151789442053,42.142795855756404,24.331156003721524,42.14279342264101,-42.142795855756404,0.0,11873179.615924837,18970899.42998612,0.4041413987130898,0.409608404620143,1.0796191091965899,1.3795028202189052,1.5838207223633176,3.923188761911942,9043211.472699177,16.699430416653854,10.417374551075904,0.39263208300579794,-0.01358561114348701,17.587729427813127,0.43681210438508244,698110298.0750923,34.76470711716869,21682.841925896646,19067904.52788461,-7.339818511673394e-07,-3.4509828106968185e-08,-13.742719142258663,34.78205128990306,108.21654112918733,108.21760389393398,73.39926263478019,69388.92991904661,78650019.53059836,1.208367604139407,0.379329190150514,1.3597018928713638,3.320602892455731,0.374196443286136,1.1790869442121485,3.283768429950651,0.5736529481777514,5.373517171130756,-11.707692307692309,0.6413846153846153,0.35061538461538466,0.8044230769230769,0.16353846153846152,1.496923076923077,1.3221538461538462
13.232492307692308,0.8475384615384616,10.712307692307693,6.153846153846154,245.69615384615386,0.0961978301886828,-19.735384615384618,18.835384615384616,57.40076923076923,-57.40076923076923,2.0605688129216223e-07,28.700382189341862,49.71052575129066,28.7003871603943,49.710522881252196,-49.71052575129066,0.0,13728074.014377585,27183285.092807684,0.4042401966809622,0.4096710750291365,1.0817876371394037,1.3821962895144861,1.5862535866681007,3.9239372888366693,9730525.215503052,21.222831889333907,8.769606867369223,0.5588034700500714,-0.027916071231623204,26.402314303494723,0.7399753295421195,744394538.9382411,33.87644369312144,29604.733598580828,27280255.8468018,-7.256215462154368e-07,-3.2925927326228387e-08,-14.904361714388061,33.89324957781691,152.29335121554104,152.29996257629537,102.35703481680129,69265.32123069953,78573321.69305561,1.2016551267516238,0.37948697501034734,1.3618899827229005,3.321198774857349,0.37438691295493653,1.1814684261155362,3.2842743245684782,0.572544015711804,5.375219895179871,-19.03076923076923,0.22046153846153846,0.6949230769230769,0.8505769230769231,1.0853846153846152,1.1806153846153846,1.2224615384615385
11.509415384615384,0.8758461538461538,11.118461538461538,8.64,240.20384615384617,0.09732757089007134,-19.932307692307692,13.343076923076922,45.46230769230769,-45.46230769230769,1.6320027527436082e-07,22.73115192469001,39.37151448556076,22.73115586184135,39.37151221244537,-39.37151448556076,0.0,11683747.75742282,18421103.897855133,0.4070129539384016,0.4120259621807852,1.1095423781454508,1.4169748040729795,1.617398897069457,3.9342006559227625,8941367.025656322,14.698106108627425,17.540308626962954,0.3872897059590817,-0.020993014097063663,19.910490918758907,0.4736307309695632,949806811.1056619,44.21383083295055,21163.93847471462,18518119.00763896,-6.086557366395422e-07,-3.173431937813111e-08,-15.415437549385114,44.2227260168977,101.04226757678244,101.04340803770565,66.45160728022273,67716.9597661414,77585907.73073857,1.1195323029912134,0.38148801763896073,1.3897104623772676,3.3289418560746293,0.37678884074396624,1.2120179228704855,3.2909018644201606,0.5586336546553656,5.397017680216039,-3.276923076923076,0.6146153846153846,0.5176923076923077,0.8536538461538461,0.20446153846153847,0.9406153846153846,1.1006153846153846
12.295569230769232,0.8770769230769231,10.693846153846154,10.707692307692309,242.18846153846155,0.09690857208078657,-18.504615384615384,17.58615384615385,60.785384615384615,-60.785384615384615,2.1820695000854923e-07,30.39268973859883,52.641688738997594,30.392695002767557,52.641685699728356,-52.641688738997594,0.0,13876408.82034448,25879253.309946895,0.4058418508344827,0.4110016199240783,1.0993900222967974,1.4042145727626947,1.6060312224035238,3.9303531247772447,9803454.733788252,23.67714016986738,7.481674238745088,0.5509568554688785,-0.025943524387912135,23.450793729554256,0.6839388955726073,684513258.4699786,30.431177467458767,28304.887514177168,25976215.42557127,-7.69163391100252e-07,-3.490567832032014e-08,-13.84514345992642,30.4451597391785,157.7242621407953,157.7308496678688,105.70840502521514,68276.4517239229,77948837.11614318,1.1487904929854411,0.3807615298550452,1.3795714112265562,3.326085040348011,0.3759192158662032,1.2008248117488696,3.2884449052127622,0.5636376375994865,5.389068881082194,-7.769230769230768,0.6967692307692308,0.4106153846153846,0.9078846153846154,1.2986153846153847,0.8852307692307692,1.0427692307692307
12.920184615384617,0.8992307692307693,13.844615384615384,6.363076923076923,236.83461538461538,0.09806184920966489,-23.575384615384614,7.764615384615385,42.10846153846154,-42.10846153846154,1.5116066172812284e-07,21.0542289895172,36.46699843410571,21.05423263621694,36.46699632868263,-36.46699843410571,0.0,11836562.186791401,22590824.57771097,0.4086477632205583,0.41341516783224475,1.1272261616697077,1.4390287697084632,1.6370226702760222,3.9409678956136442,9111897.371228326,15.83756377903132,8.2290153173183,0.2544134355780048,-0.010307181447845211,17.98349942455856,0.5332048273769332,708579622.8522522,28.50364503701498,25236.300660895147,22687843.46521762,-5.905512919782089e-07,-3.1494765938139235e-08,-19.378886020099078,28.51431869118841,105.87538812787646,105.8762458679121,71.32516241904054,66767.12458200069,76953095.78152286,1.0475116382017031,0.3828279904516107,1.407307031426653,3.334063291625802,0.3783613422579823,1.2314615680480843,3.295321539588964,0.5334185447020852,5.412188132666612,-8.169230769230769,0.4106153846153846,0.19461538461538463,0.9944230769230769,0.7407692307692307,0.8963076923076922,1.1966153846153846
12.166338461538462,0.8887692307692308,11.167692307692308,6.350769230769231,239.05000000000004,0.09757351426177631,-17.716923076923077,8.367692307692307,50.66230769230769,-50.66230769230769,1.8186719902953723e-07,25.33115170491208,43.87484671212869,25.33115609239663,43.874844179013294,-43.87484671212869,0.0,11318776.16936059,20806015.147443943,0.4075231061474346,0.4124515456611317,1.1155405480692484,1.4244543850470233,1.624063221649715,3.9364969701902197,8779144.036214773,18.012074776262523,10.775125488562125,0.4617688397648235,-0.020436027751342293,22.261604512906295,0.5843745807419604,758448456.1764534,34.12136102003693,23436.642135960297,20903010.346136168,-6.326196731978397e-07,-2.8783632739549065e-08,-14.455430113306516,34.135633948536686,117.48404853630475,117.48990816920318,76.92721359897364,67391.67374417538,77371364.40156375,1.095969962218906,0.3819873777037821,1.3956973896854037,3.330702729336124,0.3773669761084887,1.2186236335384664,3.2924237192156403,0.5510129234522069,5.402824336428718,-15.676923076923078,0.3293846153846154,0.6127692307692307,0.9001923076923077,1.3244615384615384,1.4784615384615385,0.7363076923076922
10.755569230769233,0.7324615384615384,14.14,11.803076923076922,235.47307692307692,0.0983571489916249,-23.993846153846153,20.60153846153846,55.246923076923075,-55.246923076923075,1.9832501938173415e-07,27.623459203451063,47.84524021365898,27.62346398797495,47.84523745131282,-47.84524021365898,0.0,14741311.630252225,22946287.30507035,0.409041077040511,0.413706518180773,1.1344887985378,1.4480554640907786,1.6449983387491012,3.94371397328701,10284813.838054335,22.292781131363853,5.697765532046944,0.5560414435722243,-0.014150544063040097,16.103491622048843,0.9084925635127991,629285518.4137977,21.471393515891723,25451.725196130974,23043256.614888154,-8.7141051106848e-07,-5.55863679785736e-08,-17.085217155483136,21.480292603681168,142.29631021627293,142.30300355292167,105.71875385942505,66383.28707608081,76692393.01845747,1.0183140675632867,0.3833436508242408,1.414500296624809,3.3361707422209177,0.37897051292468187,1.239462663362103,3.297148313321208,0.5226889719834017,5.417943746616329,-12.846153846153847,0.3635384615384615,0.40323076923076917,0.7821153846153847,1.414923076923077,1.0403076923076924,0.9886153846153846
10.486338461538462,0.974923076923077,12.89076923076923,12.172307692307692,238.38076923076926,0.0977191589535004,-20.94153846153846,16.853846153846153,56.90846153846154,-56.90846153846154,2.0428959856977866e-07,28.454228363995394,49.28417477126057,28.454233292412734,49.28417192583748,-49.28417477126057,0.0,13251310.418771608,19542506.349065855,0.4076831848202288,0.41256025322151885,1.1190485161540262,1.4288024661345042,1.6279374673348235,3.937788609329556,9610231.084693816,22.76631065853429,5.221310389509892,0.43274816267364796,-0.016656025100257574,16.35528199003885,0.718367226315706,593326847.7299438,22.715675133349365,22134.0833787112,19639475.15035562,-8.583213176842875e-07,-5.048864190221737e-08,-15.274392276604571,22.72634138485128,135.49390547521492,135.50033300208167,98.03095662711254,67203.00785143512,77246024.72874774,1.0812075312912877,0.3822414796554438,1.3991919996730748,3.331709029305262,0.3776677352241396,1.2224782932126539,3.2932895287944413,0.5457062702796387,5.405652434520725,-9.707692307692309,0.5407692307692308,0.33307692307692305,0.8159615384615384,1.1327692307692308,0.8593846153846154,1.22
10.3248,0.9416923076923077,12.773846153846154,12.04923076923077,249.31923076923078,0.09549782544774457,-22.91076923076923,15.54,51.33923076923077,-51.33923076923077,1.8429721277281462e-07,25.669613214763473,44.46107930967007,25.669617660871282,44.46107674270852,-44.46107930967007,0.0,12771526.343484253,18527218.180082064,0.4025883072911495,0.4083074706331302,1.0641130111705734,1.3600615370947646,1.5662356373985868,3.9176516657842853,9434611.827509481,19.20921118906424,6.005903266660308,0.3183098743156171,-0.014086823221122566,15.827014096333338,0.5434312539460537,604628542.4196981,25.775179678254208,21198.411832740698,18624201.760076832,-8.040591275314786e-07,-4.834146275822992e-08,-17.024052272387035,25.791010084817806,120.19845035536991,120.20477311173562,86.54978092982994,70286.71933967278,79198313.26186502,1.2412483422383445,0.3781877788570161,1.3440241953647427,3.3163808116538545,0.37281329640914795,1.162041195227129,3.280186963902926,0.57083854450251,5.361259122625903,-0.16923076923077218,0.3690769230769231,0.47615384615384615,0.869423076923077,0.9647692307692308,0.7338461538461538,1.4218461538461538
11.100184615384617,1.0506153846153847,11.887692307692308,10.338461538461539,248.23461538461538,0.0957027489444165,-22.283076923076923,13.881538461538462,57.09307692307692,-57.09307692307692,2.0495232959067252e-07,28.546536048500318,49.44405638877185,28.546540992905822,49.444053534118,-49.44405638877185,0.0,13071464.458200045,21596248.178059347,0.4030709422072941,0.40870282427906274,1.0693553234929338,1.3666224897759938,1.5721881933126158,3.9194957098522822,9511400.036861163,22.188274198047704,5.548942335554859,0.32841770966104217,-0.02105743077395442,19.309176955981034,0.5184385632428239,538011934.9465905,25.778003733563835,24139.65766403528,21693212.053690806,-7.605861253290722e-07,-4.093482753778184e-08,-17.280879658219515,25.79278742845258,141.81502833960369,141.82154664766148,97.18574796727003,69980.95047902473,79014139.6498732,1.2302122741976784,0.3785757063607668,1.3493354234097519,3.317801173113449,0.37328413315263015,1.1677982647124732,3.2813886154696323,0.5719144250902988,5.365414820876016,-1.7384615384615358,0.1216923076923077,0.20846153846153848,0.7525,1.1004615384615386,1.2187692307692308,0.7129230769230769
11.121723076923077,0.9872307692307694,13.5,12.012307692307692,236.53461538461536,0.09812554278326324,-16.793846153846154,20.386153846153846,44.13923076923077,-44.13923076923077,1.5845070295795503e-07,22.069613519071382,38.22569622672987,22.069617341640896,38.225694019768326,-38.22569622672987,0.0,12493797.072124423,15401449.862174932,0.40877382382893973,0.4135195010060379,1.1288218003207617,1.4410183058195793,1.6387846704056548,3.9415861440008557,9353269.764598282,15.495893752792602,9.029418091455227,0.3337645755530205,-0.0087028814592003,14.288307728551848,0.5740737524259276,717342350.2917706,28.67861933908273,18261.204146365642,15498483.852832234,-6.727804869301878e-07,-4.6249844642386615e-08,-10.768977288134458,28.68875522158504,89.60712553998788,89.60836669571576,61.4599417041907,66682.5502162895,76896424.1927233,1.0410363756422665,0.382941706051445,1.4088882969584278,3.334524905392185,0.3784957224336535,1.2332172279231746,3.2957210199785925,0.5310106135666601,5.413457275814446,-1.4000000000000021,0.33215384615384613,0.5869230769230769,0.7928846153846154,0.5081538461538461,1.1658461538461538,1.2396923076923076
12.252492307692307,0.8469230769230769,14.250769230769231,12.89846153846154,247.88846153846157,0.09576905174661386,-23.981538461538463,16.767692307692307,51.03153846153846,-51.03153846153846,1.831926610713249e-07,25.515767073921932,44.19460994715126,25.515771493382804,44.19460739557432,-44.19460994715126,0.0,14414010.794111416,25357576.443100467,0.4032062797162297,0.4088099550542814,1.0710337687016196,1.3687230912932649,1.574087252137401,3.920081795904174,10188222.692546934,19.19957536831908,4.916950596835576,0.3885582283209861,-0.011532272880705609,16.569729917553012,0.6841453248710355,593863031.3804152,22.990836009937833,27858.18872450132,25454559.266843915,-7.900326688196801e-07,-4.51468645820313e-08,-17.98487729614541,23.003714448606498,136.0376024017593,136.04423797987573,97.15746092011662,69883.36467243494,78955091.7234848,1.226710382367894,0.3786956228335297,1.3510325199873716,3.3182542859764386,0.37343060124098915,1.1696442198001162,3.281772658088738,0.5722630226815677,5.366684039385555,-16.723076923076924,0.28600000000000003,0.10323076923076924,0.8674999999999999,0.842,0.8889230769230769,1.4476923076923076
8.235569230769231,1.0296923076923077,12.933846153846154,9.304615384615385,249.87307692307695,0.09539392066782834,-18.886153846153846,14.42,48.385384615384616,-48.385384615384616,1.7369351643851326e-07,24.192690262684668,41.90297342948948,24.192694452981893,41.90297101022024,-41.90297342948948,0.0,10948686.209163234,11791545.796270467,0.4024133739767125,0.40817895606313176,1.0614553647356244,1.3567468526045376,1.5632246490433543,3.916748126473158,8701403.9714593,17.176214578077296,7.205223846919409,0.37364073510408347,-0.012659228902786738,13.405054400488423,0.6763638243130254,684123914.3844465,25.73968566850683,14683.683544295178,11888550.813788768,-7.769808629446154e-07,-5.5076265662560935e-08,-13.37695242522268,25.75595969649468,91.10951862561448,91.11176401163738,67.12004366495724,70442.85663021645,79291587.80974297,1.246896234597017,0.3779958930497637,1.3413285371357468,3.315667995380892,0.37257853288113574,1.159123145736368,3.279585257841662,0.5702937495856775,5.359233416913853,-6.446153846153846,0.48630769230769233,0.3653846153846154,0.8875,0.9044615384615384,1.4883076923076923,1.2803076923076921
9.743261538461539,0.7170769230769231,11.26,7.643076923076923,247.28846153846155,0.09588623847829422,-22.787692307692307,9.81076923076923,47.61615384615385,-47.61615384615385,1.7093213718478895e-07,23.80807491058081,41.23680002319245,23.8080790342607,41.23679764238475,-41.23680002319245,0.0,10712124.124075131,14443634.03898397,0.4036767303454491,0.4092362967363036,1.0739638596638066,1.3724227291542979,1.5774359181783069,3.921181816218928,8527577.234182496,16.939984791323575,11.494201182514622,0.25419949684595144,-0.01955794196169862,17.42894665381261,0.4566249936335437,723673188.103544,35.65992214111945,17244.321104222952,14540630.193830559,-6.565541859385126e-07,-3.918035844934134e-08,-18.11070579014299,35.675545999315496,99.00555813476659,99.0070364146461,67.7134892917296,69714.2159410126,78850150.00103827,1.220632464532265,0.3789156791092728,1.3539925421218137,3.3190556638355737,0.3736959111397651,1.1728614153458852,3.282452776055989,0.5728746245348265,5.369069431968112,-19.123076923076923,0.10692307692307693,0.6266153846153846,0.9786538461538461,1.1155384615384616,0.8261538461538461,0.836
9.980184615384616,0.9976923076923078,11.561538461538461,13.243076923076924,239.1192307692308,0.09755853959517871,-20.806153846153848,8.712307692307693,50.293076923076924,-50.293076923076924,1.8054173698774955e-07,25.14653633590223,43.55508347710611,25.146540691410458,43.55508096245226,-43.55508347710611,0.0,10919726.093503874,15568005.429222727,0.40744994327964473,0.41238304353202493,1.1151774540697157,1.4239974917083085,1.62365531086126,3.9363546999603214,8619358.434693638,18.92802333766999,8.469241974269291,0.295296213334538,-0.014966346142507412,15.517685109089234,0.46034575672174344,641491105.2802339,29.639121197155294,18311.255402136267,15664994.784082904,-7.67919520884086e-07,-4.0640761862974835e-08,-16.470555065903547,29.651861190597376,107.62010945809153,107.62602080767235,73.81280138284755,67411.19090549335,77384280.37942666,1.0975031612853459,0.38196107466924045,1.3953364880621888,3.330599054678787,0.37733583549663585,1.2182259962341189,3.2923346059106415,0.5515625729472751,5.402531673865559,-12.26153846153846,0.22230769230769232,0.2776923076923077,0.7925,1.3804615384615384,0.9049230769230769,1.3332307692307692
7.847876923076923,1.0696923076923077,13.616923076923076,6.633846153846154,235.4038461538462,0.09837253859049197,-22.627692307692307,11.684615384615384,51.12384615384615,-51.12384615384615,1.835240265817718e-07,25.561920916174394,44.2745507559069,25.561925343629348,44.27454819971459,-44.2745507559069,0.0,11335069.682480413,14347466.93921401,0.4091344465343398,0.4137958186891992,1.1348612746709754,1.4485299075662548,1.6454176534545333,3.943877382379353,8875416.133308876,20.049231743832124,6.2582911493716855,0.5322142573762363,-0.014822698518479947,14.208873558351172,0.8947326771299032,713241388.5537686,22.099729360065403,17098.716151908673,14444450.12627343,-8.135767669678465e-07,-5.649219775832289e-08,-17.223402012280562,22.109743653236166,108.17724205185239,108.1837322032472,82.84956668546667,66363.76991476284,76679009.47283225,1.0168416424902742,0.3833698398149246,1.4148672229578017,3.3362787608172244,0.3790014376432033,1.2398717863026936,3.2972421496622557,0.5221475979093816,5.418236202387991,-10.876923076923077,0.36815384615384616,0.4272307692307692,0.8521153846153846,0.8204615384615384,1.2433846153846155,1.4784615384615385
11.186338461538462,0.8333846153846154,12.3,10.326153846153847,243.64230769230767,0.09660890497394747,-21.04,14.57076923076923,53.12384615384616,-53.12384615384616,1.9070361264145507e-07,26.561920831644425,46.006601612279184,26.561925432304456,46.00659895608687,-46.006601612279184,0.0,12783983.789155174,20504454.01272768,0.40523752511030536,0.4105101862498201,1.0920485878783537,1.3950311991483844,1.59781313393289,3.927677030955129,9420690.024909556,20.105795205857113,6.301178256893328,0.3278189526794878,-0.01665674994290208,18.30874920528904,0.5544260602972056,584317009.8785758,26.270891156538738,23111.918029591558,20601434.786157005,-7.123773775869703e-07,-3.981830933405227e-08,-16.049980373651913,26.284766719173785,127.05354419423996,127.05974167310988,86.25111447326873,68686.31211160004,78210224.01224746,1.1705177567758447,0.38023842108774003,1.37221263054027,3.324041507141535,0.37528968698888054,1.1927395913830978,3.2866957483359354,0.567289572388998,5.383397467951636,-8.015384615384615,0.4281538461538461,0.442923076923077,0.849423076923077,0.6136923076923076,0.8015384615384615,0.8950769230769231
10.583261538461539,0.7835384615384615,13.943076923076923,6.276923076923077,246.31923076923078,0.09607619231647853,-18.049230769230768,15.927692307692308,52.60076923076923,-52.60076923076923,1.8882587474892252e-07,26.3003823922138,45.5536036959972,26.300386947574044,45.55360106595873,-45.5536036959972,0.0,12412678.533327341,18174572.746635813,0.403972203989793,0.4094518884174281,1.0787002788386264,1.3783455612674327,1.5827679874789713,3.92283055791507,9346922.551998349,19.48898800000219,5.819402998663039,0.6106240820431511,-0.013949680641584654,16.470321429443818,0.9565774191806586,679900138.0420828,21.544374534987085,20868.12313388996,18271563.21823838,-7.262711303166403e-07,-4.64762212859011e-08,-13.160929704560175,21.557250216446114,116.69865590522592,116.70473918842268,82.69748750855764,69440.97568256117,78682180.95507449,1.2108998378720364,0.379251353868998,1.358772211412808,3.3203420398695904,0.3741053782840898,1.1780815271188634,3.2835468832964776,0.5739088616446691,5.372629217328135,-18.784615384615385,0.47707692307692307,0.6764615384615384,0.8128846153846154,0.4995384615384615,1.2064615384615385,1.4612307692307693
10.378646153846155,0.714,10.681538461538462,10.424615384615384,244.49615384615387,0.09643724584076217,-19.624615384615385,7.7215384615384615,56.17,-56.17,2.0163867448620335e-07,28.084997625975692,48.64464830121542,28.085002490440388,48.64464549271541,-48.64464830121542,0.0,10721166.958599446,15833705.864926338,0.40483798918556674,0.41017627495882003,1.0877619030974424,1.3896726876707628,1.5929920810700522,3.926111172959556,8483049.707443422,21.30584352599789,7.919241041614634,0.3443316475458441,-0.023475983856043717,18.32900216878028,0.45532487970681856,617196550.1971594,29.64275089918593,18528.283361945945,15930675.863855848,-7.556026368066379e-07,-3.8571881668119314e-08,-15.87685297115932,29.658305297184093,119.94235408686183,119.94842415814811,80.72011151595859,68927.0237678549,78361934.17137867,1.1833969378530487,0.37991890933434863,1.3679020415996876,3.322844779516429,0.37490784574042957,1.1880283964558958,3.2856747853498423,0.5694296308768639,5.379888058649111,-2.907692307692308,0.6155384615384615,0.33769230769230774,0.8709615384615385,0.41984615384615387,1.412,1.092
11.627876923076922,0.9687692307692308,10.632307692307693,7.310769230769231,239.21153846153848,0.09753860134723016,-17.47076923076923,12.869230769230768,58.07769230769231,-58.07769230769231,2.0848689503543964e-07,29.038843699193258,50.29675834883205,29.038848728868953,50.29675544494743,-50.29675834883205,0.0,12221397.280447736,21334621.57172028,0.4073418919592505,0.41228072521860426,1.1146933148797307,1.4233843741785204,1.6231070979397153,3.9361513731681814,9105720.36007081,22.101887715038806,8.475260326233,0.5229922321160824,-0.02736597974722161,23.239726405096945,0.6427862304409734,707776116.6690369,30.848549912040856,23888.975896955424,21431592.37156004,-7.137979214864744e-07,-3.391393720163867e-08,-13.594692453693753,30.862335320357797,136.68781203612494,136.69396470291946,90.79316553573743,67437.21378725064,77401486.08034848,1.099549245397891,0.3819260126539012,1.3948554516653227,3.330460952868397,0.37729432186782463,1.2176962007486354,3.2922159416214103,0.5522956356065448,5.402141642507501,-11.953846153846154,0.2924615384615385,0.6792307692307692,0.7817307692307692,0.9518461538461537,1.4206153846153846,1.071076923076923
13.340184615384615,0.9952307692307694,10.761538461538462,10.584615384615384,235.51923076923077,0.09834690862338387,-19.636923076923075,9.552307692307693,49.64692307692307,-49.64692307692307,1.7822217841462112e-07,24.82345944013499,42.9954978158166,24.82346373968465,42.99549533347044,-42.9954978158166,0.0,12354073.989287423,25390097.511956483,0.4091979272076333,0.41386906715027316,1.134244822451542,1.4477761474805486,1.644754271151193,3.9436628126613003,9202783.664825046,17.50794547009799,13.476840378484322,0.47791248820381627,-0.019233983794440558,23.064707612631437,0.5870138593750716,863939220.906394,39.67447569652512,27903.68897971311,25487092.77760924,-6.306350676328545e-07,-2.641980469522267e-08,-15.98380423764264,39.68859312188557,127.81390580718681,127.8146005078447,81.59170862613901,66396.29851695942,76701308.85449812,1.0192963451420787,0.38332617756652804,1.4142557461052543,3.3360987680404754,0.3789498827414163,1.2391900654193053,3.2970858031508774,0.5230502112772365,5.41774857679403,-16.323076923076922,0.6746153846153845,0.5029230769230769,0.8578846153846154,1.1736923076923078,1.4944615384615385,0.8852307692307692
8.06326153846154,0.9232307692307693,12.213846153846154,10.104615384615386,239.88076923076923,0.09739445951009476,-20.78153846153846,15.561538461538461,56.50846153846154,-56.50846153846154,2.0285368135784204e-07,28.254228380901388,48.93776459998611,28.254233274677713,48.93776177456303,-48.93776459998611,0.0,11640184.653805634,13165877.126515105,0.4069842069869497,0.41197190947566076,1.1112013894040507,1.4190312152551592,1.6192162557602965,3.9348301097634897,8921887.531150829,22.309995076220762,5.955338523752809,0.4262894896773097,-0.019303146514177246,14.582915970203908,0.7005857156418028,627626764.0649818,23.27084744945995,15918.14540578018,13262847.024409395,-8.835906692822852e-07,-6.010553135443639e-08,-14.881674552325338,23.282909454352538,114.63055455541088,114.63702970317132,85.84363587248126,67625.87967999093,77526113.16342786,1.1144357765167783,0.381671829902528,1.3913744753208517,3.3294641617656264,0.3769932491179748,1.2138666434590857,3.291360280339108,0.5575486909946672,5.399316008607453,-18.56923076923077,0.4493846153846154,0.27584615384615385,0.8513461538461539,0.31861538461538463,0.9578461538461538,0.724
11.250953846153847,0.738,10.527692307692307,8.061538461538461,241.51923076923077,0.09704782443653272,-19.673846153846153,11.038461538461538,56.66230769230769,-56.66230769230769,2.0340595720858688e-07,28.33115145132216,49.07099928124551,28.331156358421953,49.070996448130124,-49.07099928124551,0.0,11954773.487187635,20465151.730284855,0.4062134953527227,0.4113235617000902,1.1028027127857207,1.4084955682108915,1.6098581959694518,3.9316399976169745,9006615.588208813,21.449878144488284,8.813400234866586,0.43693220467663035,-0.026839999671799623,22.42062771224285,0.5617312938157282,664045084.3237317,32.37333513213032,23041.762573489275,20562121.496155918,-7.135187029202077e-07,-3.399497361535856e-08,-15.712230397022639,32.38876075300774,134.23238885381983,134.23860820324464,90.39144712080828,68087.78583118263,77827111.4769646,1.1388714979784826,0.38101471048719565,1.3829881812516407,3.3270493573228967,0.37622046440943846,1.2045835550146053,3.289272539313133,0.5619573353460878,5.3918695230164335,-6.107692307692307,0.15953846153846155,0.502,0.7913461538461538,0.23676923076923076,1.2889230769230768,0.7966153846153846
13.404800000000002,0.7669230769230769,13.05076923076923,9.009230769230768,247.08076923076922,0.09592668625123295,-22.233846153846155,11.555384615384614,50.47769230769231,-50.47769230769231,1.812044680086434e-07,25.238844020407157,43.7149650946174,25.238848391903545,43.71496257073277,-43.7149650946174,0.0,13729818.076459749,29298252.048141997,0.40361945186126424,0.4091596332225191,1.0749736968299506,1.373666369005512,1.5785559500837545,3.9214961058367312,9890778.776788773,18.55420782343328,6.1977639525049995,0.35252998106209693,-0.014572049495175087,21.342861026097,0.507052965110148,591419037.975423,27.571305187308464,31711.411200087456,29395238.64035856,-7.091858672652901e-07,-3.16696676830213e-08,-17.9196811370612,27.58569198757201,139.9173285015203,139.92397603122635,96.42688963986201,69655.66445705872,78814306.43960352,1.2185406401073366,0.3789876285828719,1.355014973253756,3.319330177239512,0.37378370976076514,1.173976694106767,3.2826860119231176,0.5730863238199327,5.369832108988891,-3.4923076923076906,0.14661538461538462,0.30723076923076925,0.8851923076923077,0.16999999999999998,1.188,0.9319999999999999
9.377107692307693,0.9096923076923078,14.330769230769231,13.76,248.48846153846154,0.09565435604534606,-20.38769230769231,16.013846153846153,61.55461538461539,-61.55461538461539,2.2096832926227356e-07,30.77730509070269,53.30786214529463,30.777310421488753,53.307859067563854,-53.30786214529463,0.0,13673362.758277953,20184763.465971675,0.40288400871663965,0.40853504965593446,1.0681250389721455,1.3650700846252348,1.57078293146537,3.9190432891248843,9895711.981687635,25.06462656561185,6.261545473563808,0.8408933247425089,-0.0159221153713475,14.569427605332406,1.287438990436065,833696259.278998,18.573202579952852,22740.2275078707,20281718.63041469,-9.839612050147445e-07,-6.0085238854959e-08,-14.740027991929457,18.583833061647717,151.92299051271772,151.9298940981166,115.8544981299093,70052.51340385724,79057306.79352927,1.2327841808510653,0.37848775879313745,1.3480926956995731,3.317469992993172,0.373176678458572,1.1664477737935997,3.28110813783157,0.5716597915780178,5.364484389263074,-16.876923076923077,0.5693846153846154,0.14292307692307693,0.9978846153846154,1.2727692307692309,1.2495384615384615,0.7695384615384615
11.046338461538461,0.7841538461538461,13.456923076923077,11.741538461538461,235.68076923076924,0.09831118876481479,-21.82769230769231,9.53076923076923,46.23153846153846,-46.23153846153846,1.6596165452808516e-07,23.115767276793868,40.03768789185779,23.115771280562548,40.037685580280865,-40.03768789185779,0.0,11659477.04161408,18643789.15470651,0.40908493148000585,0.4137673753038537,1.1333786537280086,1.4466905552307472,1.6437962048270014,3.943320881117636,9012818.859141355,17.46473471507956,6.9849020196043,0.3179975977064936,-0.010625074026878829,15.309122704259432,0.6126381493227845,635002217.2272595,25.94329710496697,21346.415794940116,18740793.717307176,-7.319296146051395e-07,-3.9913025054765126e-08,-17.269764936482787,25.95385872458429,106.92418117285847,106.9253103328619,75.24968999769933,66441.83856003467,76732475.25568484,1.0227384801660429,0.38326503488351293,1.4134001697433358,3.3358471589629635,0.3788776805886077,1.2382366328344903,3.2968673378989175,0.5243153680557554,5.417065816721903,-16.93846153846154,0.5647692307692307,0.28600000000000003,0.855576923076923,0.5124615384615384,1.1387692307692308,1.2335384615384615
12.338646153846154,0.7995384615384615,11.70923076923077,9.464615384615385,244.93461538461537,0.09634913521046555,-21.74153846153846,16.487692307692306,55.46230769230769,-55.46230769230769,1.9909820557277694e-07,27.73115150204014,48.03176876742215,27.731156305216885,48.03176599430675,-48.03176876742215,0.0,13917070.21718871,25996363.269858904,0.4045843988638228,0.4099558150722982,1.0855729530169476,1.3869266615230273,1.5905198232392506,3.925300941107447,9875450.788844004,20.979823983852445,6.799549537149432,0.4006983872667871,-0.02059556615123035,22.08137980621669,0.5299179295674187,594837081.7696522,29.36471306011587,28448.20934446559,26093334.998271435,-7.47497316474942e-07,-3.5936235002260874e-08,-16.711435229395374,29.379358203964284,146.45431211389655,146.46090957642312,100.89283245415486,69050.63245620196,78439549.59101522,1.1900422135273925,0.3797611953933977,1.3657015379400033,3.3222409075255115,0.37471768233190383,1.1856243592436329,3.285160459648069,0.5705377210638798,5.378182902225215,-9.461538461538462,0.61,0.35153846153846147,0.8001923076923076,1.386923076923077,1.124,1.3036923076923077
8.677107692307693,0.9447692307692308,14.047692307692309,8.861538461538462,241.15000000000003,0.0971259999267711,-21.704615384615384,18.62,52.23153846153846,-52.23153846153846,1.8750041270713483e-07,26.115767023203947,45.233840460974626,26.11577154658787,45.233837849397695,-45.233840460974626,0.0,12792954.84599383,15939514.038021952,0.40633058894370294,0.4114117700094006,1.1046864493453843,1.410849761155287,1.61195403339501,3.9323280842378634,9491432.84720328,19.938666896746042,6.530303031033129,0.6300645669994511,-0.01340822079482316,14.150120760586447,1.0498311565189402,704675717.3354996,21.51971156113169,18664.486147174925,16036498.570132257,-8.47074058412948e-07,-6.199397876706212e-08,-15.046526302088859,21.53120791109128,114.24630902781671,114.25274381253072,87.3409566566431,67983.69430415353,77759538.46082765,1.1334221930856836,0.3811475791683651,1.3848710077641615,3.3275777460780134,0.3763800979503388,1.2066626488432137,3.289726825043456,0.5610240285662708,5.39331368675813,-1.8000000000000007,0.18353846153846154,0.6921538461538461,0.9959615384615385,0.13984615384615384,0.8187692307692307,0.7867692307692308
10.647876923076923,0.9743076923076923,13.666153846153847,7.6061538461538465,239.76538461538462,0.09741926235396148,-18.836923076923078,19.18,56.846923076923076,-56.846923076923076,2.0406868822948074e-07,28.423459135827084,49.2308808987568,28.423464058915037,49.23087805641064,-49.2308808987568,0.0,13474101.10587121,19905328.90239045,0.40703502494911037,0.4120140623170717,1.1118019064107147,1.419777619274836,1.6198835136130147,3.935050943854713,9744106.742193818,22.18761387862118,7.7698356203195855,0.6755253929529379,-0.016749190305064367,17.250321370236744,1.0309168162529934,722560931.8425901,20.88289185840439,22505.780035153002,20002303.68420938,-7.738121181579162e-07,-5.029422836860726e-08,-13.287831059122162,20.893013567040033,131.7144649158131,131.72072346038246,93.43905501388305,67593.35107779432,77504647.57262637,1.1118677566892805,0.38171555764713283,1.3919736159160219,3.3296353481341283,0.3770450826941893,1.2145254178456428,3.2915071508899856,0.5567037209808826,5.399801209119497,-4.723076923076924,0.5343076923076923,0.6423076923076922,0.9167307692307692,0.605076923076923,1.3061538461538462,0.7043076923076923
9.75403076923077,1.098,11.352307692307692,7.150769230769231,243.01923076923075,0.09673651919979155,-20.621538461538464,8.303076923076922,60.63153846153846,-60.63153846153846,2.1765467415780436e-07,30.31576666817806,52.50845405773819,30.31577191902332,52.50845102616126,-52.50845405773819,0.0,11322633.282939106,16781744.59826559,0.40547284325962973,0.4106966560469621,1.095185642651703,1.3989510887366563,1.6013256139548422,3.9288124040996384,8746005.11285953,24.5958848554285,5.62674431737605,0.3704668348911179,-0.028648880924590243,19.114175095701697,0.5552426214839657,558356721.1934459,24.352194401365782,19409.3852633825,16878698.6333502,-7.807538065667666e-07,-4.283728803560997e-08,-16.68619256292193,24.364908449965313,135.06017592565897,135.06660337779948,94.19966874947322,68510.65765973843,78098649.10945715,1.1611732299486186,0.38046262409447223,1.3753602965909686,3.3249132243382102,0.37555961384546205,1.1961933551962114,3.2874410127602163,0.5657148135115614,5.385826721338339,-18.046153846153846,0.11892307692307694,0.4115384615384615,0.8317307692307692,1.4364615384615385,1.3221538461538462,1.055076923076923
6.770953846153846,0.8192307692307692,13.38923076923077,12.935384615384615,238.81923076923078,0.097623551032517,-23.833846153846153,20.127692307692307,51.00076923076923,-51.00076923076923,1.8308220590117593e-07,25.500382459837777,44.16796301089938,25.500386876633957,44.167960460860904,-44.16796301089938,0.0,12815250.615370288,14530283.741567817,0.40748471646682516,0.4123941702353492,1.1167466474924066,1.4259366639545987,1.6253841321174414,3.9369214328574063,9495633.880029626,19.718864398663733,6.267015814166894,0.45560733695158273,-0.012491802323776788,12.58821316130482,0.8042138524006336,682789418.2246568,23.504893103930023,17286.905884022835,14627268.6953245,-8.961247141047474e-07,-6.908404163279557e-08,-15.7955543348672,23.51659291801307,110.03480434194196,110.04128852826331,84.66380271017161,67326.61653978222,77328245.67580117,1.0908673848772656,0.3820750118073936,1.396901192443342,3.3310488642555645,0.37747072021591865,1.2199505519349694,3.2927213501283545,0.5491816789926532,5.403799437112605,-4.4153846153846175,0.28323076923076923,0.12446153846153846,0.8898076923076923,1.4213846153846152,0.836,1.0415384615384615
7.869415384615385,0.8223076923076923,10.546153846153846,7.852307692307692,248.41923076923078,0.0956675794368936,-17.15076923076923,15.195384615384615,50.20076923076923,-50.20076923076923,1.8021037147730264e-07,25.100382493649768,43.475142668350465,25.100386841163914,43.475140158312,-43.475142668350465,0.0,10004927.248356655,8928670.56686014,0.4031642425442757,0.40881446242913133,1.06846522625136,1.3655360728905739,1.5712065739965801,3.919241529473721,8206866.172740008,16.420917464054828,13.57593183483819,0.3340990167981518,-0.022584487688621147,15.202533159759767,0.3859428633730798,803642196.0329407,37.28546283191328,11880.636484912768,9025672.535459567,-7.01030198004596e-07,-5.428519410177514e-08,-11.795994420483119,37.29473381244297,82.80548622330703,82.81147000979581,57.621708211621744,70032.99624253929,79045508.42054318,1.2320823686469566,0.3785117442862086,1.3484314823456571,3.3175602245442164,0.3732059876302295,1.1668158408834448,3.2811845378739264,0.5717290801442783,5.36473809555689,-10.107692307692309,0.3644615384615385,0.5370769230769231,0.7640384615384616,1.2598461538461538,1.3886153846153846,1.3406153846153845
6.954030769230769,0.9158461538461539,11.346153846153847,10.363076923076923,235.79615384615386,0.09828578475901192,-16.326153846153847,15.626153846153846,45.33923076923077,-45.33923076923077,1.6275845459376495e-07,22.669613468353393,39.264926740553236,22.669617394845957,39.26492447359169,-39.264926740553236,0.0,9697339.048367558,7219758.772083508,0.4091751512410711,0.4138684217145842,1.1327640688340763,1.4459482043948095,1.6431436967512765,3.9431370883248875,8106256.62283629,14.791499865608774,16.17269925616788,0.32382066961723815,-0.016537797411099186,12.011686128913354,0.44450985474507104,925406606.2645155,37.67133408198809,10258.439097400551,7316785.285083892,-7.707156457380541e-07,-6.22453044258449e-08,-10.260966992220522,37.649496213419546,68.34216707741807,68.3452972749151,49.06269539742718,66474.36716223128,76754706.0993127,1.0252008607284973,0.3832213581618292,1.4127894380265524,3.3356677259644623,0.3788260994017233,1.2375564098078844,3.2967116156963097,0.52521877791259,5.416578167478643,-0.815384615384616,0.6524615384615384,0.32846153846153847,0.8525,0.4758461538461538,1.3393846153846154,1.0956923076923077
11.85403076923077,0.7663076923076922,12.810769230769232,10.60923076923077,242.5346153846154,0.09683657606012698,-19.378461538461536,8.755384615384616,56.816153846153846,-56.816153846153846,2.0395823305933175e-07,28.408074521742932,49.20423396250492,28.40807944216619,49.20423112169722,-49.20423396250492,0.0,12474866.147402685,23392537.01620733,0.4057084457334598,0.4108951652254199,1.097635809882856,1.4020207858779197,1.6040716993455386,3.9297134528272535,9323476.180066466,22.39561672130959,5.148811960978399,0.4338641864822058,-0.017775350198771096,18.960293337187775,0.6890348136494758,581549170.2978886,22.86971347953409,25896.903585764696,23489505.875254527,-7.464804931424464e-07,-3.494090481638301e-08,-15.725128164166476,22.881196441248672,143.69912728570267,143.70560608105228,97.14074111398106,68374.03753051271,78011436.35413425,1.1539376057530089,0.38063701283569223,1.3778148621339397,3.3255954834423416,0.37576944429081893,1.1988913702036648,3.2880252068389817,0.5644899940488624,5.387717924619077,-15.76923076923077,0.15492307692307694,0.6746153846153845,0.9228846153846154,0.8527692307692307,0.7276923076923076,1.0932307692307692
10.507876923076925,0.93,14.281538461538462,9.956923076923076,248.00384615384615,0.09574701637090292,-21.655384615384616,9.293846153846154,52.354615384615386,-52.354615384615386,1.8794223338773074e-07,26.177305479540564,45.34042820598215,26.17731001358326,45.34042558825137,-45.34042820598215,0.0,12442184.290436376,21263754.543198522,0.4031761142434056,0.40878945259899657,1.070474093038422,1.36802489898568,1.5734563651782636,3.919890224348596,9402933.874593118,20.004405958926633,7.875381515923436,0.6686732954415303,-0.013113033495928848,16.09406579534524,1.1119544158780228,780086778.9363812,21.106790699080822,23856.073168875933,21360734.184242312,-7.661429031064522e-07,-4.267206990064094e-08,-17.295243840719678,21.119384215291962,129.11711525875904,129.12359088768906,92.48611465961079,69915.89327463151,78974710.71588446,1.227876968108453,0.3786556531107113,1.3504665077066453,3.3181030564600813,0.3733817871836396,1.1690283403796833,3.2816444423174107,0.5721466203630694,5.3662609217271715,-11.861538461538462,0.3746153846153847,0.45861538461538465,0.760576923076923,0.9733846153846153,0.8618461538461538,1.2606153846153845
6.749415384615385,0.821076923076923,11.696923076923078,12.467692307692307,241.9346153846154,0.09696048514865488,-16.08,13.515384615384615,44.17,-44.17,1.58561158128104e-07,22.084998133155533,38.25234316298175,22.085001958389746,38.252340954481745,-38.25234316298175,0.0,9523567.255946735,7536394.541558282,0.4062625022243282,0.4114086028852327,1.1006931424100688,1.4058901776655046,1.6075384514551396,3.9309379626757095,8083706.52619765,14.608308653764345,14.64606805237391,0.31770514761092855,-0.013234867124699354,11.242957107516549,0.49831094819008076,884671990.4105103,36.20323453298359,10590.981611938141,7633426.445930049,-7.514493836315875e-07,-5.703057949158741e-08,-10.535185663189207,36.18840146279782,68.50028506334313,68.50332198627278,48.45863204125714,68204.88879909039,77902778.70691366,1.1450212975022989,0.3808652362351802,1.3808739042070322,3.3264575669761283,0.3760408052727493,1.202251791432617,3.2887643095485948,0.5630054873093551,5.390245947427044,-11.092307692307692,0.3533846153846154,0.1706153846153846,0.8501923076923077,0.7149230769230768,0.7953846153846154,1.3996923076923076
9.226338461538461,0.9146153846153846,12.244615384615384,11.249230769230769,247.03461538461536,0.09593569512779669,-22.09846153846154,17.026153846153846,45.893076923076926,-45.893076923076926,1.6474664765644646e-07,22.946536521868172,39.7445715930871,22.946540496325223,39.74456929843325,-39.7445715930871,0.0,11813134.885880793,14006111.703891808,0.40373981687642624,0.40927826001186185,1.0752014279198492,1.3739680559069491,1.578828762734421,3.9216107763745307,9020217.532535333,16.196850364981017,9.674884118497058,0.25230532454273047,-0.012844926083136818,14.472342977550792,0.4757075707437641,693465968.0751489,32.2656719828131,16851.713658021614,14103121.122197855,-7.327693194338713e-07,-4.999727150569731e-08,-15.647219466562197,32.28129498734202,93.53116778279936,93.53277910028208,66.33217941985212,69642.65301618006,78806328.6936262,1.218076102470885,0.3790036240043673,1.3552422805932518,3.319391263560479,0.3738032241402502,1.1742247616914065,3.282737935268636,0.5731334534817235,5.370001746510412,-2.53846153846154,0.5112307692307693,0.6192307692307693,0.9732692307692308,0.8678461538461537,1.480923076923077,1.0513846153846154
9.129415384615385,0.7798461538461539,11.069230769230769,6.7446153846153845,242.78846153846155,0.09678414727093197,-16.412307692307692,12.89076923076923,60.0776923076923,-60.0776923076923,2.1566648109512285e-07,30.03884361466328,52.028809205204325,30.038848817544057,52.0288062013197,-52.028809205204325,0.0,10851671.98248365,13290252.387584101,0.4056133405407923,0.41082003069704137,1.096351960701617,1.4004173602776862,1.6026383229259258,3.9292528077631315,8547838.724331204,23.40523482969071,6.446216502547399,0.42675557600894454,-0.027462940672897247,18.024212401544037,0.5751606081068956,606819200.4255526,24.73504892393493,16035.762720244835,13387219.092841264,-7.562011946941621e-07,-4.7256064839173015e-08,-12.249067521432165,24.748315517123636,116.338264176123,116.34435065871374,79.9246239068687,68445.60045534522,78057110.20526278,1.1577241586192009,0.38054567183267235,1.3765284712823966,3.325237654846355,0.37565955104574833,1.197476842563072,3.28771870679023,0.5651315644260237,5.38672718957717,-6.015384615384615,0.20384615384615384,0.49461538461538457,0.8705769230769231,1.1564615384615387,1.4575384615384617,1.4107692307692308
12.747876923076923,0.8432307692307692,12.576923076923077,9.735384615384614,242.48846153846154,0.09684616748839565,-23.13230769230769,14.096923076923076,43.893076923076926,-43.893076923076926,1.5756706159676325e-07,21.946536606398148,38.012520736714826,21.946540407650115,38.012518542060974,-38.012520736714826,0.0,13217220.803411637,24554693.753426813,0.40586692962818066,0.4110522172351788,1.09787269393709,1.4023366285942596,1.6043552123881466,3.929834389876366,9658621.681957949,15.554203374328013,10.465219576212924,0.3008708602720918,-0.012456939512076885,19.765531710245384,0.43136185731274235,694513808.9511263,35.033409125820576,27150.067319045516,24651708.404716577,-6.297077873712211e-07,-3.166789656972202e-08,-18.096485657371975,35.04866521538469,112.40059663665282,112.40138290212943,76.04601810455472,68361.02608963406,78003090.12914416,1.1532499503371938,0.380653618782645,1.3780489338179043,3.32566065640506,0.3757894197819733,1.1991488562296526,3.288081049885878,0.5643733452781898,5.387898071355019,-10.907692307692308,0.6755384615384615,0.5490769230769231,0.7625,1.3201538461538462,1.1830769230769231,1.1695384615384614
12.381723076923077,0.8641538461538462,11.155384615384616,11.236923076923077,236.2576923076923,0.09818511341189738,-21.286153846153844,20.343076923076925,56.53923076923077,-56.53923076923077,2.02964136527991e-07,28.269612994985543,48.96441153623799,28.26961789142656,48.96440870927645,-48.96441153623799,0.0,14503943.693447785,26347718.233822778,0.40871688429462083,0.41343965566412566,1.1302934360000847,1.4428265856878504,1.6403816668889142,3.942100912445373,10080323.673568826,21.86920321076304,7.941905068560536,0.4410118221610491,-0.021085461059724912,22.303231873388338,0.5755092899978234,659568374.4519153,31.49404779882661,28775.47572988805,26444689.10998255,-7.485469341745318e-07,-3.6664430207677875e-08,-15.703103515541379,31.50668661832267,150.13652085758233,150.14308810059433,102.04086320026819,66604.48157101768,76843404.67877114,1.0350826674792095,0.3830466069911116,1.4103497226815864,3.3349523528409586,0.3786196701515557,1.2348414785378612,3.296091270118279,0.5288367307364239,5.414627698480429,-4.446153846153846,0.30353846153846153,0.13184615384615384,0.9675,0.5253846153846154,0.703076923076923,0.9246153846153846
10.410953846153847,1.0832307692307692,14.053846153846154,9.218461538461538,246.80384615384617,0.09598071374929902,-21.84,7.204615384615384,54.846923076923076,-54.846923076923076,1.968891021697975e-07,27.42345922035706,47.498830042384526,27.423463970239933,47.498827300038364,-47.498830042384526,0.0,12192689.306635406,21270381.608960375,0.40370541209254024,0.4092228653677809,1.076325796860005,1.3753576726873395,1.580079392682157,3.9219691199149693,9274769.146095771,21.53696837627462,7.524519918120314,0.6610814943320269,-0.015414316025892012,16.566920740774393,1.0672528014301261,744282817.3042152,20.591801818980304,23833.84553056256,21367350.89928148,-7.976642334436387e-07,-4.240528574156283e-08,-17.83897921768939,20.603581765905904,136.9440185019357,136.95066288785733,99.46758111839881,69577.59581178689,78766484.69645764,1.2157550251719824,0.3790835654785427,1.3563797415169683,3.3196971769834827,0.3739007455067598,1.175466517196008,3.282998031098943,0.57336953621806,5.370849515083604,-5.707692307692307,0.24723076923076923,0.5324615384615385,0.8109615384615385,0.8226153846153846,1.0686153846153847,0.9652307692307692
9.872492307692308,0.9176923076923077,11.66,12.295384615384616,243.11153846153846,0.0967175210726894,-23.673846153846153,18.986153846153847,53.52384615384615,-53.52384615384615,1.9213952985339166e-07,26.761920814738424,46.35301178355363,26.761925450039474,46.353009107361316,-46.35301178355363,0.0,12972118.900279522,17264026.23215227,0.4054443786138298,0.4106755631673095,1.094720372004452,1.3983707077832948,1.6008061727325058,3.9286470410584067,9446141.272762038,20.412255177822452,6.9706516125826,0.2778800201180285,-0.017601907496108085,16.391557891364265,0.4585063073102664,575535740.5324363,28.616707884643763,19935.54950167418,17361001.554457635,-8.200755566980427e-07,-5.127495287549848e-08,-16.960428895222986,28.631459015511734,121.65032303650779,121.65657451597197,86.71811231054843,68536.6805414957,78115233.81573278,1.1625547775826321,0.3804294102351762,1.3748934240452109,3.324783702130907,0.3755196361808018,1.195680608318086,3.2873301899909073,0.56594811100209,5.385466693090567,-18.630769230769232,0.6376923076923076,0.41338461538461546,0.9890384615384615,0.7946153846153846,1.3763076923076922,1.3652307692307692
6.7171076923076924,0.842,10.743076923076924,6.006153846153846,249.71153846153848,0.09542397841763416,-23.53846153846154,11.921538461538463,49.95461538461538,-49.95461538461538,1.7932673011611083e-07,24.97730558097653,43.26196717833541,24.97730990717313,43.261964680604635,-43.26196717833541,0.0,9818786.053047128,8895332.100626225,0.40248877167075914,0.4082413564815624,1.0622300585572506,1.3577176151684764,1.5641073216697958,3.9170225857724414,8134604.1114657065,17.78254219547092,11.756771317718854,0.24592537041164983,-0.024894966911661688,14.651194618926365,0.3912187661310207,743076467.1574919,35.52431718535472,11807.5266620263,8992317.80606183,-7.804880285101514e-07,-6.005565042081002e-08,-17.579089268564708,35.54115000634316,87.299970878623,87.30685337474803,65.56224521587288,70397.3165871412,79264566.43683219,1.2452472706842292,0.37805186039485555,1.3421140475252602,3.315875454366508,0.3726470208747474,1.1599729277070325,3.279760286776511,0.5704522032228314,5.359824052581608,-16.630769230769232,0.5684615384615385,0.44200000000000006,0.7725,1.2835384615384615,1.2938461538461539,0.7584615384615384
7.427876923076923,0.7306153846153846,11.506153846153847,13.747692307692308,242.00384615384615,0.09694720377028192,-17.003076923076925,11.124615384615385,52.01615384615385,-52.01615384615385,1.8672722651609204e-07,26.00807472461487,45.04731190721146,26.008079229345935,45.04730930640376,-45.04731190721146,0.0,9980922.677532652,10056923.452544771,0.40604308280395984,0.41119082791087125,1.100329868052096,1.405411708322988,1.6071014202189413,3.930741557196143,8260265.264756206,19.226490799310838,8.310848448200426,0.3854289646864002,-0.01462045958184387,12.5903438087449,0.5661532563832908,692333877.8104495,27.089876115935144,12948.44000356091,10153916.335518638,-8.135114179027558e-07,-5.275893732894041e-08,-12.308258533922098,27.102773479981337,92.29743212550059,92.30350910812734,64.85001895982333,68224.40596040833,77915300.69856909,1.1460490266798098,0.38082795316123313,1.3805094638977882,3.3263469468576994,0.37599908429342355,1.2018581430711763,3.2886695961696253,0.563170845715471,5.389789949202884,-14.753846153846153,0.669076923076923,0.25,0.8413461538461539,1.2103076923076923,0.9036923076923076,1.298769230769231
7.4817230769230765,0.7349230769230769,10.724615384615385,10.153846153846153,240.7346153846154,0.09721425522639553,-23.476923076923075,19.244615384615386,54.44692307692308,-54.44692307692308,1.9545318495786086e-07,27.223459237263054,47.15241987111007,27.22346395250491,47.15241714876391,-47.15241987111007,0.0,11513003.976373715,11260145.333888086,0.4065569132325661,0.41160716039238765,1.1068130373767995,1.4135226807315664,1.6143317041387786,3.9331345756588423,8804476.381992446,20.682339820505412,8.965708724299619,0.2643824883153978,-0.02293477173070215,14.935610334928064,0.4282422311105919,649087344.0407494,31.23950258167386,14067.57627495212,11357117.948680423,-8.564691724621442e-07,-6.360792205196826e-08,-16.06315941909619,31.254294208451686,104.470001487585,104.47639022116094,77.08249544523564,67866.59133624574,77683408.93992203,1.1273110738090097,0.38129704806802295,1.3869930322002144,3.3281748248752145,0.37655960335808525,1.2090088247726047,3.2902407472312154,0.5599776480370985,5.394939188617732,-1.3384615384615373,0.4844615384615385,0.4216923076923077,0.8540384615384615,0.8463076923076921,1.3406153846153845,1.1264615384615384
7.309415384615384,0.7472307692307693,12.675384615384615,7.249230769230769,247.33461538461538,0.0958772952515506,-18.09846153846154,7.850769230769231,42.354615384615386,-42.354615384615386,1.5204430308931462e-07,21.177305902190433,36.68017392412076,21.177309570207722,36.680171806389986,-36.68017392412076,0.0,9132043.119908616,9106202.397970706,0.4037807708494281,0.40934645884548354,1.0737415090147628,1.3721634871180846,1.5772030745775765,3.9211410433831837,7971464.69580842,14.468636222987033,11.4888211008637,0.3125726354163846,-0.012229957027413316,12.567749581118946,0.5614024372563254,786099903.0622634,32.134261848937584,12132.340028363687,9203235.060824426,-6.736579370606282e-07,-4.655848819065116e-08,-13.951813457310788,32.13883736391326,71.15916758278901,71.16216594224139,51.3285556770859,69727.22738189125,78858080.88114151,1.2210968589601914,0.3788997019310213,1.3537654565080406,3.3189947520496843,0.37367640970876337,1.1726138474714676,3.2824010494578126,0.5728193384570459,5.368900211578424,-0.3538461538461526,0.23707692307692307,0.1576923076923077,0.7975,1.2124615384615385,1.0489230769230768,1.2261538461538461
10.820184615384616,0.8573846153846154,13.936923076923076,9.895384615384614,249.68846153846152,0.09542831235934542,-17.015384615384615,10.413846153846155,47.58538461538461,-47.58538461538461,1.7082168201463994e-07,23.792690296496655,41.21015308694056,23.79269441751185,41.210150707671325,-41.21015308694056,0.0,11460135.339688975,17532155.018505104,0.4025533366416116,0.4083047736874768,1.0623418382511742,1.3578634181512494,1.5642397135397423,3.917065842706191,8996104.363670282,16.97233319779867,6.375494147243365,0.4435134870260133,-0.010313264692135034,15.434367123806073,0.7729514297251149,681021742.5963954,23.63131528973933,20300.238132167025,17629166.252529196,-6.566565330781873e-07,-3.7530264804041655e-08,-13.149816911870337,23.64625700375011,103.21942074344773,103.22064469591562,69.92113372194974,70390.81086670188,79260674.50471243,1.2450118120565514,0.37805986416059917,1.3422263488764135,3.3159051354996834,0.37265681164677467,1.1600944282886794,3.2797853306758475,0.5704748751986406,5.359908561960945,-12.692307692307692,0.6598461538461539,0.2546153846153846,0.9651923076923077,0.12261538461538463,1.1276923076923078,1.3024615384615386
7.890953846153846,1.0961538461538463,12.650769230769232,6.190769230769231,249.27307692307693,0.0955065426039824,-17.347692307692306,15.152307692307692,44.385384615384616,-44.385384615384616,1.5933434431914681e-07,22.192690431744612,38.43887171674492,22.19269427563168,38.438869497475686,-38.43887171674492,0.0,10270657.672297932,9643342.820063282,0.40281172828483447,0.40853106660547883,1.0643395751896798,1.360376616386579,1.56652285346377,3.9177916282154523,8416468.786972243,14.940143138637946,10.253091299023572,0.32077158008494516,-0.012562538923917574,13.334915908366144,0.5308049661717501,752943053.1426928,30.866603102504605,12647.738458693406,9740371.105801227,-6.936813278726943e-07,-5.464892187515734e-08,-11.875945860013314,30.878680224447216,75.43155085388806,75.43425044115898,54.83387105384988,70273.70789879412,79190501.60899873,1.240778420028194,0.3782037757554506,1.344249164605564,3.3164404164584798,0.3728328594385165,1.1622849430603202,3.2802373165212826,0.5708841604948109,5.361428116619832,-15.092307692307692,0.49,0.3589230769230769,0.9840384615384615,0.7063076923076922,1.3861538461538463,0.9086153846153846
8.041723076923077,0.7755384615384615,13.733846153846153,6.1292307692307695,237.2730769230769,0.09796387342621532,-20.08,12.546153846153846,49.893076923076926,-49.893076923076926,1.7910581977581293e-07,24.946536352808227,43.20867330583165,24.946540673675436,43.208670811177804,-43.20867330583165,0.0,11012852.539285986,13261949.530281086,0.40828119556232734,0.4130784916681574,1.1248964906570804,1.4361028813552799,1.6344272132632698,3.9400414168586604,8760193.21859243,18.75538375674374,6.523567282429641,0.5528247601078623,-0.013415612482925086,13.898146070209828,0.9226080814201657,710802966.9939716,22.22873458555755,16072.50590513696,13358944.21230009,-7.769627074614575e-07,-5.466258654400497e-08,-14.97761775071487,22.239158952362217,99.12354016546655,99.12982797012046,74.42633851843466,66890.73327034774,77036565.84835409,1.057008153010964,0.38266179508890585,1.4050000018829016,3.3333915263737914,0.37816487219951705,1.2289030302534272,3.294740789461869,0.5368715598991022,5.410335177820414,-8.723076923076922,0.2906153846153846,0.6976923076923076,0.8863461538461539,0.12476923076923077,1.3516923076923077,0.8495384615384615
10.130953846153847,0.9946153846153847,12.687692307692307,12.8,240.9653846153846,0.09716524889194209,-22.689230769230768,15.798461538461538,56.262307692307694,-56.262307692307694,2.0197003999665026e-07,28.131151468228154,48.72458910997106,28.131156340686932,48.72458629685567,-48.72458910997106,0.0,13158782.364191351,19457555.855627812,0.4064019219731996,0.41146881447029343,1.1056301989454502,1.4120309374724611,1.6130046847310722,3.932674654816053,9571867.67982972,22.400413973949053,5.3091782309171265,0.3836241655547069,-0.01675841412283751,16.10050566279027,0.6173690613919887,590529985.337347,23.49802678055975,22049.64888166333,19554522.438226998,-8.741607671146287e-07,-5.11089627776139e-08,-16.84872623832323,23.509565750964786,134.53754710202998,134.54404296934914,97.38119622120183,67931.64854063895,77725665.64534524,1.1307037340499004,0.3812140053680426,1.3858136463060413,3.3278427682379266,0.37645988327913626,1.2077044542192177,3.289954856564364,0.5605573903770519,5.394035951476276,-7.4,0.18076923076923077,0.5306153846153846,0.9355769230769231,0.4672307692307692,1.2113846153846155,0.8101538461538461
9.161723076923076,0.7730769230769231,12.909230769230769,6.621538461538462,244.3346153846154,0.09646982232207675,-23.415384615384614,8.13076923076923,42.01615384615385,-42.01615384615385,1.5082929621767592e-07,21.008075147264737,36.38705762535007,21.008078785970397,36.38705552454237,-36.38705762535007,0.0,10442019.543606358,14168221.717383869,0.4050825993219741,0.4104111761659442,1.0885734926645019,1.3907119027030923,1.593927870404953,3.926448221596018,8502861.11310917,15.162137895969778,10.145666884871913,0.23868653198605194,-0.012419986164769302,14.979896957566467,0.5013499103397234,713659852.7713141,31.869714306790907,17033.59339468573,14265241.721155984,-6.463977919859743e-07,-4.0800336357370026e-08,-18.71909778571359,31.880478563121702,86.07298859430409,86.0747323503447,60.97509355854173,68881.48372477965,78333282.00862074,1.1809532492559216,0.37997703782598585,1.368713943645245,3.3230680362011555,0.37497790627025823,1.1889162053462419,3.2858650891206302,0.5690215162361018,5.380516829436508,-2.9692307692307693,0.16323076923076923,0.29892307692307696,0.8271153846153846,0.5189230769230768,0.7067692307692307,1.0723076923076924
12.9848,0.8918461538461538,11.684615384615384,13.403076923076924,236.28076923076927,0.09818012536398475,-19.85846153846154,16.53076923076923,58.754615384615384,-58.754615384615384,2.1091690877871703e-07,29.37730520904465,50.88299094637344,29.3773102973436,50.88298800864266,-50.88299094637344,0.0,14243588.745725762,27484230.166919738,0.4086655472402613,0.4133894131901007,1.1301694811888847,1.442666094990124,1.6402392169702977,3.9420422338907906,9982149.548163775,23.494987065820453,6.384993137524026,0.46684529255809176,-0.01919173121322771,20.90274629422494,0.6463251925762293,628935979.966672,28.071447251644113,29869.082036959167,27581195.206404906,-8.65071230987396e-07,-3.734885624459448e-08,-15.048244267638923,28.08234881730887,159.6928905937278,159.6996816333684,113.27804010195061,66610.987291457,76847827.6416318,1.0355780763678906,0.3830378635752929,1.4102278639563466,3.334916678040543,0.3786093406353347,1.2347059826046005,3.296060356415639,0.5290178037924209,5.414530120333942,-1.3076923076923066,0.3173846153846154,0.11246153846153847,0.9598076923076924,0.7127692307692307,0.8987692307692308,1.4415384615384617
13.469415384615385,0.9632307692307693,11.333846153846153,13.476923076923077,240.78076923076927,0.09720447609795645,-21.495384615384616,12.481538461538461,51.58538461538461,-51.58538461538461,1.851808541340064e-07,25.792690127436707,44.674254799685116,25.792694594862063,44.67425222041588,-44.674254799685116,0.0,13224101.71819413,26270753.593818,0.4065334234233553,0.41158694382808625,1.1065763771031296,1.4132237625601436,1.6140656285621773,3.9330372120742068,9572104.456152648,19.03074390849018,8.949099720479538,0.40962575599325635,-0.015979908732659087,20.706869190576917,0.49776288356724063,666206489.5334423,34.01820766867829,28743.113829787675,26367738.08658386,-7.822969081871033e-07,-3.215455792095982e-08,-17.048305248018647,34.033288823641165,136.873990688874,136.88044300715512,94.50273238466892,67879.60277712438,77691839.07271253,1.1279890215800072,0.38128044005888084,1.386757080492155,3.3281083504200253,0.37653966204818523,1.208747784512029,3.290183498223166,0.5600942735066102,5.394758505062926,-6.846153846153847,0.4041538461538462,0.621076923076923,0.9924999999999999,0.7558461538461538,1.3381538461538462,1.0526153846153847
7.772492307692308,0.8715384615384616,13.998461538461537,7.569230769230769,241.26538461538462,0.09710152314467951,-22.89846153846154,8.475384615384616,61.246923076923075,-61.246923076923075,2.1986377756078383e-07,30.623458949861142,53.041392782775816,30.623464254000275,53.04138972042965,-53.041392782775816,0.0,11704247.957455628,16714690.916057978,0.4062235920231103,0.41131266063845173,1.1040957666584421,1.410101004893462,1.6112869602657114,3.9320923183395196,9055837.48320159,25.741514124150825,7.598279800702262,0.9457516031746553,-0.020779297228349338,14.754448536023611,1.4798502974737056,965236436.563613,18.192529339803126,19324.595658730635,16811638.511085503,-9.688164055199773e-07,-5.983133126475727e-08,-18.21940183207595,18.20164425336109,141.3628647278752,141.37000139426306,111.4764520434026,68016.2229063501,77780680.40367657,1.1351233398235747,0.381106055221561,1.3842822965927344,3.3274123893868883,0.37633021590133575,1.2060122707289687,3.289584599935354,0.561315675178408,5.392862251108461,-8.384615384615387,0.46599999999999997,0.39123076923076927,0.7886538461538461,0.37676923076923075,1.1695384615384614,0.9012307692307692
9.463261538461538,0.794,13.02,7.704615384615384,245.39615384615385,0.09625734801185452,-22.81230769230769,17.435384615384613,46.50846153846154,-46.50846153846154,1.6695575105942593e-07,23.254228803551257,40.277510318124726,23.254232831302176,40.277507992701636,-40.277510318124726,0.0,12253370.080941929,15827974.900627173,0.40446827051846523,0.4098773800152916,1.0832786048071996,1.3840734386839164,1.5879485061831626,3.924501729502892,9239432.878481885,16.677634383454663,7.733058816071507,0.2937120607240797,-0.012900681110673927,15.57491105331335,0.5457207115518369,644136711.0778152,28.1862476150145,18615.19559368258,15924979.87603209,-6.913984109423607e-07,-4.9289314362329745e-08,-16.488419537827873,28.200923893225323,99.4039010963716,99.40539488477263,71.09061512038363,69180.74686498837,78520648.20243008,1.1970756520023438,0.37959493560285995,1.3633897401145874,3.321608175691885,0.3745171858340769,1.1831025906325632,3.2846222356860846,0.5717854123466936,5.376385636793985,-17.307692307692307,0.4890769230769231,0.5453846153846154,0.9594230769230769,1.0143076923076924,1.4083076923076923,0.8790769230769231
8.978646153846155,1.0555384615384615,13.604615384615386,6.88,249.57307692307694,0.09545000391960459,-23.32923076923077,8.066153846153846,53.37,-53.37,1.9158725400264682e-07,26.684997744317656,46.21977710229422,26.685002366295237,46.21977443379422,-46.21977710229422,0.0,11497987.037769785,17214532.213143237,0.40244995451213433,0.4081892393407799,1.062892388240986,1.3585297642603873,1.5648444860532031,3.9172179040116704,8959774.58702722,20.45937614457829,5.421509634268712,0.5673335781320149,-0.01666502433060909,15.655270444528952,0.9367861314883411,659601950.2125497,21.61404276329736,19886.51846562716,17311503.687398188,-8.148161304150605e-07,-4.8876095269555504e-08,-18.76911703237165,21.62756295768505,121.33231370418916,121.3389467468757,90.51058633139598,70358.2822645053,79241202.30054674,1.2438349292131134,0.37809983636539923,1.342787804217813,3.3160535690107973,0.37270571985840584,1.1607021896743233,3.2799106244749194,0.5705883663135617,5.360330513268532,-8.292307692307691,0.3081538461538461,0.10784615384615386,0.9767307692307692,0.1053846153846154,0.9553846153846153,1.2076923076923076
6.9755692307692305,0.8229230769230769,11.192307692307692,13.87076923076923,243.3423076923077,0.0966701674524721,-23.501538461538463,15.13076923076923,44.97,-44.97,1.614329925519773e-07,22.484998099343542,38.94516350553066,22.485001993859786,38.945161257030655,-38.94516350553066,0.0,10881876.050012926,11301664.2818112,0.4054889222076515,0.41074054100275564,1.093560601847118,1.3969421742721928,1.599527989183935,3.9282690398633613,8616595.56862539,15.979312030619218,14.768161903704858,0.2436623955247185,-0.015602377326064485,12.695103058012336,0.4103879530988314,845662533.4516207,39.667049384313984,14206.938829523999,11398673.347675746,-7.758050592003009e-07,-5.3989027349239466e-08,-16.562179291123662,39.67516984638873,86.71931401726577,86.72115246260778,61.60378159642564,68601.7377458889,78156610.86279094,1.166012805376316,0.380346373727303,1.373727033946611,3.3244604635317296,0.3754196763753942,1.1944004005024451,3.287053767316617,0.5665313513733886,5.384566853741025,-2.384615384615387,0.3303076923076923,0.17523076923076925,0.8444230769230769,0.816153846153846,1.3492307692307692,1.1043076923076922
12.41403076923077,1.0733846153846154,12.552307692307693,9.341538461538462,248.65,0.095623577102303,-19.16923076923077,8.281538461538462,53.893076923076926,-53.893076923076926,1.9346499189517937e-07,26.94653618374828,46.67277501857621,26.946540851025652,46.67277232392236,-46.67277501857621,0.0,12188987.741711836,23174736.48265554,0.40293877303349246,0.4086050532372597,1.0673467987214647,1.3641136439406107,1.569917388917366,3.9188017346179835,9192347.517978204,20.172357745908666,5.805903022704563,0.38170570788667363,-0.017097665384474412,19.752307820607346,0.6042254413966497,586718543.8422403,25.036481543294123,25720.373083912193,23271715.758694097,-6.908527724902155e-07,-3.2184710157502614e-08,-15.643453027941456,25.051173195488087,134.0762344676807,134.08254095824293,88.38785063061158,70098.05344693249,79084787.1436384,1.2344227244008932,0.3784317938709064,1.347302621212686,3.3172597207389134,0.3731082846755464,1.165589779327288,3.280930162346804,0.5714984002274183,5.363892547211088,-17.338461538461537,0.41800000000000004,0.5767692307692307,0.8148076923076923,0.3875384615384615,1.2618461538461538,1.487076923076923
9.667876923076923,0.9016923076923078,13.776923076923076,8.123076923076923,241.81923076923076,0.0969846811188656,-22.467692307692307,20.42923076923077,61.30846153846154,-61.30846153846154,2.2008468790108178e-07,30.654228178029456,53.09468665527958,30.654233487497972,53.094683589856494,-53.09468665527958,0.0,14245650.010423938,20667530.440318413,0.4059735449936047,0.4111049204517706,1.1012728110241656,1.406563081089552,1.6081345236445475,3.9310461481694303,10064015.785326842,25.36894334955885,5.055546740220254,0.656303104522597,-0.020216070909944834,16.889082945194506,1.0033251861185057,676366002.6186924,19.723284464059816,23197.067961877805,20764483.883675396,-8.836664237207853e-07,-6.000671878677801e-08,-15.959656349077614,19.732788433748603,152.222006091437,152.22886923316986,115.05160477828731,68172.36019689379,77881797.89099398,1.1433109449286014,0.3809067525308955,1.3814607596907431,3.3266216635716677,0.376090714604666,1.2028987263462252,3.2889051797668114,0.5627156490176007,5.390696729430093,-7.523076923076923,0.6589230769230768,0.6016923076923076,0.9105769230769231,0.577076923076923,1.4243076923076923,0.9627692307692308
8.93556923076923,0.7927692307692308,14.07846153846154,9.71076923076923,246.98846153846154,0.09594471135743755,-20.006153846153847,13.041538461538462,53.431538461538466,-53.431538461538466,1.9180816434294477e-07,26.715766972485966,46.273070974797996,26.715771599792934,46.273068303221066,-46.273070974797996,0.0,11888511.780865518,15913251.249984052,0.4036293972900701,0.4091617867989602,1.0754237242891298,1.374227403226802,1.5790615215082293,3.921652562316281,9143784.316396886,20.18809919375385,7.822727369718715,0.7265575884177662,-0.013591821302021335,14.122575795767236,1.1477600631479075,791774836.201811,20.552211196482908,18638.972423239356,16010232.559689214,-8.548398489222514e-07,-5.492511128599673e-08,-14.883260958970741,20.56493532379981,115.7709668794295,115.7774193542798,87.28393545114454,69629.64157530146,78798346.47860368,1.2176116570632731,0.37901961065900697,1.3554697087383758,3.3194523898370294,0.37382272785979276,1.1744729249958592,3.282789884876098,0.5731806088743878,5.370171235314943,-2.0153846153846153,0.1696923076923077,0.27307692307692305,0.9178846153846154,1.1456923076923078,1.2667692307692309,0.7855384615384615
9.818646153846155,1.075846153846154,12.121538461538462,10.855384615384615,245.58076923076922,0.09622068897091063,-23.083076923076923,19.933846153846154,47.09307692307692,-47.09307692307692,1.690543992922564e-07,23.546536471150187,40.783802106910464,23.546540549530285,40.78379975225661,-40.783802106910464,0.0,12575050.029756969,15423173.12789854,0.404377654836026,0.40980111450697543,1.0823620021815445,1.3829273291832838,1.586914338312959,3.9241718413529605,9309726.904927831,16.81175715157462,9.533178597470219,0.26180211251885993,-0.013887740734468808,15.466117094235397,0.46425331389445396,681517941.6596534,32.528616939285726,18215.329465374278,15520176.108432239,-7.335956316867299e-07,-5.077561835149869e-08,-16.030533926863125,32.544905600030695,100.7225790282772,100.72398412287325,71.55413624507334,69232.79262850292,78553081.19359888,1.1998923899453764,0.3795285017117274,1.362466522378992,3.3213560685520496,0.3744370258149204,1.1820964684444593,3.284407964014663,0.5722522078026346,5.375668256982384,-5.184615384615384,0.36169230769230765,0.22046153846153846,0.9775,0.12692307692307692,1.0058461538461538,1.4993846153846153
7.9124923076923075,0.9613846153846154,10.835384615384616,9.858461538461539,245.85769230769233,0.09616589657454307,-19.747692307692308,14.204615384615384,60.01615384615384,-60.01615384615384,2.154455707548249e-07,30.00807438649497,51.97551533270056,30.00807958404636,51.97551233189286,-51.97551533270056,0.0,10957566.548292149,11520710.95974267,0.404157434670994,0.4096009779942982,1.0809869304455166,1.3811964338936575,1.585350815988019,3.923655275898903,8580538.445546227,23.64171241034628,6.457607961272807,0.36498666372154914,-0.026503567728008957,15.580384091081369,0.5270997409655931,589763113.4788673,25.72035752675772,14297.179664686277,11617671.2738359,-8.817467149388831e-07,-5.896816057211909e-08,-14.317271950862153,25.73581434071404,114.99255627577432,114.9991111627072,84.0998233715882,69310.86127377478,78601619.22816646,1.204125432940086,0.37942884526115284,1.36108327296278,3.3209788917241396,0.3743167514300667,1.1805900565872467,3.284087582753323,0.5729525521524875,5.374592475281963,-2.1076923076923073,0.466923076923077,0.4558461538461538,0.9317307692307693,0.2346153846153846,0.8544615384615384,1.2889230769230768
13.221723076923077,1.0610769230769233,13.512307692307692,11.569230769230769,245.6730769230769,0.09620239869991888,-22.356923076923078,11.706153846153846,57.52384615384615,-57.52384615384615,2.0649870197275813e-07,28.761920645678476,49.817113496298184,28.76192562738969,49.81711062010587,-49.817113496298184,0.0,14414094.290351558,30564767.7682023,0.4042135369103705,0.4096419817949435,1.0819012505459442,1.3823326769300923,1.586376471351435,3.923967809428727,10152521.92796583,22.898023136351295,4.485506526371111,0.4200303523958754,-0.01689419675683026,20.115272432642346,0.6677133082230019,567687037.3444746,22.382413987640444,32879.170033562026,30661729.112851907,-7.695514196875403e-07,-3.644256814203866e-08,-17.904631757250844,22.39319603356031,166.4295419391806,166.43664793186466,113.16756323683049,69258.8155102602,78569275.44167101,1.2013024881264363,0.3794952823637943,1.3620052678213537,3.321230219424113,0.37439693746490355,1.1815939775993078,3.2843010348457655,0.5724856538285087,5.3753095916456255,-12.784615384615385,0.3007692307692308,0.20384615384615384,0.9267307692307692,0.3509230769230769,1.0021538461538462,1.3947692307692308
8.418646153846154,1.0161538461538462,11.063076923076924,11.409230769230769,240.6423076923077,0.0972339948065876,-17.76615384615385,13.364615384615385,44.66230769230769,-44.66230769230769,1.6032844085048756e-07,22.331151958502,38.67869414301185,22.331155826371308,38.67869190989646,-38.67869414301185,0.0,9967729.042365294,9536252.431575539,0.40686608353874204,0.4119136198024697,1.107291824999368,1.4141624177645113,1.6149032296295154,3.9333857706491946,8210397.553429445,13.971885592031319,19.14204108962662,0.30902689837602765,-0.01999244636939213,13.521333037322776,0.3994316733933685,992740858.7897826,43.32186768320405,12521.61360703341,9633277.203165798,-6.883965166957877e-07,-4.803188366052467e-08,-12.49416705433883,43.272029826822795,75.25828152490747,75.26026285912309,51.18299221790352,67840.56845448846,77666409.16027015,1.1259559196868558,0.381330266604394,1.387465179110036,3.3283079012741914,0.37659948570878243,1.2095312511339114,3.2903553702077235,0.5597443250123569,5.395300609938109,-4.569230769230771,0.2666153846153846,0.2453846153846154,0.9698076923076924,0.4155384615384615,1.4378461538461538,0.7178461538461538
12.801723076923079,0.7736923076923077,12.94,9.563076923076924,237.96538461538464,0.09781037271180425,-18.123076923076923,20.299999999999997,49.800769230769234,-49.800769230769234,1.7877445426536601e-07,24.90038251055576,43.128732497076015,24.900386823428892,43.12873000703755,-43.128732497076015,0.0,13615759.413058985,22575258.571457565,0.4080122167922022,0.4128607680513049,1.1212386397797294,1.4315502495483385,1.630383908377685,3.938654336783283,9785273.555892453,18.048578655883748,7.272651771580201,0.38319942337413787,-0.012874181822834889,18.942937933674017,0.5538189124315779,638494746.1087239,26.99666785036956,25183.67703074555,22672262.439422708,-6.366197272501764e-07,-3.7567653444197016e-08,-12.75264056093789,27.0084939060281,118.33693351482191,118.33769957973676,76.42452302497938,67085.90488352736,77167786.28570868,1.0720983855834831,0.3823991186559016,1.401366485813417,3.3323374613054724,0.37785424226724335,1.224881017493837,3.2938310561712765,0.5424186557038683,5.407407948707612,-13.0,0.17984615384615388,0.3755384615384615,0.8636538461538461,0.87,0.8950769230769231,1.3504615384615384
12.047876923076924,0.9484615384615385,10.798461538461538,10.264615384615384,244.08076923076925,0.09651985280602238,-22.984615384615385,8.023076923076923,49.52384615384615,-49.52384615384615,1.7778035773402522e-07,24.761920983798372,42.888910070809075,24.76192527268926,42.88890759461676,-42.888910070809075,0.0,12040293.956390966,22581180.020180255,0.4050982881073748,0.41040580995164594,1.0898492555576471,1.392287935288344,1.5953509684934728,3.926890168634714,9082519.958551839,17.77162672308035,11.881668503686408,0.3591314425336097,-0.02033297798130964,21.54285275505062,0.42990401386462496,749199812.4273295,38.479468575716076,25154.38338259051,22678166.838174656,-6.62892049275724e-07,-2.9680035811110716e-08,-18.97276123071293,38.49670649398439,123.50927866842758,123.51016341362114,81.41390795262973,68809.92079994714,78288316.57869384,1.17712156515899,0.38008063100895373,1.3700031255507523,3.323431718030359,0.3750996160650875,1.190319285911083,3.2861751779837536,0.5683977601232039,5.3816891549973995,-9.584615384615384,0.31184615384615383,0.2666153846153846,0.8801923076923077,0.17215384615384616,1.0661538461538462,1.0686153846153847
6.943261538461538,0.9263076923076924,10.847692307692308,6.7323076923076925,240.38846153846154,0.09728841055110844,-23.427692307692308,19.71846153846154,49.09307692307692,-49.09307692307692,1.762339853519396e-07,24.546536386620215,42.51585296328274,24.546540638205393,42.51585050862889,-42.51585296328274,0.0,10905331.554659186,9382919.670042764,0.4067825932688771,0.41180770071859824,1.1085906576348281,1.41576247110332,1.616321966340106,3.933819059341069,8564695.33705532,17.205835561613096,13.755793446512715,0.2475771979025474,-0.02359383291228543,14.666034648731753,0.42302769858783645,800709508.8193735,37.82789440938329,12289.871590081344,9479913.07979636,-7.745219418164859e-07,-6.640606324707644e-08,-15.650932782329239,37.838609581870585,86.47448341459769,86.47704496043609,64.60464094299616,67769.00552965594,77619591.67674051,1.1222343123158587,0.3814216003138298,1.3887645115363274,3.328674543013126,0.3767091276203307,1.210969867857283,3.290671349979084,0.5591026857234195,5.396294557195195,-15.36923076923077,0.18723076923076926,0.34507692307692306,0.8225,0.21307692307692305,0.9935384615384615,1.4255384615384616
7.11556923076923,0.7466153846153846,11.106153846153846,6.904615384615385,236.76538461538462,0.09807715828843123,-18.25846153846154,9.918461538461539,54.139230769230764,-54.139230769230764,1.9434863325637113e-07,27.06961309642151,46.88595050859125,27.06961778501643,46.885947801629705,-46.88595050859125,0.0,9526561.657802658,8905200.934286721,0.40855316217851584,0.41331409957994,1.1275913645633853,1.4394696429599505,1.6374124473371343,3.941090414741239,8017294.307612411,20.53338666487738,8.45688629966658,0.35543069989907783,-0.02266815466294762,14.510717624991152,0.559192833849463,692964751.6166689,27.07710769756357,11786.27635995653,9002182.208105639,-7.736582910755167e-07,-5.638035568963697e-08,-13.768804167438288,27.08796339896722,91.69156173959087,91.6980935558265,66.74264078912609,66747.60742068272,76939926.27056901,1.0460121300539538,0.38285428590955106,1.407671870699658,3.334169744075871,0.378392405796471,1.231866396610129,3.2954136151061686,0.5328233184860701,5.412482191213223,-5.153846153846153,0.40692307692307694,0.5952307692307692,0.8417307692307692,0.2626153846153846,0.884,1.1572307692307693
6.878646153846153,0.7115384615384615,13.924615384615384,7.593846153846154,241.98076923076925,0.09695080619993988,-20.756923076923076,11.749230769230769,54.07769230769231,-54.07769230769231,1.941277229160732e-07,27.038843868253203,46.8326566360875,27.038848551518736,46.832653932202874,-46.8326566360875,0.0,10879277.0387543,12462063.212801695,0.4059423842081814,0.4110868775950548,1.1004522136177755,1.4055420321761973,1.6072243000253632,3.93075807032786,8719032.37819876,20.881790442499735,6.446927915288422,0.795386399028119,-0.015276457465744676,12.788883620012777,1.2251033696516187,808128111.9239619,19.852544550033418,15252.356918931453,12559039.814031359,-9.218030525711896e-07,-6.532574439588723e-08,-15.42222794527901,19.863709120736008,107.12276628324807,107.1297028745215,84.42395142186867,68217.900239969,77911174.56269124,1.1457058726615965,0.3808486243468155,1.3806391929874091,3.3263919714389596,0.3760208346922409,1.201993145371157,3.288708016399474,0.5631221516776559,5.390065566207765,-10.753846153846155,0.5130769230769231,0.3598461538461538,0.8625,1.277076923076923,1.2409230769230768,0.8052307692307692
8.0848,0.8869230769230769,12.367692307692307,11.446153846153846,243.43461538461537,0.09665129094175684,-20.72,19.395384615384614,59.40076923076923,-59.40076923076923,2.1323646735184546e-07,29.700382104811887,51.44257660766294,29.700387249069404,51.44257363762447,-51.44257660766294,0.0,12570659.998355448,14201085.450034227,0.40524866549184585,0.4105039866368609,1.0930914262678646,1.396324892858191,1.5989727121495547,3.928039089904221,9316765.171646748,23.712042347958327,5.371004371542865,0.5089581784330195,-0.0198216823958145,14.533318739067587,0.7936164893711464,618889850.2437844,22.091233697528146,16914.148812186868,14298047.877190785,-9.268179940220233e-07,-6.538519208076684e-08,-14.024926268033594,22.103745696855796,124.89154109946342,124.8981193398787,94.08114244992981,68627.76062764619,78173121.06391649,1.1673977613476139,0.38031315312574304,1.373260847887718,3.324331402305731,0.3753796794714062,1.1938889628333567,3.286943443180406,0.5667646491149161,5.384206910871363,-10.538461538461538,0.5592307692307692,0.1216923076923077,0.9667307692307692,0.6158461538461538,0.7350769230769231,0.8766153846153846
13.5448,0.7195384615384615,13.30923076923077,12.073846153846153,235.56538461538463,0.09833668275408271,-22.75076923076923,17.564615384615387,50.63153846153846,-50.63153846153846,1.8175674385938824e-07,25.315767090827926,43.8481997758768,25.315771475647782,43.848197244299875,-43.8481997758768,0.0,15271467.052906578,31645323.647192918,0.40905109681781,0.4137238904490225,1.1339950546797688,1.4474464277875496,1.6444617751090664,3.943534192165162,10535440.92298173,19.25884436946148,6.140146782693746,0.34375445496883567,-0.012689492355104791,20.532510141899305,0.5215448299619998,562458509.5007005,27.26108032774425,33986.771543734656,31742311.378833327,-7.233965933281572e-07,-3.474647524778626e-08,-17.36473409360393,27.271690764127207,145.82878917397318,145.83555025221284,100.94410516279868,66409.3099578381,76710220.29772034,1.0202791656876624,0.38330871526585725,1.4140112193065115,3.3360268341019266,0.37892926142310734,1.2389175248660176,3.29702333590465,0.5234112838808801,5.41755359705685,-6.569230769230769,0.21584615384615385,0.2998461538461538,0.9882692307692308,0.7989230769230768,1.1498461538461537,1.1990769230769232
12.306338461538463,0.8321538461538461,14.386153846153846,12.48,235.1730769230769,0.09842407335107908,-20.03076923076923,17.5,46.20076923076923,-46.20076923076923,1.658511993579362e-07,23.100382662709716,40.011040955605914,23.1003866638137,40.011038645567446,-40.011040955605914,0.0,13437349.63945615,21248904.42547907,0.40930679125245234,0.4139523633520698,1.1361017121278139,1.4500866688829308,1.646790446741558,3.944373564456422,9788339.478526147,17.11306620957229,6.495036383475845,0.36325350413732443,-0.008719480005754489,15.413905081077255,0.6231293949366297,662105206.0316684,24.564400976591767,23910.81427224533,21345918.03625287,-7.157001454177037e-07,-4.3301212954371146e-08,-14.3620093358543,24.57480907345998,110.59592996354273,110.59685223302083,77.47580624791172,66298.71271036963,76634319.79517025,1.0119419643633207,0.3834571523867024,1.4160911617375647,3.336639466190976,0.3791045190530855,1.2412370905627288,3.2975556282429537,0.5203441584034548,5.4192115082804815,-6.876923076923077,0.42446153846153845,0.6053846153846153,0.8101923076923077,1.2576923076923077,0.9615384615384615,1.128923076923077
12.629415384615385,0.8389230769230769,11.666153846153847,10.732307692307693,238.8884615384615,0.09760851934501771,-21.692307692307693,7.743076923076923,56.07769230769231,-56.07769230769231,2.0130730897575643e-07,28.03884378372323,48.564707492459775,28.038848640193844,48.564704688575155,-48.564707492459775,0.0,13033767.93468802,27605962.906426955,0.4074628159170343,0.41237736813184844,1.1163838421644128,1.4254849822643387,1.6249811818130242,3.936780593805335,9518722.022540737,22.11334326226165,6.573684168792512,0.39909391802095,-0.020706307434145758,22.224378290052382,0.5287675459739267,586200480.5845101,28.424538676948895,29993.58688262641,27702928.61602488,-7.579915899518328e-07,-3.0783940870240797e-08,-18.020523173829616,28.436499729380262,153.51154269596543,153.51831000319325,104.88712314230482,67346.13370110015,77341192.70416355,1.0923968337555579,0.3820487265347565,1.3965399091477375,3.3309449297376497,0.3774396033881194,1.2195521985750388,3.292631956827377,0.5497309029901265,5.403506952414719,-19.953846153846154,0.2010769230769231,0.6884615384615385,0.8998076923076923,1.3093846153846154,1.3184615384615386,1.341846153846154
12.661723076923078,0.8635384615384616,10.552307692307693,8.824615384615385,242.97307692307695,0.09674602976396544,-18.17230769230769,19.847692307692306,54.323846153846155,-54.323846153846155,1.9501136427726498e-07,27.161920780926437,47.045832126102546,27.16192548550952,47.04582940991023,-47.045832126102546,0.0,13365766.254976515,23862585.32772553,0.4055577072167869,0.41077892247008435,1.0954200594926125,1.3992532169311251,1.6015965676027586,3.928912659105595,9589057.7936438,19.03220822347576,11.090728623597293,0.5506480219042478,-0.02297487106617601,23.86817488765531,0.6696099233199894,821715967.3158169,37.06509431598647,26399.701377841648,23959570.90049602,-6.832576565775896e-07,-3.296762029951662e-08,-13.21713186711778,37.082776426607786,133.73354739505984,133.73972996666538,87.46263065497942,68497.64621885978,78090350.04370922,1.160482902034059,0.3804792378084867,1.3755938550722033,3.324978051559202,0.3755796071343376,1.1964498791677878,3.2874964845183112,0.565598163442008,5.386006845500591,-13.276923076923078,0.3930769230769231,0.3293846153846154,0.8463461538461539,0.33584615384615385,0.8753846153846153,1.1633846153846155
7.449415384615384,0.9380000000000001,12.164615384615384,6.523076923076923,235.9346153846154,0.09825537306571806,-16.966153846153844,20.106153846153845,56.69307692307692,-56.69307692307692,2.0351641237873587e-07,28.346536065406315,49.0976462174974,28.3465409751708,49.09764338284354,-49.0976462174974,0.0,11306304.656585796,10256620.654215783,0.40888427306860464,0.4135840571841797,1.1320188564568363,1.4449837732427957,1.6422886016140845,3.9427806238172045,8777024.969772205,21.884344175654235,6.665071068825986,0.5352756932656288,-0.020268114157565072,14.336902697474041,0.7889342041610415,687320641.5441091,22.624165397661887,13100.060298140796,10353600.62196773,-8.564522870466255e-07,-7.063022178399061e-08,-10.615454044211024,22.634895220051366,99.87863365210113,99.88515639573725,75.4213303994129,66513.4014848672,76781390.54700616,1.0281600119023566,0.38316893942209346,1.4120569960808136,3.335452720514388,0.37876418626258906,1.2367409015179267,3.2965250792216922,0.5263034736559853,5.415992992393494,-4.169230769230769,0.3589230769230769,0.5675384615384614,0.7548076923076923,1.0961538461538463,1.3726153846153846,1.4956923076923077
11.670953846153846,0.7564615384615384,13.444615384615386,7.655384615384616,239.02692307692308,0.09757850919710098,-17.975384615384616,14.743076923076922,58.354615384615386,-58.354615384615386,2.0948099156678039e-07,29.177305225950644,50.53658077509898,29.17731027960858,50.53657785736821,-50.53658077509898,0.0,13121611.29769377,22532140.246524543,0.4073901020429657,0.4123147644260027,1.115658492783237,1.4245806546926851,1.6241744151030402,3.936505390461036,9591722.71628782,23.28125875693883,7.158257191306819,0.6465502720351199,-0.01822788365371126,18.817883112512458,1.0133507698995325,687481795.4883345,20.952108236304998,25053.96784973893,22629109.88244884,-7.603162428457078e-07,-4.150370990424322e-08,-13.580062562185942,20.961558864271005,143.4434503904865,143.44984951781305,99.25267716541379,67385.16802373609,77367057.33681372,1.0954591378601863,0.38199613805253213,1.3958176963438493,3.3307372956873147,0.37737734830717373,1.2187561991386073,3.292453432665398,0.5508297351611897,5.402921789310496,-12.753846153846153,0.5370769230769231,0.6146153846153846,0.9990384615384615,1.300769230769231,1.2815384615384615,1.3763076923076922
11.078646153846154,0.9835384615384616,12.096923076923076,12.381538461538462,246.7576923076923,0.09598976689643676,-18.283076923076923,8.346153846153847,42.293076923076924,-42.293076923076924,1.5182339274901667e-07,21.146536674022126,36.626880051617,21.14654033671003,36.62687793696315,-36.626880051617,0.0,10248735.358114393,14297558.53148514,0.4040797061518532,0.4095995861529894,1.0765591176117686,1.3757023999868838,1.580392220071095,3.922145739891782,8392264.255357362,14.264800672911882,13.677310318129521,0.2920163703947912,-0.012284083060518756,14.9027005143035,0.4464758836237533,810082248.575277,37.44690556633105,17196.556873206293,14394591.295421213,-6.369479872882129e-07,-3.435648195616851e-08,-14.395106511229498,37.45186497628058,84.70168724263597,84.7030503210666,55.94992270503135,69564.58437090824,78758480.05830705,1.2152911401703346,0.3790995523978039,1.356607393471964,3.3197584551739445,0.37392024484124275,1.175715129260715,3.2830501470823306,0.5734168455341154,5.371019083800418,-5.123076923076923,0.14384615384615385,0.598,0.9605769230769231,1.0832307692307692,1.1313846153846154,0.975076923076923
7.212492307692307,0.7533846153846153,12.361538461538462,12.566153846153846,243.3884615384615,0.096660731549087,-20.892307692307693,19.09384615384615,46.66230769230769,-46.66230769230769,1.675080269101708e-07,23.33115187397203,40.41074499938413,23.331155915046416,40.41074266626874,-40.41074499938413,0.0,11572249.221379671,11399288.52192,0.4054064232430163,0.4106605645054696,1.0933268826550748,1.3966403901989324,1.5992568838511665,3.9281661034743656,8943034.78306704,16.685662901964125,9.358052478590968,0.3074431440357912,-0.01185745481462621,12.42823943372017,0.5610959923758881,728537309.1347396,30.069049479269548,14304.924841788528,11496298.614219777,-7.894976216999637e-07,-6.078934062640117e-08,-13.554302174371134,30.082948602503265,88.24139973016624,88.24347362586153,64.55543032841523,68614.74918676751,78164863.21404557,1.1667051529178798,0.38032976246159594,1.3734938780098216,3.3243959070331606,0.3753996781409828,1.1941446318777706,3.286998586650895,0.5666480001409074,5.384386873325596,-11.36923076923077,0.5703076923076923,0.12353846153846154,0.890576923076923,0.3724615384615384,1.4218461538461538,1.2741538461538462
8.7848,1.0635384615384615,11.973846153846154,8.258461538461539,246.1115384615385,0.0961158802074122,-21.36,7.032307692307692,53.862307692307695,-53.862307692307695,1.9335453672503038e-07,26.931151569664124,46.64612808232433,26.931156234276802,46.64612538920894,-46.64612808232433,0.0,10640979.866919534,14321713.930812918,0.40409014582307096,0.4095543528710161,1.0797318388240582,1.3796350457236741,1.5839399145780373,3.923214769610249,8524276.475518063,20.673854514569104,6.460463040353119,0.3497732590868683,-0.019954398228810413,16.187942520457153,0.5719760155715066,631281296.2725408,25.184806149812722,17065.25671583345,14418687.67643255,-7.616782887982136e-07,-4.442206625167927e-08,-17.275758002419394,25.19943787769094,112.74982087164977,112.75614592955375,80.69051341210526,69382.4241986073,78645991.77256139,1.208013732570446,0.37933749552595525,1.359816913109432,3.32063417643104,0.37420647194221457,1.1792120887787576,3.2837949822460257,0.573594583588118,5.373606782781,-8.476923076923077,0.2536923076923077,0.3930769230769231,0.9975,0.3595384615384615,1.1006153846153846,0.9861538461538462
10.690953846153846,0.8186153846153846,10.638461538461538,10.092307692307692,248.2576923076923,0.09569832920565124,-21.15076923076923,12.653846153846153,42.385384615384616,-42.385384615384616,1.5215475825946358e-07,21.192690516274588,36.706820860372645,21.192694186956572,36.706818741103405,-36.706820860372645,0.0,11167688.441600144,15900234.684501423,0.40342412198320066,0.40906421221960687,1.0692517323477744,1.366545252111804,1.5721202621785153,3.9195526617479186,8733093.930721521,10.067601165094093,39.449619497112266,0.3973815801199043,-0.07677892139648149,18.44583978693452,0.4807402082425799,1586900079.9118443,69.47655081885304,18746.779111990803,15997261.515333561,-5.755379778890835e-07,-3.204218074947222e-08,-16.34202259216625,69.60482607046431,93.15879676280574,93.1743293905308,57.5188935457687,69987.45619946405,79018078.8687298,1.230445938270663,0.37856771150266,1.3492224118068894,3.3177710331202155,0.3732743654491208,1.1676753768337693,3.2813630761787396,0.5718912503018978,5.365330216270961,-19.49230769230769,0.6183076923076922,0.1290769230769231,0.7694230769230769,0.9561538461538461,0.7412307692307691,0.9603076923076923
9.710953846153846,1.067846153846154,13.967692307692307,6.141538461538461,235.4269230769231,0.09836740500916694,-20.276923076923076,17.95230769230769,45.49307692307692,-45.49307692307692,1.6331073044450981e-07,22.746536538774166,39.39816142181264,22.746540478590198,39.398159147158786,-39.39816142181264,0.0,12211431.803746376,15672244.51130728,0.40922365656847,0.4138881084405791,1.1347397439826072,1.4483921810877993,1.6452975530210086,3.94385546920642,9252934.997808013,16.63389684021326,7.394904862969469,0.3576470254083114,-0.010619438425698473,14.921791876658487,0.690417841146687,692986687.4305966,25.397044444422562,18478.2553488169,15769261.074068375,-6.767023391528515e-07,-5.007138355422575e-08,-14.260434810971864,25.407311847621056,95.5191288719966,95.52056658696952,68.88236630789928,66370.27563520218,76683471.87204805,1.0173323528129998,0.3833611137417552,1.4147449057379728,3.3362427487736865,0.3789911337175907,1.2397354105156404,3.297210867497643,0.5223280384209639,5.418138768278202,-3.6769230769230745,0.32846153846153847,0.3229230769230769,0.8736538461538461,0.2927692307692308,1.455076923076923,1.480923076923077
7.298646153846153,1.0893846153846154,10.81076923076923,10.92923076923077,236.7423076923077,0.09808204898682835,-20.313846153846153,14.850769230769231,53.00076923076923,-53.00076923076923,1.9026179196085914e-07,26.500382375307804,45.90001386727165,26.500386965309062,45.900011217233185,-45.90001386727165,0.0,10570875.443164235,9926901.97454035,0.4085554861627824,0.41331461531311137,1.1277140254147822,1.4396211634347613,1.637546533423755,3.9411350968220056,8423786.6112554,19.849294454015944,9.66825504245797,0.28984491415308516,-0.01998009344150144,13.922937059864498,0.47349553895032387,679182468.1329582,30.709390251232385,12787.697464880472,10023885.040987095,-8.300068104947579e-07,-5.980566868965043e-08,-14.224370303964138,30.721236668516873,95.15629911695488,95.16251436760301,68.91713831180715,66741.10170024341,76935521.40457907,1.045514028275594,0.38286302680849643,1.4077934695646435,3.334205220121037,0.3784027373245095,1.232001375686699,3.2954443094207666,0.5326418995830213,5.412579659214684,-12.107692307692307,0.25,0.694,0.8778846153846154,1.119846153846154,1.0538461538461539,0.7449230769230769
6.69556923076923,1.0949230769230769,13.653846153846153,7.483076923076923,249.66538461538462,0.09543264776016597,-20.44923076923077,14.98,59.923846153846156,-59.923846153846156,2.15114205244378e-07,29.961920544242513,51.89557452394492,29.96192573379982,51.89557152775261,-51.89557452394492,0.0,11539459.742539542,12335531.150674643,0.4023589186019758,0.4081048272494428,1.0624481946145994,1.3579668909502451,1.5643329768066676,3.9170519280210256,8965642.19284958,23.702698885160963,7.316571797369665,0.9660221407709594,-0.019667285659240426,13.101514985440758,1.4692560546196802,958806571.8447179,18.58390552200236,15095.261176134285,12432490.591193985,-9.953739107617622e-07,-7.535453341786385e-08,-14.44286061281407,18.5965573091193,120.68295752380483,120.69032310813932,97.29305670330004,70384.30514626256,79256781.7332165,1.2447763756623922,0.3780678564798871,1.3423386169280354,3.31593480585982,0.37266659157513665,1.1602159319882523,3.27981037128593,0.5704975560696021,5.359992911529912,-14.907692307692308,0.39676923076923076,0.18261538461538462,0.8632692307692308,1.0552307692307692,1.117846153846154,1.0083076923076923
8.09556923076923,0.9066153846153846,14.183076923076923,13.181538461538462,235.65769230769234,0.09831628036562126,-18.726153846153846,18.34,43.73923076923077,-43.73923076923077,1.5701478574601839e-07,21.869613535977376,37.87928605545542,21.869617323905874,37.87928386849387,-37.87928605545542,0.0,12012345.804110233,13171080.461002396,0.40912723077474605,0.41380862317965206,1.1335030990971677,1.4468514330412927,1.6439388651115694,3.943382742628126,9219044.501095867,15.641329943872758,7.872095018373476,0.38511412167552694,-0.007722102833913217,11.839193881004501,0.7139554262578196,720826968.9454057,25.57730175761326,16072.54434951414,13268110.098763514,-7.508278688562395e-07,-5.709156211291059e-08,-12.062010942944351,25.586650245870374,84.86445338701192,84.86625698167222,61.77498159351378,66435.33283959537,76728026.28860414,1.0222463750652262,0.38327377110512967,1.4135223792036817,3.3358830809161932,0.3788879979730557,1.2383727975359982,3.2968985230787142,0.5241347379395384,5.417163362299698,-7.584615384615386,0.6090769230769231,0.6063076923076923,0.7759615384615385,0.3466153846153846,1.2384615384615385,1.38
10.59403076923077,1.0801538461538462,13.906153846153845,13.895384615384614,248.78846153846155,0.09559722200335674,-20.178461538461537,10.736923076923077,53.73923076923077,-53.73923076923077,1.929127160444345e-07,26.869613113327507,46.53954033731681,26.86961776728141,46.53953765035526,-46.53954033731681,0.0,12452572.727051988,20171705.740035836,0.4028100895074409,0.4084864457033147,1.0666767595815314,1.3632649528704424,1.5691483001492443,3.9185512987052014,9381257.391850313,20.550458330438925,6.346883196343066,0.6001853583516535,-0.012461335928102165,14.98384964007621,0.9940426540182057,674435876.0349816,21.365876812199108,22789.20780537718,20268684.4149553,-8.460249138742044e-07,-4.5494734221019006e-08,-15.658307238459543,21.379006423441275,129.8627632134347,129.86920699462485,93.76904453746867,70137.0877695684,79108334.3467352,1.235828251899262,0.378383826331851,1.34662593635495,3.3170797958997555,0.37304965141713115,1.164855181256719,3.2807779189184796,0.5713603804162452,5.363385409179331,-0.4769230769230788,0.4383076923076923,0.514,0.8917307692307692,0.5490769230769231,1.0501538461538462,1.1941538461538461
10.604800000000001,0.7164615384615385,12.853846153846154,11.667692307692308,245.81153846153848,0.09617501222035975,-18.824615384615385,8.54,49.431538461538466,-49.431538461538466,1.7744899222357833e-07,24.715767141545914,42.80896926205344,24.71577142244272,42.80896679047651,-42.80896926205344,0.0,10966360.370385244,16436749.502647705,0.4042748172360049,0.4097163031139364,1.0812175411623675,1.381497736350031,1.5856234622930971,3.9237591004339114,8712038.617412064,18.05764142531693,6.65230896661308,0.35769391739102735,-0.012548174626378595,15.351663404397687,0.6033387275637623,624171562.8086805,25.518244156418078,19190.613906166243,16533747.15250145,-7.525783843587532e-07,-3.911825751595105e-08,-14.939078441738642,25.53260341860983,106.31184470410659,106.31320063096612,74.11118226837316,69297.84983289616,78593538.93541288,1.203419299997997,0.37944545944894736,1.3613136997173931,3.321041679603624,0.37433680398367297,1.1808409001669304,3.2841408983426272,0.5728358268612582,5.374771810162343,-0.2615384615384606,0.19,0.6386153846153846,0.8344230769230769,0.20015384615384615,1.0956923076923077,1.3615384615384616
12.758646153846154,0.7583076923076922,10.97076923076923,11.72923076923077,238.8653846153846,0.09761352793515002,-16.756923076923076,8.583076923076923,61.18538461538462,-61.18538461538462,2.196428672204859e-07,30.59268972169284,52.98809891027206,30.592695020502582,52.98809585100282,-52.98809891027206,0.0,12885206.484076537,27657016.866043605,0.4074636584339545,0.4123763666777449,1.116504555343137,1.4256339715957842,1.6251139584158723,3.936823830580457,9427356.784021558,24.51693738843692,7.083457104812042,0.5935784053593538,-0.024214070412110895,23.2916651413757,0.7623865646412237,701651485.7952586,28.27365808709064,30030.2015809669,27753977.529833097,-7.551889077534074e-07,-2.9262091202187234e-08,-13.671935202197245,28.2855184532235,163.4488664419135,163.4555584846252,107.46671364678105,67339.62798066082,77336878.11734593,1.0918868960749755,0.3820574884810636,1.3966603394693355,3.3309795691395396,0.37744997596318697,1.219684965045372,3.29266174580492,0.54954781405718,5.40360444206231,-11.0,0.6284615384615384,0.6598461538461539,0.8263461538461538,0.8936923076923076,1.4403076923076923,1.4846153846153847
9.032492307692308,0.7373846153846153,12.620000000000001,13.292307692307691,244.98076923076923,0.09633989822144315,-20.424615384615386,7.463076923076923,54.57,-54.57,1.9589500563845676e-07,27.28499769359967,47.25900761611759,27.2850024195003,47.259004887617586,-47.25900761611759,0.0,10963309.572510358,15792693.317153096,0.40457115091908047,0.40994639409282635,1.085343077480864,1.386641506605251,1.590263229367272,3.9252243077266282,8706307.420066295,21.21654269889719,5.660784268134119,0.42596962657314613,-0.01539851749565886,14.465723854979643,0.7132969190063655,638630671.7798235,23.02582757207159,18498.314873488845,15889666.901258616,-8.766829632378534e-07,-4.6058223804865274e-08,-16.325240195854942,23.038911976938216,118.79804080084642,118.80438772742986,85.69309156675266,69063.64389708062,78447697.94680057,1.1907434245065043,0.37974458684851903,1.3654701854044908,3.3221775121388464,0.37469765225927665,1.185371764978219,3.2851064929686995,0.5706543531600952,5.378003392738892,-4.784615384615385,0.3312307692307692,0.5333846153846153,0.8332692307692308,1.4472307692307693,1.0181538461538462,1.2064615384615385
10.787876923076922,0.9558461538461539,11.173846153846155,12.713846153846154,240.27307692307693,0.09731270211597166,-17.052307692307693,12.007692307692306,50.816153846153846,-50.816153846153846,1.824194748802821e-07,25.408074775332853,44.00808139338809,25.40807917614087,44.00807885258039,-44.00808139338809,0.0,10993191.695134155,15060126.415746113,0.4068861364347388,0.41190309745651654,1.1091842233296494,1.4165132519757584,1.6169885228052399,3.9340473196017243,8626200.982266942,18.094109895690288,9.956620922575027,0.3661170618082046,-0.015543835183049423,16.41230260198648,0.4397244756693914,699370355.852916,31.86455836601206,17840.50337711345,15157124.449410215,-7.130650736461685e-07,-3.8658559826608155e-08,-12.836477398769087,31.877196128799646,102.46708858378324,102.47268937346756,67.10738224759348,67736.47692745934,77598682.38785245,1.1205449771616816,0.3814631095252484,1.3893555987739552,3.3288415378365905,0.37675894902584545,1.2116247175727304,3.2908153477761872,0.5588086468722555,5.396746516971843,-4.815384615384616,0.6626153846153846,0.5610769230769231,0.9721153846153846,0.8032307692307692,1.055076923076923,0.9036923076923076
12.489415384615384,0.802,13.53076923076923,9.243076923076924,239.39615384615385,0.09749882345254536,-19.846153846153847,7.484615384615385,54.20076923076923,-54.20076923076923,1.9456954359666908e-07,27.10038232458982,46.93924438109502,27.10038701851413,46.93924167105655,-46.93924438109502,0.0,12454716.981341716,24843661.994315177,0.40724633438311536,0.4121986148178505,1.113728440884563,1.422181199151772,1.622032392350956,3.9357835462583206,9345959.581972525,21.24026913945403,5.298739335067172,0.4612446918935704,-0.015457520235669328,18.99321353938887,0.7425799357643251,628919369.938899,22.31424446008508,27326.86522990897,24940638.22069598,-7.183634320109404e-07,-3.3415220538770906e-08,-16.342750490167024,22.324447725765175,140.08962143640568,140.09608000041996,94.2288859635872,67489.25955076519,77435841.7110392,1.1036474054713021,0.38185587408011434,1.3938940342250903,3.3301851841751913,0.37721126848957204,1.2166377382974711,3.291979065461026,0.5537624309919437,5.401361496745902,-13.153846153846153,0.3063076923076923,0.28138461538461534,0.7675,0.44353846153846155,1.4538461538461538,1.2483076923076921
8.332492307692307,1.1035384615384616,13.186153846153847,7.187692307692307,241.01153846153846,0.09715542689780204,-21.58153846153846,20.472307692307695,47.67769230769231,-47.67769230769231,1.7115304752508688e-07,23.83884413874912,41.29009389569621,23.838848267758394,41.29009151181159,-41.29009389569621,0.0,12280460.854044586,13604620.10055138,0.4064740127506188,0.41154597412020916,1.10539622854509,1.4117516084436037,1.612757375099502,3.932615287825184,9244016.13594811,17.35679078565533,7.418473844862964,0.32594268131565385,-0.012933029003223113,14.367548077390317,0.645161610413568,677068310.0860183,26.410668768048247,16438.36797655448,13701624.582240822,-7.33403743223364e-07,-5.924953502511835e-08,-14.461534542062658,26.423666088563632,95.91352676996415,95.91535739329913,71.08975885741162,67944.6599815176,77734138.96957465,1.13138296947193,0.38119739847575734,1.3855779165510518,3.3277764616548753,0.37643993838102013,1.2074438737385524,3.2898977944594887,0.5606740522764906,5.393855358222781,-9.061538461538463,0.31553846153846155,0.5232307692307693,0.7832692307692308,0.32076923076923075,0.996,1.135076923076923
7.8371076923076926,0.9183076923076923,14.10923076923077,10.12923076923077,242.11923076923077,0.09692304520792087,-18.16,15.453846153846154,52.57,-52.57,1.8871541957877353e-07,26.284997778129643,45.52695675974532,26.285002330825193,45.52695413124531,-45.52695675974532,0.0,11620373.896151645,13023206.468638986,0.4058949426690479,0.4110498872138651,1.0997419257078567,1.4046597586136274,1.6064291854747756,3.9304939132060746,9035578.208048612,19.797843289094818,6.8359735546456575,0.7851861573778144,-0.012455066595049793,12.725924472198795,1.2130111872888996,795264246.397119,20.275496663273028,15835.26439336429,13120196.561809912,-8.622024414485115e-07,-6.239946816449789e-08,-12.523448809526766,20.28709327685369,104.0221340922619,104.02852908066657,79.11835525028954,68256.93456260495,77936268.71913256,1.1477619591075723,0.38078643787538197,1.3799231393386548,3.326183202615853,0.37594916633748154,1.201212128365881,3.2885290929083033,0.5634625092753661,5.389339227062507,-1.5538461538461554,0.3921538461538462,0.21584615384615385,0.9448076923076922,0.9949230769230769,0.943076923076923,0.9664615384615385
9.527876923076924,0.9656923076923077,13.518461538461539,6.9169230769230765,248.58076923076925,0.0956367431200785,-21.766153846153845,9.121538461538462,60.87769230769231,-60.87769230769231,2.1853831551899614e-07,30.43884358085129,52.72162954775324,30.4388488530141,52.72162650386861,-52.72162954775324,0.0,12155121.757759511,19196405.526362877,0.40286298567121365,0.40852183070560705,1.0676791295316324,1.3645144068422517,1.570279868050497,3.9188915654478063,9210100.74811621,24.848956699459748,5.086332288995512,0.6678703846182104,-0.021783708144148758,16.9525620944484,1.0187120248499995,686611963.5870194,19.563380307860175,21765.962928087258,19293356.80307408,-8.752540382996451e-07,-4.938718311026884e-08,-17.46324591496901,19.574609504529082,146.50072996664824,146.50760240291834,109.4563505158445,70078.53628561454,79073028.20100096,1.23372031635329,0.37845577862738705,1.3476411512246012,3.3173497915009507,0.37313759756756815,1.1659573569587394,3.2810063890171137,0.5715675191726438,5.364146169929113,-14.507692307692308,0.23338461538461538,0.4687692307692307,0.9332692307692307,1.4450769230769231,1.2101538461538461,1.3676923076923075
6.8894153846153845,0.9564615384615385,11.733846153846153,10.141538461538461,239.5346153846154,0.09746879914075489,-17.298461538461538,16.703076923076924,43.52384615384615,-43.52384615384615,1.5624159955497557e-07,21.761921237388293,37.69275750169224,21.761925006663937,37.69275532549993,-37.69275750169224,0.0,9981502.634626316,7599399.336561909,0.4074097012422369,0.4123761784984586,1.1130108037307533,1.4213243790105106,1.6212699386856968,3.935590527671195,8246238.104373479,13.976528636537655,16.559740365456367,0.30248955128376126,-0.015893611832995765,11.814699487322681,0.44771512975246486,931910821.550395,38.81145282363978,10653.370335754471,7696433.067894798,-7.537528214892056e-07,-6.221904270655414e-08,-10.76750453633853,38.78292487546855,67.12387035726016,67.12702155480605,48.72720466330024,67528.29387340111,77461780.05395527,1.1067261581056942,0.3818032621861772,1.3931735029290704,3.329978731727192,0.37714896226131106,1.2158449137720346,3.2918018146567323,0.5548659060662846,5.400776356810831,-9.676923076923076,0.6496923076923076,0.3690769230769231,0.9513461538461538,0.15492307692307694,1.2335384615384615,1.2556923076923077
12.575569230769233,0.9127692307692308,12.835384615384616,6.609230769230769,248.88076923076926,0.09557967873752417,-23.15692307692308,10.543076923076924,43.64692307692307,-43.64692307692307,1.5668342023557145e-07,21.82345969372491,37.799345246699765,21.82346347365933,37.79934306435361,-37.799345246699765,0.0,11899956.788418237,20965835.992125116,0.4029877878100874,0.4086753543883417,1.0662363414758504,1.3627442263062426,1.5686771978476717,3.918449637331922,9093537.490560496,15.49200365861139,9.235657057898376,0.2497777301298424,-0.012927963310725349,18.778146099199862,0.5410603388733125,657085492.593013,32.22053530623977,23655.79238795772,21062849.82952743,-5.926975082154267e-07,-3.2568140913370426e-08,-18.595868346218253,32.237090832667384,105.50508447614612,105.50604510586547,70.1250235332905,70163.1106513257,79124017.90019137,1.2367658498860568,0.37835184779038744,1.3461750188540436,3.316959989767544,0.3730105602218399,1.1643659460545273,3.2806765931218544,0.5712685330374699,5.363047396689985,-14.846153846153847,0.178,0.6367692307692308,0.8005769230769231,0.5792307692307692,1.0046153846153847,1.3603076923076922
7.007876923076923,0.9607692307692308,13.29076923076923,7.2,245.60384615384615,0.09621611395489324,-18.270769230769233,18.08153846153846,48.50846153846154,-48.50846153846154,1.7413533711910913e-07,24.254228719021285,42.009561174497,24.254232919977284,42.00955874907392,-42.009561174497,0.0,10947010.096897883,9834455.80480214,0.40434219775190383,0.4097671462258655,1.0822467583384692,1.3827809988443756,1.5867822548953967,3.924128454204433,8710847.697326172,17.042255225372585,7.308034624286643,0.4686206630712554,-0.012535306614582877,12.331314046992714,0.7644625140604406,715292107.71223,24.243026864177622,12775.906957680636,9931463.75174513,-8.186363106098891e-07,-6.89291293650693e-08,-11.692923765861941,24.256675510939345,83.67273446198992,83.67582403034561,63.94661103414016,69239.29834894223,78557131.139846,1.2002447826249172,0.37952019386565106,1.362351178129696,3.321324589252609,0.3744270017178965,1.1819708184477944,3.2843812180491385,0.5723105691881851,5.3755785426450675,-1.184615384615384,0.4918461538461538,0.6856923076923076,0.9955769230769231,0.4176923076923077,0.7646153846153846,1.1523076923076923
11.498646153846153,1.0752307692307692,11.912307692307692,8.89846153846154,235.84230769230768,0.09827564800468626,-17.655384615384616,17.155384615384616,57.370000000000005,-57.370000000000005,2.059464261220133e-07,28.68499757525771,49.68387881503879,28.685002543645453,49.68387594653878,-49.68387881503879,0.0,12920850.290886853,20436905.909422517,0.4089458498032516,0.4136390633100812,1.1325128137074196,1.4456010509112385,1.6428335641040248,3.9429690538121944,9422030.090360623,22.39636103420929,6.371240498945041,0.4294170525341704,-0.020518725968672543,19.777476696065833,0.5991825579936286,615927054.8380882,25.163807755483887,23018.214184961358,20533880.627233963,-7.231463416330817e-07,-4.023665792835037e-08,-12.884906772381425,25.174547426205617,132.58875567750485,132.59482394730134,88.0808240494621,66487.3786031099,76763592.53410172,1.0261867238083286,0.3832038882958315,1.4125452313880333,3.335596019601443,0.3788054660321869,1.2372844869200021,3.2966493997169337,0.5255802624596463,5.416383144473905,-19.338461538461537,0.10046153846153846,0.5989230769230769,0.7794230769230769,0.5275384615384615,0.8913846153846153,1.023076923076923
7.169415384615385,0.7872307692307692,13.303076923076922,11.987692307692308,249.08846153846156,0.0955414670087335,-16.584615384615383,15.518461538461537,60.93923076923077,-60.93923076923077,2.187592258592941e-07,30.4696128090196,52.774923420257004,30.469618086511797,52.77492037329545,-52.774923420257004,0.0,11479913.759456621,11851316.228383422,0.40263584081476733,0.40833535599260423,1.0652225995037272,1.3614433800261017,1.5674892969751686,3.9180280917556076,8950055.706888143,23.77577457864329,7.412275606466627,0.9909870013501731,-0.017549912989253444,12.602013199403496,1.4569383247670606,951846810.7654972,18.550191047883523,14636.134117138627,11948281.061546512,-9.771057483509599e-07,-6.905400702458392e-08,-11.152558417588061,18.562742467054576,115.66969199024344,115.67646661161803,87.7456101981488,70221.66213527958,79159223.84019643,1.2388998939868516,0.3782677310971219,1.3451494303979974,3.3166790922568166,0.3729110730272479,1.1632608177337422,3.2804390214118153,0.571066952262128,5.362103759750679,-19.73846153846154,0.1613846153846154,0.48815384615384616,0.8375,0.6912307692307691,1.471076923076923,0.8409230769230769
7.492492307692308,0.9540000000000001,10.995384615384616,12.11076923076923,240.1115384615385,0.09734745415056234,-16.78153846153846,13.063076923076922,61.03153846153846,-61.03153846153846,2.19090591369741e-07,30.515766651272063,52.85486422901265,30.51577193675834,52.854861177435716,-52.85486422901265,0.0,10546982.438163206,10456917.658170229,0.4068230610841087,0.4118257591003559,1.1100122121258214,1.4175332446355373,1.6178920724715862,3.934325962252173,8431387.439651733,24.379356721534617,6.376885447706906,0.4499906955745885,-0.02329472575653752,14.074725828017737,0.6237938468619822,620374621.1343005,23.635545402306207,13258.094952992478,10553880.704015004,-8.923704446042589e-07,-5.998009246423107e-08,-11.880365754275504,23.647868116437586,109.91520940979376,109.9216210977051,78.5647257434784,67690.93688438411,77568834.80393697,1.1181829772845404,0.38152123201015187,1.3901837360799463,3.3290757269363462,0.37682869769044036,1.212542535908351,3.2910173581442574,0.5584003313957625,5.397379350236512,-14.538461538461538,0.19461538461538463,0.2463076923076923,0.9225,1.0573846153846151,1.4956923076923077,1.1683076923076923
7.740184615384615,0.9767692307692308,14.306153846153846,6.535384615384615,249.9653846153846,0.09537664082250573,-16.535384615384615,16.164615384615384,44.50846153846154,-44.50846153846154,1.597761649997427e-07,22.25422888808123,38.54545946175244,22.25423274262707,38.54545723632936,-38.54545946175244,0.0,10873796.006060366,10819478.900737505,0.4024355053390173,0.40820981882572194,1.0610145519776133,1.3562047955658434,1.5627319797288224,3.916612353291958,8764339.641523149,15.108798786245586,7.438267057374532,0.48534597781892513,-0.009064826842412997,12.277282885606,0.8238597114673427,747339187.544671,24.158588123283117,13801.704953726718,10916509.323936764,-7.137773372614749e-07,-5.8098693514291434e-08,-10.939786116230318,24.172588858771032,78.09927689993341,78.10193695766327,57.60273559431378,70468.87951197373,79307123.18210551,1.247839306695369,0.3779639147921201,1.3408799803861002,3.3155496223961047,0.3725393943881731,1.158638064090002,3.279485419549199,0.5702034003634374,5.358896021451372,-2.2307692307692335,0.657076923076923,0.5158461538461538,0.8986538461538461,0.7041538461538461,1.3024615384615386,1.396
12.0048,1.0524615384615386,12.090769230769231,8.984615384615385,238.51923076923077,0.09768889150465618,-18.196923076923078,18.77076923076923,61.09307692307692,-61.09307692307692,2.1931150171003896e-07,30.546535879440373,52.908158101516406,30.546541170256035,52.908155046862554,-52.908158101516406,0.0,13848507.390675418,23638612.274829797,0.40762645047083096,0.41251376437454446,1.1183209732614448,1.4278968646894463,1.627130981376382,3.937513114240684,9805258.630033117,24.642318829681837,5.580467413283203,0.4753565709724351,-0.022976585444583166,20.91681685089903,0.6737836212558533,635046227.9919705,23.770133691795536,26113.69703889676,23735574.63410508,-7.629077952703697e-07,-4.1184632152928076e-08,-13.21371157999936,23.780450627310508,152.59208973530127,152.59854374020247,102.5477739765287,67242.04217407104,77272030.3780799,1.084253077602142,0.38218891775421526,1.3984681132391814,3.3315002091025607,0.37760553456886253,1.221679114520851,3.2931097221162666,0.5468032022684876,5.405067249288744,-17.0,0.5896923076923077,0.6109230769230769,0.9021153846153847,0.1096923076923077,0.8926153846153846,0.9824615384615385
12.134030769230769,0.8998461538461539,12.355384615384615,8.541538461538462,249.98846153846154,0.09537232460004745,-16.92923076923077,7.247692307692308,47.98538461538462,-47.98538461538462,1.722575992265766e-07,23.99269027959066,41.55656325821502,23.99269443524687,41.55656085894579,-41.55656325821502,0.0,10896729.059370745,18834682.140191894,0.4024958856690513,0.40827299100833137,1.0609052911494168,1.3560766638975363,1.562615304029106,3.9165832031249974,8669805.045589393,16.7611447140019,8.203190082731343,0.359857302843776,-0.013853578478308492,18.527434308949818,0.5112815192978335,652052439.6315078,29.011545094129765,21562.927704884693,18931690.123594068,-5.935693910540394e-07,-2.9491632383317778e-08,-13.791538360635272,29.028129805543955,106.41080218067209,106.41182231086886,67.629373923424,70475.38523241304,79311004.83723874,1.2480750891965253,0.37795592252285254,1.3407678545161095,3.315520045993593,0.37252961190800166,1.1585168542980802,3.2794604825495335,0.5701808353980111,5.358811723416386,-0.10769230769230731,0.3653846153846154,0.41246153846153844,0.9175,0.297076923076923,1.1227692307692307,1.087076923076923
9.721723076923077,1.0770769230769233,10.503076923076923,8.024615384615384,248.21153846153848,0.09570716992573054,-23.636923076923075,19.481538461538463,51.09307692307692,-51.09307692307692,1.8341357141162284e-07,25.54653630209024,44.24790381965502,25.546540726880497,44.24790126500117,-44.24790381965502,0.0,12088827.596087418,14783632.209416559,0.40317916411409654,0.40881103096272037,1.0694694765456367,1.3667806509509008,1.5723320043792703,3.919565922581102,9037232.123874705,17.656772413059198,13.024740041733379,0.2848493592429448,-0.025129478367120452,18.702828994487493,0.3846260830809986,757365119.8890799,39.82055533419814,17547.596874322193,14880616.954981167,-6.915144606047732e-07,-4.7139378085648356e-08,-17.024678840290274,39.83927156963752,107.1901649614466,107.19612763979569,73.30126221058818,69974.44475858539,79010199.75832236,1.2299784880442939,0.378583703102165,1.3494485286670683,3.3178313395316237,0.37329390144677005,1.1679211963166327,3.281414166618351,0.5719376082227801,5.365499429464939,-0.01538461538461533,0.3386153846153846,0.3976923076923077,0.984423076923077,0.9410769230769229,1.016923076923077,1.1166153846153846
11.261723076923078,0.8561538461538462,14.219999999999999,8.135384615384616,236.07307692307694,0.09822516781247628,-22.824615384615385,10.069230769230769,42.57,-42.57,1.528174892803574e-07,21.284998200779512,36.866702477883926,21.28500188744966,36.866700349383926,-36.866702477883926,0.0,11931857.466297043,19946149.24200469,0.4089700983654449,0.41368183917847257,1.1312822623608292,1.4440837705753073,1.6414949892392336,3.942524546615223,9177618.539794955,16.0100438802957,7.61565822090575,0.3098242876079641,-0.00929160281816615,15.930324026620957,0.7020207772610618,700187825.9734154,26.52379578410721,22657.49245520279,20043169.098229982,-6.291928228409722e-07,-3.743530908126188e-08,-18.109099390963184,26.534054159251895,101.4354720012662,101.43651240613457,70.58709169118607,66552.43580750312,76807988.17475665,1.0311237804546283,0.38311651399689434,1.4113249808283652,3.3352380458718223,0.3787022591380518,1.235926272580265,3.296338913255894,0.5273887471707785,5.415407837106858,-8.753846153846155,0.23984615384615385,0.46507692307692305,0.7686538461538461,1.318,0.9319999999999999,1.1855384615384614
11.87556923076923,1.0241538461538462,11.573846153846153,13.661538461538461,247.5653846153846,0.09583023822963278,-21.93846153846154,14.463076923076922,54.01615384615384,-54.01615384615384,1.9390681257577522e-07,27.008074640084892,46.77936276358373,27.00807931802104,46.77936006277603,-46.77936276358373,0.0,13341273.47226203,23288218.87496854,0.4033739706346787,0.40895256418588544,1.072611368987783,1.3706999203333876,1.575880270511239,3.9206535888905223,9634608.18969632,20.24870923356705,6.877746134142597,0.3380990624367581,-0.016842405454224045,18.955419447360075,0.4604498484640028,558949630.3280582,30.28519890005652,25819.426028936716,23385194.27121433,-8.340756021257166e-07,-3.854159537104204e-08,-16.906303269019016,30.301577190923318,137.88660073386816,137.89311242470123,97.96434395463578,69792.28458628444,78899693.50050072,1.2234243588459228,0.37881975839902315,1.3526308292906304,3.318690630283444,0.37357882838162587,1.171377264995704,3.2821428520063463,0.5725846829916403,5.3680531967676055,-10.96923076923077,0.2250769230769231,0.5693846153846154,0.9551923076923077,0.9453846153846154,1.4932307692307691,1.3012307692307692
8.310953846153847,0.89,13.46923076923077,8.233846153846155,243.27307692307693,0.09668434866710239,-21.298461538461538,16.832307692307694,56.01615384615385,-56.01615384615385,2.0108639863545848e-07,28.008074555554924,48.511413619956016,28.00807940669615,48.51141081914831,-48.511413619956016,0.0,12475175.661688402,15556661.059775928,0.40533553519336485,0.41057858903656425,1.0939052158207585,1.397345073761273,1.5998870548018886,3.9283387041882167,9343742.318647694,21.856357412830327,7.876953100324503,0.6926199283767822,-0.017120722977798944,14.873254652543823,1.086670897978768,761295928.895613,20.874818928843577,18258.76662468709,15653632.052032812,-8.456084836289615e-07,-6.038207672499407e-08,-15.240708173692319,20.886507686106313,121.07784684903115,121.08437092475329,91.26947021665627,68582.22058457094,78144213.38117513,1.164974695816566,0.3803712792549622,1.3740768014723748,3.32455733896417,0.3754496623335128,1.1947842278975054,3.287136597818543,0.5663563787233258,5.384836691981158,-1.2153846153846146,0.43738461538461537,0.1336923076923077,0.9394230769230769,0.6244615384615384,0.7584615384615384,0.7486153846153846
11.595569230769232,0.9324615384615386,12.656923076923077,7.815384615384615,247.9576923076923,0.09575583855527293,-22.307692307692307,15.173846153846155,46.87769230769231,-46.87769230769231,1.6828121310121358e-07,23.438844172561108,40.597273553147296,23.43884823228835,40.59727120926267,-40.597273553147296,0.0,12489348.097707216,19642868.809798066,0.4033219463345442,0.40893375691254524,1.0707009876592815,1.3683273777078646,1.5737304162422106,3.9200028705143986,9317958.664422473,16.705948884795067,8.080289988676224,0.2774196360658424,-0.013832230806462904,18.135158175511606,0.5194935797076974,636541354.6571448,29.978070447021178,22336.640103102483,19739872.21837467,-6.398728418076965e-07,-3.863639866714373e-08,-16.974518535741066,29.994605292282127,109.53844409664133,109.5394878934014,74.20451208300702,69902.8818337529,78966855.34892559,1.2274102375627836,0.3786716339337435,1.35069284636074,3.318163513489845,0.3734013085252833,1.1692746532541478,3.281695704269239,0.5721931569364208,5.366430058210278,-0.7538461538461547,0.26938461538461533,0.538,0.9467307692307693,0.114,1.098153846153846,1.4403076923076923
12.952492307692308,1.0204615384615385,10.749230769230769,12.64,246.5269230769231,0.09603534530822529,-16.166153846153847,8.518461538461539,52.53923076923077,-52.53923076923077,1.8860496440862456e-07,26.26961316404549,45.50030982349344,26.269617714076347,45.50030719653189,-45.50030982349344,0.0,12086387.458953729,24659652.655247875,0.40395350134809005,0.40945087765357785,1.0776835402780751,1.3770797543195885,1.581629982654324,3.922484138632224,9123540.227100722,18.362803611895973,10.61083232156444,0.5544528717519366,-0.017588609740708666,21.85755400053487,0.6530275441971526,795166062.7596022,35.367957865363444,27198.116680869996,24756644.202058893,-6.434513732516631e-07,-2.6148317354722974e-08,-13.093819740389531,35.38637885844556,130.42263938784805,130.42877305051638,81.63305456789404,69499.52716651505,78718234.65258405,1.2129835725372162,0.3791794041354987,1.3577461332598535,3.3200652009688496,0.3740176548363426,1.1769595693968355,3.2833111787825806,0.573694658579999,5.371865518485089,-18.015384615384615,0.22784615384615384,0.14200000000000002,0.8859615384615385,0.18723076923076923,0.8470769230769231,1.4378461538461538
12.155569230769231,0.8807692307692307,11.438461538461539,6.326153846153846,246.9653846153846,0.09594908478227139,-23.895384615384614,20.752307692307692,60.50846153846154,-60.50846153846154,2.1721285347720849e-07,30.254228211841443,52.40186631273067,30.25423345202793,52.40186328730758,-52.40186631273067,0.0,14623069.69995062,26797134.961129658,0.4036019878879425,0.4091317878960299,1.075535715721608,1.3743614382583915,1.579181888888747,3.9216787238411865,10119260.87623449,23.975816438174,5.986317976037196,0.4151029706857425,-0.029194493663019596,24.185041140213233,0.5572171641883883,599842690.3563666,28.46835449394727,29183.356402351583,26894087.891758405,-8.064023419465076e-07,-4.1635413735483543e-08,-17.993802755522285,28.482133268750832,165.08916393419224,165.0961508468131,117.42225793808863,69623.13585486212,78794466.57616735,1.217379507466326,0.37902760920439926,1.3555834369426172,3.319482967744898,0.3738324849014422,1.1745970541336404,3.2828158785634054,0.573204197667982,5.370256068071249,-15.215384615384615,0.4733846153846153,0.5103076923076922,0.7936538461538462,0.24969230769230769,0.9123076923076923,0.9996923076923077
9.581723076923078,0.9927692307692308,10.78,11.938461538461539,249.80384615384614,0.09540671203495218,-17.42153846153846,17.672307692307694,50.354615384615386,-50.354615384615386,1.807626473280475e-07,25.17730556407054,43.608377349609874,25.17730992490815,43.6083748318791,-43.608377349609874,0.0,11207652.938545544,12283912.992300648,0.4025019200807389,0.4082629387683813,1.0617885051398708,1.3571725648566426,1.5636120472078903,3.9168808033024893,8703357.750408692,16.703061295737683,12.015476457743762,0.35761262607691346,-0.01747792981818219,15.555737323144367,0.3974164710878601,740091115.6143826,36.34357980931825,15155.871687807801,12380914.913053399,-7.306542343519555e-07,-4.745351925422047e-08,-11.793683782416823,36.359898642625964,93.79705331038713,93.80273355513171,63.15841182742914,70423.33946889847,79280080.23833053,1.246189332911687,0.3780198811533664,1.3416651463332165,3.3157568703777414,0.372607887767502,1.1594872101127875,3.2796602248619324,0.570361604802775,5.359486546078071,-7.646153846153844,0.41430769230769227,0.22230769230769232,0.7682692307692308,0.49523076923076914,1.1092307692307692,0.8864615384615384
8.903261538461539,0.9078461538461539,13.635384615384616,12.147692307692308,239.71923076923076,0.0974292479919602,-21.88923076923077,10.5,44.354615384615386,-44.354615384615386,1.5922388914899782e-07,22.17730581766046,38.41222478049304,22.17730965888283,38.41222256276227,-38.41222478049304,0.0,11192453.687197462,15185321.430638596,0.40718019978202596,0.41215779590013535,1.112044955843386,1.420098653642087,1.6201720477675876,3.9351772773080245,8849393.481523495,16.60467963958482,7.57816972042915,0.3278640407409062,-0.009462645996351002,13.252093056703497,0.6476754976922444,718232545.3227644,26.240831053340912,18002.38509264411,15282335.157276066,-7.476154018776042e-07,-4.6604020584910275e-08,-16.740310711518454,26.252620190368997,95.19977931866352,95.20133571716241,69.17412135942874,67580.33963691567,77496007.92478596,1.1108384984368613,0.38173310528002663,1.3922135010472387,3.329703960103167,0.37706586630082306,1.2147891153407784,3.291566009458284,0.5563342307829434,5.3999962970832405,-12.415384615384614,0.1733846153846154,0.44846153846153847,0.9828846153846154,1.29,0.7941538461538461,0.9763076923076923
11.530953846153846,0.8512307692307692,14.06,11.827692307692308,238.68076923076922,0.09765366733243208,-16.473846153846154,17.543076923076924,52.41615384615385,-52.41615384615385,1.8816314372802866e-07,26.208074707708874,45.393722078485915,26.208079247080956,45.39371945767821,-45.393722078485915,0.0,13017364.341987083,19178115.6337489,0.4075955056290577,0.41249539795796386,1.1174737468909166,1.4268482861165732,1.626197204727066,3.9372052857581656,9591170.658462986,19.721348570541416,5.866164745861559,0.6104809867606515,-0.011441264697879257,15.543512638852821,0.9206181422008436,697392075.8903804,21.610197239052138,21849.370072111466,19275111.403636742,-7.700593310759767e-07,-4.616696380599511e-08,-11.425937003927364,21.620752647677868,117.4917889812146,117.49772792420492,81.96372350193792,67287.5822171463,77302322.50914265,1.087811981533261,0.38212759681212577,1.3976241154395488,3.331256994017978,0.3775329591442867,1.220747835988133,3.2929003998056854,0.548083617592718,5.404384716211471,-9.892307692307693,0.4087692307692308,0.585076923076923,0.7882692307692307,1.2189230769230768,1.1560000000000001,1.0661538461538462
12.96326153846154,0.9527692307692308,13.863076923076923,8.8,244.58846153846153,0.09641867155766996,-20.88,18.9,42.66230769230769,-42.66230769230769,1.5314885479080432e-07,21.331152043031974,36.94664328663957,21.3311557376962,36.94664115352418,-36.94664328663957,0.0,13460712.07014723,22176907.426384095,0.404943331497094,0.41029109405769676,1.0873044926500826,1.389120101874815,1.592495799143523,3.9259781304474743,9790652.440592969,14.945963714799548,8.537160105626734,0.2845789241392262,-0.00924733134747206,17.451016872283173,0.5670569472975543,685171943.315681,29.89025989982494,24872.510569480288,22273937.093957976,-5.799123630718299e-07,-3.687661366044649e-08,-15.113632943678855,29.904634969359723,103.22587100012781,103.22670836137526,68.13477790218592,68953.04664961217,78378282.76017617,1.184794742228112,0.37988569550346524,1.3674383416212585,3.3227173803402064,0.3748678092201982,1.1875215928301361,3.285566236780676,0.5696628408862202,5.37952888320089,-7.553846153846155,0.5204615384615385,0.406,0.9921153846153846,1.2555384615384615,1.2519999999999998,1.2163076923076923
12.090953846153848,0.8161538461538461,13.992307692307692,12.283076923076923,236.39615384615388,0.098155248859086,-22.97230769230769,14.247692307692308,42.93923076923077,-42.93923076923077,1.541429513221451e-07,21.469613569789363,37.186465712906504,21.46961728843583,37.186463565944955,-37.186465712906504,0.0,12839974.176069792,20895863.13905441,0.4087725996796835,0.4135071639983821,1.1295578338468544,1.4419262150273442,1.6395869639878222,3.941848938102929,9528563.475247607,15.919807639225494,7.567013018822762,0.2816672930162769,-0.008554066960781193,15.384246115029466,0.5819581144373068,644853461.4324601,27.566589966292966,23584.69450074059,20992883.056167133,-6.811223270249902e-07,-4.009831260763258e-08,-17.37970896359065,27.57745132513293,104.18040675874218,104.18136145370309,72.42453340990814,66643.5158936536,76869929.78307569,1.0380571941754366,0.38299415960965205,1.4096187773835984,3.334738460161776,0.37855770337942024,1.2340289142557685,3.295905961553897,0.5299233743028352,5.414042477107754,-8.876923076923076,0.4050769230769231,0.38938461538461544,0.8432692307692308,0.6287692307692306,1.0772307692307692,0.7215384615384615
7.7509538461538465,0.8721538461538462,11.54923076923077,7.618461538461538,236.88076923076923,0.09805150573766416,-20.683076923076925,11.943076923076923,47.70846153846154,-47.70846153846154,1.7126350269523587e-07,23.854228752833276,41.31674083194809,23.854232884507244,41.31673844652501,-41.31674083194809,0.0,10174043.166905977,10481769.041957559,0.4085767089047053,0.41334714884238266,1.1269798680382288,1.4387175371058152,1.636746924013272,3.940873110278338,8306658.495442361,17.175509762072842,11.04115506588671,0.2717688926389484,-0.017515105288942477,14.540343510049379,0.47187114423296445,729683260.500517,32.268414931929044,13379.022474955791,10578771.196763769,-7.209628576549661e-07,-5.06045744454617e-08,-15.457546698507986,32.27673143166017,85.65308195526728,85.65530391798592,61.374870414523414,66780.13602287932,76961897.46486564,1.0485091145117567,0.3828104987851213,1.4070639495871138,3.3339924170751756,0.3783406672780721,1.2311918161720379,3.2952602331633467,0.5337817449726464,5.4119930754164765,-15.523076923076923,0.10784615384615386,0.5509230769230768,0.974423076923077,1.2210769230769232,1.108,1.2310769230769232
10.777107692307691,0.9650769230769232,11.518461538461539,13.907692307692308,249.41153846153847,0.0954804096940686,-21.372307692307693,16.423076923076923,55.70846153846154,-55.70846153846154,1.9998184693396875e-07,27.85422841471338,48.244944257437204,27.854233239207673,48.24494147201412,-48.244944257437204,0.0,12880087.539070858,19067020.97889004,0.40253563930626846,0.40826207608044435,1.0636688622590378,1.3595039515298435,1.5657293695476717,3.9174937826843292,9418455.274567515,21.159458006090905,6.282614352804491,0.306356816243141,-0.01758084057732698,17.006978607169202,0.4875907464180653,557794285.5555711,27.818582885014063,21694.156136478676,19163992.66461018,-8.305893555637759e-07,-4.5107711562312325e-08,-15.77317340852916,27.835379731417618,131.18136551005807,131.1876881302523,91.26202855706474,70312.74222143006,79213925.7410349,1.2421885887019521,0.3781557964444516,1.343574432003818,3.316261707246465,0.3727741785255142,1.1615539910056583,3.280086366338898,0.5707476157620391,5.360921346225238,-15.123076923076923,0.3201538461538461,0.49923076923076926,0.9386538461538462,0.17646153846153848,1.1067692307692307,0.8064615384615385
10.001723076923078,0.7201538461538461,12.183076923076923,7.224615384615385,243.91923076923078,0.09655261245745528,-18.024615384615384,10.133846153846154,48.17,-48.17,1.7292033024747044e-07,24.08499796409559,41.71644487572631,24.08500213573996,41.7164424672263,-41.71644487572631,0.0,10526215.890007481,14131633.537624408,0.40525069200796865,0.4105471246304594,1.0906608565547637,1.3933155949571565,1.596274695611304,3.9272096058106385,8493338.239444567,17.188074510345544,8.735130847517757,0.32641279199765755,-0.015097850383321749,16.506571980738528,0.5484301966808343,697488935.0318487,28.960932765271004,16960.456196863786,14228639.438233193,-6.515448024613733e-07,-3.8481323158422577e-08,-14.055585274164303,28.974398961131687,95.71296509852118,95.71446321798447,64.97671623201302,68764.38075687189,78259567.76324524,1.1746857747072297,0.38013876329653634,1.3708166010746416,3.323656021827475,0.37516965078876074,1.1912099741012117,3.286366589357818,0.5679894778859822,5.382318388761779,-12.538461538461538,0.6847692307692308,0.214,0.8621153846153846,1.01,1.1104615384615384,1.4747692307692308
8.6448,1.0475384615384615,13.026153846153846,9.932307692307692,238.31153846153845,0.09773431855154333,-23.267692307692307,8.94923076923077,53.18538461538461,-53.18538461538461,1.9092452298175297e-07,26.59269005981273,46.05989548478294,26.59269466580215,46.0598928255137,-46.05989548478294,0.0,11336453.390384117,15755029.33370002,0.40773604202856817,0.4126083650129274,1.119413014537399,1.4292598657317988,1.6283450064781078,3.9379335930310644,8841566.613869892,21.200479124661264,5.730831582071325,0.4380248755335487,-0.01625342205585073,14.773679736097455,0.786059078672424,639071103.3257631,22.776796453013215,18449.028483790516,15852002.027431343,-8.673165886486006e-07,-5.179629197259892e-08,-18.366122125639993,22.787785922914306,118.49380045665906,118.50035222073251,89.54946546963848,67183.49069011713,77233007.9124407,1.0796865110156573,0.3822677627894818,1.3995541379195116,3.331813570575067,0.37769883371576163,1.222878193228262,3.2933795645997974,0.5451580017719959,5.405945098077973,-9.399999999999999,0.21953846153846154,0.31646153846153846,0.7517307692307692,0.6007692307692306,1.2261538461538461,0.8827692307692308
13.135569230769232,0.8438461538461539,12.878461538461538,10.867692307692307,240.4115384615385,0.0972834557270742,-21.347692307692306,14.053846153846154,45.98538461538462,-45.98538461538462,1.650780131668934e-07,22.992690364120637,39.824512401842746,22.992694346571767,39.824510102573505,-39.824512401842746,0.0,13560111.980586892,26486375.03304134,0.40678920037128713,0.4118159655377877,1.1084722630681905,1.4156136002790118,1.6161893636877518,3.93376578872398,9819796.527248763,16.530112920782386,8.48630767196568,0.33167689049930943,-0.01158565909932257,19.844408918520717,0.4935149074579961,639762766.6449714,31.255063973198467,29017.75212634319,26583384.37545285,-6.501949054897287e-07,-3.115982654277539e-08,-16.641237310954526,31.269081419179773,120.86045275686787,120.86114599559363,81.60607080893234,67775.5112500953,77623851.87936556,1.1225722916315368,0.3814132947338818,1.388646319174423,3.3286411644314366,0.37669915921158625,1.2108389681168348,3.2906425757967805,0.5591610166828173,5.3962041453770055,-19.984615384615385,0.33584615384615385,0.16046153846153846,0.8309615384615385,0.4327692307692308,1.2913846153846154,1.4636923076923076
9.538646153846154,0.8216923076923077,10.595384615384615,13.156923076923077,243.71153846153848,0.09659483434937631,-19.833846153846153,11.576923076923077,45.64692307692307,-45.64692307692307,1.6386300629525468e-07,22.823459609194934,39.53139610307205,22.823463562334435,39.53139382072589,-39.53139610307205,0.0,10345479.56244363,12289227.35762101,0.4054197540947082,0.4107014355588819,1.0917052418252946,1.394634004844549,1.5974588138142758,3.9276136939241875,8357623.112754323,14.569312909021257,19.995371674012507,0.3055187312351309,-0.02198588588940076,14.892606165453463,0.37972494250496097,1001095481.7335663,46.5383561641506,15182.595515029228,12386240.891487557,-6.791069592199404e-07,-4.0575073400312004e-08,-14.913552537154366,46.51888500272842,87.88503437433995,87.88664751146362,57.850086264325626,68705.82927291802,78222552.26136182,1.1715589005041247,0.38021350783974345,1.371863433243006,3.3239450197947242,0.3752596826769568,1.1923568728330636,3.2866133397647133,0.567464547909139,5.3831276790740406,-4.384615384615385,0.645076923076923,0.3386153846153846,0.8105769230769231,1.4644615384615385,1.0095384615384615,0.7916923076923077
10.658646153846155,0.7213846153846154,10.736923076923077,12.196923076923078,241.38076923076923,0.09707708826448691,-22.11076923076923,18.318461538461538,49.370000000000005,-49.370000000000005,1.7722808188328038e-07,24.684997913377604,42.75567538954968,24.685002188945024,42.75567292104967,-42.75567538954968,0.0,12149953.37468008,15984186.960606761,0.40635272851474147,0.4114535257771853,1.1035107931304513,1.4093946340659107,1.610660063509022,3.931926281888004,9074129.403723875,17.22219843042394,13.341991280577895,0.2974555405226459,-0.01861061619716322,17.157122907233582,0.384287211088578,773923371.1863925,39.37438705452345,18735.147701322472,16081181.749621717,-7.293959399518635e-07,-4.3019054037100076e-08,-15.927253423603092,39.389029173457544,106.46938784001219,106.47057928064496,71.80777182799288,68048.75150854669,77801799.9264485,1.136826136576776,0.3810645331803122,1.3836938981196116,3.327247249699497,0.3762803302737036,1.2053624992001273,3.2894426125998217,0.5616073215219444,5.392410928259928,-13.86153846153846,0.6856923076923076,0.41892307692307695,0.8548076923076923,1.3072307692307692,0.9541538461538461,1.0809230769230769
7.632492307692308,0.9995384615384616,12.946153846153846,7.027692307692307,248.5346153846154,0.0956455469586445,-23.16923076923077,13.838461538461539,59.55461538461539,-59.55461538461539,2.1378874320259035e-07,29.777305175232662,51.57581128892235,29.77731033281365,51.57580831119157,-51.57581128892235,0.0,11931307.188351283,14646046.768656112,0.40288521872278266,0.4085404135847331,1.0679023103324627,1.364794660869043,1.5705337963692045,3.918972545252745,9089886.837404853,23.91215317532793,6.746692946728715,0.6662221847470063,-0.022526494556753134,15.125702641796636,1.015879437388855,697950579.4027934,20.552390785817963,17334.341199856077,14743001.04229483,-9.163297216083514e-07,-6.39523352674523e-08,-17.34300686348437,20.56522306693526,128.8827780930171,128.8898018420341,100.13864230786496,70065.52484473589,79065168.90545481,1.2332522102696033,0.3784717692536089,1.3478669260729856,3.317409883141309,0.37315713757056457,1.16620249756401,3.281057243229764,0.571613639157787,5.364315271636498,-19.092307692307692,0.33307692307692305,0.5813846153846154,0.7571153846153846,1.2641538461538462,1.0833846153846154,1.1276923076923078
6.814030769230769,1.0216923076923077,10.515384615384615,12.307692307692307,243.08846153846156,0.09672226773302331,-20.486153846153847,19.373846153846152,55.58538461538461,-55.58538461538461,1.9954002625337285e-07,27.79268995837676,48.138356512429674,27.79269477221228,48.138353733160436,-48.138356512429674,0.0,11182838.729843754,9752056.753889168,0.40547723862506985,0.41070715377006806,1.094837219835056,1.398522036567167,1.600942158078061,3.928703337617624,8677142.950831348,20.74274119215442,8.928066321695647,0.29813250790914114,-0.02115693704078419,13.520495994223655,0.46152528997055725,651960567.3811474,30.63204859820477,12607.213960112604,9849032.248063732,-8.864179859525845e-07,-6.758359929150184e-08,-13.138028037516092,30.64784324547603,99.8465703682568,99.85295142660023,72.72874575377733,68530.1748210564,78111089.32045057,1.1622093187282476,0.38043771563705486,1.3750100951925834,3.3248160652644674,0.375529633678253,1.1958087686319245,3.287357885667079,0.5658897872939578,5.385556734948922,-3.9846153846153847,0.6884615384615385,0.5038461538461538,0.7728846153846154,1.0121538461538462,1.4526153846153846,1.1560000000000001
12.780184615384616,1.0623076923076924,12.792307692307691,13.316923076923077,235.01153846153846,0.09846035606950397,-18.947692307692307,16.40153846153846,42.97,-42.97,1.5425340649229406e-07,21.48499818387352,37.21311264915838,21.485001905184678,37.21311050065838,-37.21311264915838,0.0,12392637.901803322,18685640.655399967,0.4095353065912882,0.4141713394659002,1.136973422820975,1.4511965068536379,1.6477700495182965,3.9447519730925498,9278644.4456414,15.082191459635256,11.418125130230479,0.3173225150680655,-0.009666666563971181,15.887727517006104,0.4410727033973786,752186674.9328396,33.576774574674246,21457.620280130137,18782672.594470963,-6.472993461729767e-07,-3.6760931190936316e-08,-13.679067032420923,33.58619412129837,95.96712379446319,95.96804304272958,63.62153720218097,66253.1726672944,76602966.77520068,1.008519789639508,0.3835182594125479,1.4169486929538198,3.336892528968246,0.37917665204633727,1.242194302795285,3.2977756909449636,0.519082802108206,5.419894229569819,-2.1999999999999993,0.27676923076923077,0.29707692307692307,0.9217307692307692,0.6696923076923077,0.911076923076923,0.7338461538461538
8.806338461538461,1.0112307692307694,11.223076923076922,8.75076923076923,235.35769230769233,0.09838281675646023,-21.630769230769232,7.527692307692307,49.862307692307695,-49.862307692307695,1.7899536460566394e-07,24.931151738724072,43.18202636957977,24.93115605692659,43.182023876464385,-43.18202636957977,0.0,10269753.537608847,13008643.073916936,0.4092834466091771,0.4139433037270175,1.1351114377003142,1.4488607865849492,1.6457111931715942,3.944008805905901,8328317.068486784,18.721592641827726,10.172221960485189,0.27928799101192836,-0.01935604932378365,16.24696512904299,0.43332376568346287,704599289.6669362,31.415786495892625,15806.311149489895,13105631.566128908,-6.854157442069311e-07,-4.1895943117711605e-08,-17.34764223142861,31.425232289757098,98.27573794632727,98.28159250696906,67.19469907566285,66350.7584738842,76670081.08529954,1.0158606662514145,0.3833873037481466,1.415111921395922,3.3363508289412978,0.3790220565558336,1.2401446407916723,3.297304759878923,0.5217867693922071,5.418431255480476,-19.276923076923076,0.3524615384615385,0.5204615384615385,0.895576923076923,0.6546153846153846,0.7178461538461538,0.8618461538461538
8.838646153846154,0.778,12.053846153846154,12.541538461538462,236.0269230769231,0.09823522107328993,-22.270769230769233,19.998461538461537,41.64692307692308,-41.64692307692308,1.4950383417588824e-07,20.823459778254886,36.0672943903275,20.823463384984226,36.06729230798134,-36.0672943903275,0.0,11900650.847745957,12862459.138099542,0.4090486816819056,0.41375816561079776,1.1315305537865454,1.4444031815382168,1.6417784119672856,3.9426443997223264,9045791.68181523,14.317631323598341,17.386154908290653,0.23845762204979956,-0.014857910812581327,13.486403153139706,0.471515859587782,920880165.1485606,41.94707510624867,15777.796109503142,12959490.99328895,-6.870467037372309e-07,-5.053490666478317e-08,-14.801068062560118,41.942210441937924,82.39460282210182,82.39602215578232,57.702085858517165,66539.4243666245,76799125.5830864,1.030135371912221,0.38313399208743876,1.4115689264797946,3.33530956618811,0.37872290575716594,1.2361977287371533,3.2964009314358647,0.527026921051593,5.415602924202197,-4.846153846153847,0.5546153846153846,0.46969230769230774,0.7628846153846154,0.14846153846153848,1.418153846153846,1.0612307692307692
7.5248,1.1016923076923077,11.1,7.0892307692307694,249.50384615384618,0.09546303620397183,-16.043076923076924,19.115384615384617,42.41615384615385,-42.41615384615385,1.5226521342961254e-07,21.20807513035874,36.733467796624524,21.20807880370542,36.733465675816824,-36.733467796624524,0.0,9913819.051425474,7099950.776299588,0.4028477047303595,0.40858862943062496,1.0632334241769894,1.3590145535347498,1.5652872078856965,3.9174530616377736,8197495.171586303,10.224898047059868,34.174718542667875,0.3892726448503485,-0.054175958092987954,13.32073332374471,0.4114922123900334,1398647568.814818,59.448966947893695,10209.121056723357,7196995.330952877,-7.072831408104987e-07,-6.205726486801185e-08,-9.399340110335135,59.56840129207628,63.986353191600976,64.00829553522478,45.13260998108434,70338.76510318732,79229509.07208036,1.2431291856415447,0.37812382461926547,1.3431248395249278,3.3161427263371386,0.3727350656323722,1.1610670983874558,3.279985896574844,0.5706565629947865,5.360583797207106,-16.138461538461538,0.573076923076923,0.13276923076923078,0.9263461538461538,0.5835384615384616,1.3873846153846154,1.400923076923077
13.092492307692307,0.7804615384615384,13.850769230769231,8.873846153846154,238.40384615384616,0.09771410957342105,-19.15692307692308,20.55846153846154,50.93923076923077,-50.93923076923077,1.8286129556087798e-07,25.46961323166947,44.11466913839561,25.46961764313626,44.114666591434066,-44.11466913839561,0.0,14309445.535121769,25091523.936534926,0.40774668516357093,0.4126264906190132,1.1189288207566717,1.4286633173565693,1.6278143362393795,3.937759947258557,10113294.242305316,18.99051073709322,5.888453145084527,0.4021682724783676,-0.012427127341199275,18.836945927939556,0.6444426533895627,640980723.5320446,23.96093395836361,27620.575531198407,25188520.646503657,-6.648466239266487e-07,-3.96400591734589e-08,-13.615930634253539,23.971985802592442,129.13632856390856,129.14249781602166,86.41600514745053,67209.51357187444,77250361.61431319,1.08171483404486,0.3822327266571215,1.3990713414841935,3.3316742135333772,0.37765737489824025,1.2223450151318802,3.293259537412307,0.5458890557205225,5.405555002500845,-1.4307692307692292,0.20015384615384615,0.40230769230769226,0.7890384615384616,1.3115384615384615,1.0144615384615385,0.7572307692307692
11.778646153846154,0.7226153846153845,12.896923076923077,8.516923076923078,245.76538461538462,0.09618413447679186,-21.02769230769231,12.266153846153847,53.923846153846156,-53.923846153846156,1.9357544706532833e-07,26.961920797832434,46.69942195482809,26.9619254677745,46.69941925863578,-46.69942195482809,0.0,12736968.392950136,22404301.84705379,0.40422856691719755,0.4096652308645021,1.0814448584542604,1.3817711912808073,1.5858699006490586,3.9238203286774054,9427392.219230521,20.53568469449247,5.5653970165343996,0.3680991405123298,-0.017060601588315502,18.98768295079237,0.6048263428233579,607316192.0316437,24.158959376599885,24958.11637840091,22501278.623749536,-7.196670906643606e-07,-3.804633574919634e-08,-16.55231920206982,24.172182676533364,133.59540164453912,133.60176500784831,91.0564063734155,69284.83839201748,78585454.85246168,1.202713428206418,0.37946206354991174,1.3615441846172045,3.3211044938545875,0.3743568460054917,1.1810918403421329,3.284194241167129,0.5727191020614956,5.374950997753348,-5.984615384615385,0.20661538461538465,0.23153846153846153,0.8682692307692308,1.2404615384615385,1.0255384615384615,1.2679999999999998
12.263261538461538,0.7189230769230769,12.903076923076924,13.366153846153846,246.50384615384615,0.09603989254567281,-16.855384615384615,10.456923076923076,52.87769230769231,-52.87769230769231,1.8981997128026326e-07,26.438843918971187,45.79342612226413,26.43884849831367,45.79342347837951,-45.79342612226413,0.0,11922315.279736111,20423210.634103872,0.4039046533823351,0.4093992802117981,1.0777954097841234,1.377211971070521,1.581748605562762,3.9225109699686813,9106338.759239366,19.68985705296106,5.864511782801788,0.41179054538700616,-0.012955171493553998,16.777466261980155,0.6702376511105914,619641087.3252327,24.217473487220364,23059.76701835349,20520200.185338475,-7.666513767797128e-07,-3.5982801638458533e-08,-13.152991330843502,24.23155215927342,123.54021948246724,123.54628654399129,83.66191384191256,69493.02144607573,78714219.99104205,1.2127520077831868,0.3791874029005456,1.3578600848892255,3.3200959309717937,0.374027407444668,1.1770841476181182,3.2833373392703145,0.5737184280069819,5.371950431186451,-10.476923076923077,0.6672307692307692,0.5361538461538461,0.750576923076923,1.050923076923077,0.7486153846153846,1.0796923076923077
13.25403076923077,0.7318461538461538,14.404615384615385,9.39076923076923,247.01153846153846,0.09594020233075162,-23.64923076923077,15.38923076923077,43.55461538461539,-43.55461538461539,1.5635205472512456e-07,21.777305851472452,37.71940443794413,21.77730962341279,37.71940226021336,-37.71940443794413,0.0,13786988.709332526,25669206.058100205,0.4037485106748363,0.40928483488530965,1.075314099910615,1.3741072704972717,1.578953902893928,3.9216421322113195,9967145.192484971,15.7704920214418,6.580233331104525,0.27516646974647435,-0.009091814708409206,17.68059303594514,0.5565729279442351,643195888.7838547,26.801927006502616,28246.56719465909,25766221.710051596,-6.148367391633025e-07,-3.616375621800594e-08,-18.13026843565453,26.8166387339954,115.50258162714785,115.50334699042226,78.0821228063452,69636.14729574078,78802338.1420519,1.217843884128209,0.3790116125561511,1.355356011013853,3.3194218239926334,0.373812971399666,1.1743488401011988,3.2827639033298266,0.5731570278202258,5.370086406559961,-16.47692307692308,0.22692307692307692,0.3016923076923077,0.8532692307692308,0.15707692307692306,1.4661538461538461,1.1436923076923078
12.177107692307693,0.8081538461538461,10.626153846153846,11.015384615384615,243.18076923076924,0.09670329266742043,-20.153846153846153,10.930769230769231,59.831538461538464,-59.831538461538464,2.147828397339311e-07,29.915766701990048,51.81563371518928,29.915771883553276,51.81563072361235,-51.81563371518928,0.0,13070567.348042877,25766029.78861163,0.4053919981268339,0.41062807759356545,1.094370678931914,1.3979291797603235,1.6004102909094298,3.9285095516985935,9482734.693094518,23.595788475280187,7.3738928278534415,0.4777604964020774,-0.026136803921381218,23.192064811450297,0.6216470747366627,650528276.7415552,30.70480807772846,28186.5866631942,25862988.35384838,-7.625164457575888e-07,-3.230451977967894e-08,-16.231774299861886,30.719342069684355,158.97196124276374,158.9786910919201,106.93776912238408,68556.19770281366,78127660.49720874,1.1635915127340215,0.3804045018060835,1.374543331440016,3.3246866346072363,0.37548965472086215,1.19529632087988,3.287247175095607,0.5661230825483716,5.385196760582429,-14.169230769230769,0.6783076923076923,0.4087692307692308,0.9578846153846154,1.2792307692307692,0.8864615384615384,0.7153846153846153
7.621723076923077,0.9798461538461539,11.746153846153845,6.510769230769231,243.41153846153847,0.09665601025832912,-18.89846153846154,14.506153846153847,44.846923076923076,-44.846923076923076,1.6099117187138139e-07,22.423459643006925,38.838575760523135,22.423463526864396,38.83857351817698,-38.838575760523135,0.0,10025096.768409926,9116337.164556595,0.4055205500008123,0.4107785925962631,1.0932132643214707,1.3965167724024692,1.5991472479967863,3.9281588243107883,8262645.712498609,15.037320331813024,13.677485264755132,0.2837506680962737,-0.016891633881611443,13.8220180064403,0.42281027857645925,837811565.3093134,36.154035965278574,12107.337284143094,9213358.626090571,-7.020423984010369e-07,-5.4379926933373514e-08,-13.262680425567268,36.157304408251655,75.38996682709003,75.39258711891902,54.727224205253364,68621.25490720687,78168992.72656387,1.1670514278246407,0.38032145755226354,1.3733773472286566,3.3243636482021532,0.3753896784936004,1.19401677442053,3.286971008367589,0.5667063245908884,5.384296889853517,-2.5076923076923094,0.43184615384615377,0.6090769230769231,0.9782692307692308,1.1026153846153846,1.0846153846153845,1.263076923076923
13.534030769230771,0.7330769230769231,13.592307692307692,12.861538461538462,241.2423076923077,0.09710641515178167,-16.818461538461538,17.693846153846152,47.12384615384615,-47.12384615384615,1.6916485446240536e-07,23.561921085234342,40.81044904316234,23.56192516627913,40.81044668697003,-40.81044904316234,0.0,13630957.95468722,24303319.887854084,0.40646850013467184,0.4115593588710911,1.1042186864328807,1.410288147878913,1.6114558245995276,3.9321960996549494,9871081.492671803,16.758694855674204,7.160892529374433,0.39069145015100815,-0.009367983322997831,17.77240389559246,0.6015665702355133,648303205.9877082,26.511138015633158,26911.070328064292,24400337.643624246,-6.026441712347731e-07,-3.3144126411841874e-08,-12.04768031967,26.52388697306663,115.28827324126664,115.28895589781536,72.49214084441124,68009.71718591078,77776453.80018075,1.1347829508981369,0.38111435748353345,1.3844000026132055,3.327445439000923,0.3763401907766126,1.206142304409663,3.2896130255103238,0.5612573459173446,5.392952495849781,-13.923076923076923,0.25738461538461543,0.5721538461538461,0.9778846153846154,1.1823076923076923,1.0796923076923077,0.920923076923077
13.598646153846154,0.8278461538461539,12.373846153846154,9.96923076923077,243.50384615384618,0.09663714492659241,-16.658461538461538,18.146153846153847,43.61615384615385,-43.61615384615385,1.565729650654225e-07,21.80807507964076,37.77269831044789,21.808078856910484,37.772696129640195,-37.77269831044789,0.0,13081351.999614691,23639909.740821432,0.40550934257229876,0.4107744721983099,1.0927494580767065,1.3959371770695497,1.5986272136942552,3.9279819176774984,9602049.093347052,14.046774700647767,13.427518435846206,0.4747573967859093,-0.012033622484683185,20.227166188002364,0.576866454767968,857650746.2751472,38.369075156997354,26314.2614946058,23736945.564086143,-5.752853728065887e-07,-2.8877485834787723e-08,-12.025674225153749,38.383999110163,104.33454851617236,104.33536021316597,66.70031638367168,68647.27778896413,78185498.96625614,1.168437214503929,0.3802882384060764,1.3729113374174071,3.3242346941681165,0.3753496802853704,1.1935056354391576,3.286860795745075,0.5669396229768363,5.383937000860748,-3.3999999999999986,0.1992307692307692,0.4844615384615385,0.8367307692307693,1.346,1.384923076923077,0.7929230769230768
10.86326153846154,0.8155384615384615,11.850769230769231,13.033846153846154,245.07307692307694,0.09632158632061899,-17.88923076923077,15.044615384615385,60.60076923076923,-60.60076923076923,2.175442189876554e-07,30.300382054093905,52.48180712148631,30.300387302274473,52.48180409144784,-52.48180712148631,0.0,12625809.408412509,19100091.111595724,0.40450178323970487,0.4098837228473963,1.0848828692643255,1.3860617604196204,1.589740625674597,3.9250493142280525,9316553.302557789,24.082374048797924,5.331958056222745,0.422254813412748,-0.02005777894120756,17.423663779645658,0.5918478270339556,582217483.1551147,23.789097484069703,21697.2355454212,19197053.981348753,-8.63121437941495e-07,-4.4497435694769604e-08,-13.224671938910213,23.802201665482364,140.43669407661565,140.44304738850235,98.06870234066268,69089.6667788379,78463867.56358817,1.1921466475233442,0.37971138038554636,1.3650075926811533,3.322050819198361,0.3746576009977328,1.1848668748640143,3.2849986763305874,0.5708876182512884,5.377644592835551,-10.815384615384616,0.25646153846153846,0.6469230769230768,0.9148076923076923,1.025076923076923,1.2679999999999998,1.108
13.103261538461538,0.7958461538461539,10.933846153846154,6.018461538461539,235.86538461538464,0.09827059090872989,-19.13230769230769,8.798461538461538,56.354615384615386,-56.354615384615386,2.0230140550709718e-07,28.17730531048062,48.80452991872671,28.177310190933476,48.80452710099593,-48.80452991872671,0.0,12373280.405515853,26303125.08521891,0.4089291341174945,0.4136238571395495,1.132389204021872,1.4454453630508217,1.6426959380903006,3.942916937376148,9183670.872259017,21.70613204878796,8.69116595287948,0.533313626826473,-0.02651566951426263,25.555933220146837,0.7114029540021667,745419784.0534806,31.643934128473266,28731.630198876308,26400096.060514804,-6.99738009596022e-07,-2.865381272614213e-08,-15.766160078160832,31.656412105568023,147.82852121364678,147.83501320364994,98.19884795182352,66493.88432354925,76768029.92530005,1.02667984273798,0.38319515388602604,1.41242317779296,3.335560188448866,0.3787951478572834,1.2371485285508075,3.2966183007716228,0.5257610677441278,5.416285640832376,-18.415384615384614,0.25923076923076926,0.6358461538461538,0.754423076923077,0.11830769230769231,1.3049230769230769,1.4070769230769231
12.467876923076924,1.0026153846153847,11.463076923076922,12.098461538461539,238.49615384615385,0.09769393128394536,-17.18769230769231,13.666153846153847,59.73923076923077,-59.73923076923077,2.1445147422348418e-07,29.869612859737586,51.73569290643364,29.869618033306732,51.735689919472094,-51.73569290643364,0.0,13624302.980473766,26768456.048606005,0.4076421965339295,0.41252786615407194,1.1184422732730546,1.4280485606194546,1.6272661141467575,3.937559666028671,9747345.762206744,23.62814567118321,6.6525454531869315,0.5393122928563119,-0.021011158817753266,21.88732566352792,0.6975655391414842,657974479.6465435,27.30409253363484,29177.802673342972,26865422.48595684,-7.672038430925483e-07,-3.2895790871862075e-08,-13.257977299053202,27.315683256411916,156.61434593581475,156.6209201557369,104.92391097798743,67235.53645363172,77267698.70113653,1.083745172193543,0.38219768105509133,1.3985887146423424,3.3315349884047123,0.37761590482120727,1.221812243929768,3.2931396663306973,0.5466203438046968,5.405164823008439,-6.23076923076923,0.5527692307692308,0.3921538461538462,0.9159615384615385,0.7170769230769231,0.9775384615384615,1.4735384615384617
6.997107692307692,1.0050769230769232,13.266153846153847,13.23076923076923,249.54999999999998,0.09545434657210057,-17.076923076923077,20.213846153846152,49.73923076923077,-49.73923076923077,1.7855354392506806e-07,24.869613282387455,43.07543862457225,24.8696175899312,43.0754361376107,-43.07543862457225,0.0,11756126.722220464,10716310.151216624,0.40252632046466724,0.40826513065456044,1.0630047831462606,1.3586819153464362,1.5649833395380517,3.9172828860635454,9077438.4423627,17.635322326316786,6.87197500179256,0.4947411663488369,-0.01065397739078017,11.534046232301128,0.8110770053455921,719776812.0680453,23.732805425703418,13638.618310423146,10813316.850215564,-8.358689619656491e-07,-6.812400567841487e-08,-9.998760889648524,23.748614845420395,89.90468769676374,89.90710805180449,66.67263443453783,70351.77654406596,79237305.38219182,1.2435996653682815,0.3781078294705238,1.3429001604255109,3.3160832832288802,0.37271549835390305,1.1608237948063571,3.2799357030624026,0.5706110895337826,5.36041488266802,-4.046153846153846,0.2795384615384615,0.5241538461538462,0.8340384615384615,0.2841538461538462,1.4353846153846155,1.2963076923076922
11.584800000000001,0.922,11.672307692307692,10.596923076923076,236.05,0.09823019251761522,-16.70769230769231,17.715384615384615,43.33923076923077,-43.33923076923077,1.555788685340817e-07,21.669613552883366,37.53287588418096,21.669617306170853,37.53287371721941,-37.53287588418096,0.0,11699318.976204813,15840244.565949868,0.4092160976272468,0.4139295083099124,1.1314106818544643,1.444277524346064,1.6416693413504337,3.942635850370064,8953828.23965052,13.451924173515483,18.54889680622179,0.37282376721384924,-0.016535109051480614,17.170251531771147,0.497407506379679,1004593634.3309504,42.636599219717795,18696.15676305127,15937281.470907692,-5.594970461508597e-07,-3.459698394050118e-08,-11.664139018871603,42.620945502341755,87.96485146519267,87.96601512910773,54.814076785101584,66545.9300870638,76803557.29921278,1.0306295488171888,0.3831252585855542,1.411446955790728,3.3352738075237935,0.37871258735180025,1.2360619768027015,3.296369918987521,0.527207825561296,5.415505462485179,-11.553846153846155,0.5250769230769231,0.4456923076923077,0.884423076923077,1.486,0.7966153846153846,1.4932307692307691
9.635569230769232,0.9090769230769231,14.072307692307692,11.704615384615384,237.59615384615387,0.0978919617490788,-21.606153846153845,16.746153846153845,59.12384615384616,-59.12384615384616,2.1224237082050472e-07,29.561920578054504,51.20275418139602,29.56192569832978,51.2027512252037,-51.20275418139602,0.0,13615152.80112195,19962853.61545419,0.4080223029745493,0.4128415085998149,1.1231845102558289,1.4339524796858307,1.6325168144136546,3.939355358858391,9824568.716409551,24.36034702245352,5.277802470807499,0.6887660620259143,-0.016225641071816503,15.238403074527378,1.0349211904886522,703407007.6206887,19.572938774659193,22520.547189023364,20059813.81626554,-9.344146544187213e-07,-5.8595798374698265e-08,-15.682177729888075,19.58174606285776,143.91426961792834,143.9209961599027,108.97486959406243,66981.81335649824,77097969.97808337,1.0640361305761088,0.3825391855036573,1.4033028356078288,3.332898543040214,0.3780199112131704,1.2270233450169559,3.2943150922433597,0.5395009597095433,5.408968414333407,-8.138461538461538,0.4447692307692308,0.6275384615384615,0.9740384615384615,1.0681538461538462,1.0587692307692307,0.8729230769230769
13.415569230769231,0.9306153846153846,12.39846153846154,13.526153846153846,240.6192307692308,0.09723893372247798,-20.301538461538463,20.666153846153847,58.53923076923077,-58.53923076923077,2.1014372258767424e-07,29.26961291045557,50.69646239261027,29.269617980101668,50.69645946564872,-50.69646239261027,0.0,15419718.08420841,29889420.895185404,0.4065337159258949,0.41157383221681454,1.107402923718989,1.4142494891799522,1.6149761982145012,3.933325571065151,10503516.762766263,23.078716373878095,5.6706768198588255,0.46040443555960936,-0.017390562760116687,20.733797308726288,0.6618729102025207,608293992.0442865,26.740120817451462,32226.69556048835,29986387.520786762,-8.700450916420133e-07,-4.011774673283634e-08,-14.764014008856376,26.751275410692,164.945293841761,164.95226201699475,118.26261227172522,67834.06273404916,77662157.12698491,1.1256172538417732,0.38133855952719947,1.3875831905670488,3.328341170283759,0.3766094464348917,1.2096619408954135,3.2903840459978015,0.5596859942501916,5.395390809523857,-12.015384615384615,0.38569230769230767,0.4383076923076923,0.9901923076923077,1.0444615384615383,1.464923076923077,0.7535384615384615
10.73403076923077,1.0450769230769232,13.37076923076923,12.27076923076923,247.75,0.0957957058133774,-21.273846153846154,8.152307692307692,54.723846153846154,-54.723846153846154,1.9644728148920163e-07,27.361920764020443,47.392242297377,27.36192550324454,47.39223956118469,-47.392242297377,0.0,12040370.020008188,20257795.815109693,0.40327263901660515,0.4088652850145315,1.0717063356702694,1.369567338919621,1.5748499248039425,3.9203218538132263,9167598.39960033,21.195925668710792,5.127980592571346,0.48861750920291885,-0.014958515954210824,16.037997237749043,0.7905785895079658,622051954.0620236,22.104207153173018,22852.917458770953,20354767.254983757,-8.475956850864697e-07,-4.292931459765662e-08,-17.13366799692862,22.11711537376196,132.44387509382977,132.45039378439245,95.31760851420715,69844.33034979901,78931387.11836919,1.2253114344284104,0.37874358777492784,1.3517120494509265,3.3184359975468367,0.3734891734696568,1.1703840268412502,3.2819267908191634,0.5724029500863878,5.367191944987012,-4.076923076923077,0.2887692307692308,0.5933846153846154,0.7813461538461538,0.25184615384615383,0.7190769230769231,0.9393846153846153
11.940184615384617,0.9823076923076923,14.035384615384615,9.07076923076923,243.87307692307695,0.09656198521173188,-23.255384615384614,20.192307692307693,48.01615384615385,-48.01615384615385,1.7236805439672557e-07,24.008074893674817,41.5832101944669,24.008079051995722,41.583207793659206,-41.5832101944669,0.0,14339343.431532234,23487312.452516355,0.4051279833188857,0.41041841631513126,1.0908897041805963,1.3935799518962886,1.5965107678504606,3.927252326421285,10144367.135786407,17.679440969490738,5.84727521491089,0.3292485521340197,-0.011380429022937701,17.423499997664493,0.6528224724502762,597176598.9693466,25.131051565790546,26068.943008572012,23584311.09087492,-6.795516335746463e-07,-4.419759742891481e-08,-16.81575784225562,25.144303318657222,122.26807027093288,122.26893782649097,85.29410748059263,68751.36931599327,78251347.17431906,1.1739904888365964,0.3801553711420633,1.3710491809889693,3.3237201923302635,0.3751896569337581,1.1914646823606883,3.2864213592759275,0.5678728263150858,5.382498162802761,-14.2,0.394,0.466923076923077,0.9948076923076923,0.21092307692307694,1.3467692307692307,0.8089230769230769
9.474030769230769,0.7749230769230769,12.798461538461538,8.492307692307692,244.26538461538462,0.09648380573354458,-19.304615384615385,7.635384615384615,57.58538461538461,-57.58538461538461,2.0671961231305605e-07,28.792689873846786,49.87040736880195,28.792694860887384,49.87040448953271,-49.87040736880195,0.0,11193540.973721087,16706651.64941382,0.40489473245668395,0.41021428000122656,1.088915049833391,1.3911075778933923,1.5942818038219677,3.9265154786443657,8792181.244877664,22.702523025382963,6.149186178743622,0.6074572813039837,-0.019669740405690122,16.54755367928409,0.9425509916644409,655273897.8965634,21.39779773935816,19369.13257125561,16803617.631754976,-8.021062258052161e-07,-4.306617734156839e-08,-15.600100406332396,21.409720225039894,126.52027077628811,126.52664271084663,90.27004271668908,68861.9665634617,78320990.82507716,1.1799069119281824,0.38000194136771537,1.3690620578114174,3.323163827720865,0.37500792157905205,1.1892970562213867,3.28594677611242,0.5688466107300046,5.3807862277862,-11.338461538461539,0.2093846153846154,0.4724615384615385,0.7944230769230769,0.7299999999999999,0.9972307692307691,1.464923076923077
11.606338461538462,0.7946153846153846,11.653846153846153,12.258461538461539,239.16538461538462,0.09754856647431273,-23.181538461538462,13.795384615384616,54.816153846153846,-54.816153846153846,1.9677864699964854e-07,27.408074606272905,47.47218310613265,27.408079353491082,47.472180365324945,-47.47218310613265,0.0,12844835.398680653,21203663.673261993,0.4073392800328717,0.4122743763910398,1.1149342602017782,1.4236810400529356,1.6233717415283244,3.9362368537444206,9385963.210909266,21.52619877491079,6.519532631037104,0.2942499153557139,-0.0186490862825354,18.46059163323557,0.45935008473246447,554333324.0483925,27.928289201723253,23757.609022415614,21300633.118662357,-8.085079982344217e-07,-4.110036163053402e-08,-17.977187216935935,27.940919316397693,135.6363428861577,135.64275457262534,94.20080455152741,67424.202346372,77392885.46305041,1.0985259640757516,0.3819435436722303,1.3950959571768644,3.3305299885604422,0.37731507952305054,1.2179610700139532,3.292275257691758,0.5519290762232778,5.402336647677553,-0.9692307692307693,0.2583076923076923,0.45953846153846156,0.8963461538461539,1.3739999999999999,1.2532307692307691,0.751076923076923
11.767876923076923,0.8666153846153846,12.54,11.913846153846155,240.80384615384617,0.09719954881724178,-16.67076923076923,11.167692307692308,47.83153846153846,-47.83153846153846,1.7170532337583172e-07,23.91576720916989,41.42332857695561,23.91577135150263,41.42332618537868,-41.42332857695561,0.0,11205545.234538822,16881162.93061458,0.40666677210278557,0.4117243271183051,1.106461069342386,1.4131005448434104,1.6139577074711728,3.9330337252378405,8782869.708392628,17.15977991751895,8.23539816468302,0.36121243672761827,-0.01169615038698471,16.12278425620421,0.5176291389654976,659772393.4580458,28.244612581504384,19652.746479096946,16978174.333091877,-6.955156951761637e-07,-3.580803062014134e-08,-12.758931211038002,28.25745303852001,101.70333829066767,101.70447110910075,67.96793071616182,67886.10849756372,77696084.95093435,1.1283280904082773,0.38127213542067345,1.3866390832700397,3.328075116594959,0.37652969094643984,1.2086172912534088,3.2901548864260666,0.5601526046798023,5.39466817006054,-2.2923076923076913,0.2776923076923077,0.4853846153846153,0.8036538461538462,0.5576923076923076,0.7732307692307692,1.160923076923077
12.823261538461539,0.7773846153846153,11.235384615384616,7.04,239.99615384615387,0.09736966382926307,-21.10153846153846,8.10923076923077,56.63153846153846,-56.63153846153846,2.0329550203843792e-07,28.315766837238005,49.044352344993634,28.315771741673103,49.044349513416705,-49.044352344993634,0.0,12622768.842914876,26626886.832872845,0.4069442716042693,0.4119406783823216,1.110604616899682,1.4182854872534716,1.6185524440919918,3.9346033094901554,9309009.443984268,22.06320754433397,7.449590247009748,0.4574939211366979,-0.025537079511767147,24.453395745244034,0.6034781759840393,653151603.60742,30.079208807325582,29039.16216164986,26723852.188341703,-7.305763384914607e-07,-3.011357103935375e-08,-17.535847378943018,30.092218635826946,151.58928651034591,151.595955034518,102.74164586061752,67658.40828218752,77547475.89336526,1.1164977610376015,0.3816293180676323,1.3907793534234636,3.329294975798879,0.3769425221163201,1.21320914754841,3.291214641104806,0.558105285378681,5.3988488457021075,-1.46153846153846,0.17523076923076925,0.4041538461538462,0.7905769230769231,0.4026153846153846,1.2359999999999998,1.178153846153846
10.766338461538462,1.107846153846154,12.047692307692309,6.707692307692308,236.1653846153846,0.09820510815235677,-21.68,15.281538461538462,46.846923076923076,-46.846923076923076,1.6817075793106462e-07,23.423459558476953,40.57062661689542,23.423463615539504,40.57062427454925,-40.57062661689542,0.0,11804819.260320432,16574477.736720543,0.40892215235495855,0.41364059403376374,1.1307893976025645,1.4434688301482916,1.6409516157764916,3.9423360462581796,8980416.325956577,16.923819356104943,10.36119844990452,0.27470891934268465,-0.01595955075368124,17.862946885802184,0.4859786318155643,688581401.7244297,32.487795971489426,19329.990811208634,16671482.942105569,-6.40026880821647e-07,-4.070767761218931e-08,-16.309099263200252,32.498886867434386,101.25051528684449,101.25167555584108,69.00152500283299,66578.4586892604,76825703.37864915,1.0331022181070277,0.3830815591277666,1.4108372322116174,3.33509511804721,0.3786609651443629,1.2353836694902658,3.2962150058481403,0.5281126033339061,5.4150177258501495,-3.6153846153846168,0.37738461538461543,0.5112307692307693,0.8459615384615384,1.206,1.0366153846153847,0.708
7.966338461538461,0.998923076923077,11.586153846153845,13.92,242.51153846153846,0.09684137014144836,-21.003076923076925,19.524615384615384,46.816153846153846,-46.816153846153846,1.6806030276091563e-07,23.408074944392798,40.54397968064353,23.408078998790653,40.543977339835834,-40.54397968064353,0.0,11744873.778189935,12046293.696280751,0.4058381796943903,0.41102529814246835,1.0977555637597591,1.4021898723993165,1.6042244376859267,3.929798533110963,8973826.144078333,16.413377321687637,11.730788986573987,0.270040110632872,-0.013191413587417385,13.11765767224422,0.47211246150931846,757842127.7413054,34.95013507072049,14932.91137842483,12143303.028266253,-7.662611728471552e-07,-5.547887553929342e-08,-13.728890345981302,34.96285164342173,90.25024772132254,90.25193856700757,63.58394540385879,68367.53181007339,78007264.34022126,1.1535937456340846,0.3806453109510978,1.3779319155628236,3.325628067335347,0.3757794266038078,1.1990200891845528,3.288053117481208,0.5644316696513906,5.387807912568749,-2.7538461538461547,0.16415384615384615,0.5499999999999999,0.9309615384615384,0.7106153846153845,1.4907692307692308,1.4316923076923076
7.589415384615385,0.9115384615384616,11.86923076923077,13.612307692307692,237.8269230769231,0.09784091273925015,-21.163076923076922,12.115384615384617,58.66230769230769,-58.66230769230769,2.1058554326827012e-07,29.331151366792188,50.803050137617795,29.331156447097058,50.8030472045024,-50.803050137617795,0.0,11347129.80792958,13623411.619230995,0.4079496079265581,0.4127862727344773,1.1219662578377378,1.4324402404945704,1.6311738768500383,3.9389040651673057,8809107.751663642,24.0135421779179,5.730673065147187,0.44068551851615373,-0.0192215083130414,13.847746440124656,0.7143846469834085,618978768.1426978,22.946295744466166,16336.927620260743,13720372.145384913,-9.514060977536136e-07,-5.7912260255405725e-08,-15.79986867863208,22.95738258919137,122.2451144671893,122.25161552270927,90.17859389517612,67046.87056089145,77141634.6107397,1.0690711781566897,0.38245165659110186,1.4020922560486682,3.3325476033876256,0.37791638748779693,1.2256836879319746,3.2940122823063676,0.5413238589036059,5.407993218109572,-3.76923076923077,0.29338461538461535,0.29523076923076924,0.8255769230769231,1.180153846153846,1.1535384615384614,0.8347692307692307
11.326338461538462,0.7496923076923077,13.001538461538463,11.163076923076924,242.88076923076923,0.09676507341677199,-16.264615384615382,12.675384615384615,50.385384615384616,-50.385384615384616,1.8087310249819646e-07,25.19269017815469,43.63502428586175,25.192694541657,43.635021766592516,-43.63502428586175,0.0,11922696.414431024,18626981.60362313,0.40567184963416353,0.41088715568767914,1.0958876541015685,1.399849531929014,1.6021309130908743,3.92910417350359,9125276.161040528,18.29790718835056,6.641352266424211,0.41467561338585135,-0.012343647879918552,16.734119952861732,0.6357190602465669,637078846.6106131,24.786755757015804,21334.754498832433,18723983.70022488,-6.604663286431307e-07,-3.606103606223087e-08,-12.2578448809209,24.799522840182078,110.28442426733174,110.29015594057186,71.99376299826713,68471.62333710252,78073738.87775111,1.1591030162459572,0.3805124531296467,1.3760610121530585,3.3251077731491163,0.3756195807031537,1.1969631824056126,3.2876075244157223,0.5653648636569103,5.386366981584247,-11.892307692307693,0.4456923076923077,0.2656923076923077,0.7701923076923077,0.7816923076923076,1.1818461538461538,0.9233846153846154
12.198646153846155,1.0315384615384615,14.195384615384615,10.375384615384615,245.3269230769231,0.09627088628721511,-21.987692307692306,7.14,49.246923076923075,-49.246923076923075,1.7678626120268448e-07,24.623459457040983,42.64908764454215,24.62346372194963,42.64908518219599,-42.64908764454215,0.0,12508150.95162379,24541565.119418595,0.4044545405953381,0.40985734763225373,1.0836216532560319,1.3844945614882898,1.5883281765337618,3.9246090142544765,9428038.570360858,18.6132011007546,5.365889566381259,0.40803026514777463,-0.011622213001120247,17.39254068288053,0.7275623701234131,635858041.9591993,22.865567392951302,27076.909656774988,24638555.044272292,-6.884528815793294e-07,-3.447846905890742e-08,-18.094697135199524,22.878095395298054,128.8467033901012,128.84754065505925,88.50436649525565,69161.22970367041,78508646.66133709,1.196010720200087,0.37962001907876713,1.3637365175913063,3.3217030574798105,0.37454739913239427,1.1834803419557995,3.284702862738173,0.5715280225850571,5.376657558941393,-5.553846153846154,0.6866153846153845,0.42353846153846153,0.8821153846153846,0.7536923076923076,1.4144615384615384,1.4156923076923076
11.014030769230768,0.7336923076923076,12.509230769230768,12.664615384615384,240.22692307692307,0.09732260396817843,-23.21846153846154,20.536923076923078,55.769999999999996,-55.769999999999996,2.0020275727426668e-07,27.884997642881686,48.298238129940955,27.885002472705363,48.29823534144095,-48.298238129940955,0.0,14098276.041675624,21274760.947645247,0.4067413085536151,0.41175217157972976,1.1094182207495422,1.41678198769305,1.6172250528328553,3.934088818675524,9941759.863110116,22.050211339479173,5.381832974145656,0.3183073671820941,-0.016771293813098928,17.159975935056263,0.5610037004161674,547721568.0001404,25.089255025509196,23828.408569740248,21371730.188414823,-8.439327004165055e-07,-5.033981537531125e-08,-16.58840909578364,25.101191728443357,138.9429278009942,138.94944445342975,99.78321239035203,67723.4654865807,77590174.00099166,1.1198698010765054,0.3814797118364937,1.3895921886777687,3.328908411659859,0.37677887326588205,1.2118868212624216,3.290873011483953,0.5586919853918978,5.396927232220611,-12.292307692307691,0.5269230769230769,0.5269230769230769,0.9951923076923077,0.8549230769230768,1.0809230769230769,1.133846153846154
8.472492307692308,0.7866153846153846,13.475384615384616,10.4,248.8576923076923,0.0955840625090884,-22.123076923076923,20.407692307692308,47.55461538461538,-47.55461538461538,1.7071122684449097e-07,23.7773056824125,41.18350615068868,23.777309800763,41.183503772957906,-41.18350615068868,0.0,12633768.976153502,14549009.257784689,0.4028325027973614,0.40851551580447404,1.0663441006807344,1.3628566346697986,1.5687786215767423,3.918452206246533,9420821.18385264,17.0871307201164,6.695091557496086,0.3395073596380136,-0.011352971156186486,13.599060905900798,0.6774968909653233,656231104.1776282,25.846186551869927,17368.79507252122,14646012.877053617,-7.871070125199992e-07,-6.000389857568893e-08,-14.755783992562579,25.862329740587978,99.5624878817493,99.56427122399363,74.40221951946552,70156.60493088636,79120098.12490405,1.236531353031971,0.37835984211931595,1.346287718637262,3.3169899272886827,0.37302033250861666,1.1644881993183862,3.2807019086836258,0.571291479637603,5.363131893848832,-17.83076923076923,0.19646153846153847,0.17892307692307693,0.9151923076923076,1.0293846153846153,1.4796923076923076,1.0735384615384616
7.137107692307692,1.0013846153846155,11.407692307692308,11.507692307692308,235.08076923076925,0.09844478581418391,-18.41846153846154,15.884615384615383,52.04692307692308,-52.04692307692308,1.86837681686241e-07,26.023459338699023,45.07395884346334,26.02346384609478,45.07395624111718,-45.07395884346334,0.0,10599193.947631355,9544585.296759948,0.4093527194635325,0.4139918937979481,1.1365977665749223,1.450708935568969,1.6473391096814534,3.944577836629744,8469711.584982542,19.34659986238817,8.933233157384336,0.3462401486437126,-0.016582952739293604,12.97191001959117,0.5237834315958606,699379139.0840039,28.137723381103033,12434.757733262535,9641577.024166353,-8.417653071237775e-07,-6.172953184593272e-08,-12.33153977870945,28.148328822753975,90.3081135425502,90.3143752287577,66.2168084036799,66272.68982861236,76616410.80549818,1.0099856465072263,0.38349207456879747,1.4165811013662495,3.336784018035167,0.37914574345757845,1.241783935035508,3.2976813203515394,0.5196232769224708,5.419601675843258,-19.861538461538462,0.5416923076923077,0.5795384615384614,0.7536538461538461,1.4170769230769231,1.2926153846153845,1.2519999999999998
8.91403076923077,0.9312307692307693,13.013846153846153,11.766153846153847,235.03461538461542,0.09845516261563458,-19.575384615384614,10.047692307692309,44.07769230769231,-44.07769230769231,1.5822979261765708e-07,22.03884429090307,38.17240235422611,22.038848108143203,38.17240015034149,-38.17240235422611,0.0,10500769.78767841,12990222.179097582,0.4094809148899247,0.41411816578585214,1.1368481105398378,1.4510352720439301,1.6476277157989974,3.9446967079107917,8523833.166082563,16.26736076073301,9.26655336309887,0.31065133401201683,-0.010135897217466059,13.17445058183782,0.6220972297410285,742219595.7271507,28.511626955757727,15872.615913449454,13087243.176629411,-7.2557406400363e-07,-4.4814845654264185e-08,-14.885473470081969,28.520457240133883,86.89348361586961,86.8951808156794,61.84277054717546,66259.67838773371,76607449.27638061,1.00900831301982,0.3835095308393563,1.4168261413920185,3.3368563467647685,0.37916634850463105,1.2420574637158504,3.2977442184498442,0.5192629425506883,5.419796706422572,-10.046153846153846,0.3016923076923077,0.18076923076923077,0.9763461538461539,1.305076923076923,1.06,0.9578461538461538
7.2448,0.7207692307692307,12.983076923076922,10.166153846153847,247.45,0.09585262563049422,-16.916923076923077,17.06923076923077,49.308461538461536,-49.308461538461536,1.7700717154298243e-07,24.654228685209294,42.70238151704591,24.654232955447327,42.70237905162283,-42.70238151704591,0.0,10834099.894926833,9815516.09145062,0.40351325013113776,0.40908436378056107,1.0731749138934827,1.3714215606553914,1.5765324805994876,3.920885513686555,8668002.396477487,17.32567390808581,7.305123028838338,0.46396059565188275,-0.012188592140193187,12.144572457407756,0.7442953099127567,711784906.0890816,24.437935829484292,12758.450179449326,9912523.422832998,-8.195033913215556e-07,-6.429234104254708e-08,-10.829043249265208,24.452340840419726,84.61043028788096,84.61327030241152,62.925048419400056,69759.75598408784,78879820.87124927,1.2222603195000692,0.3788597355238702,1.3531980189702524,3.318842604586981,0.37362762688855056,1.1719952821787958,3.282271852686365,0.5727017377353407,5.368476736574699,-0.29230769230769127,0.4613846153846154,0.4207692307692308,0.9571153846153846,0.478,1.364,1.3
9.915569230769231,0.9595384615384616,14.133846153846154,6.461538461538462,238.65769230769232,0.0976586935365269,-22.406153846153845,20.493846153846153,60.47769230769231,-60.47769230769231,2.171023983070595e-07,30.23884359775729,52.37521937647878,30.23884883527908,52.37521635259416,-52.37521937647878,0.0,14235880.293730233,21134108.840864144,0.4075123876701752,0.4124091443561647,1.1175929674685157,1.4269827546001028,1.6263159418370596,3.9372241203522074,10067688.667107286,25.070526639745328,5.247465423967528,0.6910622612613608,-0.019437601625383764,17.02272854115129,1.0658291444687147,709614768.3965622,19.382983671909784,23654.016421766148,21231064.882574897,-8.733375780578153e-07,-5.982260032886728e-08,-15.960310112803636,19.39152557129139,151.0156671544775,151.02250636904782,114.64741678980545,67281.07649670697,77297998.2464815,1.087303215880629,0.3821363491675221,1.3977446633133426,3.331291709086165,0.377543320115195,1.2208808077105187,3.2929302679839902,0.5479006576862062,5.404482085266757,-8.446153846153845,0.37276923076923074,0.25923076923076926,0.990576923076923,0.7924615384615383,0.8692307692307693,1.0476923076923077
8.860184615384615,1.0518461538461539,12.263076923076923,7.52,248.81153846153845,0.09559283416151576,-19.71076923076923,11.641538461538461,49.46230769230769,-49.46230769230769,1.775594473937273e-07,24.731151755630062,42.83561619830532,24.731156039191564,42.83561372518992,-42.83561619830532,0.0,10773593.866633698,13035238.578315604,0.40292568435475495,0.40860625761082525,1.0665681462589078,1.3631481595293544,1.569043231306615,3.918549632646977,8597769.889653092,17.79487653822245,7.679829504158844,0.3232941243201402,-0.01581897219231781,15.430477204480015,0.576653337764859,662044245.0804787,27.49275728035733,15874.403603611903,13132235.494992167,-7.126948835775866e-07,-4.6376864658445993e-08,-14.982000219146864,27.508963187839143,97.03156613824721,97.03342192589142,68.93328629442576,70143.59349000774,79112256.33955641,1.236062595514623,0.3783758321045064,1.3465132088411493,3.3170498375526467,0.37303987883199585,1.1647328361739553,3.2807525749146524,0.5713374053895904,5.3633009000932015,-11.307692307692307,0.4909230769230769,0.19184615384615383,0.9271153846153846,0.6438461538461537,0.7387692307692307,1.2003076923076923
8.655569230769231,0.7453846153846153,12.232307692307693,7.3476923076923075,245.04999999999998,0.09632619814380054,-19.046153846153846,8.432307692307692,42.785384615384615,-42.785384615384615,1.5359067547140023e-07,21.39269049936859,37.053231031647094,21.392694204691594,37.05322889237786,-37.053231031647094,0.0,9640140.94541651,11031360.704773752,0.40485144363732695,0.4102374067389018,1.0850049803880886,1.3862644414499947,1.589925768542639,3.9251844255850012,8147056.233620375,14.618482242616672,12.831616131358388,0.27164545288011843,-0.014231816340788692,14.311027722577851,0.49548445173480055,797801030.1865381,35.06600463776033,13995.417294935836,11128388.819197966,-6.284894833312977e-07,-4.083764045654017e-08,-14.894659653366809,35.068706536911215,77.3487366001383,77.35079656453212,53.68739342599652,69083.16105839857,78459796.98248467,1.1917957337083465,0.37971967862741607,1.365123193791605,3.3220824714148285,0.37466761180006947,1.184993070090382,3.2850256166915157,0.5708293018687757,5.377734244757099,-16.353846153846153,0.33399999999999996,0.2389230769230769,0.9336538461538462,0.6395384615384615,1.3541538461538463,1.4673846153846153
12.726338461538461,0.8463076923076923,14.3,7.63076923076923,240.29615384615383,0.0973077397472867,-22.295384615384616,11.253846153846155,47.277692307692305,-47.277692307692305,1.6971713031315023e-07,23.63884415565511,40.94368372442175,23.638848250023372,40.94368136053713,-40.94368372442175,0.0,12906699.198898612,24521251.051577188,0.40680965047036144,0.4118272022532564,1.1090643822130983,1.4163517894588742,1.616844244043145,3.9339790448975736,9575869.650087416,17.780639769073833,5.881592137850734,0.35319375910663803,-0.01119997015437612,17.987910477483517,0.6543945215723855,644603556.0818816,24.01699317576682,27075.019419822653,24618250.664167732,-6.576340040683073e-07,-3.597225228016572e-08,-17.74350247577925,24.028477455821722,122.64382873966245,122.64463571668871,84.13323832787948,67742.98264789865,77602946.3837095,1.120882655370468,0.38145480444430063,1.3892373860017977,3.3288081255868125,0.3767489819382286,1.2114937137287307,3.2907865285089795,0.5588669775973302,5.396656082543605,-8.353846153846154,0.44107692307692303,0.5130769230769231,0.8878846153846154,0.6955384615384614,0.751076923076923,1.1387692307692308
6.727876923076923,0.8832307692307693,13.573846153846155,8.455384615384617,244.75000000000003,0.09638619909544952,-22.935384615384613,12.58923076923077,54.66230769230769,-54.66230769230769,1.9622637114890368e-07,27.331151535852133,47.33894842487324,27.331156269746845,47.33894569175784,-47.33894842487324,0.0,11290362.559205618,13139228.90691739,0.4046350149024921,0.4099916099736547,1.0864926302360727,1.3880727436088596,1.591551732779991,3.9256291941361905,8867260.290356433,21.26987442052872,8.123186559974314,0.7462028136409329,-0.016568268706269117,13.073607083731288,1.1807662061919926,817530544.5316306,20.655896256358993,15899.810588569677,13236198.875745466,-9.452999479347452e-07,-6.797129309481763e-08,-16.971213152029808,20.668090004735337,112.31309210648037,112.32017634133135,89.18287802133457,68998.58669268743,78406882.20090027,1.1872433483405949,0.3798275739715563,1.3666274589474967,3.3224947744037103,0.3747977354783013,1.1866355464987028,3.285376608225255,0.5700709792265223,5.378900457036597,-9.615384615384617,0.32753846153846156,0.154,0.9671153846153846,0.9109230769230768,0.7141538461538461,1.192923076923077
13.210953846153846,1.0561538461538462,11.149230769230769,13.501538461538463,246.01923076923077,0.09613404421672353,-22.012307692307694,17.650769230769228,50.41615384615385,-50.41615384615385,1.8098355766834545e-07,25.208074792238847,43.66167122211363,25.208079158405848,43.661668701305935,-43.66167122211363,0.0,13766548.230659693,25029230.37186597,0.4041202678936114,0.40957693887997,1.0801882381537058,1.3802024249309008,1.5844526281919997,3.9233718407784686,9787818.178919874,17.809515144980782,10.412675530926014,0.4029552326839039,-0.015855800107112277,20.380576226543283,0.4796191979300264,715692020.8879621,37.50515026214789,27554.96205394877,25126220.790452614,-7.629696480997029e-07,-3.478830248466481e-08,-16.58173309855383,37.52393142157271,130.92502302269213,130.93137157111883,89.92687116137083,69356.40131685002,78629870.1033029,1.2065989274921767,0.3793707098778235,1.3602772384897837,3.320759413184485,0.37424657254297505,1.179712830540643,3.2839012573667272,0.5733610944434449,5.373965108941875,-3.8923076923076927,0.16230769230769232,0.2093846153846154,0.8690384615384615,1.1586153846153846,1.1436923076923078,1.3701538461538463
6.921723076923077,0.8376923076923077,11.875384615384615,9.526153846153846,238.77307692307693,0.09763358197758112,-19.083076923076923,13.235384615384614,53.308461538461536,-53.308461538461536,1.9136634366234887e-07,26.654228516149345,46.166483229790465,26.65423313279754,46.16648056436738,-46.166483229790465,0.0,10280915.067307992,9637422.619284067,0.407563232373022,0.4124702300242656,1.1169896752262325,1.426248663492431,1.6256631778389037,3.937032237773036,8361655.965163753,20.187362935854633,7.40150164055142,0.4070954177576,-0.017846827277157785,13.093453878240283,0.6667850234415158,686169095.3091753,25.050962569788872,12510.872965713379,9734406.637776613,-8.708650325326913e-07,-6.240687668689237e-08,-13.574726410646894,25.06303261529934,94.08604045825012,94.09271574268848,70.96548288370323,67313.60509890354,77319608.91939612,1.0898484251011433,0.38209254736940035,1.3971421423162136,3.3311182159252795,0.37749147316525866,1.2202161973779817,3.2927809953115244,0.548815601092897,5.403994621009858,-4.753846153846153,0.39123076923076927,0.3801538461538462,0.9109615384615385,0.5619999999999999,1.4033846153846155,0.7424615384615384
12.026338461538462,1.0746153846153847,11.044615384615385,6.203076923076923,243.73461538461538,0.09659013739433696,-19.563076923076924,7.829230769230769,48.63153846153846,-48.63153846153846,1.7457715779970504e-07,24.3157671753579,42.116148919504525,24.315771386972674,42.116146487927594,-42.116148919504525,0.0,11212788.452081012,20122764.881823204,0.4053130777221096,0.41059468080390354,1.0915871475193337,1.3944704411270223,1.5973108649230352,3.9275368983518693,8735528.210615184,16.68416183067638,12.657577945528349,0.4175790701515322,-0.021121396411720797,22.030376255362754,0.49391550964230224,796991019.2382452,38.03813176736665,22786.772567422082,20219763.717013672,-6.190652367247791e-07,-2.9024024292065113e-08,-16.08690240780797,38.05424778854621,112.0921196670432,112.0931055850632,73.40445779298514,68712.33499335733,78226667.97928801,1.171906068631196,0.38020520390803414,1.3717470746881808,3.3239128778059617,0.37524968151267046,1.1922293636218064,3.2865858912501964,0.5675228732100356,5.383037758418876,-15.338461538461539,0.35615384615384615,0.15953846153846155,0.864423076923077,0.2733846153846154,1.3824615384615384,0.9676923076923076
9.969415384615385,0.8567692307692307,14.318461538461538,8.16,236.18846153846155,0.09820010317599275,-23.932307692307692,14.032307692307693,46.07769230769231,-46.07769230769231,1.6540937867734032e-07,23.0388442063731,39.90445321059839,23.038848196818307,39.90445090671376,-39.90445321059839,0.0,12652893.254402753,19243578.878847152,0.40880783877619936,0.4135264826792557,1.1306640368197125,1.4432975311302207,1.6407988543717613,3.9422602851523973,9468001.950156609,17.507626677968183,6.4860666658015145,0.37839493477048575,-0.010658086617210624,15.327032160754259,0.7187795278245305,695081020.4139967,24.04367547331086,21926.32371056032,19340581.130267963,-7.086231637417268e-07,-4.695093809012377e-08,-18.150761104619146,24.053937377137853,108.52887429731406,108.53008345412246,78.80481111824119,66584.96440969972,76830130.10224526,1.0335971379087925,0.38307282664881204,1.4107153511376607,3.3350594204014854,0.3786506463617977,1.2352480721812829,3.2961840578603314,0.5282936098095425,5.414920295570539,-18.53846153846154,0.1890769230769231,0.6543076923076923,0.7998076923076923,0.2690769230769231,1.000923076923077,1.359076923076923
10.03403076923077,0.85,13.22923076923077,9.083076923076923,246.4576923076923,0.0960489185695508,-17.08923076923077,13.450769230769232,43.37,-43.37,1.556893237042307e-07,21.68499816696752,37.55952282043284,21.6850019229197,37.55952065193283,-37.55952282043284,0.0,11031707.66837777,13965641.435138166,0.40415797348705945,0.4096529908262022,1.078026787591536,1.3775363791257276,1.5820420631176788,3.9226554657102177,8774493.628977539,14.786987337228773,9.308285444277981,0.3188786215318752,-0.010005458941808733,14.657194560900631,0.5507389296330519,716961732.8359952,29.55831955686824,16873.63703107201,14062674.701003585,-6.139408576923444e-07,-4.031160342675338e-08,-12.476038313597611,29.569662195378147,84.00740054707676,84.00893854215246,56.491877081000794,69480.0100051971,78706247.91573222,1.2122886912501765,0.3792033897785665,1.3580880140561211,3.320157404084682,0.37404690140689806,1.1773333556157377,3.2833896745911906,0.5737659902298221,5.372120103714734,-8.784615384615384,0.5536923076923077,0.2887692307692308,0.9601923076923077,1.404153846153846,1.1867692307692308,1.3787692307692307
11.390953846153845,0.7632307692307693,12.564615384615385,12.590769230769231,249.85,0.09539822499301583,-18.603076923076923,19.35230769230769,44.785384615384615,-44.785384615384615,1.6077026153108343e-07,22.39269041483862,38.78528188801938,22.3926942933667,38.78527964875014,-38.78528188801938,0.0,12394861.80429649,16246564.156598158,0.4025160507881351,0.40828134704844044,1.061568232833381,1.3569006715864769,1.5633647888679558,3.9168082836052562,9286535.261112701,15.01838217049122,10.169427466707276,0.316935982229196,-0.010613198602991694,15.289695550587743,0.44488210148073354,705452990.5627844,33.11837111431561,19082.7340853035,16343589.391158981,-6.762392725535236e-07,-4.277873137805102e-08,-12.65254088164942,33.1349000631736,93.69795372783804,93.69918905078875,63.062597761690014,70436.35090977712,79287717.90437716,1.2466606027425042,0.3780038965633544,1.341440752317481,3.3156976236899047,0.3725883253562519,1.1592444967325637,3.2796102473926365,0.570316359033987,5.359317898487099,-19.83076923076923,0.3709230769230769,0.5047692307692307,0.7501923076923077,0.1463076923076923,1.1855384615384614,1.1412307692307693
12.855569230769232,1.0616923076923077,13.198461538461538,7.138461538461538,249.0423076923077,0.09555021188226238,-20.19076923076923,9.616923076923076,47.18538461538461,-47.18538461538461,1.6938576480270332e-07,23.59269031340265,40.86374291566611,23.59269439977683,40.86374055639687,-40.86374291566611,0.0,12002970.810587669,22265303.15439123,0.4028422983737021,0.40854119477036294,1.0654489924506827,1.3617524766347842,1.5677702217212366,3.918148339161633,9152340.786337648,16.852992059982157,6.938839288741103,0.3228666132808341,-0.012791889180849796,18.98217591667217,0.5846595880871271,619515700.388099,27.224955449797374,24899.49777888546,22362307.652442157,-6.199561270432475e-07,-3.1773425760159676e-08,-16.27652250916308,27.24086449055981,115.01008336511373,115.01096890385548,75.75204366936786,70208.65069440093,79151396.73064083,1.2384303988021235,0.37828371782503745,1.345374625849049,3.3167388366903374,0.37293062178997577,1.163505008305123,3.2804895255095654,0.5711127321124069,5.3622726692639056,-0.8461538461538467,0.5103076923076922,0.6626153846153846,0.9567307692307692,0.6847692307692307,0.8138461538461538,1.0181538461538462
9.086338461538462,0.7558461538461538,11.536923076923078,11.864615384615384,240.48076923076925,0.09726860073079274,-21.815384615384616,10.801538461538462,56.10846153846154,-56.10846153846154,2.014177641459054e-07,28.054228397807385,48.591354428711654,28.05423325694269,48.591351623288574,-48.591354428711654,0.0,11333863.033508461,15196380.85994863,0.40665873511449324,0.41168940275908683,1.1081146042412204,1.415152295511625,1.6157790006819275,3.9336126170213555,8776489.007418785,22.326734435816032,6.406946311057015,0.32880642163881546,-0.019966806338223748,15.822262995496242,0.5069049901647539,604309793.2012928,25.843864640024513,17892.121989054456,15293347.59963632,-8.60049817947174e-07,-4.786630100828748e-08,-16.95597789538107,25.85682465888718,121.77732322186397,121.78366452192617,87.6968733108943,67795.02841141324,77636627.65505353,1.1235866806089116,0.3813883901785566,1.3882918649286589,3.328541101277953,0.37666926360761877,1.2104464219444415,3.29055632065583,0.5593360093961204,5.395933104146857,-16.907692307692308,0.40138461538461545,0.3746153846153847,0.9909615384615384,1.4343076923076925,1.4095384615384616,0.8446153846153845
7.794030769230769,1.09,11.00153846153846,6.8307692307692305,244.19615384615386,0.09649780230295602,-16.978461538461538,20.32153846153846,51.0623076923077,-51.0623076923077,1.8330311624147388e-07,25.53115168800609,44.22125688340314,25.531156110131654,44.22125433028775,-44.22125688340314,0.0,10733433.724610914,9043701.988083815,0.40504581880903534,0.4103622441332027,1.089264379433872,1.3915643474168942,1.5946937880666774,3.926685283006626,8503512.445735095,17.366393077281096,10.977159994898813,0.3358502979178809,-0.02029394277037427,14.989311882320028,0.45408993637065026,728097374.2298831,32.87483017752078,11985.39540879341,9140703.406213295,-7.711425486820997e-07,-6.361678484445747e-08,-10.479790023027887,32.888218284797134,84.13692564932967,84.14309884323099,60.9718045690518,68842.44940214374,78308692.70941292,1.1788611540156508,0.38002685699078176,1.3694103221511065,3.323259711031807,0.37503794390353973,1.1896780699778637,3.2860285426649263,0.5686717048218342,5.381055832133764,-19.646153846153847,0.46415384615384614,0.15307692307692308,0.8782692307692308,0.7752307692307692,0.7104615384615384,1.2372307692307691
9.4848,0.805076923076923,12.638461538461538,7.913846153846154,243.61923076923077,0.09661360751633384,-20.498461538461537,9.767692307692307,49.67769230769231,-49.67769230769231,1.783326335847701e-07,24.838844054219148,43.022144752068485,24.838848356433502,43.02214226818386,-43.022144752068485,0.0,10976839.288026905,15143142.649665687,0.40529802263566195,0.41056977232368713,1.0921655821163367,1.3951853445338074,1.5979519112073037,3.9277345541256494,8699378.93743749,18.399368743394543,7.025278303319173,0.3499232815308223,-0.015127683636218588,15.944466282178054,0.6172861706230275,640386076.0689112,25.926567858781617,17913.570650965397,15240135.783316126,-7.10452987125338e-07,-4.2360556113345914e-08,-16.135989995375073,25.940186182461645,104.37327959103622,104.37480098585213,73.61125378314024,68679.80639116076,78206105.4450179,1.1701708208991068,0.38024672550671745,1.3723290479015449,3.3240736847493086,0.375299687721963,1.1928672000300748,3.2867232338468297,0.5672312473727985,5.383487406549441,-0.9384615384615387,0.5047692307692307,0.3349230769230769,0.9255769230769231,1.1930769230769231,0.8298461538461538,0.9713846153846153
12.230953846153845,0.8586153846153847,11.967692307692307,6.867692307692308,248.05,0.09573815272910764,-22.32,14.958461538461538,56.723846153846154,-56.723846153846154,2.0362686754888484e-07,28.361920679490467,49.12429315374928,28.361925591919647,49.12429031755696,-49.12429315374928,0.0,13668391.067874864,25910847.342923474,0.40313368610159933,0.40875031710000814,1.070249789974793,1.36774023291886,1.5731988730784316,3.9198041682439593,9774452.969123235,21.750178564375247,5.959042661452566,0.38949022080861606,-0.023016283114043336,22.62305248765867,0.5761620563614901,573990625.5410953,27.615371193561728,28352.982314922076,26007812.833224177,-7.677716500300697e-07,-3.7029668093476274e-08,-17.48935638431013,27.62997096250626,151.22549382101087,151.23225229076306,106.75982219610984,69928.90471551017,78982601.80617583,1.2283437881066268,0.37863966211943584,1.3502402257421395,3.318042624085869,0.373362256684266,1.1687821618028467,3.2815932128695273,0.5721001163293153,5.366091636814365,-15.830769230769231,0.5813846153846154,0.1493846153846154,0.9067307692307692,1.081076923076923,1.4415384615384617,1.3233846153846154
8.634030769230769,0.7447692307692307,12.743076923076924,7.052307692307693,249.8269230769231,0.0954023855056886,-16.240000000000002,19.89076923076923,56.87769230769231,-56.87769230769231,2.041791433996297e-07,28.43884374991124,49.25752783500868,28.438848675663888,49.25752499112406,-49.25752783500868,0.0,11913402.324892808,12917561.900977647,0.40235774680168007,0.40811813337540015,1.0616748899667297,1.357010174810363,1.5634637369603301,3.916803607694577,9079465.982352398,21.18347627625327,5.8667827194013995,0.6207625784016607,-0.018469352045476506,15.283031868994998,0.909898018746641,668372077.3732013,21.67949600559044,15719.204330046616,13014542.772482393,-8.064524784202275e-07,-6.035074162671053e-08,-10.510119704577097,21.69427159383654,108.86719831214606,108.8734651381518,79.55828573503861,70429.84518933781,79283967.87182458,1.2464249416263302,0.37801188863712337,1.3415529342923593,3.3157272412472385,0.37259810699559637,1.159365850875045,3.2796352336487415,0.570338977500625,5.359402220301698,-8.96923076923077,0.5001538461538462,0.6044615384615384,0.7751923076923077,1.3998461538461537,0.8827692307692308,1.1313846153846154
12.640184615384616,1.030923076923077,11.198461538461538,10.227692307692308,242.2807692307692,0.09688942583823226,-16.22769230769231,14.269230769230768,47.923846153846156,-47.923846153846156,1.7203668888627866e-07,23.961921051422355,41.503269385711256,23.961925201749178,41.50326698951894,-41.503269385711256,0.0,12200074.007966893,21502338.214649796,0.40601729439486484,0.4111874980286354,1.0989263221956724,1.4036647854603364,1.6055423942399916,3.930237213935826,9168202.479382794,15.725975445929013,13.586226927531824,0.508558931043768,-0.01631467239234675,20.98891460573589,0.6055897694721813,872235224.9915035,38.866776137276226,24169.55148548888,21599351.97983619,-6.054650187771073e-07,-2.881526541054209e-08,-12.243137315070976,38.88227866372906,110.7267956316857,110.72767866011574,70.30193389757794,68302.4746056802,77965475.5489034,1.1501587265544804,0.3807283537755704,1.3791028373884073,3.3259543520373103,0.3758793072797528,1.2003087285990826,3.2883328065357325,0.5638484271496641,5.388709037498461,-5.0,0.514,0.573076923076923,0.9913461538461539,1.4256923076923078,1.352923076923077,0.9849230769230769
7.93403076923077,0.882,13.69076923076923,8.0,246.38846153846154,0.09606257672384956,-19.12,12.136923076923077,51.67769230769231,-51.67769230769231,1.8551221964445335e-07,25.838843969689172,44.75419560844077,25.83884844510861,44.754193024556145,-44.75419560844077,0.0,10898358.511384416,12634861.264095861,0.4039292165516723,0.4094142924515048,1.0783604394294997,1.3779180344961444,1.5823835893902232,3.9227094004970047,8715389.505418416,19.185387950992492,6.996360994108213,0.6817345533438564,-0.013743310297416416,13.330098018590627,1.1227655321744376,757469681.0375832,21.442578958981663,15461.438841345513,12731850.89904824,-8.379994668556761e-07,-5.739152829340789e-08,-14.128155836456349,21.4560211059302,101.32518124685816,101.33171308915499,77.13601490258955,69460.49284387914,78694195.20514306,1.21159412832011,0.37922736598292023,1.3584300393785411,3.3202496781668116,0.3740761358252666,1.1777073402517646,3.2834682371753354,0.5738373912166492,5.372374560052849,-17.70769230769231,0.6986153846153845,0.5472307692307692,0.9521153846153846,0.10323076923076924,1.1683076923076923,1.0255384615384615
11.477107692307694,0.9921538461538462,13.069230769230769,6.695384615384615,247.8423076923077,0.09577793157428362,-17.926153846153845,8.97076923076923,51.769999999999996,-51.769999999999996,1.8584358515490023e-07,25.88499781194163,44.834136417196405,25.88500229535515,44.834133828696395,-44.834136417196405,0.0,11453907.988294423,19214530.827371776,0.40333263886209636,0.40893444422642045,1.0712600066928428,1.3690224820833479,1.5743583339547036,3.92018968168014,8911608.943395779,19.05057516205442,5.974416003338073,0.4113906293330168,-0.015366581030891167,18.10574464628964,0.6879788886128548,623959880.4327939,23.96388937649282,21885.098846816833,19311521.392474953,-6.79699131233949e-07,-3.52733416963244e-08,-14.37661988174148,23.9782750619703,117.60884774898194,117.614867605417,79.49511038984798,69870.35323155628,78947192.654736,1.2262439686629387,0.37871160379344015,1.35125897132281,3.3183148180256863,0.37345011968282693,1.1698907366503433,3.2818239983127335,0.5723096405377837,5.366853215694867,-11.03076923076923,0.6792307692307692,0.23800000000000002,0.9136538461538461,1.124153846153846,1.4993846153846153,1.352923076923077
9.452492307692307,0.8272307692307692,12.490769230769232,12.246153846153845,248.16538461538462,0.09571601579178289,-17.2,18.404615384615383,48.262307692307694,-48.262307692307694,1.7325169575791735e-07,24.13115180634805,41.796385684481955,24.131155985986503,41.79638327136656,-41.796385684481955,0.0,11710507.49918807,13027739.780189987,0.4032243165177323,0.40885296337179516,1.0696935235502192,1.3670656399938517,1.5725899563348176,3.9196532927171157,8999654.76234693,16.74092857328411,8.083892936063407,0.33889524782572444,-0.011665379486466261,13.94870873269028,0.5395053618587625,665208616.4725652,28.244923733712266,15905.376822542328,13124751.716391558,-7.438536063396172e-07,-5.0855401418629715e-08,-11.324824995268385,28.260743185562177,92.21535510343998,92.21705978840113,64.39273469143328,69961.43331770677,79002317.95737949,1.2295112651486024,0.3785996831014227,1.3496746389090009,3.3178916559466205,0.37331342537895573,1.1681670720503687,3.281465275845345,0.5719839985645684,5.365668494287643,-16.846153846153847,0.2721538461538462,0.3423076923076923,0.9859615384615384,1.4063076923076925,0.8027692307692307,1.0772307692307692
10.669415384615384,1.0087692307692309,11.013846153846155,9.193846153846154,247.98076923076923,0.09575140397449351,-19.206153846153846,7.398461538461539,41.923846153846156,-41.923846153846156,1.50497930707229e-07,20.961921305012275,36.30711681659442,20.961924935723854,36.30711472040211,-36.30711681659442,0.0,9913803.388582839,13617902.901529126,0.40369114187527644,0.4093113768091773,1.070597048223276,1.3682522693636137,1.573664585315057,3.9200625730587824,8209748.260465573,11.38971250725377,29.266456713951797,0.35588246689053094,-0.0400004944767001,17.087873153480153,0.49339642165313163,1337130197.5883484,55.69249208207192,16532.27648334413,13714934.540680965,-5.261543825490068e-07,-3.0917253361731934e-08,-15.454726260207282,55.92113906688701,82.6851013479135,82.68829820938466,50.62113978621407,69909.38755419222,78970802.21233323,1.2276435622885697,0.37866363804465025,1.350579661320975,3.318133274908012,0.37339154254341805,1.1691514739400948,3.281670063189271,0.5721698846242674,5.366345405794089,-9.523076923076923,0.6552307692307692,0.5619999999999999,0.8021153846153846,1.4903076923076923,1.4267692307692308,0.8003076923076923
13.178646153846156,0.9964615384615385,13.801538461538462,13.723076923076924,248.71923076923076,0.09561039355158589,-17.85230769230769,15.841538461538462,47.431538461538466,-47.431538461538466,1.7026940616389512e-07,23.715767226075886,41.07691840568116,23.715771333767613,41.07691603410423,-41.07691840568116,0.0,13076303.255779047,21763628.94070211,0.4029462250739345,0.4086188283659765,1.0670133866159293,1.3637016909991118,1.5695445137014423,3.918695908115938,9631676.160015354,16.850605773818163,6.4027157945144255,0.3756193446587632,-0.009164929782145292,16.116956911381735,0.5909144563603054,641397744.4390721,25.575353204584328,24430.859235328237,21860641.60935606,-7.063535106422669e-07,-3.828698866436373e-08,-12.992923489151817,25.590861310500838,113.2731855350554,113.27407640358021,76.38535548132847,70117.57060825045,79096563.99528405,1.2351253334951922,0.37840781025092873,1.346964237250217,3.317169727040887,0.37307896832339404,1.1652223616955004,3.280854001209217,0.5714293541798428,5.363638960297281,-6.69230769230769,0.15123076923076922,0.6847692307692308,0.9432692307692307,0.6352307692307693,1.3443076923076922,1.1867692307692308
9.150953846153847,1.034,12.392307692307693,10.043076923076923,237.50384615384615,0.0979125678966409,-18.64,9.401538461538461,42.60076923076923,-42.60076923076923,1.529279444505064e-07,21.300382814863667,36.89334941413581,21.300386504198507,36.893347284097345,-36.89334941413581,0.0,9920513.582958061,11464622.306771776,0.4084161883752947,0.4132339418405175,1.1236799799622375,1.4346213992424268,1.6331153134111582,3.939639817679747,8247484.816630799,14.968338081729785,12.614036736964776,0.275086445511762,-0.012215146080010331,13.642958943448152,0.5163061061451754,797925203.1132107,33.95127309159163,14413.42354221557,11561653.054976435,-6.758116621684831e-07,-4.1923510807033446e-08,-14.268815886046848,33.954201268001306,78.64559564930215,78.64745279274607,54.98548369974889,66955.79047474095,77080363.75144337,1.0620248051201489,0.38257429163047,1.4037876069133932,3.3330392947723197,0.3780614046450568,1.2275599770346088,3.2944365856762965,0.5386912428996932,5.409359919198177,-15.430769230769231,0.3976923076923077,0.37738461538461543,0.8221153846153846,0.39830769230769225,1.448923076923077,1.1596923076923078
6.8248,0.9164615384615384,14.023076923076923,12.91076923076923,248.5576923076923,0.09564114438366139,-17.50769230769231,17.521538461538462,57.30846153846154,-57.30846153846154,2.0572551578171534e-07,28.6542283470894,49.63058494253502,28.65423331014776,49.63058207711194,-49.63058494253502,0.0,12003934.96051839,12417640.109236104,0.40289028260007187,0.40854767046532076,1.0677910767588397,1.364658232517848,1.5704104575333684,3.918940415490597,9214856.099781098,21.743074270413214,7.448870719941736,0.9976241989517216,-0.013784934916297955,11.840203704953641,1.4942575051569518,972502829.6151351,18.66598344435317,15215.479600046663,12514615.53544262,-9.618423292439764e-07,-7.281578624032065e-08,-11.249806335776842,18.678571951563303,111.28962411382115,111.29632644792733,85.55867522530227,70072.03056517521,79069098.9066708,1.233486249530868,0.3784637744341122,1.3477540550714335,3.317379838662895,0.3731473672763756,1.1660799054781235,3.28103181023737,0.5715905750942678,5.364230718793067,-14.6,0.47061538461538466,0.4336923076923077,0.8386538461538462,1.3136923076923077,1.1043076923076922,0.8901538461538461
9.937107692307693,0.8075384615384615,12.23846153846154,10.313846153846153,245.83461538461538,0.0961704535698484,-22.603076923076923,18.663076923076922,41.73923076923077,-41.73923076923077,1.4983519968633515e-07,20.869613620507348,36.14723519908314,20.86961723523077,36.1472331121216,-36.14723519908314,0.0,11886093.512077931,14057546.361353785,0.40439102170715735,0.4098365755120014,1.0811067082242038,1.3813774149170917,1.5855156670157402,3.9237546312199694,9047141.356705965,14.161701181409848,15.2329372256174,0.24342803404294328,-0.014645915513628812,14.79637998737311,0.4442298310597784,853700717.2582145,40.662956323771866,16952.980676715404,14154576.033044992,-6.621406163245942e-07,-4.6659166026968154e-08,-15.775916076395898,40.668895537670586,85.08541866279073,85.0868696119638,59.38490599271434,69304.35555333542,78597579.55791564,1.203772337763799,0.37943715211340245,1.361198470794086,3.3210102794232603,0.37432677885387916,1.180715496360995,3.284114241481098,0.5728941894370821,5.37468214048875,-16.692307692307693,0.166,0.6783076923076923,0.9832692307692308,1.4515384615384617,1.4255384615384616,0.7018461538461538
10.055569230769231,0.7896923076923077,10.94,11.224615384615385,243.85,0.09656667371798075,-23.353846153846153,7.075384615384616,52.10846153846154,-52.10846153846154,1.8705859202653896e-07,26.05422856686733,45.1272527159671,26.05423307959248,45.12725011054402,-45.1272527159671,0.0,10833364.470622007,15966248.15069561,0.40516262060627023,0.41045172547942205,1.0910057219759144,1.3937298491339922,1.5966455969000775,3.9273045818152563,8547904.048003243,19.88581848738774,8.616618373153022,0.2542446464364844,-0.020136041007799275,17.206925121884584,0.3823726720775689,608974817.9627845,31.606014127993266,18670.97870761702,16063223.663479773,-7.673047970521788e-07,-3.989614816409886e-08,-19.028744960353116,31.621709943429686,115.56244499186249,115.56860755922104,79.93017963896689,68744.86359555392,78247235.78361344,1.1736429325452613,0.3801636736225454,1.371165417980284,3.3237522730443105,0.3751996602107675,1.191592084172942,3.2864487599398156,0.5678145006214242,5.382588056546829,-6.138461538461538,0.4336923076923077,0.5629230769230769,0.9863461538461539,0.8613846153846153,0.9590769230769232,1.2704615384615385
12.532492307692308,0.9423076923076923,11.826153846153847,10.547692307692309,248.11923076923077,0.0957248667624373,-18.873846153846152,16.896923076923077,53.64692307692308,-53.64692307692308,1.925813505339876e-07,26.823459271075045,46.459599528561164,26.823463917034868,46.459596846215,-46.459599528561164,0.0,13697163.763595894,25211717.709713608,0.4031555859576637,0.4087787161335621,1.0699152035343793,1.3673287624283117,1.572827086660398,3.91970043609198,9807196.158235736,19.35627549609179,7.454387460713968,0.45651219413884453,-0.01734330550614935,21.2920017870597,0.5664180471700688,660742907.9635137,29.872539136716366,27721.928940127887,25308702.72972071,-7.103148194753805e-07,-3.397591620288387e-08,-14.157185791880641,29.889043796225216,135.38448618063725,135.3907770908128,90.65706144541412,69948.42187682813,78994433.48940878,1.2290442219884834,0.3786156739478328,1.3499008080615944,3.3179520134367237,0.3733329587667529,1.1684130468037925,3.2815164272513164,0.5720304212351656,5.365837739341844,-12.661538461538463,0.12261538461538463,0.226,0.8244230769230769,1.1909230769230768,1.2827692307692309,1.4944615384615385
10.99249230769231,1.0093846153846155,10.853846153846154,10.116923076923076,247.79615384615386,0.0957868163046405,-22.775384615384617,15.69076923076923,52.66230769230769,-52.66230769230769,1.8904678508922044e-07,26.33115162038211,45.60689756850096,26.331156181071737,45.60689493538557,-45.60689756850096,0.0,12882249.953181518,20538223.037304528,0.4033183492655909,0.4089158623388492,1.071483598343903,1.3692977188317874,1.5746068232795456,3.9202606594985325,9417337.50232558,19.033983108076775,9.574926743834189,0.3424783190611013,-0.021275802157492033,20.50812253775586,0.3889285482104219,649550747.3605464,35.1467533879681,23146.210458457368,20635202.009376664,-7.195794642555054e-07,-3.7501341562750465e-08,-17.453709838590022,35.165527587583895,125.81910236935208,125.82531062595568,85.57910764288083,69857.34179067766,78939291.08975689,1.2257776744663895,0.37872759561210884,1.3514854815081476,3.3183753912911134,0.3734696461357048,1.1701373135265987,3.2818753740848927,0.5723562908608335,5.367022572361427,-3.5538461538461554,0.5555384615384614,0.2721538461538462,0.7863461538461538,0.6783076923076923,1.0378461538461539,0.9590769230769232
12.5648,0.8875384615384616,13.315384615384616,10.535384615384615,242.8346153846154,0.09677460687222512,-17.74153846153846,10.176923076923076,61.370000000000005,-61.370000000000005,2.2030559824137973e-07,30.684997406197763,53.147980527783346,30.68500272099567,53.14797745928333,-53.147980527783346,0.0,13351969.808556091,26917794.05787826,0.40553096240466746,0.41074007686977887,1.0961174923313934,1.400113257291757,1.6023654167908703,3.9291441591621603,9697598.073019188,25.06110579162602,6.513225860155081,0.6401372896262022,-0.01927320167393787,19.887733385785413,0.9732528644748655,645352846.1899619,20.816726992222506,29310.18875282073,27014752.786142275,-7.826681551512315e-07,-3.5453552156041505e-08,-14.191453453323886,20.82559872625312,165.1216496289124,165.12846498535035,111.81487569487928,68458.61189622385,78065426.48232856,1.1584134666864572,0.3805290576273922,1.37629474563747,3.3251726999130877,0.3756395609801314,1.1972199616733257,3.2876630926061385,0.5652482139834698,5.38654699347843,-11.584615384615384,0.2684615384615385,0.622,0.9801923076923077,0.3487692307692308,0.8581538461538462,1.0883076923076924
13.512492307692309,1.0346153846153847,10.86,10.055384615384614,237.48076923076923,0.09791769028208876,-20.51076923076923,18.512307692307694,57.49307692307693,-57.49307692307693,2.0638824680260917e-07,28.746536031594328,49.79046656004631,28.746541010640843,49.79046368539246,-49.79046656004631,0.0,14515746.23194605,29721334.35793651,0.40813134859609673,0.41294287686183834,1.123795979718382,1.4347219503895547,1.6332007836656546,3.9396011783412526,10063616.61281585,22.068515601556943,8.557174049125663,0.5413089987596452,-0.023821875540620763,25.063993348930374,0.709273427575157,739244211.0732383,33.15267109169854,32062.700241721275,29818302.94164407,-7.379916472917086e-07,-3.243431412362538e-08,-15.546776054744635,33.1658840685198,160.13188498872867,160.1386751969333,107.25358896280571,66949.28475430164,77075988.18601565,1.0615225495552407,0.3825830394322715,1.403908798343182,3.3330744761799225,0.3780717486117819,1.2276941367115988,3.2944669514740514,0.5385092051590892,5.4094573877740135,-13.215384615384615,0.3829230769230769,0.16230769230769232,0.8794230769230769,0.5533846153846155,1.3356923076923077,0.7953846153846154
7.503261538461539,1.01,11.42,11.815384615384616,239.78846153846155,0.09741432836507415,-22.553846153846155,20.17076923076923,50.57,-50.57,1.8153583351909032e-07,25.28499786265962,43.79490590337304,25.28500224215009,43.79490337487303,-43.79490590337304,0.0,11843495.645987919,11731571.006813323,0.4070908041827474,0.4120727293017656,1.1116832586858165,1.4196410584700592,1.6197623885945331,3.9350312423679004,8980137.274456479,18.660168706358046,9.342082675808316,0.2622890259877729,-0.0164973004036283,13.749689257617437,0.4895595476879924,665660513.0052428,31.210623227096065,14570.460182010731,11828560.759931609,-8.198410174634539e-07,-6.231968256531163e-08,-14.867427099644646,31.224357901600218,97.88342162863019,97.8895379355578,71.49580397117815,67599.85679823362,77508921.19644055,1.112382604209612,0.3817067899966085,1.3918536882733217,3.3296010594580725,0.3770346955740318,1.214393575045928,3.291477735381974,0.5568873437126124,5.399703756748092,-8.53846153846154,0.13276923076923078,0.5010769230769231,0.9025,0.3789230769230769,1.0033846153846153,1.2286153846153844
10.346338461538462,1.0007692307692309,13.721538461538461,9.538461538461538,241.61153846153843,0.09702834786398991,-17.163076923076922,10.263076923076923,49.831538461538464,-49.831538461538464,1.7888490943551498e-07,24.915767124639917,43.155379433327894,24.915771440177743,43.155376941750966,-43.155379433327894,0.0,11412680.56443799,16934402.203020755,0.4062379274094768,0.41135613149702827,1.1023336492749025,1.4079175623283835,1.6093438304961156,3.931484437149633,8943089.39496082,18.46809627219749,6.321577867052893,0.5020306997947959,-0.01185563275303832,15.467817820895652,0.8344222401632996,690039304.2562246,22.666686467276357,19678.62156013133,17031403.16751195,-6.903168796866472e-07,-3.979529148790264e-08,-13.27628096775744,22.678513276569202,107.08043313053082,107.08628749741452,73.63639362577148,68113.8087129399,77843968.53323956,1.1402363439804388,0.38098149357737954,1.3825179718622413,3.326917603718012,0.37618054703811105,1.2040647314996185,3.2891593414277502,0.5621906573096201,5.391508620779401,-11.615384615384617,0.4955384615384616,0.5878461538461538,0.9086538461538461,0.17861538461538462,0.927076923076923,0.8569230769230769
10.0448,1.1090769230769233,14.349230769230768,9.378461538461538,244.17307692307696,0.09650240319020402,-16.99076923076923,20.773846153846154,53.58538461538461,-53.58538461538461,1.923604401936896e-07,26.792690042906735,46.40630565605739,26.79269468353717,46.406302976788155,-46.40630565605739,0.0,13455125.702305118,17746387.938185006,0.4049498132557747,0.410262442777533,1.0893776502509231,1.3916880204182756,1.5948036385582687,3.9266874537146275,9799396.974924114,19.964602333309646,6.646151832103713,0.7288130242422989,-0.01243552450041734,15.199722168997345,1.091287674370302,723214492.235799,20.39715749284393,20450.13015453205,17843379.517665595,-7.507862959441248e-07,-5.395561799449375e-08,-11.09995196818284,20.40895521631736,117.05516971574232,117.06120940128761,83.54967245674099,68835.94368170442,78304646.61991385,1.178512717757597,0.3800351591395335,1.3695264504503657,3.3232916896764646,0.3750479477380829,1.1898051235423903,3.286055813701874,0.5686134029731683,5.381145653970906,-18.16923076923077,0.35707692307692307,0.12815384615384617,0.8013461538461538,1.43,0.9135384615384615,1.0489230769230768
10.518646153846154,1.064769230769231,13.647692307692308,11.36,240.15769230769232,0.09733750942304785,-22.726153846153846,17.133846153846154,60.04692307692308,-60.04692307692308,2.155560259249739e-07,30.02345900057913,52.002162268952446,30.02346420079521,52.002159266606284,-52.002162268952446,0.0,14099040.505790561,22176394.848102555,0.40673551865919405,0.41174053920470916,1.1097734906354961,1.4172220284203962,1.617614907952062,3.934210762282966,9987514.0561332,24.825875396022173,6.87525246621427,0.620471047560128,-0.01813233529082971,16.684535618359654,0.9615148258288542,665566204.3577645,20.587584952407557,24671.28767164022,22273350.029356334,-9.202968250152007e-07,-5.47988625819564e-08,-16.775646659547927,20.59697386600092,153.39154404878042,153.39841300508067,114.62528782679048,67703.94832526274,77577372.82847239,1.1188575201403568,0.3815046299632356,1.3899470707033377,3.3290087770908996,0.37680877461355206,1.2122801797566465,3.290959595778677,0.5585169930352555,5.39719858978507,-7.830769230769231,0.40784615384615386,0.5223076923076923,0.7601923076923077,1.4687692307692306,1.3172307692307692,0.7596923076923077
8.440184615384615,0.9293846153846155,12.915384615384616,10.966153846153846,244.79615384615383,0.0963769379203378,-20.76923076923077,11.275384615384615,54.10846153846154,-54.10846153846154,1.9423817808622216e-07,27.054228482337358,46.85930357233938,27.054233168267587,46.85930086691629,-46.85930357233938,0.0,11323523.579307314,14457472.97141517,0.40465089858098297,0.4100117048996643,1.08626315980692,1.387791273379329,1.5912986033957222,3.9255560016230087,8848605.943703959,20.782043304851243,5.7996191425947154,0.4806318400077483,-0.015824956755298943,14.198631608068776,0.7906423252974091,663956560.7883139,22.50461174967768,17202.315706981313,14554449.20875356,-8.67449142851041e-07,-5.355905806936008e-08,-15.778833993275507,22.51756724774277,113.0273939881363,113.0338142549518,83.55795937604312,69011.59813356605,78415043.66709062,1.1879436403379433,0.3798109634656058,1.366395870368129,3.322431238715757,0.3747777085511102,1.1863825976197886,3.285322504070874,0.5701875855240663,5.378720876030757,-16.046153846153846,0.154,0.5066153846153846,0.8721153846153846,0.5986153846153845,0.9627692307692308,0.8175384615384615
12.834030769230768,0.7638461538461538,13.333846153846153,8.57846153846154,240.68846153846155,0.09722412179266207,-16.54769230769231,19.136923076923075,57.55461538461539,-57.55461538461539,2.0660915714290712e-07,28.777305259762635,49.84376043255008,28.77731024413854,49.8437575548193,-49.84376043255008,0.0,14027665.138137542,25156502.203721777,0.4065608645254081,0.4116071539259544,1.107049141722727,1.4138144608243703,1.6145903643821582,3.9332095552144937,9960981.751526624,22.36498633738386,5.307595008537174,0.5565476658000933,-0.016914244540386453,19.95682128854095,0.8377971313410468,642193466.1775794,22.07121994592085,27637.653233921617,25253479.696744874,-7.199515490823123e-07,-3.932623910184356e-08,-11.775275916424421,22.081484208629412,145.30287189325105,145.30921885033658,96.83654822342858,67853.57989536713,77674910.72171286,1.1266333546326757,0.38131365637165926,1.3872290419429694,3.328241336116445,0.3765795455004383,1.209270009467283,3.290298043230183,0.5598609865690416,5.395119890241812,-1.5230769230769212,0.6921538461538461,0.2583076923076923,0.8848076923076923,0.8398461538461539,1.0341538461538462,1.3098461538461539
11.207876923076924,0.9275384615384616,13.543076923076923,7.84,243.20384615384617,0.09669855375200118,-20.953846153846154,14.915384615384616,48.53923076923077,-48.53923076923077,1.7424579228925812e-07,24.269613333105436,42.03620811074888,24.26961753672613,42.03620568378734,-42.03620811074888,0.0,12619829.944451112,19755537.363826692,0.405471526745702,0.410710881076176,1.0942563697555305,1.397799203232747,1.6002947433385373,3.9284920422557725,9412348.123762276,17.84067710597193,6.323416817145397,0.3522747419105948,-0.01257137712426153,17.046349234544287,0.6599137116957424,624929372.6800202,25.047427633014152,22429.259509739986,19852536.780999955,-6.761792883208391e-07,-4.1646152013065745e-08,-15.80107672495154,25.060623345573728,113.33363020680189,113.33469382737897,78.62375257959258,68562.70342325297,78131800.43833174,1.1639372184443857,0.3803961968890598,1.3744267189481227,3.32465430731562,0.37547965678670964,1.1951682602609213,3.287219516783079,0.5661814064896683,5.385106736692575,-10.723076923076924,0.1096923076923077,0.5841538461538461,0.8517307692307692,0.4930769230769231,1.007076923076923,1.085846153846154
13.297107692307694,0.9472307692307693,14.23846153846154,11.273846153846154,239.5576923076923,0.09746384897277378,-18.48,8.410769230769231,50.50846153846154,-50.50846153846154,1.8131492317879237e-07,25.25422863449131,43.74161203086928,25.254233008652392,43.74160950544619,-43.74161203086928,0.0,12741481.813745568,26253099.655280273,0.407215256104003,0.41218009979309256,1.112886218414119,1.4211388600558037,1.6211013602602982,3.935477119152485,9525869.190690104,19.131239537849133,5.455203893385429,0.48354872108551034,-0.011200168117550018,18.101120909743887,0.8083408171229952,628744783.638536,22.360939896774447,28748.487840027425,26350093.640904367,-6.677563051511379e-07,-3.136371916236393e-08,-14.998248461083648,22.371519694071473,131.9182362133786,131.92453609159833,86.81084543995176,67534.79959384043,77466061.89726387,1.107239738635418,0.38179449348151173,1.3930534584414993,3.3299443544329588,0.37713857710314996,1.2157128613808572,3.291772306934889,0.5550493988070221,5.400678851887084,-17.923076923076923,0.35061538461538466,0.32753846153846156,0.8209615384615385,0.3229230769230769,1.085846153846154,1.2089230769230768
11.73556923076923,1.0512307692307692,10.570769230769232,6.596923076923077,240.87307692307692,0.09718478332836303,-21.42153846153846,14.14,60.41615384615385,-60.41615384615385,2.1688148796676157e-07,30.208074369588978,52.321925503975024,30.208079601781385,52.32192248316732,-52.321925503975024,0.0,13022623.890322162,23513174.57166081,0.40645475657789243,0.41151474102070723,1.1061028531004322,1.4126247014118574,1.6135326542122526,3.9328513560977285,9419130.382852882,24.04176699309126,7.485057840684432,0.4604968843683851,-0.032572375350845034,24.54320534773439,0.6076688134199467,652460716.8130537,30.767492800209514,25977.39227273999,23610130.100674935,-7.716441395862523e-07,-3.660428933707693e-08,-16.862040032816537,30.78126061051042,154.47113578331607,154.47777855090894,106.85274951688913,67905.62565888168,77708812.21883263,1.1293457132596536,0.38124722294703056,1.386285213508332,3.3279754789794462,0.3764997754778724,1.2082259188441988,3.2900691014459382,0.5603275980555312,5.3943971921490546,-10.938461538461539,0.6423076923076922,0.6201538461538461,0.8925000000000001,0.6826153846153845,1.0329230769230768,0.7252307692307692
9.021723076923077,1.0063076923076923,13.321538461538461,11.212307692307693,247.17307692307693,0.0959086907689593,-21.2,7.183076923076923,46.53923076923077,-46.53923076923077,1.670662062295749e-07,23.269613417635412,40.304157254376605,23.269617448051026,40.304154927415055,-40.304157254376605,0.0,10587775.137319332,14717193.33782373,0.40365173169383234,0.4092007509689419,1.0745247850411028,1.373115374136717,1.5780599864760445,3.921361715960149,8587499.100147452,16.973995659047215,6.905315783352098,0.3433168884415043,-0.011102057693336847,13.74640389837503,0.6572740059261539,685318870.6100442,25.48651585276441,17530.29874000747,14814196.8733071,-7.694289305500615e-07,-4.4470572172761744e-08,-16.893514674752467,25.500748537183657,96.80284594677701,96.80460657547607,69.92040334312084,69681.687338816,78830248.35975929,1.2194700906929037,0.3789556569700174,1.3545604052764308,3.319208091184704,0.3737446964805216,1.17348077637486,3.2825822716023048,0.5729921575794572,5.36949321126022,-18.815384615384616,0.49369230769230765,0.36723076923076925,0.8363461538461539,0.33799999999999997,0.831076923076923,1.4723076923076923
7.514030769230769,1.0075384615384615,11.592307692307692,11.79076923076923,246.2269230769231,0.09609320001936847,-20.83076923076923,15.023076923076923,49.00076923076923,-49.00076923076923,1.759026198414927e-07,24.50038254436775,42.435912154527095,24.50038678795885,42.43590970448863,-42.435912154527095,0.0,10853363.069965668,10944581.109975243,0.40408939503086094,0.40956369156152816,1.0791628786980951,1.3789330742214152,1.5833057332209675,3.9230303556432986,8602361.742177736,17.611269801198226,9.448171365890017,0.2856320554334881,-0.015087429014079851,13.283447419690644,0.516395482753817,709741878.6487231,30.958459714271534,13833.427968019583,11041578.92528438,-7.999733202378657e-07,-5.627005392296308e-08,-14.6279893788664,30.974054342953515,91.4050130741645,91.40718234978421,66.16147211384391,69414.95280080392,78666132.15232277,1.209783552965087,0.37929599852832324,1.3592418012076724,3.3204778302871745,0.3741563584892587,1.1785866175968371,3.283662334778001,0.5738865167739868,5.373159264127494,-7.369230769230768,0.6109230769230769,0.23984615384615385,0.7775,1.134923076923077,0.9443076923076923,1.103076923076923
7.029415384615384,1.002,13.272307692307692,11.150769230769232,241.08076923076922,0.09714070596405809,-16.35076923076923,9.832307692307692,59.862307692307695,-59.862307692307695,2.1489329490408006e-07,29.931151316074203,51.842280651441165,29.931156500302126,51.84227765832577,-51.842280651441165,0.0,10413636.974675966,11136917.85229214,0.40635144236647963,0.41142722148097655,1.1050399572504601,1.4112922456080619,1.6123477845171161,3.932459527589821,8498682.18354018,24.010761861041974,7.837419189709165,1.0334867746564682,-0.01761922493545058,12.479526505578777,1.5462994755340875,999917989.8360139,18.45056679069909,13930.979003154222,11233883.998045309,-9.655284188217387e-07,-6.217770290187093e-08,-12.133767608708862,18.461100074819008,112.62572304851919,112.63249996693256,86.06913997072805,67964.17714283556,77746842.66339302,1.1324022864917935,0.38117248882847754,1.3852244224679273,3.3276770687376107,0.376410019048184,1.2070531589898925,3.2898122680933954,0.5608490404827581,5.393584502187806,-15.615384615384615,0.454923076923077,0.47707692307692307,0.7744230769230769,0.1290769230769231,0.9664615384615385,1.391076923076923
9.420184615384615,0.8536923076923078,11.376923076923077,6.449230769230769,239.58076923076925,0.09745890084869821,-21.556923076923077,17.736923076923077,46.63153846153846,-46.63153846153846,1.673975717400218e-07,23.315767259887874,40.38409806313225,23.31577129829757,40.38409573155532,-40.38409806313225,0.0,11293253.275954308,12984107.882815074,0.4073131794731884,0.41228161300994914,1.1127684820848656,1.4210092721881842,1.6209869960613204,3.9354686396947907,8746873.987467958,16.003661284745416,13.889603162213168,0.2765866428045817,-0.019569597965732096,16.83018497700047,0.42403810021739047,814935402.3678654,37.92702579596257,15839.187440531176,13081115.68143761,-6.595165271989619e-07,-4.722291543361912e-08,-15.450226130089987,37.935894722024216,90.78717064591164,90.7887137594076,63.065885445842824,67541.30531427976,77470342.58195604,1.1077534592776295,0.381785724590159,1.3929334115921614,3.3299099825520657,0.3771281911566874,1.215580812114538,3.2917428051107094,0.5552329052570972,5.400581352218889,-15.584615384615384,0.45215384615384613,0.2056923076923077,0.8482692307692308,0.4693846153846154,0.9824615384615385,1.3246153846153845
9.247876923076923,0.8112307692307692,11.413846153846153,7.803076923076923,247.31153846153848,0.09588175368039895,-20.092307692307692,20.838461538461537,44.47769230769231,-44.47769230769231,1.5966570982959373e-07,22.238844273997078,38.518812525500564,22.23884812587822,38.51881030161594,-38.518812525500564,0.0,11465587.838403177,12009287.256080313,0.40373488264570945,0.4092976608903198,1.0738534707260285,1.3722946870894173,1.5773210346282134,3.9211653532828628,8840296.383544328,13.71759110772871,18.230226575735838,0.30953169434097255,-0.021696807026264232,15.854301992759597,0.3979729414506447,959345375.3149118,44.427321885255765,14940.954434976757,12106310.856906574,-6.362842639771108e-07,-4.911725233469117e-08,-13.36617512281142,44.41862508183012,83.07328948568434,83.07502573980658,57.07607972923644,69720.72166145194,78854126.85216318,1.2208650305746442,0.37890768104055594,1.3538789837033405,3.3190251949461365,0.3736861520597324,1.172737627741055,3.2824269031968054,0.5728511415132238,5.368984655171271,-11.76923076923077,0.47615384615384615,0.5001538461538462,0.8825000000000001,0.1936923076923077,0.9836923076923076,0.8433846153846154
6.706338461538461,0.9466153846153846,11.186153846153847,10.473846153846154,246.82692307692307,0.09597618988261625,-23.87076923076923,10.392307692307693,46.44692307692308,-46.44692307692308,1.6673484071912797e-07,23.22345957538295,40.22421644562096,23.223463597804482,40.2242141232748,-40.22421644562096,0.0,9955482.7140585,9952245.25106667,0.40384532957896974,0.4093674903336372,1.0762163028485308,1.375244399353182,1.5799788636595686,3.9219794939885384,8219089.214363375,16.819623086381704,12.513573719095922,0.2374597590914867,-0.017914949066760916,13.14644394788984,0.4931621492371616,782603089.8758571,36.20681158670194,12868.842827690867,10049244.087103937,-7.888508090382043e-07,-5.4537403862686745e-08,-17.97396838484166,36.21988045632851,85.68663143036888,85.68915507049654,62.95075059496384,69584.10153222621,78770485.38971752,1.215987034330699,0.37907557867634556,1.3562659940352952,3.319666567656969,0.3738910002953618,1.1753422388195884,3.28297198854328,0.5733458931892087,5.370764819106617,-10.846153846153845,0.1383076923076923,0.22876923076923078,0.9236538461538462,0.6632307692307691,1.4698461538461538,1.2532307692307691
12.54326153846154,1.0672307692307692,14.115384615384615,9.883076923076924,244.51923076923077,0.09643259797735002,-22.861538461538462,13.58,41.70846153846154,-41.70846153846154,1.497247445161862e-07,20.854229006423196,36.12058826283126,20.85423261848192,36.12058617740818,-36.12058826283126,0.0,12974419.182414392,22656848.038987365,0.40496772378445456,0.4103099676469064,1.0876500185219553,1.3895512168133952,1.5928836193059877,3.9261009569761898,9616715.845598746,14.943981005898218,7.816264723598209,0.27115520260227394,-0.00866658420091962,16.776460238657343,0.5735681493552266,645608051.583378,28.683407804188167,25331.64755172502,22753874.255967185,-5.953755429121838e-07,-3.546701858627886e-08,-17.625163384247088,28.697015488571346,103.5811041817378,103.58197604698424,69.2604648498604,68933.5294882942,78366024.18537627,1.1837462951063473,0.3799106081678919,1.367786086472314,3.322812916630449,0.37489783894530193,1.1879016485573302,3.2856476347943833,0.5694879332773702,5.379798299474958,-10.23076923076923,0.608153846153846,0.2536923076923077,0.8586538461538462,0.5921538461538461,1.2839999999999998,1.4698461538461538
7.955569230769231,0.7478461538461538,12.435384615384615,6.067692307692307,236.11923076923077,0.09821513009030373,-20.56,11.512307692307692,42.90846153846154,-42.90846153846154,1.540324961519961e-07,21.454228955705208,37.159818776654625,21.454232671686984,37.159816631231536,-37.159818776654625,0.0,9991934.478010176,10604394.472178742,0.4090235326155166,0.4137399546936747,1.1310373742879194,1.4437908294360366,1.6412375210017998,3.9424573471677506,8278749.071876943,15.16295602899417,12.374160968670509,0.26182965830943783,-0.014019323271071884,13.838901304312127,0.5044699995840495,789000662.9819674,33.44785103439709,13557.284924967262,10701419.554643972,-6.717381723014053e-07,-4.814317732586623e-08,-15.442436849795934,33.45027349726158,76.78255962132293,76.7848374097513,55.309983793830085,66565.44724838174,76816847.43969733,1.0321127374513046,0.38309903658778927,1.411081094918506,3.3351665662560688,0.37868161226695923,1.2356549195061124,3.2962769380733277,0.5277506412995568,5.415212770990765,-17.553846153846152,0.41338461538461546,0.3256923076923077,0.9936538461538462,1.4386153846153846,1.2803076923076921,1.0563076923076924
10.260184615384615,0.8044615384615385,13.795384615384616,12.0,242.69615384615383,0.09680325015046999,-16.104615384615386,16.724615384615383,46.385384615384616,-46.385384615384616,1.6651393037883002e-07,23.19269034721464,40.170922573117195,23.192694364306785,40.17092025384796,-40.170922573117195,0.0,11822897.366740579,14487257.79530052,0.40576471642869044,0.4109660856092789,1.0968211700191057,1.4010204155805035,1.603178639086542,3.9294527978674108,9112706.304250287,16.355432319505624,7.181018706749887,0.41167307915123436,-0.009009912906543995,13.635096337093827,0.6938131781874889,689862405.6102623,24.891392847183326,17349.200110460995,14584280.39354795,-7.172192648296468e-07,-4.750743536712531e-08,-10.86545268676843,24.903773519348064,91.5984487795811,91.5999608252127,63.80532002623167,68419.57757358794,78040465.00430526,1.1563463328930526,0.38057887890126757,1.3769960287802665,3.325367639829948,0.3756995093916959,1.1979909003312854,3.2878300311778705,0.5648982656883255,5.387087303229133,-17.4,0.28138461538461534,0.33953846153846157,0.904423076923077,0.8355384615384615,0.7818461538461539,1.028
7.3955692307692305,1.0253846153846156,13.106153846153846,10.276923076923076,242.76538461538465,0.09678892018542308,-23.563076923076924,14.010769230769231,52.97,-52.97,1.9015133679071017e-07,26.48499776122365,45.873366931019774,26.485002348560215,45.873364282519766,-45.873366931019774,0.0,11754184.860422036,14061923.46089017,0.4055768070190388,0.410780949316102,1.0964677804813459,1.4005550930701887,1.6027610211532675,3.929281817761997,9028787.242165476,20.57037861456389,5.931839719275936,0.4717513778145372,-0.015598368048365719,13.569018002404839,0.8088557247354895,681136971.0294539,22.751307435555514,16810.744161546732,14158898.665417919,-8.994997246521462e-07,-6.316355232248183e-08,-17.249807042612947,22.763805224043036,112.04507007313369,112.05176833187046,86.39199937730663,68439.0947349059,78052950.52406183,1.1573796362443383,0.3805539675396826,1.3766453128402125,3.325270127316176,0.37566953531466485,1.1976053080544955,3.2877465176315535,0.5650732396735029,5.3868171281271415,-2.630769230769232,0.5195384615384615,0.5546153846153846,0.8094230769230769,1.3524615384615384,0.8126153846153845,1.2643076923076921
6.910953846153846,0.7238461538461538,11.623076923076923,13.378461538461538,247.68076923076924,0.09580909127579322,-22.504615384615384,15.669230769230769,53.67769230769231,-53.67769230769231,1.9269180570413655e-07,26.8388438851592,46.48624646481304,26.838848533783718,46.48624378092842,-46.48624646481304,0.0,11381979.159628918,12156679.123451388,0.40333060219731626,0.4089183052314513,1.0720435080406676,1.3699954550613909,1.5752369915650697,3.9204547597175785,8835548.019855093,20.306069175450855,6.8763628096768645,0.3260741572097328,-0.01683225194218774,13.137806701870495,0.5727640596838577,631275184.3276942,26.73077279285377,14960.878260677557,12253655.005125321,-8.997020315989771e-07,-6.189022120882245e-08,-15.8507206166204,26.74683643150937,106.17136098072719,106.1778190961658,77.91732299767159,69824.81318848103,78919491.87727752,1.2246123028481712,0.37876756668112954,1.3520520324818546,3.3185269661074317,0.3735184515210093,1.1707542283722139,3.282003963088025,0.5724729891006299,5.367445869383552,-10.261538461538462,0.5601538461538461,0.6312307692307693,0.9117307692307692,1.1370769230769233,0.9418461538461538,0.8458461538461538
9.786338461538461,0.7607692307692308,12.275384615384615,12.812307692307693,238.15,0.09776975758107402,-20.055384615384614,18.706153846153846,43.43153846153846,-43.43153846153846,1.5591023404452863e-07,21.71576739513583,37.6128166929366,21.715771156417397,37.612814521359674,-37.6128166929366,0.0,11873594.68821893,13790889.656766845,0.4080235861565995,0.4128873135242487,1.120268095176485,1.4303560308186525,1.6293230986596974,3.9383166006483914,9048570.02167378,14.977166291761277,12.889312712267046,0.2642541158681322,-0.011556626767877755,14.001873736952502,0.47162212322576447,791716665.7775142,35.886469674574585,16676.284087534914,13887917.468052622,-6.899620316642815e-07,-4.6988537972730796e-08,-13.57829134959055,35.894157510289254,86.5687310733787,86.57011313543103,59.936996625862335,67137.95064704193,77202599.46786278,1.0761418721594296,0.38232906506263326,1.4003995402378289,3.332057795865202,0.37777136746307605,1.2238121905770385,3.293589987791232,0.5438792243369457,5.406627715504175,-0.04615384615384599,0.6838461538461538,0.24723076923076923,0.9240384615384616,0.9173846153846154,0.9344615384615385,0.9443076923076923
8.429415384615385,1.1004615384615386,14.158461538461538,8.04923076923077,238.98076923076923,0.09758850465803125,-23.735384615384614,16.444615384615386,41.77,-41.77,1.4994565485648414e-07,20.884998234591503,36.17388213533502,20.885001851979617,36.173880046835016,-36.17388213533502,0.0,12171635.308641078,15385842.944116628,0.4075490728984231,0.41247253325536914,1.1159033962299634,1.4249057569384982,1.6244661494350348,3.93663684217624,9268796.266725063,15.16027488622581,8.171159390181586,0.2877979911897226,-0.009158815592058743,13.645068701929478,0.6254637576148859,690202481.7887781,27.767028837687597,18226.586790771995,15482868.061906163,-6.852346284855599e-07,-5.24289531809308e-08,-16.98881691383077,27.77778738278675,88.59361961638275,88.59528748832506,65.26223858880903,67372.15658285741,77358440.17566139,1.0944378173578582,0.3820136711706488,1.3960584090351758,3.3308064793702035,0.37739810366844817,1.2190214309408098,3.2925129028293343,0.5504634011026622,5.40311687857492,-12.230769230769232,0.681076923076923,0.6155384615384615,0.7632692307692308,0.534,1.2556923076923077,0.7461538461538462
7.707876923076923,0.7435384615384615,11.604615384615386,13.304615384615385,237.85000000000002,0.09783581807551471,-17.027692307692305,11.06,42.846923076923076,-42.846923076923076,1.5381158581169818e-07,21.4234597275369,37.10652490415086,21.423463438189287,37.1065227618047,-37.10652490415086,0.0,9504909.334361201,9004671.291147642,0.4083035217384357,0.4131475336451565,1.121852063861344,1.4323519118944537,1.6310999940503446,3.938961989443054,8070913.622347498,14.308341452163798,17.187584181451157,0.3043760955873797,-0.014484480592765745,11.954440826180145,0.4186888846022809,945325987.9445679,39.47446271510613,12024.661612673064,9101706.126919221,-6.952341348032217e-07,-4.701311964025743e-08,-12.181603626463804,39.44327396920576,71.87001890925349,71.87215253892936,49.295900664555056,67053.37628133075,77145995.68448178,1.0695753722166499,0.3824429001380116,1.4019712715833783,3.33251255857023,0.37790602996765393,1.2255498417240933,3.293982051246267,0.5415062873567693,5.407895660075577,-4.107692307692307,0.14753846153846153,0.19,0.8651923076923077,0.38969230769230767,1.3935384615384616,0.9406153846153846
11.423261538461539,0.8881538461538462,12.441538461538462,13.563076923076924,248.97307692307692,0.09556334026929786,-23.403076923076924,16.50923076923077,43.00076923076923,-43.00076923076923,1.5436386166244302e-07,21.50038279795767,37.23975958541026,21.500386521933528,37.2397574353718,-37.23975958541026,0.0,12607672.932629764,18371486.23094228,0.40289056441724413,0.40858434381983355,1.0657834742917396,1.3621744855695548,1.5681532382773167,3.9182748942378325,9372014.921689896,15.030286670808255,10.93211101598682,0.2484608923625167,-0.010970989099581257,15.481055475349983,0.40570766387407603,714127351.6310147,35.53946249776141,21140.21600959159,18468505.936369892,-6.872319086405925e-07,-4.1139255572894414e-08,-17.177986467634828,35.55577414030124,98.10095225513331,98.10207628986853,66.86821328680062,70189.13353308296,79139649.76568298,1.2377265684495045,0.37830769913314627,1.3457125512940546,3.316828519676067,0.37295994281348294,1.1638714466194275,3.2805653392531804,0.5711815130172548,5.36252606332678,-8.107692307692309,0.29523076923076924,0.4955384615384616,0.9986538461538461,0.9216923076923076,0.9516923076923076,0.799076923076923
9.495569230769231,0.7244615384615384,14.416923076923077,7.113846153846154,239.4423076923077,0.09748890097839034,-18.81230769230769,12.072307692307692,60.10846153846154,-60.10846153846154,2.1577693626527184e-07,30.054228228747437,52.05545614145621,30.054233434292907,52.05545313603313,-52.05545614145621,0.0,12353350.928009078,18603174.878152303,0.4071569243611643,0.4121116431929375,1.113486102359947,1.4218700621735212,1.6217537700344684,3.935676524512367,9339596.686446246,24.564858157143565,8.335120102219852,1.0102679991935672,-0.01779264110018429,15.79103071193598,1.6021245824600931,1041852636.2570637,18.013303727902127,21199.17809298512,18700135.96627482,-8.626314733776489e-07,-5.2037211331666844e-08,-14.412318381373966,18.021859934758425,139.66970655703403,139.67630550037546,104.486072761124,67502.27099164383,77444417.84297131,1.1046733035195702,0.38183834586585413,1.393653796843394,3.3301163351570446,0.3771905098187511,1.2163733779145978,3.291919951770833,0.5541292683935711,5.401166596645458,-9.153846153846153,0.6709230769230768,0.30353846153846153,0.8590384615384615,1.3632307692307692,0.7781538461538461,1.3541538461538463
8.203261538461538,0.9878461538461539,11.776923076923076,9.292307692307691,245.71923076923076,0.09619326330783695,-22.455384615384617,15.496923076923077,55.52384615384615,-55.52384615384615,1.993191159130749e-07,27.761920730208452,48.08506263992591,27.761925538714582,48.08505986373359,-48.08506263992591,0.0,11614858.81936606,13236234.650830993,0.4042237973403136,0.4096565331162723,1.0816731168486606,1.3820537419570433,1.586125036168309,3.9239007827450987,8891836.043436045,21.439422273653122,6.264174825834694,0.33678262888609367,-0.020875255717595957,15.285828303029556,0.5681291521044147,592192239.302392,25.518782937527536,15994.487179369356,13333204.100662371,-8.617682451244903e-07,-5.86610033141126e-08,-16.33493547469153,25.533781443407232,113.73051442652446,113.73705151115468,84.89155962542628,69271.82695113884,78577367.0144773,1.2020078194435753,0.3794786772830659,1.3617746645376454,3.3211673357862947,0.37437689773465166,1.1813428808847284,3.2842476279581105,0.5726023777349698,5.375130368357676,-8.046153846153846,0.1983076923076923,0.478923076923077,0.9525,1.0013846153846153,1.1375384615384614,1.1547692307692308
8.77403076923077,0.7983076923076923,14.466153846153846,8.221538461538461,246.91923076923078,0.09595811252352468,-16.153846153846153,11.34,43.70846153846154,-43.70846153846154,1.5690433057586942e-07,21.85422892189322,37.85263911920354,21.854232707157028,37.85263693378045,-37.85263911920354,0.0,10524792.757364491,12495489.938324003,0.4038829889946889,0.4094137883022739,1.075766698096143,1.374690649055682,1.5794803337611896,3.921834269775941,8642838.765903188,15.193615552762639,7.498958694378917,0.4789785688447953,-0.008336232722566669,12.832721435596886,0.8265058362542094,779711820.6700218,24.053001911008494,15438.922189293891,12592522.802482395,-6.649196008967244e-07,-4.570634422346578e-08,-11.87101613548765,24.064842370360665,80.69351048402088,80.69556753406931,56.8025193797338,69610.12441398349,78786477.24860291,1.2169151964902165,0.3790435942164198,1.3558108551033796,3.319544121627989,0.37385198774495454,1.1748453639382879,3.2828678801097726,0.5732513985448676,5.370425580846025,-14.692307692307693,0.202,0.24907692307692308,0.999423076923077,0.4715384615384616,1.2852307692307692,1.1843076923076923
11.746338461538462,0.8296923076923077,13.075384615384616,13.538461538461538,243.78076923076924,0.0965807477004204,-17.630769230769232,18.189230769230768,46.90846153846154,-46.90846153846154,1.6839166827136255e-07,23.454228786645263,40.623920489399175,23.454232849037197,40.62391814397609,-40.623920489399175,0.0,12645946.47823972,17796087.88298778,0.40525488426713624,0.4105396244755706,1.0913547953145561,1.394174976033484,1.5970456375138222,3.9274467923648246,9410747.695197314,16.46059818527805,7.757393414455718,0.34698705386168044,-0.009795986498945173,15.25816927683219,0.5264103471350949,643315440.3886342,27.9561467981282,20564.061941457207,17893104.79913959,-7.054131313085532e-07,-4.226501115410465e-08,-12.156758410135806,27.970248340474086,101.64005113945096,101.6411494978197,68.62575963304812,68725.34643423598,78234897.2668162,1.172600648599539,0.38018859604536703,1.371514384983647,3.323848616534627,0.3752296766585877,1.1919743571599721,3.286531010622183,0.5676395239577424,5.38285793056236,-17.49230769230769,0.1936923076923077,0.27492307692307694,0.8098076923076923,1.3352307692307692,0.7916923076923077,1.082153846153846
12.887876923076924,0.8647692307692307,10.7,8.972307692307693,242.37307692307692,0.09687018169276751,-16.4,11.856923076923076,58.723846153846154,-58.723846153846154,2.1080645360856807e-07,29.361920594960495,50.85634401012155,29.361925680594755,50.85634107392924,-50.85634401012155,0.0,12767631.742245447,25997924.62140845,0.40578917561282113,0.41096358061874355,1.0984543225867824,1.403046886071019,1.6049887051911196,3.9300159385693605,9351747.54669147,22.241464145843562,8.366342215993207,0.6211510983517997,-0.025608261247027496,24.671432379542864,0.789628749716684,763125563.7575822,31.098386233079072,28443.018003582278,26094895.207565475,-7.104548368643786e-07,-2.9592790254240762e-08,-12.931668481008272,31.113013648010877,150.10561720883177,150.1120355895692,97.56121846696051,68328.49748743746,77982203.45148998,1.1515319420134984,0.38069513947364164,1.378634293444353,3.3258237328870996,0.37583936132296875,1.199792999028758,3.288220825295952,0.5640817238725985,5.3883486000853535,-9.0,0.5970769230769231,0.32476923076923075,0.7963461538461538,1.0358461538461539,0.7633846153846153,1.471076923076923
10.109415384615385,0.9761538461538463,11.432307692307692,6.486153846153846,242.30384615384617,0.09688461209676606,-22.57846153846154,13.149230769230769,44.816153846153846,-44.816153846153846,1.6088071670123242e-07,22.408075028922774,38.811928824271256,22.40807891011555,38.81192658346356,-38.811928824271256,0.0,10984470.02809064,14277874.855695274,0.4060377900193947,0.41121045761041686,1.098810234694587,1.4035245017352964,1.6054175789734788,3.9302068127579166,8631251.746521898,15.348449438211619,15.239736820613746,0.26754233391056614,-0.020205458172131326,17.463429441227795,0.40231266443053293,852753727.6871324,40.31760496948767,17114.47722764483,14374885.994044824,-6.239832509884467e-07,-3.9983921890046366e-08,-17.326716094313625,40.323711390290605,91.08783038297648,91.08923923222633,61.72996683542146,68308.98032611949,77969659.05213544,1.1505019488644923,0.38072004449421293,1.378985670453433,3.325921677424684,0.375869315832491,1.2001797577885966,3.2883047927828106,0.5639067512625833,5.388618838188716,-10.138461538461538,0.37369230769230766,0.6773846153846154,0.8405769230769231,0.3293846153846154,0.9787692307692308,1.0095384615384615
7.460184615384615,0.9620000000000001,12.42923076923077,7.163076923076924,247.4269230769231,0.09585916738068641,-22.84923076923077,20.515384615384615,56.04692307692308,-56.04692307692308,2.0119685380560745e-07,28.023459169639075,48.538060556207896,28.023464023444998,48.538057753861736,-48.538060556207896,0.0,12306688.115889871,13007097.171356056,0.4034198889528102,0.40898718903429715,1.0732851204157996,1.37154327486559,1.576641403080324,3.9208919323008895,9215010.500586927,21.540155416752103,5.731481381881702,0.4174390524969984,-0.02055986138262909,14.859487920980591,0.7003328699060742,616276171.694804,23.444199799784773,15772.511066337504,13104066.292651696,-8.604880585415965e-07,-6.934927923969211e-08,-15.473959818520054,23.45893871999005,113.99888127929967,114.00564252858172,87.70101785047706,69753.25026364853,78874148.97457358,1.2220276141737203,0.3788677218347018,1.3533114577653231,3.3188730080560345,0.37363737823872417,1.1721189610973184,3.282297672583565,0.5727251695682687,5.368561324852887,-8.599999999999998,0.5223076923076923,0.6866153846153845,0.8990384615384616,0.9798461538461537,1.375076923076923,0.8963076923076922
10.497107692307694,0.8783076923076923,11.715384615384615,9.907692307692308,235.05769230769232,0.09844997251094752,-21.532307692307693,18.016923076923078,44.20076923076923,-44.20076923076923,1.5867161329825296e-07,22.10038274723969,38.27899009923363,22.100386575138593,38.278987889195164,-38.27899009923363,0.0,12065411.47018296,15767324.466908902,0.4095289776450651,0.4141686268337309,1.1367257326332059,1.4508896678755137,1.6475001911161642,3.9446614481590165,9093192.345918717,15.228452631308024,15.538761095014618,0.27845439620672036,-0.016142575315654436,16.780839846963165,0.430055064268111,882491571.8446018,39.725706746558515,18578.273289201577,15864344.028059637,-6.102300222426915e-07,-4.052002672442259e-08,-15.477194423188024,39.729918054872684,93.24190048599158,93.24301309025914,61.793392039686246,66266.18410817304,76611930.62670383,1.0094969046125732,0.38350080280385807,1.4167036232080288,3.336820179615943,0.37915604564266797,1.2419206744728521,3.2977127615908217,0.5194431008725858,5.419699188513879,-9.03076923076923,0.6386153846153846,0.23523076923076922,0.9351923076923077,0.41338461538461535,1.3233846153846154,1.3467692307692307
12.898646153846155,0.8863076923076924,11.278461538461539,13.489230769230769,241.6346153846154,0.09702348299224071,-21.544615384615383,12.46,43.18538461538461,-43.18538461538461,1.5502659268333687e-07,21.592690482462597,37.39964120292155,21.592694222426612,37.399639043652314,-37.39964120292155,0.0,12135613.616313891,21125805.354667462,0.4063113655476161,0.41143255086420305,1.1022180613349637,1.407784097598637,1.6092257006869284,3.9314614070073883,9144873.226853589,14.280360876128311,18.462582859928535,0.36190057436041545,-0.017172927832078515,18.491468611344416,0.4862795456366525,988276638.7570401,47.05602970910826,23821.452277241377,21222826.881822474,-6.79598030488887e-07,-3.0596367206584764e-08,-16.865488419925477,47.06680980734403,103.55141596213913,103.55250892700651,69.39248677176039,68120.31443337922,77848180.46513343,1.140577664159056,0.3809731932352564,1.382400499046593,3.326884700649672,0.3761705688801171,1.203935056435016,3.2891310621492598,0.5622489898025052,5.391418448157638,-13.953846153846154,0.442923076923077,0.5186153846153846,0.7786538461538461,0.366,1.0452307692307692,1.000923076923077
8.149415384615384,0.9638461538461539,12.281538461538462,9.329230769230769,245.21153846153845,0.09629394803120817,-22.873846153846152,16.35846153846154,58.816153846153846,-58.816153846153846,2.1113781911901498e-07,29.408074437212957,50.9362848188772,29.4080795308413,50.9362818780695,-50.9362848188772,0.0,12190086.057837518,14508443.326359758,0.4044189183826585,0.409811354129179,1.0841935174127149,1.3851974205508222,1.588961454960787,3.924796753205535,9146828.448040267,23.494107169277918,5.350905070044028,0.4475686344572645,-0.022101042726085388,15.30131726564947,0.6967919545721963,610446162.2373005,22.603592470863255,17205.748611192717,14605401.58344671,-9.188021858281548e-07,-6.284059436505529e-08,-16.559550843406097,22.616560156809918,125.39326362595415,125.40001604732119,95.10925629853594,69128.70110147382,78488273.04672918,1.1942533819385026,0.3796615457005368,1.3643140453798868,3.3218609981298552,0.37459749413209853,1.1841102352117079,3.284837193571908,0.5712375182486581,5.377106113582897,-1.276923076923076,0.2463076923076923,0.3718461538461538,0.8286538461538462,0.9023076923076921,1.3344615384615384,0.9147692307692307
7.600184615384615,0.8032307692307692,14.392307692307693,8.418461538461539,249.13461538461536,0.09553272758852611,-20.70769230769231,9.703076923076923,44.93923076923077,-44.93923076923077,1.613225373818283e-07,22.46961348525939,38.91851656927878,22.46961737711094,38.918514322317236,-38.91851656927878,0.0,10510092.640435463,12937618.235198002,0.40273868091153747,0.40844419897511475,1.065002973689081,1.3611864232542805,1.5672567888180027,3.9179830778520732,8619421.557954408,16.12484111381206,6.7458521016407325,0.47951242075486555,-0.009599161539842645,12.393601315642547,0.8704382347436733,720008981.9000466,23.50059008264744,15823.160618035914,13034631.82802091,-7.840848660187862e-07,-5.379722179698607e-08,-15.750560671772995,23.515415327286714,89.8548689034332,89.85716854666077,68.50845145712213,70234.6735761582,79167047.91156007,1.239369315402652,0.37825173424308717,1.3449242918085835,3.3166193720711052,0.37289151370680346,1.1630167218594811,3.280388542375603,0.5710212052907405,5.361934702157489,-4.476923076923075,0.19553846153846155,0.5121538461538462,0.7767307692307692,0.42846153846153845,1.2716923076923077,0.7387692307692307
8.35403076923077,1.058,13.678461538461539,7.359999999999999,239.1423076923077,0.09755355202697107,-17.803076923076922,14.721538461538461,61.15461538461538,-61.15461538461538,2.195324120503369e-07,30.57730510760868,52.96145197402017,30.57731040375373,52.96144891628939,-52.96145197402017,0.0,12029880.975360207,14849897.98088156,0.40730447870848335,0.4122372215845282,1.1150540018762591,1.4238239189665158,1.6234988475228516,3.9362715779350226,9156658.511405855,24.952236374393635,7.473583548087567,0.9633242189985135,-0.019712779637508906,14.905656533008095,1.4585020202493415,942893866.3724422,18.32135764357496,17537.35475483854,14946859.21139835,-8.862530559907905e-07,-6.055535036100552e-08,-12.827709525644854,18.330610452889196,128.56691425382297,128.57347083562232,97.26229675948737,67417.69662593264,77388583.48374604,1.0980144938810932,0.38195231429690374,1.3952162067069074,3.330564518771455,0.37732546309154835,1.2180935324775943,3.292304933094711,0.5517458175858305,5.402434241990245,-0.8769230769230774,0.1706153846153846,0.20292307692307693,0.9071153846153845,0.898,0.7535384615384615,1.4796923076923076
8.827876923076923,0.7509230769230769,11.893846153846154,8.098461538461539,241.8423076923077,0.09697983200061412,-22.049230769230768,9.66,44.01615384615385,-44.01615384615385,1.5800888227735913e-07,22.008075062734765,38.11910848172235,22.008078874645506,38.11910628091465,-38.11910848172235,0.0,10307085.207332034,12589664.434617124,0.40626534943213005,0.41140339293590533,1.101161837565362,1.406468559207977,1.6080533815822236,3.9310875424042537,8394776.57780605,15.61392505995809,12.632203356771019,0.25025128356922716,-0.015797207846486975,15.183226238648853,0.4644464832505784,764521058.2567279,35.60488315630977,15475.451068671064,12686678.923001867,-6.53199259475099e-07,-4.155289877683102e-08,-17.252593473718974,35.61262453104594,85.8301628672593,85.83189128591532,59.820513719226135,68178.86591733311,77886001.15026416,1.1436528735417937,0.3808984521786076,1.3813433668994184,3.3265888302086846,0.37608073616451315,1.2027692985821266,3.288876990750478,0.56277398143163,5.390606597344522,-15.892307692307693,0.5121538461538462,0.19276923076923075,0.9713461538461539,1.3653846153846154,1.4981538461538462,1.3836923076923076
10.120184615384616,0.8524615384615385,11.46923076923077,9.452307692307691,238.10384615384615,0.09777990005879718,-16.953846153846154,14.936923076923076,55.98538461538462,-55.98538461538462,2.009759434653095e-07,27.99268994147077,48.48476668370413,27.9926947899473,48.48476388443489,-48.48476668370413,0.0,11704379.72613111,15860485.361851942,0.40790941500545325,0.4127676504223415,1.1205078967310564,1.4306353903512055,1.6295699806556836,3.9383704982839185,8922640.450888295,21.388717999749897,7.1217802456172175,0.392474117560786,-0.020195540350660606,17.89286708789923,0.5325542894563965,621346816.57283,26.341397914328812,18570.757739291363,15957465.404146936,-7.195239040186914e-07,-4.225214437232819e-08,-12.421773804058015,26.353639731122502,116.71426130536996,116.720124616107,78.54520879035792,67124.93920616327,77193902.19274569,1.075130168392436,0.3823465862663374,1.400641222553584,3.3321276679644782,0.3777920950475891,1.2240792679820771,3.293650203506408,0.5435139927861021,5.406822868368613,-2.4769230769230752,0.40230769230769226,0.17153846153846153,0.8301923076923077,0.26476923076923076,1.3196923076923077,1.4366153846153846
6.8032615384615385,1.0721538461538462,12.76153846153846,9.267692307692307,245.3730769230769,0.09626193744386549,-17.433846153846154,20.364615384615384,43.15461538461538,-43.15461538461538,1.5491613751318788e-07,21.577305868378442,37.37299426666967,21.577309605677765,37.372992108938895,-37.37299426666967,0.0,10804094.955401704,8315883.715495767,0.40457505780048064,0.4099843085369664,1.0833955380795524,1.3842359794969006,1.5880962530562388,3.924580595317812,8636210.806791745,14.433518960628396,11.693676960227535,0.3192497745170088,-0.01116821300246396,11.49563943396515,0.5566797978352479,816967378.6893883,32.546718877398554,11370.836275022752,8412921.109906606,-7.522045968936524e-07,-6.874728576999259e-08,-9.902858250904393,32.55357384475163,69.92258946601027,69.92580693307518,52.22507335582743,69174.24114454904,78516590.14977397,1.1967238458719673,0.3796032434782366,1.3635051683285175,3.3216397217626357,0.3745272082699377,1.1832284421599906,3.284649058561722,0.5717270484537025,5.376475391357715,-8.076923076923077,0.16784615384615387,0.13553846153846155,0.7551923076923077,1.498923076923077,1.22,0.8692307692307693
11.907876923076923,0.9256923076923077,14.275384615384615,7.015384615384615,243.13461538461542,0.09671277634094662,-17.372307692307693,11.447692307692307,53.98538461538462,-53.98538461538462,1.9379635740562629e-07,26.99269002600074,46.752715827331855,26.992694701272196,46.75271312806262,-46.752715827331855,0.0,12484858.849758867,22086722.14865679,0.40545041445672536,0.4106835514090312,1.0946041823428236,1.39822692492597,1.6006773506870537,3.9286047966365363,9393022.52084393,20.560577862380637,7.149438147446168,0.6799279381144587,-0.013983238782863488,17.708095977049798,1.0389035268324924,707524446.647593,20.560746085372983,24664.943429548053,22183706.785877336,-7.147780822611771e-07,-3.8410248317957895e-08,-13.532121695055864,20.571592881844758,130.28752954979376,130.29375167520718,89.56769818180855,68543.18626193503,78119377.17892605,1.1629003082500737,0.3804211038707877,1.3747767170927423,3.3247513358783833,0.3755096393085729,1.195552494008023,3.287302507490613,0.5660064347701846,5.38537665572696,-12.476923076923077,0.5066153846153846,0.2601538461538462,0.9475,0.37030769230769234,0.8741538461538461,0.943076923076923
12.069415384615386,0.8038461538461539,13.081538461538461,6.375384615384616,245.1653846153846,0.09630315454634272,-20.633846153846154,18.296923076923076,54.60076923076923,-54.60076923076923,1.9600546080860572e-07,27.300382307683826,47.28565455236948,27.30038703624915,47.285651822331005,-47.28565455236948,0.0,13543500.978787648,22930352.479112457,0.4044898452152112,0.4098794439693614,1.0844242034968132,1.3854922384428277,1.5892274159722943,3.924889519005435,9747144.174225938,20.682216426318327,5.38649926285472,0.39061342542645405,-0.0176056812687715,19.626032814901667,0.6588774106495283,589014050.9843682,23.910872547954856,25473.989333595506,23027330.60335932,-7.185516357076185e-07,-4.226900270061566e-08,-15.280926131006856,23.923782435708954,135.80394145284242,135.81030801748142,93.77596510432593,69115.68966059516,78480141.33792819,1.1935508680752536,0.37967815323884613,1.364545168378802,3.32192423409347,0.37461752776612645,1.1843623762519604,3.284890987214704,0.5711208846158794,5.377285533653861,-17.276923076923076,0.6321538461538461,0.4567692307692307,0.9998076923076923,0.658923076923077,0.7375384615384615,0.9726153846153847
9.64633846153846,0.8241538461538461,13.044615384615385,11.532307692307693,244.65769230769232,0.09640474822145734,-16.12923076923077,10.780000000000001,54.877692307692314,-54.877692307692314,1.969995573399465e-07,27.438843834441215,47.52547697863641,27.438848586988783,47.52547423475179,-47.52547697863641,0.0,11079905.13789313,14731104.75091257,0.4047458314171463,0.4100963952257601,1.08695467866482,1.388660638227091,1.5920814032531703,3.925814589917198,8759495.1736366,20.826498717944027,5.8659411533819386,0.5973483467904259,-0.014595985047252607,14.658585951106327,0.8949099826478698,679018584.1984543,21.662370530119823,17489.135165675987,14828088.680495184,-8.199645888058948e-07,-4.590733098302908e-08,-12.190200829413305,21.675126962594927,112.11809703355149,112.12418334938334,79.76121056569163,68972.56381093014,78390542.48117808,1.1858437177156895,0.3798607843881668,1.3670907460450188,3.322621927262777,0.37483777643401234,1.1871416981913236,3.285484909647795,0.5698377672584766,5.379259507208821,-15.307692307692307,0.21769230769230768,0.6496923076923076,0.8455769230769231,1.2232307692307691,1.1953846153846155,0.9504615384615385
13.458646153846153,1.05,10.804615384615385,10.683076923076923,236.85769230769233,0.09805667659179736,-18.32,17.22,59.769999999999996,-59.769999999999996,2.1456192939363312e-07,29.884997473821738,51.76233984268551,29.88500265005558,51.762336854185506,-51.76233984268551,0.0,14336541.524463758,29861573.10637396,0.40841870206893105,0.41318476498517637,1.1270989565062004,1.438839659120875,1.6368525542835048,3.9408656703825296,9988949.937602006,23.3577573577487,8.076965198003391,0.6120132146065992,-0.024542309951704717,25.021299330139637,0.7763372634128657,747536702.5471611,31.449761449406658,32190.475934259695,29958538.588074412,-7.510372336799497e-07,-3.1725598475127124e-08,-13.860568156366206,31.461994862839926,164.54653464786506,164.55329889205578,108.83291174430862,66773.63030244,76957497.07247704,1.0480103332855355,0.3828192501484232,1.4071854925283716,3.334027855848077,0.37835101039880414,1.231326691728711,3.2952908875976807,0.5336001366901331,5.412090685712414,-8.63076923076923,0.6063076923076923,0.10046153846153846,0.9548076923076922,0.5706153846153845,0.8163076923076923,1.039076923076923
11.003261538461539,0.9675384615384616,11.253846153846155,8.996923076923077,248.30384615384617,0.09568949357930882,-16.76923076923077,8.927692307692308,45.862307692307695,-45.862307692307695,1.646361924862975e-07,22.93115190778402,39.71792465683522,22.931155879576373,39.71792236371983,-39.71792465683522,0.0,10281809.708323158,14692136.61710994,0.4033968375333146,0.40904055018390323,1.0690275899288235,1.3662641878355621,1.5718659188357167,3.919472868906214,8364814.6963912025,14.84886612614192,14.56282997903661,0.36013979077007535,-0.017629001917887667,17.747784818827302,0.46071863610336244,845107495.1240189,38.90415738802778,17548.078693008792,14789155.728511231,-5.560987083013528e-07,-3.1639234691374164e-08,-13.23691434762664,38.90943600591533,91.31484971656322,91.31616688062869,57.028882047228024,70000.46764034271,79025955.2819983,1.2309133998958814,0.37855172025170614,1.3489963528267996,3.317710759529969,0.3732548303385255,1.167429693289433,3.2813120263474747,0.5718449249967271,5.365161019011108,-18.2,0.4346153846153846,0.45215384615384613,0.8436538461538461,1.2964615384615383,0.7436923076923077,1.2150769230769232
13.490953846153847,0.9786153846153847,12.423076923076923,12.32,243.66538461538462,0.09660420381678311,-16.116923076923076,16.595384615384617,55.83153846153846,-55.83153846153846,2.0042366761456463e-07,27.915766871049993,48.35153200244472,27.91577170620306,48.35152921086779,-48.35153200244472,0.0,14336506.192439377,29325980.564119495,0.4051894187365168,0.4104631881387645,1.091931781948486,1.394879058618217,1.597676268038551,3.9276222875974574,10108598.59210082,20.883518684164816,6.554877562392543,0.5611720178680699,-0.015543969522319425,21.46832313115139,0.7562673942304821,677486713.1171678,26.735782150055606,31724.88195178109,29422963.854395892,-7.253060736395439e-07,-3.176957298107753e-08,-11.933213600074936,26.748799415038885,149.35468451627267,149.36119749646835,99.17536643826178,68692.81783203936,78214341.87641829,1.1708647675990913,0.3802301171517211,1.372096244592314,3.32400934242663,0.3752796854149955,1.192611986702229,3.28666826830114,0.5673478974880644,5.38330753384006,-7.923076923076922,0.5186153846153846,0.21492307692307694,0.7528846153846154,0.5146153846153845,0.7264615384615384,1.2495384615384615
8.763261538461538,0.7490769230769231,12.07846153846154,13.575384615384616,245.4423076923077,0.09624817393645638,-23.243076923076924,20.27846153846154,43.67769230769231,-43.67769230769231,1.5679387540572043e-07,21.83884430780907,37.82599218295166,21.83884809040818,37.82598999906703,-37.82599218295166,0.0,12335561.80516126,14069836.04891212,0.4044992435049489,0.4099129462019796,1.0830507666836853,1.3837969334034703,1.5876995548897022,3.924437515880544,9243969.42271977,15.272413946336759,12.555304534491055,0.22701943090024793,-0.01229585997908056,13.621674540568756,0.4787826929598981,766053417.9183937,37.312978635202036,16936.14303755925,14166854.882084206,-7.270574139432601e-07,-5.203960417835927e-08,-15.592250795250312,37.32647289675818,90.57446216211959,90.5759226296081,63.90762512115016,69193.758305867,78528761.62279859,1.197779439492189,0.37957832901092864,1.363158847207162,3.3215450987303923,0.3744971500526321,1.1828509430718948,3.2845686215486745,0.5719021408579316,5.37620630636089,-19.553846153846155,0.15215384615384617,0.12723076923076923,0.7717307692307692,1.234,1.2876923076923077,1.205230769230769
11.380184615384616,1.0364615384615385,12.072307692307692,11.26153846153846,237.41153846153847,0.09793306835613354,-23.28,7.441538461538461,58.785384615384615,-58.785384615384615,2.1102736394886602e-07,29.392689823128805,50.90963788262532,29.392694914092452,50.90963494335608,-50.90963788262532,0.0,12730918.679898687,23966921.027209383,0.4081503942412535,0.41295670819572017,1.1241619603603414,1.4351766618278994,1.6336042940062374,3.93973884445708,9373892.359183095,24.56833573653608,5.125833188239131,0.32878421793301293,-0.02179568370015021,19.59341228776698,0.5340261495169046,559577592.1513073,24.195440727578024,26409.314633138605,24063874.572407894,-7.978613082412131e-07,-3.6965438970580426e-08,-19.24078273179736,24.205707729605702,156.33098376668124,156.3378133606974,108.50764734267862,66929.76759298368,77062855.83931749,1.0600166341781805,0.3826092939892463,1.404272427855077,3.333180079867399,0.3781027950475203,1.2280969094752492,3.2945581466163723,0.5379631859259255,5.409749993335469,-8.507692307692308,0.6016923076923076,0.4493846153846154,0.8190384615384616,0.9389230769230769,0.9923076923076923,1.4206153846153846
9.88326153846154,0.7706153846153846,13.623076923076923,10.719999999999999,241.31153846153848,0.09709174413600871,-17.556923076923077,15.432307692307692,47.46230769230769,-47.46230769230769,1.7037986133404406e-07,23.731151840160038,41.103565341933034,23.731155950516456,41.10356296881765,-41.103565341933034,0.0,11653611.149986668,14550638.550698662,0.4063778924699197,0.41147332540934406,1.1038638219638846,1.409836372072434,1.6110533364647484,3.932055325247906,9023327.360613503,17.177957035415933,6.984267054694544,0.4006365969878817,-0.01036001395922078,13.996774833889798,0.6765634981652633,699014766.983803,24.56865061017507,17384.139803304286,14647651.621171251,-7.367318830602849e-07,-4.8309884985412855e-08,-12.36854858519224,24.580989368145158,95.81668808986313,95.81823558665498,68.20181732044452,68029.23434722873,77789130.92120582,1.1358042392439234,0.381089450697817,1.3840469110633256,3.3273463135210872,0.37631026654914684,1.2057523004617314,3.289527781802335,0.5614323338000063,5.392681775151582,-5.307692307692307,0.38384615384615384,0.4170769230769231,0.7613461538461539,0.2992307692307692,1.0132307692307692,0.8039999999999999
10.927876923076923,1.0143076923076924,11.02,11.126153846153846,240.91923076923075,0.09717494790709,-20.52307692307692,9.896923076923077,57.800769230769234,-57.800769230769234,2.074927985040989e-07,28.90038217243587,50.056935922565124,28.90038717812932,50.05693303252665,-50.056935922565124,0.0,11686497.441573516,18405684.349606313,0.40646247729844,0.41152646809045856,1.1058671283046784,1.4123338807959016,1.6132745350142126,3.932773377753086,8876675.128246073,22.867558545957827,6.770272799197624,0.34393518623824093,-0.023085385165104128,18.814031928326624,0.49989009628191267,582245526.9700623,27.73576608439117,21015.701577910182,18502647.99288728,-8.00041369580604e-07,-3.986387159272843e-08,-16.34623519664152,27.74933373746963,133.7807999308142,133.78709005642276,91.71843079647496,67918.63709976031,77717292.72041114,1.130024460374693,0.38123061655937823,1.3860494364099545,3.327909115486669,0.37647983150490555,1.2079651370650653,3.2900119615253423,0.5604442602604177,5.394216562784033,-11.215384615384616,0.322,0.11892307692307694,0.7678846153846154,1.147846153846154,1.327076923076923,1.4193846153846155
11.401723076923076,1.091846153846154,14.232307692307693,8.590769230769231,235.12692307692308,0.09843442270637204,-17.495384615384616,14.527692307692307,48.10846153846154,-48.10846153846154,1.726994199071725e-07,24.05422873592728,41.663151003222545,24.054232902242262,41.66314859779946,-41.663151003222545,0.0,12429587.601037163,19218672.181696124,0.4093663412875557,0.4140091020403934,1.1363504194774532,1.4504025988289808,1.6470692711052544,3.9444797648829804,9368672.495453509,17.90067221411778,6.524943055348848,0.47831553349846495,-0.010479536686817807,16.131204898148894,0.8242958974349277,701223958.0431464,22.95124410285242,21920.16106694332,19315682.008267783,-6.56971178582397e-07,-4.0394440540129146e-08,-12.906062372857908,22.961049472525396,108.18980427132684,108.19081532375624,73.73043354863715,66285.70126949101,76625367.64182784,1.0109635859401072,0.3834746189676546,1.4163361207707996,3.3367117305183847,0.3791251366500268,1.2415104618886392,3.297618456718749,0.5199836821607101,5.419406666214459,-16.753846153846155,0.598,0.37276923076923074,0.9632692307692308,0.6976923076923077,0.8335384615384616,0.8975384615384615
11.110953846153846,0.8266153846153846,11.136923076923077,9.686153846153847,245.18846153846155,0.09629855050891492,-16.006153846153847,10.349230769230768,59.216153846153844,-59.216153846153844,2.1257373633095163e-07,29.608074420306963,51.282694990151654,29.60807954857632,51.282692029343956,-51.282694990151654,0.0,11569724.462236641,18842100.07781123,0.40451783894370835,0.4099099111425939,1.0843100218031398,1.3853557886002885,1.5891048477823204,3.9248603710082155,8862807.462345878,22.896755782332406,6.677914535401483,0.4629288435398504,-0.023716598039570023,20.02807292412178,0.6044674551806419,648478975.5103974,26.006363056612734,21462.148568295528,18939069.254032437,-6.969308885504635e-07,-3.505231257002578e-08,-12.558201260590561,26.020838535249865,133.120383771922,133.1264516246628,85.94995679969186,69122.1953810345,78484207.62653753,1.1939020998113756,0.3796698559670072,1.3644296574733399,3.321892629429922,0.3746075157060961,1.1842362841119236,3.284864088253826,0.5711792013688972,5.377195904065979,-0.5076923076923059,0.4558461538461538,0.6026153846153846,0.7663461538461539,0.32507692307692304,1.151076923076923,0.8926153846153846
11.14326153846154,1.014923076923077,13.18,7.335384615384616,237.75769230769234,0.09785620786249598,-18.086153846153845,7.958461538461538,47.95461538461539,-47.95461538461539,1.7214714405642765e-07,23.977305665506506,41.52991632196314,23.977309818498025,41.52991392423237,-41.52991632196314,0.0,10967045.570266392,17533744.985759445,0.40816604226430714,0.4130002239969313,1.1223354600166693,1.4329256971218516,1.631607211085207,3.939087200874519,8714374.484978545,17.658330012379647,7.202214995656241,0.36943339760606403,-0.012792450019287412,16.92652396759484,0.6385606349999587,662212826.7684546,25.415471540367673,20269.21059519916,17630750.541575834,-6.458139805787716e-07,-3.449489165416927e-08,-14.57699685261168,25.426263921749623,104.09791056034233,104.09905943699114,69.96389227230794,67027.3533995735,77128545.51172751,1.0675592832886662,0.3824779161617854,1.4024552988904335,3.3326527890846562,0.3779474478091024,1.2260853326225336,3.2941030206516513,0.5407766644598542,5.408285755505624,-3.523076923076921,0.32384615384615384,0.5287692307692308,0.8448076923076924,1.333076923076923,1.2126153846153844,1.2901538461538462
7.3848,0.990923076923077,12.736923076923077,11.310769230769232,236.1423076923077,0.0982101171331382,-22.923076923076923,10.22,59.24692307692308,-59.24692307692308,2.1268419150110062e-07,29.62345903439112,51.30934192640354,29.62346416532517,51.30933896405738,-51.30934192640354,0.0,11408753.713194255,14459571.798658617,0.4087244147783334,0.413438236773028,1.1309080826554239,1.4435876261036764,1.641054012999989,3.9423296096347133,8859137.475110207,25.0199687229664,7.967751442468449,0.6919442048314577,-0.020081633049469617,13.972092412287278,1.1121897179841094,769933138.3236554,20.764870515213687,17133.443118942465,14556525.931055557,-9.874439143137723e-07,-6.165073468427407e-08,-17.645392025315957,20.774539477915333,129.96064740292795,129.96753599032,100.97146598593065,66571.9529688211,76821275.82356521,1.0326073941256857,0.3830903037678028,1.410959183963845,3.3351308482818625,0.3786712936098404,1.2355192706675382,3.2962459686183334,0.5279316138398346,5.415115330233886,-5.892307692307693,0.28692307692307695,0.1096923076923077,0.9305769230769231,0.6804615384615383,1.1904615384615385,1.1658461538461538
9.861723076923077,1.0333846153846156,12.60153846153846,11.606153846153846,246.9423076923077,0.09595359773191192,-17.45846153846154,12.201538461538462,54.53923076923077,-54.53923076923077,1.9578455046830777e-07,27.269613079515516,47.232360679865714,27.269617802751455,47.23235795290417,-47.232360679865714,0.0,11458551.511012876,15360357.360322647,0.4036927000188959,0.40922215387466465,1.075650038751322,1.3745179008761772,1.57932353843843,3.9217453241965146,8885671.574335348,20.340785415304808,5.916934215429957,0.4436126717503477,-0.015455412686273677,15.282846924166622,0.6570279763116661,634316567.4477901,23.342302111916144,18103.294143747855,15457340.124554029,-8.111108212726198e-07,-4.6164634430110016e-08,-13.070822422028206,23.35625726544502,112.32588987169473,112.3319642232256,78.81286894659294,69616.63013442281,78790472.46705326,1.2171473193257603,0.3790355962174043,1.3556971302471816,3.3195135345189772,0.37384223099394526,1.1747211859542692,3.282841869098916,0.5732277942320589,5.370340740093818,-10.2,0.5573846153846154,0.6136923076923076,0.9455769230769231,0.30138461538461536,1.1633846153846155,1.2667692307692309
8.127876923076922,0.7250769230769231,14.336923076923076,13.058461538461538,246.06538461538463,0.09612495898607394,-23.907692307692308,10.327692307692308,53.800769230769234,-53.800769230769234,1.9313362638473246e-07,26.900382341495817,46.592834209820566,26.90038700077911,46.5928315197821,-46.592834209820566,0.0,12207793.845471784,18389207.921401903,0.40401975414526925,0.4094787466682436,1.0799581766226827,1.3799039493328809,1.5841823635625794,3.9232703530333026,9315270.244171448,21.367533337583343,6.405418690542804,0.7264715665631439,-0.013045974925408264,13.494897484143946,1.206872251994895,786500449.3899766,20.0553679540292,21022.92956468301,18486177.62236715,-9.046084155421143e-07,-5.436427006662847e-08,-18.58023530118486,20.06704299525234,130.38305935297356,130.38985493646274,99.79910562352191,69369.41275772867,78637932.7818753,1.2073062039734386,0.37935410772477046,1.36004704670678,3.3206967816624,0.3742265282168569,1.1794624315522724,3.2838481098214793,0.5734778548041422,5.373786019469001,-17.46153846153846,0.5823076923076923,0.5887692307692307,0.7898076923076923,0.490923076923077,1.3455384615384616,1.0107692307692306
12.392492307692308,0.8930769230769231,13.241538461538461,6.3015384615384615,240.98846153846156,0.09716033714932339,-19.47692307692308,15.94923076923077,59.33923076923077,-59.33923076923077,2.130155570115475e-07,29.66961287664358,51.38928273515918,29.66961801557171,51.38927976819763,-51.38928273515918,0.0,13714262.93984537,25287557.854373377,0.4063931665733274,0.4114617841645546,1.1055121424456713,1.4118825361738274,1.612872609194458,3.932628435995372,9810932.920629123,23.81850088450992,4.851370720751358,0.5296457019025037,-0.020458393577106177,20.530095674471834,0.847778261267511,613567501.1103251,21.747030073230107,27730.135096864145,25384521.617154475,-7.635654646714678e-07,-4.081261120246325e-08,-14.804187973967851,21.75629402205008,154.9318904938319,154.93855386822435,107.10996017311646,67938.15426107825,77729902.6827548,1.1310433298513922,0.3812057016863404,1.3856957655274296,3.327809608243421,0.3764499097882449,1.2075741187072628,3.289926314610701,0.5606157225821373,5.393945652592934,-7.461538461538462,0.10876923076923077,0.4281538461538461,0.9655769230769231,0.20661538461538462,1.2593846153846153,0.7116923076923076
7.535569230769231,1.0844615384615386,12.250769230769231,8.886153846153846,243.80384615384614,0.09657605495930113,-19.87076923076923,15.087692307692308,59.15461538461538,-59.15461538461538,2.1235282599065368e-07,29.577305192138653,51.22940111764789,29.577310315078623,51.22939815991711,-51.22940111764789,0.0,11348739.736979283,11990420.034575779,0.40509013124078225,0.4103741690749874,1.0912354936261897,1.3940040395573043,1.5968910506802465,3.927365589823637,8801984.943385467,23.489607315980013,5.716765648844098,0.5843356616964391,-0.021874951660055104,14.328631926144949,0.8968469767820427,652307392.4865539,21.687511711615453,14759.697949109821,12087383.13935402,-9.242036226256927e-07,-6.541919565562215e-08,-14.124894881373397,21.70027758237835,115.69883159616342,115.70562025766627,88.47116648580183,68731.85215467527,78239010.82700911,1.1729479896158457,0.3801802921174056,1.3713980538447257,3.323816497252569,0.37521967443781923,1.1918469016471172,3.286503586047015,0.567697849480964,5.382768023360286,-6.661538461538461,0.5176923076923077,0.16507692307692307,0.8509615384615384,1.2878461538461539,1.2089230769230768,1.3455384615384616
9.19403076923077,1.0167692307692309,13.112307692307692,13.255384615384616,242.05,0.09693753502527658,-20.473846153846154,16.875384615384615,45.58538461538461,-45.58538461538461,1.6364209595495673e-07,22.792690381026627,39.47810223056828,22.792694328836742,39.47809995129904,-39.47810223056828,0.0,12076348.028815838,14737707.872342579,0.4060318417332538,0.41118318543714094,1.1000959389743918,1.4051183618853282,1.6068395259056867,3.9306523196101644,9181977.397278612,16.5104889729271,8.110210385115,0.29872992129140835,-0.009876892642406383,13.409046276778035,0.617153459323436,699421467.8939532,28.09714006126084,17572.854313306874,14834722.892251782,-7.485986031933159e-07,-5.079231255121533e-08,-14.214287883279042,28.11049539038535,94.86859970509178,94.8700904593645,67.70953368824935,68237.41740128698,77923690.87286755,1.1467340263925525,0.3808113443292985,1.38027487981758,3.3262814177541795,0.3759791149535967,1.2015996488357905,3.2886133622290257,0.563287511098071,5.389609613540029,-17.52307692307692,0.49830769230769234,0.5389230769230768,0.8305769230769231,0.3121538461538461,1.343076923076923,1.044
7.9448,1.0481538461538462,12.287692307692307,9.661538461538463,241.4038461538462,0.09707220635265794,-16.892307692307693,10.155384615384616,60.57,-60.57,2.1743376381750644e-07,30.28499744000975,52.455160185234426,30.285002685525622,52.45515715673442,-52.455160185234426,0.0,10557941.426516278,11855296.594204703,0.406214798839446,0.4113153623191914,1.1033900935109693,1.4092254415246315,1.6105080958261666,3.9318491730681755,8484781.982126324,24.393356546587444,6.330066926413549,0.7046518643816923,-0.02166904706370502,14.360018576743734,1.0154980603886634,696422257.6774791,20.498697103225528,14623.919956194473,11952259.527209379,-9.046212161576458e-07,-5.642878705006127e-08,-12.743350666102241,20.510117222602346,115.97707643756257,115.98364080923695,86.09260720384702,68055.25722898603,77806021.10909845,1.1371669006593845,0.3810562309116887,1.383576245182176,3.327214246786883,0.376270354716641,1.2052326162763418,3.289414244990808,0.5616656507509937,5.392320710573603,-5.5846153846153825,0.6192307692307693,0.1816923076923077,0.8090384615384616,0.4306153846153846,1.4587692307692308,0.7055384615384614
8.181723076923078,1.0776923076923077,14.478461538461538,6.584615384615384,247.19615384615383,0.09590419655261546,-20.744615384615386,17.823076923076925,49.06230769230769,-49.06230769230769,1.7612353018179065e-07,24.53115177253606,42.48920602703086,24.531156021456543,42.48920357391547,-42.48920602703086,0.0,12286208.455202527,14748022.617865575,0.40356811021790395,0.40911770602912895,1.0744108227776912,1.3729614781081956,1.5779207665871844,3.921301919311633,9332372.5592639,17.826903669906972,6.064863550966424,0.6208115318685685,-0.011510168825172303,13.659449154354808,1.0483594666204479,716855139.3253739,21.78368861494254,17549.121178105786,14845021.825498957,-7.782165260060005e-07,-6.065447967307755e-08,-14.35496866251497,21.797411690467946,102.43990295754855,102.44180684716632,78.04255815108793,69688.19305925531,78834230.99018,1.2197024851591234,0.3789476595506667,1.3544468228347,3.319177591907287,0.3737349388559095,1.1733568866389106,3.282556359147062,0.5729686354777188,5.369408414481548,-2.6000000000000014,0.5499999999999999,0.15215384615384617,0.9586538461538461,0.2216923076923077,1.341846153846154,0.8187692307692307
9.926338461538462,0.8838461538461538,10.983076923076924,13.107692307692307,247.5192307692308,0.09583918739987782,-20.166153846153847,16.91846153846154,42.723846153846154,-42.723846153846154,1.5336976513110227e-07,21.361921271200284,36.999937159143336,21.361924971193897,36.99993502295102,-36.999937159143336,0.0,11153884.036837863,12641575.194818188,0.403710947726169,0.4092915764681995,1.072843325019986,1.3710378743698632,1.5761875310810025,3.9208245830847943,8707928.473298758,11.453982975833586,26.89099003689991,0.3063589149977682,-0.03183323244636442,14.650097662971323,0.43921404203752823,1252327888.6375403,55.97962336543383,15575.258253068798,12738605.373972092,-6.632380171357824e-07,-4.2247267514792833e-08,-14.087425234680941,56.52938353010447,83.28706939150507,83.2900720620016,54.40991532258727,69779.2731454058,78891748.04484798,1.2229586710817264,0.3788357432918449,1.3528576899354947,3.3187513968297546,0.37359834171794404,1.1716243858494508,3.282194419474688,0.5726314766208592,5.368222501992012,-16.23076923076923,0.5398461538461539,0.6256923076923077,0.7586538461538461,0.7429230769230768,1.373846153846154,0.9283076923076923
9.689415384615385,0.8383076923076923,11.647692307692308,11.335384615384616,245.65,0.0962069688323965,-20.978461538461538,12.395384615384616,54.785384615384615,-54.785384615384615,1.9666819182949955e-07,27.39268999218875,47.44553616988076,27.392694736742236,47.445533430611526,-47.44553616988076,0.0,11573235.326709228,15690276.4056678,0.4042811140352916,0.4097088430951679,1.082016837386457,1.382486774472475,1.5865162044183767,3.92402980262296,8880513.469339296,20.878678564171473,6.513038899433862,0.322912560616342,-0.018833982629998115,16.299227787082643,0.5055525738142757,578062525.1799188,26.660096627834285,18400.154902543032,15787250.295946427,-8.211182757688239e-07,-4.621368398304462e-08,-16.04049958131163,26.675111421936723,117.99506687937154,118.00128092594429,83.4290933507877,69252.3097898209,78565228.26542062,1.2009498968658339,0.37950359020116714,1.362120584035779,3.3212616765026497,0.3744069626033703,1.1817195739539075,3.284327757641091,0.5724272921087092,5.3753992925807745,-3.184615384615384,0.41892307692307695,0.22415384615384615,0.885576923076923,0.9066153846153845,0.8286153846153845,1.3061538461538462
8.698646153846154,0.7933846153846154,12.10923076923077,8.689230769230768,238.19615384615383,0.09775962265678802,-19.095384615384617,17.392307692307693,43.46230769230769,-43.46230769230769,1.5602068921467762e-07,21.731152009219983,37.639463629188484,21.731155773166243,37.63946145607309,-37.639463629188484,0.0,11024566.46784003,11451986.583456848,0.4080568538493162,0.41292484074995106,1.1200262109971721,1.4300628182256203,1.6290629152461589,3.938240138022068,8692278.486806286,14.449204303087619,14.145166039851384,0.27802321128126284,-0.014360534445459918,14.349118898190406,0.430556015998236,830898862.6292611,36.70150132981874,14398.97350778542,11549016.110849025,-6.443742366425076e-07,-4.863496821973646e-08,-13.057742399862441,36.699253586820205,78.14404382534785,78.14583002248847,53.94559761727314,67150.96208792055,77211292.686524,1.0771539844462388,0.3823115561163422,1.4001579549111063,3.3319879807921566,0.37775065007390674,1.2235452171272347,3.2935298219786664,0.5442445153910639,5.406432751731109,-7.153846153846155,0.20476923076923076,0.2629230769230769,0.9440384615384616,1.2921538461538462,1.389846153846154,0.8015384615384615
11.17556923076923,1.0629230769230769,13.586153846153845,11.10153846153846,236.37307692307692,0.09816021553038341,-16.72,16.681538461538462,50.10846153846154,-50.10846153846154,1.7987900596685572e-07,25.054228651397306,43.39520185959482,25.05423299091737,43.39519935417174,-43.39520185959482,0.0,12785186.73076516,18941296.097422294,0.4087645245500382,0.41349716352897536,1.1296802728921915,1.4420767316740082,1.6397199050072921,3.941892467114772,9489823.912977928,18.54589975349767,6.484467928240059,0.458689203868997,-0.011277423989684034,16.15447744118107,0.7136837312769312,657577983.3385999,23.541964720550112,21636.749157131395,19038300.286725774,-6.710576130199068e-07,-4.136619633094403e-08,-11.844700366281085,23.552281935352802,110.62050062210601,110.62622594343668,73.68588374502266,66637.0101732143,76865511.04806955,1.03756110127,0.3830029025304286,1.409740579544726,3.334774088850378,0.3785680339416198,1.2341643049260487,3.2959368262805047,0.5297422265065741,5.414140029019595,-3.092307692307692,0.3136923076923077,0.10415384615384615,0.8528846153846154,0.9475384615384616,1.3295384615384616,1.1326153846153846
13.200184615384616,0.8850769230769231,11.093846153846155,9.796923076923077,241.68076923076924,0.0970137584467701,-19.587692307692308,17.909230769230767,58.23153846153846,-58.23153846153846,2.090391708861845e-07,29.115766769614027,50.42999303009146,29.11577181261319,50.429990118514525,-50.42999303009146,0.0,14283504.029010233,28692547.725710172,0.4060920471160939,0.41121366656442615,1.101978737942503,1.4074554363905998,1.6089307254074747,3.931320441522694,9987101.92654569,22.24516699140903,7.658805728849726,0.543017503511732,-0.023629936589096498,24.397736553413267,0.6835887919099496,693019441.4585214,31.040754116436897,31063.938634042286,28789515.657578565,-7.481132824140928e-07,-3.308926364998717e-08,-14.821131791222614,31.054527954484055,157.93882021986556,157.94552294263946,105.77597880683669,68133.32587425789,77856601.50812045,1.1412606216460528,0.38095658038552477,1.3821655105656208,3.326818892780027,0.3761506041536047,1.2036758445378426,3.28907453585783,0.5623656545903244,5.391237949765104,-3.799999999999997,0.44200000000000006,0.11430769230769232,0.7732692307692308,0.969076923076923,0.7449230769230769,0.8655384615384615
7.718646153846153,0.7429230769230769,12.22,10.215384615384615,245.95000000000002,0.09614768519361928,-18.184615384615384,13.86,47.216153846153844,-47.216153846153844,1.6949621997285228e-07,23.608074927486804,40.89038985191799,23.608079016525675,40.89038749111029,-40.89038985191799,0.0,10304810.602500526,9993970.892702892,0.40426286576375237,0.40971628245375474,1.0805331334550825,1.3806517675761052,1.5848597829472677,3.923534243503603,8409948.857853811,16.51578142354467,9.24004599774694,0.335268512793813,-0.013112401612849715,12.87785034658568,0.5760112506030066,712804949.9008174,29.211306708674044,12941.926244551603,10090982.635283312,-7.70632987606948e-07,-5.464694631560691e-08,-12.747766795512861,29.22501166991949,82.8438444400972,82.84635700308431,60.32950058886741,69336.88415553208,78617768.37239234,1.205538447262305,0.3793956289393534,1.36062259813241,3.320853428160389,0.3742766552047579,1.1800886665672334,3.2839810665449765,0.5731860041930692,5.374234024207874,-7.123076923076923,0.39030769230769224,0.382,0.8663461538461539,0.6072307692307692,1.1916923076923076,1.2569230769230768
6.652492307692308,0.7847692307692308,11.056923076923077,12.824615384615385,237.31923076923076,0.09795359784388101,-18.38153846153846,20.730769230769234,51.49307692307693,-51.49307692307693,1.848494886235595e-07,25.74653628518425,44.59431399092948,25.746540744615523,44.59431141627562,-44.59431399092948,0.0,11033299.791909512,8871398.873284196,0.40829793861313224,0.41309934469761245,1.1246529605739388,1.435806891509984,1.6341655379971805,3.9399680481083994,8647718.665948473,18.443407232427766,10.4867261115363,0.3359006530112705,-0.016085569940615083,12.354448730935472,0.4740928989952093,745277331.6714318,31.238378880886014,11793.69628335385,8968395.313015902,-8.4744145973132e-07,-6.859851726812891e-08,-10.811500162816088,31.2485300654589,86.06646823713552,86.07260982596924,61.84942238512362,66903.74471122639,77045332.9031387,1.058010462430746,0.3826442976506401,1.4047574173927324,3.3333210069793644,0.3781441830370873,1.2286342059094335,3.294679866442138,0.5372353739990757,5.410140151463393,-6.046153846153848,0.5389230769230768,0.3312307692307692,0.8817307692307692,0.814,0.9295384615384615,0.8396923076923076
7.018646153846154,0.8444615384615385,13.481538461538461,11.187692307692307,237.5730769230769,0.0978970767675207,-19.29230769230769,13.127692307692307,47.33923076923077,-47.33923076923077,1.6993804065344818e-07,23.66961338382342,40.99697759692551,23.669617483521066,40.996975229963965,-40.99697759692551,0.0,10710475.38998658,11328483.45586428,0.40817170606702313,0.41299142873736744,1.123309329785899,1.4341296163424562,1.632676098526984,3.939445778858269,8640476.756828554,17.47979665313549,7.350137563352371,0.45282172852333635,-0.010713626551471973,11.91431429341576,0.7983944819941572,726867887.4369674,24.059658008250274,14221.266770573278,11425491.409304151,-8.171682540587313e-07,-5.8804947366261516e-08,-13.671685354704074,24.070453001013036,88.8253724284605,88.82771342186825,66.944773712492,66975.30763605892,77093598.2508495,1.0635333809223542,0.38254794351214483,1.40342396777166,3.3329336930136764,0.3780302673797845,1.2271574499644249,3.2943454336070657,0.5393188673302208,5.409066030157138,-8.569230769230769,0.25553846153846155,0.31092307692307697,0.9851923076923077,1.1133846153846154,1.4624615384615385,0.9258461538461538
10.87403076923077,1.0924615384615386,11.026153846153846,10.350769230769231,247.47307692307695,0.09584814421070612,-16.018461538461537,17.198461538461537,42.262307692307694,-42.262307692307694,1.517129375788677e-07,21.13115205993797,36.60023311536512,21.131155719961182,36.60023100224973,-36.60023311536512,0.0,10997789.503243512,13218565.803394511,0.40394348138540254,0.4095239393120319,1.0730726238204646,1.371355161374994,1.5764748802697774,3.920955602517614,8652173.487089196,9.909503938269506,35.007935396040956,0.4355535056578533,-0.05105984927367668,16.708310954375875,0.5096544877438677,1421660639.7751853,61.69993288399967,16175.091148753265,13315610.162162146,-5.405428243906073e-07,-3.5656090499557315e-08,-10.988697855609658,61.82619392025784,81.65331138729708,81.66510144760052,48.913375297670854,69766.26170452718,78883797.86351246,1.2224930982911582,0.3788517376183213,1.3530845455229088,3.3188121899726144,0.37361786598827273,1.1718716453666327,3.2822460364332167,0.5726782986966852,5.368391987719118,-10.384615384615385,0.6506153846153846,0.10876923076923077,0.8609615384615384,0.2583076923076923,0.9849230769230769,1.0747692307692307
8.601723076923077,0.9693846153846154,11.395384615384616,6.966153846153846,240.71153846153845,0.09721918769565842,-20.240000000000002,9.509230769230768,55.03153846153846,-55.03153846153846,1.9755183319069133e-07,27.515766904861984,47.658711659895815,27.515771670733017,47.65870890831888,-47.658711659895815,0.0,10501529.048095623,12792733.957124716,0.40659893077689246,0.4116478549498624,1.1069317748297347,1.4136756647238142,1.6144678467750204,3.9331839332234084,8423187.42285768,21.20283769266456,7.180500479243753,0.33678974024058544,-0.023136490507900044,16.6531524871784,0.5419203511540422,620916833.0208759,26.429339264072954,15564.672050398529,12889707.308294715,-7.518533008134702e-07,-4.7307346730866004e-08,-15.890114848226784,26.442387236367992,108.57732810655219,108.58354063695725,77.1463857073165,67860.08561580641,77679160.2547011,1.1269721883241353,0.3813053527049615,1.3871110557672532,3.328208082212418,0.3765695748553946,1.2091394154676556,3.2902693923740336,0.5599193173209911,5.395029537170931,-7.092307692307692,0.36723076923076925,0.2103076923076923,0.8163461538461538,0.6933846153846154,0.9356923076923076,1.0206153846153847
12.69403076923077,0.8487692307692307,14.41076923076923,12.689230769230768,247.70384615384614,0.09580462803588488,-23.526153846153846,15.82,60.66230769230769,-60.66230769230769,2.1776512932795335e-07,30.331151282262212,52.53510099399007,30.331156535772166,52.53509796087468,-52.53510099399007,0.0,15811709.402307093,32540469.576861195,0.4032370131070462,0.4088249062789999,1.0719295601768053,1.369838109265517,1.575094013255891,3.9203828668897662,10783078.491927309,25.017439509526916,5.515399814181133,0.5606675831997359,-0.016607686068288482,19.055331913843283,0.8710252969759372,587105437.6298175,20.282238562275438,34782.96053800639,32637420.696961187,-8.352859443647771e-07,-4.334201974527806e-08,-18.1710118520649,20.29151590940046,185.70645263036508,185.71402526343135,132.08178576281213,69831.31890892037,78923457.73915683,1.2248453196776663,0.37875956976127934,1.351938674061078,3.3184966285635054,0.373508688722448,1.1706307963572822,3.281978226544613,0.5724496349648077,5.3673611691114225,-17.676923076923078,0.6136923076923076,0.43646153846153846,0.9301923076923078,0.8656923076923075,1.3836923076923076,1.496923076923077
8.795569230769232,0.958923076923077,14.226153846153846,8.603076923076923,241.03461538461536,0.0971505182699746,-20.86769230769231,9.035384615384615,52.63153846153846,-52.63153846153846,1.8893632991907148e-07,26.315767006297953,45.58025063224908,26.31577156432289,45.58024800067215,-45.58025063224908,0.0,11519045.650078587,16767342.798830375,0.40640008158780416,0.411472716849291,1.1052765691864388,1.4115919611953487,1.6126145144148227,3.9325508826978695,9007645.715337608,20.46672674098488,7.000400993890381,0.7202332218892346,-0.013667148777941786,14.53814721687648,1.1432375292313168,761938335.8916954,20.34010867012688,19460.995351648504,16864323.126811467,-8.089361191755312e-07,-4.953787417098488e-08,-16.43710031185973,20.35082644915427,117.34103697374748,117.34743865552458,87.26481261265339,67951.1657019569,77738374.41217978,1.1317227036306938,0.38118909429282516,1.3854600303981741,3.3277433116768704,0.3764299646468708,1.207313588551524,3.289869271931617,0.5607323816548561,5.3937650683654725,-19.615384615384617,0.22138461538461537,0.5758461538461538,0.9405769230769231,0.6653846153846154,0.8421538461538461,0.8138461538461538
8.590953846153846,0.837076923076923,13.149230769230769,10.646153846153846,240.4576923076923,0.09727355081796568,-19.61230769230769,11.663076923076922,55.49307692307693,-55.49307692307693,1.9920866074292596e-07,27.7465361161243,48.05841570367404,27.74654092196574,48.05841292902018,-48.05841570367404,0.0,11390418.989877257,14586885.432083387,0.40665497035359877,0.4116836645123957,1.1082327615710785,1.4152983425010022,1.6159084772896495,3.9336526826365237,8880434.065040058,21.8192487001835,7.212882161587654,0.6570163871874559,-0.01607431098779665,14.260275941219964,1.0631801355663657,727797900.3920705,21.273053828931747,17316.861795311448,14683859.611857157,-8.751355296844142e-07,-5.382662627980007e-08,-14.799698638187593,21.284312490824284,116.80306658939378,116.80947004178448,87.05609313609784,67788.52269097388,77632369.86816336,1.1232484713070015,0.38139669431259493,1.38840996164416,3.328574439282055,0.37667923162726114,1.2105772240539765,3.2905850612938035,0.5592776785163781,5.396023502406861,-7.984615384615385,0.46969230769230774,0.6432307692307693,0.7578846153846154,0.9367692307692308,0.8224615384615385,0.9196923076923076
11.240184615384615,1.048769230769231,12.103076923076923,6.28923076923077,244.86538461538464,0.09636300219274067,-21.26153846153846,10.672307692307694,43.12384615384615,-43.12384615384615,1.5480568234303892e-07,21.561921254294287,37.34634733041779,21.56192498892892,37.346345174225476,-37.34634733041779,0.0,10941705.213101422,16214337.646889586,0.4049125128924059,0.4102834436075102,1.0859245030138291,1.3874089298135648,1.5909563875880344,3.9255044847083287,8655341.110942803,14.835460793470293,13.235521125075785,0.27252932874457947,-0.015835070161918298,17.746456145334015,0.41802978205018654,780856989.943692,37.37907204765607,19034.740442484366,16311359.252025831,-5.863957182329893e-07,-3.434800643812361e-08,-16.801699941925737,37.389077172426916,92.11569194373557,92.11690599528981,61.23634132726969,69031.11529488403,78427320.77566774,1.1889908757222079,0.37978611569523285,1.366048735599229,3.3223360840929583,0.37474772917040905,1.186003365246405,3.2852414688251343,0.5703627735082077,5.378452282742792,-5.492307692307692,0.21123076923076922,0.15584615384615386,0.9082692307692308,1.2749230769230768,1.071076923076923,0.991076923076923
11.294030769230769,0.926923076923077,13.223076923076924,6.166153846153846,235.77307692307693,0.09829085859113035,-23.821538461538463,17.349230769230772,48.41615384615385,-48.41615384615385,1.7380397160866222e-07,24.20807487676882,41.92962036574136,24.20807906973074,41.92961794493366,-41.92962036574136,0.0,13060997.270349506,20458398.88685814,0.40900719740637287,0.41369580975343895,1.1328840101626523,1.4460679393054099,1.643246108919804,3.9431193401426112,9550191.489234794,18.224010938136573,6.825525769365065,0.2913706450578172,-0.01420605793197068,17.953505870913148,0.5468138933845706,603891761.4283278,26.533789715095,23089.5123351617,20555392.94449603,-6.822423717951391e-07,-4.397804916315325e-08,-17.843010921622394,26.544635665338028,115.55086078737615,115.55188124719895,80.9223605302962,66467.86144179196,76750261.5495204,1.024708114207304,0.3832300931668323,1.4129115545455582,3.3357035921288145,0.3788364163627044,1.237692421777319,3.2967427421817677,0.5250380614582629,5.416675686842761,-18.846153846153847,0.22876923076923078,0.6736923076923076,0.8055769230769231,0.5555384615384615,0.9947692307692308,0.7203076923076923
9.517107692307693,1.0598461538461539,10.706153846153846,13.353846153846154,242.23461538461538,0.09689905877084722,-19.28,8.38923076923077,46.323846153846155,-46.323846153846155,1.662930200385321e-07,23.161921119046333,40.11762870061344,23.16192513080909,40.11762638442112,-40.11762870061344,0.0,9966288.461726753,12345086.483541617,0.40608825079973765,0.41125599630722554,1.0991614127034932,1.4039685515418894,1.605814504811456,3.930345368045489,8205130.178486276,15.452116927785191,16.48150391798942,0.29813936719638173,-0.018197746072217587,14.775185872081737,0.3812015255963832,871412942.7106233,41.49743544850582,15226.012380564543,12442096.579414643,-6.799740414834498e-07,-3.901346001826627e-08,-15.050190810501201,41.495702962617216,88.49809990440396,88.49962043575808,58.162787452890726,68289.46316480153,77957105.4614119,1.1494724549243267,0.3807449602030793,1.3793371291707643,3.3260196996003963,0.3758992788568721,1.2005667221302767,3.288388850177007,0.5637317789977223,5.3888892832026505,-9.492307692307694,0.4401538461538461,0.5084615384615385,0.8217307692307693,0.46507692307692305,1.4132307692307693,0.8335384615384616
9.35556923076923,1.0863076923076924,12.952307692307691,12.20923076923077,245.74230769230772,0.09618869807302086,-19.353846153846156,12.567692307692308,46.97,-46.97,1.686125786116605e-07,23.48499801481357,40.67721436190294,23.485002082534894,40.67721201340293,-40.67721436190294,0.0,11231151.460335527,14169028.982808705,0.4043306185096404,0.4097671740605962,1.0815612018546235,1.381931053304165,1.5860150903816725,3.9238911585994742,8826516.173269317,16.788986016207122,7.496798004983999,0.3261491553350378,-0.010966510096654336,13.79337338715314,0.6057486578767817,662930865.2544377,26.92262598300359,17008.149156735162,14266038.153664602,-7.509956975502369e-07,-4.6775928674707884e-08,-14.305283774485325,26.93711098328904,95.05631227616387,95.0579632910337,67.65186096765191,69278.33267157819,78581411.40117677,1.2023605912581814,0.37947037089471664,1.361659441647335,3.321135916222636,0.37436687155644605,1.1812173381879891,3.2842209283114183,0.5726607398336683,5.375040680821371,-14.107692307692307,0.4170769230769231,0.6321538461538461,0.8740384615384615,1.4558461538461538,1.4193846153846155,0.9332307692307692
12.909415384615386,0.8309230769230769,13.61076923076923,13.981538461538461,244.2423076923077,0.09648846980011619,-21.18769230769231,14.549230769230768,55.64692307692307,-55.64692307692307,1.997609365936708e-07,27.82345918654507,48.19165038493343,27.823464005709972,48.191647602587274,-48.19165038493343,0.0,14087594.447383843,26496773.867434412,0.4048717722280238,0.4101889272102576,1.089029954269697,1.391245719071393,1.5944056645020188,3.9265460100186225,10013344.823567899,21.807107120240776,4.582845016814178,0.4186948776067334,-0.013871764353886294,17.660679405551228,0.7065744908618196,556079704.9739413,22.669867899844256,28934.66925684058,26593745.30680457,-8.365411368844233e-07,-4.159774685097577e-08,-16.220597335179324,22.68127281030306,151.27303243933224,151.27980951354408,106.69175016337401,68855.46084302236,78316892.21875362,1.1795582585048674,0.3800102541386601,1.3691781595552284,3.3231957921009805,0.3750179351788883,1.1894240165324284,3.2859740243405837,0.5687883086943746,5.380876201888791,-13.430769230769231,0.29707692307692307,0.669076923076923,0.9290384615384615,0.43707692307692303,0.7498461538461538,1.2126153846153844
12.241723076923078,0.8413846153846154,13.118461538461538,6.0430769230769235,235.91153846153844,0.09826042037062045,-23.45230769230769,20.68769230769231,48.23153846153846,-48.23153846153846,1.731412405877684e-07,24.115767192263895,41.76973874823007,24.115771369237656,41.76973633665314,-41.76973874823007,0.0,13700770.133456508,22301411.040315244,0.40894936161370204,0.4136480711303347,1.132143605912686,1.4451448187436573,1.6424311086291314,3.942833967817034,9804815.307019815,18.012077793429178,7.283663221721886,0.2869496963384503,-0.014141451346704147,19.067742966951055,0.558852361513779,625133324.9089499,27.86735545654417,24896.701875281982,22398408.51756159,-6.571080458042189e-07,-4.234251119820194e-08,-17.119202938049025,27.87884492163125,119.34445865257902,119.34531278877664,82.17554772838471,66506.89576442787,76776954.74169417,1.027666511863296,0.38317767340658393,1.4121790230943052,3.3354885254597186,0.3787745036056901,1.2368767587473455,3.2965561409467328,0.5261226545290235,5.41609048030755,-18.23076923076923,0.6201538461538461,0.3266153846153846,0.9286538461538462,1.4881538461538462,0.8064615384615385,0.7658461538461538
10.809415384615384,0.8026153846153846,13.555384615384614,11.04,237.52692307692308,0.09790744735552583,-21.138461538461538,8.044615384615385,57.83153846153846,-57.83153846153846,2.0760325367424784e-07,28.91576678652002,50.083582858816996,28.915771794878168,50.08357996724007,-50.083582858816996,0.0,12218614.320907949,21180118.789069302,0.4080776644270202,0.4128921427263702,1.12355111816763,1.4344125903036524,1.6329258050357498,3.9395009646348456,9227136.991499625,23.724926120670062,7.331316434561921,0.6392094271938055,-0.01711676431211813,16.663705895280746,1.0038194901970472,697217890.2137647,20.68270802571646,23711.06436739595,21277080.158618666,-8.804425382102414e-07,-4.38053381727544e-08,-17.126868451062606,20.691851376261663,143.33765685589674,143.34430389065275,104.51070185598194,66962.29619518027,77084738.34863621,1.062527167139721,0.38256553352230965,1.40366644757514,3.3330041193770286,0.37805104796231964,1.2274257721943904,3.294406208608417,0.5388732962977597,5.4092622875394225,-0.6000000000000014,0.622,0.2684615384615385,0.8086538461538462,1.2318461538461538,1.3972307692307693,1.3812307692307693
9.560184615384616,0.9706153846153847,13.875384615384615,8.381538461538462,243.75769230769234,0.09658544184999611,-22.209230769230768,10.241538461538461,61.49307692307693,-61.49307692307693,2.207474189219756e-07,30.74653586253438,53.25456827279087,30.74654118799106,53.254565198137016,-53.25456827279087,0.0,12724266.449333338,20524126.724543914,0.40507569942364097,0.41035548511036585,1.0914665339584553,1.3942867557037242,1.5971442619366079,3.927435208952612,9461323.540575994,25.762328371700736,5.462419473790902,0.7355203070180915,-0.020549025908551986,16.65008587377878,1.1647476507621268,742264228.0560385,19.01491320176296,23048.610463724443,20621075.798920408,-8.992954545077267e-07,-5.1352427651564374e-08,-17.61536605212427,19.02444432646722,154.2432794760637,154.25026311008276,116.54553552655622,68718.84071379666,78230782.98097189,1.1722533367092316,0.3801969004566556,1.3716307475271627,3.323880748687934,0.37523967950527337,1.1921018583905953,3.2865584482004775,0.5675811985289885,5.3829478422484485,-19.892307692307693,0.6487692307692308,0.6229230769230769,0.9917307692307693,1.3266153846153848,1.2963076923076922,0.7412307692307691
9.958646153846153,0.7810769230769231,11.543076923076923,6.892307692307693,243.3653846153846,0.09666544230693935,-21.409230769230767,15.367692307692309,60.23153846153846,-60.23153846153846,2.1621875694586774e-07,30.115766685084054,52.162043886463735,30.115771901288298,52.162040874886806,-52.162043886463735,0.0,12328133.408992082,17631823.951103058,0.40530265719683856,0.41055295636143957,1.0934403914397235,1.3967644510201316,1.5993667878391262,3.9281702849394384,9165692.679942546,24.225332804199834,5.53664992860276,0.35721194146452684,-0.027391612326702376,19.285599464451803,0.5681227874008377,559578651.8927982,24.70324174411246,20246.025238918977,17728780.59321834,-8.021627975795403e-07,-4.753460326991962e-08,-16.239769993646192,24.716246120474402,137.2644105363194,137.27087895860518,97.8183131149455,68608.24346632822,78160742.64514549,1.166358949269233,0.3803380678525334,1.3736104402442137,3.3244281788061536,0.37540967694519484,1.1942724932434703,3.2870261704288013,0.5665896757156484,5.384476861287975,-3.0615384615384613,0.6995384615384616,0.41800000000000004,0.9486538461538462,0.1376923076923077,1.1756923076923076,1.124
12.435569230769232,0.8013846153846154,13.66,12.763076923076923,239.60384615384615,0.0974539547680224,-16.19076923076923,7.333846153846154,47.49307692307692,-47.49307692307692,1.7049031650419302e-07,23.74653645424419,41.13021227818492,23.746540567265306,41.13020990353107,-41.13021227818492,0.0,11046346.569287362,18960277.847726297,0.4072664957867702,0.41223590771979995,1.112646930427381,1.4208520651990582,1.6208458378468624,3.935408250171656,8789508.009746308,17.308732851616114,6.821425364414067,0.4179268188525086,-0.009687549729212827,15.616527861183933,0.6474246928600672,682816933.1793534,24.460521487276733,21680.941229908512,19057289.982742965,-7.029170010778484e-07,-3.2938790449548344e-08,-13.01489537628451,24.47162519463632,104.80949354734327,104.81053920561115,69.60614287645409,67547.81103471908,77474622.10847814,1.1082673008293367,0.38177695623911007,1.3928133974685357,3.3298756247271695,0.3771178058983893,1.215448810554999,3.291713317526629,0.5554164253962576,5.400483857805757,-4.199999999999999,0.10323076923076924,0.10230769230769231,0.8751923076923077,0.7256923076923076,1.2544615384615385,1.4427692307692308
7.040184615384615,0.9152307692307693,10.663076923076924,6.756923076923077,243.8269230769231,0.09657136363071032,-20.018461538461537,19.28769230769231,51.40076923076923,-51.40076923076923,1.8451812311311255e-07,25.700382442931783,44.51437318217383,25.700386894368975,44.51437061213536,-44.51437318217383,0.0,10538393.726543967,8531559.518662049,0.4051950926317652,0.410483007156744,1.0911222292478833,1.3938808724226666,1.5967818025992793,3.9273628066950836,8411520.331520459,17.723742103828812,12.00484008988535,0.2898025523823595,-0.023660344269475615,14.691958942537665,0.37970430808850036,756838126.5982053,35.07993469660472,11460.91214210457,8628551.64344547,-8.064061901272067e-07,-6.788099314928701e-08,-12.980889992433289,35.093602681276884,85.31485291675371,85.32137426262253,63.497334297486454,68738.35787511461,78243123.66726664,1.173295423574271,0.3801719780307434,1.371281753063602,3.3237843824925046,0.3752096626484776,1.1917194900006762,3.2864761660662136,0.5677561750327393,5.3826779547737855,-14.26153846153846,0.31092307692307697,0.6459999999999999,0.8605769230769231,0.5641538461538461,1.3923076923076922,0.7806153846153846
8.612492307692307,1.1066153846153846,13.346153846153847,6.104615384615385,236.48846153846154,0.09813542663017025,-23.723076923076924,7.269230769230769,48.04692307692308,-48.04692307692308,1.7247850956687456e-07,24.02345950775897,41.60985713071879,24.02346366874457,41.609854728372625,-41.60985713071879,0.0,10776487.065697862,15128071.578357214,0.40866851166046886,0.4134089645863707,1.1290646120038008,1.4413030316967048,1.6390349419805874,3.9416453707899555,8635784.390730279,18.67284019476345,6.729171502915031,0.3549428218497642,-0.014168630997041624,14.992757158637247,0.6642038540135184,682745411.3781843,24.415020341353795,17881.506192462533,15225062.269798236,-7.523042132207132e-07,-4.692949869794207e-08,-19.123887386402945,24.42566088577796,104.2667764398304,104.26848887563104,77.78531693757152,66669.53877541088,76887596.155966,1.0400428084539888,0.3829591903727624,1.4091317548285356,3.3345960559515406,0.37851638348836236,1.233487702729309,3.2957826275012945,0.5306481334339672,5.413652321929097,-12.076923076923077,0.3875384615384615,0.11523076923076923,0.9875,0.3336923076923077,0.9652307692307692,1.1646153846153846
11.154030769230769,0.934923076923077,14.367692307692309,13.132307692307693,248.28076923076924,0.09569391074905512,-16.17846153846154,20.084615384615383,58.04692307692308,-58.04692307692308,2.0837643986529068e-07,29.023459085109103,50.27011141258017,29.023464112120106,50.27010851023401,-50.27011141258017,0.0,14005220.538611783,20439428.343769994,0.4030169332936482,0.4086519618928816,1.0691310599222807,1.3663366933912406,1.5719294791090692,3.9194085670047105,10023807.83123152,22.245438873715944,5.4926109133236585,0.7428154932606044,-0.013192108689139587,15.400238936057356,1.0840589794451279,732977757.6248577,19.444469631709953,23045.58070080178,20536405.435360245,-8.534953769023798e-07,-5.258914176012954e-08,-10.687315340663481,19.45615364912682,135.8668533333396,135.87316490798673,97.40818463879734,69993.96191990336,79022017.41455632,1.2306796610668356,0.37855971565515206,1.3491093671685153,3.317740890404923,0.3732645983293376,1.1675525326522522,3.2813375487287573,0.5718680835782317,5.365245615649434,-18.446153846153845,0.4632307692307692,0.5093846153846153,0.8890384615384616,1.4730769230769232,0.8212307692307692,0.9467692307692307
11.067876923076923,0.858,10.583076923076923,9.673846153846153,237.3653846153846,0.09794332947926578,-22.41846153846154,10.435384615384615,51.277692307692305,-51.277692307692305,1.8407630243251667e-07,25.638843986595166,44.407785437166304,25.638848427373585,44.40778287328168,-44.407785437166304,0.0,11886083.617498817,19743369.41865973,0.4082869365380188,0.4130915558684913,1.124408647035314,1.4355009302892967,1.6338934959067497,3.939863917810699,8989267.72515244,18.87600583215282,11.91971838150077,0.34894897256692,-0.022344579066640398,20.815109236689157,0.4195941078312275,744103740.369736,37.42423909577547,22364.155778805474,19840351.895947397,-6.817409002302532e-07,-3.347554534291115e-08,-18.026921273931265,37.43858706387709,121.28023708730328,121.28628324598495,81.38720292562786,66916.75615210504,77054096.23650172,1.0590132652663828,0.3826267900531435,1.404514892095763,3.3332505191600212,0.3781234846837635,1.2283655286750628,3.2946189856821,0.5375992513963109,5.409944977704061,-1.1538461538461533,0.5084615384615385,0.5998461538461538,0.8232692307692308,0.5878461538461539,0.7719999999999999,0.911076923076923
9.409415384615386,0.8549230769230769,12.035384615384615,13.833846153846153,237.1346153846154,0.09799474344400207,-21.175384615384615,8.992307692307692,51.923846153846156,-51.923846153846156,1.8639586100564513e-07,25.961920882362406,44.967371098455814,25.96192537909939,44.9673685022635,-44.967371098455814,0.0,11125145.329901526,15828098.967916291,0.4083476318772864,0.413134832927447,1.1256303393963911,1.4370181173833614,1.6352390336614966,3.9403229999512024,8730870.449316341,20.16490925416142,6.820018758536214,0.30640752419845146,-0.014558924863037625,14.804741672644948,0.5449297483852988,608806039.6680591,26.291735703142145,18543.42315140388,15925081.213779852,-8.292129562385576e-07,-4.401072989292573e-08,-16.679659204006054,26.303360891957308,113.1130487295865,113.11914877759361,79.95901786353696,66851.69894771182,77010242.43151532,1.054004237005185,0.38271429009018243,1.4057280438300428,3.3336033070834254,0.3782269353197483,1.2297100264766951,3.294923793214776,0.5357805014548054,5.410920382851045,-2.07692307692308,0.5435384615384615,0.2804615384615385,0.8336538461538462,0.9626153846153845,0.7473846153846153,1.0144615384615385
13.189415384615385,0.9386153846153846,12.336923076923076,11.544615384615385,246.29615384615386,0.09608065992724905,-23.366153846153846,19.74,60.323846153846155,-60.323846153846155,2.1655012245631466e-07,30.161920527336516,52.24198469521938,30.16192575153484,52.24198167902706,-52.24198469521938,0.0,16070751.290784474,33321776.98812758,0.40388762023884317,0.40936377372916977,1.078811731259299,1.3784705354883835,1.5828797877247172,3.922842184525701,10790295.217453556,24.221729127707654,5.045271207660626,0.4157613992874066,-0.021311985753215582,22.807542602110363,0.6032767839216167,552306958.8576379,26.4599288347363,35551.120102034496,33418731.134194795,-8.259125300102481e-07,-3.8707780689298486e-08,-17.693120040640203,26.471698954676153,182.80853758976278,182.81599088554992,129.3867731498,69434.46996212186,78678227.83665013,1.2106445258348448,0.37925955040844117,1.3588865875495553,3.3203730596551915,0.3741153128649724,1.1782063799717715,3.283573277003675,0.5739177989925731,5.372717135236084,-19.46153846153846,0.2656923076923077,0.6007692307692307,0.9694230769230769,0.8053846153846153,1.2323076923076923,0.8581538461538462
13.307876923076924,1.0463076923076924,13.284615384615385,13.415384615384616,236.41923076923078,0.09815028660015808,-20.264615384615386,9.961538461538462,60.723846153846154,-60.723846153846154,2.1798603966825128e-07,30.361920510430522,52.588394866493836,30.361925769269863,52.58839183030152,-52.588394866493836,0.0,14286874.020822026,31571014.300855875,0.40857053532912185,0.41330399335862344,1.1294307746037358,1.4417400020820677,1.639419681283271,3.9417484244793544,10086766.636871884,25.395941167396053,4.471512514850238,0.435887707172737,-0.01769501053063919,20.204297660424096,0.6835513250362533,561213245.4865301,23.17970335466951,33830.82900575102,31667969.534906134,-9.292303362964709e-07,-3.690630344998882e-08,-16.413218562584426,23.187882212500924,179.11931533836446,179.12665698064876,131.9180613549111,66650.02161409293,76874347.66221666,1.038553443081432,0.38298541722485097,1.409497008406145,3.334702846218027,0.3785473734971211,1.2338935727774336,3.2958751120264522,0.5301045388573311,5.4139449304432485,-4.907692307692306,0.17707692307692308,0.6561538461538461,0.9813461538461539,1.3696923076923078,0.8790769230769231,0.9812307692307692
9.990953846153847,1.0426153846153847,11.481538461538461,13.846153846153847,237.18076923076924,0.0979844462374928,-20.572307692307692,19.61076923076923,56.23153846153846,-56.23153846153846,2.0185958482650127e-07,28.115766854144002,48.697942173719184,28.115771723938085,48.69793936214225,-48.697942173719184,0.0,12986119.462643106,17072985.60269566,0.4082850765655126,0.41307503705843,1.1253849090585895,1.4367060378985501,1.6349617423846061,3.940218005911128,9439611.19608167,22.01693042526949,6.794270137303519,0.3306054525102079,-0.01760487325704925,16.163714014226873,0.4987134258434693,594801038.094602,27.22740191119575,19734.377164588732,17169958.783496916,-8.398367370659727e-07,-5.0679386580980895e-08,-14.286506040644023,27.23978028243203,125.47451385362457,125.4806441330144,88.0081943228167,66864.71038859048,77019020.5927268,1.0550049903134637,0.3826967913109296,1.4054853151261608,3.3335326764084536,0.3782062483434659,1.229440940546463,3.294862752821512,0.536144122202071,5.4107252935104935,-18.876923076923077,0.3256923076923077,0.5638461538461539,0.9251923076923076,0.8506153846153847,1.3504615384615384,1.3356923076923077
11.412492307692307,0.9195384615384616,11.567692307692308,10.498461538461537,241.17307692307693,0.0971211012424279,-18.861538461538462,10.823076923076924,58.10846153846154,-58.10846153846154,2.0859735020558863e-07,29.05422831327741,50.323405285083936,29.0542333456178,50.32340237966085,-50.323405285083936,0.0,12272691.103848366,21083984.48134425,0.4063607140359004,0.4114442176651615,1.1045692058638794,1.4107083350028662,1.6118285162493682,3.932292922255405,9166653.464899078,22.944430320391955,6.176931398844609,0.391904719656743,-0.021652232108567888,19.822683212725813,0.5878966617336508,599346494.2697921,25.69801091347966,23637.03164346693,21180951.189028256,-7.295393541760996e-07,-3.5846325401796335e-08,-14.942068129779182,25.71066880023368,140.0638768718236,140.0701772054033,92.77096425489455,67990.20002459284,77763768.62531658,1.1337623144909588,0.3811392764287788,1.3847532434779826,3.327544659713845,0.37637012353141364,1.2065325145973187,3.2896983607397488,0.5610823578805905,5.393223423969898,-14.56923076923077,0.6173846153846153,0.6072307692307692,0.7736538461538461,1.2038461538461538,1.1326153846153846,0.7067692307692307
12.220184615384616,0.7361538461538462,12.626153846153846,12.024615384615384,237.87307692307692,0.09783072527226747,-16.14153846153846,9.746153846153845,42.87769230769231,-42.87769230769231,1.5392204098184714e-07,21.438844341621053,37.13317184040274,21.438848054938134,37.13316969651812,-37.13317184040274,0.0,11033263.189239934,17956038.78269326,0.40836738072972134,0.41321353766234264,1.1217318034363901,1.4322088205031456,1.630972800727758,3.9389181648104197,8758653.423260296,14.859761331915463,11.74122939844299,0.341449947973116,-0.0101891445792103,16.570787015225267,0.46526169430157965,782823823.2909826,33.10217742866572,20761.7407418661,18053075.15319589,-5.500388213288418e-07,-2.8494130182532714e-08,-12.623131183293006,33.108660351687966,92.40197260831522,92.40289583938612,57.16274478010863,67059.88200177008,77150355.77981766,1.070079724065878,0.38243414349281424,1.4018502842790639,3.3324775192254856,0.3778956731313803,1.22541604401867,3.2939518349362698,0.5416887308887222,5.407798107295667,-17.73846153846154,0.6312307692307693,0.11153846153846154,0.9963461538461539,0.23892307692307693,0.8766153846153846,1.0366153846153847
9.140184615384616,0.7109230769230769,10.946153846153846,7.101538461538461,249.22692307692307,0.09551526535953278,-20.104615384615386,12.503076923076923,55.95461538461539,-55.95461538461539,2.0086548829516053e-07,27.977305327386613,48.45811974745225,27.977310173198454,48.45811694972147,-48.45811974745225,0.0,10940619.590435058,13649624.966075148,0.40266679561637286,0.40837919845239445,1.06455786023868,1.3606246529783865,1.5667469313437186,3.917819421447662,8594550.77394354,20.821778668473005,7.44369760319929,0.3221688179870893,-0.025375557394521606,17.94019068674895,0.4707432403748506,604965979.4072282,28.554491415021868,16409.12602835131,13746596.838005032,-7.395835798710706e-07,-4.6124399248061786e-08,-15.399392078093197,28.571896415975225,112.14308480872204,112.1492562040746,78.1094407158315,70260.69645791547,79182686.82063788,1.2403085917454144,0.37821976109641076,1.344474128149321,3.316500031153916,0.3728524119116695,1.16252878550292,3.280287694090563,0.5709298092857783,5.361596962585604,-7.061538461538461,0.4807692307692307,0.15676923076923077,0.9613461538461539,0.7838461538461539,0.7252307692307692,1.4033846153846155
9.9048,1.0352307692307692,12.453846153846154,9.80923076923077,244.72692307692307,0.09639083184996147,-16.436923076923076,17.844615384615384,47.73923076923077,-47.73923076923077,1.7137395786538483e-07,23.869613366917427,41.343387768199975,23.86961750125609,41.34338538123843,-41.343387768199975,0.0,11720449.788010731,13984767.050190328,0.4048677072495847,0.41022626271967266,1.0866126261479176,1.3882552778825221,1.5917178050690832,3.9257318683893088,9000755.284502776,16.527020641375433,8.76925491803119,0.35968905664829093,-0.01249070425738737,15.460297344809009,0.5292961966340174,693533699.8391392,28.89805274277856,16844.666646650683,14081783.024288563,-6.533224398315554e-07,-4.496134915154413e-08,-11.122845275924638,28.91166116302484,92.42242121411348,92.42388121733828,62.22072870189915,68992.08097224809,78402800.32813208,1.1868933079310913,0.3798358746415877,1.366743299604034,3.3225265571151206,0.3748077433373563,1.186762046850596,3.2854036678758654,0.5700126761637858,5.378990171488769,-13.8,0.6976923076923076,0.16692307692307692,0.8871153846153846,1.2663076923076924,0.8249230769230769,1.1732307692307693
9.366338461538462,1.0573846153846154,12.58923076923077,9.255384615384616,244.84230769230768,0.09636762758050695,-16.38769230769231,15.23846153846154,57.77,-57.77,2.0738234333394994e-07,28.884997558351714,50.030288986313245,28.885002561380475,50.03028609781323,-50.030288986313245,0.0,11903011.482918404,15136474.522463666,0.40464717289869373,0.410011860393143,1.0860334075974174,1.3875064838095905,1.5910424388653335,3.9254774107692603,9065128.103859631,22.237412061144994,5.729937556764533,0.5911177706219459,-0.018579357958582607,16.10298908891896,0.8654140873155393,644657066.2756891,21.763978416796757,17862.421892115788,15233449.839401957,-7.814948712991166e-07,-4.9587279783878335e-08,-11.702783045148225,21.77675240277726,118.77489999882754,118.78100937217665,83.64420103702666,69024.60957444468,78423242.83810982,1.1886405617512945,0.3797944153951064,1.366164485995118,3.3223678190191266,0.3747577382910102,1.1861297624545148,3.285268486843051,0.5703044577872485,5.3785419748766605,-11.523076923076923,0.25276923076923075,0.17615384615384616,0.9382692307692307,0.7493846153846152,1.432923076923077,1.4526153846153846
13.286338461538463,1.0044615384615385,10.650769230769232,9.833846153846153,246.61923076923077,0.09601710866762017,-18.566153846153846,14.29076923076923,52.262307692307694,-52.262307692307694,1.8761086787728382e-07,26.131151637288102,45.260487397226505,26.131156163336716,45.260484784111114,-45.260487397226505,0.0,12961400.62167525,25599129.35534937,0.40389045007572455,0.40939483090516077,1.0772311571282298,1.376508586146334,1.5811158597634714,3.9223169138612315,9448208.19349629,17.960239570080436,11.70087491320331,0.5375805328496074,-0.020903438000111654,23.906519992018424,0.6668503787416965,832065113.805691,38.505612382544776,28110.103018365135,25696119.099212684,-6.540582005948278e-07,-2.8735589991954413e-08,-14.408700981187316,38.52536236542747,133.69919030432186,133.70548328802172,86.02524463314472,69525.55004827233,78734336.10773867,1.213908119536881,0.3791474249980248,1.3572903737517181,3.319942354866308,0.3739786592731313,1.1764615032640182,3.28320663672021,0.5735982940194039,5.37152623744073,-8.938461538461539,0.43000000000000005,0.38384615384615384,0.9609615384615384,0.8484615384615384,1.0673846153846154,1.3923076923076922
11.886338461538461,0.9226153846153846,13.13076923076923,8.172307692307692,246.6423076923077,0.09601257049699995,-20.732307692307693,8.561538461538461,43.800769230769234,-43.800769230769234,1.5723569608631634e-07,21.900382764145682,37.93257992795918,21.90038655740357,37.93257773792071,-37.93257992795918,0.0,11342191.112572668,19162566.757975943,0.4040251322510522,0.4095338222886628,1.0771213597167106,1.376391639887471,1.5810116138765915,3.9223145448501344,8889638.647889465,15.515152412071776,8.595035227601945,0.28275882631013693,-0.011325853713073998,17.271067076406236,0.5308611770353379,666655133.877785,29.780643797187498,21905.432099628346,19259585.211918395,-6.000829200091733e-07,-3.234286924660966e-08,-16.746170286865908,29.794947276056572,100.02395896882234,100.02501650267399,66.12038110782352,69532.05576871164,78738345.33658028,1.214139857420094,0.3791394375722085,1.3571765112699816,3.3199116787723826,0.37396891529206844,1.1763370293174642,3.283180524647506,0.5735745667406583,5.37144150959502,-1.4923076923076941,0.5915384615384615,0.3303076923076923,0.8959615384615385,0.12046153846153847,1.4366153846153846,0.9159999999999999
7.81556923076923,0.9496923076923077,11.13076923076923,12.036923076923078,247.6576923076923,0.09581355576772854,-18.701538461538462,19.072307692307692,57.24692307692308,-57.24692307692308,2.0550460544141739e-07,28.623459118921094,49.577291070031265,28.623464076650063,49.5772882076851,-49.577291070031265,0.0,11568990.308349978,11341134.69463833,0.40334270002388595,0.4089285908827878,1.072155742241649,1.370136605236798,1.5753644675157277,3.9204956470417844,8861852.568280466,21.447663342077494,6.81336485744094,0.3508215336101009,-0.020263029772236173,14.28959798770069,0.5100816237409312,598683022.6511009,26.553952716317568,14159.453377314005,11438108.375097275,-8.77964685547228e-07,-6.252279452190478e-08,-12.213126940948666,26.57038319750338,106.44845939906476,106.45479413936992,76.90078081634968,69818.30746804172,78915525.37226447,1.2243792840448438,0.37877556261122747,1.3521653575239485,3.318557300867528,0.37352821344710585,1.1708776651024138,3.2820297047463405,0.5724963510310838,5.367530573647012,-0.907692307692308,0.49461538461538457,0.358,0.7809615384615385,1.2296923076923076,1.2778461538461539,1.2716923076923077
10.31403076923077,0.9792307692307693,12.632307692307691,6.72,248.67307692307693,0.09561918125180002,-16.646153846153844,15.906153846153847,46.60076923076923,-46.60076923076923,1.6728711656987284e-07,23.30038264580372,40.35745112688036,23.30038668154872,40.3574487968419,-40.35745112688036,0.0,11240154.768459035,14073454.547880987,0.40308533025942817,0.40875642917438826,1.067238928044194,1.364002338066377,1.569817589411255,3.9188094695552693,8806811.709018353,15.809019578076114,8.809915154909978,0.3491847410146193,-0.012933306540914794,16.15215816701915,0.5228349654167056,691411728.1868113,29.27212621363708,16946.530458143592,14170474.250430467,-6.359665996687563e-07,-4.251070676774201e-08,-11.819229029523903,29.28662437517133,89.68521637270196,89.68675762528672,60.35262012349323,70104.55916737182,79088713.47904378,1.234656867394433,0.37842379984224384,1.347189838342494,3.3172297207027834,0.3730985129438023,1.165467289002439,3.280904768023425,0.5714753767179062,5.363808014261989,-1.8923076923076891,0.5869230769230769,0.5583076923076923,0.9540384615384616,0.3078461538461538,1.1744615384615384,1.2347692307692308
7.1048,0.8456923076923077,14.496923076923077,7.126153846153846,240.82692307692307,0.09719462525873317,-22.246153846153845,19.567692307692308,41.800769230769234,-41.800769230769234,1.500561100266331e-07,20.900382848675658,36.2005290715869,20.900386468728463,36.200526981548435,-36.2005290715869,0.0,11886942.934214205,12663662.873598406,0.4065912379123064,0.41164972362223384,1.1063420005127274,1.4129422830074736,1.6138165570439313,3.932976912686262,9165952.38944289,15.04337723899127,8.081617907023716,0.344238437432011,-0.008582434288209867,12.137208224985852,0.717131279556311,723406969.2270954,26.75034321377677,15588.85995082532,12760693.723167794,-7.471182200320788e-07,-6.36937905269448e-08,-14.594366618692533,26.76244796300306,82.85844365332709,82.86073569555181,64.16336979487791,67892.61421800304,77700328.30944288,1.1286672569520106,0.38126383126360774,1.3865211178909156,3.3280418962262255,0.37651971899206504,1.20848680131689,3.290126280332941,0.5602109358014622,5.394577839574356,-18.753846153846155,0.19276923076923075,0.6515384615384615,0.9817307692307693,1.0767692307692307,1.069846153846154,0.7879999999999999
9.107876923076923,0.8555384615384616,13.247692307692308,9.513846153846153,237.45769230769233,0.09792281448823746,-17.10153846153846,19.546153846153846,42.816153846153846,-42.816153846153846,1.537011306415492e-07,21.408075113452746,37.07987796789898,21.40807882144044,37.07987582709128,-37.07987796789898,0.0,11415052.338961573,11459563.53952616,0.4083687160088287,0.41318216492457666,1.1239231022273024,1.4349147458815437,1.6333750714862458,3.939717703270652,8896822.035126133,14.76689879298616,10.688983403591095,0.3268461638415756,-0.009723393943068677,13.063745117053795,0.5653702583703292,785216993.1268001,30.573561884124135,14431.662713857004,11556603.201354213,-6.862143068294639e-07,-5.3635852632830746e-08,-10.738204357334439,30.580570587328058,77.38740301198833,77.3893200101186,55.22282834814624,66942.77903386232,77071611.67888361,1.061020449171314,0.3825917870403531,1.4040299868298005,3.3331096630731105,0.37808209474364285,1.2278283911549595,3.2944973409226175,0.5383271830621884,5.409554861593324,-10.661538461538463,0.358,0.3090769230769231,0.7932692307692307,1.3976923076923078,1.039076923076923,0.7006153846153845
8.138646153846153,0.7693846153846153,12.404615384615385,13.07076923076923,239.00384615384618,0.0975835059460647,-20.916923076923077,7.678461538461539,50.01615384615384,-50.01615384615384,1.7954764045640878e-07,25.00807480914484,43.315261050839176,25.008079140670823,43.31525855003147,-43.315261050839176,0.0,10392236.756337501,13411744.509150382,0.40747583723905983,0.41240006018259723,1.1157807759893223,1.424745237399797,1.624322330744973,3.936576988744264,8460913.084389225,19.015338256033694,7.076450873648243,0.3468574215954918,-0.01336326333274027,13.405129666574748,0.635522684487467,655886550.5512755,25.611231671818878,16208.259694449964,13508734.190238077,-8.354867621871069e-07,-4.761388734602347e-08,-16.479264810583448,25.622894184985352,101.16939515786719,101.1755537888358,73.11822804670207,67378.66230329678,77362749.30617526,1.0949484557325009,0.38200490973771273,1.3959380367606036,3.3307718846636543,0.377387731570147,1.218888814405048,3.292483169033515,0.5506465609981599,5.403019415187109,-9.553846153846152,0.12076923076923077,0.37369230769230766,0.8321153846153846,0.7687692307692308,1.2076923076923076,1.119076923076923
13.372492307692308,0.8752307692307693,11.838461538461539,13.193846153846154,242.7423076923077,0.09679369496354191,-21.667692307692306,16.573846153846155,44.60076923076923,-44.60076923076923,1.601075305101896e-07,22.300382730333695,38.62540027050809,22.300386592873615,38.62539804046962,-38.62540027050809,0.0,13785233.72694283,26353165.905371178,0.4057695351785278,0.41097460894182547,1.096588484626192,1.4007309563020147,1.6029197363809002,3.929367034410746,9879331.491662659,15.212427007491394,13.138867471440944,0.368349758165797,-0.012907642311213916,20.16446898876079,0.4237505424059447,784112234.9736875,40.11091298424705,28909.713513926836,26450182.349698767,-6.201990835774004e-07,-2.9426015902540588e-08,-16.509107360960922,40.12732687702645,116.83742764350151,116.83816279762098,75.66691689206048,68432.58901446658,78048789.76417534,1.157035122013475,0.3805622758495904,1.3767622545337532,3.3253026374395978,0.3756795304402697,1.1977338215057958,3.2877743501629877,0.5650149150027968,5.386907237418317,-14.076923076923078,0.24815384615384614,0.38569230769230767,0.8551923076923077,1.1887692307692308,1.0563076923076924,0.8913846153846153
9.850953846153846,0.7256923076923076,12.207692307692309,9.021538461538462,236.81153846153848,0.09806696340523977,-16.252307692307692,16.315384615384616,53.95461538461539,-53.95461538461539,1.9368590223547732e-07,26.977305411916586,46.726068891079976,26.977310084523346,46.7260661933492,-46.726068891079976,0.0,11709421.821791131,14930409.645861905,0.40853593403045596,0.41330016383942264,1.127346266698253,1.4391630141446197,1.6371406445625587,3.940991203742686,8963101.7978931,20.29037786908371,6.874136740829229,0.4228346711324563,-0.01681494653972395,16.576167436345752,0.6185605549961511,644664040.9672021,24.71072847585877,17686.68074092898,15027399.38704848,-7.199994171852663e-07,-4.534817478877602e-08,-11.476859806111817,24.721687429072258,107.91494622795855,107.92071250328391,73.47630524374445,66760.61886156138,76948733.35269092,1.047008749197253,0.382836794122193,1.4074287351656016,3.3340988183150344,0.3783717313526413,1.231596490610401,3.2953522452569284,0.5331862058556075,5.412287102322344,-19.76923076923077,0.5453846153846154,0.20753846153846153,0.8275,0.6761538461538461,0.9763076923076923,1.4267692307692308
6.9648,0.8844615384615384,13.173846153846153,13.71076923076923,247.12692307692308,0.09591768478550199,-17.273846153846154,9.724615384615385,53.40076923076923,-53.40076923076923,1.9169770917279578e-07,26.700382358401807,46.24642403854611,26.700386983044083,46.24642136850764,-46.24642403854611,0.0,10279480.649043093,11330543.37624005,0.403603837205993,0.40914803524111504,1.0747484537861365,1.37338681180672,1.5783043854651067,3.9214269294115924,8477994.773012523,20.088021624754443,7.39910730526224,0.7421244493364516,-0.012777024373864163,11.79151516519084,1.1557734431596471,784394647.8247671,21.180596640796054,14181.019347493515,11427529.5916132,-9.010590961677773e-07,-5.701110765666891e-08,-12.803476847697453,21.194347660841238,100.82039232358173,100.82686134031725,74.91653363605923,69668.67589793737,78822279.6718206,1.2190052939311176,0.3789716426069952,1.3547876604272608,3.3192691175735454,0.37376420341318395,1.173728686434302,3.2826341244955906,0.5730392251922005,5.369662652141118,-7.738461538461539,0.693076923076923,0.4327692307692308,0.8732692307692308,0.9906153846153846,1.1843076923076923,0.7609230769230769
11.692492307692309,1.104769230769231,11.69076923076923,11.852307692307692,248.90384615384616,0.09557647944463102,-21.45846153846154,14.893846153846155,58.50846153846154,-58.50846153846154,2.1003326741752525e-07,29.254228296371416,50.669815456358386,29.25423336335282,50.6698125309353,-50.669815456358386,0.0,13588528.97129817,23729464.21558394,0.4027190714527369,0.40840355876023765,1.066112514624819,1.362556727682786,1.568498725818686,3.918334796082985,9720517.701259825,22.77039676594046,5.649448860515109,0.3727528402771893,-0.02109156984476514,19.96226150587048,0.5360119857286246,543968235.2718698,27.358093479942795,26215.91804515985,23826425.82696506,-8.709089537919787e-07,-4.092701701820154e-08,-16.506925049690558,27.372971896452277,151.29635555331336,151.303106701393,109.35066797881153,70169.616371765,79127897.21703894,1.23702285548518,0.37833169059482147,1.3460505611827094,3.316918273252469,0.372989271805773,1.1642380851919771,3.2806412330484394,0.5712501869721716,5.362779657192594,-6.938461538461539,0.27584615384615385,0.12630769230769232,0.900576923076923,0.13123076923076923,0.7683076923076922,1.368923076923077
12.930953846153846,0.813076923076923,12.158461538461538,12.652307692307692,239.65,0.09744406753737918,-18.664615384615384,19.05076923076923,60.13923076923077,-60.13923076923077,2.158873914354208e-07,30.069612842831592,52.08210307770809,30.069618051041754,52.08210007074655,-52.08210307770809,0.0,15170061.708781846,30219665.710496396,0.4070655587194322,0.41203565669956,1.1124027129612775,1.42052163185929,1.6205485298071294,3.935268412026911,10419720.138247037,23.933053159258424,5.867156284457549,0.5164464366878282,-0.019291032305754244,21.78680705906812,0.6917664978631285,645552595.0001357,26.02193422545335,32541.308859351575,30316630.115381896,-7.948904609268414e-07,-3.626416135495178e-08,-13.741290569804578,26.032680701181445,167.6481486198991,167.65503595507505,114.72415806312632,67560.8224755977,77483178.63984953,1.1092954138374562,0.3817594197051831,1.3925733972344156,3.3298069339448504,0.3770970344949957,1.2151848613881056,3.2916543683722805,0.5557835066402188,5.400288884742845,-11.399999999999999,0.2509230769230769,0.44661538461538464,0.9855769230769231,0.5598461538461539,1.1153846153846154,1.4021538461538463
7.643261538461538,0.8678461538461538,13.506153846153847,10.818461538461538,244.61153846153846,0.09641401096148249,-18.516923076923078,19.201538461538462,47.800769230769234,-47.800769230769234,1.7159486820568278e-07,23.900382595085738,41.39668164070373,23.900386734753788,41.396679250665265,-41.39668164070373,0.0,11728895.501458587,11662810.992310014,0.40480424428413153,0.4101519556237842,1.0871861481801919,1.3889561517056446,1.5923477947067584,3.9259119783919547,9056442.17993279,16.912726489783967,7.188360620155801,0.44403964555328496,-0.01066531759281984,12.332354379264867,0.7338520959305784,702155089.3090476,24.5419844300023,14566.388299667875,11759822.061929716,-7.966900354623627e-07,-6.32320531573844e-08,-11.730248884056326,24.555514155089117,88.6957389690269,88.6980096036831,65.93037129658198,68959.5523700515,78382384.7784482,1.1851443197569567,0.379877385652099,1.3673225105583868,3.3226855600064327,0.37485779183759643,1.1873949421440868,3.285539114258976,0.5697211436102256,5.379438976348107,-13.584615384615384,0.6903076923076923,0.3127692307692308,0.8078846153846154,0.19153846153846155,1.298769230769231,1.4230769230769231
10.90633846153846,1.1096923076923078,11.038461538461538,10.067692307692308,247.49615384615385,0.09584366484419575,-21.076923076923077,14.786153846153848,49.49307692307693,-49.49307692307693,1.7766990256387628e-07,24.74653636971422,42.8622631345572,24.746540655940414,42.86226065990335,-42.8622631345572,0.0,11958151.244393082,17325586.580442123,0.40356770517728185,0.4091436097610179,1.0729519087748236,1.3711509756587377,1.5762884204874847,3.920818054703914,9026506.843285998,17.224970442357915,11.32589463989041,0.3088215268558081,-0.0187523072846279,18.66151474294748,0.4308589132338319,708997236.2414585,36.24842378768582,20053.31634278232,17422581.60478556,-6.492487464657847e-07,-3.7431143462152587e-08,-15.952237163656566,36.2660539401902,109.22026525072349,109.22139251393875,71.53915642872275,69772.76742496649,78887773.54798558,1.2227258608248102,0.37884374023339007,1.3529711025296054,3.318781787415098,0.3736081042901959,1.1717480132623765,3.28222022538871,0.5726548825638578,5.36830724285833,-8.692307692307693,0.5989230769230769,0.33399999999999996,0.8182692307692307,0.8333846153846153,0.9381538461538461,0.9492307692307692
9.2048,1.0783076923076924,10.872307692307693,8.443076923076923,246.25,0.09608866532715572,-20.535384615384615,9.272307692307692,48.57,-48.57,1.7435624745940709e-07,24.28499794718959,42.06285504700076,24.28500215347498,42.062852618500756,-42.06285504700076,0.0,10271640.867752302,12633656.984572522,0.40417931667123297,0.40965704059974173,1.0790509284712306,1.378807118364912,1.5831923032672615,3.9230122862857892,8327278.755515182,16.84389928196277,12.758499521349925,0.28725204835886853,-0.020914477401508147,16.80265547859132,0.4153000364610576,762602888.7649679,36.835019079036705,15480.305640229659,12730654.403284857,-6.406517378582527e-07,-4.052551786117945e-08,-16.142252188950046,36.8472096784477,94.09854630488944,94.10016820573718,62.97482021009518,69421.4585212432,78670160.22143704,1.2101376358445912,0.37928770494840064,1.359126872400632,3.3204466017457888,0.37414634040654005,1.1784616179529939,3.283635838828936,0.5739449360810217,5.373069839744556,-13.984615384615385,0.5804615384615385,0.3026153846153846,0.9401923076923077,0.27984615384615386,1.114153846153846,1.2507692307692309
11.1648,0.9041538461538462,14.343076923076923,10.301538461538462,240.18076923076924,0.0973325393761855,-22.615384615384617,7.613846153846154,45.67769230769231,-45.67769230769231,1.6397346146540367e-07,22.838844223279093,39.558043039323934,22.83884817908329,39.55804075543931,-39.558043039323934,0.0,12032161.785228118,21518288.106930263,0.4068822019931853,0.4118913487724209,1.109658017993307,1.417099669663252,1.6175080802754154,3.9342075171504765,9242961.75903744,17.140901112767505,6.322390642011882,0.39208296674681276,-0.009876205472712894,15.908858797360264,0.7204295497931673,679365447.0911477,23.792991532575538,24156.687857689245,21615292.149739347,-6.629602441884729e-07,-3.629580404865549e-08,-18.39408106821986,23.804047657077827,111.66945014870932,111.670449348387,76.8782436192047,67710.45404570206,77581640.67355448,1.1191948839540948,0.3814963231970381,1.3898287331614163,3.3289753055228437,0.3767988073686019,1.2121490276512747,3.2909307231101037,0.5585753238583027,5.397108132737406,-3.9230769230769234,0.30538461538461537,0.4152307692307692,0.9755769230769231,1.1629230769230767,0.8556923076923076,0.9787692307692308
10.561723076923077,0.8180000000000001,11.635384615384616,7.1753846153846155,247.26538461538462,0.09589072517677137,-17.606153846153845,7.053846153846154,49.277692307692305,-49.277692307692305,1.7689671637283344e-07,24.63884407112514,42.67573458079403,24.638848338698477,42.67573211690941,-42.67573458079403,0.0,10210161.416660093,14951050.931607783,0.40372077495856656,0.4092790171191197,1.0740768743674338,1.372569369529129,1.5775682779941744,3.9212294341824716,8340159.161395263,17.353708939624585,9.2427754161656,0.33726846321698917,-0.01737861693172568,17.884965568049225,0.4546304461309062,672025162.4610252,30.565788043474846,17750.814877844157,15048051.490228029,-6.124171333049642e-07,-3.387662291562373e-08,-14.289071234586148,30.580865761639018,99.92470289049592,99.92605673993425,65.26301438312007,69707.7102205733,78846171.98134765,1.2203999301001136,0.37892367618647954,1.3541060669168488,3.319086129893908,0.37370567080287154,1.172985247062518,3.2824786609848604,0.5728981156432937,5.369154212762273,-18.384615384615383,0.12723076923076923,0.6238461538461538,0.8290384615384615,0.7386153846153846,1.4513846153846153,1.1400000000000001
6.846338461538461,0.7964615384615384,11.512307692307692,7.68,248.51153846153844,0.09564995084561849,-22.344615384615384,11.146153846153846,45.70846153846154,-45.70846153846154,1.6408391663555263e-07,22.854228837363248,39.58468997557581,22.854232795832136,39.584687690152734,-39.58468997557581,0.0,9694124.259141525,9039847.110201608,0.4030968889802013,0.4087540473897549,1.0680183294853924,1.3649713739687603,1.5706951627172152,3.9190742736707658,8120257.521664211,16.047340204625765,12.452279005342852,0.2562929140373502,-0.018025882807270504,13.242678380002179,0.4384028466066329,791673517.0181183,35.55751877286012,12001.007477949548,9136853.596148606,-7.725731782363274e-07,-5.612687051303871e-08,-16.63616325029105,35.56981503373045,79.82093460012636,79.82397171946091,59.74377783863768,70059.01912429655,79061238.19894765,1.2330181650945558,0.3784797645176009,1.347979827330377,3.3174399394146974,0.37316690844976186,1.1663251332413995,3.28108268800285,0.5716367113654147,5.364399828459748,-14.292307692307693,0.26384615384615384,0.6118461538461538,0.7590384615384616,1.106923076923077,1.3135384615384615,1.3369230769230769
11.283261538461538,0.866,11.703076923076923,9.624615384615385,248.09615384615387,0.09572929413850732,-19.23076923076923,8.496923076923077,44.69307692307692,-44.69307692307692,1.6043889602063652e-07,22.346536572586157,38.70534107926373,22.346540443120155,38.70533884460988,-38.70534107926373,0.0,10706884.366684807,16446382.565298244,0.40344956730894155,0.40907577631272773,1.0700331839481816,1.3675180410830925,1.5729998161180325,3.9198152825434844,8566195.689720783,15.07985753868958,12.893582714583104,0.3072367416059112,-0.01527917452802542,17.56952750607853,0.4432337562245772,780926331.035182,37.03709435295916,19256.426156763737,16543400.591726225,-5.765085545032619e-07,-3.125225080382558e-08,-15.429861535037885,37.04826087100943,94.69803876473985,94.69921934079977,60.33212513140363,69941.91615638882,78990490.25659515,1.2288106591602952,0.3786236700403805,1.350013938112945,3.31798220998363,0.3733427241567592,1.168536041367471,3.2815420105777986,0.5720536448973035,5.365922367846881,-7.030769230769231,0.31646153846153846,0.13461538461538464,0.7871153846153847,0.9303076923076922,0.8778461538461538,1.3553846153846154
12.123261538461538,1.0235384615384615,11.986153846153845,8.763076923076923,238.2423076923077,0.09774949530437105,-18.344615384615384,9.358461538461539,46.93923076923077,-46.93923076923077,1.6850212344151153e-07,23.469613400729415,40.650567425651055,23.469617465786044,40.65056507868951,-40.650567425651055,0.0,11658397.547731917,20905100.585552067,0.40795263724273967,0.41282243528562984,1.1197810269373323,1.4297439062895867,1.6287777024827197,3.9381163296386856,8973961.749347657,16.5621356591532,10.50818865899584,0.3844278072341641,-0.01457621477310642,19.87331066896621,0.5183517261221939,710746364.8116313,33.3002897285639,23571.190605976706,21002110.78501889,-6.266687007774034e-07,-2.9248578114991384e-08,-14.75754160864123,33.31343022509884,109.2463524269566,109.24722453862579,72.43070229020225,67163.97352879921,77219981.84632714,1.0781666030019754,0.38229403631554787,1.3999163933269507,3.3319181879742024,0.3777299220567676,1.223278344221742,3.2934696889459683,0.5446098656830346,5.40623764090122,-6.600000000000001,0.5832307692307692,0.5352307692307693,0.9709615384615384,1.3158461538461537,0.7843076923076923,1.0403076923076924
7.610953846153846,1.046923076923077,11.426153846153847,6.953846153846154,248.99615384615385,0.09555896309762135,-20.966153846153844,13.407692307692308,46.723846153846154,-46.723846153846154,1.6772893725046872e-07,23.361921102140336,40.46403887188789,23.36192514854411,40.46403653569558,-40.46403887188789,0.0,10204193.54961862,9902091.818374408,0.4028843443779127,0.40858027282279585,1.065672069196374,1.3620374985671448,1.5680292612188567,3.918244052153034,8325427.187177217,15.92957091677204,12.22597405469235,0.26356307840311366,-0.018619041686337455,14.468880324377222,0.45621314941073327,758908741.9544826,35.594867611793276,12843.237844198786,9999098.414905997,-7.172815846757493e-07,-5.33345592735993e-08,-15.288181620252018,35.60740265013354,82.40330424140676,82.40580658418631,59.696626441004106,70195.63925352228,79143565.91064881,1.2379611728791364,0.37829970493226633,1.3455998792925563,3.3167986136436216,0.3729501700198322,1.1637492955683424,3.2805400630011117,0.5711585945654342,5.362441594666349,-4.6307692307692285,0.6801538461538461,0.4161538461538462,0.8025,1.1392307692307693,1.3553846153846154,1.1424615384615384
7.729415384615384,0.73,11.493846153846153,11.692307692307693,242.44230769230768,0.09685576767594532,-17.384615384615387,9.379999999999999,49.77,-49.77,1.7866399909521703e-07,24.88499789647161,43.10208556082413,24.885002206680046,43.10208307232413,-43.10208556082413,0.0,9594227.34680114,9732894.013315903,0.40588553493651397,0.4110675979867215,1.0981060894989438,1.4026319394849067,1.6046196074629828,3.9299323834273983,8088746.604123658,17.90666914987899,9.394039177583885,0.33834883160968576,-0.015117026011276282,13.109424252203507,0.5437716886595477,705943017.8808683,29.224110781833073,12652.080051607816,9829894.235440243,-7.631278480021498e-07,-4.9652040849456963e-08,-13.045957608820062,29.235986751947063,86.66489703574783,86.66723549795252,60.927192557951656,68348.01464875542,77994738.58112945,1.1525625705955889,0.3806702237642132,1.378282996251619,3.3257258492051633,0.37580939482918,1.1994064422411677,3.2881369307498973,0.564256696635126,5.388078236076972,-1.7076923076923087,0.44661538461538464,0.39676923076923076,0.8678846153846154,0.7084615384615384,0.991076923076923,1.114153846153846
10.077107692307692,1.0376923076923077,11.936923076923076,10.892307692307693,240.1346153846154,0.0973424810153314,-18.84923076923077,11.533846153846154,48.20076923076923,-48.20076923076923,1.7303078541761943e-07,24.10038257817974,41.74309181197819,24.100386752488806,41.74308940193972,-41.74309181197819,0.0,10866897.631128239,14065374.40461134,0.40695665230957667,0.4119632542969809,1.1098965393193212,1.4174078566519641,1.6177822890995384,3.9343159419129576,8604212.952013578,17.406946458144805,9.255996641295287,0.3113748289229252,-0.014061613125847491,15.446270399180777,0.4390046759930945,668773835.9239653,30.234285424867817,16886.45128840529,14162378.817342617,-7.223568916080888e-07,-4.172731671045232e-08,-14.313428484371995,30.246812108557936,96.85876546271045,96.86022645410327,66.8100894357092,67697.44260482342,77573104.20136665,1.1185202052628145,0.381512925004889,1.390065369510956,3.3290422367333483,0.37681873067687016,1.2124113332901012,3.2909884657227875,0.5584586622369537,5.397288884143461,-8.907692307692308,0.5075384615384616,0.21123076923076922,0.7509615384615385,1.4084615384615384,1.2347692307692308,1.1055384615384616
8.170953846153846,1.0493846153846156,11.992307692307692,12.443076923076923,245.1423076923077,0.09630776015253052,-18.393846153846155,14.333846153846153,58.26230769230769,-58.26230769230769,2.0914962605633344e-07,29.131151383698178,50.45663996634333,29.131156429362036,50.456637053227944,-50.45663996634333,0.0,11430487.146287661,12950137.63231209,0.40448558012927593,0.4098732536016018,1.0845386055738613,1.3856345492957818,1.5893558480071497,3.9249328062321798,8845430.311159836,22.739019123088614,5.774958042736726,0.46696738308593144,-0.018716991849311596,14.185807770838442,0.7227299694019321,627679109.5187812,22.83614785442984,15712.923048515535,13047106.462148383,-8.973952568810779e-07,-5.7087151026062534e-08,-13.13218693279304,22.849865991468878,115.96105597296065,115.96744538570049,84.82535559682631,69109.18394015585,78476074.18561774,1.1931997152707792,0.3796864630309229,1.3646607771969335,3.32195587513789,0.374627549131825,1.1844884745392308,3.2849178998978936,0.5710625678997877,5.377375333083383,-12.353846153846153,0.40323076923076917,0.18446153846153845,0.7690384615384616,0.13338461538461538,0.8655384615384615,0.8630769230769231
10.281723076923077,1.0992307692307692,10.644615384615385,12.418461538461539,244.1269230769231,0.09651050579758778,-18.590769230769233,20.644615384615385,57.98538461538462,-57.98538461538462,2.0815552952499273e-07,28.992689856940792,50.21681754007641,28.99269487862241,50.21681464080717,-50.21681754007641,0.0,12632863.317154907,16092503.228461314,0.40498773548678924,0.4102975206169038,1.0896161610060997,1.3919844469766622,1.5950778180925134,3.9267874360834036,9251883.82857721,21.78086148396975,7.77466726785848,0.3789747366700673,-0.021621105633711966,17.631111130418038,0.44551489618960427,608463513.2226133,30.050578746557083,18785.872824954262,16189475.413481517,-8.163437991855681e-07,-4.855140355511925e-08,-12.609885626596155,30.066549835438142,122.79787344639519,122.80388085850181,83.61843281074873,68822.93224082577,78296523.8157961,1.1778179959119712,0.3800640246312715,1.369770777334503,3.323367699265213,0.37507960652058636,1.1900649829846204,3.286120566091987,0.5685144129220963,5.381509461621363,-13.892307692307693,0.3183076923076923,0.25646153846153846,0.8475,0.42200000000000004,1.1363076923076922,1.016923076923077
11.681723076923078,0.7416923076923077,12.521538461538462,12.356923076923078,240.9423076923077,0.09717016227239741,-17.667692307692306,16.121538461538464,46.754615384615384,-46.754615384615384,1.678393924206177e-07,23.37730571622449,40.49068580813977,23.37730976529296,40.490683470408996,-40.49068580813977,0.0,11982309.256609973,16894651.010027763,0.406600613791772,0.41166869154945734,1.1057522742186312,1.4122112875715507,1.6131670493139478,3.9327696942578583,9100985.872123804,16.396193226426256,9.0636751348734,0.3465442488039221,-0.011169935577661593,15.862910231876942,0.4727593534166074,680024769.4078454,30.070310045431544,19679.206147371286,16991667.4368598,-6.904992614472177e-07,-3.9673740472138645e-08,-12.650627809188093,30.082828605789338,98.56705384468286,98.56818443600163,65.58176716733946,67925.14282019962,77721427.75198798,1.1303642241130916,0.38122230807918334,1.38593148986151,3.3278759248320995,0.37646985591762255,1.207834793100182,3.2899834042110245,0.5604990581194592,5.3941262548731705,-4.507692307692308,0.4623076923076923,0.5684615384615385,0.9421153846153847,0.7666153846153846,0.8532307692307692,1.3775384615384616
13.038646153846155,0.7133846153846154,13.813846153846153,12.332307692307692,247.58846153846156,0.09582576653068542,-22.8,17.629230769230766,46.10846153846154,-46.10846153846154,1.6551983384748928e-07,23.05422882045725,39.93110014685027,23.054232813567157,39.93109784142718,-39.93110014685027,0.0,14343091.82230974,26133417.26034488,0.40346189144654243,0.4090439962564059,1.0725014254055718,1.370575697142354,1.5757686519833674,3.9206381559868557,10175380.189169798,16.554305617250495,6.358045840176198,0.29095217427985254,-0.009800888029784793,17.736376148540707,0.554281608144144,583710481.6448295,27.010101165993635,28677.502114376563,26230424.192937266,-6.408030603612259e-07,-3.692571247427498e-08,-17.0270940128796,27.025172512573107,121.93803586192104,121.9387592904291,80.91522451641957,69798.79030672378,78903664.44068801,1.2236572802502188,0.37881176135510536,1.352517444022187,3.3186602608295974,0.3735690661034532,1.1712537303010304,3.2821170752431184,0.5725612978387381,5.367968467875135,-6.3230769230769255,0.45307692307692304,0.3644615384615385,0.9482692307692308,1.2361538461538462,0.7621538461538461,1.418153846153846
8.881723076923077,0.7281538461538462,14.201538461538462,12.061538461538461,237.80384615384617,0.0978460092550448,-21.236923076923077,8.173846153846153,56.785384615384615,-56.785384615384615,2.038477778891828e-07,28.392689907658777,49.17758702625304,28.392694825417344,49.1775841869838,-49.17758702625304,0.0,11729047.090174112,18015385.859487325,0.4079389614936252,0.4127735614257306,1.122087636732825,1.4325875686036167,1.6313043869810226,3.9389411675937716,9086700.38396715,23.15953538579876,5.8780757207216485,0.776236039232572,-0.014800623364660677,14.152214993212414,1.2073816558201098,781047078.2225194,19.14857387912925,20632.321450025556,18112350.441224463,-9.194328326611834e-07,-5.129018167627359e-08,-16.894776061565015,19.157610391865777,132.57080101553686,132.57744372689754,100.07545686683925,67040.36484045211,77137272.56035742,1.0685671003964865,0.3824604020176441,1.4022132367206446,3.3325826451930287,0.37792673378771785,1.2258175351335652,3.2940425108613134,0.5411414455880427,5.4080906131810496,-11.830769230769231,0.12815384615384617,0.40784615384615386,0.7563461538461539,1.0703076923076924,1.2138461538461538,1.0378461538461539
7.8263384615384615,1.0186153846153847,13.82,9.095384615384615,246.87307692307692,0.0959671475666745,-17.704615384615384,20.450769230769232,60.816153846153846,-60.816153846153846,2.183174051786982e-07,30.408074352682984,52.66833567524948,30.408079619516407,52.668332634441775,-52.66833567524948,0.0,12657949.860920453,13499205.941481657,0.40363737671468614,0.40915979011221976,1.0759865926223129,1.3749273922768421,1.579691796397244,3.9218422064540612,9424734.111211266,23.782418733225153,7.613483432495624,0.9942478344461212,-0.017989531424194048,13.616107514058944,1.4718307248676812,963890937.8332813,18.34898068380684,16241.110136100164,13596170.939061545,-9.535268061358727e-07,-7.414203775869504e-08,-11.207508980553985,18.360397859358166,121.47176460551752,121.47850849077118,93.8906586167839,69597.11297310484,78778483.51099706,1.2164510448523156,0.37905958100315235,1.3560383952072286,3.319605323811889,0.3738714900018496,1.1750937714454295,3.282919916318775,0.57329863036535,5.370595109598876,-5.215384615384615,0.22415384615384615,0.2010769230769231,0.8790384615384615,0.829076923076923,1.4747692307692308,1.1363076923076922
12.349415384615385,0.9318461538461539,12.016923076923078,8.91076923076923,243.52692307692308,0.0966324335686429,-23.77230769230769,7.118461538461538,43.862307692307695,-43.862307692307695,1.5745660642661426e-07,21.931151992313993,37.98587380046294,21.93115579090127,37.98587160734755,-37.98587380046294,0.0,11887722.109410245,22704441.971871413,0.40542377665956075,0.41068954049203704,1.0926315805117583,1.3957793270278085,1.5984850946211295,3.927920916883407,9084166.01308369,15.829214752535039,11.64151552969194,0.28011418338271604,-0.01493355403059705,20.091505123780475,0.3834442117511861,715362150.6034135,37.09726838659064,25332.431549271747,22801451.255238783,-6.302068528488447e-07,-2.8559378327012858e-08,-19.75824141914752,37.112933183875,110.30710459818768,110.30797972615592,74.79925662819014,68653.78350940345,78189622.55496709,1.1687837922082118,0.38027994367045254,1.372794830852026,3.3242024763278004,0.37533968956680497,1.1933778832998065,3.286833268512511,0.5669979477406057,5.383847205810213,-16.815384615384616,0.6118461538461538,0.5749230769230769,0.9501923076923077,0.254,1.2175384615384615,0.7301538461538462
7.438646153846154,0.9712307692307693,12.023076923076923,11.064615384615385,239.23461538461538,0.09753362178936707,-16.572307692307692,16.466153846153844,44.57,-44.57,1.5999707534004064e-07,22.28499811624954,38.59875333425621,22.285001976124764,38.5987511057562,-38.59875333425621,0.0,10247757.65835415,8522063.24630745,0.4075323352765959,0.41247631362972303,1.114577111195192,1.4232716041095261,1.6230091476361166,3.9361735949132393,8371172.756063627,14.949299872652496,12.98883006986989,0.3221747084734835,-0.012596339762553505,12.033439371037051,0.49117374516670315,824540802.913846,33.958598395533,11543.805196813946,8619093.425327834,-7.471231947888838e-07,-5.8376320092629097e-08,-10.475532076075833,33.95746888781297,71.67785717869847,71.6805666935788,51.230941392193095,67443.71950768995,77405784.70530134,1.1000610589203739,0.3819172529871604,1.3947352309422814,3.330426456097056,0.37728394925744385,1.2175638387809462,3.292186309365146,0.55247893629938,5.402044231631137,-2.8461538461538467,0.3755384615384615,0.4512307692307692,0.8686538461538462,0.6718461538461538,0.9283076923076923,1.416923076923077
10.852492307692309,0.7718461538461538,11.124615384615385,12.972307692307693,243.22692307692307,0.09669381677041679,-19.784615384615385,13.924615384615384,48.354615384615386,-48.354615384615386,1.7358306126836427e-07,24.177305648600512,41.87632649323759,24.177309836233047,41.876324075506815,-41.87632649323759,0.0,11426367.423815716,15677514.682796005,0.4055350500354354,0.4107774597350738,1.0941415531717453,1.397667118866464,1.6001772364808382,3.9284730065920344,8810686.344663557,16.806956872755737,11.846753938867346,0.3156937359177331,-0.015341772837775455,16.36797719595397,0.42380742749963285,732767749.7235148,36.14487448198334,18459.113368713515,15774517.313191593,-7.133984308838727e-07,-3.9180858830881345e-08,-14.783029619716176,36.15950683634608,101.88556665749448,101.88678123772709,68.16345202503183,68569.2091436923,78135939.23609902,1.164282962974219,0.3803878910106389,1.374310070706959,3.324621976915598,0.3754696580114007,1.1950402035207106,3.2871918639847206,0.56623973053618,5.385016717296002,-7.276923076923076,0.18815384615384617,0.17430769230769233,0.7648076923076923,0.9927692307692306,1.1646153846153846,0.9701538461538461
6.792492307692307,0.9718461538461539,13.955384615384615,12.750769230769231,247.91153846153847,0.09576471083100849,-20.35076923076923,14.312307692307693,48.816153846153846,-48.816153846153846,1.7523988882059887e-07,24.408074859862825,42.276030537015814,24.40807908746576,42.276028096208115,-42.276030537015814,0.0,11431785.665901544,12945608.487156723,0.4032406312503957,0.40884710355826415,1.070922647013029,1.368591898396392,1.5739691238294826,3.9200607309063904,8985624.059767175,17.90982255955802,6.320903608719457,0.5521579057406654,-0.010341749922521078,11.773477630068463,0.9531592499345725,725939790.9464984,22.475675928377154,15792.281833674497,13042607.914270282,-8.645584941274242e-07,-6.298732815323515e-08,-14.21103909236602,22.49016921150282,98.42943220769988,98.43157908521628,75.02602985232807,69889.87039287425,78958960.21383284,1.2269436443692165,0.3786876256103835,1.3509192438959832,3.318224011688165,0.37342083787327973,1.1695210262008284,3.2817470017197174,0.572239725958253,5.3665993750056975,-10.692307692307692,0.41246153846153844,0.37923076923076926,0.7959615384615385,1.2813846153846156,1.2003076923076923,1.279076923076923
10.949415384615385,0.7146153846153845,14.207692307692309,8.147692307692306,236.58076923076922,0.09811642475834309,-19.513846153846153,20.86,49.15461538461538,-49.15461538461538,1.7645489569223756e-07,24.57730561478852,42.569146835786505,24.577309871703086,42.569144378055725,-42.569146835786505,0.0,13529326.0130452,19496915.067822147,0.40861903271345135,0.4133660736089929,1.1285732193969222,1.440688729705545,1.6384911846237267,3.9414534463518223,9813566.63610437,18.261668215829697,6.2101185895447415,0.44620319680410947,-0.011237150736217076,16.146903830649865,0.7293774963079062,677741318.883285,23.158872082665695,22177.20536440701,19593918.51772311,-6.917826753726773e-07,-4.8139834962978417e-08,-13.391470846763692,23.16940359586742,112.36503568084251,112.3660906137018,79.16152327192383,66695.56165716816,76904662.77752826,1.042030701113442,0.38292422585233926,1.4086449369493717,3.3344538070124594,0.37847506382060264,1.232946857311622,3.2956594577200433,0.5313724407691971,5.413262250677935,-4.261538461538461,0.34323076923076923,0.6293846153846153,0.9375,1.4773846153846153,0.7313846153846153,1.1818461538461538
11.089415384615386,0.9460000000000001,13.62923076923077,7.2615384615384615,235.15,0.09842924629670369,-19.944615384615386,12.352307692307694,55.923846153846156,-55.923846153846156,2.0075503312501157e-07,27.961920713302458,48.43147281120037,27.961925556449607,48.43147001500805,-48.43147281120037,0.0,12672108.056880962,21230341.40039243,0.40923977715967375,0.41388257877461243,1.1362239748205802,1.4502282140471876,1.6469140104704463,3.944400470277857,9412427.371619066,22.396889852615107,7.771065508515012,0.6464036279220701,-0.016930124055927004,17.86501134120361,1.0390345126445915,724594097.951779,21.12992252783849,23784.85099209172,21327313.667242214,-7.617568849900204e-07,-4.2705393506161757e-08,-15.520770276693874,21.138823060563173,135.49110838651217,135.49746868239316,95.49276604510212,66292.20698993035,76629844.30569312,1.0114526989053665,0.38346589087119914,1.4162136250217097,3.336675595114334,0.3791148335202646,1.2413737760673416,3.297587043649588,0.5201639114430886,5.419309169255309,-11.676923076923076,0.6773846153846154,0.4613846153846154,0.8151923076923077,0.5727692307692308,0.8901538461538461,1.2298461538461538
9.506338461538462,0.9700000000000001,13.327692307692308,11.876923076923077,238.28846153846155,0.09773937557523502,-19.895384615384614,18.59846153846154,53.15461538461538,-53.15461538461538,1.90814067811604e-07,26.577305445728573,46.033248548531056,26.577310049053303,46.03324589080028,-46.033248548531056,0.0,12862092.048278172,16455999.699617341,0.4077565181437921,0.41262730565643474,1.1195347137244265,1.4294129412740464,1.6284813598690928,3.9379828719700396,9484482.546970617,20.367636489794013,5.80885587426353,0.45892092868725665,-0.013457964779203673,14.601908777396886,0.7670344074960167,643484087.0550478,22.73552979796443,19165.72388162417,16552984.992819453,-8.292535657422385e-07,-5.554452389930067e-08,-13.699533531164338,22.746672112705866,115.79777437656301,115.80393678028882,84.8373038062523,67176.98496967784,77228666.90917999,1.079179764529477,0.382276516484147,1.399674856491411,3.3318484258829986,0.3777091938215121,1.223011573524183,3.2934095971946706,0.5449752749892192,5.406042551092029,-17.8,0.4724615384615385,0.3496923076923077,0.7621153846153846,0.8183076923076923,1.3947692307692308,0.9455384615384615
11.369415384615387,0.8703076923076923,14.379999999999999,11.42153846153846,248.44230769230768,0.09566317034588696,-23.513846153846153,9.983076923076922,59.277692307692305,-59.277692307692305,2.1279464667124956e-07,29.63884364847527,51.33598886265541,29.638848782074014,51.335985898770794,-51.33598886265541,0.0,13579083.438615186,25573177.256322134,0.40290807087590724,0.4085554202003439,1.0683483813422914,1.3653499996566614,1.5710362759061285,3.919121038575214,9840392.474651324,24.30771388089465,4.904868851051231,0.6270560139260104,-0.016800720639426434,17.05287962774609,1.0185623051446573,679055392.6684515,19.659063662323913,27990.689008406676,25670129.941782754,-9.002504600194088e-07,-4.61236123024818e-08,-18.87977115035084,19.66942484784339,164.67348862118223,164.68070975902288,122.71998748356441,70039.50196297858,79049441.9028673,1.2323162914459262,0.3785037486768737,1.3483185231938635,3.3175301355495925,0.3731962173208804,1.166693108225487,3.281159059392019,0.5717059759279012,5.364653522811356,-17.123076923076923,0.6469230769230768,0.3829230769230769,0.9790384615384615,1.0746153846153845,0.7092307692307692,1.2729230769230768
8.752492307692307,0.8746153846153846,14.373846153846154,7.741538461538461,247.9346153846154,0.09576027439689919,-20.84307692307692,18.275384615384617,54.90846153846154,-54.90846153846154,1.9711001251009546e-07,27.454228448525367,47.552123914888284,27.454233203737626,47.5521211694652,-47.552123914888284,0.0,13032652.029866595,17054531.5409407,0.4031744789554607,0.40878171835849103,1.070809430941323,1.3684407560290524,1.5738321094261614,3.920001765551061,9629741.018737983,20.89074554505146,5.74145805146678,0.7222449279459997,-0.014657343279150017,14.713484391890626,1.1226799681318338,745702405.7672882,19.883924203489617,19741.333287877216,17151508.081062444,-8.34382442550911e-07,-6.070783250096145e-08,-14.631370940550418,19.89635887530812,122.99493559954952,123.00147727648121,93.51353022259055,69896.37611331357,78962907.82943648,1.227176909793136,0.3786796302677509,1.3508060617438493,3.3181937639687145,0.37341107218015474,1.1693977982685606,3.2817213436248553,0.5722164374228554,5.366514714614044,-6.384615384615383,0.5296923076923077,0.1733846153846154,0.8667307692307692,0.6266153846153846,1.3123076923076922,1.4132307692307693
6.663261538461538,0.7515384615384615,14.127692307692307,11.286153846153846,241.5423076923077,0.0970429527159979,-23.44,17.973846153846154,56.939230769230775,-56.939230769230775,2.0440005373992768e-07,28.469612978079553,49.31082170751245,28.469617909161585,49.3108188605509,-49.31082170751245,0.0,12812195.015764667,15308968.766391553,0.4061021759819139,0.41121247649171716,1.102683095259083,1.4083313578409966,1.6097109830854213,3.9315713122093787,9528123.429227062,22.867061364546682,6.017493735187539,0.8029876985768911,-0.015435028092346956,12.797274994477366,1.2390007554881561,804156053.6343155,19.457921575192007,17995.536507949637,15405932.4595236,-9.958959598564957e-07,-7.496535511604285e-08,-16.15817254898891,19.468307110457708,126.35828889798091,126.3653041605646,101.22801421087358,68094.29155162195,77831327.14211878,1.1392126028547367,0.38100640966415006,1.3828706501143626,3.3270164176869357,0.376210488173781,1.2044538227345682,3.2892442295160627,0.562015664890699,5.391779332371666,-14.138461538461538,0.48815384615384616,0.1936923076923077,0.8328846153846154,1.1284615384615386,0.8113846153846154,1.1092307692307692
9.043261538461538,0.9035384615384616,14.152307692307692,11.495384615384616,238.08076923076925,0.097784974140744,-18.369230769230768,9.875384615384615,55.40076923076923,-55.40076923076923,1.9887729523247902e-07,27.700382273871835,47.978474894918385,27.70038707171919,47.978472124879914,-47.978474894918385,0.0,11477034.935555523,16083889.023576401,0.4078369343961114,0.4126922313166304,1.120627776766089,1.430772464490001,1.6296909210904356,3.938393341108702,8975808.013220042,21.934363565382494,6.091186843645007,0.7923377769057562,-0.013638052547470882,13.863614473311644,1.2270530871884051,797781697.0919087,19.37491360683538,18779.401538218175,16180865.509036299,-8.813145339697758e-07,-5.145231064169931e-08,-14.129483742615411,19.384564043807025,120.81350716908604,120.81986487735884,90.03767658907975,67118.43348572397,77189552.04621148,1.074624587719341,0.3823553411668999,1.4007620590888497,3.3321626079693756,0.37780245243791694,1.2242128099548886,3.293680316116347,0.5433313992285344,5.406920368633366,-0.23076923076922995,0.502,0.18538461538461537,0.765576923076923,0.1807692307692308,0.7326153846153846,0.9615384615384615
10.367876923076924,0.8709230769230769,12.533846153846154,8.726153846153846,240.08846153846153,0.09735242885998048,-20.646153846153847,18.361538461538462,53.06230769230769,-53.06230769230769,1.904827023011571e-07,26.53115160347611,45.95330773977542,26.53115619880676,45.95330508666002,-45.95330773977542,0.0,12853190.231142953,18059266.98193539,0.406868130185908,0.411869504694595,1.1101318892697216,1.4176866958802607,1.6180282519970635,3.9343734903847567,9442672.490604041,20.090294581861272,6.356564412967371,0.34753155066435953,-0.016702596389198007,17.392467607434316,0.593302965579744,608254624.1544354,25.387083250980925,20729.00821559872,18156250.742354423,-7.262612524366697e-07,-4.692757820068295e-08,-14.868996847577533,25.399587656889583,119.2286276445945,119.23470227126631,83.43207075933555,67684.4311639448,77564564.60878478,1.1178458061991023,0.38152953804397466,1.3903020648595927,3.3291092136280738,0.376838663850029,1.2126737416810285,3.2910462563283227,0.5583420005134649,5.397469820856998,-19.584615384615386,0.13553846153846155,0.6912307692307692,0.9275,0.10753846153846154,0.9073846153846153,1.4464615384615385
8.278646153846154,0.9392307692307693,13.930769230769231,9.6,247.38076923076923,0.09586833518519369,-17.544615384615383,12.287692307692307,57.33923076923077,-57.33923076923077,2.0583597095186427e-07,28.669612961173552,49.6572318787869,28.669617926896603,49.65722901182535,-49.6572318787869,0.0,11386758.002876466,13898532.85644482,0.4034400054121765,0.4090035736615876,1.0735097897540633,1.3718248176991747,1.5768953873634408,3.9209703009874377,8927740.721545693,21.92104220787474,6.451296446278652,0.8781697461539756,-0.015706114747091004,13.613262965066216,1.3216845744893244,853245089.2406069,18.896778017727556,16651.787315468475,13995505.6764757,-9.009990794667739e-07,-5.845664020696828e-08,-12.894773139661636,18.90869518702717,114.93404089318109,114.94058590055349,86.35953892413181,69740.2388227699,78866028.7235288,1.2215622683985283,0.3788837171011159,1.3535384288949546,3.3189338677217566,0.37365689868852775,1.1723663368524169,3.2823493446639165,0.5727724203354596,5.368730842525317,-15.492307692307692,0.14292307692307693,0.1696923076923077,0.9690384615384615,1.2706153846153847,1.0218461538461538,1.0649230769230769
13.577107692307694,1.0456923076923077,13.21076923076923,12.553846153846154,239.25769230769228,0.09752864423522614,-17.692307692307693,10.90923076923077,55.18538461538462,-55.18538461538462,1.9810410904143623e-07,27.59268997528276,47.791946341155224,27.59269475447726,47.79194358188599,-47.791946341155224,0.0,13995620.97374948,31095756.39495997,0.4072844803159179,0.4122261308707954,1.1144513351498102,1.4230773050673078,1.6228324384113213,3.936048580122812,10013802.309387825,21.367370568357856,5.603105198748887,0.47069599742832335,-0.01433254423584001,20.761029850571372,0.7140989068858558,623885497.5650547,24.63872629609681,33434.22416231766,31192735.676556293,-7.479354194181438e-07,-3.0513689226911704e-08,-14.110038015182244,24.649264617752983,155.0766737397297,155.08344364795988,105.61357272276746,67450.22522812926,77410082.21049629,1.1005730204653608,0.38190848234319125,1.3946150068060943,3.330391956300995,0.37727356400985956,1.2174314333163099,3.292156666103011,0.5526622509471464,5.401946658351656,-10.569230769230769,0.634,0.5167692307692308,0.9028846153846154,0.36815384615384616,1.3627692307692307,0.8298461538461538
7.417107692307692,0.9336923076923077,10.613846153846154,11.778461538461539,248.7653846153846,0.09560161117970654,-19.403076923076924,12.02923076923077,48.13923076923077,-48.13923076923077,1.7280987507732148e-07,24.069613350011434,41.689797939474424,24.069617518991112,41.68979553251288,-41.689797939474424,0.0,9802145.884205254,9100702.927258335,0.40301464429083755,0.40869291114917533,1.0667924352413678,1.3634409416120836,1.569309174417901,3.9186543117030546,8137737.695889339,15.919000063880583,14.810951736326851,0.2893995530552794,-0.01968044738349314,13.326030948226245,0.3768945249448314,830316744.236908,39.375153716984336,12053.050136517395,9197706.470409373,-7.441547627561292e-07,-5.2611326934360216e-08,-13.982020169511854,39.38065154980347,82.19773422979935,82.20010871934736,57.532050658368824,70130.58204912908,79104411.62381224,1.2355939163268959,0.3783918210047578,1.34673869408373,3.317109765998083,0.37305942458868935,1.164977569822491,3.2808032746454776,0.5713833635746279,5.363469922241852,-6.415384615384614,0.5878461538461538,0.48261538461538456,0.9436538461538462,1.361076923076923,1.2901538461538462,1.4661538461538461
8.946338461538462,0.7650769230769231,13.893846153846154,10.28923076923077,249.3653846153846,0.09548911581681006,-17.483076923076922,19.158461538461538,54.04692307692308,-54.04692307692308,1.9401726774592424e-07,27.02345925416905,46.80600969983562,27.02346393476989,46.806006997489455,-46.80600969983562,0.0,12477214.11687966,14537934.06930172,0.40255150186457156,0.4082741590193215,1.0638906903695617,1.3597812498001094,1.565981180993697,3.917571573316102,9375518.064212555,19.949923049052444,7.997075844434548,0.749027229884688,-0.013218655647052432,13.828423298668824,1.13535634281439,791119222.6765974,20.695579747605027,17317.71057607466,14634921.95188352,-8.405893275098926e-07,-6.049711626768324e-08,-11.473743289001293,20.709429538847893,109.86870197169732,109.87496033091287,81.4547467497203,70299.7307805514,79206120.24542385,1.2417184635552254,0.37817179262795736,1.3437992851856193,3.3163212472958272,0.37279374265956616,1.1617975458099976,3.280136652586508,0.5707931951463094,5.361090308426717,-13.615384615384617,0.6127692307692307,0.45769230769230773,0.9128846153846154,0.3573846153846154,0.9147692307692307,0.7436923076923077
10.917107692307692,0.9730769230769232,11.555384615384614,11.618461538461538,236.7192307692308,0.09808694480497342,-22.184615384615384,11.103076923076923,52.385384615384616,-52.385384615384616,1.880526885578797e-07,26.19269009362472,45.36707514223403,26.19269463033211,45.36707252296479,-45.36707514223403,0.0,11813009.72676768,18138305.977063563,0.4085480142778194,0.4133050261910521,1.127836311276624,1.4397692146394707,1.637677045312436,3.9411693711500706,8958269.731023846,20.28405199161073,7.621042216670615,0.2799684847502574,-0.017540331142129443,17.478839236244653,0.4313179247859266,594823710.5829957,29.053532807272717,20788.609314066933,18235285.140361406,-7.777820399616699e-07,-4.024613716864653e-08,-17.453143625950702,29.065896580242104,120.826789647726,120.83291401137657,83.8305499273261,66734.59597980409,76931115.66984159,1.0450160035705434,0.382871767514818,1.407915065275168,3.3342407016805757,0.37841306805140584,1.2321363571426651,3.29547500987359,0.5324604972974097,5.41267713245646,-7.215384615384615,0.15307692307692308,0.48630769230769233,0.7540384615384615,1.4106153846153846,0.9603076923076923,1.4883076923076923
10.238646153846155,1.0850769230769233,13.192307692307693,13.883076923076924,238.58846153846156,0.09767378382519658,-18.135384615384616,15.583076923076923,59.61615384615385,-59.61615384615385,2.1400965354288828e-07,29.80807440340097,51.62910516142611,29.808079566311342,51.62910218061841,-51.62910516142611,0.0,13026931.059453936,18965637.09536864,0.40757457891826443,0.41246672650717103,1.1179569446783006,1.427440976493986,1.626724702795305,3.9373717677329187,9546388.097542282,24.188338841456964,6.131917410735984,0.643308915624487,-0.01608655438913011,15.461225494208449,0.9252067193460317,644691337.920074,20.684197207511005,21563.33574280189,19062602.726576455,-8.958356487797961e-07,-5.102369531224319e-08,-13.090506346003583,20.694081949654922,138.75281859410563,138.759214559328,100.09581612374551,67261.559335389,77285019.05406868,1.0857776079884456,0.3821626382577629,1.3981063295952978,3.331395921174411,0.3775744324073643,1.2212798358130958,3.2930199510308875,0.547351864738127,5.404774727588665,-19.215384615384615,0.2786153846153846,0.6579999999999999,0.9032692307692307,1.376153846153846,0.8236923076923076,1.0452307692307692
6.760184615384615,0.7503076923076923,13.641538461538461,11.433846153846154,249.15769230769232,0.09552835995129004,-20.855384615384615,20.924615384615386,52.20076923076923,-52.20076923076923,1.8738995753698587e-07,26.100382409119796,45.20719352472275,26.100386929839022,45.207190914684276,-45.20719352472275,0.0,12448540.145672241,12733362.352041258,0.40263182857958907,0.40833746497460727,1.064889864518363,1.3610306774208938,1.567115139041672,3.917919266863029,9367372.034448454,19.293492471304663,6.105889885742912,0.5936474365945034,-0.012771330170970329,12.265269792076303,0.9673471813451273,716333805.5852566,22.038546064158833,15556.645934195702,12830350.148668522,-8.972530374768385e-07,-7.300352247385034e-08,-13.1324988269811,22.05342772636346,104.52247934158191,104.52911317238664,80.99954684636211,70241.17929659755,79170958.79857732,1.2396041150232684,0.37824374172054526,1.3448117683062348,3.316589533621898,0.3728817377432085,1.1628946823727841,3.2803633145102222,0.5709983439907604,5.361850261308698,-4.6,0.30723076923076925,0.4392307692307692,0.7659615384615385,0.5016923076923077,1.4686153846153847,1.0636923076923077
8.666338461538462,0.8198461538461539,13.838461538461537,13.218461538461538,245.51153846153846,0.09623442370521237,-18.923076923076923,7.161538461538462,55.862307692307695,-55.862307692307695,2.0053412278471362e-07,27.93115148513415,48.37817893869661,27.93115632295191,48.378176145581214,-48.37817893869661,0.0,11020241.73076214,15926874.385817925,0.4043010345251178,0.40971719037912,1.0827028550370057,1.3833375789492877,1.5872837426549236,3.924264474954304,8800121.476265186,21.833933570555978,5.8736858455780405,0.7497787180836303,-0.01388075316539908,13.512567782281087,1.159917327982882,764844027.356657,19.722007189355374,18626.792953201977,16023846.745821128,-9.107421820658107e-07,-4.9589225066387495e-08,-15.049270928813067,19.733675933962697,121.75155149592177,121.75801155140181,90.04849042309145,69213.27546718495,78540925.88450877,1.1988355993780795,0.37955341468006865,1.3628126101053422,3.3214505426272027,0.37446708881709084,1.1824736049852556,3.2844882543871305,0.5720771243406864,5.375937261572428,-13.461538461538463,0.3404615384615385,0.16784615384615387,0.8698076923076923,1.3826153846153846,1.3615384615384616,0.9073846153846153
8.07403076923077,0.9515384615384617,14.312307692307693,10.436923076923076,247.05769230769232,0.0959311897655279,-22.147692307692306,11.232307692307693,42.04692307692308,-42.04692307692308,1.5093975138782488e-07,21.023459761348892,36.41370456160195,21.023463402719248,36.41370245925579,-36.41370456160195,0.0,11088053.316858163,14261817.879009377,0.40373264653490104,0.40927298751915503,1.0750886539418705,1.373826959547726,1.578701609933369,3.921570180060087,8853890.299724335,15.31720074813885,7.561467438343275,0.3506891668885086,-0.008302305236954986,12.504696429893533,0.6904261334413467,735007330.3307183,26.125476928007288,17142.012074402002,14358842.941592107,-7.344292776222481e-07,-5.0176577517843135e-08,-16.624436160429482,26.139817214521447,88.20914743193498,88.21104559667117,65.79513924810824,69649.15873661941,78810318.12805763,1.2183083561094774,0.3789956267892303,1.3551286438082542,3.3193607218292396,0.37379346738768043,1.1741007256034393,3.2827119710160995,0.573109884795899,5.3699169257494495,-2.1692307692307686,0.621076923076923,0.3810769230769231,0.9505769230769231,0.7644615384615384,1.0735384615384616,1.4981538461538462
8.009415384615384,1.0986153846153845,12.86,13.267692307692307,245.23461538461538,0.09628927402018087,-18.332307692307694,12.524615384615384,56.44692307692308,-56.44692307692308,2.026327710175441e-07,28.22345915273308,48.88447072748235,28.22346404118002,48.884467905136184,-48.88447072748235,0.0,11347526.068455808,13471264.102612093,0.40444248733978627,0.4098373361217514,1.084079382805261,1.3850602972063875,1.588838152431716,3.924766414696746,8869183.260021212,21.82415568833167,6.746961479702535,0.6649308184729944,-0.015369026180462271,13.28065176502869,1.020028341287503,697599945.4855454,21.308425397689433,16235.440182974726,13568238.288908431,-9.039020423706279e-07,-5.675801324827137e-08,-13.35658389501331,21.321380810431698,114.27543795856,114.28185039188257,84.65352414691378,69135.20682191313,78492397.30788411,1.1946046641338077,0.3796532427909455,1.3641985283387201,3.321829398085648,0.3745874782124204,1.1839842309453008,3.284810314552676,0.5712947571166129,5.37701649292426,-5.338461538461539,0.4392307692307692,0.6875384615384615,0.8132692307692307,0.9432307692307692,1.2212307692307691,1.2384615384615385
11.99403076923077,0.8543076923076923,11.924615384615384,13.55076923076923,235.10384615384618,0.09843960253433479,-21.950769230769232,19.63230769230769,58.87769230769231,-58.87769230769231,2.1135872945931294e-07,29.438843665381267,50.98957869138096,29.438848764338992,50.98957574749634,-50.98957869138096,0.0,14717562.27854066,25764645.404134914,0.40921477924289706,0.4138535999176223,1.1364711683488302,1.4505299918500414,1.6471791837339413,3.944484384989433,10183997.477009185,23.96633521079924,5.714030936614994,0.3740009585749698,-0.01906493302644211,19.589762582790872,0.5382679696511796,553453680.7864594,26.98669701590077,28180.43791915024,25861606.91336549,-8.929146730331423e-07,-4.3507486324813104e-08,-16.134185262196233,26.99697666921817,158.07087950055,158.07769534464316,114.73330346003907,66279.1955490517,76620889.80823833,1.0104745123574674,0.38348334686972596,1.4164586128925094,3.336747871495651,0.3791354404615169,1.2416471975002854,3.297649885394687,0.5198034707484537,5.419504168410267,-16.6,0.478923076923077,0.3524615384615385,0.8932692307692307,0.14415384615384616,1.391076923076923,0.9529230769230769
12.058646153846155,0.7712307692307692,13.364615384615384,9.772307692307692,249.29615384615386,0.09550218331589756,-19.993846153846153,10.62923076923077,44.87769230769231,-44.87769230769231,1.6110162704153035e-07,22.43884425709108,38.86522269677502,22.438848143613242,38.8652204528904,-38.86522269677502,0.0,11903470.507643282,20286820.045187198,0.4027770991009565,0.40849745886734756,1.0642278906520575,1.3602306480421231,1.5663897503118482,3.9177342603890324,9145390.429540135,15.88350385122197,7.581785608162702,0.30162340755957795,-0.010552855664393197,17.076891259296183,0.5913497209994628,650436576.6617539,28.116344124133892,23000.332292460058,20383836.321778648,-6.119340163592933e-07,-3.330487441343407e-08,-15.782512287401493,28.13239226305964,105.09970043466045,105.10068219099935,69.46741389038112,70280.21361923344,79194407.83027962,1.2410133391067273,0.37819577113380076,1.3441366330751492,3.3164105969798046,0.3728230726363485,1.1621630465361052,3.280212130276569,0.5708613484059378,5.361343535678216,-12.876923076923077,0.1503076923076923,0.3081538461538461,0.7978846153846154,0.11184615384615385,1.1486153846153846,1.1793846153846155
12.941723076923077,0.7546153846153846,14.441538461538462,10.76923076923077,242.35000000000002,0.096874990010537,-19.193846153846152,10.844615384615384,59.03153846153846,-59.03153846153846,2.1191100531005778e-07,29.515766735802035,51.122813372640366,29.515771848083233,51.122810421063434,-51.122813372640366,0.0,13965969.912275037,29281227.684833128,0.40574534211816954,0.41091711618593973,1.0985702407027167,1.4031839520083913,1.6051105492191842,3.9300436565207093,10022039.521159217,23.902378494300528,4.584464780444345,0.6249695567330048,-0.015726017209065753,19.023883955974053,0.9733235387027342,655183477.2370508,19.779211977172455,31626.571198780603,29378190.741245,-7.823132041183858e-07,-3.709448300467438e-08,-15.309573550955879,19.787253291185007,166.24153895608174,166.2485265539066,114.5648427356539,68321.99176699815,77978023.01918793,1.1511885814634395,0.3807034366194563,1.3787513645332734,3.325856359674837,0.37584934358899674,1.199921914339394,3.2882488060675983,0.5640233995974435,5.388438619490845,-0.1999999999999993,0.1456923076923077,0.4004615384615384,0.9759615384615384,1.4946153846153847,1.4833846153846153,1.428
8.3648,1.0936923076923077,11.266153846153847,10.486153846153847,243.89615384615385,0.09655729813255301,-18.676923076923075,15.26,57.00076923076923,-57.00076923076923,2.0462096408022558e-07,28.500382206247856,49.36411558001621,28.500387142659278,49.36411272997774,-49.36411558001621,0.0,11172750.40517076,12008516.602718059,0.4050964910574743,0.4103885090573833,1.0907731920495884,1.3934330758101907,1.5963790313140596,3.9272115712808806,8687959.280290226,21.823243978956317,6.793922210611705,0.3616940627396508,-0.02132142231221743,15.206774898480948,0.5437709931284801,617611273.0696949,25.976648184100632,14802.775261229852,12105489.405185338,-8.51052240625058e-07,-5.610909048021646e-08,-13.236980985279155,25.991339527446637,109.12509741749722,109.13138019553699,78.8844071675996,68757.87503643258,78255457.82906255,1.1743380982883391,0.3801470676999407,1.3709329086733846,3.3236881085869285,0.37517965428157884,1.191337326219808,3.2863939715887476,0.5679311520572093,5.3824082735412055,-13.03076923076923,0.4973846153846153,0.4890769230769231,0.8228846153846154,0.2023076923076923,1.46,1.0046153846153847
6.674030769230769,1.0173846153846156,10.558461538461538,12.923076923076923,243.55,0.0966277242205499,-19.255384615384614,14.161538461538461,45.246923076923075,-45.246923076923075,1.6242708908331803e-07,22.62345962610093,39.18498593179759,22.623463544599417,39.184983669451434,-39.18498593179759,0.0,9781445.627155747,8091868.821546554,0.4054871109953084,0.41075646890299927,1.0925172428005967,1.3956512747525367,1.5983717308982168,3.9279181144494357,8132849.698153371,13.601450412505619,23.308188427418873,0.3030374175825037,-0.02629833215617338,12.120735842940435,0.39486838048011463,1124454436.6906977,48.86372370331363,11100.00119125754,8188887.195051759,-7.38159288614375e-07,-5.6032728130634446e-08,-12.985835633866422,48.63529273914276,74.15891445253928,74.16121971955688,51.806643981388994,68660.28922984279,78193744.94096373,1.1691304753099128,0.38027163876648007,1.3726783547041639,3.324170263061229,0.3753296892677072,1.1932501751719893,3.2868057459433144,0.5670562725468292,5.383757249263839,-11.153846153846153,0.21307692307692308,0.10692307692307693,0.9294230769230769,0.29492307692307695,0.9713846153846153,0.7732307692307692
10.572492307692308,0.9663076923076923,10.989230769230769,11.975384615384616,238.63461538461542,0.09766372169580126,-17.26153846153846,9.22923076923077,44.04692307692308,-44.04692307692308,1.5811933744750812e-07,22.023459676818916,38.14575541797423,22.023463491394352,38.14575321562807,-38.14575541797423,0.0,9900935.760435585,12517508.778065905,0.4079512279644068,0.4128527576372327,1.1177228005688942,1.427207162082282,1.6265208358326648,3.937387972062393,8178941.394203461,13.753728521045423,20.817282075931494,0.3567699831190288,-0.02089479500822809,15.446667095683864,0.4534117195144697,1055640144.6100235,45.43947307994227,15432.392924115256,12614535.702883635,-6.209334089978116e-07,-3.5448645847224825e-08,-13.337235447975239,45.39242802167992,83.22827028642536,83.22975167150864,53.519158447707525,67274.57077626763,77293672.90718429,1.08679456080691,0.38214511214326463,1.3978652095340938,3.331326438065545,0.37755369068537414,1.2210137840263484,3.2929601506633484,0.547717712235269,5.404579627451002,-10.507692307692306,0.2306153846153846,0.5527692307692308,0.7917307692307692,0.6739999999999999,1.1116923076923078,1.476
8.741723076923076,1.0223076923076924,11.955384615384615,6.178461538461539,249.75769230769228,0.09541536953103072,-17.61846153846154,20.623076923076923,43.40076923076923,-43.40076923076923,1.5579977887437966e-07,21.700382781051676,37.58616975668472,21.700386539668546,37.586167586646255,-37.58616975668472,0.0,10940421.792793397,10188713.501052365,0.4026461978636306,0.4084058539305563,1.0620130721008374,1.3574717034155026,1.5638846160735005,3.9169937850757828,8649857.32132666,13.279733742800078,15.779228950390973,0.30779481078565374,-0.01733066557272461,14.607659764662124,0.4204880571515417,893870910.7620432,40.20725379546996,13199.872719209136,10285749.228063941,-6.513118500553674e-07,-5.4226783624662724e-08,-11.087267933652498,40.19458948263466,73.70592883613413,73.7080681958984,51.682720727265334,70410.32802801984,79272302.40267657,1.245718235687449,0.37803587654581394,1.3418895995683515,3.3158161574535425,0.37262745958984494,1.1597300217354565,3.279710243485007,0.570406886139042,5.359655373276034,-10.292307692307691,0.214,0.16876923076923078,0.9101923076923077,0.5813846153846153,1.4858461538461538,0.8236923076923076
10.012492307692309,0.9330769230769231,14.42923076923077,9.87076923076923,248.62692307692308,0.09562797426694739,-22.086153846153845,8.00153846153846,53.03153846153846,-53.03153846153846,1.9037224713100813e-07,26.515766989391956,45.92666080352353,26.515771582057912,45.926658151946604,-45.92666080352353,0.0,12217544.313821685,20752262.012892112,0.4028834918790331,0.40854680005579036,1.0674569600182622,1.3642421570892893,1.570033568713771,3.9188243847323982,9321338.17217283,20.32617447014615,6.535614938832995,0.6754514274502166,-0.013499761104268693,15.663756299027973,1.0779607979702126,724013120.7647754,20.39116770328204,23347.162515557364,20849237.53506537,-7.851560674610128e-07,-4.3777571892002564e-08,-17.835541328377364,20.403464127289393,129.69915470635968,129.7057015821991,93.9180434482271,70091.54772649315,79080860.09134705,1.2341885400139165,0.3784397897779134,1.3474154973624555,3.317289747005378,0.37311805554004274,1.1657122745448263,3.280955561716176,0.5715214319329025,5.363977084138438,-1.0,0.694,0.6967692307692308,0.8198076923076923,1.0875384615384616,1.4895384615384615,1.0243076923076924
10.163261538461539,0.8450769230769231,11.998461538461537,8.20923076923077,242.14230769230772,0.09691821881649886,-21.753846153846155,16.638461538461538,44.754615384615384,-44.754615384615384,1.6065980636093447e-07,22.377305800754463,38.75863495176749,22.377309676617852,38.75863271403672,-38.75863495176749,0.0,11740664.026354847,15135709.861672834,0.4060836765213913,0.41124352152281174,1.099629331600746,1.40454659121842,1.6063299588037283,3.9305019272218855,8976285.826546216,15.475593431749697,12.370020967443232,0.2699011970479282,-0.015241940742760394,16.616233493384087,0.4319180408448578,756929107.751154,36.03814395965047,17962.54758288912,15232725.36726909,-6.289043146169457e-07,-4.239195994941372e-08,-15.907119357889806,36.04886381916814,92.63650101754192,92.63781353570278,62.85065132572837,68263.44028304426,77940459.35080817,1.1481046930471486,0.3807781388054107,1.3798058880324446,3.3261504769764865,0.3759391866608713,1.201083005540782,3.2885010249887094,0.5635208420658925,5.389249162727662,-12.907692307692306,0.6699999999999999,0.6903076923076923,0.8813461538461538,0.11615384615384616,0.7707692307692308,1.0353846153846153
9.301723076923077,0.8949230769230769,12.379999999999999,6.030769230769231,248.37307692307692,0.09567624957786837,-19.316923076923075,10.37076923076923,47.40076923076923,-47.40076923076923,1.701589509937461e-07,23.700382611991728,41.050271469429276,23.700386717018763,41.0502690993908,-41.050271469429276,0.0,10415290.069378901,13066976.892439844,0.40317315997664566,0.40881921683212624,1.068688326223622,1.365811666202808,1.5714556000355937,3.919307157096885,8457361.78682679,16.781830718163086,8.504229169298561,0.3161391745660928,-0.014970726587919671,15.732783576938811,0.5582703814247646,687092619.6357864,28.83152709265306,15928.872819442031,13163983.051156793,-6.770576869082839e-07,-4.263670531031582e-08,-14.98593968757947,28.847041789422164,92.323572709896,92.32538597415298,64.92460621267686,70019.98480166064,79037764.90891007,1.2316146533239045,0.37852773540322504,1.348657428279689,3.3176204234703395,0.37322552563609823,1.1670613207732305,3.281235510026424,0.5717753124764768,5.364907252992357,-7.707692307692309,0.2841538461538462,0.45399999999999996,0.9848076923076923,0.9776923076923076,1.263076923076923,1.204
10.615569230769232,0.8315384615384616,10.816923076923077,12.676923076923076,238.91153846153847,0.09760351269526465,-17.729230769230767,12.696923076923078,57.95461538461538,-57.95461538461538,2.0804507435484374e-07,28.977305242856637,50.19017060382452,28.97731026187356,50.190167706093746,-50.19017060382452,0.0,11584488.08882536,16728966.45734109,0.4074859845124691,0.4124028475869531,1.1162636069714345,1.4253412449677922,1.6248535566207676,3.936748640673995,8837538.72323323,22.444368411399434,7.380920602189047,0.39335968763960943,-0.02106223023525811,17.7127829829424,0.4899572048967533,609850810.5722331,28.055429560811916,19394.553407218755,16825937.01194169,-7.932122624112059e-07,-4.119722081888052e-08,-13.425241568316613,28.068409904958713,124.5955074323369,124.60149568214916,83.28174748621757,67352.63942153947,77345506.21956247,1.0929068638774682,0.38203996513041577,1.3964195116550688,3.3309103045416597,0.3774292315020558,1.2194194801311913,3.292602182294497,0.5499140062351832,5.403409468018215,-12.50769230769231,0.406,0.3626153846153847,0.9824999999999999,0.21953846153846154,1.1523076923076923,1.2753846153846153
13.480184615384616,1.0118461538461538,12.466153846153846,7.950769230769231,243.96538461538464,0.09654324544782471,-19.55076923076923,8.69076923076923,57.862307692307695,-57.862307692307695,2.0771370884439685e-07,28.93115140060418,50.11022979506888,28.93115641162702,50.110226901953496,-50.11022979506888,0.0,13477610.486743052,30582552.63962711,0.405017501811542,0.41031390015309965,1.0904249037660623,1.3929883968449377,1.5959789706626917,3.9270634762866456,9728538.702397637,22.66165877960496,5.658896262367426,0.48137772752805486,-0.02112681903605313,23.494022558456393,0.7035151777552169,621445310.5483837,25.742170505858887,32903.60514191461,30679517.66549014,-7.683479202079012e-07,-3.034509875691677e-08,-16.12682048660731,25.753692800690725,164.0595067345104,164.06648649228296,113.34624419188974,68777.39219775054,78267785.40837823,1.1753815381314396,0.38012215737320576,1.3705841466628461,3.3235919026824985,0.3751496456711299,1.1909554067801098,3.286311863770622,0.5681061294240664,5.382138632647843,-13.707692307692307,0.48261538461538456,0.39030769230769224,0.854423076923077,0.4844615384615384,1.1424615384615384,1.2138461538461538
11.71403076923077,0.7275384615384615,14.293846153846154,7.889230769230769,249.11153846153846,0.09553709661092934,-23.96923076923077,15.733846153846153,50.323846153846155,-50.323846153846155,1.8065219215789854e-07,25.161920949986385,43.58173041335799,25.161925308159304,43.58172789716568,-43.58173041335799,0.0,13801610.723487964,24132065.232906196,0.40267156470017473,0.40837365964763533,1.0651125183507193,1.3613108716693763,1.5673690840591288,3.9179956482056726,9945610.612551788,18.86767597025024,5.052061490293486,0.3904243035399878,-0.01287561911318545,17.587379486670084,0.6996428975362111,614205217.916452,22.971804270474447,26670.248475213753,24229050.33749478,-7.245092262034573e-07,-4.392355648619146e-08,-18.29628319844423,22.985431734169058,131.77505163299148,131.78161846822803,94.19190293087016,70228.16785571889,79163136.2581097,1.2391345969526428,0.3782597376861998,1.3450368465765548,3.3166492304272674,0.3729012987991755,1.1631387682839902,3.280413783524,0.5710440746969531,5.362019310951732,-19.923076923076923,0.6829230769230769,0.21769230769230768,0.8440384615384615,0.7601538461538462,1.1166153846153846,0.9381538461538461
9.183261538461538,0.8093846153846154,12.496923076923077,9.55076923076923,238.42692307692312,0.09770906211486181,-21.864615384615384,18.792307692307695,49.12384615384615,-49.12384615384615,1.763444405220886e-07,24.561921000704366,42.54249989953462,24.56192525495424,42.542497443342306,-42.54249989953462,0.0,12168821.904620932,14392708.134584155,0.4077454174114182,0.4126272061030546,1.1188077671910626,1.4285151293978233,1.6276827173598822,3.9377222090435877,9151606.21881762,18.198279274196313,7.767860898162283,0.29462455227440665,-0.014319246751424479,15.006842316972524,0.5450502679517129,647847353.0146003,27.820594307662567,17182.62942950709,14489704.801441038,-7.678158522329207e-07,-5.4302111040474025e-08,-15.22379624842816,27.833112835602474,101.68457248715974,101.68616221044171,74.03882792780622,67216.01929231378,77254697.4499224,1.0822222244967563,0.38222396192526353,1.3989506440842807,3.3316393858946998,0.37764700485976077,1.2222117836105322,3.293229552085915,0.5460718558519329,5.405457407751127,-3.1230769230769226,0.2712307692307692,0.6506153846153846,0.7740384615384616,0.3746153846153846,1.2236923076923076,1.1203076923076922
9.797107692307693,0.942923076923077,14.016923076923078,10.781538461538462,239.97307692307692,0.09737464569300988,-22.369230769230768,7.312307692307693,48.754615384615384,-48.754615384615384,1.7501897848030091e-07,24.37730563169452,42.22273666451205,24.377309853968065,42.22273422678127,-42.22273666451205,0.0,11375187.807433043,17928045.75173543,0.4069809547471788,0.4119761091990041,1.1107240275098915,1.4184398338418287,1.6186897070352892,3.9346580811346175,8929416.71185306,18.766003818297627,5.900316266211309,0.4483138610663872,-0.011567911607929889,14.553752033946287,0.8010650369088214,682653333.9113922,22.600848079334725,20619.60118441203,18025036.855143014,-7.8525848123706e-07,-4.385614323244312e-08,-18.02527874400228,22.612084679637693,112.98626406360341,112.98762026558808,83.0668629874008,67651.90256174818,77543202.16001493,1.1161609103995098,0.3816376186536383,1.3908977683118613,3.3293285077153447,0.3769524832961432,1.2133404964997394,3.2912435875901367,0.5580469554303051,5.398939222516676,-9.215384615384616,0.13184615384615384,0.30538461538461537,0.8136538461538462,0.5404615384615384,1.4476923076923076,1.1744615384615384
13.11403076923077,0.8733846153846154,11.863076923076923,12.492307692307692,239.4653846153846,0.0974839427941711,-16.732307692307693,10.973846153846154,45.12384615384615,-45.12384615384615,1.6198526840272213e-07,22.561921169764314,39.07839818679007,22.561925077604023,39.07839593059775,-39.07839818679007,0.0,12128261.943013618,23237052.783022083,0.4074381043698898,0.4123987104917806,1.1133716312028994,1.4217686966578202,1.6216659909456734,3.9357046575180297,9199930.087007053,15.273042430790069,12.911749373262872,0.45102089851569976,-0.012303953223060124,19.658236309711445,0.557552272901145,834327725.8512714,37.19160458248957,25883.934744993,23334076.70681699,-5.925606576179343e-07,-2.60392433712956e-08,-13.158523896300567,37.20507252947742,108.64789355880401,108.64865050028246,68.88539111147921,67508.77671208314,77448704.17134804,1.1051863855823099,0.38182957645300586,1.3935336916498624,3.330081918889629,0.3771801248601098,1.216241223835405,3.291890403720992,0.5543127078761223,5.401069070685833,-15.246153846153845,0.32476923076923075,0.19553846153846155,0.7651923076923077,0.2712307692307692,1.192923076923077,1.4058461538461537
10.400184615384616,0.7423076923076923,14.244615384615384,12.221538461538461,242.09615384615387,0.09692787336952158,-16.596923076923076,16.056923076923077,56.754615384615384,-56.754615384615384,2.0373732271903382e-07,28.377305293574622,49.15094009000116,28.377310208668494,49.15093725227038,-49.15094009000116,0.0,12846445.124576453,18320482.798555784,0.40588109118330445,0.41103380462396044,1.099858568987862,1.4048017057623163,1.6065554686202506,3.930527534667144,9541509.81519676,21.94568129931764,5.6957982673381,0.7454008585751534,-0.01328493940773912,14.843397956924127,1.0968787103593742,741928948.119015,19.418655378233026,20973.574758260824,18417461.491020992,-8.516769004021529e-07,-5.128751810005828e-08,-11.699516187324438,19.428987969807622,126.32035455091776,126.3265531650759,90.71995168526213,68250.42884216562,77932077.09730493,1.1474192629816227,0.38079473597976093,1.3800403541931563,3.3262159250099095,0.3759591466374984,1.2013412976430171,3.2885571742703528,0.5634041765273193,5.389429295891502,-11.738461538461538,0.5490769230769231,0.202,0.7994230769230769,0.198,1.2150769230769232,1.0058461538461538
8.160184615384615,0.9970769230769232,12.712307692307693,13.120000000000001,247.61153846153846,0.09582249002709159,-22.64,10.693846153846154,50.23153846153846,-50.23153846153846,1.8032082664745162e-07,25.115767107733923,43.50178960460235,25.11577145791276,43.50178709302542,-43.50178960460235,0.0,11294626.23084604,14768796.316504642,0.40337892903976247,0.4089613315805529,1.07238050840712,1.37042000397132,1.575620306688087,3.9205758999300535,8849964.293901037,19.001038662633,6.3556817614354415,0.3438940092204994,-0.013179421393203052,13.573349995704689,0.7003582266330023,654549146.609118,25.142822156541854,17535.9946556992,14865782.476286912,-8.411550741145032e-07,-5.138356316828156e-08,-17.302609418219802,25.15804903244075,108.39161791452914,108.39796663598602,79.68854810054987,69805.29602716307,78907589.18550216,1.2239133928979289,0.37879155580429746,1.352392098748211,3.31861800622897,0.3735477375948299,1.1711246311930312,3.2820812171511013,0.5725430981505,5.36769999414909,-14.384615384615385,0.5213846153846153,0.3986153846153846,0.8398076923076923,1.0638461538461539,1.1412307692307693,1.375076923076923
7.546338461538461,0.8776923076923077,10.564615384615385,7.544615384615385,249.89615384615385,0.09538959845989821,-19.058461538461536,15.324615384615385,52.50846153846154,-52.50846153846154,1.8849450923847558e-07,26.254228549961336,45.47366288724155,26.2542330973275,45.47366026181847,-45.47366288724155,0.0,10256320.207678743,9291613.752490137,0.4024176195980545,0.40818543911891864,1.0613450447127128,1.3566121429748936,1.5631024344135866,3.9167185486121676,8305904.091621917,18.20880691073216,10.794353643857844,0.3106934893043173,-0.023745466154576664,15.33240608271881,0.383118057225282,709598139.9243615,33.70651307677828,12200.715528859679,9388601.88188085,-7.522649245348376e-07,-5.805668228979668e-08,-13.338749402697633,33.72384742474917,89.81261606705169,89.81893482399336,64.28511461878107,70449.36235065578,79295472.95852451,1.2471319354329398,0.3779879018632317,1.341216415271359,3.3156384009548456,0.3725687509613708,1.1590018397321868,3.2795602880204067,0.5702711489652933,5.359149103029594,-13.061538461538461,0.3210769230769231,0.42446153846153845,0.9398076923076923,0.2906153846153846,0.9369230769230769,0.9344615384615385
11.272492307692309,1.0955384615384616,12.349230769230768,6.929230769230769,242.02692307692305,0.09694236851262031,-22.713846153846156,13.55846153846154,48.846923076923076,-48.846923076923076,1.7535034399074783e-07,24.42345947394698,42.30267747326769,24.42346370421461,42.302675030921534,-42.30267747326769,0.0,12199881.649146916,19123473.605969306,0.40603038739266634,0.4111796263410908,1.10021281471383,1.4052620498685164,1.6069674462236045,3.9306874120610047,9164557.907377258,17.961258736580575,7.841434728705105,0.28199293949523196,-0.016185430864605752,18.585967530206606,0.4898242943157534,621621780.97585,29.12688646918361,21794.33108765736,19220466.6589264,-6.646574713893832e-07,-3.926183841459889e-08,-17.61803441406871,29.140644187217386,112.95676504013443,112.95784226264509,77.0329673591791,68230.91168084765,77919496.28315264,1.1463915281791957,0.3808196545750129,1.380392190613719,3.3263141881222333,0.3759891044402496,1.2017288735949834,3.2886414766833183,0.5632291783689094,5.389699862376939,-16.16923076923077,0.5712307692307692,0.6616923076923076,0.9198076923076923,0.26692307692307693,0.8876923076923077,1.4895384615384615
8.343261538461539,0.7767692307692308,11.524615384615384,9.747692307692308,242.0730769230769,0.09693270331216482,-16.055384615384614,7.506153846153846,51.55461538461539,-51.55461538461539,1.8507039896385744e-07,25.777305513352555,44.647607863433244,25.77730997811322,44.64760528570247,-44.647607863433244,0.0,9364746.619459504,10035618.757501926,0.40604471712611295,0.41119826695422523,1.0999787739538034,1.404976362434959,1.6067131424617855,3.9306189333716306,7980340.448261218,18.632112830837322,8.440961570383333,0.36491549616877134,-0.016991043857250036,14.1790858920917,0.5374369813668671,680360683.6392747,27.32850467121132,12933.794804337425,10132613.956896747,-7.331998050894892e-07,-4.622078764815077e-08,-12.47218173728377,27.33952680870958,88.22296642298119,88.22901560049436,60.59415774427759,68243.9231217263,77927884.47985722,1.1470766201354508,0.38080304525996356,1.3801576016848327,3.3262486689710955,0.3759691363471642,1.2014704723277359,3.288585269669122,0.5633458437943802,5.389519535713317,-16.415384615384617,0.41984615384615376,0.40138461538461545,0.8498076923076923,0.8269230769230768,1.1966153846153846,0.8544615384615384
7.255569230769231,0.9626153846153847,12.681538461538462,8.664615384615384,246.71153846153845,0.09599895603332861,-16.86769230769231,14.376923076923077,53.49307692307693,-53.49307692307693,1.9202907468324272e-07,26.746536200654273,46.326364847301754,26.74654083329063,46.326362172647904,-46.326364847301754,0.0,10493299.744852155,9802831.583799746,0.40379866316821056,0.4093098335156882,1.0767782429274464,1.3759352118151167,1.58059988178284,3.922152688694465,8495170.378566097,19.605179918523696,6.6787587866768785,0.5686094214246706,-0.015908543138938722,12.866456297685293,0.8654366077653932,712398985.1003479,22.508335222090263,12697.505709398458,9899820.675553195,-8.657899369361586e-07,-6.423571762912444e-08,-11.549427457038632,22.522450296539752,92.83863164356131,92.84537826287784,69.93302279820725,69551.57293002961,78750375.26766053,1.2148349451816725,0.3791154518677323,1.3568348471029006,3.319819647329572,0.37393966450365584,1.1759637906538014,3.2831022318409295,0.5735032790552319,5.371187020373673,-5.615384615384615,0.6718461538461539,0.46415384615384614,0.9798076923076924,0.9324615384615383,1.119076923076923,0.868
10.227876923076924,0.9576923076923077,13.832307692307692,9.316923076923077,235.26538461538462,0.09840341658800898,-21.064615384615387,20.946153846153848,57.73923076923077,-57.73923076923077,2.0727188816380095e-07,28.869612944267562,50.00364205006136,28.869617944631628,50.00363916309981,-50.00364205006136,0.0,14267498.173429608,20908754.53338366,0.40915087582193305,0.4138015206627885,1.1356035147085841,1.4494487783936587,1.6462268143986758,3.9441507075763416,10076681.201518707,23.417459905754377,7.301616854831666,0.6648853938791924,-0.01664661408074231,16.74929508301096,1.046323604618904,712723972.7488959,20.590755251873166,23459.28665873449,21005722.19995208,-8.160446498492576e-07,-5.4921249316183346e-08,-14.700329945135612,20.59956381625842,140.81204720914045,140.81854902457192,102.81840313726899,66324.73559212692,76652209.95415391,1.0139002960062735,0.38342223290843486,1.4156014599652507,3.3364950790299157,0.37906329508034303,1.2406907075037126,3.2974301203521126,0.5210653229745608,5.418821424562566,-13.76923076923077,0.6912307692307692,0.166,0.8575,0.1656923076923077,0.756,0.7621538461538461
10.06633846153846,0.8727692307692307,12.976923076923077,13.735384615384616,249.6192307692308,0.09544132295379623,-22.38153846153846,16.78923076923077,47.06230769230769,-47.06230769230769,1.689439441221074e-07,23.531151857066032,40.757155170658585,23.531155932781438,40.757152817543194,-40.757155170658585,0.0,12695785.845168747,17496518.419887602,0.4025054739563423,0.40824994484404104,1.062672605992404,1.3582662373439258,1.5646054846121353,3.9171635192872696,9436996.750128537,16.913610360532203,6.986788733259658,0.2726921850227945,-0.010720287532877978,14.512493003923328,0.5454053605585124,613345884.0794806,27.95439842507245,20244.54852417318,17593521.667213567,-7.661947501235765e-07,-4.830857469999589e-08,-16.088486062864025,27.971120860764998,105.92845441981974,105.92974327310581,74.98317893507331,70371.29370538393,79248993.67165463,1.2443056385005615,0.37808385148114687,1.342563182112742,3.3159941754182833,0.37268616171378266,1.1604590326488469,3.279860488783322,0.5705429446867352,5.360161786364811,-18.907692307692308,0.17153846153846153,0.34784615384615386,0.7763461538461538,0.34015384615384614,0.9701538461538461,0.703076923076923
11.897107692307692,0.7484615384615384,11.795384615384616,8.406153846153845,235.58846153846153,0.09833157554907308,-19.107692307692307,18.878461538461536,45.37,-45.37,1.628689097639139e-07,22.68499808243755,39.291573676805115,22.685002011594808,39.29157140830511,-39.291573676805115,0.0,12650482.446994048,19737135.097593144,0.40923427379284033,0.41391145991349887,1.1338755501167308,1.4473250572526506,1.6443573707396537,3.9435388008097982,9360824.711102841,15.100925159225296,14.20891146532794,0.39780978354586577,-0.015561602727520326,19.660200241518694,0.4639289048003105,837337945.3639935,38.89229851347722,22455.166856413263,19834155.84714841,-6.140221556882272e-07,-3.444877830181262e-08,-13.824366322880348,38.90266388336181,101.7942234870849,101.79514713746941,67.34186157775534,66415.8156782774,76714674.19398244,1.0207707700736246,0.3832999790991228,1.4138889870071922,3.33599088057623,0.37891894578430746,1.2387813043838274,3.296992116564594,0.5235918463065028,5.4174560304997215,-12.938461538461539,0.4798461538461538,0.24261538461538462,0.7971153846153847,0.4241538461538461,1.3332307692307692,1.444
11.617107692307693,1.018,11.18,7.495384615384616,244.88846153846154,0.09635837833862163,-21.113846153846154,7.226153846153846,53.61615384615385,-53.61615384615385,1.9247089536383863e-07,26.80807465699089,46.432952592309285,26.80807930028602,46.43294991150158,-46.432952592309285,0.0,11778884.27719141,21631436.98413845,0.4046573951955058,0.4100260789808405,1.0858039551523782,1.3872232473720048,1.5907874200703096,3.9253983929415552,8970314.103304042,19.956688549364024,8.208725485398398,0.38216188018965036,-0.022882430545408394,21.90924840128688,0.47868021329351246,631002948.6765602,31.341862619853096,24198.949973768627,21728412.267788097,-7.012618847671475e-07,-3.190075222025427e-08,-17.50894683349886,31.357773589937867,130.11593860003222,130.12220312939908,88.03222590526701,69037.62101532334,78431397.88159867,1.189341272827672,0.37977780587014814,1.3659330153876512,3.322304353511307,0.3747377105220564,1.1858770114144697,3.285214455155416,0.5704210892627665,5.378362429603482,-8.661538461538463,0.21215384615384614,0.48723076923076925,0.8913461538461538,1.2684615384615383,1.0206153846153847,1.2101538461538461
10.7448,0.8598461538461538,11.82,12.726153846153846,248.32692307692307,0.09568507890349644,-19.686153846153847,8.604615384615386,58.60076923076923,-58.60076923076923,2.1036463292797217e-07,29.300382138623878,50.74975626511403,29.300387213599365,50.74975333507556,-50.74975626511403,0.0,11705623.17549155,18983541.059867986,0.40301889433439947,0.40865804529057814,1.06890795115759,1.3660606738312409,1.5716799136927324,3.91933648865014,8949379.224931903,23.051608853475653,5.312092529060293,0.371545045613277,-0.019924732170819918,17.339861674603693,0.5669054068974727,546772711.2773919,24.381609585525876,21586.800123822697,19080503.401434794,-8.473935845591781e-07,-4.059825387877663e-08,-15.803941384013823,24.396053628839834,137.46533360788322,137.47176683242068,95.75800571047925,70006.97336078201,79029891.47265044,1.2311471672831427,0.37854372529234526,1.3488833687688668,3.3176806404878763,0.37324506147713693,1.1673068587622768,3.2812865090370877,0.5718217733643596,5.365076426355691,-12.046153846153846,0.23246153846153847,0.14846153846153845,0.8205769230769231,0.7364615384615384,1.0083076923076923,0.852
8.214030769230769,1.0192307692307694,11.641538461538461,8.48,238.0576923076923,0.09779005008643256,-19.45230769230769,16.939999999999998,45.06230769230769,-45.06230769230769,1.617643580624242e-07,22.531151941596008,39.0251043142863,22.53115584410633,39.02510206117091,-39.0251043142863,0.0,10593906.474197546,9914391.945163786,0.4080597630385845,0.4129167333641586,1.1207540916660357,1.4309617718863745,1.6298621333423753,3.9385040786764973,8469276.73497169,15.141167103412968,14.471141861213567,0.27806128521325413,-0.016601001005905704,13.900183099942115,0.4115988596200353,831053941.3199837,37.23368238291662,12874.531528743328,10011412.216820426,-7.211859838643869e-07,-5.492836425179144e-08,-13.168861764675826,37.23590944979406,78.38763397667672,78.38982053974367,56.61999274611861,67111.92776528462,77185200.90327747,1.074119090031314,0.3823640966079616,1.4008829285662097,3.33219756235123,0.3778128105145388,1.2243464003142792,3.2937104434060016,0.5431488206411059,5.4070178741475345,-3.0307692307692307,0.6681538461538461,0.4835384615384616,0.7609615384615385,0.14200000000000002,1.3,1.1473846153846154
10.33556923076923,0.8856923076923077,12.041538461538462,10.018461538461539,246.7807692307692,0.09598523941927758,-18.52923076923077,10.758461538461539,51.73923076923077,-51.73923076923077,1.8573312998475127e-07,25.869613197857483,44.807489480944525,25.869617678606303,44.80748689398298,-44.807489480944525,0.0,11340051.696848331,16565815.097255275,0.4038406092252882,0.409358419866128,1.076441278199431,1.3755214259202473,1.5802278191694923,3.9220452761953,8828479.023233693,18.98332508562896,7.148080182428782,0.33914514379113486,-0.01611016428882679,17.080791411150855,0.5612055286809925,631469162.7868462,27.007168932462967,19298.329942029697,16662805.223597975,-6.887003260339678e-07,-3.814783530038498e-08,-14.431391428950642,27.02261046076205,111.10529618493364,111.11119886865546,74.66268690171441,69571.09009134756,78762482.91782103,1.2155230722193398,0.37909156470895683,1.356493584995687,3.319727821658236,0.373910499924526,1.1755908020094814,3.283024087157954,0.5733931870255116,5.370934379838725,-13.492307692307692,0.4604615384615385,0.10600000000000001,0.894423076923077,1.2146153846153847,0.8076923076923077,1.3492307692307692
10.72326153846154,0.7355384615384615,14.472307692307693,7.766153846153847,235.28846153846158,0.09839826123605534,-22.443076923076923,9.250769230769231,45.03153846153846,-45.03153846153846,1.6165390289227522e-07,22.515767327511853,38.99845737803442,22.515771227357483,38.99845512645749,-38.99845737803442,0.0,11824932.997443903,19692495.642974712,0.40927853647854423,0.4139327615891723,1.1354823843448703,1.4493171564222511,1.6461126962198736,3.944138246477969,9145460.547077205,17.096214604820933,6.724103100224298,0.4027839455542219,-0.009992570944672905,15.626697203466923,0.7526076089723506,718054427.3536652,23.869486058838977,22378.860222145377,19789504.007175468,-6.723398563372552e-07,-3.9733125244216234e-08,-17.917167168075203,23.87919869882396,106.25767116211033,106.25878980127935,75.22177282435456,66331.24131256624,76656679.52783145,1.0143901762956706,0.383413505824925,1.4154790534542805,3.336459005364925,0.3790529900647692,1.240554129002286,3.2973987635395625,0.5212456582313096,5.418723959031965,-3.953846153846154,0.43092307692307696,0.2786153846153846,0.7532692307692308,0.59,1.1547692307692308,1.1486153846153846
10.895569230769231,1.0438461538461539,13.986153846153847,10.695384615384615,240.6653846153846,0.0972290575011849,-22.036923076923078,16.25076923076923,48.90846153846154,-48.90846153846154,1.7557125433104578e-07,24.454228702115287,42.35597134577146,24.454232937712305,42.35596890034837,-42.35597134577146,0.0,13458502.66007306,21236343.4961403,0.4066108443272323,0.41165603130429196,1.1071683830117034,1.4139698010150918,1.6147289472827606,3.933265384064032,9790497.404748539,18.354812367350124,6.017079402388777,0.3965080609439643,-0.011314744615260504,16.171481573524943,0.6977242018613373,659655244.4518327,23.793936062821558,23860.931153581576,21333339.340054862,-7.087325573481305e-07,-4.462608579385662e-08,-16.3237111437748,23.805620688694756,118.45296173978086,118.45395061041185,82.73746321630402,67847.07417492777,77670660.35308172,1.1262946060391947,0.3813219619729706,1.3873471292271338,3.328274620410652,0.37658951529396667,1.2094006067512946,3.2903266997986673,0.5598026557948637,5.395210247830739,-5.4,0.14846153846153845,0.20476923076923076,0.8140384615384615,0.7967692307692307,0.7006153846153845,0.815076923076923
9.678646153846154,1.0383076923076924,10.89076923076923,9.821538461538461,236.4423076923077,0.09814532878225858,-21.396923076923077,18.447692307692307,55.12384615384615,-55.12384615384615,1.9788319870113825e-07,27.561920747114446,47.73865246865145,27.56192552097956,47.73864971245914,-47.73865246865145,0.0,12085810.291399062,14761517.848191861,0.40866320320244925,0.413399948120254,1.1293099982310815,1.4416057068279267,1.6393024867315262,3.9417353104865716,9020543.680115638,21.09843148726859,8.535885999018022,0.3043750629977655,-0.022399693770966733,17.445424982316943,0.4434244533179654,639441396.1288416,30.50338616693291,17481.861636659167,14858492.449359577,-7.97383337090773e-07,-5.0716905873364194e-08,-15.249973445260531,30.516389347273787,115.39175619132335,115.39778777973946,81.50576793374069,66656.52733453222,76878764.67930827,1.0390497656614084,0.3829766746472254,1.4093752361769731,3.3346672377989415,0.3785370442979967,1.2337582804636194,3.295844277688898,0.5302857202683059,5.4138473890256105,-9.36923076923077,0.429076923076923,0.61,0.8701923076923077,0.5469230769230768,1.3713846153846154,0.7904615384615384
10.529415384615385,0.7398461538461538,10.927692307692308,13.464615384615385,236.4653846153846,0.09814037543783817,-22.135384615384616,9.487692307692308,61.12384615384615,-61.12384615384615,2.1942195688018792e-07,30.561920493524525,52.934805037768285,30.56192578700488,52.93480198157597,-52.934805037768285,0.0,12052474.911042146,19623696.867882572,0.40859162554452605,0.41332910652948945,1.1291857011881616,1.4414413539689162,1.6391562089987228,3.941668752888967,9031679.249489862,25.69775955605071,5.805384722146197,0.3193564748077759,-0.024126031259202478,18.167503220578396,0.46824097595113334,530234979.35249275,26.314841500928004,22161.219662170664,19720646.825368986,-8.865253761490013e-07,-4.203025649286562e-08,-17.76500400196261,26.326047109368435,148.987727132711,148.99431738920012,104.08768035708391,66663.03305497156,76883180.84445295,1.0395462026530857,0.38296793260782774,1.4092534971239628,3.334631644115797,0.37852671281036687,1.2336229435958044,3.295813440499602,0.5304669185064541,5.413749852854389,-9.76923076923077,0.6616923076923076,0.3183076923076923,0.9878846153846154,0.7515384615384615,1.0513846153846154,1.3443076923076922
8.547876923076924,1.038923076923077,14.46,10.19076923076923,237.20384615384614,0.09797930033837504,-19.77230769230769,19.804615384615385,48.293076923076924,-48.293076923076924,1.7336215092806634e-07,24.146536420432206,41.823032620733834,24.14654060273535,41.82303020607998,-41.823032620733834,0.0,12693625.562363997,14742034.10333899,0.40829925542801027,0.41309130133074473,1.1252632100716087,1.4365578810638941,1.634830649026938,3.9401783450453416,9482261.911449837,17.947371450800418,6.52107013071163,0.5576162427451405,-0.010033692720065324,13.022148251913954,0.9600929107632831,739120791.9399394,22.27906635654498,17545.895061501746,14839040.101332359,-7.987865307063591e-07,-6.14911464615687e-08,-12.934929297652735,22.289761026346962,100.25490894048579,100.25660336916486,75.51824692828652,66871.21610902977,77023408.2889667,1.055505591762751,0.3826880416311204,1.4053639462319334,3.333497369318871,0.37819590439555717,1.2293064244884868,3.2948322462022324,0.5363259577738559,5.410627756714801,-13.553846153846154,0.3349230769230769,0.6173846153846153,0.9209615384615384,1.2533846153846155,0.8409230769230769,0.9098461538461539
8.558646153846153,0.8530769230769231,11.34,8.529230769230768,239.95000000000002,0.0973796295029539,-18.713846153846156,15.216923076923077,58.01615384615384,-58.01615384615384,2.0826598469514166e-07,29.008074471024944,50.243464476328285,29.008079495371252,50.243461575520584,-50.243464476328285,0.0,11337647.383268297,13019538.084703144,0.4069846251059649,0.4119779991146952,1.1108427882733365,1.4185887200999336,1.6188217724447869,3.9347047331955456,8763047.424722018,22.7164238632581,6.58619507276654,0.3771574365152678,-0.023668275758344445,16.51957958339576,0.5784764991707857,619748892.3954973,25.150031484237918,15773.99909765353,13116507.414767511,-8.001021435287244e-07,-5.244866717512945e-08,-13.564281657528833,25.162779154683925,114.21976445711671,114.22596355285931,81.55417432602823,67645.39684130889,77538927.33636114,1.1158241247188856,0.3816459297596258,1.3910161812072876,3.329362053107889,0.3769624539612469,1.213471850312345,3.291272548345343,0.5579886254425663,5.39902977122543,-14.353846153846154,0.34138461538461534,0.31,0.874423076923077,1.2016923076923078,1.0907692307692307,0.8384615384615384
7.266338461538462,0.8955384615384615,11.321538461538461,10.670769230769231,245.97307692307692,0.09614313652860645,-18.652307692307694,10.478461538461538,56.293076923076924,-56.293076923076924,2.0208049516679923e-07,28.14653608231231,48.75123604622294,28.14654095743578,48.75123323156909,-48.75123604622294,0.0,10059771.922637714,10091810.80487477,0.4041388526688733,0.4095920629839957,1.0804163721033089,1.3804891968416173,1.584712120092902,3.9234614828673795,8257083.580147539,21.528682819452055,6.855888866367678,0.3875912138517824,-0.020772393684477794,13.754815146865923,0.6178212309496299,644942747.0126531,25.11402152121346,12936.483911163838,10188783.845142249,-8.596522367187728e-07,-5.748686151578708e-08,-13.904456631603894,25.129128909843566,101.81681215138259,101.82339148191323,74.33560240102263,69343.38987597138,78621803.25345607,1.2058919011818188,0.37938732306037704,1.3605074905552699,3.3208220875335166,0.3742666279956114,1.1799633700089163,3.283954455806057,0.5732443674543026,5.374144381321388,-2.4461538461538446,0.24261538461538462,0.6404615384615384,0.8805769230769231,0.6309230769230769,1.3246153846153845,1.4833846153846153
8.870953846153846,1.096769230769231,11.161538461538461,6.5600000000000005,235.6346153846154,0.09832137591705631,-17.90153846153846,17.04769230769231,48.723846153846154,-48.723846153846154,1.7490852331015195e-07,24.361921017610364,42.19608972826017,24.361925237219218,42.19608729206785,-42.19608972826017,0.0,10703946.822827097,10961970.626677293,0.409196630816136,0.4138772070735498,1.1336277727241455,1.447016021402843,1.6440849852385127,3.943448333742146,8486884.691075044,16.63897605870137,12.775964851599095,0.3237300995819584,-0.0194467535174977,16.160283608103025,0.4269236826103059,784731883.4635228,34.896498743609364,13859.266617409272,11058978.018557003,-6.886460644697874e-07,-5.015259358184966e-08,-12.371861644192064,34.90230338090672,85.66351937425868,85.66537039877714,59.24297629577445,66428.82711915605,76723576.08050187,1.0217544205509255,0.3832825063958256,1.4136445484201465,3.3359189990545084,0.3788983130613634,1.2385089168663828,3.2969297052951028,0.5239541250866654,5.417260913121607,-4.661538461538461,0.11800000000000001,0.12261538461538463,0.9163461538461539,0.3961538461538462,1.3787692307692307,1.4390769230769231
11.7248,0.7392307692307692,13.34,13.009230769230768,245.90384615384616,0.09615678755476534,-18.14769230769231,9.164615384615384,59.30846153846154,-59.30846153846154,2.1290510184139857e-07,29.65422826255943,51.362635798907306,29.654233398822864,51.36263283348422,-51.362635798907306,0.0,12441857.824470801,22445734.079789847,0.40410730140443835,0.40955383079268526,1.0807577792127114,1.3809044296897424,1.5850865554435825,3.923558947449823,9328615.421274863,23.66836781456018,7.27628095208609,0.6420725720644115,-0.016555036493273237,17.11389622456361,0.9993086781812391,693303864.0298283,20.92843564466647,24964.631711978644,22542697.778579827,-8.675606986422841e-07,-3.993587280207399e-08,-14.493151971950903,20.939751710896573,148.4275486463493,148.43414968316586,105.06497476233646,69323.87271465342,78609695.71815115,1.2048318074050852,0.37941223156643034,1.360852905413313,3.3209161384870396,0.37429669846564606,1.180339311440044,3.2840343027161,0.5730692779217749,5.374413158267367,-11.430769230769231,0.19738461538461538,0.26938461538461533,0.8836538461538461,0.8096923076923076,1.247076923076923,1.3824615384615384
8.386338461538461,0.9004615384615384,10.767692307692307,11.175384615384615,243.31923076923076,0.09667488840974887,-23.92,18.21076923076923,52.0776923076923,-52.0776923076923,1.8694813685638994e-07,26.038843952783175,45.10060577971522,26.038848462843628,45.10060317583059,-45.10060577971522,0.0,11771724.028869165,12903071.012025047,0.40538919036075227,0.410637111705417,1.093674399206793,1.3970678421006342,1.5996394701714123,3.928278103150448,8917280.09224047,19.20653313435297,10.150042334648402,0.2620073493759007,-0.020513230777538135,15.492390291480186,0.3833773989313754,679072315.9640515,33.98828399637315,15692.651462108404,13000050.703892559,-8.086347273041155e-07,-5.5438142397892816e-08,-16.888643320636785,34.004184096889475,104.74272901699221,104.74884782693805,74.92426706446578,68595.23202544959,78152482.89030884,1.1656667098689213,0.38035467863884304,1.3738435919999026,3.3244927451687514,0.3754296749626441,1.1945283116623957,3.2870813697038503,0.5664730270780621,5.384656850685103,-11.246153846153845,0.5749230769230769,0.6958461538461538,0.9313461538461538,1.2943076923076924,1.0316923076923077,1.4686153846153847
11.660184615384615,1.0038461538461538,12.607692307692307,8.775384615384615,247.5423076923077,0.09583471185810398,-19.96923076923077,18.74923076923077,53.83153846153846,-53.83153846153846,1.932440815548814e-07,26.91576695557997,46.619481146072445,26.91577161752795,46.619478454495514,-46.619481146072445,0.0,13436167.7523226,21313867.160390086,0.40342512374545536,0.40900258217756447,1.0727246102281238,1.3708478231290118,1.5760140035664352,3.9207042819275135,9690629.78692731,19.96788098399578,5.952041101867345,0.3634607908235215,-0.016882623950029704,18.94524166445999,0.5990794286245664,594936340.3319037,25.470544369591007,23912.17069351233,21410849.8319785,-7.055211154496215e-07,-4.218154684432342e-08,-14.497494471709246,25.485418358875933,128.90872345751896,128.91491885123992,87.68090079358554,69785.77886584513,78895721.36707482,1.2231915161574964,0.3788277558861267,1.352744244953189,3.3187210116993726,0.3735885912427614,1.1715008436957222,3.2821686407764843,0.5726080758981525,5.368137929653631,-7.338461538461537,0.526,0.657076923076923,0.9517307692307693,0.36169230769230765,0.7769230769230768,1.0575384615384615
12.737107692307692,0.7269230769230769,12.829230769230769,12.775384615384615,240.57307692307694,0.09724881635558015,-17.396923076923077,12.76153846153846,54.97,-54.97,1.973309228503934e-07,27.484997676693677,47.60541778739205,27.485002437235323,47.60541503889204,-47.60541778739205,0.0,12678990.560872206,22539871.896377034,0.4066267527211048,0.41166449926601517,1.1076411043029655,1.414559037764793,1.615252063479446,3.933434782849593,9389558.157375146,21.026253358172188,5.7495640573960065,0.43096552213919737,-0.014546436615977416,17.93071314342332,0.6391633050936754,627587338.0075126,23.918163328712264,25095.422056494946,22636853.509221632,-7.809093625535471e-07,-3.693198861764592e-08,-13.33722380521932,23.929734637565602,133.12461518348428,133.1308069306394,89.75189316954761,67821.05129317049,77653650.5954901,1.1249402281762435,0.38135516974776174,1.3878193803286545,3.3284077825276257,0.37662938595014234,1.2099233337541102,3.2904414316858657,0.5595693325812389,5.395571556317459,-5.092307692307694,0.5472307692307692,0.6755384615384615,0.8786538461538461,0.4090769230769231,0.9689230769230769,0.756
12.403261538461539,1.0413846153846156,12.847692307692308,12.57846153846154,246.7346153846154,0.09599442496504731,-19.64923076923077,19.675384615384615,59.370000000000005,-59.370000000000005,2.131260121816965e-07,29.684997490727735,51.415929671411064,29.68500263232056,51.41592670291106,-51.415929671411064,0.0,14471661.465358533,24523102.270530544,0.40371197460493147,0.40922346940657117,1.0766637818568217,1.375778311978576,1.5804577810588096,3.9220829903118353,10106422.66892656,23.321650295755006,4.795587882993867,0.4279064774599141,-0.017635015736612497,18.563883069676116,0.6831049224365597,576571866.7051193,23.14377691413919,26995.846449335844,24620067.230971627,-8.451637542140847e-07,-4.5444625070872256e-08,-14.075527658315691,23.156101639001488,153.69320122142878,153.69986689124843,107.976604588586,69558.07865046895,78754380.26382424,1.2150668096485062,0.3791074647801619,1.3567210421581142,3.319789004678169,0.3739299213926988,1.1758394543587363,3.2830761616077933,0.5734795798647546,5.37110230850361,-16.107692307692307,0.5333846153846153,0.3404615384615385,0.9278846153846154,1.3309230769230769,1.028,0.8556923076923076
11.638646153846153,1.082,10.958461538461538,10.44923076923077,249.9192307692308,0.09538527773999368,-18.406153846153845,20.98923076923077,50.17,-50.17,1.8009991630715367e-07,25.084997879565613,43.448495732098586,25.085002224415067,43.448493223598575,-43.448495732098586,0.0,13144060.066588713,20117843.702748913,0.4024253171106196,0.4081950627703866,1.0612349984868443,1.356474547300214,1.5629769518026966,3.916674272912187,9538485.314215133,16.39628826377329,12.348772794310275,0.4521267328730097,-0.018134953862363124,20.371351294993126,0.49314011116731155,781537255.3161101,39.0445369309268,22798.982676081734,20214845.65979739,-6.566792447276406e-07,-3.617059338277182e-08,-12.876781095990852,39.06524663797944,113.85083487263435,113.85672576240366,74.47923530114981,70455.86807109509,79299357.23900288,1.2473676370445326,0.3779799096923005,1.3411042613319895,3.3156088039809934,0.3725589696278272,1.1588805767306203,3.27953532966645,0.5702485572652846,5.359064793106192,-7.246153846153847,0.21492307692307694,0.42538461538461547,0.8725,0.6998461538461538,1.4107692307692308,0.7843076923076923
7.977107692307692,0.7576923076923077,13.961538461538462,13.80923076923077,243.15769230769232,0.09670803352445292,-21.593846153846155,7.2907692307692304,50.723846153846154,-50.723846153846154,1.8208810936983516e-07,25.361920933080388,43.928140584632445,25.361925325894326,43.92813804844013,-43.928140584632445,0.0,10991295.343797125,15946046.362609085,0.4054153251588347,0.41064994638609126,1.0944872650598148,1.3980780019538617,1.6005439518188844,3.9285598888502897,8807543.255121086,19.418273274852705,6.9694323635601165,0.6721137936939354,-0.011299588559235888,12.812542869220556,1.1160329163777363,752527822.0094117,21.28386785497543,18675.127849738834,16043031.404223181,-8.590051928076002e-07,-4.8954763904446824e-08,-17.14787723449346,21.295543934386416,111.304595048386,111.31098244264031,82.44314925045143,68549.69198237435,78123519.41383925,1.1632458625127988,0.3804128086511766,1.374660042656938,3.324718990974048,0.37549965181199224,1.1954243853575615,3.287274838918775,0.566064758657381,5.385286788965911,-16.50769230769231,0.6893846153846154,0.1890769230769231,0.8325,0.5232307692307692,1.4427692307692308,1.2839999999999998
10.19556923076923,0.9201538461538462,11.721538461538461,10.904615384615385,242.32692307692307,0.09687980014778506,-23.61230769230769,13.644615384615385,57.216153846153844,-57.216153846153844,2.053941502712684e-07,28.608074504836935,49.55064413377938,28.608079459901212,49.550641272971674,-49.55064413377938,0.0,12502163.08195247,18490264.13966073,0.4057758386482917,0.4109462375179365,1.098687679475243,1.4033347774048996,1.6052456848822068,3.9300958186422763,9244169.332895927,22.839030855324566,5.653981837972771,0.29963027749851495,-0.02155085735013385,17.59583038171056,0.49468711577131,532259241.03769773,25.782444791973276,21092.00862975902,18587224.6037871,-8.539560526684314e-07,-4.756282864894956e-08,-18.178103873260955,25.79541742412833,134.81029012627798,134.81681142465274,96.90090121139389,68315.48604655881,77973841.54441461,1.15084522710023,0.3807117463830328,1.3788685361470143,3.3258890243420476,0.3758593352581438,1.2000508351253412,3.2882768008522825,0.5639650754371887,5.388528809793681,-18.353846153846153,0.2823076923076923,0.5564615384615385,0.7798076923076923,1.432153846153846,0.852,0.7646153846153846
7.470953846153846,0.9121538461538461,12.324615384615385,8.307692307692307,243.68846153846152,0.0965995040671,-16.03076923076923,9.186153846153847,60.53923076923077,-60.53923076923077,2.1732330864735745e-07,30.269612825925595,52.42851324898255,30.269618068776776,52.428510222021,-52.42851324898255,0.0,10001016.781518321,10399840.04951294,0.40515990102681754,0.4104353220377879,1.0918153121619345,1.3947325340747685,1.597544947605379,3.92758293301043,8264476.813487367,23.964067174882196,6.25581708002392,0.756651710613591,-0.0223137295173597,13.896492871492196,1.0603632696105318,748500225.0579375,19.982122091630323,13211.237234558761,10496804.492526514,-9.032353201694557e-07,-5.882111973052287e-08,-12.134007666318851,19.99399662590544,108.57697461987223,108.5837627001279,80.89267953085267,68699.32355247872,78218459.02070302,1.1712118068338273,0.3802218122541427,1.3719798232063893,3.323977174665359,0.375269684466238,1.1924844277807978,3.2866408012969273,0.567406222648754,5.383217604214323,-0.5384615384615401,0.2056923076923077,0.6663076923076923,0.8067307692307693,0.9001538461538461,0.8347692307692307,1.0993846153846154
8.2248,0.8973846153846154,12.010769230769231,9.944615384615386,241.33461538461538,0.09708685714434674,-17.56923076923077,19.783076923076923,47.64692307692308,-47.64692307692308,1.7104259235493791e-07,23.823459524664965,41.26344695944433,23.823463651009547,41.26344457709817,-41.26344695944433,0.0,11159046.832840215,10238701.895599715,0.40639809426644263,0.4114959260923497,1.103746841053407,1.4096954366917787,1.6109284854392052,3.932026381360143,8728472.095008528,16.476546469607815,10.160569802843685,0.3228776328446375,-0.013675536773859935,13.464890469310161,0.5099589733371176,739643455.6102479,30.85085282954754,13181.164276817426,10335716.407480111,-7.575652339085982e-07,-5.9382277293005095e-08,-10.95177881954394,30.86231952124745,82.98735315145778,82.98958919878984,59.81273181176556,68035.74006766806,77793354.83003098,1.136144748244224,0.38108114843428387,1.3839292315635134,3.3273132872650595,0.3763002905985483,1.2056223204945715,3.2894993812336364,0.5614906631372035,5.392591543935284,-9.246153846153845,0.5841538461538461,0.3764615384615385,0.8490384615384615,0.18507692307692308,1.2975384615384615,1.3086153846153845
8.321723076923076,0.8247692307692308,12.484615384615385,6.436923076923077,240.06538461538463,0.09735740509372562,-23.37846153846154,9.143076923076922,47.77,-47.77,1.7148441303553382e-07,23.884997981001582,41.370034704451854,23.885002118004937,41.370032315951846,-41.370034704451854,0.0,10550921.78125257,13311175.485101763,0.40693490404212107,0.41193545103363705,1.110251773822793,1.4178457275823861,1.6181699780799328,3.934434795721648,8507961.357757352,18.035731629820003,7.942344286266547,0.28821245543576574,-0.015795895959413612,15.099118775908998,0.598478540392707,672246392.9378375,27.60016349583059,16122.551377270975,13408169.162014928,-7.334997506975648e-07,-4.753530808584098e-08,-18.462073853242625,27.612555986163077,97.54591078032882,97.54783095892498,71.80490146759028,67677.92544350545,77560293.64972845,1.11750868697779,0.3815378445614498,1.3904204255714467,3.3291427139171876,0.37684863063217355,1.2128049948253852,3.291075168520617,0.5582836696617822,5.397560296005285,-5.276923076923076,0.10507692307692308,0.2878461538461538,0.7901923076923076,0.7192307692307691,1.1252307692307693,0.7756923076923077
9.0648,0.9410769230769231,12.133846153846154,6.843076923076923,239.3269230769231,0.09751372368083502,-19.981538461538463,17.995384615384616,45.277692307692305,-45.277692307692305,1.62537544253467e-07,22.638844240185087,39.21163286804947,22.638848161348264,39.21163060416485,-39.21163286804947,0.0,11278645.4458754,12360591.47269408,0.4074480942046894,0.41239805317384265,1.114093992360533,1.4226620453345162,1.6224639936278817,3.935972662869834,8782116.995218445,15.517237307914415,11.784039375721141,0.2862924854161896,-0.014903067787055054,15.337092812033667,0.4270973672626552,769655798.8927964,33.80639424106519,15258.13885833096,12457609.874175927,-6.604045541122622e-07,-4.968017349478356e-08,-13.871380860082416,33.81392452109702,84.27105282026393,84.27280552190383,58.808349534202044,67469.74238944724,77422967.92717598,1.1021096380627509,0.38188218298943144,1.3942544615580061,3.330288532695073,0.3772424227662174,1.2170345057521181,3.292067830819165,0.5532122784535085,5.401654137701287,-1.1230769230769226,0.4964615384615385,0.5804615384615385,0.859423076923077,1.402,1.2643076923076921,0.8704615384615384
12.597107692307691,1.0906153846153848,12.718461538461538,10.830769230769231,248.0730769230769,0.09573372279715825,-18.775384615384617,19.33076923076923,51.61615384615385,-51.61615384615385,1.852913093041554e-07,25.808074741520866,44.700901735937,25.808079211610913,44.70089915512931,-44.700901735937,0.0,13809241.779809657,23224453.33536242,0.403215119871507,0.40883523712650294,1.0701399311046396,1.3676160997603903,1.5730871536939197,3.9197903880335088,9866905.41925641,18.55102706527033,6.522132355969477,0.37880572285722164,-0.013878634469797254,18.998744291973107,0.5536078746050968,597909112.7985435,26.75689980523058,25807.246575749723,23321447.625509538,-6.620383746108491e-07,-3.7913938634495054e-08,-13.444450356715418,26.772474542821218,125.91941792207267,125.92548871123857,81.97576119843096,69935.41043594948,78986546.36312546,1.2285771908170426,0.37863166514111246,1.3501270350302832,3.3180124037884253,0.3733524901283434,1.1686590796916414,3.281567605779677,0.5720768765391082,5.366007000337621,-2.323076923076922,0.10138461538461539,0.5463076923076923,0.9932692307692308,1.358923076923077,0.9233846153846154,1.3049230769230769
10.217107692307692,0.9890769230769231,11.58,13.636923076923077,241.35769230769233,0.09708197187234151,-19.00923076923077,8.884615384615385,49.18538461538461,-49.18538461538461,1.7656535086238652e-07,24.592690228872677,42.595793772038384,24.592694488451937,42.595791312769144,-42.595793772038384,0.0,10698686.328875521,14994555.912093928,0.4063854612014852,0.41148483474605174,1.1036286943547553,1.4095459473709586,1.610795003009724,3.9319756158594035,8539656.731223257,17.915198828863943,9.163467349223021,0.3092374208510981,-0.013763597005655817,15.243818915902862,0.4619418162259779,673788299.9853785,30.58791574035202,17779.050088826873,15091554.31679552,-7.36004944603365e-07,-3.900902263560434e-08,-14.91673838171079,30.601305332728128,102.0371040314679,102.03842806300469,68.95435269498738,68042.24578810741,77797577.83727583,1.1364854772210653,0.381072834479243,1.3838115141114482,3.327280249266817,0.3762903049795169,1.2054923855711932,3.289470985861922,0.5615489922239293,5.392501150453096,-14.015384615384615,0.5426153846153846,0.5924615384615384,0.7967307692307692,1.1973846153846155,1.314769230769231,1.3984615384615384
10.206338461538461,0.7263076923076923,11.78923076923077,8.32,246.4346153846154,0.09605347059964989,-21.384615384615387,18.555384615384614,57.893076923076926,-57.893076923076926,2.0782416401454581e-07,28.94653601468833,50.13687673132077,28.946541028375865,50.136873836666915,-50.13687673132077,0.0,12919051.523217903,18303146.652220033,0.4038830698426175,0.40937130970457114,1.0781336831732249,1.3776289481998256,1.5821233044382341,3.9226189208266864,9432788.658075064,22.476206313627426,5.735616359770129,0.3444500719800089,-0.022928995541164454,18.72301059416613,0.549445083513707,561528910.6237223,25.436814782546126,20928.281365519277,18400112.031459413,-7.751514885538003e-07,-4.816795161455382e-08,-15.600176517393733,25.451342290519367,132.9281728377033,132.93453283997437,93.61040435025785,69473.50428475776,78702230.507378,1.2120571319986924,0.3792113778834881,1.3582019915820718,3.320188147189152,0.37405664275242156,1.1774579853838498,3.2834158494200274,0.5737897828731681,5.372204863526764,-4.876923076923077,0.5481538461538461,0.4909230769230769,0.9559615384615385,0.45646153846153836,1.4673846153846153,1.0341538461538462
9.258646153846154,0.8358461538461539,13.77076923076923,7.7907692307692304,242.62692307692308,0.0968174222724334,-21.483076923076922,11.383076923076922,57.61615384615385,-57.61615384615385,2.0683006748320507e-07,28.808074487930945,49.897054305053835,28.808079477636237,49.897051424246136,-49.897054305053835,0.0,12238121.8148261,18255600.680613726,0.4056213547008551,0.41081448914932217,1.0971676597791864,1.4014281847412822,1.6035415670358482,3.9295308972461718,9261681.434871146,23.06164305225083,5.489230153416498,0.6838337538162492,-0.018080537341534204,15.960536199886587,1.0456622358854704,700712002.3105369,19.889008183648876,20869.614948507842,18352563.49036377,-8.48044107485413e-07,-5.141937616918561e-08,-16.717966208667896,19.899402489362807,133.40774653883003,133.41435456014494,98.9827081863615,68400.06041226997,78028110.5754427,1.1553136499297578,0.3806037917103116,1.3773468934948334,3.325465237552932,0.37572948027115055,1.1983766537135925,3.2879136178836568,0.5647232919271862,5.387357518794386,-1.5846153846153825,0.3026153846153846,0.36815384615384616,0.9040384615384616,0.43492307692307697,0.9086153846153846,1.151076923076923
6.835569230769231,1.026,13.86923076923077,8.196923076923078,249.20384615384617,0.09551962883398436,-19.6,12.933846153846154,50.846923076923076,-50.846923076923076,1.8252993005043106e-07,25.423459389417005,44.03472832963997,25.423463792889716,44.03472578729381,-44.03472832963997,0.0,10784988.813071407,11434351.107740011,0.40263931256832197,0.40834920685860376,1.0646681833999037,1.3607573944376623,1.5668672981279719,3.9178492116339636,8688275.280587992,18.56964162017472,7.254332305655113,0.7314834494132216,-0.01297685690166009,12.286459760430562,1.1590326821395387,785386880.714984,21.289677263318588,14300.788059764282,11531343.278637145,-8.691925598781567e-07,-6.458559747707201e-08,-14.05576246479344,21.30417217035252,96.45357206442247,96.46044469692355,75.22060439821118,70254.19073747615,79178778.25470616,1.2400737296132416,0.378227755147376,1.3445866864558158,3.3165298631582902,0.37286218757240186,1.1626507333679807,3.280312893685895,0.5709526460114043,5.3616813915230574,-15.553846153846154,0.46507692307692305,0.634,0.8040384615384615,0.9238461538461538,0.8372307692307692,1.432923076923077
13.587876923076923,0.7976923076923077,13.715384615384615,8.627692307692307,244.68076923076922,0.0964000921115909,-16.215384615384615,7.592307692307692,50.04692307692308,-50.04692307692308,1.7965809562655777e-07,25.023459423228996,43.34190798709106,25.023463757419677,43.3419054847449,-43.34190798709106,0.0,11905943.71127522,24355573.239389606,0.40482891320926234,0.41018260583217697,1.0868414346156907,1.3885311720774602,1.5919653220857688,3.9257911692836274,9150139.744563991,18.243500984509563,6.090391045543041,0.4499830860299425,-0.012194429039618909,19.11210033276069,0.6967884212903045,667423499.745562,23.62811572106867,26923.50787687072,24452574.276800036,-6.280730467361359e-07,-2.818505447116638e-08,-13.243087065396068,23.640661413877996,122.66269536499459,122.66869096791147,77.60697535894323,68979.06953136946,78394642.10389319,1.1861935326498052,0.3798524851549878,1.366974943697175,3.322590137708585,0.3748277696256329,1.1870151441776902,3.285457826455888,0.5698960701331479,5.379169779343092,-19.0,0.6238461538461538,0.49830769230769234,0.7867307692307692,1.0595384615384615,0.9504615384615385,0.9295384615384615
9.398646153846155,0.9521538461538462,11.943076923076923,6.806153846153846,244.01153846153844,0.09653388409143356,-20.28923076923077,12.74,42.323846153846155,-42.323846153846155,1.5193384791916563e-07,21.161921288106278,36.65352698786888,21.161924953458875,36.65352487167657,-36.65352698786888,0.0,10445484.454259869,12184958.92826362,0.4053412228688299,0.41064706804391865,1.0902011177648225,1.3927594007810065,1.5957763655336907,3.92707754240547,8447889.394041136,14.079670361149546,16.197054073993314,0.2779676940494003,-0.0178542084304078,15.47611842472691,0.4345987508759701,910205035.3645741,40.37165513415609,15123.122267112896,12281988.499363339,-6.127375671469677e-07,-4.158757045506527e-08,-15.235540161574901,40.364856063803735,79.5842811074437,79.58595917708455,54.686773094542325,68790.40363862917,78276000.10663676,1.1760773241643874,0.38010555049963424,1.3703516844876358,3.3235278031829116,0.37512963719913406,1.1907008555957066,3.2862571599905017,0.568222781521155,5.381958894458015,-3.4307692307692292,0.5666153846153846,0.5343076923076923,0.9171153846153846,1.0078461538461538,0.7215384615384615,1.364
10.970953846153847,0.9773846153846154,14.084615384615384,8.430769230769231,236.95,0.09803600377943657,-23.07076923076923,9.94,51.246923076923075,-51.246923076923075,1.839658472623677e-07,25.62345937251101,44.381138500914425,25.623463810624738,44.381135938568264,-44.381138500914425,0.0,12619349.273845414,22048169.71427532,0.4084009725140982,0.41317415969575916,1.1266092611972673,1.4382329210504838,1.6363152595079797,3.9406853558966164,9434628.01180455,20.205225440112063,5.4128999550467185,0.49608492366481544,-0.013606491502247017,16.935684119297,0.9011246172733679,644317740.0767989,22.08671236337495,24607.744883755084,22145150.519225787,-7.459969092578345e-07,-4.191894982987215e-08,-18.452559454902683,22.096585828137304,129.50319352765933,129.509657889083,93.00746558288158,66799.65318419728,76975093.29322061,1.0500062813792486,0.38278426819125977,1.4066994488688276,3.3338861873336314,0.378309661443769,1.2307874400010033,3.2951683683443607,0.5343266669485203,5.411700613165749,-9.33846153846154,0.4207692307692308,0.22692307692307692,0.8771153846153846,0.8872307692307692,0.8396923076923076,1.3873846153846154
13.437107692307693,0.9644615384615385,13.696923076923078,10.03076923076923,242.8576923076923,0.09676983918878874,-21.643076923076922,7.8938461538461535,59.800769230769234,-59.800769230769234,2.146723845637821e-07,29.900382087905896,51.7889867789374,29.90038726680443,51.78898378889893,-51.7889867789374,0.0,13909411.856627919,31536677.499198046,0.4055056871074151,0.41071632139774933,1.096000585832932,1.399964476012902,1.6022320800122465,3.9290963768652576,9942981.185138395,24.573477149325274,6.5700569989432855,0.5719785388282012,-0.01886460563620076,20.853424160024105,0.9135378168570676,628914777.0470256,21.273748966939785,33804.54993138787,31633631.664432548,-7.887933464502269e-07,-3.4347267471668105e-08,-17.938307977883937,21.280622739981993,176.4685853960684,176.47587135313876,120.77799063170956,68465.11761666318,78069583.23577058,1.1587581948181547,0.38052076047270145,1.376177863629497,3.325140234185581,0.3756295756443378,1.1970915498825927,3.287635306100088,0.5653065388064314,5.386457068394034,-14.630769230769232,0.10600000000000001,0.478,0.8648076923076923,1.4127692307692308,1.0932307692307692,0.783076923076923
8.9248,1.0789230769230769,12.755384615384616,12.52923076923077,242.67307692307693,0.09680803054396077,-19.48923076923077,19.76153846153846,57.923846153846156,-57.923846153846156,2.0793461918469478e-07,28.961920628772486,50.16352366757265,28.961925645124712,50.163520771380334,-50.16352366757265,0.0,12978693.251224902,15676656.080632675,0.4056086283978552,0.410805491908692,1.0969343734093897,1.4011378154376009,1.6032820975838336,3.9294500205803127,9503886.756279022,22.72690410834623,5.38332113405328,0.5157474913877927,-0.016825438790811328,14.666979639890938,0.8098593311767742,627203756.1887941,22.001115570525176,18372.377733890644,15773626.076531291,-8.910498424230887e-07,-6.051377479123568e-08,-13.063418038847157,22.013252603179684,124.76317228368441,124.7695334202509,92.03496606184214,68413.07185314862,78036301.01090892,1.1560020342155528,0.38058718721229057,1.3771129975554617,3.325400172944957,0.3757095034525264,1.1981194674958773,3.2878578880899925,0.5648399410937567,5.387177426015237,-12.384615384615385,0.36630769230769233,0.40692307692307694,0.8809615384615385,1.15,1.4636923076923076,1.012
11.4448,1.0327692307692309,12.7,11.372307692307693,247.7269230769231,0.09580016604150766,-19.956923076923076,15.066153846153846,55.55461538461539,-55.55461538461539,1.9942957108322388e-07,27.77730534429261,48.111709576177795,27.777310155463432,48.11170679844702,-48.111709576177795,0.0,13327263.32937852,22241601.151424862,0.40331134838735333,0.4089026252162838,1.0718191668911385,1.3697127772251858,1.5749814793671488,3.9203686639501405,9669396.524439512,21.20895775046225,5.333137457824122,0.3843822950022376,-0.016550671538102982,18.253037179247244,0.6338039882085432,575157290.9583124,24.0176250856158,24797.017523501992,22338575.931861572,-7.385694262936541e-07,-4.045319483453977e-08,-15.076140644834322,24.031619041179038,137.36323558603007,137.36961055117766,93.30702343192455,69837.82462935969,78927422.95948035,1.2250783447356617,0.37875158524057956,1.3518254108405572,3.3184663259286657,0.37349893655729577,1.170507410196421,3.2819525102793663,0.5724262886622498,5.367276637285226,-3.30769230769231,0.6035384615384615,0.43092307692307696,0.9628846153846153,1.4924615384615385,0.9258461538461538,1.1953846153846155
9.172492307692309,1.0875384615384616,12.02923076923077,8.11076923076923,241.8653846153846,0.09697498461925136,-17.77846153846154,17.11230769230769,49.55461538461539,-49.55461538461539,1.7789081290417423e-07,24.77730559788253,42.91555700706096,24.77730988943811,42.91555452933019,-42.91555700706096,0.0,11353175.792008217,12756590.261271138,0.4061533879852186,0.41129162911670925,1.101042297184701,1.4063046862481554,1.6079063714781312,3.9310194804671714,8810364.297094569,17.48911590715264,8.71227993913585,0.3444972985601061,-0.015447054514744577,15.644107755118286,0.5023765146044233,679023663.315398,28.820063572885374,15611.335567065513,12853594.395074353,-6.946748239721446e-07,-4.918504206841419e-08,-12.310422363058798,28.832616639914495,92.95627684207847,92.95800240394829,64.2957457738051,68185.3716377724,77890203.45940097,1.143994901627059,0.38089015230736806,1.3812260057806338,3.3265560100865232,0.37607075687504304,1.2026398743820388,3.2888488073524127,0.5628323138189568,5.390516469758331,-5.061538461538461,0.633076923076923,0.274,0.9075,0.5426153846153845,0.7744615384615384,0.9024615384615384
7.126338461538461,0.9355384615384617,13.161538461538463,9.476923076923077,248.92692307692306,0.09557209871485817,-17.68,10.650769230769232,51.893076923076926,-51.893076923076926,1.8628540583549614e-07,25.94653626827825,44.940724162203935,25.946540762350544,44.94072156755008,-44.940724162203935,0.0,10149660.886424689,10429460.20842781,0.4027903270082682,0.40847832613473,1.0660028792917589,1.3624332887782449,1.5683874494695937,3.9183253051260656,8395515.242724933,19.0678520968338,6.637219498759067,0.625973555796018,-0.014001406401152414,12.414541317114743,0.9877190069592644,745960028.0256646,22.003451394424207,13318.296109582217,10526451.714529358,-8.58132327748254e-07,-5.8733752230809446e-08,-13.011419579413156,22.018224454024253,94.05447117739905,94.06118501602036,71.14522994860523,70176.12209220431,79131815.23190278,1.2372575469295806,0.3783236860022871,1.3459378602789416,3.3168883381773133,0.372979490152889,1.1641158789233585,3.2806159267920814,0.57122737405374,5.36269501256768,-16.26153846153846,0.26753846153846156,0.3995384615384615,0.9194230769230769,0.5684615384615385,0.8507692307692307,1.3393846153846154
7.374030769230769,0.8260000000000001,11.832307692307692,9.156923076923077,235.31153846153848,0.09839310946962893,-23.046153846153846,15.475384615384616,51.708461538461535,-51.708461538461535,1.8562267481460228e-07,25.854228583773324,44.78084254469264,25.854233061857453,44.78083995926956,-44.78084254469264,0.0,11136078.310470292,11585545.361546423,0.4091981648391335,0.4138532335816676,1.1353571392978998,1.4491524816274117,1.6459669456316575,3.944078892352905,8695356.193706665,20.001573361176476,7.773075254125246,0.2959154887553708,-0.018137714671327593,14.075466556806715,0.5327238509651568,648538949.7917337,27.26880935619716,14400.434391914412,11682527.174467957,-8.428268171020464e-07,-6.132005819158343e-08,-16.51050598859109,27.28022950993096,100.47384240618715,100.48028223058792,75.77116883110926,66337.74703300558,76661147.91408013,1.0148802350156634,0.383404767622745,1.4153566424616213,3.336422928719114,0.37904267520485346,1.2404175986001036,3.297367413665395,0.5214260110160513,5.418626329537423,-18.93846153846154,0.3229230769230769,0.693076923076923,0.8298076923076922,0.9087692307692308,0.8999999999999999,1.1707692307692308
12.370953846153846,1.0684615384615386,11.087692307692308,11.323076923076924,247.35769230769228,0.09587281424603879,-17.913846153846155,8.841538461538462,46.04692307692308,-46.04692307692308,1.6529892350719133e-07,23.023459592288944,39.877806274346504,23.02346358006946,39.87780397200034,-39.877806274346504,0.0,11487896.154848473,20904239.746394843,0.4037244858246087,0.40929071926462424,1.073628041906357,1.3720119175836782,1.5770656305560622,3.9210775717673267,8893628.801788379,14.90672955409635,15.434906536533788,0.4393241079858799,-0.017201716651173614,20.159261796297326,0.5511096820278873,916545754.2574148,42.24530684234442,23597.070131931978,21001254.93048528,-5.892837372674136e-07,-2.6730627408936158e-08,-14.44750610369098,42.261170248396894,107.24218414352643,107.24322295880899,67.7981594427634,69733.73310233055,78862055.38978085,1.2213294576849636,0.37889171528081866,1.3536519600340942,3.318964315429725,0.37366665894164197,1.1724900710702284,3.2823751951927806,0.5727958756419282,5.3688156073554625,-8.415384615384616,0.4004615384615384,0.3201538461538461,0.9144230769230769,1.2275384615384615,0.8052307692307692,1.0846153846153845
8.526338461538462,0.8204615384615385,13.918461538461539,9.23076923076923,235.54230769230767,0.09834179376738125,-22.701538461538462,7.42,60.69307692307692,-60.69307692307692,2.1787558449810232e-07,30.346535896346367,52.56174793024195,30.346541152521013,52.5617448955881,-52.56174793024195,0.0,11693326.96354187,17714405.958990626,0.4089913860075157,0.41366158098409544,1.1341171903941076,1.4475894483697351,1.6445870925520525,3.9435657098803807,9027845.081710678,26.04098450490509,6.314356663410733,0.8270396793557458,-0.019692538079798774,14.955870628085757,1.2770896120951922,817957084.3186089,18.603404411498467,20294.93147143381,17811355.089287363,-9.748858724117562e-07,-5.530930369869554e-08,-18.307748639104002,18.611460702786633,144.82312438751654,144.83015765544454,113.63206063034791,66402.80423739877,76705765.192583,1.0197876718047956,0.3833174410607597,1.414133484006948,3.3360627940258456,0.3789395672322988,1.2390537933017163,3.297054562101945,0.5232307389235298,5.417650999753535,-18.6,0.2629230769230769,0.4807692307692307,0.8828846153846154,0.5856923076923076,1.0723076923076924,1.4538461538461538
9.3448,0.9244615384615386,10.62,9.046153846153846,243.29615384615386,0.09667961755899473,-22.25846153846154,9.78923076923077,58.17,-58.17,2.0881826054588656e-07,29.08499754144572,50.376699157587694,29.085002579115496,50.376696249087686,-50.376699157587694,0.0,11262672.866280498,15551716.860110775,0.4053747977832614,0.41062044283247073,1.0937898814235472,1.397208233406838,1.5997648779628835,3.928310182242644,8704891.067392355,23.068991710340658,7.130851724797065,0.2951069655411764,-0.027959710590099145,18.64850828506995,0.46648850754656895,566620433.6382371,28.555174837158,18221.818704432808,15648675.521285513,-7.557748738872397e-07,-4.351715261752549e-08,-17.721234003077814,28.570104265328705,127.08495478817795,127.09126282468343,87.6710863649277,68588.72630501025,78148348.713089,1.1653206620612586,0.38036298403481106,1.3739601815122702,3.3245250397614483,0.37543967417641727,1.1946562687388216,3.287108985214409,0.5664147028863744,5.384746852120609,-16.784615384615385,0.3367692307692307,0.6552307692307692,0.9459615384615385,0.6115384615384616,1.3775384615384616,1.2015384615384614
6.641723076923077,0.8063076923076923,13.78923076923077,7.667692307692308,239.74230769230772,0.09742419784202419,-22.43076923076923,14.075384615384614,46.41615384615385,-46.41615384615385,1.66624385548979e-07,23.208074961298795,40.19756950936908,23.208078981055635,40.19756718856138,-40.19756950936908,0.0,10958401.785980357,11921475.14931557,0.4071065843359611,0.4120849775481067,1.1119234624405328,1.4199387842248756,1.6200284926451607,3.9351174092785963,8745119.00770899,17.17032242963642,7.128330060962137,0.4340086143530735,-0.011495674272950994,12.343909664373847,0.7837768195581261,705287881.8493447,24.236907468351532,14794.35318034968,12018479.73917418,-8.240128129587643e-07,-6.362335132693364e-08,-16.055790866386612,24.248639530435025,90.4539526765435,90.45651426062295,70.60529676192985,67586.84535735499,77500373.21478939,1.111353011299948,0.381724335891917,1.3920935422255072,3.329669650659487,0.3770554793841665,1.214657265560172,3.2915365807880828,0.5565201078579015,5.399898834199706,-7.184615384615384,0.38476923076923075,0.4401538461538461,0.9494230769230769,1.0616923076923077,0.7166153846153845,0.7313846153846153
9.6248,1.0943076923076924,12.804615384615385,9.440000000000001,244.63461538461536,0.09640937761037614,-18.073846153846155,10.284615384615385,54.47769230769231,-54.47769230769231,1.9556364012800985e-07,27.23884385134721,47.17906680736195,27.238848569253758,47.17906408347733,-47.17906680736195,0.0,11381826.870581366,16022716.549552731,0.4047682634291703,0.41011720529364326,1.0870701455233704,1.3888064731171028,1.5922127280039042,3.9258582532645447,8872219.263841204,20.750932396037122,5.900729502988165,0.4910751997116441,-0.016396181239358563,16.03647276697344,0.7816941809105913,646175079.0088618,22.652976569597808,18740.649286208227,16119697.195989817,-7.514269517533148e-07,-4.326208337141011e-08,-14.029284105135801,22.66600060108791,116.24175642293066,116.24786513132689,81.38444481150582,68966.05809049081,78386465.00184382,1.1854939851060573,0.37986908554467363,1.3672066457324168,3.322653745143977,0.3748477838672893,1.1872682975176643,3.285512005610376,0.5697794644519436,5.379349239543698,-18.47692307692308,0.3423076923076923,0.11800000000000001,0.7790384615384616,0.48876923076923073,0.8003076923076923,0.9541538461538461
9.280184615384616,0.9896923076923078,13.463076923076922,7.4338461538461535,238.5423076923077,0.09768385367947703,-18.972307692307695,8.087692307692308,48.07769230769231,-48.07769230769231,1.7258896473702352e-07,24.038844121843123,41.636504066970666,24.038848285493415,41.636501663086044,-41.636504066970666,0.0,10582855.164138503,14512640.90121026,0.4077494982424496,0.4126405760519674,1.1182023961888548,1.4277691277572266,1.6270188094518216,3.9375053544087315,8577089.360271756,17.803369964349088,6.863253090533783,0.4194950358205087,-0.01248334230114806,14.826164378033102,0.7348414195173294,681323065.3849113,23.90960588289244,17315.919032518672,14609643.743698414,-7.026784245448924e-07,-4.215736714360994e-08,-15.061735810098757,23.920341787985027,97.76641521617704,97.76803837293158,69.38410266279634,67248.54789451035,77276360.985048,1.084761110834341,0.3821801650774381,1.3983475101299025,3.3314654437141185,0.3775951739198636,1.2215459896721421,3.2930797924193707,0.5469860752638206,5.404969848755072,-8.323076923076922,0.17615384615384616,0.5943076923076923,0.8840384615384616,0.3444615384615385,0.9812307692307692,1.2359999999999998
13.566338461538463,0.7743076923076923,11.296923076923077,10.572307692307692,236.65000000000003,0.09810166261964798,-21.212307692307693,11.792307692307691,60.293076923076924,-60.293076923076924,2.1643966728616567e-07,30.14653591325236,52.2153377589675,30.146541134785995,52.215334744313644,-52.2153377589675,0.0,14217511.05301233,32140101.65623737,0.4084950392641121,0.41324570619628437,1.128202806662847,1.440213040083495,1.638068750150148,3.9412840513638536,9970818.85847967,24.613963755409877,6.620234055646312,0.5073458786623591,-0.02498955874290332,24.870652515577376,0.6634182561773675,647207757.7065895,29.070624496302337,34386.591075503165,32237056.967920013,-7.884650847738681e-07,-3.092929602808298e-08,-17.167240771324014,29.081270998549698,177.16565873145635,177.17285980444942,120.5880595871101,66715.07881848613,76917893.15195325,1.043522739959532,0.38289800153455816,1.4082799432388917,3.3343472154378007,0.3784440718179134,1.232541504038004,3.2955671924889858,0.531916389848302,5.4129697522989915,-15.73846153846154,0.47523076923076923,0.2703076923076923,0.7909615384615385,0.40476923076923077,1.3283076923076922,0.7744615384615384
10.830953846153847,1.1010769230769233,11.37076923076923,13.329230769230769,244.28846153846155,0.09647914312876814,-19.907692307692308,8.863076923076923,53.33923076923077,-53.33923076923077,1.9147679883249783e-07,26.6696131302335,46.193130166042344,26.669617749546386,46.1931274990808,-46.193130166042344,0.0,11312611.730135694,17492706.561106708,0.40494036489569873,0.4102626412328799,1.0888007498689203,1.3909729776846451,1.5941613163696904,3.926489652266334,8769000.635748234,20.10676190086395,7.405245279327044,0.318825672785825,-0.016832599290340547,16.84560960043266,0.4686209486337046,597396560.7794597,28.735988294545002,20172.254943107073,17589686.427208014,-7.75378204786412e-07,-3.8577002713606864e-08,-15.850143267129111,28.751160226093102,119.62414592335365,119.6302061865796,80.90018673966583,68868.472283901,78325088.66241921,1.1802556163894353,0.3799936397047796,1.3689459884398445,3.3231318844469624,0.3749979158506608,1.1891700604429112,3.2859195342470295,0.5689049126905531,5.38069642386135,-14.938461538461539,0.6607692307692308,0.38476923076923075,0.9536538461538462,1.1263076923076922,0.9221538461538461,1.0292307692307692
8.494030769230768,0.8967692307692308,13.395384615384614,6.781538461538462,239.28076923076924,0.0975236687015159,-18.75076923076923,17.456923076923076,55.431538461538466,-55.431538461538466,1.98987750402628e-07,27.715766887955994,48.00512183117027,27.715771688468042,48.00511905959334,-48.00512183117027,0.0,12026374.18750244,14137816.414265476,0.4072779520892076,0.412221511480743,1.1143308393559663,1.422929201637188,1.6227004644962784,3.936009991901031,9144400.579784505,21.283780134339708,7.733976627265025,0.710876706793498,-0.016759678799098347,14.875282729817272,1.0775905058204598,747047390.4224999,20.86060420203268,16889.415691054146,14234795.499433443,-8.147504383200412e-07,-5.964089641641445e-08,-13.038941146578294,20.871150551919683,111.03269654778616,111.0389836462177,82.15859099428936,67456.7309485686,77414378.57920897,1.101085093705573,0.38189971224067576,1.3944948154423322,3.33035747063039,0.3772631809292857,1.2172991205129906,3.292127045588274,0.5528455795445174,5.401849090333818,-4.353846153846153,0.1290769230769231,0.41430769230769227,0.9625,0.9259999999999999,0.8729230769230769,0.7781538461538461
12.68326153846154,1.0001538461538462,12.613846153846154,6.547692307692308,245.9269230769231,0.09615223554544895,-23.29230769230769,16.96153846153846,44.41615384615385,-44.41615384615385,1.5944479948929578e-07,22.208075045828767,38.4655186529968,22.208078892380527,38.465516432189105,-38.4655186529968,0.0,13310941.369957155,23734705.476815436,0.4042591774240568,0.40971019216233806,1.080647309618112,1.3807892894608391,1.5849834804229015,3.923559554092936,9679819.199777458,15.398603507167303,10.366690900121899,0.31734738705708854,-0.013781875421998692,20.459301506659006,0.4291846247096827,698386976.9628701,35.15339200958698,26351.427673644586,23831718.73015904,-6.286850996752061e-07,-3.423278060724524e-08,-17.8052050129152,35.17028925136436,111.25519390275821,111.25605583537134,76.07959254660533,69330.37843509273,78613732.52635266,1.2051851178059516,0.37940393529830957,1.3607377367677354,3.3208847812378974,0.37428668157816003,1.1802139675595151,3.284007682575873,0.5731276409613125,5.374323671559328,-18.692307692307693,0.3626153846153847,0.6487692307692308,0.8382692307692308,0.801076923076923,1.144923076923077,0.74
12.877107692307693,0.9804615384615385,13.401538461538461,10.621538461538462,246.36538461538458,0.09606713392126164,-18.935384615384613,16.552307692307693,44.90846153846154,-44.90846153846154,1.6121208221167934e-07,22.454228871175236,38.8918696330269,22.45423276036209,38.89186738760382,-38.8918696330269,0.0,13051218.17551739,21934050.76230717,0.40411494179927787,0.40960096816957187,1.0784776488772323,1.3780888376693115,1.5825381918851122,3.9227901357031825,9610257.54950309,15.674216172831327,8.116061990304315,0.32231899061667507,-0.009876432713262424,17.59806388835824,0.5066834349136692,687216947.719012,28.974476339199573,24618.68046707029,22031072.9503932,-5.923205414322596e-07,-3.452477367853025e-08,-13.932380708087935,28.98970815020956,106.82534588956108,106.8261821976448,69.15154229776685,69453.98712343979,78690174.77051596,1.2113626919474405,0.3792353659785093,1.3585441096745523,3.3202804660560945,0.37408588609419674,1.177832025321389,3.283494443031724,0.5738612069688096,5.372459496783085,-17.892307692307693,0.30446153846153845,0.4798461538461538,0.9463461538461538,0.39184615384615384,1.4021538461538463,1.3307692307692307
10.432492307692307,0.7152307692307692,12.872307692307693,11.003076923076923,245.00384615384613,0.09633528203612927,-18.467692307692307,19.696923076923078,51.15461538461538,-51.15461538461538,1.836344817519208e-07,25.57730553025855,44.30119769215878,25.577309960378194,44.301195134428006,-44.30119769215878,0.0,12644229.451268272,16267524.055215174,0.40460535201796666,0.4099831573831498,1.0852292307246105,1.3865055564114959,1.5901410474830147,3.9251949697053945,9380026.549138399,18.61391660904665,6.581458870392554,0.37881951446597717,-0.013184372271940682,15.520591947753282,0.5709407791181833,641162018.8557395,25.37690778542046,19022.870299963528,16364521.135053284,-7.628878603946055e-07,-4.990130283435997e-08,-12.514142633221413,25.391367539650066,108.51928475648472,108.52520425764253,76.6415526794209,69070.14961751991,78451770.86069012,1.1910941338306844,0.3797362871599749,1.3653544906647221,3.3221458220322972,0.37468764250459097,1.1852455160768105,3.285079529191812,0.5707126693229763,5.3779137274193,-13.523076923076921,0.6579999999999999,0.2250769230769231,0.9686538461538461,1.0056923076923077,1.38,1.332
6.6309538461538455,0.722,13.598461538461539,12.836923076923076,235.88846153846154,0.09826553398254134,-22.566153846153846,13.601538461538462,60.20076923076923,-60.20076923076923,2.1610830177571875e-07,30.1003820709999,52.135396950211856,30.10038728453945,52.13539394017339,-52.135396950211856,0.0,12057916.243643431,14960538.502825815,0.40882580262444806,0.4135209891863206,1.1322639974028719,1.4452767305164906,1.6425459793247617,3.9428487435185176,9192581.155955642,25.455210121332513,6.4379172261269355,0.8703875070538049,-0.017536939256511282,12.8185455729257,1.3285889049027368,847426448.3085209,18.945959531150187,17620.210202302016,15057492.024114981,-1.0368130572496399e-06,-6.974134320620788e-08,-16.494948636476195,18.954705638476536,133.54359011029769,133.55057439893238,105.56232430094178,66500.39004398858,76772469.17401661,1.027173113915601,0.3831864188281551,1.4123010842676935,3.3355243537884776,0.3787848306410345,1.2370126197596472,3.2965872174812696,0.5259418525644862,5.416188142430763,-14.876923076923077,0.6247692307692307,0.14476923076923076,0.9509615384615384,1.2426153846153847,0.8643076923076922,1.1104615384615384
12.360184615384615,0.8056923076923077,11.906153846153845,13.144615384615385,246.5730769230769,0.09602627444835657,-21.975384615384616,18.684615384615384,47.246923076923075,-47.246923076923075,1.6960667514300124e-07,23.62345954157096,40.91703678816987,23.623463633274522,40.91703442582371,-40.91703678816987,0.0,13553462.157648508,22334572.021788117,0.40389165031875485,0.4093921094309408,1.0774568931334136,1.376789404558893,1.5813685321013158,3.922394789179387,9747201.193643654,16.505077095507097,10.088578560345482,0.328978226766425,-0.012975560613945945,18.3483998896344,0.4324489923204804,679964398.586657,35.721599207072124,24963.471329262862,22431576.477133647,-7.384750728610703e-07,-3.7661882087648473e-08,-16.131628502303588,35.74002073877038,116.4399243772651,116.44082467327551,81.13036855150764,69512.53860739368,78726245.83118346,1.2134469143451545,0.37916341561412037,1.3575181934739424,3.32000375555634,0.3739981585354774,1.176710468292385,3.2832588887896113,0.5736471549850305,5.371695869964508,-17.76923076923077,0.24907692307692308,0.23430769230769233,0.9344230769230769,1.0035384615384615,1.1264615384615384,0.7498461538461538
8.623261538461538,1.0795384615384616,14.423076923076923,11.581538461538461,244.21923076923076,0.09649313532419583,-20.60923076923077,14.807692307692308,55.800769230769234,-55.800769230769234,2.0031321244441566e-07,27.90038225696584,48.32488506619285,27.900387089454217,48.324882276154376,-48.32488506619285,0.0,12681898.532632021,17101986.873370454,0.4048723879647879,0.410187647601249,1.0891452888091757,1.3913891517499737,1.5945345452883555,3.9265878842632866,9485531.430264335,21.870010387362846,5.926628610605335,0.7853915605635903,-0.013712772986704676,13.727867677917585,1.2293177434034361,802360547.0628955,19.389393716947907,19771.32730726133,17198959.208872624,-9.17893402076833e-07,-6.083602057255755e-08,-14.911351388114987,19.400439362838465,126.99110354131788,126.99772127988426,97.40719729518091,68848.95512258305,78312792.84669895,1.1792096779561794,0.3800185553236785,1.3692942251905176,3.323227745176129,0.3750279406935028,1.1895510619240814,3.2860012845158577,0.5687300067192224,5.380966014773188,-2.8769230769230774,0.5463076923076923,0.23615384615384616,0.8213461538461538,0.4112307692307692,1.4304615384615385,1.4501538461538461
9.947876923076922,0.9583076923076923,12.386153846153846,9.784615384615385,236.99615384615385,0.09802567800500775,-21.335384615384616,15.303076923076922,58.90846153846154,-58.90846153846154,2.114691846294619e-07,29.45422827946542,51.01622562763284,29.454233381087843,51.01622268220976,-51.01622562763284,0.0,12911158.698085867,19027021.3995412,0.4083475482693902,0.41312366803746,1.1263635963843883,1.4379224233891852,1.636039764170219,3.940584570713378,9451084.596822547,24.105345753955422,5.241944189824115,0.4216822519801101,-0.02102621019464831,17.633298446281024,0.6841703353783087,579609477.4229352,22.795189676209898,21608.208429022558,19123982.208833914,-8.09831764794883e-07,-4.828114972250536e-08,-16.034001761208398,22.805466853545045,139.084694925721,139.09114789056392,99.21640656491253,66812.66462507591,76983886.01583698,1.0510050007178897,0.3827667673832512,1.4064565161391687,3.333815404974264,0.3782889754115213,1.2305179433254825,3.295107159147196,0.5346900291033148,5.411505439830951,-2.6615384615384627,0.13923076923076924,0.23338461538461538,0.9244230769230769,0.5383076923076923,1.2766153846153845,0.884
13.329415384615384,1.1053846153846156,10.669230769230769,9.92,246.41153846153844,0.09605802437687377,-22.073846153846155,12.955384615384615,43.03153846153846,-43.03153846153846,1.54474316832592e-07,21.515767412041825,37.26640652166215,21.515771138682375,37.26640437008522,-37.26640652166215,0.0,12323792.69478833,22984548.56028591,0.40418793129158825,0.4096790639949067,1.0782533589396992,1.377820311206634,1.5822972673763513,3.9227316492399846,9205452.655431004,10.514118453973888,33.66059641564656,0.47173764459939727,-0.05277026993295565,22.248856008381296,0.6751155695647857,1559362391.9976482,65.62627038110894,25640.923866514924,23081569.714850776,-5.670779321729936e-07,-2.6499224677870555e-08,-17.48728898484572,65.25473796500046,109.42781950729236,109.4331968117264,67.3776194165703,69466.99856431846,78698212.07185818,1.2118256212267084,0.37921937842771264,1.3583160654501134,3.3202189258298698,0.37406639331561636,1.1775826215001015,3.283442037785464,0.5738135831926893,5.372289792246118,-18.723076923076924,0.6663076923076923,0.6395384615384615,0.9201923076923078,0.2173846153846154,1.416923076923077,1.2852307692307692
10.292492307692308,0.8143076923076923,11.303076923076922,9.489230769230769,240.36538461538464,0.0972933669458851,-16.20307692307692,12.783076923076923,60.385384615384616,-60.385384615384616,2.1677103279661258e-07,30.192689755504826,52.295278567723145,30.19269498503254,52.2952755484539,-52.295278567723145,0.0,11686607.40422891,17036106.608915392,0.40673173426411,0.4117539350735279,1.1087075115218674,1.4158987696714447,1.6164418877773519,3.933838434735139,8907199.324030684,23.91284632118214,6.224255854635995,0.4531256621874403,-0.02426613851570861,18.863089840819175,0.6091253896667136,610449321.2719873,24.5034225367499,19685.26891731716,17133072.757087037,-7.402014308094306e-07,-4.061061105327128e-08,-12.24733354892437,24.51555250440351,129.70002266426894,129.7060553318544,86.0626197525169,67762.49980921665,77615330.66739173,1.1218963450633992,0.381429906377649,1.3888827358025697,3.328707935137892,0.37671909665205844,1.2111008148355673,3.290700138085697,0.5590443547998957,5.396384973536324,-5.246153846153847,0.12446153846153846,0.47523076923076923,0.7771153846153847,1.4278461538461538,1.4046153846153846,1.06
11.972492307692308,0.982923076923077,11.881538461538462,12.96,241.45,0.09706244980280633,-17.113846153846154,17.93076923076923,55.73923076923077,-55.73923076923077,2.0009230210411774e-07,27.869613028797534,48.27159119368908,27.86961785595652,48.27158840672754,-48.27159119368908,0.0,13397723.600345198,22016351.747402843,0.40620733434322764,0.41131154091627997,1.1031550152543534,1.4089316158583913,1.6102463093804644,3.9317610123039746,9657924.385261577,20.904815239494663,6.81748057076223,0.4637793942671875,-0.016275140564530832,18.84276586623618,0.6050452179615701,624212209.5738394,27.705019176431236,24586.843962254716,22113333.71289425,-8.148315564471966e-07,-3.9468915893031644e-08,-12.262136197132065,27.71848252815525,132.9230733604458,132.92925121920442,92.95724499474274,68068.26866986466,77814458.95761944,1.1378485520634463,0.38103962656134344,1.3833409660122338,3.327148264484698,0.3762504027144421,1.204972904217344,3.289357534914022,0.5617823467066481,5.392140288719999,-12.63076923076923,0.2961538461538461,0.19646153846153847,0.980576923076923,0.3143076923076923,1.0944615384615384,1.455076923076923
11.800184615384616,0.9853846153846154,11.61076923076923,12.603076923076923,235.33461538461538,0.09838796131006573,-23.944615384615386,12.826153846153847,57.64692307692307,-57.64692307692307,2.06940522653354e-07,28.823459102015093,49.923701241305714,28.82346409438508,49.92369835895955,-49.923701241305714,0.0,13618598.963247448,25013229.85915686,0.40911389384517144,0.4137694421753546,1.1352317100317344,1.4489838752709938,1.6458169598200576,3.944004257609309,9716578.147847632,23.579805235758595,6.02942333411913,0.32750995336162336,-0.02076997887767542,20.00373359034092,0.44645148398190443,559324313.9888968,27.930369121028477,27438.581693744673,25110187.8714959,-8.874053078298171e-07,-3.9952851135064885e-08,-18.968762255572308,27.941008091801145,154.31877103897403,154.32561614460607,112.09092234351479,66344.25275344487,76665615.09396744,1.0153703936699017,0.38339604087558177,1.4152342657147992,3.3363868756097004,0.379032371544175,1.2402811195158299,3.2973360879468343,0.5216063814129259,5.41852887448229,-8.23076923076923,0.3718461538461538,0.2896923076923077,0.8175,0.8592307692307692,0.9873846153846153,1.0464615384615383
10.17403076923077,0.762,13.358461538461539,6.387692307692308,238.2192307692308,0.09775455804374188,-17.532307692307693,14.183076923076923,56.13923076923077,-56.13923076923077,2.0152821931605436e-07,28.069613011891537,48.61800136496354,28.06961787369154,48.61799855800199,-48.61800136496354,0.0,12017076.550545916,17327452.955766983,0.40779948096375024,0.4126653140759574,1.1198991465450217,1.4298683510662364,1.6288867419334427,3.93812263917321,9136088.54757762,21.849286795953688,7.660776586663952,0.6880266514472679,-0.01731068656234673,16.8681474032522,1.0438093555081671,724293926.422181,20.973293271907178,19996.35769368179,17424430.787467368,-7.631352878732035e-07,-4.647371738090769e-08,-13.060205603973007,20.983285918666585,121.75440394487319,121.76051012247366,85.95161658522973,67157.4678083599,77215637.76800537,1.0776602466160656,0.382302790169285,1.4000371393549313,3.3319530685290797,0.37774028125813963,1.2234117784386984,3.29349974818722,0.5444271831230977,5.40633510966128,-2.138461538461538,0.3469230769230769,0.6349230769230769,0.875576923076923,0.24107692307692308,1.3603076923076922,0.7633846153846153
12.844800000000001,0.8395384615384616,12.201538461538462,6.412307692307692,244.5423076923077,0.09642795160450791,-18.307692307692307,20.88153846153846,42.47769230769231,-42.47769230769231,1.524861237699105e-07,21.23884435852705,36.78676166912829,21.238848037203116,36.78675954524366,-36.78676166912829,0.0,12805257.985132022,20772428.474411182,0.40503785793397196,0.4103831840630718,1.0875366134526958,1.3894208636653265,1.5927669352588085,3.926080542310575,9456570.866583627,13.019294220821157,16.927095621302207,0.4367593916101997,-0.01637518514865372,20.282058236010432,0.5709393291546515,977853766.782494,43.45420401671493,23526.306813482202,20869467.377924155,-5.700099570643656e-07,-3.271485562291718e-08,-12.91915566761042,43.46315085162839,96.43496709391914,96.43609327545406,62.70811274519133,68940.03520873355,78370113.40015383,1.1840956992592815,0.3799022968671379,1.367670161595421,3.3227810581516413,0.3748878226108512,1.187774944199894,3.2856204886695903,0.569546235765453,5.379708379177232,-10.353846153846153,0.15584615384615386,0.34138461538461534,0.9898076923076923,1.4536923076923078,0.7547692307692307,1.0538461538461539
13.017107692307693,0.8696923076923078,11.5,13.858461538461539,240.7576923076923,0.09720932211347762,-21.446153846153848,12.30923076923077,54.93923076923077,-54.93923076923077,1.9722046768024442e-07,27.469613062609522,47.57877085114017,27.469617820486473,47.57876810417862,-47.57877085114017,0.0,13440603.418050531,26654468.219841324,0.4065076100805282,0.4115588245666461,1.106693855630193,1.4133658225963484,1.6141915031716334,3.933071626078849,9666437.497607987,21.14218524747566,7.077889713048075,0.39681984320787156,-0.017383733636172634,20.425015865132046,0.50233211409024,593088693.4935856,30.467861066455868,29085.509808010796,26751440.469944082,-8.35753642574002e-07,-3.427483919040553e-08,-17.02561433928049,30.48130097810962,148.04397118646924,148.05064194375691,103.94294892526969,67873.09705668509,77687658.59237461,1.1276500316362807,0.38128874372719623,1.3868750403760612,3.3281415808244796,0.376549632297962,1.2088782810727188,3.2902121157229907,0.5600359423028612,5.394848844581849,-10.415384615384616,0.34415384615384614,0.35707692307692307,0.8613461538461539,0.702,1.2273846153846155,1.1252307692307693
10.4648,0.9453846153846155,13.807692307692307,11.2,249.18076923076922,0.0955239937016268,-17.815384615384616,11.598461538461539,45.40076923076923,-45.40076923076923,1.629793649340629e-07,22.700382696521704,39.318220613056994,22.700386628343654,39.31821834301853,-39.318220613056994,0.0,11219918.978631902,15404305.966616847,0.40278373714951465,0.40849410768505795,1.0647821534012936,1.360919123191639,1.5670145582320532,3.9179210229207606,8873636.318722457,15.985290245290395,6.9991542548910335,0.3620918408977231,-0.009286433006137844,14.072222504256136,0.6364472049256519,685659004.2438482,25.467138732333957,18246.54680703899,15501326.001101691,-7.081395435158112e-07,-4.234959998475658e-08,-13.373785401465932,25.482465457961304,93.9479061120405,93.94941064252492,66.05647121264953,70247.68501703686,79174868.91358973,1.239838924160667,0.37823574821106165,1.344699212299975,3.3165596925470266,0.37287196236432896,1.1627726862169478,3.28033809828264,0.5709754908862001,5.361765824430666,-6.815384615384614,0.6635384615384615,0.49276923076923074,0.9298076923076923,1.4623076923076923,1.2163076923076923,0.9566153846153846
9.312492307692308,1.0666153846153847,10.841538461538462,13.44,240.89615384615385,0.09717986478392844,-18.06153846153846,8.647692307692308,59.49307692307692,-59.49307692307692,2.1356783286229237e-07,29.74653594706435,51.52251741641858,29.746541099315948,51.52251444176473,-51.52251741641858,0.0,10803332.639056563,14537302.99012782,0.4064774572952583,0.4115398184512227,1.1059852852455025,1.4124834230011196,1.6134076706354243,3.932821400643144,8531042.848130468,23.70034990816694,6.607117671889377,0.3835051260643628,-0.021763917266594855,16.041053657343816,0.5232878503020427,591895121.6369963,25.923407581226947,17240.16293342394,14634266.067780705,-8.30755366221604e-07,-4.450829230158003e-08,-14.174889764956585,25.93669473090122,123.80428182854602,123.81043167984951,84.90090125212011,67912.13137932097,77713052.90774369,1.1296850382699573,0.38123892023872535,1.386167343597205,3.327942298939507,0.3764898039179029,1.2080955262848592,3.2900405286384595,0.5603859292044546,5.394306875209181,-7.676923076923076,0.6266153846153846,0.35523076923076924,0.7713461538461539,0.6093846153846153,1.0883076923076924,0.8999999999999999
12.586338461538462,1.0530769230769232,14.066153846153846,12.455384615384615,236.00384615384615,0.09824025342943002,-22.763076923076923,7.656923076923077,61.00076923076923,-61.00076923076923,2.1898013619959205e-07,30.500382037187908,52.82821729276076,30.50038732000949,52.8282142427223,-52.82821729276076,0.0,14192504.005012581,31281384.26457115,0.40877717896420007,0.4134807094355419,1.1316473509589338,1.444507038123918,1.6418659743268464,3.9426070138586127,10084218.723665956,26.15017476524256,4.70181859102017,0.5562126239043522,-0.017742300342515317,19.23053682711965,0.8494024073430635,601237212.3140719,20.042499650185057,33529.34774749397,31378332.48842451,-8.27817364673765e-07,-3.737601115270821e-08,-18.836509077935588,20.049037509345332,182.14372045463023,182.15113451873933,127.11751942726355,66532.91864618515,76794693.05605787,1.029641337889742,0.38314272612476186,1.4116909304049547,3.335345339679665,0.3787332233547867,1.2363334828618842,3.2964319500857484,0.5268460335820657,5.415700391155855,-5.738461538461539,0.4226153846153846,0.36630769230769233,0.8359615384615384,1.3847692307692308,1.1572307692307693,0.8483076923076922
7.557107692307692,1.066,12.964615384615385,11.08923076923077,239.30384615384614,0.09751869518847377,-22.16,7.549230769230769,55.67769230769231,-55.67769230769231,1.998713917638198e-07,27.838843800629224,48.21829732118532,27.838848622458823,48.2182945373007,-48.21829732118532,0.0,10814808.845403481,14071132.637546849,0.4072458873257871,0.41219081844996,1.1142097394537966,1.42277534068664,1.6225628895094197,3.9359586620765925,8638388.936112344,22.36414162556053,7.232587196352825,0.6484716907791837,-0.01720591257713477,13.673615039992846,1.0595502181081982,729239126.5823443,21.3314837441605,16790.045591866652,14168098.551517807,-9.307800748700035e-07,-5.577297717736047e-08,-17.533201016267245,21.34215951553338,117.26635751661254,117.27306006342994,89.26003616466159,67463.23666900789,77418673.81737575,1.1015973215409813,0.38189095346588814,1.3943746577988738,3.3303230075222823,0.3772528059473024,1.2171667676884477,3.292097431097188,0.5530289220274159,5.401751695206269,-10.446153846153846,0.478,0.2186153846153846,0.8928846153846154,0.3423076923076923,1.044,1.314769230769231
9.570953846153845,0.9133846153846155,13.764615384615386,13.686153846153847,249.34230769230768,0.09549347100656405,-16.276923076923076,7.915384615384616,50.754615384615384,-50.754615384615384,1.8219856453998415e-07,25.377305547164543,43.954787520884324,25.377309942643173,43.95478498315355,-43.954787520884324,0.0,10661671.727528451,14854321.100864762,0.4026300587710553,0.4083520722273743,1.0640029381321796,1.3599320303879576,1.5661183702367694,3.9176285913472966,8661733.073972441,18.445198355790133,6.097788389291892,0.6200243487392556,-0.010646731211060382,13.318288949304355,0.9830923546008651,721473701.1243243,21.728196760384453,17653.02611012282,14951319.212903496,-8.024172303439482e-07,-4.3294390018948804e-08,-12.7016509610329,21.742161972691196,102.77941854689963,102.78541898142282,72.29679634822841,70293.22506011209,79202216.29808617,1.2414834478017607,0.37817978543454345,1.3439117251600623,3.3163510235605544,0.3728035191566723,1.161919348860289,3.2801618023582746,0.5708159982240124,5.3611747135421615,-1.76923076923077,0.6404615384615384,0.5426153846153846,0.7782692307692307,0.28200000000000003,0.8667692307692307,1.3726153846153846
9.334030769230768,0.906,11.007692307692308,13.206153846153846,245.02692307692308,0.09633066738900732,-21.323076923076922,18.813846153846157,61.40076923076923,-61.40076923076923,2.2041605341152867e-07,30.700382020281914,53.17462746403522,30.700387337744512,53.174624393996744,-53.17462746403522,0.0,12833150.23184054,16487621.04160551,0.40451209664014387,0.40989029121774656,1.0851124947430801,1.3863475483909897,1.589998154157044,3.9251309745134617,9360078.994296808,24.776780694714667,5.703529053846415,0.3324792428146281,-0.023509314984822463,16.65479348972324,0.49053454016216014,538369263.7213743,26.07899272493435,19127.551231304096,16584575.909733348,-9.068332989168312e-07,-5.4135597602842556e-08,-15.096953989940882,26.09345155496996,137.74639140321713,137.7528644084948,98.62233097107787,69076.65533795925,78455842.93291828,1.1914448980417296,0.379727989394642,1.3652388929352326,3.322114160078845,0.3746776319132819,1.1851192714297132,3.2850525707854032,0.5707709855594085,5.377824066563352,-8.261538461538462,0.33769230769230774,0.46599999999999997,0.9563461538461538,0.844153846153846,1.2692307692307692,1.0218461538461538
7.223261538461538,0.9287692307692308,10.829230769230769,7.753846153846154,238.0115384615385,0.0978002076441913,-22.59076923076923,19.26615384615385,45.77,-45.77,1.6430482697585058e-07,22.884998065531555,39.63798384807958,22.885002029329833,39.63798155957957,-39.63798384807958,0.0,10617967.749422234,8834017.389830261,0.40803912378044555,0.4128921277443499,1.1209966287734525,1.4312584215133712,1.630125601102694,3.9385882622996675,8437921.641662516,14.660323684430962,21.028797920225,0.25977384694112765,-0.028528375737780276,13.994381818056043,0.419278099353874,1038805944.2363535,46.46981746651573,11793.43054746675,8931027.305638,-7.564598268563941e-07,-6.348276194198091e-08,-14.865195679179326,46.44723686830418,78.26226514420992,78.26456992139349,57.78846762240017,67098.91632440602,77176495.59056015,1.0731084783881772,0.3823816076483245,1.4011246949095708,3.332267496433565,0.3778335272425465,1.224613680601199,3.2937707333951245,0.542783708254462,5.40721290092595,-17.43076923076923,0.1586153846153846,0.5195384615384615,0.9544230769230769,1.0487692307692307,0.9172307692307692,1.2212307692307691
7.147876923076923,0.9207692307692308,12.558461538461538,6.092307692307692,241.9576923076923,0.09695564479557112,-23.956923076923076,11.899999999999999,45.308461538461536,-45.308461538461536,1.6264799942361598e-07,22.65422885426924,39.23827980430136,22.65423277809711,39.23827753887827,-39.23827980430136,0.0,10467812.159366585,11410553.871081283,0.40608568547720625,0.41123060802245703,1.100572463693332,1.4057122151805832,1.6073775289248242,3.9308390807640254,8481683.737629717,16.684480836072947,9.111931756258983,0.2630323899304559,-0.014559339177809553,13.736973167241228,0.5290717310576397,694486246.3235385,29.68033018410532,14299.388401116454,11507558.437055571,-7.427488038913099e-07,-5.514466053224145e-08,-18.04069265793191,29.693062285377568,87.27771917663301,87.28019172789189,66.0931344215994,68211.39451952971,77906977.12063186,1.1453635480602085,0.3808569247004898,1.3807565322564497,3.3264247584026796,0.3760308152750551,1.2021224657118834,3.288736155946779,0.5630638194959146,5.390155671285986,-11.061538461538461,0.4161538461538462,0.3146153846153846,0.9444230769230769,0.1506153846153846,0.9738461538461538,0.8249230769230769
11.132492307692308,0.7287692307692307,13.45076923076923,13.28,240.31923076923078,0.09730298518403557,-16.52307692307692,13.321538461538463,55.06230769230769,-55.06230769230769,1.9766228836084032e-07,27.53115151894614,47.685358596147694,27.531156287481867,47.6853558430323,-47.685358596147694,0.0,12305991.119361188,18858056.136457153,0.40673853733862003,0.4117570078049505,1.1089444027030462,1.41619358572658,1.616703340442248,3.933922379253198,9281096.524547108,21.16988108400872,5.640782340437248,0.6027647037185809,-0.013163838076726117,15.569526116518388,0.8882094249060823,670006238.8008568,21.54626958660257,21508.13206569032,18955039.700402375,-8.133360934318863e-07,-4.335919089406878e-08,-12.246730259352749,21.55717132925118,123.78477658914338,123.79084392400028,86.09752264719329,67749.48836833799,77607045.09639996,1.1212204113020579,0.3814464983922936,1.3891191355571395,3.3287747098475093,0.37673901399697424,1.2113627130757065,3.29075771498604,0.5589253082662987,5.396565652639797,-19.8,0.11523076923076923,0.681076923076923,0.8082692307692307,1.0659999999999998,1.1941538461538461,1.4095384615384616
8.892492307692308,0.9866153846153847,10.964615384615385,8.036923076923078,237.15769230769232,0.09798959394211612,-17.876923076923077,9.444615384615386,41.58538461538462,-41.58538461538462,1.492829238355903e-07,20.79269055008658,36.01400051782373,20.79269415148653,36.013998438554495,-36.01400051782373,0.0,9328643.369721472,9686062.56584568,0.4087983059764756,0.41359406310779084,1.1255176335201114,1.4369440306899421,1.6351790464372224,3.9404005576609062,7945795.85646737,10.503478670755458,36.178367158995954,0.36469899976463915,-0.05667300282610981,15.030574437006173,0.440879118021058,1473136041.195547,59.42704794572261,12697.5756830981,9783100.930373777,-5.56524858365381e-07,-3.91818080502509e-08,-13.643206823051704,59.54818870328673,71.52364612489667,71.52961663747597,46.347082061923714,66858.20466815117,77014631.97539368,1.0545045663102228,0.3827055400657797,1.4056066448840223,3.3335679799170532,0.37821659148999653,1.2295754591007504,3.2948932655381267,0.535962302884205,5.410822835555748,-13.184615384615384,0.11707692307692308,0.3709230769230769,0.8882692307692308,0.6869230769230767,0.920923076923077,1.2273846153846155
9.430953846153846,0.7626153846153846,12.724615384615385,9.846153846153847,242.81153846153845,0.0967793762528541,-17.84,9.336923076923076,54.17,-54.17,1.9445908842652011e-07,27.084997710505668,46.91259744484314,27.08500240176528,46.91259473634313,-46.91259744484314,0.0,10774982.106148977,14393473.527010795,0.40560904190354086,0.4108175840167688,1.0962354706149808,1.4002720011205765,1.602508272205309,3.929210089970001,8607794.342740104,20.654914541226418,6.009404126878405,0.47635558565583297,-0.01614250061612877,15.152140356837819,0.7571009550942303,645858701.7737548,22.759006212625327,17151.61185088576,14490455.380039154,-8.119124090579442e-07,-4.526816468226402e-08,-13.913912176066157,22.7715976338927,110.79681286285529,110.80297257584677,79.64877059177208,68452.10617578455,78061268.79085803,1.1580687920261303,0.38053736448828457,1.3764115926902663,3.3252051708519534,0.3756495557003574,1.197348379049476,3.2876908930703133,0.5651898891735151,5.386637089278012,-19.4,0.33953846153846157,0.33584615384615385,0.8421153846153846,0.4543076923076923,1.4735384615384617,0.8224615384615385
12.500184615384615,1.093076923076923,13.856923076923078,7.396923076923077,244.10384615384615,0.09651517858411923,-20.116923076923076,16.66,59.18538461538461,-59.18538461538461,2.1246328116080264e-07,29.592689806222808,51.256048053899775,29.59269493182747,51.25604509463054,-51.256048053899775,0.0,14346995.905134842,26796290.502330177,0.4049408801710039,0.4102478146765589,1.089730577860872,1.3921178992458234,1.5951970016810664,3.926808185480442,10108865.607276162,23.632282317595426,7.198660247545538,0.6235504638070358,-0.018460277743886564,19.829845998956863,1.0068298480935616,689566390.9189935,20.843949108256467,29205.07374840856,26893253.681655712,-7.762141057304492e-07,-4.2637457849351346e-08,-15.172355186936889,20.853254970923874,159.63777367595986,159.64460029525486,111.58845742362561,68816.42652038646,78292420.57259074,1.1774697682801272,0.38007232757846576,1.3698869357631773,3.32339970224259,0.3750896117122787,1.1901921324123943,3.2861478693168227,0.5684560864741673,5.3815993060699725,-19.153846153846153,0.6349230769230769,0.20015384615384615,0.7848076923076923,0.661076923076923,1.4341538461538461,0.9049230769230769
8.461723076923077,1.0272307692307692,13.973846153846154,8.467692307692307,244.40384615384616,0.0964558521175539,-18.984615384615385,11.016923076923078,61.33923076923077,-61.33923076923077,2.2019514307123074e-07,30.669612792113604,53.12133359153145,30.669618104246815,53.121330524569906,-53.12133359153145,0.0,11705002.305836223,15593719.994811654,0.4047735561642887,0.41010288575368326,1.0882211916562146,1.3902310734551309,1.5934934127410938,3.926248239812468,9041175.673180712,24.999284544677213,8.304993158540338,1.0200792017953062,-0.01915903563262815,14.526938057029508,1.5845768731091252,1039221486.5375866,18.02407039737061,18258.996058644723,15690676.563992662,-9.515380539300497e-07,-5.892015516094408e-08,-14.476912178842438,18.034251124405696,134.28743537608298,134.29425567479072,103.75167974471566,68901.00088609761,78345566.20795152,1.1820001557047677,0.37995212367557957,1.3683659112602669,3.322972304015013,0.37494787909638827,1.1885355550874535,3.2857834722885153,0.5691964220872335,5.380247305711452,-12.6,0.5232307692307693,0.4604615384615385,0.9221153846153847,1.3223076923076924,0.8039999999999999,1.0316923076923077
7.6540307692307685,0.9435384615384617,14.029230769230768,11.95076923076923,238.75000000000003,0.0976386003863075,-17.335384615384616,14.592307692307694,52.44692307692308,-52.44692307692308,1.8827359889817765e-07,26.22345932179303,45.420369014737794,26.223463863829803,45.420366392391635,-45.420369014737794,0.0,11411951.644865615,12608114.397824522,0.40754841608593906,0.4124532672254681,1.117110189638263,1.426394278026047,1.6257925319297999,3.9370677899877458,8954264.725313015,19.929262790214125,6.691867525625117,0.7965785666838523,-0.011717449531880307,12.22998070697349,1.2159554792524188,808331934.6324832,20.233538704407433,15430.188267285994,12705106.513033107,-8.68109077113777e-07,-6.133797183990578e-08,-11.927730733787042,20.24412353006956,102.16050444529604,102.16678867566836,76.86981478684027,67307.09937846425,77315288.9235413,1.089339119091314,0.38210130910217044,1.3972625951938238,3.331152891296707,0.3775018447390981,1.220349068773569,3.2928108310943505,0.5486325836688736,5.404092136928938,-17.584615384615386,0.5149230769230769,0.36076923076923073,0.9190384615384615,0.5103076923076924,1.4230769230769231,1.130153846153846
7.094030769230769,0.9546153846153846,13.438461538461539,7.298461538461538,241.58846153846153,0.097033214434316,-17.323076923076925,14.118461538461538,51.831538461538464,-51.831538461538464,1.8606449549519819e-07,25.915767040109944,44.88743028970017,25.915771528852847,44.88742769812324,-44.88743028970017,0.0,10522007.663147261,10119292.959398018,0.4061783664811356,0.4112938503346205,1.1024498081003868,1.4080543374801264,1.609465382089054,3.9315154526765843,8539915.354436735,19.142863186106524,6.880141442096334,0.7304272198215825,-0.014051453954177411,12.475097932262942,1.1121516185340163,787950565.2776835,21.394099230509475,13012.413850662637,10216287.294758262,-8.576064325744515e-07,-6.535621721753651e-08,-11.971259084246114,21.405767958800386,90.99199030145543,90.99875150178487,69.65103977472407,68107.30299250057,77839755.66470565,1.139895021472755,0.3809897958546365,1.3826355448978687,3.326950536683764,0.37619052287913285,1.204194366904733,3.2891876184048554,0.5621323249375102,5.391598797904273,-0.4461538461538481,0.23615384615384616,0.23246153846153847,0.9771153846153846,1.389076923076923,1.172,1.4563076923076923
12.650953846153847,0.9884615384615385,12.176923076923076,12.504615384615384,237.73461538461538,0.09786131047097146,-16.363076923076925,19.223076923076924,54.262307692307694,-54.262307692307694,1.9479045393696703e-07,27.13115155275813,46.99253825359878,27.131156252011824,46.992535540483395,-46.99253825359878,0.0,14166941.097608272,25693524.712883096,0.40805156274084864,0.4128822189419399,1.1224548566455033,1.4330563303477852,1.6317217932691572,3.9391001064571367,10015992.91341699,20.268174218201395,7.271908953786719,0.511938518573039,-0.014882928713506025,20.288757836772334,0.682146040499237,672258221.001574,27.855247872795776,28188.68179260379,25790514.449346483,-7.095483386145839e-07,-3.4495931081828254e-08,-11.604026100109913,27.867524688985817,136.83718819968064,136.84338453826751,91.16384345982762,67020.84767913415,77124180.13309254,1.067055577725407,0.38248667326366376,1.402576343583435,3.3326878736841157,0.3779578050578032,1.2262192812271602,3.294133293301459,0.5405943847349988,5.4083833345516235,-6.476923076923079,0.37923076923076926,0.4973846153846153,0.8713461538461539,1.0789230769230769,0.9984615384615385,1.2409230769230768
8.957107692307693,1.1084615384615386,12.669230769230769,6.252307692307692,240.34230769230768,0.09729802561997004,-22.49230769230769,13.989230769230769,54.23153846153846,-54.23153846153846,1.9467999876681807e-07,27.115766938673975,46.9658913173469,27.115771635262977,46.96588860576997,-46.9658913173469,0.0,11861336.15814508,15547585.231717044,0.4067202825644345,0.4117404092373659,1.1088257469040201,1.4160437173819485,1.6165702652541412,3.93387674468217,9031672.575140707,21.111300784147243,5.88379388294849,0.4023447749442966,-0.019189808755417252,16.33576518975262,0.6768113752076522,607223233.4480042,23.574291963133177,18251.25079095463,15644558.370691983,-7.907880630540969e-07,-5.2838425113153715e-08,-16.99406650851762,23.586164792375733,117.1681291104723,117.17452226121478,86.4253130933615,67755.99408877731,77611307.73847665,1.1215581787194386,0.38143820357340885,1.3890009179992777,3.3287413160804853,0.37672905700136783,1.2112317614206667,3.2907289238836586,0.5589836390170869,5.396475394400751,-14.230769230769232,0.12353846153846154,0.26753846153846156,0.7521153846153846,0.954,1.4058461538461537,0.9972307692307691
8.407876923076923,1.0056923076923079,10.521538461538462,13.784615384615385,239.69615384615386,0.09743418634317991,-17.36,19.00769230769231,48.97,-48.97,1.7579216467134373e-07,24.484997930283598,42.409265218275216,24.485002171210002,42.40926276977521,-42.409265218275216,0.0,10988324.479089778,10328939.834816327,0.4072632409195708,0.41224041880794654,1.1121668448533473,1.4202627129294871,1.6203198815978912,3.935250676422488,8607369.351377936,15.857279914936262,16.178690750351343,0.3339208225428108,-0.017769291773460417,13.715432070714066,0.40181757340175267,895010768.251646,40.61335005851614,13251.317032596611,10425948.538389178,-7.436402782831974e-07,-5.288045058614724e-08,-10.943347137605816,40.613808851105844,86.03032542558451,86.03206820522188,58.009507541446396,67573.83391647637,77491732.22104597,1.1103239873224764,0.38174188388195696,1.392333457741702,3.3297382820609207,0.37707626289507995,1.2149210138532869,3.2915954594369454,0.556150642472021,5.400093932694582,-11.46153846153846,0.585076923076923,0.6284615384615384,0.9644230769230769,0.7321538461538462,1.3073846153846154,0.7523076923076922
13.060184615384616,1.0881538461538462,11.9,11.076923076923077,245.09615384615384,0.09631697604090853,-18.11076923076923,20.25692307692308,41.893076923076926,-41.893076923076926,1.5038747553708002e-07,20.94653669092812,36.280469880342544,20.946540318975007,36.28046778568869,-36.280469880342544,0.0,13203812.444812534,21888342.083861165,0.4048249137741547,0.4102140004380877,1.0847757118849133,1.38597436232077,1.5896639645362094,3.9250916136470506,9630668.96233797,12.159002783253044,20.957491758378428,0.45843421408196644,-0.018441999580979595,19.525459503359723,0.6240746854433605,1129408940.8388493,49.08750028307465,24624.63999910593,21985384.37850699,-5.598708902618576e-07,-3.030937814063133e-08,-12.763732169640981,49.08264711410176,98.1034142262148,98.10495836187522,61.656075136234165,69096.1724992772,78467937.29582822,1.1924975964496742,0.3797030705846607,1.3648919559693526,3.3220191557917547,0.3746475806759651,1.1847407229217866,3.284971740271545,0.5709459347272933,5.37755477997945,-9.276923076923076,0.6478461538461538,0.43000000000000005,0.9328846153846153,0.48015384615384604,1.128923076923077,1.3172307692307692
9.21556923076923,1.0703076923076924,14.170769230769231,8.73846153846154,241.4269230769231,0.09706732611072771,-21.729230769230767,20.903076923076924,46.354615384615386,-46.354615384615386,1.6640347520868106e-07,23.177305733130485,40.144275636865316,23.17730974755794,40.14427331913454,-40.144275636865316,0.0,13206665.450338047,16667419.884912558,0.40627994015612706,0.41138344821101785,1.1032743055956078,1.4090902857723744,1.610388430484992,3.9318236008658003,9689240.812875852,16.88541066364007,6.631950353666043,0.3653842835943121,-0.010244644612439187,14.412437971019823,0.7354189420817641,675239812.0444406,24.785110023193614,19442.26929767026,16764430.19906136,-7.112168582272134e-07,-5.498844963459918e-08,-14.660510046695531,24.79776765280116,101.4370238771256,101.43843438315878,74.18615919104637,68061.76294942536,77810241.38398942,1.1375076643618052,0.38104792912824503,1.3834586239942885,3.3271812572105715,0.3762603783130205,1.2051027368219245,3.2893858830415716,0.5617239800805038,5.392230497393757,-6.200000000000001,0.5619999999999999,0.18353846153846154,0.9659615384615384,0.5512307692307692,1.4821538461538462,1.2113846153846155
9.603261538461538,0.9958461538461539,10.786153846153846,9.206153846153846,235.24230769230772,0.09840857549878733,-17.175384615384615,8.453846153846154,61.46230769230769,-61.46230769230769,2.2063696375182662e-07,30.73115124845022,53.22792133653898,30.73115657124221,53.22791826342359,-53.22792133653898,0.0,10901336.17083063,15372308.09046961,0.40922589321574415,0.41387581785468014,1.1357285856079253,1.4496149315443498,1.646374283943483,3.9442188609081086,8551083.574074047,25.18682707823977,6.624829698160948,0.4208906388442722,-0.02816512976136393,18.724009412304884,0.5795601052921389,618257446.3289301,25.053602173601575,18034.969458474632,15469266.986948121,-7.331162462010327e-07,-4.065939907716359e-08,-13.678046704190317,25.064455108915553,129.2346986749115,129.24077611549845,86.35126958928406,66318.2298716876,76647739.18673398,1.0134105298237792,0.3834309597952447,1.4157238628821234,3.3365311582580897,0.3790735977983401,1.2408272402215064,3.2974614741472434,0.5208850053655758,5.418918895327071,-9.092307692307692,0.2896923076923077,0.6524615384615384,0.9886538461538461,0.7795384615384615,0.74,1.3295384615384616
13.264800000000001,0.789076923076923,12.472307692307693,13.772307692307692,235.21923076923076,0.09841373791953133,-16.338461538461537,17.327692307692306,55.09307692307692,-55.09307692307692,1.9777274353098929e-07,27.546536133030294,47.71200553239957,27.546540904230714,47.71200277774572,-47.71200553239957,0.0,13892644.35767926,25933052.226106524,0.4092028290117578,0.4138505373443122,1.1358519310111608,1.4497630091882505,1.6465040831157691,3.944254114925741,9894416.520159444,21.03322863458044,6.6948650154,0.5187803213893694,-0.014169213885591735,19.416142148277824,0.708409220816111,664578520.6360365,26.711155459304035,28408.25603514011,26030038.0249291,-8.091951128065246e-07,-3.595083818011302e-08,-11.850119231720406,26.72192960992553,140.27581183112002,140.28212114556177,97.567567024858,66311.72415124829,76643267.23739372,1.0129208756912687,0.38343969740403727,1.4158462630879523,3.3365672515894387,0.3790839117170699,1.2409638242725551,3.2974928521163194,0.5207047053925384,5.419016540559649,-5.800000000000001,0.6229230769230769,0.44753846153846155,0.9971153846153846,0.7213846153846154,1.2421538461538462,1.4858461538461538
8.580184615384615,0.7570769230769231,11.758461538461539,11.556923076923077,239.4192307692308,0.09749386121476172,-18.22153846153846,18.167692307692306,46.262307692307694,-46.262307692307694,1.6607210969823414e-07,23.131151890878023,40.06433482810967,23.131155897311395,40.064332514994284,-40.06433482810967,0.0,11069108.693141606,10917154.858463079,0.40739371569498584,0.4123503984966152,1.11361150907512,1.4220606387430723,1.6219268257452943,3.935791587276397,8689389.31624763,15.791227510430684,12.182280850810487,0.29950556736275663,-0.013545415939545185,13.5524131232235,0.44797635917036926,794654074.6207652,34.21135488661105,13850.065770490663,11014173.2660215,-7.318312460134304e-07,-5.280679291598226e-08,-11.950749767149151,34.21852479573483,82.39497589098957,82.39688517105307,57.670174626511596,67495.76527120454,77440130.34433341,1.104160322210384,0.3818471043095242,1.3937738986762067,3.33015074839706,0.3772008836276859,1.2165055333584973,3.2919494972177734,0.5539458427377705,5.40126396027906,-10.169230769230769,0.5961538461538461,0.1503076923076923,0.8117307692307693,1.152153846153846,0.9726153846153847,1.172
7.6648,0.9029230769230769,13.881538461538462,7.6923076923076925,246.6653846153846,0.09600803410721531,-21.852307692307694,13.192307692307692,59.67769230769231,-59.67769230769231,2.1423056388318623e-07,29.83884363156928,51.682399033929876,29.83884879980904,51.682396050045256,-51.682399033929876,0.0,11914937.156402241,15022795.730703868,0.40372139945422436,0.40922703762060636,1.0770020740199846,1.3762001042088399,1.5808373983479749,3.9221997574877494,9127255.166845065,24.058955242185014,6.374173120228556,0.8559258538295025,-0.01931483089015546,14.12251397297839,1.3092401753225211,847675498.1576533,18.77230588037034,17704.86975841406,15119752.143489666,-9.746424807855232e-07,-6.659021563593243e-08,-16.28758564757458,18.783531845917516,130.22155860769521,130.22865806572628,103.37807586751171,69538.56148915098,78742353.50829236,1.214371656831319,0.3791314385996223,1.3570626136919381,3.3198809914958427,0.373959161804072,1.1762125978791869,3.2831544164717816,0.5735508471008748,5.371356620911299,-6.169230769230769,0.5786153846153846,0.22323076923076923,0.7671153846153846,0.22384615384615383,1.1400000000000001,0.98
12.080184615384617,1.022923076923077,12.004615384615384,8.393846153846154,238.3576923076923,0.09772421023276953,-23.00923076923077,11.62,47.15461538461538,-47.15461538461538,1.6927530963255433e-07,23.577305699318494,40.83709597941422,23.577309783027978,40.83709362168345,-40.83709597941422,0.0,12569197.203497743,22707925.36008027,0.40782734960017375,0.4127046076234722,1.1191726696690076,1.4289756440648063,1.6280930213812252,3.937867498480857,9337879.556686722,17.252758705726944,9.814648145804588,0.3103188141609979,-0.015776091595156007,20.396916037720313,0.4151790095673326,667225404.9171792,33.63474267558714,25299.818569682782,22804923.901405036,-6.634830140218992e-07,-3.252442580587831e-08,-18.405611261980436,33.648504013624844,117.57987539510734,117.58072647075993,80.7631910059217,67196.50213099581,77241686.82741034,1.080700400423624,0.3822502440094217,1.3993126917009429,3.331743867853932,0.3776781051562654,1.222611575819511,3.2933195347089232,0.5455234994518859,5.405750039783748,-19.369230769230768,0.6533846153846153,0.5832307692307692,0.8186538461538462,0.7235384615384615,0.8446153846153845,0.9873846153846153
9.387876923076924,0.9478461538461539,11.961538461538462,11.396923076923077,237.3423076923077,0.09794846276662948,-22.516923076923078,13.73076923076923,58.97,-58.97,2.1169009496975985e-07,29.48499750763373,51.06951950013661,29.485002614585536,51.069516551636596,-51.06951950013661,0.0,12329597.112418337,17088156.193504173,0.40817239208787326,0.41297356119873274,1.1245282640931566,1.4356323870576393,1.634008735421336,3.9398789123715887,9182028.24213692,24.267883201164423,5.373371743498502,0.3728154334196629,-0.021424755645717344,16.427007810425913,0.5952963470415038,558146106.5162163,23.68096618097878,19708.231201790048,17185113.578141775,-8.960509041057874e-07,-5.198684752789166e-08,-17.077962866255795,23.691762750030936,134.75802027574608,134.76455142686387,98.64030182930645,66910.25043166574,77049715.02905862,1.0585118070530644,0.3826355490082721,1.404636138686557,3.3332857600485273,0.3781338387394009,1.2284998437644836,3.2946494228922116,0.5374173047920434,5.410042646155251,-3.7076923076923087,0.14015384615384616,0.454923076923077,0.8409615384615384,1.4666153846153847,1.1670769230769231,1.1227692307692307
11.57403076923077,1.042,13.136923076923077,12.086153846153845,243.94230769230768,0.09654792825802284,-23.316923076923075,13.213846153846156,42.50846153846154,-42.50846153846154,1.5259657894005948e-07,21.254228972611205,36.81340860538017,21.254232653951963,36.81340647995709,-36.81340860538017,0.0,12239834.677449526,18840496.459511444,0.40521379975511046,0.41051154451724037,1.090544869443707,1.393165818685747,1.5961399610207512,3.927158568157985,9242881.140979279,15.309799014391714,9.144917568346266,0.24874727402902977,-0.009861210405049463,15.47680560314205,0.48216888431150007,667949610.4645872,31.374142677973243,21592.834944469272,18937517.05935374,-6.77364494958095e-07,-3.970773703291749e-08,-17.786715956070175,31.387846761721228,98.37357228148164,98.37468386478788,67.87916144465106,68770.88647731124,78263676.95066614,1.175033675767061,0.3801304608131193,1.370700391504504,3.3236239637616714,0.375159647915043,1.1910826676285438,3.28633922008473,0.5680478035348799,5.382228508464117,-2.046153846153846,0.42353846153846153,0.31553846153846155,0.8909615384615385,1.2383076923076923,0.7301538461538462,1.0895384615384616
6.900184615384616,0.834,12.503076923076923,12.406153846153845,237.98846153846154,0.09780528924128949,-17.126153846153848,12.804615384615385,45.09307692307692,-45.09307692307692,1.6187481323257317e-07,22.54653655568016,39.05175125053819,22.546540460855176,39.05174899588433,-39.05175125053819,0.0,9928113.981853388,9049018.096339924,0.4080914591414317,0.4129433916970454,1.1211187064212504,1.4314167744977362,1.6302668737876118,3.9386444922766684,8281527.339112017,15.854751501726856,10.134791889682944,0.33422070234281637,-0.010667609306381158,11.403071896183702,0.5971094097084718,770613363.3100431,29.269034739037696,12039.97319765843,9146042.131645177,-7.722105115611563e-07,-5.532625773465027e-08,-11.780865359477339,29.27489325920284,74.95157485921422,74.95430137971216,53.867676863885826,67092.41060396667,77172141.4373293,1.0726033677680105,0.38239036324738174,1.4012455917647366,3.332302476136566,0.3778438844121807,1.2247473248310148,3.2938008874294296,0.5426011744745503,5.4073104221911334,-5.769230769230768,0.3995384615384615,0.4447692307692308,0.8748076923076923,0.6223076923076922,1.4464615384615385,0.9689230769230769
9.700184615384616,0.7410769230769231,11.918461538461539,7.458461538461538,236.90384615384613,0.09804633664916317,-19.07076923076923,19.02923076923077,48.323846153846155,-48.323846153846155,1.734726060982153e-07,24.161921034516357,41.84967955698571,24.161925219484196,41.849677140793396,-41.84967955698571,0.0,11684435.51530598,13778367.196771564,0.40855965897397883,0.41333160690964194,1.1268573425053083,1.4385629687510089,1.6366097469899792,3.9408214938505353,8933593.107439844,17.053650945105378,10.079667897573255,0.31448488619722775,-0.015809009645721607,16.476615091851563,0.46019584296268445,713528531.8333902,31.276292462019438,16608.492083160756,13875374.428984972,-6.708513317672965e-07,-4.75043397599735e-08,-13.186634985012434,31.28676339156005,94.03484014845921,94.03630848354722,64.5915631041773,66786.64174331866,76966296.968815,1.0490080349021456,0.3828017588260246,1.4069424406910138,3.3339570014484483,0.37833033529908794,1.2310569912388158,3.2952296023511685,0.5339633694453984,5.411895638946866,-15.399999999999999,0.4115384615384615,0.4226153846153846,0.7801923076923077,1.1607692307692308,1.4772307692307691,1.327076923076923
13.55556923076923,1.0136923076923077,13.204615384615384,12.184615384615384,242.2576923076923,0.09689424141188624,-22.196923076923078,12.438461538461539,41.67769230769231,-41.67769230769231,1.4961428934603723e-07,20.83884439233904,36.093941326579376,20.838848001733073,36.09393924269476,-36.093941326579376,0.0,13454668.402684642,27187655.60218674,0.4060105930636967,0.4111787039570034,1.0990432309380558,1.403808044951114,1.605670083141484,3.9302739739660963,9818194.159121545,14.727533893804072,10.0425173360637,0.2963863081538588,-0.009434186772015738,19.043421104072056,0.42531275514950795,675773896.0050656,34.05331878530448,29752.150002967235,27284683.164454304,-6.099371995037948e-07,-2.8734087964666417e-08,-17.5619651065397,34.067873540333046,110.76671085757496,110.76739604284427,73.73681618173828,68295.96888524084,77961291.00831425,1.1498155815680142,0.3807366514032636,1.3792199669703635,3.3259870150519126,0.3758892876307849,1.2004377012799976,3.2883608174377366,0.5637901030365129,5.388799074884509,-12.723076923076924,0.13461538461538464,0.5647692307692307,0.9213461538461538,0.8743076923076921,1.1584615384615384,1.1535384615384614
6.781723076923077,1.0432307692307692,11.678461538461539,12.984615384615385,241.28846153846152,0.09709663279288638,-16.28923076923077,15.604615384615384,60.90846153846154,-60.90846153846154,2.1864877068914513e-07,30.454228194935446,52.74827648400512,30.454233469762947,52.74827343858203,-52.74827648400512,0.0,10869511.32689678,9830864.974647243,0.40627036957994306,0.41136223854738474,1.103979066365663,1.409964985851334,1.6111667673995922,3.932072158661264,8606417.48801937,24.219675131203633,6.303513603732897,0.6551807835463719,-0.020178275174954626,12.653601993589929,0.9216376413938401,710110461.6429858,21.566332712590025,12655.65124490176,9927830.573286757,-9.651000922116676e-07,-6.890771037465571e-08,-10.665222613707654,21.578389789679584,107.21116985603375,107.21782424053207,79.0568974127445,68022.72862678944,77784906.11288804,1.1354637172057827,0.38109775199443297,1.384164553566926,3.3273793364228568,0.37632024165125183,1.2058822838804912,3.2895561880382846,0.5613740045394922,5.392772010875861,-3.2153846153846146,0.298,0.5315384615384615,0.8471153846153846,1.178,1.0624615384615383,1.2249230769230768
9.657107692307692,1.0869230769230769,13.167692307692308,11.52,237.68846153846152,0.09787152014631977,-19.39076923076923,20.063076923076924,45.15461538461538,-45.15461538461538,1.6209572357287112e-07,22.57730578384847,39.10504512304195,22.577309694352873,39.10504286531117,-39.10504512304195,0.0,12365955.610174565,14296291.540172791,0.408168468235068,0.41299733154619345,1.1227009183717571,1.4333776756766987,1.6320087329166502,3.939224494264907,9279465.972776078,16.068348075283954,8.758536351518451,0.29960377669668553,-0.010047262697171546,13.850154318205313,0.5217096976384651,686392350.1918828,28.814357437117554,17152.71433227787,14393313.240049023,-7.158659681193013e-07,-5.19710142971187e-08,-12.722345305905534,28.82563509552242,91.0914836265237,91.09296118908264,64.76643197702651,67007.83623825552,77115447.26411986,1.066048486105292,0.3825041768863213,1.4028184593341053,3.3327580599056694,0.3779785068366227,1.226487184747816,3.2941938483092335,0.5402296927761048,5.40857834015103,-5.523076923076925,0.2998461538461538,0.39492307692307693,0.8775,0.5210769230769231,0.7461538461538462,1.0673846153846154
12.112492307692307,1.0543076923076924,14.361538461538462,13.698461538461538,238.17307692307693,0.09776468918319867,-19.341538461538462,11.189230769230768,52.323846153846155,-52.323846153846155,1.8783177821758175e-07,26.161920865456413,45.31378126973027,26.161925396834413,45.31377865353795,-45.31378126973027,0.0,12897381.318920244,22933794.498270843,0.40780942986915986,0.41267166943271155,1.1201419292588748,1.4301687679406636,1.6291538714172635,3.93821027418386,9570635.627960829,20.33011322250726,6.234116486352537,0.6125682003293336,-0.011071992686445072,15.805500406886093,1.0056190016316016,665797606.3760018,21.338201891192778,25487.544059477455,23030780.634055503,-8.042239634549236e-07,-4.1277525179025514e-08,-15.030183666164566,21.348169128759515,131.71031879233885,131.71667435228397,93.12521170495829,67144.45636748124,77206946.57687435,1.0766478719040318,0.38232031031996594,1.4002787311129081,3.332022881152052,0.37776100916628524,1.2236787024674527,3.2935599018779715,0.5440618624343478,5.406530230993862,-17.953846153846154,0.5758461538461538,0.32384615384615384,0.8051923076923077,1.0207692307692307,0.9024615384615384,1.2323076923076923
12.715569230769232,0.8961538461538462,13.038461538461538,9.353846153846153,237.91923076923078,0.09782054526144672,-20.793846153846154,19.58923076923077,60.262307692307694,-60.262307692307694,2.163292121160167e-07,30.13115129916821,52.188690822715614,30.131156518037145,52.188687809600225,-52.188690822715614,0.0,14949756.95066427,27868045.77661819,0.40788911971214603,0.41273216872775476,1.1214789537122014,1.431828842102133,1.6306299365221233,3.938707583057088,10308247.905922946,24.67202166818155,4.783030542163104,0.46023456851194927,-0.02019010530059771,20.806018626367983,0.7271603678545906,587181059.4892738,22.556777320732774,30232.143695847346,27965005.48622444,-7.772342214310373e-07,-4.21201953070904e-08,-15.339641491861835,22.56573998671328,165.83926351019733,165.8461541759334,114.10812270598166,67072.89344264871,77159073.00993797,1.0710888106605072,0.38241663109020424,1.4016083727881214,3.332407474850726,0.37787495706922714,1.2251484566890054,3.293891420436715,0.5420536631879893,5.407603017496265,-16.076923076923077,0.5324615384615385,0.48169230769230775,0.8125,0.24538461538461537,0.8606153846153846,1.2975384615384615
13.318646153846153,0.9810769230769232,13.493846153846153,7.7784615384615385,237.38846153846157,0.09793819801588491,-23.39076923076923,18.576923076923077,58.323846153846155,-58.323846153846155,2.0937053639663142e-07,29.161920611866492,50.509933838847104,29.161925662859733,50.50993092265479,-50.509933838847104,0.0,15244095.021823881,30402334.910827268,0.4081375305556596,0.412941792330059,1.124283727313216,1.4353245096955567,1.6337351690675743,3.939777587579716,10444593.177489657,23.858647760662247,4.691421338272605,0.4253459499471014,-0.019319232221053154,21.362733166715536,0.689230206405737,596722594.0059695,22.6313179890364,32703.678253929265,30499294.570832886,-7.682092084486328e-07,-4.145582901735186e-08,-17.77551570912198,22.639640194755806,168.90689382571406,168.9140137425418,117.36709714747865,66923.26187254435,77058476.4987921,1.059514867731441,0.38261804175348396,1.4043936434563309,3.333215292252387,0.3781131387839762,1.22823117163501,3.2945885543001556,0.5377812109958254,5.409847482897093,-8.815384615384616,0.11984615384615385,0.5712307692307692,0.8659615384615384,1.2167692307692308,0.9196923076923076,1.3886153846153846
7.761723076923077,1.0973846153846156,11.813846153846153,12.627692307692307,241.7269230769231,0.0970040408043695,-17.593846153846155,15.97076923076923,53.09307692307692,-53.09307692307692,1.9059315747130605e-07,26.546536217560266,45.9799546760273,26.546540815555606,45.97995202137344,-45.9799546760273,0.0,11035972.709469363,10929409.039203092,0.4061410299148547,0.4112675223774555,1.1017451785068235,1.4071752705467524,1.6086820815863492,3.93126260175658,8680161.613676261,19.59254061598342,7.413726742530997,0.3827856948802552,-0.01527129506403339,13.182774876803942,0.5906662669181789,663224108.9059358,25.95047549416587,13790.82634282299,11026398.718319006,-8.390891043151088e-07,-5.8408551745495425e-08,-11.830513289106413,25.963355319027503,95.71793328691533,95.72405649869563,68.27309910832456,68146.33731513651,77865018.771831,1.1419438066259233,0.3809399772743272,1.3819305130481223,3.3267531132635733,0.3761306477779645,1.2034166916415776,3.2890180484745146,0.5624823194123606,5.391057636054064,-11.123076923076923,0.3090769230769231,0.394,0.9582692307692308,1.3955384615384616,0.7867692307692308,0.8803076923076922
13.167876923076923,0.7552307692307693,12.478461538461538,11.926153846153847,241.49615384615385,0.09705269785463089,-20.584615384615383,13.084615384615384,60.17,-60.17,2.159978466055698e-07,30.084997456915747,52.10875001395998,30.085002667790604,52.10874700545997,-52.10875001395998,0.0,14709791.461207002,32174873.0498982,0.4061374458693786,0.4112443557910562,1.1029186394631152,1.408627636037105,1.6099748849552222,3.9316579335047077,10251557.568750784,24.332069593777664,5.181270076542081,0.4605228385746317,-0.020083485100250757,22.218141436982275,0.6668149376610396,587412501.4098616,25.188841991290097,34434.05219095843,32271830.623350214,-8.172201017059745e-07,-3.4045996430580396e-08,-16.340048014529756,25.199192411994588,176.5048983894921,176.51212756933728,123.46924682927587,68081.28011074328,77822894.89289582,1.1385304417306885,0.3810230117914823,1.3831057441050718,3.3270823102628273,0.3762304397949447,1.2047132907681004,3.289300854750914,0.5618990058100619,5.391959718165815,-2.353846153846156,0.43646153846153846,0.27676923076923077,0.9098076923076923,0.6416923076923077,0.9861538461538462,1.117846153846154
11.552492307692308,1.0592307692307692,12.515384615384615,10.990769230769232,248.18846153846152,0.09571159222364142,-20.20307692307692,8.776923076923076,52.93923076923077,-52.93923076923077,1.900408816205612e-07,26.469613147139494,45.84671999476789,26.46961773181137,45.84671734780635,-45.84671999476789,0.0,12133696.490604993,21462042.84184613,0.4031480420861147,0.408777178989698,1.0695800956801833,1.366912407587576,1.572450727374402,3.919589142733123,9179999.820467621,19.86566386723595,5.870164161608041,0.3452666384710334,-0.015855385174199346,18.279849044522216,0.571206091222543,571788113.6387336,25.319272907963384,24052.311788603878,21559023.455139,-7.068096745725788e-07,-3.4718400184636806e-08,-16.332356870769946,25.334150994690532,128.77251079178015,128.77876469423143,86.02460685205669,69967.93903814608,79006259.19316036,1.229744885130034,0.3785916974163665,1.349561537498415,3.3178614886433007,0.37330366740906934,1.1680440938189547,3.2814397160582987,0.5719607992977727,5.365584042037982,-15.061538461538461,0.1336923076923077,0.6829230769230769,0.9409615384615384,0.7278461538461538,0.7043076923076923,1.1215384615384616
7.8048,1.0130769230769232,13.74,9.723076923076924,237.11153846153846,0.09799989473081584,-18.8,14.44153846153846,51.308461538461536,-51.308461538461536,1.8418675760266563e-07,25.654228600679318,44.43443237341819,25.65423304412243,44.4344298079951,-44.43443237341819,0.0,11318206.153287927,12617210.185411926,0.408337112548073,0.41312236316648376,1.125752312721092,1.437167399820059,1.6353711466217378,3.9403653967395806,8879906.64811473,19.47563872215866,6.599603478764227,0.6883693575338504,-0.012668523849084849,12.883412160835094,1.1051290349081053,753871742.466668,21.46923556938944,15438.89572395012,12714203.199731743,-8.421622359126403e-07,-6.025883848672209e-08,-13.255029263890947,21.479710737424774,100.31478476178461,100.32110852219061,75.98930930860016,66845.19322727251,77005851.98205192,1.0535040600351107,0.3827230283302053,1.4058494026795925,3.333638622162321,0.37823726938067465,1.2298446410361836,3.2949543272956117,0.5355987159750599,5.4110177669077935,-16.446153846153845,0.39492307692307693,0.18815384615384617,0.8028846153846154,0.7623076923076922,1.2015384615384614,1.3935384615384616
7.072492307692308,0.8007692307692308,10.773846153846154,10.006153846153847,236.78846153846155,0.09807213963375537,-18.689230769230768,18.253846153846155,57.06230769230769,-57.06230769230769,2.0484187442052353e-07,28.531151434416163,49.41740945251997,28.53115637615697,49.41740659940458,-49.41740945251997,0.0,10790741.891971525,9227619.006135754,0.40848914066244324,0.4132509693044754,1.1274677568495324,1.439307709422955,1.6372683985588108,3.941029378302376,8506972.051944995,21.80637054493949,7.964419794848691,0.34371113077844095,-0.023180550169623858,14.048875635882741,0.49682146966501295,644943150.4337528,27.408455176750703,12081.773023139976,9324592.958607782,-8.967975301300695e-07,-6.866783860309157e-08,-12.133809619460783,27.420438961930024,97.4656328413231,97.47219647162228,71.99322544840612,66754.11314112201,76944330.25245288,1.0465103713913093,0.3828455346781516,1.407550304043006,3.3341342741866318,0.37838206300197597,1.231731418276168,3.295382918354303,0.5330047539249623,5.412384559835485,-4.230769230769232,0.23430769230769233,0.526,0.8763461538461539,1.2447692307692308,1.176923076923077,1.3566153846153846
11.983261538461539,0.994,13.703076923076923,12.344615384615384,246.68846153846155,0.09600348887578054,-23.858461538461537,18.03846153846154,51.431538461538466,-51.431538461538466,1.8462857828326156e-07,25.71576705701594,44.54102011842572,25.71577151111783,44.541017546848785,-44.54102011842572,0.0,14291993.421410158,23872891.449970108,0.40376107390200716,0.4092693862773927,1.0768903038507527,1.3760667157042288,1.5807175991063946,3.9221714826313274,10095933.84700498,19.414337375940136,5.198486414595761,0.33958748048509935,-0.012609025484280093,16.847813853994626,0.6102715659040453,591444675.2144927,24.15624844557807,26406.394945614884,23969873.65206065,-7.957018463056903e-07,-4.660987685425816e-08,-17.61334412990689,24.16953400461303,133.63610875516883,133.64265847923377,95.63120185482153,69545.06720959028,78746369.21244088,1.2146031005213949,0.3791234513885545,1.3569487481321116,3.319850325378461,0.3739494197436372,1.1760882130410888,3.2831283296380267,0.5735269841939178,5.3712719010540395,-1.0307692307692307,0.6459999999999999,0.3367692307692307,0.9036538461538461,0.35523076923076924,1.0895384615384616,1.3283076923076922
9.237107692307692,1.088769230769231,12.823076923076922,7.975384615384615,244.81923076923078,0.09637225779161242,-20.4,13.70923076923077,52.723846153846154,-52.723846153846154,1.892676954295184e-07,26.361920848550415,45.66019144100472,26.361925414569434,45.66018880481241,-45.66019144100472,0.0,11779953.296192175,15495262.64460292,0.4046757514219213,0.4100389337722156,1.086148916166584,1.3876533157842224,1.5911746811642766,3.9255230803300503,9025843.256460518,19.839386698051904,6.1052159629388605,0.4159054703586444,-0.016356396398847308,15.882092397018457,0.6927859199119678,628911639.4385608,23.823141596522593,18233.371491330283,15592245.993306609,-7.552176740381665e-07,-4.915508414541068e-08,-15.27788833480066,23.836772954417214,112.10529840129543,112.11148879947496,80.65581758563478,69018.1038540054,78419161.5695619,1.1882903944173313,0.3798027135462713,1.366280201365767,3.322399550451854,0.37476774745355634,1.186256204652331,3.285295516981412,0.5702467905821214,5.378631671476735,-19.523076923076925,0.1863076923076923,0.5296923076923077,0.9490384615384615,0.13553846153846155,1.4563076923076923,1.1498461538461537
9.054030769230769,0.7293846153846153,12.306153846153846,8.504615384615384,239.90384615384616,0.09738953286112764,-16.51076923076923,19.826153846153844,48.47769230769231,-48.47769230769231,1.7402488194896017e-07,24.23884410493713,41.98291423824512,24.238848303228437,41.9829118143605,-41.98291423824512,0.0,11512615.92552145,12112746.931316674,0.4071378456325231,0.41212987375912336,1.1110848461023928,1.4189103518859032,1.6191099487023088,3.934831961131492,8896437.387542006,17.028815284487557,8.972409466831857,0.35412699174998374,-0.013670493033719876,14.924080814486853,0.5499880645493869,710704746.18896,28.570232622537794,15004.39035417915,12209760.410877839,-6.896270183721289e-07,-5.199747084611225e-08,-10.615942221395025,28.58189323420444,88.91125647499247,88.9130142738499,62.04554762132036,67632.38540043023,77530383.2409564,1.1149512388830918,0.3816630636111978,1.3912546411315978,3.3294299259658735,0.37698286112044604,1.2137349055026276,3.291330910907027,0.557732298482283,5.399218582377348,-17.369230769230768,0.26107692307692304,0.3533846153846154,0.9378846153846154,0.8893846153846153,0.9492307692307692,1.3073846153846154
8.967876923076922,0.8106153846153846,13.826153846153847,6.4,237.2269230769231,0.09797415623805314,-20.22769230769231,14.872307692307693,47.30846153846154,-47.30846153846154,1.6982758548329922e-07,23.65422876973927,40.97033066067364,23.654232866772222,40.97032829525055,-40.97033066067364,0.0,11579632.764369,14607381.733911477,0.40834193382866585,0.41313642316575866,1.1251419241393041,1.436414230721337,1.634703809063712,3.940144702081208,8996324.672655204,17.527771360780715,6.872341679389312,0.41433148731461344,-0.011735985817444273,14.479203326107413,0.7717774514940008,695242128.0119913,23.988878133934236,17416.19533119452,14704388.35814659,-7.171251926481e-07,-5.101836934588105e-08,-14.758917923381292,23.99965753162763,97.42270369761175,97.4243578207295,71.36720281444934,66877.72182946914,77027795.06311598,1.0560063167852032,0.38267929248944593,1.4052426104135702,3.333462076799855,0.3781855611306314,1.2291719572286472,3.294801754528305,0.5365078092575728,5.410530225168196,-14.446153846153846,0.49276923076923074,0.37830769230769223,0.8032692307692307,0.38323076923076915,1.3812307692307693,0.831076923076923
8.709415384615385,0.9847692307692308,13.278461538461539,7.384615384615385,236.67307692307693,0.09809675169298053,-20.326153846153847,13.967692307692307,44.723846153846154,-44.723846153846154,1.605493511907855e-07,22.36192118667031,38.73198801551561,22.361925059869005,38.731985779323296,-38.73198801551561,0.0,11133076.708543066,13250917.220311731,0.40867751942187597,0.41343282843472484,1.1280841580062597,1.4400940453360689,1.637966128930341,3.941294520487821,8787558.369903851,16.284731471699796,8.584831543721752,0.31513174733856364,-0.011353315521278393,14.165531635553258,0.6362897743643614,715503500.6863198,27.579831940218007,16121.562546012505,13347935.192869037,-6.814251219959733e-07,-4.8752812493371055e-08,-14.878904666545763,27.58986699210796,88.3361381447776,88.33789264654966,63.692288026150436,66721.58453892544,76922301.52973475,1.044020374544393,0.38288925994795425,1.4081582844128666,3.3343116990049997,0.3784337405311002,1.2324064221347408,3.2955364556888456,0.5320977423909317,5.412872263324368,-3.584615384615386,0.3986153846153846,0.49,0.9055769230769231,0.506,0.948,0.7141538461538461
13.070953846153847,1.0813846153846154,11.74,7.716923076923077,235.9576923076923,0.09825032945273918,-17.236923076923077,19.416923076923077,59.431538461538466,-59.431538461538466,2.1334692252199445e-07,29.715766718896045,51.46922354391483,29.715771865818258,51.469220572337896,-51.46922354391483,0.0,14298671.989407523,27942505.077245533,0.4088430692944738,0.41354389224476645,1.13189489799274,1.4448224139742036,1.6421452252769662,3.9427149792409533,9997392.606413767,23.391586011085813,6.869519612051013,0.5903566958129802,-0.023268106870063705,24.04954965903452,0.809234267641517,712070195.0922102,27.32734256293312,30328.347255193465,28039474.971625127,-7.560714103949919e-07,-3.5281401296002846e-08,-12.565390912284617,27.337877787758107,157.40626087850973,157.41284610724895,107.07087642092513,66519.9072053065,76785825.53347391,1.0286536426513475,0.38316020524135225,1.4119349656677185,3.335416921106244,0.3787538681125884,1.2366050464566036,3.296494023708813,0.5264843099074915,5.415895509717956,-9.43076923076923,0.20753846153846153,0.5592307692307692,0.8671153846153846,1.3912307692307693,0.7658461538461538,1.0304615384615385
12.317107692307694,0.7761538461538462,10.589230769230769,8.27076923076923,249.52692307692308,0.09545869066894169,-22.172307692307694,18.64153846153846,48.785384615384615,-48.785384615384615,1.751294336504499e-07,24.39269024577867,42.24938360076393,24.392694470716915,42.24938116149469,-42.24938360076393,0.0,12954262.516257718,21862320.754198227,0.40260488264120453,0.40834276223797844,1.0631172121943469,1.3588302525214249,1.5651179532784725,3.9173297095417787,9438572.929406747,15.590565633796993,16.499088773993087,0.4260060765713232,-0.025066049051568746,22.72492860786318,0.508791906822555,930478579.2870238,46.74389267085577,24488.11204109985,21959318.007968567,-6.432189954982629e-07,-3.3120931680364925e-08,-16.68869776338611,46.76534370149149,118.82323738227258,118.82445272555752,78.08699013951319,70345.27082362665,79233407.63800508,1.2433644222026714,0.3781158215898388,1.3430124843652318,3.316112994865542,0.3727252774346069,1.1609454430938577,3.2799607931963264,0.5706338217638517,5.360499256032992,-7.800000000000001,0.5638461538461539,0.11615384615384616,0.9009615384615385,0.5038461538461538,1.2753846153846153,1.1916923076923076
8.817107692307692,1.0106153846153847,13.1,10.658461538461538,244.77307692307693,0.09638156776347928,-20.436923076923076,14.764615384615386,60.754615384615384,-60.754615384615384,2.1809649483840027e-07,30.377305124514674,52.615041802745715,30.37731038601871,52.61503876501494,-52.615041802745715,0.0,12460237.454974104,16392631.454901945,0.40460899522945437,0.40996708516012004,1.0863771889976006,1.3879257125051736,1.5914191778718068,3.925581609674092,9303690.249371033,24.691350228832725,5.535580461119479,0.6601491305840684,-0.01978691828450605,15.161612053441301,0.982869575797288,663713109.4254099,20.15190496583414,19039.74288797219,16489588.32776344,-9.364237214264634e-07,-5.8965498848198596e-08,-14.99926046332796,20.163274951675398,136.22897651923392,136.23568547938132,103.09094100187524,69005.09241312672,78410963.31667206,1.1875933732407145,0.37981926317534964,1.3665116485108186,3.3224629960644894,0.3747877166262147,1.1865090485025473,3.285349545592398,0.5701292824696472,5.378810581539671,-13.676923076923078,0.6367692307692308,0.25738461538461543,0.8294230769230769,0.6373846153846153,0.9566153846153846,1.0033846153846153
9.549415384615385,0.8167692307692308,11.727692307692308,7.581538461538462,245.1192307692308,0.09631236732156417,-19.033846153846156,14.700000000000001,47.52384615384615,-47.52384615384615,1.70600771674342e-07,23.761921068328345,41.1568592144368,23.761925184014153,41.15685683824449,-41.1568592144368,0.0,10959505.254959146,13116341.220159946,0.40468921583181094,0.4100783499315183,1.0846576802073444,1.3858112359450145,1.5895164458085485,3.925025504163108,8645372.890541375,16.390934574458388,10.627182102352764,0.30351867792514065,-0.016279679143088466,16.315726403273768,0.4815965726286749,714342119.4057815,32.911277371284605,15978.7908473526,13213349.83444733,-6.608901363833222e-07,-4.3642714034705955e-08,-13.961232317151616,32.9250212058324,91.80198302864238,91.80358996614386,63.06511047350196,69102.67821971653,78472006.1694277,1.1928486324679564,0.3796947718659061,1.3647763515133005,3.3219875133136365,0.37463756966243744,1.1846145771002652,3.2849448179388943,0.5710042512590106,5.377465136990833,-0.7846153846153854,0.38938461538461544,0.5915384615384615,0.7844230769230769,1.4407692307692306,1.396,1.1670769230769231
10.45403076923077,0.7823076923076923,11.327692307692308,12.73846153846154,239.6730769230769,0.09743912618462479,-21.310769230769232,9.681538461538462,52.69307692307692,-52.69307692307692,1.8915724025936943e-07,26.34653623446626,45.63354450475284,26.346540797820584,45.63354187009899,-45.63354450475284,0.0,11327825.299734874,16944513.141301945,0.4071499618998359,0.4121233009052168,1.1122843169316188,1.4203890966640518,1.6204311987847282,3.935253118914145,8768639.395900905,20.187754128626455,7.829354552692209,0.29327354846112136,-0.01728240324226545,16.72400776104174,0.4581791710782475,608718340.8113935,29.315320228436274,19629.016917876557,17041492.51684786,-7.830961849774396e-07,-4.009165147492592e-08,-16.880531826687267,29.328785128353804,117.68453117898068,117.69059377440013,80.78723220025586,67567.32819603704,77487455.79754737,1.1098096288346244,0.3817506515231457,1.39245341113448,3.3297726009854287,0.3770866483506477,1.2150529137905526,3.2916249067982624,0.5559670677616162,5.400191406092114,-14.815384615384614,0.10415384615384615,0.6681538461538461,0.9259615384615385,1.4235384615384616,1.2606153846153845,0.7326153846153846
11.929415384615385,1.0124615384615385,13.727692307692308,6.473846153846154,239.81153846153848,0.09740939589710818,-22.332307692307694,15.647692307692308,42.69307692307692,-42.69307692307692,1.532593099609533e-07,21.34653665711613,36.97329022289146,21.34654035444505,36.9732880882376,-36.97329022289146,0.0,12550159.63794791,19937869.784989864,0.40720970688993724,0.4121950801118662,1.1115659093713977,1.419511186840966,1.619647078082698,3.93501059657439,9390867.555309258,15.420605563275533,8.613820838513211,0.27291182024572347,-0.010351603452683931,17.056421875441732,0.5865967282078527,684276469.0555887,29.40471453505531,22665.15931135252,20034893.48146733,-6.02225319045636e-07,-3.866308527156344e-08,-16.82490063081689,29.416772235362735,100.13025600868697,100.13124943237509,68.39721181087877,67606.36251867295,77513194.07734597,1.11289759678487,0.38169802288638927,1.3917337933238139,3.3295667847935255,0.377024309141943,1.2142617798643678,3.291448334056401,0.5570709799988603,5.399606309627517,-6.969230769230769,0.15676923076923077,0.6533846153846153,0.8425,0.31,1.0464615384615383,1.0021538461538462
8.37556923076923,1.0826153846153848,11.364615384615384,13.796923076923077,244.38076923076926,0.09646050737798621,-19.32923076923077,18.72769230769231,48.44692307692308,-48.44692307692308,1.739144267788112e-07,24.223459490852974,41.956267301993236,24.22346368647959,41.95626487964708,-41.956267301993236,0.0,11522206.015109614,11814150.942787867,0.40497000548656553,0.4103008237656446,1.0883407508492595,1.3904092570055504,1.5936553926403363,3.926348140012875,8869738.774080925,16.6953516383116,11.076508313207581,0.29097044351131934,-0.013831181333994089,13.507762150181074,0.4230131602806381,735990168.7828116,34.03166615232212,14700.169475248862,11911156.821540788,-7.673475125353517e-07,-5.3564633455213885e-08,-12.685430958395711,34.044787467816704,90.27773226487311,90.27949864853238,62.558853439621416,68894.4951656583,78341472.25467005,1.181651108923597,0.37996042436945937,1.3684818904020837,3.3230041992152937,0.3749578846266051,1.1886624062204596,3.2858106647338188,0.5691381200824744,5.3803370872563185,-13.092307692307692,0.4503076923076923,0.2795384615384615,0.775576923076923,0.18938461538461537,0.8975384615384615,1.316
7.0617230769230765,1.0266153846153847,10.92153846153846,9.132307692307691,239.6269230769231,0.09744901039986115,-23.661538461538463,18.38307692307692,61.0623076923077,-61.0623076923077,2.1920104653989e-07,30.531151265356222,52.881511165264534,30.53115655350719,52.88150811214914,-52.881511165264534,0.0,11686798.951171778,11452625.16573094,0.4070764084073771,0.4120449341943655,1.1125230621005622,1.4206730277907853,1.6206841962336183,3.9353206693452836,8864837.607650304,25.145755406645655,6.132259290279574,0.3365702265373364,-0.029240954713569228,15.200835607928475,0.5210778976035202,570478905.499089,25.280876178078216,14196.450496402496,11549575.952001445,-9.53948489223914e-07,-7.179262257487145e-08,-16.41550265707384,25.293692258989406,119.89834638067714,119.90531256373617,91.96014672841241,67554.31675515839,77478900.73716733,1.1087812666755983,0.38176818770241083,1.3926933809935658,3.329841272313715,0.3771074198529976,1.2153168121300184,3.2916838358366456,0.5555999592140269,5.400386368647236,-3.7384615384615394,0.5721538461538461,0.608153846153846,0.9390384615384615,0.452153846153846,1.4070769230769231,0.8741538461538461
11.810953846153847,0.7404615384615384,11.247692307692308,7.938461538461539,243.25,0.09668908174970028,-16.560000000000002,11.986153846153847,57.03153846153846,-57.03153846153846,2.0473141925037457e-07,28.51576682033201,49.39076251626809,28.515771759408125,49.39075966469116,-49.39076251626809,0.0,12205659.37467163,21942174.067729518,0.40540457184622947,0.41064671314373197,1.094022591655043,1.3975000249790155,1.6000263356482078,3.9283942229911686,9147449.11246432,21.405652797387408,7.483846167817849,0.5151664573606773,-0.0231087591241278,22.160188215504913,0.6535031619984074,673113928.6644316,28.59385595239132,24501.36575841782,22039149.992589734,-7.132219646532601e-07,-3.2715841648307165e-08,-12.947068358402097,28.608215710648135,134.73479582347252,134.74094155681843,89.6765672338006,68575.7148641316,78140076.88341233,1.164628827228099,0.3803795856133525,1.3741934539412206,3.324589659487865,0.3754596598593024,1.1949121927413733,3.2871642243324377,0.5662980545686626,5.384926702392321,-15.0,0.5518461538461539,0.3210769230769231,0.8121153846153846,0.44999999999999996,1.1203076923076922,1.2446153846153845
9.7648,0.81,11.075384615384616,11.347692307692308,235.81923076923078,0.09828071447332934,-21.470769230769232,18.124615384615385,56.60076923076923,-56.60076923076923,2.0318504686828896e-07,28.30038222315385,49.017705408741755,28.300387124924256,49.017702578703286,-49.017705408741755,0.0,12376773.471317893,15896676.306010485,0.4089366876989123,0.4136280140060915,1.1326359250444267,1.4457523395400065,1.6429670862896228,3.9430143672879985,9157670.560130807,22.26610649100441,7.350166451812393,0.30879443215743024,-0.021470513282571584,17.124375697642776,0.460540028608666,596852208.9520694,28.427574273357116,18574.386356503623,15993645.540201848,-8.283459416799946e-07,-5.018826277163309e-08,-15.419205211132017,28.439838887812442,122.99481984642644,123.00095987343832,86.93279273974403,66480.87288267062,76759149.82496482,1.0256937271963344,0.38321262369335785,1.4126673547684478,3.335631874676614,0.3788157816334185,1.237420399972373,3.29668049543689,0.52539951158065,5.416480653355844,-19.676923076923078,0.6764615384615384,0.5250769230769231,0.8313461538461538,1.1952307692307693,0.7203076923076923,1.0587692307692307
8.5048,0.797076923076923,12.226153846153846,11.84,248.69615384615383,0.09561478673334395,-20.252307692307692,11.21076923076923,46.785384615384615,-46.785384615384615,1.6794984759076667e-07,23.392690330308646,40.51733274439165,23.392694382041807,40.517330405122415,-40.51733274439165,0.0,10570614.325014954,12404806.502509195,0.40299978312680723,0.4086714806809627,1.0671257471788345,1.3638502544398898,1.5696795607588596,3.91875299910778,8529306.253385827,16.72476274071244,8.781853571351235,0.2845717622252458,-0.012610019563377225,13.572303181644596,0.5606416693559475,696840670.3542997,29.78652691246621,15285.441533057234,12501813.48527555,-7.595459476669847e-07,-4.738737274688228e-08,-15.218422134202003,29.802577373977563,91.14727781397436,91.14918659023677,65.0219356588447,70111.06488781112,79092639.09897496,1.2348910885137554,0.3784158048245377,1.3470770226802038,3.317199717988112,0.3730887403411166,1.1653448035854423,3.280879378744197,0.5714523615562767,5.363723485290822,-5.3692307692307715,0.29892307692307696,0.25184615384615383,0.8378846153846153,0.8850769230769231,0.8273846153846154,1.3344615384615384
8.397107692307692,0.950923076923077,11.487692307692308,10.633846153846154,245.88076923076923,0.09616134123112574,-21.77846153846154,17.88769230769231,45.52384615384615,-45.52384615384615,1.6342118561465878e-07,22.76192115285832,39.424808358064524,22.761925095339045,39.424806081872205,-39.424808358064524,0.0,11257073.973327579,11519142.052163923,0.40431040084667497,0.40975863803226603,1.0808765585538878,1.3810824494102452,1.5852489919424042,3.9236604376091826,8752489.11232585,15.45775108131006,13.806614030606234,0.252951007676422,-0.016390441832674015,14.132167768291117,0.4331610161154291,806713960.2929158,38.46841470534471,14431.628867660676,11616154.496499151,-7.282353481192368e-07,-5.318905704267273e-08,-14.935916654404288,38.478805176130656,85.7227535531839,85.72462120957111,60.94189661635081,69317.36699421411,78605657.95421986,1.2044785910043052,0.3794205388912487,1.3609681062093903,3.3209475164970566,0.37430672609448407,1.1804647019795684,3.284060943665676,0.5730109149713111,5.374502814541633,-6.784615384615385,0.6875384615384615,0.4964615384615385,0.7940384615384616,0.3853846153846153,0.9098461538461539,1.2544615384615385
