floating.member_Y_pontoon_lower1:outer_diameter+floating.member_Y_pontoon_lower1:outer_diameter+floating.member_Y_pontoon_lower2:outer_diameter+floating.member_Y_pontoon_lower2:outer_diameter+floating.member_Y_pontoon_lower3:outer_diameter+floating.member_Y_pontoon_lower3:outer_diameter,floating.member_Y_pontoon_upper1:outer_diameter+floating.member_Y_pontoon_upper1:outer_diameter+floating.member_Y_pontoon_upper2:outer_diameter+floating.member_Y_pontoon_upper2:outer_diameter+floating.member_Y_pontoon_upper3:outer_diameter+floating.member_Y_pontoon_upper3:outer_diameter,floating.member_column1:outer_diameter+floating.member_column1:outer_diameter+floating.member_column1:outer_diameter+floating.member_column1:outer_diameter+floating.member_column1:outer_diameter+floating.member_column1:outer_diameter+floating.member_column1:outer_diameter+floating.member_column2:outer_diameter+floating.member_column2:outer_diameter+floating.member_column2:outer_diameter+floating.member_column2:outer_diameter+floating.member_column2:outer_diameter+floating.member_column2:outer_diameter+floating.member_column2:outer_diameter+floating.member_column3:outer_diameter+floating.member_column3:outer_diameter+floating.member_column3:outer_diameter+floating.member_column3:outer_diameter+floating.member_column3:outer_diameter+floating.member_column3:outer_diameter+floating.member_column3:outer_diameter,floating.member_main_column:outer_diameter+floating.member_main_column:outer_diameter+floating.member_main_column:outer_diameter+floating.member_main_column:outer_diameter,configuration.rotor_diameter_user,financese.lcoe,floating.jointdv_0+floating.member_column1:joint1_2+floating.member_column2:joint1_2+floating.member_column3:joint1_2+floating.member_main_column:joint1_2,floating.jointdv_1+floating.member_column1:joint2_2+floating.member_column2:joint2_2+floating.member_column3:joint2_2+floating.member_main_column:joint2_2,floating.jointdv_2,floating.member_column1:joint1_0+floating.member_column1:joint2_0,floating.member_column1:joint1_1+floating.member_column1:joint2_1,floating.member_column2:joint1_0+floating.member_column3:joint1_0+floating.member_column3:joint2_0,floating.member_column2:joint1_1,floating.member_column2:joint2_0,floating.member_column2:joint2_1,floating.member_column3:joint1_1+floating.member_column3:joint2_1,floating.member_main_column:joint1_0+floating.member_main_column:joint1_1+floating.member_main_column:joint2_0+floating.member_main_column:joint2_1+towerse.tower.torsion_freqs_1+towerse.tower.torsion_freqs_2,floatingse.platform_cost,floatingse.platform_mass,floatingse.structural_frequencies_0,floatingse.structural_frequencies_1,floatingse.structural_frequencies_2,floatingse.structural_frequencies_3,floatingse.structural_frequencies_4,floatingse.structural_frequencies_5,floatingse.system_structural_mass,raft.Max_Offset,raft.Max_PtfmPitch,raft.Std_PtfmPitch,raft.heave_avg,raft.heave_period,raft.max_nac_accel,raft.max_tower_base,raft.pitch_period,raft.platform_displacement,raft.platform_mass,raft.platform_total_center_of_mass_0,raft.platform_total_center_of_mass_1,raft.platform_total_center_of_mass_2,raft.roll_period,raft.surge_period,raft.sway_period,raft.yaw_period,rotorse.blade_mass,rotorse.rp.AEP,tcons.tip_deflection_ratio,towerse.tower.fore_aft_freqs_0,towerse.tower.fore_aft_freqs_1,towerse.tower.fore_aft_freqs_2,towerse.tower.side_side_freqs_0,towerse.tower.side_side_freqs_1,towerse.tower.side_side_freqs_2,towerse.tower.top_deflection,towerse.tower.torsion_freqs_0,tune_rosco_ivc.Kp_float,tune_rosco_ivc.omega_pc,tune_rosco_ivc.omega_vs,tune_rosco_ivc.ps_percent,tune_rosco_ivc.ptfm_freq,tune_rosco_ivc.zeta_pc,tune_rosco_ivc.zeta_vs
True,True,True,True,True,False,True,True,True,False,False,False,False,False,False,False,False,False,False,False,False,False,False,False,False,False,False,False,False,False,False,False,False,False,False,False,False,False,False,False,False,False,False,False,False,False,False,False,False,False,False,False,False,False,True,True,True,True,True,True,True
7.1328,1.082,12.988,8.544,242.71000000000004,0.09680038341685615,-23.312,18.004,59.93,-59.93,2.1513629627840778e-07,29.96499746705934,51.9009039111953,29.96500265714959,51.90090091469529,-51.9009039111953,0.0,12399774.06610875,13794045.66020705,0.4055573383106594,0.4107564666958785,1.096746897779627,1.4008978506815142,1.6030671374312895,3.9293713730607585,9264130.292653548,24.441704717715556,6.806060458354924,0.6914512808054357,-0.021500795105504518,14.11855006812324,1.0436296319782319,709057886.8671905,20.415109143404177,16495.776388172126,13891000.332593344,-9.825644289556446e-07,-7.45989710358084e-08,-16.254255107255233,20.426355039792362,127.0438499008077,127.05098122362514,101.05017098450985,68423.48100585156,78042962.39375901,1.156552921636915,0.38057389714869705,1.3769259034416739,3.3253481376596175,0.37569351471353174,1.197913765589668,3.2878133219981622,0.5649332601190578,5.38703326497198,-15.719999999999999,0.39880000000000004,0.3388,0.9655,0.8476,0.9896,0.7048
13.264800000000001,1.0404,13.82,11.872,237.85000000000002,0.09783581807187049,-21.744,11.676,57.370000000000005,-57.370000000000005,2.059464261220133e-07,28.68499757525771,49.68387881503879,28.685002543645453,49.68387594653878,-49.68387881503879,0.0,14452152.401249744,30810825.409037188,0.40792931531681415,0.41276739639365234,1.1218443389365576,1.4322852383801015,1.6310356956018062,3.938848208807741,10177809.423087742,23.380050823215523,4.590039981751188,0.49691477630377145,-0.015830698651121872,19.720439805490226,0.7925299526938773,589501901.2106553,21.686703548830458,33112.04615117462,30907788.57133019,-7.696122535774074e-07,-3.651372964154775e-08,-17.371304341047118,21.695325584012746,166.25678520250673,166.26385400578548,112.94855270206332,67053.37628133075,77145995.68734735,1.0695753722166499,0.38244290013802673,1.4019712715834334,3.3325125585702184,0.377906029967611,1.2255498417241075,3.293982051246325,0.5415062873593608,5.407895660075577,-7.08,0.5644,0.48760000000000003,0.8975,0.4948,0.7111999999999999,0.9032
10.8568,1.0228000000000002,10.86,12.832,247.81,0.09578415036873168,-20.048000000000002,9.268,49.77,-49.77,1.7866399909521703e-07,24.88499789647161,43.10208556082413,24.885002206680046,43.10208307232413,-43.10208556082413,0.0,10886315.948708763,15937865.071908917,0.40339848770442954,0.40899867990191957,1.071418033022695,1.3692289155627722,1.574545260795805,3.920262485710918,8580263.00963317,17.57360012460774,10.93135034640089,0.3103897771007658,-0.01698387904862853,16.88629214198134,0.4117480635756887,685857921.0030522,35.385682743562825,18696.234576377985,16034858.676611844,-7.119790114027863e-07,-3.685275036466627e-08,-15.854880807742727,35.40305678554348,106.6733491107178,106.6791668563405,70.35960220760437,69861.24522294124,78941661.82211602,1.2259175528814874,0.37872279788000035,1.351417515703756,3.3183572143063165,0.3734637881001968,1.1700633259473792,3.2818599570208002,0.5723422923242304,5.366971763685885,-3.080000000000002,0.5236,0.36519999999999997,0.7505,1.0436,1.0184,1.1592
8.0008,0.9556,10.588,12.192,247.69,0.09580730584113777,-21.52,7.532,42.89,-42.89,1.5396622304990674e-07,21.44499818725472,37.14383061490349,21.445001901637674,37.14382847040349,-37.14383061490349,0.0,9354786.606437368,9974383.253651284,0.403648869427188,0.4092431106309967,1.0720056262401343,1.369995556047327,1.5752391399452594,3.9205275782315194,7961864.158237612,13.098330316950573,27.86528579152946,0.2709839340417254,-0.037977832884951004,13.528249842900061,0.4193427025041,1278041172.3068938,55.42606348358894,12947.755223726634,10071403.591290858,-6.695438805276203e-07,-4.289196829535144e-08,-16.7595395301563,55.68489775584483,76.47455778884876,76.47702865358927,50.92018752615229,69827.41547665678,78921078.29724224,1.224705551727114,0.3787643687187901,1.352006723716817,3.3185148384894156,0.3735145454560308,1.170704826754345,3.281993662914278,0.5724636464865763,5.367411988795763,-1.1600000000000001,0.4348000000000001,0.502,0.7875,1.0156,0.98,0.8328
12.200800000000001,0.882,12.411999999999999,7.936,245.17000000000002,0.09630223360189298,-17.904,11.732,45.85,-45.85,1.645920104182379e-07,22.924998062150358,39.70726588233447,22.925002032876833,39.70726358983446,-39.70726588233447,0.0,11427641.656369787,18535323.6792782,0.40473189070677745,0.4101258389588591,1.0844063831404174,1.3855052191568589,1.5892407804130813,3.924945024019897,8878417.968208589,15.833843702693164,9.718816024437505,0.33706853541639414,-0.013194414515148873,18.387383880132408,0.47424016636555055,698000757.6197693,31.550972816218707,21289.399787615566,18632341.39079147,-5.906396145515082e-07,-3.181780444379061e-08,-13.917842702080677,31.565264493822852,100.92235234918444,100.9233617813873,65.01953437175555,69116.99080468302,78480954.66737175,1.1936210746640252,0.37967649798685277,1.3645220641268971,3.3219179154785667,0.3746155293626958,1.1843371549578932,3.284885609758088,0.5711325480161965,5.377267673527701,-16.44,0.3388,0.358,0.8105,0.9259999999999999,0.9768,0.9383999999999999
11.6968,0.8724000000000001,12.316,13.792,235.32999999999998,0.09838899065063611,-20.656,18.284,51.29,-51.29,1.8412048450057627e-07,25.644997832228828,44.41844421166706,25.645002274073125,44.41844164716705,-44.41844421166706,0.0,13259524.12813106,20165854.970276058,0.4092002563818811,0.41385669891014504,1.1352582775125162,1.4490294931410266,1.6458584817288284,3.9440384958295174,9596757.47473252,19.388165459137532,7.206201179732571,0.3187595392021029,-0.013270859916878005,16.702204964921243,0.5212996566885509,614967662.4133648,27.778994081808236,22794.22154720988,20262845.497447483,-7.687119123384063e-07,-4.324520341652527e-08,-14.851551558555116,27.790629852695048,121.01521796658012,121.02124729757702,83.50068333260205,66342.95160935701,76664721.75542633,1.0152723525589242,0.3833977845854571,1.4152587677443849,3.336394090864188,0.37903442982049734,1.2403084014933066,3.2973423482706035,0.5215703059317389,5.418548331236691,-19.8,0.2356,0.5956,0.8075,0.7971999999999999,0.8648,1.0952
6.7408,1.0948000000000002,14.204,13.856,239.35,0.09750875419071917,-17.456,11.899999999999999,58.730000000000004,-58.730000000000004,2.1082854464259787e-07,29.36499751777733,50.86167339737194,29.365002603944525,50.86167046087193,-50.86167339737194,0.0,11282018.300348956,12963740.426724209,0.4072038524811857,0.41215188527332874,1.113968179436858,1.4224717678724046,1.6222915325967557,3.9358629766454407,8925924.407853719,23.54254921240238,10.869858336497147,1.2577910458548138,-0.014021749546230141,11.710193974720507,1.972164534398676,1300250204.761743,17.719140237425897,15715.877032935088,13060708.696348,-1.0025428696540093e-06,-6.740505321181195e-08,-12.48205862467077,17.7287013629277,118.56295053175948,118.56966127081911,92.14934594022994,67476.24810988655,77427260.90127626,1.1026220839637422,0.38187341305429595,1.3941342980850155,3.3302540719802716,0.37723203731827604,1.216902202119347,3.292038228058595,0.553395648782249,5.401556585456534,-15.32,0.6364,0.5092,0.9165,0.7636,0.7303999999999999,1.0632
10.3528,0.8116,14.332,8.48,237.61,0.09788889362596982,-21.456,19.796,45.21,-45.21,1.6229454287913927e-07,22.60499808919995,39.153009608295335,22.6050020045008,39.15300734779533,-39.153009608295335,0.0,13255369.837368105,18464253.614578836,0.40816611901250455,0.4129885791698801,1.123114666467993,1.4338869347222563,1.6324604279419606,3.939368465182421,9717639.93646681,16.554913302497518,6.880447974659726,0.35067704613062645,-0.009581528497332143,15.192199000731572,0.7008287004561485,672489534.7474265,25.192140059805915,21203.565845861627,18561269.43492968,-6.716303178811867e-07,-4.8588416407846574e-08,-14.957509230471798,25.20337101430497,102.59586645823167,102.597026662289,73.1423079187421,66985.71678876183,77100592.55326466,1.0643378646336448,0.382533941506745,1.4032301587229399,3.3328774648956294,0.3780137079758049,1.2269428978633723,3.294296901343918,0.5396102209535849,5.408910015656804,-4.199999999999999,0.4396,0.658,0.8625,0.9819999999999999,1.0312000000000001,1.2872
11.360800000000001,1.066,13.612,8.672,241.39,0.09707513527413761,-16.752,16.212,61.05,-61.05,2.1915686447183038e-07,30.524997419722556,52.87085239076377,30.525002706807648,52.87084933826377,-52.87085239076377,0.0,13510773.076579189,22280706.74734693,0.406206634818634,0.41130581463490123,1.1034604975514881,1.4093103300438916,1.6105833078733875,3.9318662670229796,9757972.728200385,24.542702168438183,5.126583100899001,0.6636637640019809,-0.018789770086008965,18.31937500625488,0.9465915764294891,679823069.7780771,19.77140834742377,24798.969332342112,22377671.190159466,-7.909326733052064e-07,-4.4742271538134836e-08,-12.228830768340233,19.780423721276488,147.79729669922483,147.80371140508365,102.08852285626942,68051.35379672241,77803488.50752732,1.1369623292628899,0.38106121650590175,1.3836468335342165,3.3272340502958104,0.37627634468273025,1.2053105584535129,3.289431270499735,0.5616306533632894,5.392374907349319,-18.52,0.6963999999999999,0.262,0.9425,0.9147999999999998,1.3096,1.4056
9.2048,0.9380000000000001,11.644,13.92,236.71,0.09808890459098521,-19.631999999999998,13.524000000000001,55.45,-55.45,1.9905402350471737e-07,27.724997656406483,48.0211099929214,27.72500245851735,48.02110722042139,-48.0211099929214,0.0,11655869.946922852,15062521.500889465,0.4085265268225545,0.41328255271621717,1.1278848768817527,1.4398266662100943,1.637727733865071,3.9411839918385225,8918535.990473837,21.693553386708217,6.618931831616131,0.3415898333314931,-0.016731920521625702,14.99370030357983,0.5397360982064531,601321110.6893921,25.782460729824653,17777.385017880755,15159496.658997383,-8.513862018166015e-07,-4.8570799497008855e-08,-14.528215676374328,25.79421872721287,117.20118421699179,117.20728216002367,83.09280743710192,66731.99369162835,76929353.11483783,1.044816882835217,0.3828752726430529,1.407963713575483,3.3342549052185055,0.37841720860652156,1.2321903554433211,3.2954872993487085,0.5323879409296725,5.412716258138159,-19.24,0.10120000000000001,0.41800000000000004,0.8205,0.898,0.7911999999999999,0.7976
6.7968,1.0932,13.58,7.84,237.67000000000002,0.09787560608981595,-21.552,19.124000000000002,54.57,-54.57,1.9589500563845676e-07,27.28499769359967,47.25900761611759,27.2850024195003,47.259004887617586,-47.25900761611759,0.0,12058300.512836507,12394323.823099397,0.4080159046162453,0.4128409970227566,1.1227948724051724,1.4334717314716998,1.6320903176282655,3.939217878726193,9157875.359561628,21.350302273195666,8.375333261626833,0.7678147322062576,-0.015989815857716885,12.97196484469413,1.198789000112363,824716374.7215223,20.790413553252513,15179.286282220579,12491300.3430488,-9.21381823014189e-07,-7.546512974630849e-08,-14.297952874398682,20.80097864263689,108.8810932035156,108.88796145637485,86.60339396229992,67002.63166190407,77111953.03095923,1.0656458106798636,0.3825111823978206,1.402915299902129,3.3327861432021817,0.37798679189256723,1.2265943828491992,3.294218086806019,0.540083833044441,5.408656415576546,-9.8,0.5619999999999999,0.1804,0.9285,0.7355999999999999,0.8328,0.9128
13.180800000000001,0.714,13.772,6.4,235.09000000000003,0.09844271211102469,-18.32,9.940000000000001,55.29,-55.29,1.984796566199427e-07,27.64499766316888,47.882545924411616,27.64500245142334,47.882543159911606,-47.882545924411616,0.0,12763609.798256319,26143664.951000102,0.4092885266708324,0.41392724356897587,1.136546886077012,1.4506338553577356,1.6472715441109342,3.9445297225792206,9463106.091927228,21.936162967687533,5.251168925192966,0.5640933853143559,-0.016244907327881232,20.128037000408856,0.9137563374941338,641944407.7707118,21.630018563959933,28590.634891569924,26240641.968488917,-7.072335541398414e-07,-3.337666578247906e-08,-14.764225435649614,21.63832768403766,144.80422157489497,144.8106991217415,97.22658171897567,66275.2921167881,76618202.53797515,1.0101811943580765,0.3834885877935374,1.416532102331799,3.3367695610329156,0.37914162549441344,1.24172920596108,3.297668742344246,0.5196953522666053,5.4195627399554365,-12.68,0.3124,0.4324,0.8225,0.9652,1.4856,0.9224
7.8048,0.8884000000000001,12.364,10.048,241.86999999999998,0.09697401537981308,-23.952,9.492,50.09,-50.09,1.7981273286476635e-07,25.044997882946813,43.379213697843696,25.045002220868064,43.379211193343686,-43.379213697843696,0.0,10773236.592853744,13321660.480965097,0.406052112052169,0.4111890922332363,1.1010166192482544,1.4062580214539253,1.6078637030807639,3.930982885396965,8593065.827482706,19.294409980011825,6.945657527240808,0.3092049954053551,-0.015789731746931615,14.073499252883947,0.6413025483602114,647875196.038513,26.168496273538956,16107.427002412156,13418643.44651268,-8.3767971409772e-07,-5.3082060550737174e-08,-18.6267021806743,26.181874763239882,104.17788948273105,104.1843841563959,78.33968915622104,68186.67278186028,77891043.79795828,1.1440633869598587,0.38088848382681095,1.3812025365532665,3.3265494409409118,0.37606875346472934,1.2026140109035879,3.2888431686935204,0.5628439801808826,5.390498311510106,-6.84,0.3244,0.4396,0.7575,1.4132,0.7464,1.3096
10.3248,0.9652000000000001,12.492,7.4559999999999995,235.39,0.09837562050795892,-16.56,10.556000000000001,59.129999999999995,-59.129999999999995,2.122644618545345e-07,29.56499750087133,51.20808356864639,29.565002621679543,51.208080612146375,-51.20808356864639,0.0,11552746.240316812,17458344.93683396,0.409144878367294,0.4138052579003631,1.134935560920797,1.4486229734732552,1.6454996920217533,3.9439058772930817,8893138.324153487,23.90701557803773,5.67519206523816,0.5806730429371211,-0.021224953251995818,17.99759054135392,0.8794765014251515,652499913.6496723,21.589226846195437,20094.96966738339,17555313.27310395,-7.646501212446465e-07,-4.121345639206174e-08,-12.907355712017266,21.59865344387334,129.68602141344417,129.69214785194114,89.678289195926,66359.86648249926,76676331.4634806,1.0165473359932984,0.3833750802266672,1.4149406370220896,3.336300380524842,0.3790076248263495,1.239953645784303,3.2972609316992982,0.522039341944689,5.418294733031349,-7.720000000000001,0.5668,0.3748,0.7535,0.2764,1.1272,1.4536
9.4288,0.8868,14.428,10.847999999999999,248.23,0.09570363302193874,-23.76,18.34,58.33,-58.33,2.0939262743066122e-07,29.16499753468332,50.515263226097474,29.165002586209503,50.515260309597465,-50.515263226097474,0.0,14150308.410726868,20873390.8032374,0.4030019584669836,0.4086322099137605,1.0693761984762578,1.3666380543663033,1.5722018507791828,3.919483918439424,10075513.083301347,23.338793154719234,5.165839659262172,0.6767510961346497,-0.016054219026372687,15.217775082328716,1.0415521441926463,704747690.392517,19.607027253959412,23421.028663165067,20970349.542023588,-9.394613072583647e-07,-6.211222597418764e-08,-17.119168752162242,19.61811228918956,146.6609790001541,146.66796225840923,113.40658748228033,69979.64933493684,79013351.72563234,1.2301654542643454,0.3785773053897955,1.3493580293667504,3.3178072025373235,0.37328608705863614,1.1678228553155956,3.281393726109206,0.5719190611619454,5.365431742275091,-4.52,0.6916,0.2956,0.7735,1.4300000000000002,1.0056,0.8104
10.5768,0.8628,12.604,13.504000000000001,245.47,0.09624267153350616,-21.072,16.996,44.01,-44.01,1.5798679124332933e-07,22.00499813991793,38.113779094471965,22.005001951295736,38.11377689397196,-38.113779094471965,0.0,12240357.219188035,16245533.67142384,0.40450234575978405,0.40991838092960386,1.0829133353759353,1.3836269652446138,1.5875462067955002,3.9243887081313247,9227613.13709709,15.448495967410047,9.988054232338659,0.24915205534401078,-0.010331449728748214,14.56297197282037,0.5069793977201029,682843934.3579347,32.89798352846112,19064.924448768546,16342554.847494705,-7.007978128590932e-07,-4.404545302597108e-08,-14.979055822136166,32.91286980863046,95.08659348379746,95.08783047217864,65.55188957861178,69201.5651703942,78533628.77236792,1.1982019229705625,0.3795683657952164,1.3630203582333977,3.3215072736801137,0.37448512696319125,1.1826999596697019,3.2845364628390836,0.5719720745959782,5.376098716673744,-19.88,0.2548,0.16360000000000002,0.8795,0.5004000000000001,1.3512,1.2231999999999998
8.0288,1.0004,10.652,13.664,235.57000000000002,0.09833566099070341,-17.872,12.012,45.29,-45.29,1.625817263215266e-07,22.64499808581875,39.222291642550225,22.645002008047804,39.22228937805022,-39.222291642550225,0.0,9771541.31914043,9462597.947836522,0.40934191990592605,0.4140195674905627,1.1339762587058695,1.4474683389316885,1.6444857785423903,3.9436168100532196,8122442.261446243,14.203802426292253,21.54574059445553,0.32201978692483496,-0.02114965754858306,12.949693112338434,0.4179928677389189,1075841227.3730419,45.35144760085255,12430.93894046971,9559618.597271495,-6.92720328221228e-07,-4.6899427514814564e-08,-12.750360678841592,45.28086259491602,77.44539865263019,77.44719934357103,51.997175481290874,66410.61110192596,76711111.17516577,1.0203774320343977,0.3833069617392931,1.413986784362165,3.3360196408338716,0.37892719253220003,1.2388902948348246,3.297017089325055,0.5234473950644629,5.417533981868436,-18.2,0.4204,0.44200000000000006,0.9575,0.198,1.012,1.1272
12.844800000000001,0.8948,13.068,7.4239999999999995,242.41000000000003,0.09686249217485254,-21.936,9.716000000000001,53.53,-53.53,1.9216162088742148e-07,26.76499773755526,46.35834117080401,26.765002373389247,46.35833849430401,-46.35834117080401,0.0,12853813.48759171,25578951.176516317,0.40577806651181375,0.41095539347923415,1.0982673766134938,1.4028133289484728,1.6047800793535263,3.9299479994245594,9472197.928815292,20.711496858106646,5.37352057093708,0.3597971727599425,-0.01722931932915903,20.3734374818932,0.6208183559021211,568066664.1895914,24.247810009078545,28045.529889625817,25675926.06266161,-7.047732764615261e-07,-3.42443918028791e-08,-17.85477890417024,24.259631155363365,141.87917812100386,141.88574790741654,96.03381465638739,68338.90664014037,77988890.00897469,1.1520815247455114,0.38068184805547595,1.3784469489665554,3.3257715227364337,0.37582337576547975,1.1995868028265548,3.28817606739662,0.5641750426697929,5.388204345447911,-11.48,0.6868,0.23800000000000002,0.9435,0.9987999999999999,1.1624,0.9319999999999999
11.6408,0.8996000000000001,10.988,10.911999999999999,237.49,0.0979156411206126,-22.032,20.804000000000002,52.49,-52.49,1.884282361363862e-07,26.244997781510843,45.45767472549043,26.24500232727819,45.45767210099042,-45.45767472549043,0.0,13852348.01991916,22530664.638829127,0.4081812153536085,0.41299425655045857,1.1237483554871326,1.4346707818368258,1.633156113326183,3.939599174732825,9809957.225544754,19.204672704504816,10.266532869197611,0.38128707636810943,-0.019366457953135668,20.925578605996186,0.4763249005503059,685873403.0452693,35.56186930556934,25087.22345592624,22627648.482976574,-7.068887882673283e-07,-3.789888625489695e-08,-16.042810025649267,35.57654244270812,129.88791911653095,129.89409530599107,87.80108008204569,66951.88704247738,77077738.52240658,1.0617234567138967,0.38257953634533387,1.4038603390142854,3.333060403889653,0.3780676067672016,1.2276404663327403,3.294454799948063,0.5385820183302619,5.409418332378307,-0.120000000000001,0.5764,0.6387999999999999,0.7745,0.8644,1.0728,0.9543999999999999
10.6328,0.7827999999999999,13.452,9.472,244.26999999999998,0.09648287308468431,-20.144,18.62,53.93,-53.93,1.9359753809935813e-07,26.96499772064926,46.70475134207847,26.965002391124266,46.704748645578455,-46.70475134207847,0.0,13439965.040600862,19958007.302175585,0.40489998373427943,0.41022000373148343,1.0888922772090959,1.3910797868459523,1.5942568689007164,3.9265084363696414,9744343.385385618,20.425217172525873,5.3883454873519785,0.4587484699832457,-0.01483643386381108,16.881821881292797,0.7634327549825105,616046113.3732729,22.638984146655243,22582.549104205533,20054989.142776195,-7.469344114047115e-07,-4.7867654236211705e-08,-14.417754899935161,22.651530278400195,126.63886060964428,126.64509832298869,89.45130795185375,68863.26770754957,78321810.45526123,1.1799765972834424,0.38000028524851004,1.369038841847159,3.323157441376977,0.37500592416223527,1.1892716458805115,3.2859413285754098,0.568858271204709,5.380768332920144,-3.240000000000002,0.5452,0.1492,0.7925,0.534,1.46,0.7495999999999999
8.4768,0.8244,12.636,9.056000000000001,242.95,0.09675078790285153,-21.2,16.884,45.45,-45.45,1.6315609320630126e-07,22.724998079056352,39.36085571106001,22.725002015141815,39.36085343856001,-39.36085571106001,0.0,11340596.714501457,12307439.976773757,0.40563276558771927,0.4108534705371817,1.0955381708601528,1.3994117362170964,1.6017393024839333,3.9289796556243326,8836490.084129797,16.232684107150263,9.359195658454055,0.27265591326806377,-0.012571223337046033,13.821890821241857,0.5647394527046362,724157653.463139,30.251059017472027,15199.874942461354,12404453.741247473,-7.363105555574626e-07,-5.422873911038879e-08,-14.782507663398258,30.2643674572339,87.87468325242892,87.87664934802343,64.27555529117,68491.14049842047,78086198.84330443,1.160137808807087,0.3804875432218009,1.3757105804736194,3.3250104604652,0.37558960251497536,1.1965781468762546,3.2875242286889046,0.5655398384845594,5.386096914327009,-9.16,0.34840000000000004,0.2092,0.9595,1.2564000000000002,1.3736,1.4568
10.212800000000001,0.9796,13.372,8.64,246.67,0.09600712703834079,-16.848,17.724,46.49,-46.49,1.6688947795733653e-07,23.244998035100764,40.261522156373594,23.24500206125287,40.26151983187359,-40.261522156373594,0.0,11959572.252367243,15018249.52278474,0.403952529583891,0.4094626197749678,1.0769846411206025,1.376212535366283,1.5808502505080604,3.9222562172123,9147280.643174864,16.084151590511336,7.594959602587801,0.37147885321817564,-0.010774873999638347,15.203931960503303,0.6043637115867423,673526163.4770114,26.525753182074414,17868.054373327082,15115270.208832908,-6.475550857273517e-07,-4.527389690685523e-08,-11.526901637391562,26.539926185410867,92.72474779932948,92.72618756980096,63.2826136375446,69539.86263323884,78743155.01417765,1.214418006513594,0.37912983914690185,1.3570398507446582,3.319874858500629,0.3739572114693054,1.1761877248896506,3.283149197710437,0.57354610415699,5.371339643655249,-3.719999999999999,0.5476,0.166,0.8825000000000001,1.262,0.9224,1.0472
13.096800000000002,1.09,11.628,9.248000000000001,245.89,0.09615951957078445,-20.112000000000002,15.652,60.49,-60.49,2.171465803751191e-07,30.24499744339095,52.385878150979536,30.24500268197862,52.38587512647953,-52.385878150979536,0.0,14439087.923235752,29880642.188936487,0.40410879938120453,0.40955412279860703,1.080826260208144,1.3809888395949672,1.5851627246087048,3.923580467422663,10071696.672373053,23.86893873142973,6.098774745425031,0.5093969841257903,-0.02473581802041194,24.143552107858294,0.7148168912127847,643753832.3217206,27.71343880707332,32205.249160285857,29977600.92897302,-7.881249470869572e-07,-3.440494273676088e-08,-15.597347403824475,27.726428504864835,170.52424616141556,170.53127195065892,117.69877157474565,69319.96928238982,78607273.17251013,1.2046199155804402,0.37941721801767964,1.3609220223719356,3.3209349654539957,0.37430271669770815,1.180414532691517,3.2840502860256215,0.5730342600894456,5.374466984518742,-10.280000000000001,0.1972,0.19,0.7655,0.842,1.4056,0.8488
12.8168,0.9092,11.82,9.504,241.93000000000004,0.09696145345246325,-20.72,9.66,49.45,-49.45,1.7751526532566772e-07,24.724997909996404,42.82495742380457,24.725002192492028,42.82495495130456,-42.82495742380457,0.0,12528282.921827585,24899625.421343066,0.40607845361382194,0.41122066893663534,1.1007126308594803,1.405883322923955,1.607529666602511,3.930877706358318,9328056.211351741,17.94974318917319,8.984525140098338,0.38373833161392024,-0.016290198060575755,21.470314818737194,0.5170147715682935,671387769.801004,32.51599528877997,27430.491157960896,24996618.89478094,-6.689530133389279e-07,-2.9090984348250384e-08,-16.861761945408784,32.53117466750359,126.86301039069433,126.86376158249695,84.93548151861994,68203.58765500251,77901938.90269634,1.144952909245937,0.38086689373800414,1.3808973546997136,3.326464120324483,0.3760427980625416,1.202277627087708,3.288769932203877,0.5629938207672458,5.390263936570184,-13.8,0.6292,0.2884,0.9185,0.618,0.9416,1.3352
12.3968,0.8228,14.044,10.336,248.95000000000002,0.09556771881450636,-21.104,11.172,48.25,-48.25,1.7320751368985776e-07,24.12499796071439,41.7857269099812,24.125002139286963,41.78572449748119,-41.7857269099812,0.0,12891365.929261249,23929525.694173057,0.4028125271470223,0.40850274269598985,1.0658924325621624,1.3622975547603742,1.5682642291720195,3.918286188151526,9583242.388110433,17.587121847734164,5.715072714429365,0.36780427535865823,-0.011022391150095347,17.456131416633944,0.652742462600567,629325366.652995,24.05289996298001,26506.96334170192,24026524.041302353,-6.681522265608213e-07,-3.5675211613793754e-08,-16.69271337010317,24.067154572797016,121.98541548471754,121.98627053079593,81.92889522319311,70182.62781264365,79135732.8701433,1.2374920517601944,0.378315692345714,1.3458251906916545,3.316858423065915,0.3729697161906746,1.1639936410626193,3.2805906271798113,0.5712044395312502,5.36261053596046,-12.84,0.3268,0.40359999999999996,0.8025,0.8532,0.7656,0.7367999999999999
8.2248,0.9076,14.092,11.264,248.35,0.0956806643493839,-20.336,7.924,54.17,-54.17,1.9445908842652011e-07,27.084997710505668,46.91259744484314,27.08500240176528,46.91259473634313,-46.91259744484314,0.0,11074862.817587951,15431139.667003559,0.4029988105990607,0.40863968406861834,1.0687960183294072,1.3659192426463873,1.5715519593627403,3.919295635011641,8828869.601651618,20.766706191665605,5.992957620632979,0.7494247481821217,-0.0137394885254739,13.386602023950362,1.1710174198273167,770839436.9275327,19.877831230451285,18155.181856855757,15528115.087569702,-8.983843326242157e-07,-5.30615434410271e-08,-16.0241967049426,19.89049942277353,117.19675450451302,117.20335850707096,88.75440045414766,70013.47908122132,79033827.93792276,1.2313809108319305,0.3785357307784833,1.3487704149822706,3.317650533271988,0.3732352932014854,1.1671840679136798,3.2812610035559557,0.5717986296325979,5.364991837682879,-17.56,0.6387999999999999,0.1564,0.7835,0.44999999999999996,1.4024,1.0024
13.012800000000002,0.7412,13.484,6.976,243.31,0.09667677981706346,-22.192,15.092,58.41,-58.41,2.0967981087304854e-07,29.20499753130212,50.584545260352364,29.205002589756507,50.584542339852355,-50.584545260352364,0.0,14283099.01770423,28613676.305432983,0.40530649872126046,0.4105521033597715,1.0937189241464063,1.3971090798911585,1.5996752908833654,3.9282628859505198,10066687.587306485,23.480248988898204,4.646517331379725,0.4686597955990077,-0.019711716382661372,21.0464981008743,0.7666806923635449,612860517.5174155,22.154474977584513,30969.807191548836,28710636.728070937,-7.668964351692063e-07,-3.955736040598397e-08,-17.314297291841775,22.164018445760014,164.40305983281507,164.4100752248049,114.40387788080315,68592.62973727386,78150829.36323781,1.1655282381670131,0.3803579919271297,1.373890209783444,3.324505651562016,0.37543366581861953,1.1945794707233313,3.2870924045592465,0.5664496974694115,5.384692717877531,-0.5199999999999996,0.1948,0.5764,0.7855,0.5396,1.1784,1.2328000000000001
12.116800000000001,1.0916000000000001,13.036,9.632,243.07,0.09672606645294941,-21.008,13.748,55.93,-55.93,2.0077712415904134e-07,27.96499763611929,48.43680219845074,27.965002479799374,48.436799401950736,-48.43680219845074,0.0,13524566.186007211,24554435.027863346,0.40545190737051645,0.41067961129617575,1.094929589520615,1.3986301295100583,1.6010381407106387,3.92871655074621,9746212.78271411,21.871815306469532,5.06516012340818,0.3999101179238545,-0.017411579104089057,19.33212470599095,0.6577416945741976,567975863.5596893,23.288372978696437,27035.521963735977,24651405.53312718,-7.408493187967874e-07,-3.9088795561664475e-08,-16.311059846691812,23.30006458347558,145.32275651658205,145.32932270069136,99.38375412252857,68524.97024470492,78107772.90765506,1.1619329958443516,0.38044435391090475,1.3751034541683804,3.3248419601174803,0.3755376248223233,1.195911295194163,3.287380040523596,0.565843128447944,5.385628671988286,-2.120000000000001,0.3964,0.274,0.9825,0.9483999999999999,1.0888,1.1624
8.5608,1.0532000000000001,11.34,12.096,243.90999999999997,0.09655448659471652,-21.36,13.692,56.730000000000004,-56.730000000000004,2.0364895858291466e-07,28.3649976023073,49.129622540999655,28.36500251526942,49.12961970449965,-49.129622540999655,0.0,11541571.305331042,13967802.252599878,0.40507345598414546,0.41036623293880164,1.0907033914122397,1.3933428757220334,1.596297791233108,3.927180065242372,8851639.765925871,22.13873310507337,6.4266807982628045,0.3269217216719864,-0.02040628901880907,15.308307390767174,0.5082730414025576,578991066.7006644,26.238272909762618,16699.19837061112,14064769.266757905,-8.712215193027792e-07,-5.3044123671895695e-08,-15.852599122612975,26.252772241930455,118.1683802949204,118.17472372336417,85.24731866653859,68761.77846869617,78257923.87334089,1.1745468409357904,0.3801420865446127,1.3708630938845254,3.323668850306457,0.37517365414346404,1.1912609098320721,3.2863775423670614,0.5679661473405239,5.382354375303369,-17.96,0.3556,0.36760000000000004,0.9745,1.29,1.1208,1.428
9.232800000000001,0.9748000000000001,13.964,12.768,249.43,0.09547692884815187,-22.512,17.22,60.33,-60.33,2.1657221349034443e-07,30.164997450153347,52.24731408246976,30.165002674884608,52.24731106596975,-52.24731408246976,0.0,13855248.030589815,20100182.65735916,0.40245181963081256,0.4081783476227274,1.063578486064741,1.3593791758531222,1.5656156707471558,3.917440245360218,9939143.36394434,24.347011473378995,5.071282709177096,0.6675727626976152,-0.01685821031915631,14.959378016677759,1.0067422443775165,689889286.2547454,19.617420678548577,22658.184201806318,20197137.486267418,-9.684391151541132e-07,-6.137375113127588e-08,-16.25575427690612,19.62885250359939,148.97375465638132,148.980702434098,113.9287690376885,70317.94679778151,79217047.03505132,1.2423767057507227,0.37814940208311354,1.3434844999278652,3.3162379018582873,0.3727663557785255,1.1614565724434296,3.2800662602075463,0.5707293940688462,5.360853831344028,-17.32,0.3748,0.5356,0.8505,1.1108,0.7367999999999999,1.3192
8.7288,0.7604,12.14,7.968,246.07000000000002,0.0961240507826451,-19.695999999999998,16.604,60.010000000000005,-60.010000000000005,2.1542347972079515e-07,30.004997463678144,51.9701859454502,30.005002660696597,51.97018294495019,-51.9701859454502,0.0,12069203.204412408,14805368.317112733,0.4040438971649547,0.40950372890481246,1.079935935227026,1.379880287399287,1.5841612648208823,3.9232707800324236,9104552.03291827,23.731216717130927,5.372541058053704,0.4860654413809217,-0.023441802454221356,16.53269495462278,0.7586354218720517,609714610.5487343,22.296894420254706,17505.13245684719,14902329.821663722,-8.393037931106769e-07,-5.5919339509852145e-08,-14.207440122900664,22.310181701825204,126.02311799622234,126.02959929468938,92.54287508515915,69370.71390181652,78638738.86300488,1.2073768820494006,0.3793524427671297,1.3600240533241021,3.320690521667103,0.3742245172664,1.1794373562886495,3.2838427857876895,0.573489527754541,5.373768028977073,-11.879999999999999,0.5164000000000001,0.5812,0.8565,0.8756,1.1592,1.2616
6.908799999999999,0.9844,13.9,9.792,245.52999999999997,0.09623075971416131,-18.992,20.412,45.53,-45.53,1.634432766486886e-07,22.76499807567515,39.4301377453149,22.76500201868882,39.430135468814896,-39.4301377453149,0.0,11723421.215489896,10915070.20583506,0.40439354648286147,0.40981302756684895,1.0826137145910906,1.3832418387447087,1.5871982759858314,3.924264557705318,9076707.908084016,16.06399401133823,7.497479169850453,0.4190197354266342,-0.00956034727140301,11.667719685139275,0.7308166376319964,741173690.6665156,25.113562036883728,13864.408534300366,11012091.32446897,-7.894911311905314e-07,-6.80440318011374e-08,-11.53194587083695,25.127635426327448,83.38986691316052,83.39243651824995,63.54651976818451,69218.48004353643,78544168.09809448,1.1991174400328923,0.3795467725891725,1.3627203102253715,3.321425343709863,0.37445907378631654,1.1823730229929668,3.2844668385014266,0.5721238130348498,5.375865545117239,-18.92,0.622,0.41559999999999997,0.9944999999999999,0.8251999999999999,1.1016,1.0856
7.2168,0.738,13.196,9.888,249.85,0.09539822499254569,-21.392,8.372,50.33,-50.33,1.806742831919283e-07,25.164997872803212,43.587059800608365,25.165002231509074,43.58705728410836,-43.587059800608365,0.0,10307185.991605852,12346416.995560493,0.40236391796265064,0.4081264859584729,1.0615645278909567,1.3568745245847746,1.5633404647591045,3.916769113362264,8469478.047702758,18.662880636502415,6.3914905314033,0.48156359282214234,-0.013794784878926374,12.890358296587594,0.8257949450961473,713887376.2690115,23.158653130612986,15179.621151288964,12443404.615952251,-8.614870800590823e-07,-5.529490760637969e-08,-16.620954200392344,23.173826849528957,99.32718625356499,99.33387915575527,75.48044291313045,70436.35090977712,79287717.90476683,1.2466606027425042,0.3780038965633083,1.3414407523174716,3.315697623689874,0.3725883253563236,1.1592444967325508,3.279610247392709,0.5703163590263781,5.359317898487099,-11.799999999999999,0.2932,0.6267999999999999,0.9625,0.1532,1.4824,1.1912
10.4928,1.01,11.708,9.312000000000001,241.15000000000003,0.09712599991757202,-17.968,15.036000000000001,42.25,-42.25,1.516687555108081e-07,21.12499821430431,36.58957434086437,21.125001873261642,36.58957222836436,-36.58957434086437,0.0,10960721.750253798,13546636.311609903,0.40675614572587215,0.4118439537392899,1.1046957210989623,1.4109220643039595,1.6120227399918556,3.932440372869505,8654591.276660092,13.143100622314273,19.781311095568576,0.33469756628969183,-0.019581523081550842,16.149551027918864,0.4641157414767607,1037895143.830617,44.53858099120995,16468.661945867745,13643674.026142925,-5.734473842112369e-07,-3.7107599195305295e-08,-13.002953512800852,44.49972191053921,81.76854518356477,81.76997023594473,53.071710181823335,67983.69430415353,77759538.46817167,1.1334221930856836,0.38114757916845177,1.38487100776414,3.3275777460780405,0.3763800979504245,1.206662648843234,3.2897268250435108,0.5610240285718442,5.39331368675813,-14.120000000000001,0.5572,0.10840000000000001,0.8335,0.73,0.8583999999999999,1.2104
9.2888,1.1092,11.9,10.943999999999999,239.47000000000003,0.09748295138026078,-22.32,18.956,58.97,-58.97,2.1169009496975985e-07,29.48499750763373,51.06951950013661,29.485002614585536,51.069516551636596,-51.06951950013661,0.0,12975059.018402817,16570136.326324718,0.4071573707210399,0.41211437608892154,1.1133418571704343,1.4216928897479904,1.6215956946412464,3.9356279182346596,9435431.309799302,23.88899958040302,5.501423186060764,0.36122024045353285,-0.021605570715058975,16.446008174720077,0.5807425932316466,562223064.8576186,24.237081688585565,19213.25748313274,16667096.45159905,-8.849550893517938e-07,-5.7376935582788903e-08,-15.825731019135175,24.24890454563432,132.50743170482033,132.51392004982972,97.42370577321768,67510.07785617102,77449561.30246897,1.1052889535978023,0.38182781646035274,1.3935096880143638,3.33007503572852,0.37717804203348815,1.2162148066497385,3.291884492396311,0.5543493975323944,5.401049465586382,-6.92,0.358,0.18280000000000002,0.8875,0.31,1.1976,1.412
7.1048,0.8132,13.34,11.84,244.81,0.096374160710106,-23.504,8.484,52.09,-52.09,1.8699231892444956e-07,26.04499779841684,45.11126455421597,26.04500230954317,45.11126194971597,-45.11126455421597,0.0,10938901.337239448,14395472.941078916,0.4046302623851034,0.4099919105572486,1.086193781449234,1.3877025476668092,1.591218589495873,3.9255274558289606,8735572.042398369,20.293618415868146,5.897775916350158,0.5559914453622447,-0.014098919869405622,12.988351889709332,0.9587086534294417,694432093.2073145,22.0674830583033,17140.994709192473,14492448.851322602,-8.977131339923958e-07,-5.561786972284324e-08,-18.387223790886935,22.080347474868006,112.88334696241893,112.8900656042751,86.65414214383182,69015.50156582963,78417491.48577645,1.1881537148673003,0.3798059748116422,1.366326391260177,3.3224121775076823,0.37477169588612713,1.1863067473337072,3.2853062785775498,0.5702225675767879,5.378666922470177,-6.199999999999999,0.3628,0.2188,0.9705,1.1052,1.4184,1.3672
8.4208,0.7636,14.316,8.576,238.69000000000003,0.09765165738034695,-20.304,11.34,43.77,-43.77,1.5712524091616735e-07,21.88499815006153,37.905932991707296,21.885001940654725,37.90593080320729,-37.905932991707296,0.0,10835043.839358207,13501914.087361965,0.40768143408621377,0.4125834484831834,1.1174272245718955,1.4268038314718396,1.6261586803748787,3.9372133756937053,8729310.63651437,16.088494631874205,7.474906196150881,0.42006337333531135,-0.009091488820015153,12.819349115034585,0.8148369899121121,738994830.719971,24.59917181885137,16378.198512959067,13598935.384952428,-7.413368172371819e-07,-5.0737760812834995e-08,-15.198928183825908,24.61003751620454,88.24962512679441,88.25155664679771,65.86071844643998,67290.18450532202,77304051.9243149,1.0880155247057945,0.38212408536034526,1.3975759116303745,3.3312431052800817,0.3775288048546712,1.2206946681126083,3.2928884497753717,0.5481568056288845,5.4043456021862575,-7.960000000000001,0.35319999999999996,0.28359999999999996,0.7985,0.33240000000000003,1.0344,1.1496
8.1408,1.0116,13.436,13.248000000000001,246.43,0.09605438122972307,-19.792,10.780000000000001,50.49,-50.49,1.8124865007670297e-07,25.24499786604082,43.72562386911815,25.245002238603085,43.72562134461814,-43.72562386911815,0.0,11133975.79817839,14151581.578180892,0.40392198196435053,0.40941056477335225,1.078156996399931,1.3776644040396118,1.5821556093224332,3.9226399535361067,8826900.607936272,18.886204193546945,6.234798285483716,0.5086876267560247,-0.011623115384527751,12.870117187074564,0.875038546471133,702027700.2344279,22.78680704954061,16947.547732765834,14248573.63863122,-8.494570328936497e-07,-5.294629784903922e-08,-14.860157362577437,22.80072890268315,104.9947198974882,105.00098927318108,77.53477325006912,69472.20314066991,78701426.90252596,1.2120108802118712,0.37921297824190003,1.3582248168476112,3.320194304959136,0.3740585928161298,1.1774829090487626,3.2834210861089606,0.5737945422279488,5.37222184894992,-12.04,0.586,0.3892,0.7815,1.0939999999999999,0.9256,1.236
9.6808,0.7363999999999999,11.372,13.472000000000001,238.98999999999998,0.09758650492461246,-16.688,16.044,49.21,-49.21,1.7665371499850571e-07,24.60499792014,42.61711132103989,24.605002181851013,42.61710886053989,-42.61711132103989,0.0,11114009.407938812,12726759.762196895,0.4075799417398298,0.41250466080309345,1.1158554385543085,1.4248525228784195,1.624419181757857,3.9366322332963337,8696383.19845669,17.24539107085335,10.689956324657164,0.3371836738160504,-0.013679455332766554,14.562511810560327,0.432086646835117,731191603.8850856,32.39867736831448,15587.21760716367,12823767.564483255,-7.35793236876228e-07,-4.509805406095919e-08,-11.495567416791848,32.409326018370336,92.60056646480074,92.60206120876498,62.10961990390833,67374.75887103313,77360163.96631126,1.0946420392654517,0.38201015961745255,1.3960102344131324,3.3307926294634815,0.37739394852011193,1.2189683775444669,3.292501002470799,0.5505366633829621,5.403077791938716,-9.879999999999999,0.1372,0.526,0.7945,1.0883999999999998,1.1816,0.9351999999999999
13.1248,1.0596,11.692,8.064,237.07000000000002,0.09800917158318428,-23.056,15.82,59.53,-59.53,2.1370037906647116e-07,29.764997483965338,51.554493739920844,29.76500263941457,51.55449076342084,-51.554493739920844,0.0,14641268.836498702,30477761.461376384,0.40829041096928137,0.4130715121375182,1.125971320067741,1.437429259791774,1.6356021611072196,3.940425039024729,10136904.290340051,24.21584774788387,6.205545503095326,0.4475099233522824,-0.025708911195154668,24.595005762362902,0.5984287147319434,626212837.09683,28.09306826553352,32765.81537969687,30574716.91767474,-7.920694483794845e-07,-3.567235725180356e-08,-18.11511389774422,28.103483903008623,171.4220606129063,171.42918287857268,119.54820155550617,66833.48293048174,76997946.84445532,1.0526040282136668,0.3827387757472138,1.4060679262237865,3.333702237845976,0.3782558855722665,1.2300869617583365,3.295009318810519,0.5352715424549574,5.411193341005574,-16.28,0.4828,0.34840000000000004,0.9615,0.5788,1.2679999999999998,0.9192
12.4808,0.9732000000000001,11.452,12.416,245.41,0.09625459511497526,-16.816,10.5,41.61,-41.61,1.4937128797170948e-07,20.8049982413539,36.03531806682523,20.805001844885606,36.03531598632523,-36.03531806682523,0.0,11373822.68101174,19715722.657931484,0.4048023003545663,0.41021775262646315,1.0832168960090158,1.3840439553478956,1.5879237585387633,3.924558468981282,8882396.259116989,11.393042157468628,22.419977396981903,0.4396608523264604,-0.021569341544094067,18.63903905063937,0.5390773023001015,1121922973.181132,50.829436019097926,22504.241193026395,19812764.484338872,-5.428637796986907e-07,-2.5635483881316837e-08,-13.186572756352989,50.783815186645626,94.03782002986064,94.03962322230531,58.053943289233686,69184.65029725197,78523082.60535817,1.1972867521034474,0.37958995785450955,1.363320420390215,3.321589242241514,0.3745111799036649,1.1830270784014885,3.2846061503403816,0.5718204308158097,5.376331918431047,-5.640000000000001,0.3436,0.38680000000000003,0.8255,1.3964,0.7048,1.0216
13.2088,0.8676,11.292,7.04,236.83,0.09806288395579618,-18.96,7.252,51.05,-51.05,1.8325893417341426e-07,25.52499784237242,44.21059810890238,25.52500226343211,44.210595556402374,-44.21059810890238,0.0,11887291.567402825,24906673.17507768,0.40854421705904437,0.4133098188859225,1.1272482848900145,1.4390419410925346,1.6370331020615174,3.940951212251547,9019979.35549556,18.619743373301485,10.208430287153382,0.4787683704301235,-0.02012871671977525,23.690104264178363,0.6001130763571354,765997673.2648934,33.76127393945066,27420.498118064665,25003663.241683934,-6.447253962130875e-07,-2.667545808101189e-08,-15.768513659371287,33.774717973833454,129.07572405587726,129.08186983612117,84.03569785384227,66765.8234379128,76952215.42047492,1.0474119827044432,0.38282974248248974,1.4073313217971217,3.3340703784546624,0.37836341259676093,1.231488540537511,3.295327673435099,0.5333822281596634,5.412207690125926,-19.72,0.6724,0.5332,0.7615,0.34359999999999996,0.852,0.756
6.7688,0.794,12.475999999999999,6.272,235.45000000000002,0.09836227514170934,-22.448,19.628,41.77,-41.77,1.4994565485648414e-07,20.884998234591503,36.17388213533502,20.885001851979617,36.173880046835016,-36.17388213533502,0.0,10947352.419619886,9775804.368700115,0.4092843022051021,0.4139516430432844,1.1346178731581567,1.4482515479786742,1.6451748996058488,3.9438341351332125,8666119.630134577,14.645009047604805,14.990214112074833,0.25585208719520663,-0.0150602522860335,12.856779238415328,0.5084722247109215,882165170.3463328,37.181515560704455,12761.984586683651,9872834.85822249,-7.021514197056592e-07,-6.252400709262899e-08,-14.682093961922037,37.18117639561113,74.14069782451661,74.14325811724264,55.83451409517182,66376.78135564148,76687933.04482481,1.0178231393429769,0.38335237655887827,1.414622584071233,3.336206733748972,0.3789808184690155,1.2395990351104602,3.2971795829773107,0.5225084964819948,5.4180411702562346,-18.68,0.37,0.2308,0.9405,1.4188,1.0408,0.8648
9.2608,0.7764,13.5,9.120000000000001,236.89,0.09804943788535109,-20.592,7.868,44.33,-44.33,1.5913552501287863e-07,22.164998126393137,38.39090723149153,22.16500196548375,38.390905014991525,-38.39090723149153,0.0,10637985.967520233,14957832.177142814,0.4085943187133777,0.4133655908490023,1.1269312088182502,1.4386586614079122,1.6366947105457195,3.9408537421807472,8617441.451494195,16.32452707940903,7.92829413136406,0.3239254470260646,-0.010491959310061664,14.374645436730614,0.6468657899942368,690659953.0355006,26.498638610814375,17781.617128065936,15054848.01754021,-6.716412755371162e-07,-4.0380651628974923e-08,-16.395777490662088,26.508221437135575,91.84928796475543,91.85081393563145,64.47192101452018,66782.73831105504,76963657.3737444,1.0487086598123945,0.3828070053498631,1.4070153639778018,3.3339782562480162,0.3783365376846716,1.2311379178799071,3.295247987884059,0.5338543928464444,5.411954133915367,-16.84,0.5932000000000001,0.11560000000000001,0.8405,0.3156,0.8615999999999999,0.9256
7.6088000000000005,1.042,12.3,9.984,239.95000000000002,0.09737962950295363,-17.232,10.22,61.129999999999995,-61.129999999999995,2.1944404791421772e-07,30.564997416341356,52.94013442501866,30.56500271035465,52.94013136851866,-52.94013442501866,0.0,10539297.198426273,11543005.683689876,0.4069390159636523,0.4119316799909695,1.110841798908401,1.4185809097307345,1.618814318265762,3.93469234243651,8478319.04695987,24.92463331425569,6.021157680797311,0.7208437292690255,-0.02193163375502936,13.99495630389273,1.0352294151733266,713849476.5078758,20.18638291547011,14310.55886112475,11639966.224518973,-9.302340335891007e-07,-5.885504647380066e-08,-12.950068766869228,20.197270268570296,116.63281292394447,116.6394768400888,87.49361303932265,67645.39684130889,77538927.33636136,1.1158241247188856,0.3816459297596258,1.3910161812072876,3.329362053107889,0.3769624539612469,1.213471850312345,3.291272548345343,0.5579886254427219,5.39902977122543,-18.12,0.262,0.5908,0.8985,0.6067999999999999,1.4568,1.2008
6.8528,1.0084,12.924,12.032,236.29000000000002,0.09817813132661148,-20.272,17.892,51.53,-51.53,1.8498203482773825e-07,25.76499782208523,44.626290314431735,25.76500228471414,44.626287737931726,-44.626290314431735,0.0,11684557.71983722,11770122.90507583,0.40872226084830104,0.4134478413522048,1.1301215559396656,1.4426168757709912,1.6401968465693115,3.942047527399887,8996772.876665512,19.589752765923226,6.905551765002759,0.4743146761370606,-0.013256804354668288,12.333668104707616,0.782883347681597,705113809.1074543,23.559339823493158,14604.155220669643,11867113.212878415,-8.726115923660035e-07,-6.705884394804143e-08,-13.352348725511238,23.5703403204693,99.05593670424291,99.06231985981704,75.22894753397608,66613.58957963274,76849596.58744232,1.035776302262478,0.3830343682454334,1.4101791153508259,3.334902410265624,0.3786052114149316,1.2346518077437452,3.296047998731031,0.5290902338789457,5.4144911243077205,-9.079999999999998,0.5812,0.214,0.9635,0.9595999999999999,1.0952,1.4856
7.7208,0.906,13.164,6.304,244.09,0.09651798292231385,-23.536,20.020000000000003,53.13,-53.13,1.9072570367548484e-07,26.564997754461253,46.011930999529554,26.565002355654226,46.01192834302955,-46.011930999529554,0.0,12459292.648628177,14127116.562609658,0.40496987637957005,0.41027622869749386,1.0898005284241061,1.3922097513479894,1.5952799632504138,3.9268446528566874,9313109.179107705,20.265483025199806,5.800010944276298,0.440648883004973,-0.017018630840041706,14.644461524557277,0.766314019237919,637206677.4684994,23.06073907262182,16882.39895335271,14224094.127364999,-8.352584671811297e-07,-6.674765307465077e-08,-16.220046817860464,23.073973947936658,111.68849896823679,111.69514942041742,86.35553708483587,68812.52308812286,78289958.26657206,1.1772607388284937,0.38007730774468224,1.3699566589708692,3.3234189116754496,0.3750956116296753,1.1902684020743126,3.286164248300638,0.568421090792027,5.381653181734201,-4.92,0.5188,0.1684,0.8714999999999999,1.3516000000000001,0.9351999999999999,0.8136
8.1128,0.9540000000000001,12.524000000000001,10.08,240.49,0.09726662115339754,-16.016,14.084,46.57,-46.57,1.6717666139972385e-07,23.284998031719564,40.330804190628484,23.285002064799873,40.33080186212848,-40.330804190628484,0.0,10232019.67892953,9696331.2679738,0.4068282498572883,0.4118625040501402,1.1080708661434737,1.4151239776792166,1.6157560341880477,3.9336478952303158,8384332.108585448,16.33146069014233,9.387984448089286,0.37402127182792666,-0.011803507367772472,12.716068559837797,0.6005474037760276,749845431.2817059,28.185697435837564,12666.463225323356,9793351.78039594,-7.51469437595659e-07,-5.3729438704181236e-08,-10.914603493513798,28.19534623499259,78.88852623576298,78.89100997491585,56.63329239951402,67797.63069958896,77638330.53151508,1.1237219736056596,0.38138506105147063,1.3882445790405635,3.3285277512280285,0.3766652697942427,1.2103940956835315,3.2905448199387792,0.5593593417353041,5.395896845856552,-7.48,0.4084,0.1252,0.9465,0.36039999999999994,0.8488,1.0824
7.2448,0.8516,13.1,12.512,246.49,0.09604254866056404,-19.12,7.588,53.769999999999996,-53.769999999999996,1.9302317121458344e-07,26.88499772741166,46.56618727356868,26.88500238403026,46.566184585068676,-46.56618727356868,0.0,10231762.063097445,12340523.443875158,0.4038726821343415,0.40936567008590596,1.0778624169479452,1.3772915866570667,1.5818201469483955,3.9225296845441786,8441923.501746211,20.423806809743837,6.270700716590446,0.6771056901659558,-0.014180183653628525,12.529077071069088,1.053779201822375,744472498.2993169,21.40949266360746,15148.002941969182,12437502.949675702,-9.072955411300051e-07,-5.4429929131394026e-08,-14.885258644413467,21.422799185299592,105.16277837839142,105.16936634867874,78.9242137783264,69489.11801381214,78711870.55429101,1.2126129131069063,0.37919220180354474,1.3579284446689612,3.320114368781326,0.3740332581274311,1.17715888391669,3.283353035805766,0.5737326935156016,5.372001380731027,-16.52,0.37239999999999995,0.382,0.9355,0.702,1.2968,1.3608
6.6288,0.9908,12.588000000000001,13.408000000000001,249.25000000000003,0.0955109032838,-22.0,14.14,52.89,-52.89,1.8986415334832286e-07,26.44499776460485,45.804084896764884,26.44500234501321,45.80408225226488,-45.804084896764884,0.0,11378129.028387249,12647231.844267499,0.40260346637486977,0.40831682307467576,1.0644457132118375,1.3604767418245456,1.5666125893259661,3.917768047880492,8886019.328077883,19.99479050602593,6.211149330224567,0.44282466350884925,-0.01444196017116762,12.47186364515103,0.7526446254802114,664041419.2858512,23.8526696672658,15450.298606860575,12744211.034804987,-9.183285552107603e-07,-6.415053781195832e-08,-15.650890299743224,23.868302124030603,107.26491898385886,107.27152214968037,80.99223613052293,70267.20217835481,79186594.60514136,1.2405434941642535,0.3782117689189473,1.3443616626043962,3.3164702251143487,0.37284263538226403,1.1624068426383463,3.2802624994977605,0.5709069807988691,5.361512537617958,-19.4,0.6004,0.6195999999999999,0.8515,0.8588,1.0824,0.7847999999999999
7.9168,1.0788000000000002,11.772,10.112,239.71,0.09743122315323352,-16.656,7.196,42.09,-42.09,1.5109438862603344e-07,21.04499822106671,36.45101027235459,21.045001866167635,36.45100816785458,-36.45101027235459,0.0,8800008.860969866,8329141.746479411,0.40746354005590696,0.41244497295758886,1.1120986405400777,1.420207585720851,1.620272589455819,3.93527659742049,7770522.625182019,13.933759629724012,17.522700550549857,0.3177225980488541,-0.016375845065904716,12.457525225442817,0.4301296858248673,959384945.9753201,39.39939335065029,11375.984403141816,8426179.465988278,-6.546731474994368e-07,-4.472034115945844e-08,-12.733957199499821,39.34809917623022,67.91678356777439,67.91941508659657,47.148891013333596,67577.73734873995,77494297.73552641,1.1106327065335253,0.3817366143541012,1.3922614726002656,3.329717683789488,0.37707002307961274,1.2148418775790748,3.291577787707393,0.5562607937897911,5.400035317201294,-14.6,0.49960000000000004,0.5692,0.8835,1.1724,0.7016,1.492
9.7088,0.9924000000000001,10.716,10.592,239.29,0.09752167906228736,-18.096,15.26,45.93,-45.93,1.6487919386062522e-07,22.964998058769158,39.77654791658936,22.965002036423837,39.77654562008935,-39.77654791658936,0.0,10540701.434516776,11403680.209377822,0.4075415278117331,0.41248994423748053,1.1142883226513292,1.4229156323857386,1.6226913585294696,3.936067504408766,8412506.067423418,13.931818834128507,21.09717493095121,0.3534804420637692,-0.0241790288155676,15.566880066900247,0.4547915823236392,1066878613.7683239,46.48330874250621,14325.399813706099,11500698.952014912,-6.658939193287402e-07,-4.388450903565148e-08,-12.787286145871011,46.449943052112914,83.83782179815456,83.83952164067028,55.89895481692505,67459.33323674432,77416096.80766317,1.101289985756418,0.3818962128347383,1.394446741798428,3.3303436853333728,0.3772590352956926,1.2172461832831187,3.292115203157388,0.552918914837275,5.401810198707462,-7.640000000000001,0.4252,0.3028,0.8885000000000001,0.34919999999999995,1.2808,1.1560000000000001
13.6008,0.9636,12.156,9.088000000000001,246.97,0.09594831989610693,-16.496,16.66,57.93,-57.93,2.0795671021872457e-07,28.964997551589317,50.168853054823025,28.965002568474482,50.16885015832301,-50.168853054823025,0.0,14210858.17924747,29688683.592051975,0.4036374979390501,0.4091682908591007,1.0755138948993463,1.374339515685392,1.5791623662687153,3.921680233499131,10018866.207117518,21.822756858547606,6.481656535851879,0.59638776674518,-0.019857329073006764,23.482504353240323,0.8117699861287316,700664928.5699396,26.864405157908294,32062.44510031218,29785658.786169786,-7.404913120974633e-07,-3.2156422867816504e-08,-12.349702847938897,26.877930246093612,156.43912026526073,156.4457685395564,104.93536233455778,69624.43699894998,78795152.3452837,1.21742587072346,0.37902600946228143,1.3555606888640312,3.319476851200231,0.37383053315724657,1.1745722168317305,3.282810677460446,0.5731994793508295,5.370239101199869,-13.559999999999999,0.2164,0.574,0.9685,0.6684,1.236,0.7464
8.6728,0.7956,12.94,6.112,240.55,0.09725376006730337,-21.904,13.86,41.93,-41.93,1.5052002174125878e-07,20.964998227829103,36.3124462038448,20.965001859073624,36.312444107344795,-36.3124462038448,0.0,10831393.66259739,12651650.063512918,0.4068400070617256,0.4118792966057935,1.107764100455819,1.4147429854430262,1.6154178421875198,3.9335370162757726,8652409.897152679,14.951618576562803,11.278252346573481,0.25152067732152456,-0.0123255985051079,14.325130493559811,0.535781924159188,777189143.2502573,32.79240903989827,15568.904565305855,12748677.906838626,-6.499589444293507e-07,-4.741302475190161e-08,-16.203182250747634,32.800742497717614,81.51952219336626,81.52139850993133,58.659680584788475,67814.5455727312,77649396.08828723,1.1246017475497163,0.38136347485676586,1.3879374883517415,3.3284411004304872,0.37663935590473335,1.2100540789621128,3.2904701412598336,0.5595110017724183,5.395661936493974,-1.6400000000000006,0.478,0.5452,0.8175,1.0828,1.1368,1.0792
7.860799999999999,0.874,10.7,7.552,237.79,0.09784906805198658,-16.240000000000002,11.956,50.81,-50.81,1.823973838462523e-07,25.404997852516022,44.00275200613771,25.4050022527911,44.002749465637706,-44.00275200613771,0.0,9571079.678703744,8792795.688857656,0.4081706186593502,0.4130077916756422,1.1221652443094767,1.4327195367650911,1.6314248495221875,3.9390407250375774,8020467.741756582,17.565883555035967,12.227490291533524,0.3409012436657986,-0.02130846705518755,15.079109571141748,0.43043072065546867,773739071.9387615,33.39916928175463,11727.079185424605,8889795.71306513,-6.84759648217719e-07,-5.1402151954989306e-08,-11.724999320545484,33.40341311212241,81.92041983711866,81.92633857715836,56.060566764654766,67036.46140818852,77134654.84860751,1.068264628672792,0.3824656563290903,1.4022858558542488,3.3326036858828756,0.3779329484500098,1.2258978769298823,3.2940606619582957,0.5410320049706507,5.40814915367114,-6.119999999999999,0.646,0.346,0.9765,1.2004000000000001,1.348,0.9672000000000001
7.6928,1.0852000000000002,11.468,6.752,248.77000000000004,0.09560073325524739,-20.912,11.06,51.45,-51.45,1.8469485138535093e-07,25.72499782546643,44.557008280176845,25.725002281167136,44.557005707676836,-44.557008280176845,0.0,10226546.654317794,10737496.506484097,0.40291353601512314,0.408590258467722,1.0667679723631494,1.3633945695088117,1.5692664660163425,3.918614371977701,8329485.276258407,18.60402109626416,8.246353499878671,0.29935821708868343,-0.02041189811395366,15.093217537650478,0.48551540496281986,649400334.7248962,28.920508149764853,13603.409809602672,10834482.211656848,-7.613993933590369e-07,-5.312882687734972e-08,-15.874230045648176,28.93666971197527,93.73344162383515,93.73988928809653,67.94508426290116,70131.88319321694,79105196.22668573,1.235640870876277,0.3783902226041787,1.3467161652977957,3.3171037768024956,0.3730574704861068,1.1649531040567696,3.2807982052344675,0.5713787661828774,5.363453019311222,-6.279999999999999,0.166,0.18520000000000003,0.9085,1.15,0.756,0.8967999999999999
6.6848,0.8756,14.379999999999999,8.32,241.81,0.09698662124981151,-21.616,18.452,53.45,-53.45,1.9187443744503417e-07,26.72499774093646,46.28905913654912,26.725002369842244,46.28905646404912,-46.28905913654912,0.0,12222426.52303651,13362548.929040473,0.40600623849331036,0.4111374387354974,1.1013203824427702,1.4066276609851698,1.608192580783044,3.931074961266143,9289754.452998307,20.53176841239539,6.344065120822222,0.8065144262217375,-0.013695985880965754,12.506568126268304,1.2469001180087982,810420170.2227985,19.845488198408088,16139.757558524809,13459529.02830022,-9.303029075876665e-07,-7.513311516993867e-08,-14.482128970392846,19.856719900615555,110.25358408446976,110.26049657274804,88.50711084800758,68169.75790871805,77880116.31505291,1.1431741589686488,0.3809100792299978,1.3815077262801845,3.326634805658529,0.37609471172861225,1.2029504943478737,3.288916461066277,0.5626923161049773,5.390732883490376,-14.28,0.154,0.11800000000000001,0.8055,0.8868,1.4984,0.8392
8.0568,0.7268,13.356,12.544,235.99,0.0982432746471696,-22.128,12.628,61.45,-61.45,2.2059278168376705e-07,30.724997402816562,53.21726256203823,30.725002724542673,53.21725948953822,-53.21726256203823,0.0,12337239.9071531,16847380.379552614,0.40877960714064493,0.41348214497449853,1.1317212373080558,1.4445995294300509,1.6419478319541845,3.9426382525824915,9278398.507838545,26.12728040591973,5.517185971077111,0.7231421343043742,-0.018970442940086974,14.218773783841643,1.084863392664633,724555734.3222425,19.3859252045196,19453.01110601615,16944330.765929524,-1.0062478213521708e-06,-6.151740323868176e-08,-16.68426884430339,19.39453095059544,141.63991181405925,141.6467796810438,109.26897452917622,66529.01521392158,76792033.14534117,1.0293449387254907,0.38314797567001885,1.4117641567745567,3.3353668195798796,0.37873942233966895,1.236414950907908,3.2964505736848557,0.5267375093704715,5.415759008986013,-13.879999999999999,0.4468000000000001,0.4948,0.7965,0.46119999999999994,1.0375999999999999,1.2264
11.808800000000002,0.9348000000000001,10.972,6.496,243.25,0.09668908174970431,-23.344,7.98,56.09,-56.09,2.0135149104381603e-07,28.044997629356892,48.57536626696053,28.045002486893384,48.57536346246052,-48.57536626696053,0.0,12267423.032575797,23335245.947836936,0.4053798380143979,0.41062156961250124,1.0940221142212776,1.3974956326780648,1.6000221587167371,3.9283869391426993,9147325.898892973,21.745335279975198,7.628848302757235,0.37741022917652767,-0.02755596784960111,23.45005289004777,0.48320323682368677,608742963.5361358,31.12447029123334,25824.466384964606,23432208.070452668,-7.395351575847793e-07,-3.318667078714405e-08,-19.39554963790943,31.139260578650934,143.62914802007447,143.63573141904126,99.01423464291399,68575.7148641316,78140076.88340916,1.164628827228099,0.38037958561335816,1.3741934539412635,3.324589659487909,0.3754596598592705,1.1949121927413542,3.287164224332476,0.5662980545686012,5.384926702392321,-12.44,0.16360000000000002,0.538,0.9275,1.3068,1.3672,0.7208
12.0608,0.7123999999999999,13.548,13.632000000000001,242.64999999999998,0.09681263845442004,-20.4,7.476,52.010000000000005,-52.010000000000005,1.8670513548206224e-07,26.00499780179804,45.04198251996108,26.005002305996168,45.04197991946108,-45.04198251996108,0.0,12072531.07719094,22402357.492076393,0.40566107718210054,0.410856765060904,1.0970519111930084,1.401290430581642,1.6034188220662131,3.9295008921699837,9202379.055973617,19.985790745503596,5.398338277568194,0.41761592470098646,-0.012300716875565117,16.36076498618037,0.696681130461058,620474090.3622223,22.985543002268816,24967.941698464056,22499340.50151238,-7.949098655086688e-07,-3.696711400993339e-08,-16.61403640650081,22.997309868411474,129.8163287606904,129.82268222379625,90.12018169734257,68406.56613270928,78032276.47316203,1.1556578000031474,0.38059549455914293,1.3772299302516662,3.325432702889269,0.3757194966687272,1.198248038401736,3.2878857505516934,0.5647816165205491,5.387267553303194,-5.880000000000001,0.6412,0.6147999999999999,0.8015,0.8028,1.4696,0.9576
12.872800000000002,0.9428000000000001,12.892,11.168,249.37,0.0954882449300815,-19.759999999999998,20.636,47.61,-47.61,1.7091004615075913e-07,23.80499798776398,41.23147063594207,23.805002110910927,41.23146825544206,-41.23147063594207,0.0,13934871.245291205,23119125.97689176,0.40267687063612667,0.4084020601235278,1.0638714774691003,1.359774613705674,1.5659755293649364,3.9175934049142787,9941545.667985596,16.628842724409143,7.768261660743334,0.33062272789845204,-0.011588816807781038,18.48265698517572,0.4826796637173196,655723684.2339288,29.520741236201378,25746.00933666398,23216135.485868167,-6.207010703601549e-07,-3.7089990062062217e-08,-13.986961863764,29.538065899847556,116.59655849559459,116.5973482820247,75.58020952895994,70301.03192463925,79206900.94104189,1.2417653914723834,0.3781701938363231,1.343776788306402,3.3163152905930393,0.37279178743265867,1.1617731903878035,3.2801316240248055,0.5707886356683688,5.361073427879789,-5.720000000000001,0.6843999999999999,0.5572,0.8775,1.1332,1.0568,1.3896
8.8128,0.7428,11.42,11.04,235.69,0.09830915320699486,-19.728,16.828,52.17,-52.17,1.8727950236683688e-07,26.08499779503564,45.18054658847086,26.085002313090175,45.18054397997086,-45.18054658847086,0.0,11390265.773325318,12634905.866915043,0.4090566572306232,0.4137395517629699,1.1333287911593661,1.4466261863252314,1.6437393087018306,3.943300985759081,8784794.548695821,19.453507078360882,8.621950458500896,0.30764110458811705,-0.01725993837277787,15.047033496299127,0.43956558144099345,645360636.9162141,29.171117978937666,15442.431328912704,12731894.449410936,-7.947911027739359e-07,-5.245109906055858e-08,-13.832588591543574,29.182864823615894,101.0975644802661,101.10349785751144,72.22454673226443,66444.44084821042,76734254.4989486,1.022935275756303,0.3832615383675941,1.4133512951026617,3.3358327926537017,0.3788735532149809,1.2381822279302472,3.296854875620795,0.5243876250820729,5.41702676614939,-11.16,0.6484,0.3172,0.9845,1.2676,1.1528,0.9288
11.5288,0.778,11.212,9.76,240.37,0.09729237556806046,-17.68,17.948,58.25,-58.25,2.0910544398827388e-07,29.12499753806452,50.445981191842584,29.1250025826625,50.445978279342576,-50.445981191842584,0.0,13292652.588492963,22264421.69052684,0.4067106781582441,0.41173288820989506,1.10868348249555,1.4158652390508821,1.616411795199433,3.9338221823991715,9586589.833846826,22.30783879330105,7.227956803398744,0.48993138662087393,-0.022629861504682,21.432994006903986,0.6165752556191485,647352973.2178091,28.609798952755046,24801.57306845854,22361393.78324252,-7.546517364822715e-07,-3.733844307438434e-08,-12.943736649037332,28.62313730953691,139.86131106147533,139.86755039037863,95.02663306897297,67763.80095330448,77616182.9280451,1.1219640122956005,0.38142824669150716,1.3888590607849638,3.328701250502005,0.37671710426727373,1.2110746043967353,3.2906943777681095,0.5590560208554193,5.396366923332382,-16.68,0.6436,0.5404,0.9015,0.9427999999999999,1.1400000000000001,1.4792
6.9648,1.0836000000000001,13.516,10.176,242.47,0.09685000667087769,-19.823999999999998,18.396,44.89,-44.89,1.6114580910958994e-07,22.444998102724742,38.87588147127577,22.445001990312782,38.875879226775766,-38.87588147127577,0.0,11414531.057269268,10979151.248775207,0.4058304549900398,0.4110139537544255,1.097965315521048,1.4024485863510945,1.604455316007887,3.929867788030175,8925146.027046414,15.96288833044086,8.167962177666976,0.3596167331479162,-0.009936909232146084,11.863887256899346,0.6864278021958914,728160966.1990156,26.719255192716133,13921.977470198948,11076172.176658701,-7.777791646375335e-07,-6.395526524130422e-08,-12.72988365611767,26.73198441554695,82.77222288739092,82.77469896061258,62.606944197732275,68355.82151328262,77999750.00766316,1.1529749132208933,0.3806602584098722,1.3781425434331274,3.325686725557465,0.3757974077493544,1.1992518765737161,3.2881033956972354,0.5643266859062126,5.387970101814233,-2.5199999999999996,0.6075999999999999,0.33640000000000003,0.9265,0.4556,1.4216,1.1208
7.3568,1.0036,13.644,11.296,244.99,0.09633805157128618,-20.688,8.82,61.53,-61.53,2.2087996512615437e-07,30.764997399435362,53.28654459629312,30.765002728089677,53.28654151979311,-53.28654459629312,0.0,11290841.933699068,14729871.39878859,0.4044963295338608,0.40987107866944517,1.085295652748786,1.3865715360934423,1.590199655448256,3.925187323476337,8877185.63713966,25.449737299161136,7.497959775790446,0.9656558844302137,-0.019098237155303285,13.425923983363235,1.4829229277050544,967326684.3842158,18.35865343927073,17403.863402565363,14826822.908872286,-1.0253138449995226e-06,-6.259026216209563e-08,-16.075031240901033,18.36925360146993,134.33071222710933,134.33777000775558,105.41042031438143,69066.24618525633,78449327.21315147,1.1908837301763568,0.3797412656576427,1.3654239430392807,3.322164842230685,0.37469364625111484,1.1853212596262543,3.2850957042602427,0.5706776795641536,5.377967492988399,-10.440000000000001,0.22360000000000002,0.5596,0.7675,0.1588,0.8967999999999999,1.4888
10.8848,0.7252,13.052,9.856,237.01,0.09802258165268449,-18.704,10.948,50.01,-50.01,1.79525549422379e-07,25.00499788632801,43.3099316635888,25.005002217321056,43.309929163088796,-43.3099316635888,0.0,11721639.36583194,18382855.725059465,0.40846551779520374,0.41324442674216927,1.1262926048215076,1.4378517038426595,1.635978604182451,3.9405889809365013,9027585.217673961,18.84883837890286,6.70010895773458,0.37651107737733536,-0.013191341697388788,16.699378102315077,0.6688952627122482,652381863.5176543,24.72873068014814,21073.54368064588,18479852.49085227,-6.80920447451223e-07,-3.7565342651174626e-08,-14.584862543456653,24.739689728066487,112.12717700714232,112.13305251440885,75.96388262927717,66816.56805733952,76986523.12959628,1.0513046843837177,0.38276152161412114,1.40638364803405,3.333794181423482,0.3782827734270958,1.2304371052671306,3.295088806191428,0.5347990503567631,5.411446959339845,-12.2,0.214,0.6771999999999999,0.9525,1.4916,1.1464,0.7016
7.0488,0.9620000000000001,11.788,10.815999999999999,235.81000000000003,0.09828274216251516,-23.856,8.428,56.33,-56.33,2.0221304137097799e-07,28.164997619213292,48.7832123697252,28.165002497534395,48.78320955322519,-48.7832123697252,0.0,10599098.14376313,12537318.042608913,0.4089159360011861,0.41360625995764355,1.132684701883404,1.445809986619337,1.643017694127855,3.9430279089522244,8482529.241504174,23.1926638837044,6.171811628522844,0.37952980782176987,-0.02110694784683215,14.027160798465035,0.6750125117791714,625720909.6267645,23.943533979467468,15273.96184997861,12634278.46190621,-9.383305196295825e-07,-5.8104224623485594e-08,-18.694457672704857,23.954399134852483,115.91554735446479,115.92233836722923,88.55062200090194,66478.2705944949,76757372.42607152,1.025496536904501,0.3832161197443629,1.412716191603505,3.3356462169810572,0.37881991046305263,1.2374747888287216,3.2966929415825126,0.5253272160889787,5.416519692176234,-10.6,0.1468,0.14200000000000002,0.7865,1.0268,1.172,1.4408
11.668800000000001,0.8196,11.74,7.712,244.15,0.09650583446940529,-19.984,13.804,48.89,-48.89,1.755049812289564e-07,24.444997933664798,42.339983184020326,24.445002167663,42.33998073952032,-42.339983184020326,0.0,11829337.882786486,18518857.133450873,0.4051166025758073,0.41043036110590037,1.0895035406530642,1.3918628329078035,1.5949694869180986,3.92677856186497,8996519.806065883,17.31636898948885,9.614563574826297,0.32646520163369935,-0.01691298683106776,19.292413715081647,0.4907969371310773,702919582.1741302,32.21470419327421,21225.002455514845,18615856.897746824,-6.339409971791145e-07,-3.531386307686805e-08,-15.365265337422922,32.23009757192525,109.4656112426879,109.46664370992092,72.04837289382111,68829.4379612651,78300626.30371872,1.1781663581120583,0.3800557221629978,1.3696546502486286,3.3233357090855122,0.37506960195066597,1.1899378791162396,3.2860932757751695,0.568572734384195,5.3814196216511885,-19.48,0.406,0.49240000000000006,0.9795,0.7243999999999999,1.044,0.708
13.5728,0.8276,11.804,6.88,245.29000000000002,0.09627823835745915,-21.136,19.516,48.65,-48.65,1.746434309017944e-07,24.32499794380839,42.13213708125565,24.325002157021984,42.132134648755645,-42.13213708125565,0.0,13776336.59938251,26321304.472473223,0.4045091548936839,0.40990967628317365,1.0838061781503272,1.384730333637728,1.588540971948094,3.9246847892194006,9824559.752830036,16.744516028313242,10.462540144543365,0.43693520477873815,-0.01716293743481461,23.21567964601234,0.5794062155192612,739033441.0539472,36.05670066756565,28841.71875718357,26418305.33783003,-6.449634727691924e-07,-3.231133708231784e-08,-15.823464729040307,36.07462610565895,126.48064527523614,126.48137392190301,84.45898660221138,69150.82055096752,78502148.60650791,1.1954482037505836,0.3796333137040983,1.3639212495677147,3.3217535714637085,0.3745634368120889,1.1836818447654514,3.2847458300706953,0.5714347162002844,5.376801223145955,-2.7600000000000016,0.2884,0.4252,0.8125,0.2092,1.3224,0.7784
9.6528,1.0564,14.411999999999999,9.408,239.53000000000003,0.09746978942266485,-18.064,13.02,53.37,-53.37,1.9158725400264682e-07,26.684997744317656,46.21977710229422,26.685002366295237,46.21977443379422,-46.21977710229422,0.0,12242102.134955846,17543973.526372515,0.40717574790753397,0.41213787917598727,1.1130296381695532,1.421310677429633,1.621254571838475,3.935521407876892,9309952.701011963,20.366130544103036,6.011749080298597,0.7275550456487416,-0.0127556097926252,14.880916940496656,1.105775633137378,758183509.214455,19.854345043639714,20231.109904271216,17640959.60237885,-7.698695401956036e-07,-4.860656935090366e-08,-13.454174509385972,19.864290464948976,116.54539311982215,116.55150218137979,83.21563424867985,67526.99272931326,77460923.53954777,1.1066234294936028,0.38180502187906357,1.3931974882516411,3.3299856070176483,0.37715104470519134,1.2158713042434448,3.2918077180025995,0.5548292091919574,5.400795958950608,-6.4399999999999995,0.5836,0.25,0.9325,1.066,1.124,0.8999999999999999
7.8888,0.8484,14.252,11.456,238.87,0.09761252606658165,-23.92,20.132,49.53,-49.53,1.7780244876805504e-07,24.764997906615204,42.89423945805946,24.76500219603903,42.89423698155945,-42.89423945805946,0.0,13319182.480357032,16569627.214278478,0.40746116381512687,0.4123743302758553,1.1164805598314755,1.4256047923120936,1.625088179561683,3.9368190496571738,9736232.865394332,18.96256383073857,5.927164372930319,0.5044560275858101,-0.011192207902748257,13.198940981686565,0.8999044702939516,686516749.6174177,22.57013378025214,19291.34678918681,16666617.827746578,-8.544949935778057e-07,-6.475106810618219e-08,-16.20009088307424,22.581297052418982,112.00358929042527,112.0051839052767,86.31221510588786,67340.92912474868,77337741.11673515,1.091988879455499,0.3820557386458025,1.396636272198459,3.330972647075631,0.37744790287780067,1.219658390215679,3.292655785160495,0.5495844306949604,5.4035849772724855,-15.08,0.5596,0.6916,0.9665,0.22039999999999998,1.2488000000000001,0.836
12.1728,0.8148,11.068,9.216000000000001,248.53,0.09564642760989804,-22.96,12.852,56.81,-56.81,2.0393614202530198e-07,28.4049975989261,49.198904575254545,28.405002518816424,49.19890173475454,-49.198904575254545,0.0,13361611.610706568,25548252.962267675,0.4029320846571024,0.4085876247577941,1.0679255588280485,1.3648297696732736,1.5705656842341016,3.9189894747486176,9619069.034349013,21.66691199606871,7.144952124884934,0.39654504388286316,-0.024776728951763586,23.06894328906802,0.5049456271683177,596330527.8643063,31.095707786471163,27992.972052108868,25645215.80180929,-7.612708804853241e-07,-3.4177690896262976e-08,-18.357505268982944,31.112238974735362,151.002158676789,151.0088864145574,103.93127973873008,70064.22370064803,79064382.82091127,1.2332053099934532,0.3784733685603879,1.3478895165305584,3.3174158963523324,0.3731590928663541,1.1662270521858542,3.281062336626699,0.5716182530714979,5.3643321826827455,-13.0,0.538,0.2764,0.8455,0.24280000000000002,1.028,1.316
12.956800000000001,0.7732,14.396,12.384,244.39000000000001,0.0964586450951894,-18.896,18.9,50.97,-50.97,1.8297175073102694e-07,25.48499784575362,44.14131607464749,25.485002259885107,44.141313526147485,-44.14131607464749,0.0,14624103.530041385,26309638.337430365,0.4048734149256361,0.41020315513947103,1.0882925136295976,1.3903332084486844,1.5935858737311313,3.9262959531999275,10312455.008025285,18.787244862399177,5.383250681591427,0.4650313821199659,-0.01053229212296447,17.52849223814613,0.7406639012984824,640299889.5523231,22.613330460108834,28817.362044459427,26406634.72185672,-6.813456777139041e-07,-3.929952212635027e-08,-13.561435562195923,22.625432935159736,131.85350517142373,131.85977387628773,87.52905963504035,68897.09745383402,78343109.93441914,1.1817907322779044,0.3799571024860657,1.3684355212949524,3.3229914442243675,0.3749538808904693,1.1886116764731314,3.2857997875079787,0.569161440854228,5.380301140971678,-18.6,0.274,0.2572,0.8245,1.0044,1.3448,1.4216
13.5168,1.0868000000000002,13.98,12.0,244.32999999999998,0.09647075415105685,-22.352,11.844000000000001,42.57,-42.57,1.528174892803574e-07,21.284998200779512,36.866702477883926,21.28500188744966,36.866700349383926,-36.866702477883926,0.0,13189910.243214572,25544174.233657464,0.40505268771991687,0.41038014349977076,1.0885959875395192,1.3907340599155529,1.5939472939386838,3.926442673768219,9714444.241728317,15.253031529790134,7.432396822456969,0.273340801215176,-0.008486861602774627,17.47484310388321,0.53395502601873,620322272.4199353,28.249083090089915,28137.636787074127,25641196.369373444,-5.870711458367658e-07,-3.143937815264005e-08,-17.632447601615052,28.262579928284563,110.71987610057461,110.72060087236687,71.5281975233808,68880.18258069179,78332462.8122973,1.1808835139339053,0.37997869367577675,1.3687371420732792,3.323074415396661,0.3749799033376224,1.188941590208592,3.285870529450778,0.5690098558003301,5.380534721805196,-10.2,0.1252,0.3196,0.8195,0.7524,0.8296,1.3704
9.1208,0.7716,11.564,11.52,243.13000000000002,0.0967137251123273,-21.776,10.108,61.370000000000005,-61.370000000000005,2.2030559824137973e-07,30.684997406197763,53.147980527783346,30.68500272099567,53.14797745928333,-53.147980527783346,0.0,11606392.920890149,16267252.257550111,0.40539062190342634,0.41062246711574507,1.094626157058629,1.3982461371950765,1.6006941421307601,3.928599794139919,8882710.317085823,25.47190494478919,5.173987604421867,0.37709973638353983,-0.024497246519704828,16.54949925495499,0.6183543701055447,563101857.7352263,23.471658058282646,18897.766367043405,16364202.52178854,-9.199274718513209e-07,-4.939794000620041e-08,-17.153090786727493,23.48415548297154,138.85552568147668,138.8621879340153,101.61308027057001,68541.88511784717,78118548.5956661,1.1628311089446945,0.38042277121648754,1.374800043121916,3.3247578098835318,0.3755116444740476,1.1955781058482469,3.287308046457479,0.5659947701491974,5.3853947625109875,-13.48,0.41559999999999997,0.598,0.8945000000000001,1.3852,1.188,0.7624
8.6448,1.1076000000000001,11.996,9.952,240.25,0.09731763860397248,-16.304000000000002,19.684,54.33,-54.33,1.9503345531129475e-07,27.164997703743268,47.05116151335292,27.165002408859287,47.05115879685291,-47.05116151335292,0.0,11597048.128035532,11586997.426104777,0.4068045221495132,0.4118184109282757,1.109301034671973,1.4166472729726725,1.6171066438826458,3.9340709214239697,8889495.134394046,20.20449290913195,7.023853220904628,0.41477285030969563,-0.016859991689571096,14.537095430808792,0.6184070252170134,654118366.6436405,24.997611131981596,14430.697319088162,11683987.271134162,-8.181605224560524e-07,-6.006380058822886e-08,-10.270365415182434,25.010397066140424,99.39540524024211,99.40146063238599,71.86728981795544,67729.97120702003,77594439.480128,1.1202073709123963,0.3814714165422208,1.3894739130553342,3.328874980701446,0.37676891673553803,1.2117557686957856,3.2908441809964692,0.5587503161405942,5.396836955924888,-0.7600000000000016,0.23800000000000002,0.2548,0.8185,0.6123999999999999,0.7752,1.396
12.9288,0.9476,13.388,11.968,241.69,0.09701181436920522,-16.432,9.996,59.61,-59.61,2.1398756250885848e-07,29.804997480584138,51.62377577417573,29.805002642961572,51.62377279367573,-51.62377577417573,0.0,13271795.26825779,27224549.125860218,0.40608860695647203,0.4112109457351419,1.10193166455537,1.4073966810716818,1.60887830430992,3.931303315178308,9682396.74210545,23.931397047027055,6.502957789442703,0.6478697568750089,-0.01673823024509219,19.4985940557785,0.992059150450863,652270006.9081867,21.08791825762494,29628.9028543329,27321515.96286143,-7.512611102702225e-07,-3.31821404070377e-08,-13.083434654893901,21.097521327406827,158.90626761937978,158.91292815893405,105.00904231503651,68135.92816243359,77858285.26386511,1.1413972496589169,0.3809532633113365,1.3821184739357604,3.3268057293504576,0.37614661737600175,1.2036240169854517,3.289063240591313,0.5623889875281805,5.391201952243758,-17.8,0.6267999999999999,0.4348000000000001,0.9975,0.28759999999999997,0.9832,1.092
12.7048,0.9444,13.404,12.8,239.76999999999998,0.09741827543805374,-21.584,19.404,56.57,-56.57,2.0307459169813997e-07,28.2849976090697,48.991058472489875,28.28500250817541,48.99105564398987,-48.991058472489875,0.0,14800931.910751242,26007960.747635797,0.407008644526454,0.41198762238499465,1.1117774030798078,1.4197432177129647,1.619852445804139,3.935033988587771,10268054.470617687,22.476667259964266,4.752148531584385,0.39940714847160397,-0.015202879688274199,18.145800339153844,0.6709468710541203,559987357.1080475,23.058535777694157,28446.255302378177,26104930.422140714,-8.331118718676387e-07,-4.5428606518672045e-08,-15.718512086593538,23.068918764086472,152.03872036398306,152.0454568417667,107.70090258044571,67594.65222188216,77505502.35773477,1.1119707373961358,0.38171380838184693,1.3919496281590182,3.329628492651363,0.3770430090584141,1.2144990372773818,3.291501268390844,0.5567404444135616,5.399781785203786,-0.6799999999999997,0.322,0.3316,0.8915,0.7188,1.2936,1.3544
10.7448,0.746,13.948,9.664,247.45,0.09585262563049422,-22.928,12.46,44.09,-44.09,1.5827397468571668e-07,22.044998136536734,38.18306112872686,22.045001954842743,38.183058924226856,-38.18306112872686,0.0,12348332.335840764,19567466.393237047,0.40355838323676696,0.4091300385598987,1.073176002162103,1.3714271003171759,1.5765373567940721,3.9208875748093823,9354912.763448788,15.910225775415185,7.069830547617036,0.31111018812139934,-0.009816395090761588,15.67845867071373,0.6017332830803278,679438053.9142563,26.59169570389766,22288.202152703874,19664479.727359284,-6.579642072137162e-07,-4.060170736016389e-08,-17.696245350501133,26.606242282248186,103.08651177205391,103.08767065334678,71.69996654674274,69759.75598408784,78879820.87124927,1.2222603195000692,0.3788597355238702,1.3531980189702524,3.318842604586981,0.37362762688855056,1.1719952821787958,3.282271852686365,0.5727017377353407,5.368476736574699,-1.0,0.5212,0.67,0.9964999999999999,1.1612,1.2231999999999998,1.0535999999999999
7.4688,0.8036,13.916,6.5280000000000005,249.61,0.09544305867831769,-17.168,10.276,44.17,-44.17,1.58561158128104e-07,22.084998133155533,38.25234316298175,22.085001958389746,38.252340954481745,-38.25234316298175,0.0,9826777.737512307,10313640.81992912,0.4026263020965941,0.4083722856948466,1.062719249378402,1.358342813360534,1.5646757234757005,3.9172138484744443,8321810.586626867,15.429935443239161,7.793200095221831,0.4434315516169725,-0.009766715931239813,12.273692561519551,0.8000103204008518,758171588.9436086,24.993781865213062,13299.153885772525,10410667.958161013,-7.124821149455868e-07,-5.116336374084793e-08,-12.748110368289735,25.00783141497795,78.07431274490949,78.07707995569413,57.771675175718634,70368.69141720822,79247435.65673198,1.2442114396252282,0.37808704860452375,1.3426081093710729,3.3160060532612934,0.37269007257707004,1.1605076350265466,3.2798705096104634,0.5705520268438963,5.360195530476812,-16.2,0.4948,0.28600000000000003,0.7565,1.0492000000000001,1.3128,1.3256000000000001
13.152800000000001,0.8291999999999999,14.22,6.368,241.33,0.0970878344087103,-18.0,14.364,49.05,-49.05,1.7607934811373105e-07,24.524997926902397,42.478547252530106,24.525002174757002,42.4785448000301,-42.478547252530106,0.0,12884908.127017826,23655868.40947827,0.40635640194853706,0.4114528533810633,1.103769287249432,1.4097145884790114,1.6109444501665395,3.9320107719431263,9555942.144794386,17.997144137199715,5.9327802904086955,0.4347301352934349,-0.011577629142006295,18.509030093534047,0.7664990959313674,655982619.5520561,23.292341983572296,26244.515175013174,23752872.736237302,-6.392178091335341e-07,-3.5425702156685e-08,-13.680819255315793,23.304042672293008,120.6204476294832,120.62123474026194,80.22333561659904,68034.43892358022,77792510.12894818,1.1360766779889295,0.3810828055425461,1.3839527097398572,3.3273198764111376,0.3763022836798469,1.2056483123883113,3.2895050585611982,0.5614789972077248,5.39260955646122,-8.68,0.5548,0.6963999999999999,0.8805000000000001,0.506,1.2424,1.2711999999999999
12.312800000000001,0.8324,13.148,12.64,242.89000000000001,0.09676316765667502,-16.912,11.228,48.81,-48.81,1.7521779778656907e-07,24.404997937045994,42.270701149765436,24.405002164115995,42.27069870926543,-42.270701149765436,0.0,11731911.812210392,19133417.6163076,0.4056484237837489,0.41086412947693357,1.0958406221123518,1.3997878605282623,1.602075550364072,3.929081890858062,9036353.481409697,17.769770302352974,6.846228273740559,0.3842063355135753,-0.010914198132436877,16.199280665644558,0.5864873707284801,657138596.9256727,25.65380249555674,21840.26666718122,19230424.09012943,-7.145854002783756e-07,-3.585717444471262e-08,-13.003010653984228,25.6671720082865,110.00055190208103,110.00156436701836,73.99438123241393,68474.22562527821,78075400.81930451,1.1592410164251008,0.38050912848180557,1.376014293683007,3.3250947939513202,0.37561558085492847,1.1969118479598673,3.287596413762494,0.5653881935484871,5.386330914879049,-12.28,0.3076,0.5428,0.9255,0.6572,1.1048,0.9992
12.6768,0.7396,12.876,8.8,236.47,0.0981393852975954,-17.552,17.164,55.85,-55.85,2.0048994071665402e-07,27.92499763950049,48.36752016419585,27.92500247625237,48.36751737169585,-48.36752016419585,0.0,13505568.955372054,24126940.565829974,0.40864463162729564,0.4133831892903991,1.1291623057369902,1.4414195224105157,1.6391374595336858,3.941671776126171,9721539.093698349,21.635284423191678,5.889882430440957,0.461546436366648,-0.01697276116168536,20.030111915741973,0.680411227451852,653613563.0178105,23.62192904948259,26633.518752493837,24223920.772064593,-7.029551569411685e-07,-3.73853721018393e-08,-12.930375620250203,23.631999248099472,138.22046472277364,138.22668099436487,91.00003191479036,66664.3341990594,76884063.97776252,1.039645463600551,0.3829661905016059,1.4092291392815397,3.3346245285742673,0.37852465377287525,1.2335959112202424,3.295807285444212,0.5305031602270489,5.413730447494477,-4.119999999999999,0.45640000000000003,0.2212,0.9475,0.5564,1.364,1.46
11.472800000000001,0.994,13.596,8.96,247.57,0.09582934372518605,-20.24,7.084,54.41,-54.41,1.953206387536821e-07,27.204997700362068,47.12044354760781,27.20500241240629,47.1204408271078,-47.12044354760781,0.0,12114362.294971503,22305185.64809805,0.403392310622187,0.4089716043865029,1.0725892744238672,1.3706750385773299,1.5758578910108347,3.9206498707583854,9217629.910358816,20.88082202128605,5.116300016930195,0.5194989107865524,-0.015772328397698373,17.885607635123087,0.8403046734502279,625967638.0124431,21.800442259256585,24857.752827877783,22402160.03865221,-7.431156574972121e-07,-3.6644273789388125e-08,-16.637277948271347,21.81293790952635,134.77700160391763,134.7834362105497,92.77125316457852,69793.5857303723,78900487.78407936,1.2234709063489357,0.3788181595304077,1.3526081753439518,3.3186845613414757,0.3735768767553095,1.1713525781193406,3.2821376998245184,0.5725800054057426,5.368036250669634,-3.0,0.346,0.2404,0.8315,0.7132,1.2328000000000001,1.172
8.5888,0.9604,11.916,9.152000000000001,248.83,0.09558932487612729,-17.104,18.060000000000002,55.05,-55.05,1.9761810629278073e-07,27.524997673312477,47.67469982164694,27.525002440782327,47.67469706914693,-47.67469982164694,0.0,11379493.71801787,11746485.955572713,0.4028395642264295,0.40852027245884237,1.0664773678607142,1.3630235933451447,1.5689300416540812,3.9184999419922426,8808276.749846172,20.10934401317055,6.5494225448975785,0.40425696353238155,-0.018434153373848114,14.903609008531742,0.5940791962314351,621916279.3574978,24.95063893363119,14584.81320550859,11843470.48804223,-8.263749087610277e-07,-5.8625167057888555e-08,-11.372720763337451,24.966678652129602,101.58844532127067,101.59469437571549,73.64138454090718,70148.79806635919,79115393.4046115,1.2362501741066951,0.3783694364662344,1.3464230234121992,3.3170258735652682,0.3730320605999784,1.164634975982657,3.2807323054692636,0.5713190311172457,5.3632332956870625,-8.439999999999998,0.6891999999999999,0.29800000000000004,0.9175,0.16999999999999998,1.0472,1.2679999999999998
9.3448,0.922,13.756,8.192,237.73,0.09786233109735983,-18.48,16.436,50.730000000000004,-50.730000000000004,1.8211020040386498e-07,25.364997855897222,43.93346997188282,25.365002249244096,43.933467435382816,-43.93346997188282,0.0,12127084.023928728,15472511.136438228,0.4080719238496608,0.4129026251292184,1.1224796475370364,1.4330906545467534,1.6317527013006716,3.9391180261745937,9216763.823495634,19.011973095400283,6.312621019574826,0.5188533002729745,-0.012723028871320683,14.865011969533036,0.8275637926871898,703299667.1106882,22.327775670239888,18236.247814015165,15569508.271260457,-7.354153469574859e-07,-5.127840433580926e-08,-13.079977979860535,22.33850508144122,105.66260939813779,105.66858164303613,76.18481921738253,67019.54653504629,77123307.02992116,1.0669548550381471,0.38248842475851297,1.4026005564870831,3.332694892347825,0.37795987600674397,1.2262460584172516,3.294139346121988,0.540557912786719,5.408402850991574,-9.0,0.1996,0.226,0.9725,0.1812,1.0695999999999999,0.8775999999999999
10.7168,0.7668,13.708,13.088000000000001,249.91,0.09538700586921436,-19.856,13.244,48.01,-48.01,1.7234596336269577e-07,24.004997970857982,41.57788080721652,24.00500212864595,41.577878406716515,-41.57788080721652,0.0,12183101.572609259,18094122.864500403,0.4023734277650904,0.4081414620091091,1.0612778937948413,1.3565203563951649,1.5630184279419868,3.9166757634130467,9268852.742739089,17.26138544525859,6.005658536244274,0.36675311988653536,-0.01011303600158675,14.593352871767348,0.6774191621456408,623784243.9942509,24.540044293521717,20828.893907567835,18191126.464905396,-7.618251618483766e-07,-4.434555069660626e-08,-14.84536441770146,24.55565074604392,108.19924989395875,108.20051684699905,76.82653658144606,70453.26578291935,79297803.63308157,1.2472734575202138,0.37798310593241413,1.3411490944554472,3.31562063573873,0.3725628817971903,1.1589290691928196,3.279545310326607,0.5702575926957008,5.359098516600273,-19.56,0.4756,0.4636,0.8905000000000001,1.2731999999999999,1.0088,1.2648
9.5688,1.0388000000000002,12.796,8.416,236.77,0.09807618075674648,-17.584,12.18,55.21,-55.21,1.981924731775554e-07,27.60499766655008,47.813263890156726,27.605002447876338,47.813261129656716,-47.813263890156726,0.0,11504828.693931105,15577497.066263027,0.40851349303701034,0.4132740682695211,1.1275661286816683,1.4394309646935632,1.6373773804299492,3.9410635382052015,8901919.75918214,21.365080727384772,6.111322860244121,0.5259488561875684,-0.017206725049627815,16.176845508077363,0.785642416649052,671799648.9733895,22.230401665884795,18292.63646535614,15674477.111416282,-7.572782847608399e-07,-4.565410116201596e-08,-13.295605263100265,22.24046693973094,113.92844504351471,113.93444900863422,79.41385634848648,66748.90856477058,76940807.15010166,1.0461117917358504,0.38285253359210314,1.4076475617893387,3.3341626490534315,0.37839033508972664,1.2318393966893826,3.2954074728331486,0.5328596042471384,5.4124626307923664,-18.44,0.6652,0.6676,0.9115,0.48360000000000003,1.252,0.7527999999999999
11.6128,0.8052,12.908,6.464,248.65,0.09562357710146227,-16.176000000000002,15.988,43.45,-43.45,1.5597650714661805e-07,21.724998163586324,37.628804854687736,21.725001926466707,37.628802682187725,-37.628804854687736,0.0,11365825.886419429,15760202.839810804,0.40321066280881157,0.40888181240462246,1.0673529938858513,1.364161105408112,1.5699617867290878,3.918875565488174,8881200.125697043,14.370013828486414,10.510548648806518,0.344427078023625,-0.01137631367414191,16.835249968127663,0.500948810970861,753457766.6963766,32.18744620010885,18636.69167358263,15857239.638777386,-5.748295791384385e-07,-3.6608323941729596e-08,-11.58122790172571,32.199406688242995,87.02717744242099,87.02843354018057,56.45652571443097,70098.05344693249,79084787.14433177,1.2344227244008932,0.3784317938709759,1.3473026212126915,3.3172597207388956,0.37310828467555823,1.1655897793273002,3.2809301623468676,0.5714984002135256,5.363892547211088,-13.399999999999999,0.6027999999999999,0.5044000000000001,0.9865,0.1252,1.3256000000000001,1.2968
13.3768,0.7908,13.212,9.92,249.01,0.0955563374759654,-20.208,17.444,55.769999999999996,-55.769999999999996,2.0020275727426668e-07,27.884997642881686,48.298238129940955,27.885002472705363,48.29823534144095,-48.298238129940955,0.0,15019622.248699302,31044638.75362371,0.402683511191392,0.4083767517960738,1.065601022637392,1.361917392751328,1.5679189991139841,3.9181567801136787,10420470.056436248,21.00220211124587,5.245421094531746,0.43805325897950786,-0.016400523814421922,21.591544453375814,0.6332448557489984,599103545.991966,25.13556524219258,33386.63479889988,31141613.332351677,-7.607827071414443e-07,-3.589379545227037e-08,-15.312688398719267,25.14867577418564,158.11826807994092,158.12518261730787,110.54849996989203,70199.5426857859,79145915.2341925,1.238102052303539,0.37829490862078924,1.345532290585081,3.3167806756454383,0.37294430458557987,1.1636759719562624,3.2805248935339213,0.5711448472932107,5.3623909153771,-5.16,0.48760000000000003,0.5524,0.8365,1.3236,0.8423999999999999,0.7143999999999999
7.2728,1.026,10.524,12.256,248.59,0.09563498299178176,-17.936,8.932,56.97,-56.97,2.0451050891007662e-07,28.4849975921637,49.337468643764325,28.48500252591043,49.33746579526432,-49.337468643764325,0.0,9699864.583385225,9620864.547409482,0.40296365300112963,0.40862532660379863,1.0676366096111995,1.3644790743389028,1.5702488686936935,3.9189144400839613,8085971.892066547,21.435367459875334,7.784112266664039,0.34583535333973364,-0.021982100626683636,13.809222558053461,0.5014491197581635,638625173.795261,27.735538639179882,12477.081870191238,9717836.184958665,-8.198357130528095e-07,-5.4475719105914466e-08,-13.547632951533844,27.752458062487417,100.69574778447154,100.70215638997341,70.55495698724481,70081.13857379023,79074599.71942768,1.2338139673920339,0.37845258185988967,1.347596061241122,3.317337790406267,0.37313368897382093,1.1659083265353856,3.280996219790859,0.5715582990477386,5.3641123514977265,-5.48,0.11080000000000001,0.394,0.8435,0.226,0.9192,0.9448
9.4008,0.9860000000000001,13.836,11.104,246.85000000000002,0.09597166781736496,-23.12,17.5,49.85,-49.85,1.7895118253760434e-07,24.92499789309041,43.17136759507902,24.92500221022705,43.17136510257902,-43.17136759507902,0.0,13053433.52725145,17747673.195888422,0.403704372580334,0.40922592120009493,1.0761006976422216,1.3750785416198898,1.5798282426146788,3.9218967257217567,9604468.668471156,18.541938495872817,5.713432599687229,0.3949305608956489,-0.011984554729957032,14.479466653975278,0.7166348494927838,653238079.2185175,23.544622847902115,20450.959269621027,17844663.13161257,-8.181461938293011e-07,-5.578740456565432e-08,-16.512354250810006,23.558493617234667,113.85264716378028,113.85899925464945,84.78633468164715,69590.60725266552,78774484.99781916,1.2162190284165053,0.3790675788990962,1.3561521471748026,3.319635932203823,0.37388124558584773,1.1752180028579573,3.282945949843725,0.5733222578654479,5.370679962351129,-0.28000000000000114,0.19240000000000002,0.622,0.8585,0.6963999999999999,1.0504,1.06
8.3648,0.7188,12.556000000000001,8.224,243.85,0.09656667371646867,-18.672,10.836,42.17,-42.17,1.513815720684208e-07,21.08499821768551,36.52029230660948,21.085001869714638,36.52029019810947,-36.52029230660948,0.0,9970410.67328769,10863922.010775007,0.40540800051225656,0.4107012877008298,1.091011108540913,1.3937725310160103,1.596686025912456,3.9273726268157323,8301998.78919149,14.493021423883812,12.404653210566767,0.277071935254688,-0.012496071255810969,13.59927797643973,0.5434216901943347,801460619.505624,34.06475394139562,13845.030315662834,10960955.783046434,-6.420859817289138e-07,-4.3761870636640124e-08,-14.0238738516612,34.06856279998751,76.0354552443863,76.03755719899813,53.40071882837389,68744.86359555392,78247235.78483512,1.1736429325452613,0.38016367362255005,1.3711654179803234,3.3237522730443656,0.3751996602107949,1.1915920841729755,3.2864487599398218,0.5678145006224319,5.38258805654683,-9.399999999999999,0.42280000000000006,0.6292,0.9305,0.2484,0.7335999999999999,0.98
11.7808,0.7796,14.14,9.536,242.83,0.09677556063838932,-23.408,20.58,57.29,-57.29,2.0565924267962594e-07,28.644997578638907,49.61459678078389,28.645002540098446,49.61459391628389,-49.61459678078389,0.0,15299134.614862315,26710983.03444082,0.4055143445697315,0.4107228195351172,1.0961405053186444,1.4001393031652405,1.6023885224400383,3.9291479029343783,10529886.227176348,22.93064479653632,7.62607699870353,0.601766797012388,-0.01629090162742118,18.42038399509875,1.0226966589761024,721020275.985363,21.22412698653178,29121.667570404385,26807946.84443225,-8.014772255409363e-07,-4.8938951094314015e-08,-17.08007294906678,21.23416611657099,157.74412798747124,157.75107229881698,113.73522011979856,68457.31075213599,78064595.00768568,1.1583445610461625,0.3805307247827515,1.3763180861265794,3.325179191589644,0.3756415663033792,1.1972456510068392,3.2876686582307766,0.5652365489450705,5.386565112013949,-16.04,0.1492,0.46599999999999997,0.9225,0.37160000000000004,0.8039999999999999,1.4984
9.0648,0.89,11.98,7.072,243.61,0.09661548892742813,-17.712,15.54,54.89,-54.89,1.9704373940800606e-07,27.444997680074877,47.53613575313716,27.44500243368832,47.53613300863715,-47.53613575313716,0.0,11311529.21600853,13366768.481606703,0.40525871806612135,0.4105290956489622,1.0922110651743435,1.3952365288154542,1.5979975929106451,3.92774239492074,8785270.208639193,20.573656272655157,6.636070256281843,0.39845128905151805,-0.019688476592687416,16.412209534740544,0.5883627318770251,645023412.9829648,24.850547253868474,16152.781661249688,13463750.982733296,-7.577109612202855e-07,-5.039753856801102e-08,-12.729607922181925,24.86436928512411,107.32030005014998,107.32636931794801,76.23245976782441,68677.20410298501,78204457.82041368,1.1700320712581582,0.3802500391803494,1.3723756362014214,3.3240865559199744,0.37530367973579176,1.1929182464859263,3.2867342234677133,0.5672079173554534,5.383523250488125,-13.16,0.4132,0.42280000000000006,0.9075,0.9315999999999999,1.2776,1.1528
11.276800000000001,0.8308,12.54,12.16,245.59000000000003,0.09621885877892652,-17.488,10.724,48.33,-48.33,1.734946971322451e-07,24.16499795733319,41.85500894423609,24.165002142833966,41.85500652773608,-41.85500894423609,0.0,11165689.573831562,16515489.20589707,0.4044232667438723,0.409848208170628,1.0823168517847395,1.3828781721060959,1.58687020069406,3.924166310369834,8775977.828360928,17.344683850724405,7.772014173411531,0.34956456971947747,-0.011948601895684443,15.748860539708177,0.5634731908951175,665334988.0533705,27.772209940090217,19291.14066052249,16612496.06848612,-7.158833785899003e-07,-3.7349198664814564e-08,-13.473673798528722,27.78712077743864,102.8330540008106,102.83428548016042,69.66083091159119,69235.39491667866,78554701.27977063,1.2000333616171386,0.37952518120715806,1.3624204072951678,3.321343483125274,0.37443301900219955,1.1820462277553578,3.2843972701226374,0.5722755523040173,5.375632403755087,-4.68,0.10840000000000001,0.5212,0.7635,0.814,1.0535999999999999,0.9096
12.2288,0.858,12.668,13.216000000000001,241.51000000000002,0.09704977359075043,-21.84,18.116,53.61,-53.61,1.924488043298088e-07,26.80499773417406,46.4276232050589,26.80500237693625,46.4276205245589,-46.4276232050589,0.0,13896306.718154963,23046334.293837823,0.4061787283561881,0.41128749805961023,1.1028490990070943,1.4085478926313184,1.6099044864546754,3.9316471251335,9874136.325028043,20.56411569572001,5.722152322174474,0.3240746813128276,-0.01453707781534554,17.66172653672579,0.5435007291247146,556475045.3265622,25.809635780072107,25583.62013188436,23143313.126204412,-7.982139416906746e-07,-4.346101128501605e-08,-16.048223626946655,25.822252902150627,135.98183565343024,135.98824700126036,94.72771199071082,68085.1835430069,77825424.95796901,1.138735064141222,0.38101803824920677,1.3830352443341438,3.327062551918838,0.37622446036267315,1.2046354361261853,3.289283867335592,0.5619340035583108,5.39190570056669,-17.24,0.11560000000000001,0.10120000000000001,0.8135,1.3628,1.4248,0.852
10.520800000000001,0.8452,12.748000000000001,13.536000000000001,241.45,0.0970624498029138,-19.056,19.292,46.33,-46.33,1.6631511107256187e-07,23.16499804186316,40.12295808786381,23.165002054158858,40.122955771363806,-40.12295808786381,0.0,12519057.920804296,15884232.664318316,0.40633550862061246,0.41144183528244566,1.1031579347818061,1.4089543687495059,1.6102680505402722,3.9317990537628553,9339463.9954644,16.372166738144205,8.64370486145781,0.2965571467421616,-0.010293755247760775,14.484098988408842,0.4681632530095301,658429731.9600968,29.666085156317124,18694.380423730836,15981249.176427338,-7.196927772509279e-07,-4.677744837197373e-08,-12.857362177331863,29.67956925959114,97.4426891084474,97.44393892028742,67.37144589340326,68068.26866986466,77814458.95753361,1.1378485520634463,0.3810396265613761,1.3833409660122271,3.327148264484673,0.37625040271442334,1.2049729042173394,3.289357534913934,0.5617823467065245,5.392140288719999,-13.96,0.10600000000000001,0.6796,0.9555,1.4972,0.9128,1.188
13.4328,0.9252,11.148,12.736,237.97000000000003,0.09780935586712793,-16.464,20.524,54.81,-54.81,1.9675655596561874e-07,27.404997683456074,47.46685371888227,27.405002430141316,47.46685097838226,-47.46685371888227,0.0,14358587.45951891,27780758.75578191,0.4079460697829143,0.41279399480616435,1.1212128807050115,1.4315089459194008,1.6303463963421714,3.938627375565601,10045426.425020203,20.008884523647396,9.360442456664845,0.6027843532814872,-0.017127949341049994,22.492497283038386,0.7660237959682036,791488880.6681901,33.00315977311389,30221.066585617933,27877746.84269443,-6.950809691074476e-07,-3.131591862203624e-08,-11.653445925872141,33.01726876019396,143.05344205353325,143.05976738746992,92.74238117241471,67087.20602761523,77168657.3958237,1.0721993804785486,0.38239736753089193,1.401342304367723,3.3323304631197552,0.3778521712337646,1.2248542933789193,3.2938250247189655,0.542455158261747,5.40738844298419,-18.36,0.6771999999999999,0.17320000000000002,0.8665,0.11960000000000001,1.22,0.8712
10.436800000000002,1.0148000000000001,11.612,11.2,238.27000000000004,0.09774342255996898,-16.976,9.1,46.81,-46.81,1.6803821172688586e-07,23.40499802157597,40.53865029339316,23.405002075440887,40.53864795289315,-40.53865029339316,0.0,10173165.432194842,13290111.447182432,0.4079976442191968,0.41287053587062994,1.1196364611279135,1.4295735502990954,1.6286270118824302,3.93808240229919,8309188.031209611,16.402376345288676,11.634283856660156,0.33728167584178287,-0.014091798474342526,15.51332752803343,0.4686509207596746,756043271.514039,33.218818332985464,16152.388263222434,13387125.639582302,-6.654271972752682e-07,-3.745834429204648e-08,-13.174666951371066,33.2273049999743,90.38946617541828,90.39087503296219,59.96581922293289,67171.7803933264,77225193.37144965,1.0787744460365343,0.38228352026681567,1.399771476425582,3.3318763257739152,0.3777174809197748,1.2231182670417273,3.293433625183774,0.5448291041758838,5.406120517279778,-12.92,0.4708,0.48519999999999996,0.7705,0.8924,1.3064,0.884
10.408800000000001,0.9572,11.676,7.744,244.87,0.09636207729275476,-18.032,9.604,47.69,-47.69,1.7119722959314645e-07,23.84499798438278,41.30075267019696,23.84500211445793,41.30075028569695,-41.30075267019696,0.0,10497055.489013892,14499304.709052095,0.4048467682180468,0.41021710037886977,1.085899834424044,1.3873700161027762,1.5909209627994958,3.9254825884919953,8456129.13454085,16.57644081178688,10.437875397387934,0.3199492570042413,-0.01631880485013809,17.313098635437072,0.48883858298923266,707807601.6068811,32.419326586707754,17325.374084837335,14596312.444372222,-6.150268513365811e-07,-3.593446469288423e-08,-14.172849111066,32.43252315433882,95.51214250484458,95.51350754970096,62.8790723742459,69032.41643897188,78428136.26344521,1.1890609182895804,0.37978444858531346,1.3660255490950577,3.322329724301901,0.3747457219158803,1.185978106525789,3.2852360646630983,0.5703744366953595,5.378434245565196,-7.800000000000001,0.67,0.3244,0.8445,0.2036,0.8712,1.0152
10.184800000000001,1.0356,13.308,11.808,242.29,0.09688750010134159,-18.256,15.372,56.25,-56.25,2.0192585792859067e-07,28.124997622594492,48.71393033547031,28.12500249398739,48.7139275229703,-48.71393033547031,0.0,12577596.957293808,17631783.950278282,0.4058017531261006,0.4109694779251896,1.0988750817789044,1.4035709366800657,1.605456724468979,3.93016764242674,9367809.739700247,21.850064993444224,5.643960834298306,0.6004336402439809,-0.015136266767732897,15.438919088501839,0.9354493570896236,647977232.2048669,21.41946979196348,20295.87942136229,17728760.31470886,-8.42436355586049e-07,-5.0263311555919504e-08,-13.203753648040149,21.431025890472977,125.6978715912804,125.70411916011346,90.59385120924065,68305.07689385589,77967149.0692081,1.150295887439059,0.38072502700382427,1.3790559258491013,3.3259412691157566,0.3758753082871113,1.2002571258134758,3.2883215961833807,0.5638717569589599,5.3886729239495565,-15.16,0.6988,0.2428,0.9775,0.254,0.9863999999999999,1.476
12.4528,0.9956,13.692,8.032,243.19000000000003,0.0967013968482296,-18.608,8.596,46.41,-46.41,1.6660229451494919e-07,23.20499803848196,40.1922401221187,23.20500205770586,40.192237801618695,-40.1922401221187,0.0,11637003.489204774,20941827.577150945,0.40556995194266726,0.41080960923758464,1.094327979008374,1.397901739762333,1.6003872584900396,3.928539438689123,9032348.307131208,16.740880428130417,6.831905248916113,0.35828175470753476,-0.011023302498944535,17.6058906988869,0.6477994106293367,644984526.5273935,25.562217655877003,23618.23024870651,21038839.124820475,-6.169456072523522e-07,-3.1802273916067813e-08,-15.006161705226477,25.575113126369512,108.94730079272306,108.94822744466053,71.8308439169105,68558.79999098938,78129316.60850309,1.1637297043789767,0.38040117823133207,1.3744967093586675,3.324673706902532,0.375485653726192,1.1952450991764076,3.287236110042221,0.5661464122591422,5.3851607172679525,-19.96,0.5044000000000001,0.634,0.9585,1.1948,0.7495999999999999,1.1048
8.1968,0.7316,12.252,8.896,243.55,0.09662772422094262,-19.216,12.292,52.81,-52.81,1.8957696990593554e-07,26.40499776798605,45.734802862509994,26.405002341466208,45.73480022200999,-45.734802862509994,0.0,10638310.99234894,11847353.212423125,0.40527912298645935,0.41054477399087436,1.0925125865374072,1.39561309692825,1.598335275109264,3.9278515750629026,8527684.232470835,19.760975552602915,6.7244686244222285,0.38313087000529705,-0.017040866833012293,14.329992250939123,0.6139424453038879,656691665.6286561,24.69274398385599,14677.17298741693,11944338.3339701,-8.234360219913587e-07,-5.367775997886032e-08,-14.270714092567413,24.706491262122114,100.42383557344674,100.43019988911297,74.24428639477985,68660.28922984279,78193744.94064683,1.1691304753099128,0.380271638766466,1.372678354704164,3.324170263061231,0.3753296892677638,1.1932501751720013,3.2868057459433353,0.5670562725467646,5.383757249263839,-6.6,0.1612,0.6748,0.9755,1.3292,1.1304,1.0728
11.7528,0.8932,11.964,10.432,247.63000000000002,0.09581891537776109,-19.184,20.916,43.53,-43.53,1.5626369058900537e-07,21.764998160205124,37.698086888942626,21.76500193001371,37.698084712442615,-37.698086888942626,0.0,12647069.716102147,17512915.941016085,0.40363231487200285,0.4092206621906469,1.072297077643253,1.3703518208188057,1.5755601851121,3.9206102618977243,9367268.214416794,13.64998274405977,15.48658071320707,0.3376576135098625,-0.015007600816074282,17.45994552678475,0.4351233127451543,880255431.353251,41.33622577850211,20329.94720402052,17609946.865071196,-5.728886854173302e-07,-3.7521026401039075e-08,-13.168185839500865,41.34168919538027,92.8396757778528,92.84087501386524,58.803624097508234,69810.50060351453,78910764.23831274,1.2240996552346222,0.3787851588901551,1.352301413191557,3.3185937242462558,0.3735399270753401,1.1710258079445774,3.2820606036873925,0.5725243956699201,5.367632224032125,-16.92,0.19,0.6556,0.8425,1.0324,0.964,1.3864
9.9048,0.8644000000000001,11.132,12.48,235.87000000000003,0.09826957923457744,-22.992,18.844,48.97,-48.97,1.7579216467134373e-07,24.484997930283598,42.409265218275216,24.485002171210002,42.40926276977521,-42.409265218275216,0.0,12292996.899395978,15359513.183205694,0.4089967289517272,0.41369295535942774,1.1323662571730069,1.4454279503432457,1.6426818391617874,3.942932925222732,9142863.445506237,17.85867501676692,11.763760151309409,0.27204054802236355,-0.016526858601876714,16.013630512407133,0.39746867653791773,716824544.5098519,35.88773082254709,18116.423670989265,15456507.734041367,-7.499197080457361e-07,-4.741869600872309e-08,-16.2996852807431,35.899781212124466,104.631688460158,104.63291319200843,72.27513351804174,66495.18546763711,76768917.84399179,1.0267785090662116,0.38319340029100313,1.412398755879608,3.3355530152086135,0.3787930777624622,1.2371213323969092,3.296612075894556,0.5257972233049049,5.416266039346427,-0.6000000000000014,0.514,0.5932000000000001,0.8045,0.4276,1.0856,1.252
11.8368,1.0676,13.132,6.016,248.11,0.09572663759058589,-20.624,18.172,58.17,-58.17,2.0881826054588656e-07,29.08499754144572,50.376699157587694,29.085002579115496,50.376696249087686,-50.376699157587694,0.0,13801229.641374864,23499804.99298127,0.4031014258894843,0.40872281002024624,1.069958732465802,1.3673747545348842,1.5728684083715907,3.919700709602427,9845712.3572641,22.609923811185848,4.775799005554162,0.4562216104714756,-0.020263697569345433,19.89672133656139,0.7371617964383416,580786998.0577537,22.41379485965907,26002.101210830075,23596770.9716984,-7.641811383590028e-07,-4.4734309263097835e-08,-15.302270104121668,22.42618510016757,147.6170298171915,147.62363543768046,103.66226069046145,69945.81958865239,78992856.27700908,1.2289509267794134,0.3786188728994608,1.3499460818153257,3.317964096467466,0.3733368648473673,1.1684622393771535,3.2815266591516643,0.5720397095053231,5.365871590265582,-5.960000000000001,0.38439999999999996,0.1708,0.8685,0.5619999999999999,0.7432,1.0056
7.9448,0.9508000000000001,11.356,12.672,248.41000000000003,0.09566934344586696,-17.36,18.228,43.69,-43.69,1.5683805747378e-07,21.844998153442727,37.836650957452406,21.845001937107718,37.836648772952394,-37.836650957452406,0.0,10594442.962653017,9146201.704019196,0.4032731767540903,0.4089246062529312,1.0685126487461123,1.3656104578122672,1.5712745068035512,3.9192863350232603,8501559.444707891,13.094179188064677,19.46659952222066,0.3304080677611286,-0.018481263375282518,12.499435810147759,0.4130065822404998,1014622125.2699019,44.72734681201824,12175.23084146871,9243235.2626588,-7.141382296716009e-07,-5.414213157389672e-08,-10.796508164746253,44.64700046520838,72.73485475979592,72.73702085553451,50.3949811069342,70030.39395436356,79043934.83265173,1.2319888399029149,0.3785149423668689,1.3484766618424637,3.3175722605464144,0.373209895043782,1.1668649228965366,3.2811947285248766,0.5717383240673143,5.364771925769866,-8.200000000000001,0.33399999999999996,0.322,0.8115,1.318,1.0984,1.124
10.6888,0.9012,14.284,13.344000000000001,236.41,0.09815227097158945,-23.44,14.700000000000001,48.410000000000004,-48.410000000000004,1.7378188057463245e-07,24.20499795395199,41.92429097849098,24.205002146380973,41.92428855799098,-41.92429097849098,0.0,13319463.793189995,21247934.034041263,0.4086571032931282,0.4133911397710788,1.1294816897728859,1.441816030740784,1.6394881289338652,3.9417925259952833,9740599.435656276,18.758971456430398,5.688938889017027,0.4027963468771354,-0.010097713637187672,14.789664670967191,0.8062898368615491,655184654.6329062,23.08104221750186,23859.75434293137,21344927.705144275,-7.796640896511573e-07,-4.688120291118441e-08,-17.58598546190727,23.09130414042519,120.87699001086075,120.87800053741084,87.63176665778663,66647.41932591719,76872580.61750247,1.0383549466304367,0.38298891208367203,1.4095457191191618,3.3347170901664533,0.3785515041633067,1.2339477312688338,3.295887453712174,0.5300320709972134,5.41398391472641,-4.84,0.4324,0.5068,0.9095,0.4668,0.9543999999999999,0.8583999999999999
11.9208,1.0756000000000001,11.724,8.768,241.99,0.09695010580117305,-22.288,12.572,48.57,-48.57,1.7435624745940709e-07,24.28499794718959,42.06285504700076,24.28500215347498,42.062852618500756,-42.06285504700076,0.0,12615102.835269738,22227065.364694364,0.4060452324237036,0.4111915634808446,1.1004003486198763,1.4054965359297136,1.6071766235521512,3.930755029789102,9345584.550203854,17.47821539677179,9.738217848236019,0.33669103266559913,-0.016901746200083688,20.561737395443565,0.42884209399086304,672095135.599155,33.898988082215304,24826.627311772223,22324060.12583307,-6.724873908650932e-07,-3.317662982031702e-08,-17.635570814176063,33.914321118978066,118.83200820762214,118.83289737148262,80.73942486849079,68220.50252814476,77912782.8664539,1.1458436407857258,0.3808329379790457,1.3805798980139796,3.326366624969732,0.3760050757233829,1.2019357020521484,3.288686472982102,0.5631358460224714,5.389844070067796,-1.7199999999999989,0.26680000000000004,0.6123999999999999,0.8965,0.9707999999999999,0.9319999999999999,0.9863999999999999
8.7568,0.8596,11.436,7.328,247.33,0.09587819169382925,-22.704,15.148,53.69,-53.69,1.9273598777219612e-07,26.84499773079286,46.49690523931379,26.845002380483255,46.496902554813786,-46.49690523931379,0.0,11517931.793052036,13861042.741322504,0.4035260062895279,0.40908664146142404,1.073758623537555,1.3721462894552352,1.577185830630833,3.9210761885409515,8848631.278237924,20.101762434542387,7.331638506951905,0.2863261450721856,-0.022119499602632195,16.8873342068242,0.4930334222749675,601827506.5938953,28.422283973994286,16621.16682918906,13958017.871430907,-7.64450193571209e-07,-5.1450707371260845e-08,-16.923435491959676,28.43886149284178,110.59138514072114,110.5976769707637,79.7354584858749,69725.9262378034,78857285.83837996,1.2210503959179757,0.37890130170584563,1.3537881724738177,3.319000845429412,0.37367836106842006,1.172638584755376,3.282406219266367,0.5728240318804829,5.368917165821758,-2.1999999999999993,0.6796,0.3508,0.7845,1.2228,0.9448,1.1976
10.0728,0.754,11.164,11.584,245.82999999999998,0.096171365151958,-23.28,20.244,51.85,-51.85,1.8613076859728758e-07,25.924997808560434,44.9034184514513,25.925002298902157,44.90341585895129,-44.9034184514513,0.0,12700673.265804958,16245833.577255573,0.40421948774737354,0.4096616680082207,1.0811253715386118,1.381375860332012,1.5855131169138221,3.9237156216905844,9315653.904214185,18.962837517794465,9.086452032412117,0.2692195019128728,-0.018337565819497272,16.886967136179706,0.4210364388849801,643319601.0161393,33.036629892964356,18966.317200204874,16342816.631157702,-7.763856202344675e-07,-4.9285227294803707e-08,-16.43423475006228,33.0541327738596,114.07578167098018,114.08184596569487,79.90433580061185,69303.05440924759,78596771.50728476,1.2037016498931097,0.3794388074858372,1.3612215264878516,3.3210165565412044,0.37432877805374953,1.1807405804959308,3.284119568283861,0.5728825170245265,5.374699974985079,-13.32,0.1708,0.11080000000000001,0.8635,1.3684,1.2104,0.74
11.9768,0.7524,12.268,8.128,236.23000000000002,0.09819110454266278,-23.888,10.668,58.57,-58.57,2.102541777578232e-07,29.284997524539722,50.72310932886215,29.285002596850518,50.72310640036214,-50.72310932886215,0.0,13163032.664873382,25015901.930623464,0.408707465289784,0.41342790438593696,1.1304406209240299,1.4430069737852038,1.640540788002005,3.942151380366401,9539906.25848439,24.435633626884005,5.153500915457601,0.34124045623053234,-0.023502782102339484,21.038161997019117,0.6091844533027402,562644823.6472018,24.277675546225584,27432.936533911405,25112856.25510278,-7.776151223670839e-07,-3.804818995775146e-08,-19.3803229078581,24.28738249209109,158.28432008907026,158.291198372107,110.36042417240456,66596.67470649049,76838096.01926666,1.0344883078196523,0.38305709195072524,1.4104959307165754,3.334995160345342,0.37863205929004345,1.2350041094887434,3.296128376095021,0.5286194641207831,5.414744697884997,-5.4,0.18520000000000003,0.406,0.8645,1.4020000000000001,1.2711999999999999,1.0375999999999999
9.1488,0.7236,12.38,11.36,239.23000000000002,0.0975346175433473,-22.576,17.668,49.69,-49.69,1.7837681565282968e-07,24.844997899852807,43.03280352656923,24.84500220313304,43.03280104206923,-43.03280352656923,0.0,12262597.431122644,15138737.548065428,0.4073510465068821,0.41229163028145976,1.1145973788559191,1.4232682237213863,1.6230037492658338,3.9361240434372666,9196427.340102581,18.57296257963721,7.450693164118635,0.28335655387526554,-0.014133866038192907,14.837940734431402,0.5262283257804685,626587894.2624537,27.725554098562426,17899.52140492376,15235729.546396876,-7.896155377541268e-07,-5.299750833442032e-08,-16.0299310916187,27.73829432939521,105.50598247434442,105.51204097483735,76.29010841054391,67442.41836360208,77404925.06632136,1.0999586767419856,0.3819190025739128,1.3947592652266714,3.330433350889838,0.37728602165087854,1.2175903070037217,3.2921922329670417,0.5524422750523087,5.402063679855281,-18.04,0.1348,0.6891999999999999,0.8545,0.28200000000000003,0.9383999999999999,0.7944
10.0448,0.8371999999999999,12.012,6.784,235.93,0.09825638224791824,-21.68,13.468,47.93,-47.93,1.7205877992030846e-07,23.964997974239182,41.50859877296163,23.965002125098945,41.508596376461625,-41.50859877296163,0.0,11360361.949517105,15350986.91959941,0.40901101376700283,0.4137121279069679,1.132046181797637,1.4450341772714805,1.6423344745353257,3.942817272046627,8802260.976628607,17.637668958545383,9.526679021465561,0.27715294115358413,-0.016494846417302787,17.182778885008933,0.4828130600158086,693031112.2217845,30.72112878018884,18121.033315906032,15447986.392706571,-6.688482001451941e-07,-4.2202120952334186e-08,-16.558098125696525,30.731953604045884,100.45169490118201,100.45303360018757,69.47236855347735,66512.10034077933,76780503.44781353,1.028061356564082,0.38317069271280324,1.4120813993698476,3.3354598854308284,0.37876625597270225,1.2367680699934238,3.296531295495638,0.5262673083883743,5.4160125909294825,-13.64,0.6819999999999999,0.6988,0.9375,0.5732,1.3896,0.8744
8.3368,0.9716,11.852,8.256,244.57,0.0964223784611645,-22.096,20.188000000000002,59.85,-59.85,2.1484911283602046e-07,29.92499747044054,51.83162187694041,29.925002653602586,51.8316188844404,-51.83162187694041,0.0,12660066.620014101,14632875.919397749,0.40472213759330705,0.4100648130415947,1.0873913683840182,1.3891972071313652,1.5925637042108536,3.925955736747308,9322228.205618871,23.903820075211843,5.448982075810019,0.39677244823064917,-0.024628338399842745,16.466015956784396,0.6355526060284726,578519377.6845512,23.570779503760207,17326.73307588014,14729834.370524805,-8.561842205891074e-07,-6.25853354285982e-08,-15.324597227354317,23.5842106088418,127.34903980167434,127.35562732688469,94.85408259745614,68947.8420732607,78375018.99076843,1.1845151686841322,0.37989232973297404,1.3675310671960457,3.3227428434949333,0.3748758081744845,1.187622910500717,3.2855879263645,0.5696161986854521,5.379600580094485,-15.0,0.61,0.46119999999999994,0.9315,1.4804,1.1176,1.0695999999999999
8.700800000000001,0.7876,14.475999999999999,13.120000000000001,246.25,0.09608866532924039,-19.312,16.380000000000003,53.85,-53.85,1.933103546569708e-07,26.92499772403046,46.63546930782358,26.925002387577262,46.635466615323566,-46.63546930782358,0.0,12723720.777084948,16577558.949081428,0.40395848634787884,0.40943237675548877,1.0790462607289992,1.3787684740624053,1.583155904724915,3.9229508790894823,9528768.964694144,20.39289386052283,6.02995293301832,0.750446434263512,-0.011672256568033227,13.183894750427005,1.1891798699360847,766673196.058244,19.890508008270114,19290.394991199166,16674541.94204517,-8.886735394633169e-07,-5.978114704808274e-08,-13.454221140104435,19.90266132909787,118.66813396993304,118.67454911103718,89.76801499220407,69421.4585212432,78670160.21973525,1.2101376358445912,0.3792877049483407,1.3591268724006558,3.3204466017458656,0.37414634040660383,1.1784616179529896,3.28363583882899,0.5739449360797023,5.37306983974456,-3.879999999999999,0.4972,0.6436,0.8855,1.4524,0.9736,0.7816
9.3168,0.8772,10.748,8.512,246.13,0.096112250863699,-16.112000000000002,10.892,56.65,-56.65,2.0336177514052731e-07,28.3249976056885,49.060340506744765,28.325002511722413,49.06033767424476,-49.060340506744765,0.0,10489278.385419995,13003383.085123342,0.4041296834024285,0.4095962067611768,1.079641512766008,1.3795298998153103,1.583845273667617,3.923197558973829,8403865.000282511,21.05466858382473,7.904188672468349,0.39314525075683476,-0.024062975700635057,17.720828493982967,0.490282007993199,635771720.212996,28.064234282043987,15789.508978460459,13100360.819583826,-6.84712785667685e-07,-4.222937548180802e-08,-12.272286601871377,28.079944754929787,108.7105838114509,108.71646547038422,72.07565151581024,69387.62877495874,78649214.05710009,1.2082968808860317,0.3793308442679009,1.3597248678213032,3.3206091372098783,0.3741984423160288,1.179111952342877,3.2837737315605455,0.5736412751533183,5.373534994086927,-11.24,0.1276,0.1468,0.9295,1.3908,1.4664,0.964
11.4448,1.034,14.076,11.072,240.43,0.09727949301380255,-22.8,8.316,46.730000000000004,-46.730000000000004,1.6775102828449854e-07,23.36499802495717,40.46936825913827,23.365002071893883,40.46936592263826,-40.46936825913827,0.0,12371787.216911688,22486512.62577596,0.4067553218133285,0.41178315893500556,1.1083768195342287,1.4154906300777381,1.6160799467088816,3.9337248474701645,9366003.687980874,17.64798199748871,6.173877572972659,0.37133631830657454,-0.010448520636153123,16.38244285671353,0.6951280441754261,663532001.6094668,24.054698400884945,25089.048439804472,22583511.835128933,-6.696738223145199e-07,-3.605444367647935e-08,-18.47031757989299,24.066047822528034,116.94449852031124,116.94542005520998,79.95656618547699,67780.71582644671,77627259.46897393,1.1228428190947257,0.3814066583391458,1.388551747349701,3.3286144678402843,0.3766911922994237,1.2107342573203368,3.2906195683419828,0.5592076813247568,5.396131952865883,-13.079999999999998,0.10360000000000001,0.6244,0.9385,0.8083999999999999,0.948,0.8936
8.924800000000001,0.9460000000000001,11.244,7.4879999999999995,246.19,0.09610045914571731,-23.792,13.972,57.61,-57.61,2.0680797644917525e-07,28.80499756511411,49.89172491780346,28.805002554286464,49.891722037303445,-49.89172491780346,0.0,11813070.679817803,15208471.97275237,0.4040066627284391,0.40947620228946696,1.0793430943708129,1.3791423328018746,1.583494155885741,3.923062838369179,8950702.085373363,22.65099798637789,6.210678609506597,0.292367914004608,-0.026708827906624745,17.88182749616504,0.47898797789454084,550039345.9195457,26.714670920986173,17891.971610558998,15305430.944621753,-8.064967221547984e-07,-5.117556464651638e-08,-18.18992931791575,26.729812282478264,124.78440264639097,124.79090929385039,90.21267810266,69404.54364810097,78659685.11451721,1.2092171164361436,0.37930926887562916,1.3594258294490529,3.320527838284294,0.3741723861251792,1.178786693426953,3.283704749540849,0.5737930515214172,5.373302319382747,-19.0,0.2428,0.1588,0.9025,0.6459999999999999,1.428,1.2744
10.3808,0.9268000000000001,11.116,10.368,247.92999999999998,0.09576116160628925,-21.872,15.708,46.09,-46.09,1.654535607453999e-07,23.04499805200676,39.91511198509914,23.045002043517847,39.91510968059914,-39.91511198509914,0.0,11748678.363288328,15702989.57964791,0.4034277076307254,0.4090390112341016,1.0708375414815956,1.3685127222243385,1.5738985687732958,3.9200783154158008,8955820.463059057,15.391175851566665,15.222818146499742,0.28329444836482104,-0.019254950489109596,17.384718783874142,0.4239438971115639,855072463.6965159,41.74206506054638,18505.801660530804,15799997.967018731,-6.265610109707082e-07,-3.881474819698041e-08,-16.26276322807298,41.754334328357906,97.98356835443012,97.98486552915973,64.42867681731911,69895.0749692257,78962118.35332863,1.2271303355375216,0.37868122901132373,1.3508286830321894,3.3181998096272385,0.3734130261430362,1.1694224637934834,3.281726478381053,0.5722210943757119,5.366531646373326,-5.800000000000001,0.2644,0.18760000000000002,0.7765,0.41079999999999994,0.9992,1.3384
10.800799999999999,1.002,10.844,8.448,246.55,0.09603081803703167,-22.224,11.283999999999999,51.370000000000005,-51.370000000000005,1.844076679429636e-07,25.68499782884763,44.487726245921955,25.685002277620132,44.48772367742195,-44.487726245921955,0.0,11505790.587173827,17338147.90852678,0.4039532703774063,0.4094527832615125,1.0775708935324202,1.376940305321811,1.5815047069596098,3.92244964357662,8821884.859743051,18.6200114909981,10.292098762628882,0.30134675003107303,-0.02217260611383936,19.632460522755846,0.3906314653115071,685174981.0269257,34.62908851025525,20032.93143187259,17435130.909852114,-6.616189986451891e-07,-3.686720060509623e-08,-17.591195658103484,34.646547790655006,114.93223078793982,114.93821945931704,76.1569801058446,69506.0328869544,78722233.35583812,1.2132152366807145,0.379171414928721,1.3576321486242264,3.32003447632556,0.37400791143849166,1.1768349975657535,3.283285031824029,0.5736709090474333,5.371780774658718,-14.76,0.2596,0.1372,0.8935,0.6235999999999999,0.9703999999999999,1.2296
13.292800000000002,0.7508,12.46,7.776,238.45000000000002,0.09770401658020735,-17.04,12.236,60.25,-60.25,2.162850300479571e-07,30.124997453534547,52.17803204821487,30.125002671337604,52.17802903571486,-52.17803204821487,0.0,13701623.349958826,29796327.62244023,0.4076443121325827,0.4125262858050708,1.1186844184611027,1.4283471556046101,1.627531768335611,3.937645320658237,9809463.772075366,24.098553726836023,5.8498772196484925,0.5714623015374315,-0.022094144086362892,23.471097102633433,0.7965859951056625,689631187.6989148,24.616806365714847,32126.762972656827,29893292.146346692,-7.801272594553639e-07,-3.1833199114873885e-08,-13.475822971752116,24.62574636698008,164.93062250537565,164.93742786464375,112.82778809887789,67222.52501275307,77259032.2423847,1.0827297343475208,0.38221519773390233,1.3988299795853731,3.331604572562043,0.3776366355081197,1.2220786003153161,3.293199581335557,0.5462546705939976,5.405359818261876,-6.76,0.28600000000000003,0.2692,0.9205,0.1476,0.8231999999999999,1.3224
8.2808,0.7172,12.508,10.751999999999999,243.42999999999998,0.09665223465943142,-20.88,12.123999999999999,50.65,-50.65,1.8182301696147764e-07,25.32499785927842,43.86418793762793,25.32500224569709,43.86418540512792,-43.86418793762793,0.0,10978277.498028493,13086412.391021311,0.40533930105714105,0.41059575877780186,1.0931164852337276,1.396369512029072,1.5990135254112583,3.928072799648357,8691452.012514822,18.866532755282854,6.812877657713653,0.35042825227102,-0.014563376962844023,13.944231257334296,0.6311339045584764,641838012.1156571,25.451874853315108,15897.143790400094,13183401.847366793,-8.170690087383599e-07,-5.2253649045259554e-08,-15.627480725795506,25.465429550615912,101.00555157758028,101.01178866335515,73.81084852599186,68626.45948355831,78172295.49131817,1.167328558999008,0.3803148206510385,1.3732841592641947,3.3243378586601793,0.3753816859351299,1.1939145393482344,3.2869489632518873,0.5667529841206453,5.384225005914861,-9.48,0.46840000000000004,0.6484,0.9245,1.0548,0.996,1.4184
10.7728,0.7652,12.124,13.440000000000001,239.41,0.09749584586611877,-23.472,7.364,42.49,-42.49,1.525303058379701e-07,21.244998204160712,36.797420443629036,21.245001883902656,36.79741831912904,-36.797420443629036,0.0,10860005.773178266,16796916.392565873,0.4074323019890829,0.41238858825316127,1.113660241593306,1.4221246414782764,1.621984027151251,3.935810938709374,8639659.527599659,15.798701586634973,11.576498592599835,0.22022940374973882,-0.011701920881693093,15.089126485232839,0.4076051220857956,733506319.4514644,34.89225651755543,19582.72805752544,16893933.39043171,-6.841634702167819e-07,-3.534019947210697e-08,-18.95913215715208,34.90262037728716,95.1453522981481,95.14653714678799,65.10158777862422,67493.16298302879,77438415.03187954,1.1039551551630877,0.3818506147456985,1.3938219702503671,3.3301645279099885,0.3772050395615499,1.216558409943605,3.2919613245011607,0.5538724763584074,5.401303007752267,-2.039999999999999,0.40359999999999996,0.5619999999999999,0.9984999999999999,0.8812,1.092,1.3448
6.9368,0.802,13.02,11.424,246.01000000000002,0.09613586212845755,-17.52,10.443999999999999,49.61,-49.61,1.7808963221044236e-07,24.804997903234007,42.96352149231435,24.805002199586035,42.96351901181434,-42.96352149231435,0.0,9976395.40251713,10115339.014815632,0.4041719223537199,0.40962891379365357,1.0802347406110435,1.3802696582188598,1.5845140016858694,3.9234096558677005,8331694.512772124,18.112703729938556,7.073675657461196,0.4978916763418531,-0.012118501786947984,11.841706614624623,0.8351159352874892,734098876.4889092,23.517663073959554,13032.684879188973,10212340.121978039,-8.383982913951385e-07,-5.647857846040001e-08,-12.81771803978447,23.53153099177741,88.70210923689834,88.70478125822468,65.97431992257555,69353.79902867429,78628257.0457201,1.2064574401888781,0.3793740296721889,1.3603232527395825,3.320771936328157,0.3742505819965783,1.179762939855089,3.2839118942648544,0.5733377490793877,5.374000928975075,-8.599999999999998,0.3412,0.4708,0.7975,0.5227999999999999,0.7847999999999999,1.4727999999999999
10.4648,0.7844,10.668,12.064,238.93,0.0975995088317888,-19.024,18.676000000000002,59.29,-59.29,2.1283882873930915e-07,29.64499749410893,51.34664763715617,29.645002628773554,51.34664467265616,-51.34664763715617,0.0,12507856.422658654,16994180.428793617,0.4074526894123163,0.4123705451598886,1.1161664419142896,1.4252165999035553,1.624742111380841,3.936705527499812,9196633.734223772,23.134303417388026,7.330766969509945,0.3831683382114492,-0.023215819140888102,18.23419776704778,0.4740602419474085,600026116.9838345,28.810178981629864,19641.762292650732,17091146.548744697,-8.277623820958861e-07,-4.631166817909622e-08,-13.49185480305621,28.823587473238668,129.41544412117517,129.4215410347832,88.64475283822964,67357.84399789094,77348956.23540896,1.0933150810035832,0.38203295379502966,1.3963231958797635,3.330882607654282,0.37742093152063044,1.2193133125674116,3.2925783662624664,0.5500604989311441,5.403331450726383,-13.719999999999999,0.3028,0.4468000000000001,0.8065,0.14200000000000002,0.7272,1.4344000000000001
13.3488,0.7555999999999999,14.108,6.176,239.59,0.09745692218808025,-16.944,16.548000000000002,44.410000000000004,-44.410000000000004,1.59422708455266e-07,22.20499812301194,38.46018926574643,22.205001969030757,38.46018704524642,-38.46018926574643,0.0,12565375.99576451,21430675.392441187,0.40735429423124503,0.4123238186192748,1.112721167664718,1.420955043171944,1.6209386028628254,3.9354539711276733,9425204.22519933,15.565605961224694,7.650907599099293,0.3737879649864713,-0.009465977375358868,17.88227998170691,0.6109318057813841,675737795.4313058,26.546719856915598,24137.739216105263,21527705.425617423,-5.756874119930349e-07,-3.430580186363374e-08,-12.36162283585322,26.557968291883324,101.94673278134351,101.94757235117467,65.56221259215289,67543.90760245547,77472054.52899876,1.1079590327557427,0.3817822150269898,1.3928854018215746,3.329896236045361,0.3771240343065647,1.215527987592984,3.2917310033280205,0.5553063115858413,5.400542320319642,-5.32,0.37960000000000005,0.31,0.9235,0.7916,1.3928,1.4696
8.616800000000001,0.8004,11.052,8.736,247.03,0.09593659644072325,-16.4,16.156,56.17,-56.17,2.0163867448620335e-07,28.084997625975692,48.64464830121542,28.085002490440388,48.64464549271541,-48.64464830121542,0.0,10743374.468823865,10952166.143667225,0.4036748891089194,0.4092118334706678,1.0752221881533552,1.3739853982928327,1.5788440635775844,3.921603751384317,8505819.568488538,20.576545131492956,7.52349921287607,0.38584989688007443,-0.022077415076728266,15.7589474066307,0.5089661828573144,630706958.4566481,27.21817742518364,13798.740327806243,11049147.374550987,-8.068636726751074e-07,-5.508847142521844e-08,-11.260669595761746,27.234129726731847,99.99321485491815,99.99938326106857,70.70371223275983,69641.35187209221,78805530.6725095,1.21802973795029,0.3790052234973405,1.3552650116025338,3.319397373349049,0.3738051755573831,1.1742495742132717,3.2827431295710485,0.5731381680195275,5.370018711142686,-2.6000000000000014,0.1756,0.4588,0.9065,0.6852,1.4376,1.1016
12.032800000000002,1.0372000000000001,12.828,7.584,241.75,0.0969992389572265,-22.64,15.764,51.93,-51.93,1.864179520396749e-07,25.964997805179237,44.97270048570619,25.96500230244916,44.97269788920618,-44.97270048570619,0.0,13301142.309359042,22776017.91142577,0.40610563961476737,0.41123328934721787,1.1016272624118515,1.4070216343708195,1.6085444349828784,3.9312029815633487,9635441.988989662,19.6495153317053,6.183671280097805,0.31920888822542587,-0.016480073470254993,19.40094101972258,0.5263129477729687,610304731.3966634,25.87324064146896,25328.687658085844,22872999.983108275,-6.965144871893787e-07,-4.003321617203344e-08,-17.325242306355474,25.885824576218557,129.45802511319837,129.46432080927943,88.16720674009777,68152.84303557582,77869182.33028711,1.1422854961006919,0.3809316657364822,1.3818130608530503,3.326720235029848,0.3761206595179027,1.203287161820407,3.2889898127029014,0.5625406518057242,5.390967319318694,-9.32,0.6604,0.2788,0.8525,1.3572,0.7175999999999999,1.0248
7.7768,0.8836,10.908,10.879999999999999,238.03,0.09779614372705726,-18.16,12.963999999999999,58.89,-58.89,2.1140291152737253e-07,29.44499751101493,51.00023746588172,29.445002611038532,51.00023452138171,-51.00023746588172,0.0,10556675.10618182,10820632.447448358,0.4078924904529086,0.4127446354519331,1.120895921324922,1.431112483522831,1.6299939615968695,3.9385090297243277,8420744.27302328,23.165322193820355,6.904341475243754,0.3770704312010385,-0.023517281394648502,14.758749287522573,0.5250245165730122,609558886.5409539,25.388571859190527,13618.920381135315,10917599.147422796,-8.617678687699118e-07,-5.7357687331054264e-08,-13.148381488703103,25.400444481795127,107.1078552201919,107.11418729931049,76.46232159562659,67104.12090075744,77179978.19069952,1.0735126691142896,0.382374602681542,1.4010279582599716,3.3322395123263284,0.37782523992637407,1.2245067361028177,3.2937466086101304,0.5429297460203443,5.407134887694399,-8.360000000000001,0.14200000000000002,0.33399999999999996,0.9855,0.954,0.7719999999999999,0.9927999999999999
12.424800000000001,1.0612000000000001,12.06,12.576,240.85000000000002,0.09718970348474772,-22.672,9.884,57.85,-57.85,2.0766952677633726e-07,28.924997554970513,50.099571020568135,28.92500256492748,50.09956812806812,-50.099571020568135,0.0,13473940.25426365,26951996.40562492,0.40643541898898683,0.4114931821422751,1.1062203943615183,1.4127676856251459,1.613659465920757,3.9328869259070807,9691030.43602522,23.404288386268608,5.365973192610598,0.34836133836991345,-0.019688395364927117,20.31100985491844,0.5456147380995564,543353603.2991662,26.624358660615247,29340.867067053,27048955.216929246,-8.871607378151872e-07,-3.698005959831179e-08,-18.422613867854704,26.635828486816724,160.49820404443466,160.5052162767732,116.88764241586792,67899.11993844237,77704570.68544991,1.1290064494090257,0.3812555275901445,1.3864031843423017,3.3280086893072904,0.376509747660811,1.2083563584148516,3.2900976880392587,0.5602692669371541,5.394487513603991,-8.040000000000001,0.48519999999999996,0.4276,0.9035,0.7691999999999999,1.1752,1.3832
11.416800000000002,1.0324,10.732,8.992,237.13000000000002,0.09799577355192204,-16.208,7.812,56.89,-56.89,2.042233254676893e-07,28.4449975955449,49.268186609509435,28.445002522363428,49.26818376500943,-49.268186609509435,0.0,11443808.757705906,20311739.234686293,0.4083622803790614,0.41314922224032175,1.1256549806174598,1.437049900158165,1.6352671687251839,3.9403319558438454,8805276.113206513,21.639537109162806,8.6146251089326,0.5154128540102645,-0.02407123325093757,21.791637539537515,0.6250469055974918,706120510.7841231,30.0910467814236,22899.476597904046,20408714.492866904,-6.841323626286458e-07,-3.089066852540533e-08,-13.176148769001912,30.103821038428812,130.301751717574,130.3077499077889,84.65342488023535,66850.39780362396,77009364.41390969,1.053904164979978,0.38271603132756726,1.4057523196225017,3.3336103656512104,0.37822899640186,1.2297369630202635,3.29492989724007,0.5357441431245492,5.41093975815472,-10.120000000000001,0.5307999999999999,0.478,0.7585,1.1892,0.9927999999999999,1.38
11.192800000000002,1.0436,14.364,10.208,236.17,0.0982041068357098,-23.984,8.988,42.81,-42.81,1.5367903960751942e-07,21.404998190635915,37.0745485806486,21.40500189809067,37.0745464401486,-37.0745485806486,0.0,12251589.711842185,21477947.191425633,0.40889416867393136,0.4136125043548974,1.1307641328089844,1.4434330583281534,1.6409195220373085,3.9423167289309444,9326645.504213203,16.293456623984014,7.015182216158921,0.3331537791349132,-0.008869721849661635,15.720655212323631,0.7294918483284518,676171590.4062934,25.569267672418963,24139.18700248001,21574962.10469833,-6.280712621062221e-07,-3.631984328711166e-08,-19.261637839964713,25.579480547504122,106.56377275281757,106.56473059554742,73.83323179925594,66579.75983334826,76826588.78938802,1.0332011861985504,0.3830798170919158,1.4108128610147501,3.3350879825974213,0.3786589058258401,1.2353565561553732,3.2962088202821653,0.5281488032730618,5.414998306919283,-16.12,0.6172,0.3052,0.7715,0.2148,1.2584,1.2936
7.9728,0.9700000000000001,11.868,9.280000000000001,235.51000000000002,0.09834895563504535,-20.752,8.204,43.61,-43.61,1.5655087403139269e-07,21.804998156823928,37.767368923197516,21.805001933560714,37.767366742697504,-37.767368923197516,0.0,9570438.953356696,10294378.644991685,0.40931157045659183,0.4139839449349132,1.13429663355788,1.4478586126493433,1.6448289940503635,3.9437208626884708,8073268.174172525,15.617706867621493,13.580700225848005,0.2573499762955492,-0.015062188805526273,13.424386689976055,0.4760743149567503,819717909.3180411,35.28548182783111,13238.439199838698,10391397.798288938,-7.069684112538019e-07,-4.6050727793861575e-08,-16.104947423966962,35.28569509118465,78.10849853510939,78.11072087936938,55.65639216310517,66393.69622878374,76699525.98175615,1.0190998992204408,0.3833296742055211,1.4143046457191664,3.3361131597793205,0.3789540106401608,1.2392445694527752,3.29709830193014,0.5229780050330155,5.417787642903188,-0.4400000000000013,0.2092,0.5644,0.9815,0.6516,0.8744,0.82
7.3008,1.0212,13.628,6.5920000000000005,243.73,0.09659107668856722,-16.336,11.116,47.45,-47.45,1.703356792659845e-07,23.72499799452638,41.09290656743229,23.72500210381692,41.09290419493228,-41.09290656743229,0.0,9922836.956584245,9855681.58481406,0.40527833918244227,0.4105593276091616,1.0916095504399037,1.3944954164762156,1.5973334421267107,3.9275455271467554,8327317.7691056905,17.01899204276341,7.464043208161008,0.5468061732200294,-0.011481780672600724,12.399710593036097,0.8744842012466599,781001358.6684601,23.177445377944473,12809.573869958316,9952695.55694261,-7.560428502283956e-07,-5.541371848871236e-08,-11.856348473975181,23.1895849155735,82.04512436268833,82.04796315905793,61.14621080508918,68711.03384926949,78225844.8929412,1.1718366936238485,0.38020686097320416,1.371770370195221,3.323919308201308,0.3752516776141255,1.1922548610765202,3.2865913765496244,0.5675112080498663,5.383055675830011,-12.6,0.17320000000000002,0.6412,0.8734999999999999,1.1164,0.7879999999999999,0.7303999999999999
12.6208,0.9588000000000001,11.388,13.184000000000001,249.31,0.0954995684223141,-20.432,11.452,47.77,-47.77,1.7148441303553382e-07,23.884997981001582,41.370034704451854,23.885002118004937,41.370032315951846,-41.370034704451854,0.0,12230490.784025012,21848062.34375634,0.4026703161225799,0.4083900502122555,1.064159051039344,1.360130259621856,1.5662982487331925,3.9176861718865443,9188971.34409153,16.481224527602627,10.920122757803963,0.37089254557862233,-0.01432948539435228,18.962457636315005,0.43653587341049055,716036066.9447591,37.129178162973936,24486.96777517293,21945064.606167465,-7.301113156769761e-07,-3.208175929976286e-08,-16.135315406008452,37.1490799839512,115.58298558780842,115.58392900848484,78.61866081717794,70284.11705149703,79196751.18319482,1.2411543242408198,0.37819097542912,1.3440691543247847,3.316392721532703,0.37281720741154223,1.1620899458598186,3.2801970317029956,0.5708476651221548,5.361292887370571,-9.64,0.18760000000000002,0.2116,0.8465,1.234,0.8872,0.9832
10.9968,1.0884,13.884,10.272,242.59,0.09682508023311838,-23.824,16.939999999999998,44.730000000000004,-44.730000000000004,1.605714422248153e-07,22.364998109487143,38.737317402765996,22.365001983218775,38.73731516626599,-38.737317402765996,0.0,13431353.391216245,20888379.259398,0.4057692921628467,0.41096168457491283,1.0973575768555432,1.401684558606145,1.603771946828266,3.92963424792605,9777732.76426007,16.35776883526429,7.149955612110355,0.29817822170728137,-0.010001998638057015,16.060542463267442,0.5758861707721411,674017187.6507907,26.989995301044324,23562.07226310702,20985389.597455006,-6.628572619892183e-07,-4.343292006138068e-08,-17.60753182812254,27.00304050721018,107.77799555647286,107.77901929899946,74.96910052741995,68389.65125956706,78021442.9257953,1.1547631276748282,0.3806170816581033,1.3775340340746083,3.325517315686278,0.37574546819661453,1.1985824943905325,3.2879582373380107,0.5646299726912071,5.387501705748416,-3.960000000000001,0.1804,0.1612,0.9455,0.6292,0.8808,1.2776
7.5808,0.9156,12.172,8.096,236.05,0.098230192529739,-22.256,9.212,49.93,-49.93,1.7923836597999166e-07,24.96499788970921,43.24064962933391,24.965002213774053,43.24064713283391,-43.24064962933391,0.0,10190345.698615784,11469886.318176504,0.4088795745627944,0.4135883928189975,1.1314032874789204,1.4442222231293684,1.641616385053752,3.9425529059689577,8328898.677331451,19.08829770266614,7.762623097669094,0.3185023745251944,-0.016809405543102635,13.998718381032518,0.596208685203652,664153484.1820402,26.572700538741067,14303.681242376517,11566873.867372807,-8.151817116446618e-07,-5.327826059719946e-08,-17.266427848155452,26.58342975545441,95.52287801539158,95.52932232749522,71.46340257317182,66545.9300870638,76803557.28975953,1.0306295488171888,0.3831252585854705,1.4114469557907174,3.3352738075237323,0.37871258735172364,1.2360619768026715,3.2963699189874904,0.5272078255511465,5.415505462485175,-0.9199999999999982,0.46599999999999997,0.1228,0.9735,0.2652,0.7527999999999999,1.22
9.8208,0.7156,12.284,11.904,242.23,0.09690002244775356,-16.048000000000002,19.067999999999998,53.21,-53.21,1.9101288711787216e-07,26.604997751080052,46.081213033784444,26.60500235920123,46.08121037328444,-46.081213033784444,0.0,12002211.157505285,14036617.899362145,0.40590018535747796,0.41106452382531183,1.0991809494584237,1.4039651826522097,1.6058096603047518,3.9303024241978237,9089691.48829941,19.56778268261537,6.833630687561173,0.40988196076604466,-0.01438393482737551,15.008338220224248,0.605963128527137,639254261.4677334,25.22153966821074,16835.430378664052,14133612.330882607,-7.844720860790309e-07,-5.0977582220298765e-08,-10.50195606416404,25.235036447906634,104.74482833253974,104.75065752015017,73.31265151874246,68288.16202071366,77956268.23043561,1.1494038047644237,0.3807466177472862,1.3793605650033363,3.326026234742426,0.3759012727845008,1.200592522605527,3.2883944533982263,0.5637201142606327,5.3889072588306055,-15.559999999999999,0.4276,0.2812,0.9805,0.5508,1.2136,1.4248
9.456800000000001,0.7924,12.780000000000001,6.688,236.95,0.09803600378204527,-21.424,19.012,60.730000000000004,-60.730000000000004,2.180081307022811e-07,30.364997433247353,52.59372425374421,30.365002692619633,52.5937212172442,-52.59372425374421,0.0,13103662.297368765,17848476.013560466,0.408346009739343,0.4131184357735631,1.126608167189349,1.4382240117206335,1.6363067601632215,3.940672375717745,9532543.996114243,25.124888132771463,6.7808838606201025,0.6059173664343613,-0.023126040077672654,17.444609415157565,0.9559798272989937,656879332.3023815,21.22130573014764,20447.66589033028,17945432.730715655,-8.50040839685374e-07,-5.7069045674857755e-08,-15.401969316663374,21.230832919705957,139.68938232436767,139.6959595425748,103.77118966087357,66799.65318419728,76975093.29117796,1.0500062813792486,0.3827842681911962,1.4066994488688305,3.333886187333657,0.37830966144376355,1.2307874400009933,3.29516836834439,0.5343266669464665,5.411700613165757,-3.6400000000000006,0.2788,0.3964,0.8145,1.206,0.7624,1.1656
9.0368,0.7283999999999999,13.996,7.264,237.31,0.09795565238304205,-19.6,14.028,55.13,-55.13,1.9790528973516807e-07,27.56499766993128,47.743981855901836,27.565002444329334,47.74397909940183,-47.743981855901836,0.0,12086003.70767748,16433934.745959774,0.40820856073268447,0.41300768430982865,1.1246997800999285,1.4358491870047043,1.6342013618017524,3.9399496827994978,9208218.49014883,21.695554226532018,5.8707208093652135,0.7181881075489304,-0.015492502859362222,15.127965338019246,1.1040444344780544,728847358.9791197,19.961356521449957,19120.001841211095,16530911.336192435,-8.120640579907896e-07,-5.357254661248525e-08,-14.561055110518364,19.970987001288936,120.62314162075201,120.62948293061714,89.7879712750479,66901.14242305065,77043579.78272192,1.0578099283280131,0.3826477907483714,1.404805937573619,3.3333351047286706,0.3781483149797225,1.228687972659438,3.2946920446669936,0.5371626061578458,5.410179054009054,-7.4,0.1228,0.6364,0.8235,1.4244,0.724,1.1400000000000001
12.2848,1.0164,13.292,12.128,247.75,0.09579570581328532,-18.416,19.740000000000002,42.41,-42.41,1.5224312239558274e-07,21.20499820754191,36.72813840937415,21.20500188035565,36.72813628887414,-36.72813840937415,0.0,13186310.60740973,19728633.89948529,0.4035648029253872,0.409162497847172,1.071713291199044,1.3696175687077476,1.5748969170662002,3.9203983273312732,9674658.826247217,14.299082011368812,10.259535790404849,0.31625235828205334,-0.008942918439246607,16.310173240714246,0.45875033501468704,721076241.9315268,32.77981745477768,22511.04917675288,19825672.210023977,-5.688101312652305e-07,-3.6592010207494946e-08,-12.69908403873469,32.794548623248325,95.98809561527867,95.98901653479577,61.5584792936075,69844.33034979901,78931387.11844486,1.2253114344284104,0.37874358777492784,1.3517120494509265,3.3184359975468367,0.3734891734696568,1.1703840268412502,3.2819267908191634,0.5724029500847344,5.367191944987012,-12.52,0.4636,0.36039999999999994,0.9055,0.2988,1.2839999999999998,0.7911999999999999
8.8688,0.7332,12.572,12.992,236.10999999999999,0.09821713637386345,-20.528,7.308,56.49,-56.49,2.0278740825575265e-07,28.2449976124509,48.921776438234986,28.245002504628406,48.92177361373498,-48.921776438234986,0.0,10996034.133107707,15792339.36117557,0.4087786356791482,0.4134906779747537,1.1310813076581265,1.4438095027952909,1.6412505801029345,3.9424068790697606,8698928.60140349,22.95988816333983,5.671668239324452,0.4873175163703603,-0.01685881494622234,14.609589294765588,0.784002640143114,649553650.9568293,22.178026480590106,18466.495715733712,15889306.086753478,-9.03091061933428e-07,-4.733690266125249e-08,-16.453184702532983,22.188034630905914,123.52868178113678,123.53505813812363,89.84811523923149,66562.84496020603,76815075.85562097,1.031914902202075,0.3831025320447231,1.4111298687838967,3.3351808592960377,0.3786857420183347,1.2357091931823823,3.2962893318549407,0.5276782570569019,5.415251782535825,-7.5600000000000005,0.3892,0.2332,0.8925000000000001,0.59,1.4408,1.2584
12.9848,0.762,11.308,7.36,249.67000000000002,0.09543178058160931,-21.712,14.756,56.01,-56.01,2.0106430760142866e-07,28.00499763273809,48.50608423270563,28.005002483346377,48.506081432205626,-48.50608423270563,0.0,13594378.868622828,27296092.14201369,0.4024154559099047,0.4081626855070204,1.0624273218029787,1.3579483473622123,1.5643161469992324,3.917055277066644,9721292.307745714,20.89169131094344,7.3788575379477646,0.451954386929076,-0.024189610021327912,24.423963953922144,0.6164898000806547,648690575.3684833,31.282468518009065,29716.191642653685,27393061.26680448,-7.35486206630715e-07,-3.286488601689544e-08,-17.11649725914389,31.299500269065646,151.62588523365952,151.6326152015477,103.80255976664786,70385.60629035044,79257560.35511294,1.2448235413685296,0.37806625740593436,1.3423161359953228,3.315928865189654,0.372664636411011,1.1601916506184966,3.2798053661687883,0.5704930190517518,5.359976041299017,-4.4399999999999995,0.2524,0.1444,0.9545,0.758,0.7816,0.8808
11.1088,1.0804,10.684,13.376000000000001,242.17,0.0969124295502653,-20.368,20.356,44.65,-44.65,1.6028425878242796e-07,22.32499811286834,38.6680353685111,22.325001979671768,38.66803313601109,-38.6680353685111,0.0,12442286.320728084,16570159.636979226,0.4060607258131482,0.41122252476750204,1.0994885827234,1.4043689144632445,1.6061712832304256,3.9304482519697683,9227895.36787539,11.32786063579578,28.063877761247642,0.3995489447142579,-0.031237594521133893,17.146728917917716,0.48253329937600103,1250484950.3118517,58.146310639692345,19378.31059183443,16667181.377721492,-6.857529213541963e-07,-3.864274506112108e-08,-14.113806406906996,58.08382518302349,97.18423192713126,97.18726664366554,64.41953744618475,68271.24714757144,77945486.78011571,1.1485162072514183,0.38076817170950283,1.379665213813271,3.3261112136262434,0.3759272016044272,1.200928058095807,3.28846734349047,0.5635908412052543,5.389140958286898,-6.68,0.44200000000000006,0.5836,0.8375,0.394,0.8552,1.332
10.5488,0.8436,12.044,10.144,239.11,0.09756053518099776,-22.16,12.516,43.93,-43.93,1.57699607800942e-07,21.96499814329913,38.044497060217076,21.965001947748732,38.04449486371707,-38.044497060217076,0.0,11533031.453218864,16513860.928471949,0.40760099074728584,0.4125355412850489,1.1152291363715834,1.4240818224974443,1.6237319374273482,3.936408693401932,8905749.631417878,15.685663256785594,12.42181689037935,0.26159455917910707,-0.013975614443149166,16.570681126751953,0.4282715285245438,791366157.0793856,35.65937064082331,19304.0014966194,16610877.115777712,-6.175370525908983e-07,-3.704067600224839e-08,-17.072192104679697,35.66819646358571,94.77016685306198,94.77131621763986,62.90929771414152,67408.58861731761,77382558.82120313,1.0972986415107722,0.38196458500920777,1.3953845891958359,3.3306128728406086,0.37733999205884755,1.2182790321079282,3.292346490925271,0.5514892790635387,5.402570748707657,-11.719999999999999,0.1564,0.154,0.9915,0.8196,1.1944,1.1176
11.3888,0.9316000000000001,12.443999999999999,6.848,240.01000000000002,0.09736935467281303,-19.887999999999998,14.308,42.65,-42.65,1.5310467272274473e-07,21.324998197398312,36.935984512138816,21.32500189099666,36.935982379638816,-36.935984512138816,0.0,11400967.82449778,16288664.254937928,0.407172440465257,0.41217188517606707,1.1105416941147372,1.4182384762641884,1.6185204346166624,3.9345933526755026,8856703.215908235,14.627568645454387,13.142891694864835,0.2862898664435336,-0.013785063975738504,17.253637883103146,0.4862052865738322,804652228.0550718,36.19152263898977,19121.66726337824,16385694.102906076,-5.782679205480715e-07,-3.6146531806774304e-08,-14.980005226419909,36.198840650190014,90.01371636895513,90.01485201946201,59.53936864938914,67662.3117144511,77550039.95175397,1.1166998673623023,0.3815577662937392,1.3907045784269183,3.3292231481154944,0.3768725340169608,1.2131200428716467,3.2911445750989285,0.5581437382763837,5.397777220671319,-14.36,0.5332,0.6027999999999999,0.9135,1.038,1.316,1.1688
9.7368,0.9396000000000001,14.46,10.24,240.13,0.09734347553614782,-23.728,16.268,43.13,-43.13,1.5482777337706872e-07,21.56499817711112,37.35167671766817,21.56500191227869,37.35167456116816,-37.35167671766817,0.0,12709473.18926857,17752914.26579777,0.40689219018849476,0.4118974029219158,1.1099191855989536,1.417425890055465,1.6177974236657864,3.9343050872675365,9498909.997159023,15.84652970665102,7.071560456677888,0.3157344443148842,-0.008655793038369138,13.93646575147935,0.6605734426455004,697380216.2547145,25.8371640201985,20519.592498170474,17849932.30976845,-7.21231440224258e-07,-5.010134081135895e-08,-17.20294093009413,25.848848106022434,97.41619273717413,97.41758690988478,71.43364707917121,67696.14146073557,77572250.38026534,1.1184528015338104,0.3815145949697239,1.3900890410479725,3.32904894042172,0.37682073317691284,1.2124375979284017,3.290994254813309,0.558446995987096,5.397307110774001,-5.24,0.48040000000000005,0.41080000000000005,0.9605,1.4467999999999999,1.1560000000000001,0.9608
11.248800000000001,0.9876,12.732,13.984,241.27,0.09710054495872468,-21.328,14.812000000000001,52.650000000000006,-52.650000000000006,1.8900260302116087e-07,26.32499777474845,45.596238794000215,26.3250023343722,45.59623616150021,-45.596238794000215,0.0,12999641.381418716,20529955.83412461,0.406302552263209,0.4113932594945815,1.1040739212351371,1.4100855255583493,1.611274055461303,3.9321063257070006,9522997.53748822,20.23516142541034,5.853883311690053,0.3406060354106249,-0.013510216194107475,16.22582344150488,0.5886714649831465,579170345.0889673,25.221497876497303,23136.485573618345,20626937.8154732,-8.104829806768421e-07,-4.414468694604713e-08,-15.995599823718752,25.23411895457533,127.59869398081341,127.60497506635645,89.71981607557447,68017.52405043798,77781525.61730587,1.135191494063731,0.38110439638838234,1.384258731885812,3.327405776057807,0.3763282224671264,1.2059862526044136,3.2895789149475365,0.5613273409366497,5.392844236062288,-18.28,0.5499999999999999,0.6315999999999999,0.9924999999999999,0.4331999999999999,1.4536,0.8296
13.488800000000001,0.7588,11.532,7.296,242.77,0.09678796547750204,-19.92,8.764,59.05,-59.05,2.1197727841214717e-07,29.52499750425253,51.1388015343915,29.52500261813254,51.138798581891486,-51.1388015343915,0.0,13228238.20394785,30069535.465281464,0.4055685955651279,0.4107728439754849,1.0964442392556228,1.4005234441654233,1.6027323835812681,3.9292654538559177,9574722.925709309,23.292976087434724,6.578219259912006,0.5227375796153779,-0.02593255210349084,25.353266769562115,0.7247585824796546,667402668.6916292,28.289606614903317,32389.598702916523,30166495.970029473,-7.564985977119014e-07,-2.952261434856706e-08,-16.48255006368539,28.30195811674635,166.74277852677406,166.74975842638983,113.44074123106827,68440.39587899378,78053782.54667448,1.1574486309822836,0.3805523107797026,1.376621955721054,3.3252636366914468,0.3756675413345503,1.197579637052647,3.2877409607154506,0.5650849044668729,5.386799173307952,-11.959999999999999,0.502,0.1516,0.8355,0.6796,1.412,0.996
6.6568,0.9988000000000001,13.18,13.824,240.60999999999999,0.09724090973336603,-16.08,14.98,61.21,-61.21,2.1973123135660507e-07,30.60499741296016,53.00941645927356,30.60500271390166,53.009413398773546,-53.00941645927356,0.0,11293922.981093084,11187454.336759007,0.4065554346284348,0.4115952582840949,1.107450535924153,1.414313561748722,1.615033635879818,3.933355410135176,8869254.397610154,24.726090463205598,8.127270148155535,1.0652220707233444,-0.016654433477993332,11.852302075301848,1.5660710577001882,1017055734.4206982,18.362495878987602,13976.218337135635,11284419.181952892,-1.0005691612856484e-06,-7.101609902607566e-08,-10.640330770335456,18.372911373043074,115.45460547658222,115.46129328467549,87.88046222157499,67831.46044587342,77660456.08559723,1.1254818092859646,0.3813418875710945,1.3876304050471477,3.328354490072974,0.37661344032672744,1.209714205435039,3.290395523784684,0.5596626619402963,5.395427057662612,-9.719999999999999,0.49240000000000006,0.2908,0.8415,0.3772,1.2744,0.9896
12.9008,0.9188000000000001,12.956,7.904,238.51,0.0976909072049986,-16.592,15.484,57.77,-57.77,2.0738234333394994e-07,28.884997558351714,50.030288986313245,28.885002561380475,50.03028609781323,-50.030288986313245,0.0,13380820.716068888,25015760.772912223,0.40765999422045707,0.41254704028662254,1.1183700431997037,1.4279620597995981,1.6271893115562281,3.9375384918220466,9667648.16045472,22.629056382914,5.589613132078092,0.5233478881445348,-0.018458544278934473,20.679204749332186,0.7606831076697538,663498580.7757499,22.651211889677768,27490.140112329842,25112735.747174498,-7.154492130172128e-07,-3.611788670707202e-08,-12.434142022303007,22.660921365082405,144.9112432420968,144.91756573297835,95.01816821402348,67239.43988589529,77270297.8260914,1.0840499500218956,0.3821924293501959,1.3985163433187104,3.3315141224213694,0.3776096894158684,1.2217323796572546,3.2931217066005343,0.5467300570609205,5.405106378909623,-2.84,0.6052,0.44919999999999993,0.8575,0.6347999999999999,1.3992,1.2456
11.500800000000002,1.058,11.58,13.568000000000001,240.79000000000002,0.09720250499768823,-22.896,10.052,47.21,-47.21,1.694741289388225e-07,23.604998004669973,40.88506046466762,23.60500209317591,40.885058104167605,-40.88506046466762,0.0,11667089.167097108,18645910.26874304,0.40663232294307483,0.4116881991551646,1.1065312559573555,1.4131826164641668,1.614030208993902,3.9330496853434447,8927081.24679287,17.47976914382396,9.946308071358883,0.24921442885102918,-0.013818515885012594,16.704315493601513,0.4562763311833772,659817891.7929732,33.647924617325984,21338.87337724535,18742908.03611093,-7.299722423923108e-07,-3.6516912481851256e-08,-18.168019494833146,33.662110199607866,110.25758427819008,110.2586088913801,74.7265300095591,67882.2050653001,77693537.5255623,1.128124664535615,0.38127712127724683,1.3867098228394634,3.328095045135602,0.3765356773594588,1.208695573517132,3.2901720536137513,0.5601176059357957,5.39472243731146,-8.759999999999998,0.5524,0.6075999999999999,0.9505,1.3012,1.3416000000000001,1.1464
11.136800000000001,0.9780000000000001,13.932,9.6,247.87,0.09577260307790336,-20.56,20.692,61.29,-61.29,2.2001841479899239e-07,30.64499740957896,53.07869849352845,30.645002717448662,53.078695429028436,-53.07869849352845,0.0,14920601.957541564,24305947.755113855,0.4031747540593041,0.40877623813894703,1.0711225293279154,1.3688284596071632,1.574182168650428,3.9201023325922195,10362287.843693908,24.651003617795215,4.961491749826083,0.6161255974761465,-0.018565793152579554,18.041698079308357,0.9429475909574155,625457557.2361648,19.97979233124025,26766.43107541093,24402905.365036894,-8.354417696453379e-07,-5.1783715012300845e-08,-14.598433418659448,19.990311994428737,160.06706129133698,160.07391102841862,115.60497450196584,69878.16009608348,78951932.39741325,1.2265237568138192,0.3787020186387302,1.3511230609483906,3.31827849051292,0.37343841235644765,1.1697428062495707,3.2817931917714973,0.5722816659715649,5.3667517737611306,-15.399999999999999,0.2716,0.22360000000000002,0.7785,0.6908,0.7687999999999999,0.8039999999999999
12.5648,0.7203999999999999,13.676,13.600000000000001,239.17000000000002,0.09754756959551125,-20.816,20.468,42.33,-42.33,1.5195593895319543e-07,21.16499821092311,36.65885637511926,21.165001876808645,36.65885425861925,-36.65885637511926,0.0,13554149.842334695,20125443.822177127,0.4074914898509409,0.4124292673316626,1.1149137909403093,1.4236772104038409,1.6233699634757564,3.9362689672149043,9813251.739369346,15.110829439887198,9.245634199839149,0.2680640456311443,-0.008099353156680995,15.230665021947662,0.5340309817928173,711096483.9103336,30.891542556551446,22870.120805014674,20222476.318685804,-6.635694664728592e-07,-4.1840344732844045e-08,-14.337183346198154,30.90394185065599,99.22392113200398,99.22483139034848,67.56652084379182,67425.50349045986,77393745.73102488,1.098628257819706,0.3819417937832378,1.3950719045372912,3.330523085852172,0.37731300674505663,1.217934574980357,3.292269326054357,0.5519657296428798,5.402317196519247,-5.5600000000000005,0.5404,0.2284,0.8005,0.7803999999999999,1.4472,1.3768
12.648800000000001,1.0548000000000002,14.3,9.184000000000001,238.63,0.09766472756102573,-17.328,17.276,54.01,-54.01,1.9388472154174545e-07,27.00499771726806,46.77403337633336,27.00500239467127,46.774030675833345,-46.77403337633336,0.0,13926691.581904035,24645595.587160267,0.4076101356518378,0.41250609947509836,1.1177400278972511,1.4271781084504762,1.6264909249818524,3.9373013387839357,9979108.245630976,20.63556181339946,7.693151071793544,0.6733767304689754,-0.013006403232250987,18.171611567772988,1.0434069128191943,721297029.6790148,21.109357034555895,27161.776854485528,24742583.05816136,-7.02894233912015e-07,-4.017165883836856e-08,-12.57136755141487,21.119036285240096,134.76943950012017,134.77566369257445,90.43101810331954,67273.26963217976,77292807.70909321,1.08669283603757,0.3821468731592434,1.3978893092909612,3.331333388818311,0.37755577408366575,1.221040413580884,3.2929661408897153,0.5476811248975134,5.40459927083301,-10.84,0.2332,0.2596,0.9145,1.2956,0.8104,1.2391999999999999
6.9928,0.8084,11.004,7.3919999999999995,237.91000000000003,0.09782258065988625,-22.736,12.908,52.57,-52.57,1.8871541957877353e-07,26.284997778129643,45.52695675974532,26.285002330825193,45.52695413124531,-45.52695675974532,0.0,10181736.761157412,9602165.53534168,0.40798004820841166,0.41282391057650647,1.1215294000465366,1.4319066006173868,1.6307004850030895,3.9387594299600472,8265860.791938711,19.906622848810017,9.18195345571273,0.27188696385260425,-0.023075916241423515,14.455517548714848,0.46557240548618595,674036144.8836364,30.029957987783476,12459.618762269312,9699143.597448211,-8.466033607332383e-07,-6.164088904803881e-08,-16.758378949742486,30.04201059583419,93.68905842149917,93.69579788448792,70.53103429609533,67070.29115447297,77157329.87958956,1.0708869253770215,0.38242013310717937,1.401656730222017,3.332421475537032,0.3778791012486823,1.2252019952608264,3.293903505578397,0.5419806719525196,5.407642033775163,-2.9200000000000017,0.31,0.694,0.9675,1.2452,1.2456,1.3
8.3088,0.834,14.268,12.608,241.63000000000002,0.0970244558048572,-17.264,19.46,55.69,-55.69,1.9991557383187936e-07,27.844997646262886,48.228956095686065,27.84500246915836,48.22895331118606,-48.228956095686065,0.0,12766513.463929033,14554935.02879486,0.4061033348015284,0.4112210163488916,1.1022370851290701,1.4077787317226902,1.609218950831624,3.93141843370109,9520037.434377618,21.390768232101873,6.453892259554762,0.8631015299237761,-0.012547387042555118,12.857446683723362,1.2915092905186731,837061432.3108733,19.238953811079732,17309.123414756003,14651917.551447636,-8.94858593665035e-07,-6.544564226707456e-08,-11.000866354144227,19.24973499615072,114.58841335670917,114.59471248500596,86.17580171229763,68119.01328929137,77847338.153819,1.1405093037374934,0.3809748505475007,1.3824239634827697,3.326891271888764,0.37617256329369875,1.2039610132530743,3.289136719995583,0.562237323453919,5.39143644898674,-15.24,0.5428,0.1348,0.8155,1.1668,1.3576000000000001,1.4632
12.0048,1.0996000000000001,10.94,7.008,239.89000000000001,0.09739248868021792,-19.375999999999998,13.58,60.89,-60.89,2.1858249758705574e-07,30.444997426484953,52.73228832225399,30.44500269971364,52.73228527775398,-52.73228832225399,0.0,13084844.11583258,24440629.756493203,0.40697012874163624,0.4119582453261055,1.1111530850969726,1.4189684567653922,1.6191597866057132,3.9348039849280334,9462332.283408381,24.336208232176798,6.957434857636576,0.5062558452832375,-0.029892125419445355,24.18534484631805,0.6889180390688113,666616869.2325678,28.686964507572462,26887.39254693948,24537587.94896855,-7.71577432352438e-07,-3.5361509626078164e-08,-15.201764640782214,28.699453642508086,156.25732483238247,156.26394398015302,107.59507595844875,67628.48196816666,77527821.28462462,1.1146419790046667,0.38166832102001425,1.3913265305387261,3.3294504623606644,0.3769890914703427,1.2138139333464752,3.291348527509318,0.5576221322561418,5.399277004005572,-0.03999999999999915,0.574,0.5164000000000001,0.7895,0.9371999999999999,1.3608,1.3064
11.3328,0.9364000000000001,10.764,13.280000000000001,241.21,0.09711326681708099,-20.08,17.387999999999998,43.21,-43.21,1.5511495681945604e-07,21.60499817372992,37.42095875192306,21.605001915825692,37.42095659142305,-37.42095875192306,0.0,11935618.617967205,16504595.72749926,0.40656337795499925,0.4116531629386412,1.104385595522486,1.4105097557948472,1.6116541226461307,3.93228340485197,9030701.445502002,10.645908425462027,31.36507407642086,0.3953600837751408,-0.037717653750995006,17.092474849727957,0.47000320156523534,1319605052.6719632,61.09542565915354,19329.606577186234,16601623.872684954,-6.675942960958797e-07,-3.5660650029998875e-08,-14.476017668744655,60.53408536692123,93.85586782804415,93.86022301295304,62.31638430324767,68000.60917729576,77770535.0484462,1.1343066922799123,0.3811259875962954,1.3845648312435537,3.3274917326004387,0.37635416104757013,1.2063243792135434,3.2896528397539044,0.5611756846916791,5.39307894615906,-1.2399999999999984,0.6244,0.3556,0.7665,0.6739999999999999,0.8168,1.2808
10.9408,0.786,10.604,8.0,246.91,0.09595991894418517,-19.536,10.164,60.41,-60.41,2.1685939693273175e-07,30.204997446772147,52.31659611672464,30.20500267843161,52.316593096224636,-52.31659611672464,0.0,12046464.754386645,20647038.33708879,0.40367148067871617,0.4091976528117275,1.0758071239753981,1.3747090814686658,1.5794953888082375,3.921788731735811,9048165.588610923,23.641879391093795,7.028607770977513,0.4424152097750435,-0.030312758164083443,22.42019820137918,0.5848181459756157,622223566.5842206,29.207196521281563,23195.87157982779,20743996.131824672,-7.58975670274365e-07,-3.5775697723620295e-08,-15.721840305146662,29.22312136592392,145.11140551453997,145.11786431134234,99.4617210771328,69607.52212580777,78784878.85386327,1.2168223442297759,0.37904679411591835,1.3558563793174658,3.319556365833696,0.3738558903181049,1.1748950395905187,3.2828782865227417,0.5732608424371827,5.3704595182675305,-17.72,0.45399999999999996,0.31479999999999997,0.7795,1.3796000000000002,1.1336,1.3416000000000001
12.5928,0.9284000000000001,11.756,6.72,247.99,0.09574967645087493,-16.784,14.868,57.13,-57.13,2.0508487579485128e-07,28.564997585401308,49.47603271227411,28.56500253300444,49.47602985577411,-49.47603271227411,0.0,13062500.37661216,24911968.89406892,0.4031914139658108,0.4088037549285731,1.0705414713702204,1.3681104681174796,1.5735336847432313,3.919915370110261,9518660.873737406,21.274795069699522,6.790833992919069,0.5381141987881564,-0.022229866956664953,23.106317088101655,0.7334604623462583,674400955.9692324,27.638156341749024,27406.901912387588,25008945.319436435,-7.317501067688458e-07,-3.313244119689098e-08,-12.807761661631451,27.653293528353604,143.14205778043078,143.14842811314458,97.00579243506263,69911.98984236793,78972342.87460043,1.2277369266424116,0.37866043952595846,1.3505343830922993,3.3181211798759715,0.3733876366046774,1.1691022222974472,3.281659811454733,0.5721605779345198,5.366311545944044,-1.879999999999999,0.5284,0.3076,0.9875,1.3348,1.4952,1.3992
11.556799999999999,1.0276,11.404,11.136,237.42999999999998,0.09792896592261029,-17.616,16.716,45.13,-45.13,1.6200735943675195e-07,22.56499809258115,39.083727574040445,22.565002000953797,39.08372531754044,-39.083727574040445,0.0,12226033.47305563,18555854.708081573,0.4084201139667278,0.41323177712056364,1.1240702144045533,1.435101866915614,1.6335412372212457,3.9397752443143084,9186616.530275825,14.373158588134917,16.652123854672155,0.41984666572160023,-0.016201437718401688,18.63936133509631,0.5050481857933553,933967958.9506056,42.119421097563816,21315.82660117805,18652879.413167633,-6.053411488555861e-07,-3.245589353851897e-08,-12.805813885015441,42.12578812360698,98.05394986732114,98.05499862945369,63.19765860165505,66934.97216933512,77066358.63338323,1.0604180681286872,0.38260229746157887,1.404175436146534,3.3331519112771235,0.3780945202689419,1.2279894613245477,3.294533818814203,0.5381087772830013,5.409672039135314,-5.0,0.2812,0.3436,0.7915,0.5955999999999999,1.4152,1.4952
6.8808,0.7475999999999999,11.932,6.912,240.73000000000002,0.09721524156986502,-18.352,17.836,60.81,-60.81,2.1829531414466842e-07,30.404997429866153,52.6630062879991,30.405002696166637,52.66300324749909,-52.6630062879991,0.0,10960242.30399113,9759952.375452174,0.4065062970442071,0.411555340195072,1.106835466943915,1.4135431327430723,1.6143492445065544,3.933128361032834,8623414.68528788,24.15200397653234,6.115144287886095,0.662920816893624,-0.0250132096670349,13.99480702188955,0.9530218573593002,691003760.2146714,21.322270592324532,12577.527366808255,9856914.851763159,-9.679970675394282e-07,-7.628475874205661e-08,-12.13497941315276,21.333994607219545,106.9231892654743,106.93040570334882,83.19459788725416,67865.2901921579,77682559.26771884,1.1272432020524752,0.3812987062325881,1.3870166064834106,3.3281814668282963,0.37656159525540484,1.2090349300411563,3.2902464718403652,0.5599659820429038,5.394957224566901,-14.92,0.2284,0.47319999999999995,0.9365,0.5452,1.2391999999999999,1.0888
12.732800000000001,1.0644,13.868,13.696,238.75000000000003,0.09763860039083208,-19.439999999999998,15.596,47.53,-47.53,1.706228627083718e-07,23.76499799114518,41.16218860168718,23.765002107363923,41.16218622518717,-41.16218860168718,0.0,13214086.906967355,21928551.314661145,0.4076049079294696,0.41251047942250685,1.1171114600944987,1.4264026630928979,1.6258003861903285,3.9370776473383975,9674365.12358271,17.58456435049209,6.4353317013566524,0.3608163744683931,-0.009399622815574351,15.918247608231647,0.6543612843546727,637995347.1830239,25.12793285908096,24564.781189584133,22025559.337254085,-7.250919492202478e-07,-4.015912910010021e-08,-14.311728946711934,25.139673246749116,115.49394302405199,115.49480486627935,79.2647233625356,67307.09937846425,77315288.91996846,1.089339119091314,0.3821013091020829,1.397262595193801,3.331152891296683,0.3775018447390688,1.2203490687735568,3.292810831094397,0.5486325836657492,5.404092136928935,-1.4800000000000004,0.3292,0.4204,0.7525,0.366,0.9288,0.9064
9.7928,0.8468,13.004,6.5600000000000005,249.54999999999998,0.09545434657210057,-18.64,7.7,48.730000000000004,-48.730000000000004,1.7493061434418175e-07,24.364997940427195,42.20141911551055,24.36500216056899,42.20141667901054,-42.20141911551055,0.0,10462561.989660397,14791512.76148975,0.4026005366784382,0.40834050662492877,1.063006159153937,1.3586931224804575,1.5649935542161586,3.9172951957184607,8515765.89579628,17.427924248386386,6.83203582180862,0.38409873323381033,-0.013930747783322138,15.839505612582494,0.6492426155204061,648669983.0944746,25.217148580514404,17598.654748505625,14888513.41293428,-6.857172836380359e-07,-3.917343205550898e-08,-14.969259516268295,25.232439179044253,99.22838254346385,99.23000785614244,69.09512565350295,70351.77654406596,79237305.38219182,1.2435996653682815,0.3781078294705238,1.3429001604255109,3.3160832832288802,0.37271549835390305,1.1608237948063571,3.2799357030624026,0.5706110895337826,5.36041488266802,-8.120000000000001,0.5356,0.20679999999999998,0.9715,0.6628,0.9064,0.9159999999999999
6.7128,0.8852,12.684000000000001,7.2,245.65,0.09620696882869494,-20.848,8.036,49.29,-49.29,1.7694089844089303e-07,24.6449979167588,42.68639335529478,24.645002185398017,42.686390890794776,-42.68639335529478,0.0,9616018.999782044,10031780.444534142,0.40432034582452203,0.40974884963230385,1.0820176290754926,1.3824943959988838,1.5865235000330313,3.92404407657202,8142291.000909306,18.074037314558517,7.285281175128621,0.4133111277178052,-0.01526403169391936,12.784913365437463,0.7158022853093422,692998227.3123076,24.886908221165573,12929.492871113438,10128773.439530466,-8.368553250117467e-07,-5.677666726543641e-08,-16.164760816784273,24.900728630843627,88.75231927735211,88.75542709729828,67.85492303483555,69252.3097898209,78565228.26843473,1.2009498968658339,0.37950359020113666,1.3621205840357695,3.3212616765026852,0.3744069626034435,1.181719573953909,3.2843277576411096,0.5724272921109,5.375399292580768,-16.759999999999998,0.31479999999999997,0.1396,0.8955,0.5284,1.396,0.9512
12.1448,0.9684,10.924,13.312000000000001,249.73000000000002,0.09542056687889784,-23.632,19.18,47.85,-47.85,1.7177159647792114e-07,23.924997977620382,41.439316738706744,23.92500212155194,41.439314346206736,-41.439316738706744,0.0,13446638.550910626,21616209.274932764,0.40246055670760245,0.40821403454219474,1.0621411789693527,1.3576012795669041,1.5640011499789614,3.916977397219934,9654062.505226858,16.183512313766318,13.68822264773701,0.33927042501842997,-0.017157635786765543,19.088967294392965,0.38743211079716694,777266108.6738474,43.296493920348354,24249.930065016622,21713207.161532164,-7.405949391978599e-07,-3.7465831221334085e-08,-17.44272392530259,43.31837243156233,117.82236176440114,117.82340263492593,80.88154932460621,70402.52116349267,79267634.06269583,1.2454357103551543,0.37804546635428854,1.342024241459936,3.315851727207612,0.3726391969486785,1.1598757674365756,3.2797402678585112,0.570434072019881,5.359756578957115,-7.0,0.6507999999999999,0.48040000000000005,0.9485,1.458,1.2872,1.1848
7.5248,1.0708000000000002,14.156,11.616,243.67000000000002,0.09660326376846766,-17.008,14.252,47.13,-47.13,1.6918694549643516e-07,23.564998008051173,40.81577843041273,23.565002089628905,40.815776073912716,-40.81577843041273,0.0,10976299.668662423,11483814.09571648,0.40526733929498276,0.41054302603795273,1.091910291788024,1.3948658111169954,1.5976654042054734,3.9276442180347315,8796360.50901395,16.80170305025131,6.965296338414024,0.5764007642329186,-0.009232418767048214,11.63782134675071,0.950075791599802,755761595.4573711,22.520169020716075,14401.600484232053,11580829.483037813,-7.988385581045453e-07,-5.861230729488651e-08,-11.56361365956178,22.532456893863912,86.79294934979369,86.79526901064936,64.31155712467844,68694.11897612724,78215165.36548364,1.170934233234099,0.380228449165579,1.372072930440406,3.324002896459369,0.37527767875965995,1.1925864618072912,3.2866627673037603,0.5673595624090034,5.383289448001468,-7.32,0.202,0.45399999999999996,0.8305,0.9203999999999999,0.74,1.2136
8.9528,0.8068,12.972,13.152000000000001,244.20999999999998,0.09649500193845348,-23.216,12.068,54.730000000000004,-54.730000000000004,1.9646937252323143e-07,27.364997686837274,47.39757168462738,27.365002426594312,47.39756894812737,-47.39757168462738,0.0,12230304.526459284,17579355.972743407,0.40489428928147514,0.41020913437234985,1.0891918598994776,1.39145011247314,1.594589552111341,3.9266100303416565,9232102.123395108,21.491010961450186,5.3008410363703575,0.4243051227620733,-0.015400610350696287,14.653561308380274,0.7202859846054986,619635906.4666903,22.676190835757325,20227.97051152266,17676324.830439825,-8.883292886954607e-07,-5.2090358664478494e-08,-17.77610633518132,22.688553831358284,126.18174927941195,126.18829108717611,93.1311985474436,68846.35283440731,78311152.88169856,1.1790702503081778,0.38002187863594517,1.3693406869929088,3.323240537957442,0.37503194335273504,1.1896018434798488,3.286012184924341,0.5687066859815892,5.381001974323029,-9.239999999999998,0.6676,0.2356,0.9565,1.1556,1.1496,0.8423999999999999
10.660800000000002,0.898,12.22,8.832,247.21,0.09590150095427995,-21.968,8.652,46.25,-46.25,1.6602792763017455e-07,23.12499804524436,40.05367605360892,23.125002050611855,40.053673741108916,-40.05367605360892,0.0,11125222.711568553,17068103.361928266,0.4037185853241634,0.4092718992431673,1.0743465498955118,1.3729031744190026,1.5778690463672906,3.9213168737352717,8750676.677297112,16.561934275568248,9.055052991843816,0.26622674517658873,-0.01438409328100241,17.141206977393406,0.4738196534280792,661625314.8559483,31.19922842817724,19824.226072298938,17165107.014889255,-6.441519080428976e-07,-3.5583943804545227e-08,-17.69111006747952,31.21447352169966,101.72590559865259,101.72714926116137,68.4587236506548,69692.09649151893,78836620.01702479,1.2198420715376388,0.3789428601592417,1.3543786366843715,3.319159286216464,0.3737290828072428,1.1732825265489621,3.2825408091420147,0.5729545257630151,5.369357538333654,-8.919999999999998,0.47319999999999995,0.38439999999999996,0.7515,0.1028,0.836,1.2168
10.9128,1.0692000000000002,10.636,10.719999999999999,243.48999999999998,0.09663997269749895,-17.84,13.916,52.730000000000004,-52.730000000000004,1.892897864635482e-07,26.36499777136725,45.665520828255104,26.365002337919204,45.6655181917551,-45.665520828255104,0.0,11983439.953394977,18481928.16625505,0.4053693338812954,0.4106312402635977,1.0928157439895636,1.3960005986677957,1.59868309191588,3.9279741050046115,9042452.30961252,18.491458012477867,10.909173586158133,0.43724971346388275,-0.020098693366704258,19.932472796061994,0.49387649894110736,739017876.5695868,35.3362181022587,21161.20925459781,18578917.646267768,-6.707937856358181e-07,-3.47883213934122e-08,-13.502820286216222,35.35287042582036,116.29706233853804,116.30288908510889,76.00043914400098,68643.37435670053,78183024.2453252,1.1682293006618223,0.38029322952246225,1.3729812176968041,3.3242540331662855,0.3753556884229108,1.1935822861305874,3.286877325574521,0.5669046281238677,5.383991112421975,-14.84,0.6556,0.5307999999999999,0.8275,0.2708,1.2648,1.1784
7.7488,0.8388,12.844,13.056000000000001,248.89000000000001,0.09557792561008016,-20.016,19.348,45.37,-45.37,1.628689097639139e-07,22.68499808243755,39.291573676805115,22.685002011594808,39.29157140830511,-39.291573676805115,0.0,11821612.8294963,12128558.3004185,0.4028943204796045,0.40858141621245553,1.066190002323352,1.3626755632175445,1.5686150178428115,3.9184217829022363,9080540.286357526,15.717920336615505,8.820841812661044,0.31330849830720237,-0.010192308435878003,12.359416632301595,0.5775549657510158,690912995.0288253,29.545325601299215,15046.49980404378,12225576.903925829,-7.644889091192822e-07,-5.8259004380389176e-08,-12.86210990625622,29.561530395943258,86.92322484356927,86.92521411574444,63.199774532653066,70165.71293950143,79125585.60740799,1.236859689111336,0.37834865046814264,1.3461299599675023,3.316948020920082,0.37300665030654934,1.1643170261053035,3.280666464833425,0.5712593549325503,5.363013598939494,-9.96,0.46119999999999994,0.6819999999999999,0.8085,0.8363999999999999,1.2264,1.3032
7.3288,0.8564,12.204,6.944,235.15,0.09842924628224825,-20.784,20.86,55.370000000000005,-55.370000000000005,1.9876684006233006e-07,27.684997659787683,47.95182795866651,27.68500245497035,47.9518251901665,-47.95182795866651,0.0,11831495.592332782,11513905.713209696,0.40924204105259704,0.41388500286748586,1.13622411661608,1.450230113980412,1.646916035930057,3.9444075794676268,8994336.98103096,21.617053693874826,6.602221797099508,0.41691517427458413,-0.020052616954327467,14.518762954524993,0.6925872224420453,661975521.8601635,23.84773922997524,14315.838061499382,11610881.982055437,-8.476125560196998e-07,-7.01673689875563e-08,-13.601099408573871,23.858617409716107,105.12475292916184,105.1312828813892,80.22458056138018,66292.20698993035,76629844.3169165,1.0114526989053665,0.38346589087127797,1.4162136250217174,3.3366755951143903,0.3791148335202493,1.2413737760673464,3.2975870436496497,0.5201639114561322,5.419309169255309,-17.64,0.526,0.45640000000000003,0.9885,1.4412,0.9512,1.444
10.0168,1.1044,11.66,8.16,239.05000000000004,0.09757351426176958,-18.736,14.924000000000001,59.370000000000005,-59.370000000000005,2.131260121816965e-07,29.684997490727735,51.415929671411064,29.68500263232056,51.41592670291106,-51.415929671411064,0.0,12149460.170066962,16994825.257750344,0.40739748544662285,0.4123241754322542,1.115538045759446,1.4244339348644364,1.624043812392262,3.9364673037124303,9094556.793758743,23.698095862415155,5.917721500381313,0.3986034663778503,-0.024077475464136685,18.548325239178673,0.6106836148549672,600318766.6679554,24.260377442352965,19639.158965165523,17091790.067510553,-7.774389876748015e-07,-4.573101792333012e-08,-13.973382020479761,24.27208221228953,130.2543879741868,130.26059180083757,90.79129460721798,67391.67374417538,77371364.40156908,1.095969962218906,0.3819873777037821,1.3956973896854037,3.330702729336124,0.3773669761084887,1.2186236335384664,3.2924237192156403,0.5510129234523459,5.402824336428718,-18.84,0.2908,0.2644,0.7605,1.01,1.4088,0.7687999999999999
12.340800000000002,0.9764,11.836,6.432,244.63,0.09641030392716765,-22.416,20.3,55.53,-55.53,1.9934120694710472e-07,27.764997653025283,48.09039202717629,27.765002462064352,48.09038925067628,-48.09039202717629,0.0,14213507.085254746,25592370.414855365,0.40471612676922686,0.41006372512785705,1.0870922078720366,1.3888251906883038,1.5922290027455945,3.925848572130008,9978811.108544601,20.9803537958271,6.781882226129255,0.4015432708837225,-0.022328900364985325,22.88174378061018,0.5790057361575381,610830427.1225884,29.328922665642555,28053.698216543606,25689342.168020822,-7.45371618314394e-07,-3.9368987360323964e-08,-16.71456847995546,29.34344476230691,145.9031327252235,145.90973480761485,102.4061035773719,68964.75694640295,78385649.20855793,1.1854240874272133,0.3798707522003516,1.3672298300504642,3.322660115235578,0.37484979240246125,1.1872936486228733,3.285517435789528,0.5697678038228078,5.379367285885164,-10.92,0.1396,0.19240000000000002,0.9995,0.3212,1.3704,1.0312000000000001
8.7848,1.074,13.852,12.704,243.97000000000003,0.0965423090381212,-17.776,18.564,53.05,-53.05,1.904385202330975e-07,26.52499775784245,45.942648965274664,26.52500235210722,45.942646312774656,-45.942648965274664,0.0,12577048.166381018,14747488.294221014,0.40504798294146793,0.41034543939547063,1.0904025193606992,1.3929665365512527,1.5959598613987507,3.9270705150883307,9417738.323341612,19.76732116942496,7.917527823919928,0.7225416405057027,-0.011873523859722927,13.24787440876953,1.1240566349005285,781012091.9631817,21.147679151674442,17521.684362715165,14844478.979695726,-8.446410152209634e-07,-5.974034654973753e-08,-11.673698160418619,21.159995247154914,108.6793761917804,108.68551923775327,79.77523686080875,68778.6933418384,78268607.0110828,1.1754510286858815,0.38012049984558766,1.370560848582139,3.323585482670032,0.37514764790978766,1.1909299192255351,3.2863063899206804,0.5681177947300805,5.382120724349027,-10.68,0.1588,0.11320000000000001,0.9955,1.2844,1.0632,1.0408
6.8248,0.9028,10.892,7.168,235.75,0.09829593592913785,-16.368,15.876,43.37,-43.37,1.556893237042307e-07,21.68499816696752,37.55952282043284,21.6850019229197,37.55952065193283,-37.55952282043284,0.0,9159402.267514441,5907539.344799891,0.4092562382331988,0.41394717206948445,1.1330123416446094,1.446267818518296,1.6434269472341725,3.9432544482582137,7853070.632792828,10.83730660723108,30.891963177188376,0.35125302366652394,-0.0420056773431217,12.404851920860429,0.426069430369928,1266239479.7980752,53.255391710318115,9004.536456565642,6004575.974187375,-7.903904223264222e-07,-6.797867758117209e-08,-10.060238240193645,53.40113351002254,60.408102922340284,60.41132469679505,44.30526074654787,66461.35572135265,76745816.19383971,1.0242155181429602,0.3832388287078935,1.413033704339703,3.335739473179682,0.37884673251552936,1.2378284358572686,3.2967738748899587,0.5248573622303911,5.416773211448679,-12.36,0.3052,0.2164,0.8035,0.19240000000000002,0.8775999999999999,1.0568
8.4488,0.9492,11.548,11.392,242.05,0.09693753502695425,-19.28,14.532,55.61,-55.61,1.9962839038949204e-07,27.804997649644083,48.159674061431176,27.805002465611356,48.15967128093117,-48.159674061431176,0.0,11240611.880203402,12663464.587109644,0.4059474844214735,0.41109747368303645,1.100093953614648,1.405104128642277,1.6068260391337557,3.93063058792979,8737146.155594278,21.29451083640805,6.743996777407559,0.3500919622307922,-0.018983922575090982,14.822922275601659,0.5584343744775063,618124800.9379318,25.781578528984177,15447.113490694956,12760440.4599564,-8.479937118109572e-07,-5.400146399556478e-08,-13.895511217013295,25.795365329446465,109.13846071122353,109.1446867947625,78.89142445184726,68237.41740128698,77923690.87152274,1.1467340263925525,0.38081134432930264,1.3802748798176225,3.326281417754194,0.3759791149535803,1.2015996488358056,3.288613362228995,0.563287511097064,5.389609613540029,-18.76,0.39159999999999995,0.39159999999999995,0.7685,1.486,1.3864,1.2839999999999998
7.1608,0.8804000000000001,13.324,12.224,244.93,0.09635005923070931,-19.503999999999998,20.747999999999998,44.49,-44.49,1.5970989189765332e-07,22.24499811963074,38.52947130000132,22.24500197257776,38.52946907550131,-38.52947130000132,0.0,11868416.243785895,11330598.650979407,0.4047042473612494,0.41007756429607206,1.0855987894005055,1.3869780203686624,1.590567432743016,3.9253511907255003,9117677.50049495,15.430151781191485,8.628806784467795,0.3248660238523594,-0.009343596412862422,11.749828756525892,0.5863723402318092,707146614.3391404,28.35188135689374,14279.239944106836,11427623.718882034,-7.663121848714087e-07,-6.323977009802844e-08,-11.865781494661563,28.365688657234582,82.50900859545274,82.51126074759122,61.292509579887806,69049.33131211411,78438734.57014847,1.189972042642162,0.3797628622366993,1.3657247069329224,3.3222472602240507,0.37471968923924237,1.1856495926727135,3.285165856702496,0.5705260579765176,5.378200936886064,-14.52,0.44919999999999993,0.5116,0.8655,1.1276,1.4888,0.9736
10.828800000000001,1.0452000000000001,14.492,12.352,235.27,0.09840238524183822,-21.488,9.548,48.49,-48.49,1.7406906401701977e-07,24.24499795057079,41.99357301274587,24.245002149927977,41.993570588245866,-41.99357301274587,0.0,12180689.854065983,20258105.55958826,0.4092155099698461,0.4138674306380958,1.1355800277280155,1.4494291801368007,1.6462104760217298,3.9441591712528354,9283437.798141941,18.82765020390556,5.937664504700617,0.5189865214557728,-0.010085083899073536,14.726731194714683,0.9118249397271311,713278011.3034581,22.034165188829505,22897.181285425628,20355101.09113157,-7.704641677020579e-07,-4.2695400280368926e-08,-16.950793138697545,22.043739374538845,117.01000725986712,117.01107752065029,84.09620785304519,66326.03673621478,76653103.96189193,1.0139982996308805,0.38342048963166664,1.4155769761748076,3.3364878648048406,0.3790612364239022,1.2406633976976478,3.297423851323882,0.5211013885731116,5.41880196488049,-3.799999999999997,0.12040000000000001,0.6843999999999999,0.8725,0.6012,1.1432,1.2071999999999998
9.9328,0.8612,12.86,6.08,243.79,0.09657887044304643,-17.744,8.092,45.61,-45.61,1.6373046009107592e-07,22.80499807229395,39.49941977956979,22.805002022235822,39.499417499069786,-39.49941977956979,0.0,10116539.320813032,13667641.326381959,0.4053570671100234,0.41064425106224384,1.0913104317720366,1.3941350806374544,1.5970106802738953,3.927457505512717,8361242.167488124,16.122348577216332,8.674568668208682,0.33926461247504286,-0.012677922896009771,15.610802305661583,0.5800087200038329,706410961.9473562,28.11411179061014,16537.324643818964,13764658.626845706,-6.356694639512542e-07,-3.745237936022978e-08,-14.116509316700473,28.126109483142844,88.99989871725435,89.00152723233991,60.957535202167094,68727.9487224117,78236542.77601273,1.1727395966289917,0.38018527315302686,1.371467888607789,3.3238357751476304,0.3752256748278861,1.1919234024711813,3.286520043578096,0.5676628541201099,5.382821933967219,-2.6799999999999997,0.6123999999999999,0.4132,0.7905,0.5172,1.204,1.3736
11.584800000000001,0.866,13.804,9.728,247.08999999999997,0.0959248853755307,-23.088,18.732,60.17,-60.17,2.159978466055698e-07,30.084997456915747,52.10875001395998,30.085002667790604,52.10874700545997,-52.10875001395998,0.0,15038029.672328705,26528613.762630537,0.40353385576331735,0.40907341241445655,1.0749269619472737,1.373595912671106,1.5784919424039459,3.9214590538334733,10405638.987586712,24.403164075446742,7.7888845254681724,0.6137582222267045,-0.01882906588871428,18.789263165124662,0.9964206371513858,714537053.7262954,20.89167987476972,28926.295501317447,26625568.511453096,-8.322722156389813e-07,-4.8610943241087616e-08,-17.17646149881171,20.902161728434315,165.81927007160579,165.8263418882067,119.63001174451442,69658.26674523445,78815901.4474947,1.218633596315514,0.37898443910115387,1.354969476121148,3.3193179621030167,0.3737798160688928,1.173927072025726,3.2826756358206493,0.573076901557997,5.369798348090466,-6.359999999999999,0.49,0.37960000000000005,0.8705,0.43879999999999997,1.2008,1.012
13.068800000000001,0.8964000000000001,12.428,7.68,244.51,0.09643445693448313,-23.664,14.588000000000001,42.73,-42.73,1.5339185616513207e-07,21.36499819401711,37.005266546393706,21.365001894543663,37.005264409893705,-37.005266546393706,0.0,13047375.36521699,24286713.765985377,0.4049592028946128,0.41030047114094337,1.087695822297037,1.3896066377296679,1.5929333286681433,3.92611385450501,9573825.037264403,14.891114776094792,12.441311606876825,0.31170182564101395,-0.014064560736213502,20.61999711500241,0.41551545030519477,765770437.8997519,38.511994084301925,26903.708048846947,24383733.065647587,-6.057139397184913e-07,-3.100150980435553e-08,-18.534036417520024,38.528433944327745,109.37976669908589,109.38058692946856,73.91954213734175,68930.9272001185,78364388.27604507,1.1836065057808434,0.3799139197950457,1.367832450696272,3.322825650465306,0.3749018340420559,1.1879523572931587,3.2856584897385344,0.5694646123621857,5.379834070122821,-3.3999999999999986,0.4516,0.4828,0.9695,1.4356000000000002,1.1912,1.1336
12.5088,0.7684,12.236,12.32,243.37,0.09666450999851664,-20.944,18.508000000000003,44.25,-44.25,1.5884834157049131e-07,22.124998129774333,38.32162519723664,22.125001961936746,38.321622984736635,-38.32162519723664,0.0,13663075.608590322,23561088.338632774,0.4054878403294045,0.41074141907475625,1.0934214268815834,1.3967667896227642,1.5993703878423273,3.9282088058524858,9841187.291223656,14.992057251885592,12.139135970255442,0.34772087298595117,-0.011988198301647626,18.94246194805572,0.46042063859462273,746141090.9620024,37.738615000735834,26198.935968306323,23658109.50029731,-6.210963855379385e-07,-3.271814831121597e-08,-15.418823668559746,37.75478847321165,109.60131061019824,109.60211597092744,72.63893814638199,68609.54461041608,78161558.75246993,1.1664281106557304,0.38033641215630665,1.373587179363712,3.3244217395836175,0.37540768180781725,1.1942469348201454,3.28702065903481,0.5666013407017746,5.384458929749029,-0.1999999999999993,0.2692,0.13240000000000002,0.8595,1.178,1.2296,0.7111999999999999
9.5408,1.0196,12.332,6.208,246.79000000000002,0.09598342893941561,-19.088,11.508,59.69,-59.69,2.142747459512458e-07,29.844997477202938,51.69305780843062,29.845002646508576,51.693054823930616,-51.69305780843062,0.0,11574990.291291278,16231034.060698057,0.4037177468083476,0.4092342468763569,1.076393638655537,1.3754442138908858,1.5801574661067808,3.9219970919088096,8902524.964599837,23.640556140898966,5.237124787828537,0.511310899243485,-0.023841135007426496,17.653548592409216,0.8016864803968865,607818134.3274153,21.95896920422787,18897.15937494449,16327995.593341189,-8.088752642023287e-07,-4.724770259841098e-08,-14.813695255387612,21.971964017741353,129.9226260157386,129.9290604376807,93.58712043304259,69573.69237952329,78764083.75845972,1.2156158711487093,0.3790883652500772,1.3564480568271693,3.3197155653319808,0.37390659896204653,1.1755411066369654,3.2830136674775794,0.5733837257662852,5.370900433456184,-19.08,0.634,0.26680000000000004,0.7545,1.1444,0.884,1.4024
7.5527999999999995,0.8788,13.74,12.928,241.57000000000002,0.0970371089118003,-18.544,18.788,57.53,-57.53,2.0652079300678793e-07,28.76499756849531,49.82244288354857,28.76500255073946,49.822440007048556,-49.82244288354857,0.0,12542409.84971986,13877608.807713475,0.4061164235724447,0.41122929578944006,1.102542475992138,1.4081594599592708,1.6095581106344177,3.9315280016232164,9399845.153501436,22.464332297477316,6.2679179006445604,0.8223119830638528,-0.014468798382240357,12.712121286084582,1.2144823411629535,801443232.8112204,19.462792539515224,16623.269317187616,13974581.758334674,-9.423755576723057e-07,-6.914049399372087e-08,-12.059770485382083,19.473576284913126,117.25107226545255,117.2575665906098,89.09346708820199,68102.09841614912,77836384.70419309,1.1396219766586961,0.3809964381363549,1.3827295304373706,3.326976871054071,0.3761985075270183,1.2042981523798624,3.2892102594045456,0.5620856603898695,5.391670976186029,-3.5599999999999987,0.36760000000000004,0.4516,0.7595,0.1868,0.9096,1.2904
9.0088,1.0964,11.484,7.136,237.19,0.09798238767074714,-18.448,7.028,60.57,-60.57,2.1743376381750644e-07,30.28499744000975,52.455160185234426,30.285002685525622,52.45515715673442,-52.455160185234426,0.0,10595558.414207239,14263874.41088967,0.4082845316761384,0.41307520899042216,1.1253358896910706,1.436645589972737,1.6349081099458955,3.94019980530985,8451856.433358798,24.787066630681384,5.906888909866575,0.4454574119269037,-0.027192268889735912,17.60864316332065,0.6464152803159127,601530758.0369847,22.972153887046687,16954.846301135978,14360832.65639312,-7.718517431913156e-07,-4.4664906266742527e-08,-14.914554432033711,22.98270922077876,124.26132511431902,124.26758292585569,86.5255484140971,66867.31267676622,77020775.7836115,1.0552052563746421,0.38269328688402504,1.4054367560054644,3.3335185466078103,0.37820210739167137,1.229387155381402,3.294850550263654,0.5362168544535333,5.410686210779002,-19.16,0.3196,0.3412,0.8555,0.33799999999999997,1.0248,1.076
10.604800000000001,0.914,10.54,10.496,245.04999999999998,0.0963261981487892,-23.024,17.556,57.69,-57.69,2.0709515989156256e-07,28.84499756173291,49.96100695205835,28.845002557833467,49.961004067558335,-49.96100695205835,0.0,13308286.056844778,20750973.02286042,0.4045324125682782,0.4099128781205691,1.0849982325019971,1.3862087443727886,1.5898731539627977,3.9250956723583106,9566186.827617131,22.13611474449481,7.936686860871145,0.357063025399255,-0.025749916962618434,20.9261499205605,0.42835797282501475,596631614.041079,32.43312912269149,23305.545496930827,20847935.0208276,-7.800172937956735e-07,-4.110030963224556e-08,-17.36881245208248,32.44971122728245,140.43240977831059,140.43885517496287,97.38430940641723,69083.16105839857,78459796.97843295,1.1917957337083465,0.37971967862738615,1.3651231937916115,3.32208247141489,0.3746676118001011,1.1849930700903775,3.2850256166915845,0.5708293018658138,5.377734244757091,-10.52,0.382,0.3004,0.8485,0.1756,1.492,1.0088
13.0408,0.9172,13.564,11.488,247.27,0.09588982770326207,-18.768,9.436,45.69,-45.69,1.6401764353346324e-07,22.84499806891275,39.56870181382468,22.845002025782826,39.568699529324675,-39.56870181382468,0.0,12181308.333074398,23031428.0195145,0.40370282961822757,0.40926100296176726,1.074054182863435,1.3725373441682565,1.5775390769296158,3.921212529085915,9279590.409278221,16.311826362500707,7.015629839287685,0.3337782747308402,-0.0098275966633234,17.573895667623646,0.61256878147463,637385109.1045958,26.81642766259647,25671.673429852683,23128442.97998285,-6.055519970693945e-07,-3.0030166391203594e-08,-15.018176736588323,26.831378307867038,112.22407179367308,112.22487131055281,72.17415875447662,69709.01136466114,78846967.67651847,1.2204465057649176,0.37892207615887563,1.3540833338953902,3.3190800297805927,0.37370371911259914,1.1729604850853628,3.282473484416532,0.572893416738552,5.36913725628365,-11.639999999999999,0.5908,0.6004,0.7825,0.7859999999999999,1.3,1.044
11.052800000000001,0.7812,14.06,6.656,244.75000000000003,0.09638619909294878,-17.2,16.1,46.01,-46.01,1.6516637730301254e-07,23.004998055387958,39.84582995084425,23.00500203997084,39.84582765034424,-39.84582995084425,0.0,12000383.61255498,17030825.340480875,0.40483087023067404,0.4101906774355546,1.0864968904040138,1.3881058693290953,1.5915829027808615,3.925679137623256,9196786.808840094,16.158376954085977,7.041760634010604,0.4139077991595491,-0.01012973776379682,15.800596646903736,0.6755125260403408,707373078.016863,24.78126931816685,19830.02928051639,17127846.51636841,-6.359098089330412e-07,-4.199642645224072e-08,-12.33318750860323,24.794120114407658,96.31678788651178,96.31805564324681,65.35512618850277,68998.58669268743,78406882.20292869,1.1872433483405949,0.3798275739714161,1.366627458947509,3.3224947744037476,0.37479773547838063,1.1866355464986993,3.2853766082252447,0.5700709792280486,5.37890045703659,-17.08,0.5884,0.586,0.7625,0.9932,1.2616,1.0504
10.1288,0.7492,11.596,7.232,247.39,0.09586654404973308,-20.976,7.14,47.05,-47.05,1.6889976205404782e-07,23.52499801143237,40.74649639615783,23.525002086081898,40.74649404365782,-40.74649639615783,0.0,10303058.560612299,14669210.057916857,0.4036669855866029,0.40923527174521396,1.0734697480994653,1.3718080799508408,1.5768816167164044,3.921014615011501,8378844.110261682,16.580143612057626,10.675169373017459,0.2777426104989729,-0.017570340960468164,17.378487540481178,0.42106821771210134,716646858.9190719,33.5861667233863,17479.25959371442,14766211.859730791,-6.282945557929674e-07,-3.576463413126942e-08,-17.079905133445656,33.59991168427669,96.13618238601462,96.13763535875808,63.97058354888376,69742.84111094559,78867617.72609723,1.2216551947980634,0.37888051796136835,1.3534930249648636,3.3189216920065054,0.37365299504994276,1.1723168633915715,3.2823390092166105,0.572763040702293,5.3686969377121825,-14.68,0.2956,0.2524,0.8285,1.346,1.0792,1.1368
9.960799999999999,0.9828000000000001,11.196,13.952,248.70999999999998,0.0956121506629754,-19.408,14.42,54.49,-54.49,1.9560782219606944e-07,27.24499769698087,47.1897255818627,27.245002415953298,47.189722857362696,-47.1897255818627,0.0,11801674.397211503,15771412.771374457,0.40290238971384607,0.4085734958400166,1.067056872768271,1.3637501797510954,1.5695883378668465,3.918703049246365,8971184.952149153,20.23772682914727,7.411539241643647,0.33344334205547466,-0.017018170767954064,15.912045737229802,0.4716173986046876,606291543.0797603,28.964972787841948,18498.27699745359,15868392.268709663,-8.092061170522354e-07,-4.492700692468538e-08,-14.300459986509715,28.98252059009546,116.80847828592186,116.81452498250115,80.28834381109394,70114.96832007471,79094994.12286161,1.235031629650631,0.37841100745475376,1.3470093225983562,3.317181716234499,0.3730828770607518,1.1652713332299722,3.2808641508149443,0.5714385561827195,5.3636727698174145,-5.08,0.5068,0.3628,0.9515,1.122,1.38,1.3928
8.3928,0.9668000000000001,13.084,7.808,235.21,0.09841580386414368,-16.528,8.876,59.769999999999996,-59.769999999999996,2.1456192939363312e-07,29.884997473821738,51.76233984268551,29.88500265005558,51.762336854185506,-51.76233984268551,0.0,10747698.130012177,13568106.315239016,0.40920860310105445,0.4138557562348551,1.1359014767031241,1.4498261243745298,1.6465599225308172,3.9442778641360765,8605734.310509045,24.29714339721572,6.330379125349395,0.813412475795427,-0.019976183404366656,14.986780791433944,1.1748053063181045,779012848.8823117,19.192472951375265,16292.268505208445,13665071.939574193,-8.448723243062662e-07,-5.037106125886224e-08,-12.865357014424038,19.20117761062131,118.56058560378465,118.56690853092597,86.29372950107616,66309.12186307256,76641478.13778539,1.0127250217000798,0.3834431844487272,1.4158952613552325,3.3365816938464112,0.37908802965190724,1.2410184896395444,3.297505404491939,0.5206325903914969,5.419055464733609,-3.16,0.11800000000000001,0.4012,0.8745,0.87,1.0664,0.8872
11.0808,1.0724,10.556,9.44,238.81,0.09762555659904125,-18.192,13.132,58.65,-58.65,2.1054136120021052e-07,29.324997521158526,50.79239136311704,29.325002600397518,50.79238843061703,-50.79239136311704,0.0,12355833.062734611,20450547.778541736,0.40752623105165486,0.4124354601942117,1.116795645709303,1.426002277011311,1.6254428973942963,3.936945533863645,9163761.184213493,22.60700918217773,8.17251769242614,0.47787045183458415,-0.02618386560489226,21.770588612445675,0.5681688590558653,664834658.6378057,30.5151535151339,23017.175906078093,20547515.25294635,-7.328431344754421e-07,-3.5975528943395286e-08,-14.061883852903428,30.528749167769927,136.7119377442823,136.71810561271587,91.28460570071138,67324.01425160647,77326518.66575305,1.0906635632456143,0.38207852350540816,1.3969493935347383,3.3310627386898433,0.3774748744440008,1.220003657304807,3.2927332762448507,0.5491084588286146,5.403838539337252,-4.039999999999999,0.2572,0.10360000000000001,0.7775,0.9875999999999999,0.868,0.8904
12.256800000000002,0.8532,10.812,10.975999999999999,237.37,0.0979423030589107,-23.696,17.332,52.33,-52.33,1.8785386925161154e-07,26.16499778827324,45.31911065698064,26.16500232018418,45.319108040480636,-45.31911065698064,0.0,13772485.783805285,24804167.579237558,0.4082335471237186,0.4130377458310313,1.124383264628895,1.435461572378859,1.6338579333153775,3.939840049920346,9773632.167253086,19.415038526905928,10.618656110765919,0.38173345022934335,-0.020597286419404576,22.12098263850608,0.45171914490643583,714820336.2791098,36.84292098358592,27292.061842623316,24901146.42704666,-7.079563574634107e-07,-3.4335539511503225e-08,-18.181326289226728,36.85753434884955,136.28455617502172,136.29093663748907,91.42675435628226,66918.05729619288,77054972.35477315,1.0591136075240255,0.38262504917636886,1.4044906476746786,3.3332434812190557,0.37812142350481015,1.228338645469566,3.2946129032989786,0.5376356423066654,5.409925613033051,-14.2,0.5716,0.2716,0.9105,0.4052,1.332,0.8264
8.0848,0.7892,12.620000000000001,10.528,242.53,0.09683753450200532,-16.624,17.108,45.77,-45.77,1.6430482697585058e-07,22.884998065531555,39.63798384807958,22.885002029329833,39.63798155957957,-39.63798384807958,0.0,10743175.082811614,9975496.24840163,0.4058768888100682,0.41106623170813494,1.0976629018986244,1.4020811192913218,1.6041276643936873,3.929777751949393,8604821.915813394,15.771831354350107,9.696557165537516,0.3587526035882077,-0.011202364531205081,12.578307953400541,0.5740972984741755,751960957.5803845,29.201414161818846,12951.984787951045,10072520.664653776,-7.451997994647974e-07,-5.6606475664845246e-08,-10.6910714012287,29.211590500042387,78.22469873412696,78.22711465915567,56.14864902883325,68372.73638642485,78010602.19966067,1.1538687442833928,0.3806386705773014,1.3778382836433563,3.325602000761885,0.375771439540534,1.1989171354695132,3.288030790879588,0.5644783293116248,5.387735888583244,-4.359999999999999,0.2404,0.3124,0.7755,1.2788,1.3544,1.204
11.2208,0.7348,11.036,11.552,242.35000000000002,0.09687499002112988,-22.608,7.756,58.010000000000005,-58.010000000000005,2.0824389366111192e-07,29.00499754820812,50.238135089077915,29.00500257202149,50.23813218857791,-50.238135089077915,0.0,12156814.897065151,21840744.702087924,0.4057588596897976,0.41093089042491976,1.098570489513635,1.4031868121745112,1.6051133341154515,3.9300496634126585,9107060.994305631,23.125059789447494,6.481554805783505,0.3433729507179498,-0.02371163006858325,20.11046777178628,0.4433504447599179,544723695.6009175,28.94730129692783,24353.07182182983,21937702.201544177,-8.589468352184931e-07,-3.7109034318440127e-08,-18.616891672172468,28.96094997601225,145.5978765970016,145.60452044495986,103.85606066856118,68321.99176699815,77978023.01068543,1.1511885814634395,0.3807034366194309,1.3787513645332798,3.3258563596746913,0.37584934358892796,1.1999219143393602,3.2882488060675277,0.5640233995911306,5.388438619490848,-2.4400000000000013,0.1444,0.5716,0.8495,0.1644,1.1112,0.8071999999999999
9.8488,0.7988,13.116,7.648,245.10999999999999,0.09631421061650068,-18.928,16.492,49.13,-49.13,1.763665315561184e-07,24.5649979235212,42.547829286785,24.56500217830401,42.547826830285,-42.547829286785,0.0,11927710.415517373,15481999.492938377,0.40460107885353824,0.4099878975567565,1.084701636288261,1.3858523326625265,1.5895527601487272,3.925015523352137,9110492.154712437,17.70301538156958,6.917369877526339,0.3770669506691547,-0.013238418208878326,15.762311329005163,0.6020019248558373,668246757.3479621,25.370225070886228,18271.47300936686,15579002.254120668,-6.940649584860361e-07,-4.7096873080735055e-08,-13.574086814489089,25.38440307276961,101.88787393003176,101.88933825172947,71.79043464167445,69100.0759315408,78470378.72310589,1.1927081832363415,0.3796980934164882,1.3648225897628834,3.3220001704539333,0.37464157573006984,1.1846650222149375,3.2849555855671166,0.5709809246741049,5.37750102672926,-8.52,0.178,0.43000000000000005,0.8995,0.7747999999999999,0.82,1.1816
7.0207999999999995,0.8356,10.876,10.56,236.35000000000002,0.09816518655281331,-22.48,19.572000000000003,43.05,-43.05,1.5454058993468137e-07,21.524998180492318,37.28239468341327,21.52500190873168,37.28239253091327,-37.28239468341327,0.0,10752796.363613084,9000602.912041798,0.40890016543807967,0.4136332751590459,1.1298065492939897,1.4422543152955931,1.6398792199383039,3.941986222471877,8512519.021947134,11.362472166802261,32.134313819097386,0.28851398821464047,-0.04326142753832093,12.980114544783799,0.3692841347164277,1303546779.470743,57.465366090064705,11989.273839405187,9097626.580066,-7.243169297041237e-07,-5.954357634191271e-08,-14.453395386925532,57.70555613672337,74.69926386141093,74.70175094893413,53.17173329345659,66630.50445277497,76861091.47223128,1.037065168358162,0.3830116452555165,1.4098623784414166,3.3348097230636204,0.37857836369869063,1.2342996978865617,3.2959676971798704,0.5295610955150328,5.4142375861792456,-1.0799999999999983,0.29800000000000004,0.2476,0.8815,0.2932,0.8008,1.0664
9.8768,1.018,12.652000000000001,11.648,242.11,0.09692497628612759,-18.224,15.427999999999999,59.21,-59.21,2.1255164529692183e-07,29.60499749749013,51.27736560290128,29.60500262522655,51.27736264240127,-51.27736560290128,0.0,12448801.650228476,16977622.66956597,0.4058714185535787,0.41102514903298387,1.0997882122426925,1.4047131708105054,1.606476461069476,3.9305013483011306,9274057.892177507,23.55857840277371,5.3290420704084305,0.5579186510939332,-0.01836225404904795,15.935824122504682,0.8471572353491533,625228767.5433147,21.69460094811325,19632.087193385556,17074589.32138954,-8.708139632537411e-07,-5.126162187881267e-08,-13.197727631701486,21.70616293685707,130.88830578275375,130.89463494695633,94.44694065870996,68254.33227442921,77934592.19006054,1.1476249744856692,0.3807897631809408,1.3799700084668494,3.3261962917253376,0.37595316423773334,1.2012637830030692,3.2885403273274765,0.5634391760035979,5.389375353945781,-17.88,0.3004,0.5668,0.9195,1.2172,1.2551999999999999,0.868
7.4128,0.9332,13.468,7.52,245.35,0.09626629330238115,-22.864,7.42,45.05,-45.05,1.617201759943646e-07,22.524998095962342,39.01444553978555,22.52500199740679,39.014443287285545,-39.01444553978555,0.0,10079446.502065275,12386950.671504077,0.40448695298840703,0.40989248425028546,1.0835078867109622,1.3843601132825376,1.5882074584004868,3.924585662460518,8376596.835327287,16.701689632108604,7.47191254514942,0.3518271715314593,-0.011754638942246163,12.999800207599773,0.6726764672692073,720805797.7294139,25.843067411769265,15261.215147645213,12483956.867687704,-7.837432891621636e-07,-5.1946181833024315e-08,-18.020112016181706,25.857003219090895,89.95666706850513,89.95909071948806,68.84226212547401,69167.73542410975,78512706.79707667,1.196362372331576,0.3796117208629036,1.3636210280456207,3.3216714945738057,0.37453738707046286,1.183354442965537,3.284676030315888,0.5715863391774137,5.37656796060351,-8.84,0.4444,0.4084,0.9645,0.1308,0.8904,0.7752
12.788800000000002,0.9524,11.516,9.824,240.67,0.09722807021319313,-21.296,11.004000000000001,50.57,-50.57,1.8153583351909032e-07,25.28499786265962,43.79490590337304,25.28500224215009,43.79490337487303,-43.79490590337304,0.0,12821424.15734772,25249718.398445956,0.4066380009564797,0.41168389830652574,1.1071451760811626,1.4139446373591533,1.6147067542382652,3.933262334646039,9427419.08926885,18.560547590193337,9.212214570048046,0.39077141191668335,-0.0176757984225949,21.94269801366669,0.4838220603458467,672620181.8141837,33.359462677207624,27756.520891657827,25346706.609740086,-6.808178578967723e-07,-2.99128132933592e-08,-17.167113072399218,33.374475593496726,131.3265913610473,131.3328957673844,88.0177689106585,67848.37531901564,77671510.49727432,1.1263622954876105,0.38132029135402273,1.3873234668736276,3.3282679455964295,0.3765875127447364,1.2093744733660066,3.2903209589775178,0.5598143220342872,5.395192042333842,-11.56,0.6748,0.5188,0.8295,0.48919999999999997,1.3832,0.7656
11.3048,1.05,10.62,7.104,239.65,0.09744406754988662,-19.472,12.74,46.17,-46.17,1.6574074418778723e-07,23.08499804862556,39.98439401935403,23.08500204706485,39.98439171085403,-39.98439401935403,0.0,11224462.979472505,17081051.27179644,0.40735584793517,0.4123303143346237,1.1124087891296914,1.4205711756121615,1.6205958072343294,3.9353466136698385,8716603.317924613,13.84258912829589,22.186097837417602,0.428309851753314,-0.030134282494738682,20.753217511967417,0.590631636959089,1150931775.3792675,49.75547257470962,19848.9546700964,17178063.91843712,-5.939814304015349e-07,-3.205459022507144e-08,-15.118427815835307,49.7507698252243,99.41122275380297,99.41279460835136,64.4587724473289,67560.8224755977,77483178.62993212,1.1092954138374562,0.38175941970509375,1.3925733972343775,3.3298069339448144,0.37709703449491166,1.2151848613880856,3.291654368372146,0.5557835066320221,5.400288884742848,-1.3999999999999986,0.2476,0.4756,0.8345,0.38839999999999997,0.7143999999999999,0.7719999999999999
7.6368,0.73,13.724,13.76,244.03,0.09653014113581354,-17.648,17.612000000000002,54.97,-54.97,1.973309228503934e-07,27.484997676693677,47.60541778739205,27.485002437235323,47.60541503889204,-47.60541778739205,0.0,12119100.33803107,13331935.36754749,0.40500299848163757,0.4103048231120013,1.09010126455031,1.39258736656811,1.595619263220193,3.9269572407078295,9244944.25806842,20.78441130307443,6.327735608155652,0.7770444792277785,-0.012551462735030265,12.33503196953058,1.144080453170601,784503605.6587784,20.20594679969155,16121.612857440588,13428918.717339277,-9.052263427500051e-07,-6.475514889165768e-08,-11.542674083170354,20.21793667217133,108.86910941659781,108.87544187127037,81.22143497547687,68795.60821498062,78279285.15554997,1.1763556674376419,0.38009890432789417,1.3702587476460717,3.3235021775805005,0.3751216313179226,1.1905991104088505,3.286235294114582,0.5682694425277413,5.381886937882054,-3.3200000000000003,0.41800000000000004,0.4972,0.9125,0.7412,0.7592,0.7879999999999999
13.4608,1.0068000000000001,10.78,6.144,244.45000000000002,0.09644654601626372,-17.136,16.323999999999998,51.129999999999995,-51.129999999999995,1.835461176158016e-07,25.564997838991225,44.27988014315727,25.565002266979114,44.279877586657264,-44.27988014315727,0.0,12637484.807767952,24469996.268434998,0.40492456857513676,0.41026018381811996,1.0879940744170735,1.3899712811629845,1.5932608782857358,3.9262071420442375,9301373.911507897,16.999265131700017,12.790957495601596,0.5853923316298733,-0.022329413333083865,25.098910478802768,0.7153729365165779,897184127.2187908,39.2580131788254,27028.785854796748,24566994.99603365,-6.315051346948464e-07,-2.8932160394395622e-08,-12.948544640939904,39.27649673749447,125.33278050038258,125.33885126049186,80.03511965181194,68914.01232697626,78353751.76523104,1.182698396623319,0.37993551023014005,1.3681339133144286,3.3229085121242874,0.37492785827919173,1.188281945951071,3.285729110099795,0.5693130263514503,5.380067590413048,-16.36,0.694,0.6172,0.9215,0.5115999999999999,1.0152,1.028
12.3688,1.0484,13.42,8.608,237.25,0.09796901391606844,-23.6,9.828,57.21,-57.21,2.0537205923723863e-07,28.604997582020108,49.545314746529,28.605002536551442,49.545311886029,-49.545314746529,0.0,13567216.433037557,27214908.4740027,0.408215314207581,0.41300967102599256,1.1250172148200603,1.436241036451067,1.6345485485436644,3.9400621049867346,9769037.472066674,23.652000639650236,4.598884902250754,0.43618290496265544,-0.018881144422237553,19.94158308498316,0.7694372910556144,573426770.3252366,22.135678908725172,29591.519508135447,27311867.26641104,-7.792782738439492e-07,-3.842048481993058e-08,-19.211403875454465,22.144576881974935,160.3065343716796,160.313541827405,112.893446237324,66884.22754990844,77032180.91763659,1.056507102374359,0.38267054388826477,1.4051213076579607,3.3334267988435657,0.37817521706778057,1.2290374924773817,3.2947712689497854,0.5366896767412209,5.4104326988702205,-0.35999999999999943,0.5788,0.6868,0.8605,1.3124,1.3352,0.9703999999999999
10.2688,1.0516,12.108,9.568,245.71,0.09619508986103503,-21.232,9.772,51.769999999999996,-51.769999999999996,1.8584358515490023e-07,25.88499781194163,44.834136417196405,25.88500229535515,44.834133828696395,-44.834136417196405,0.0,11566996.598176496,17530079.64134621,0.40430449117215894,0.4097377256285698,1.0817204355622403,1.3821233993221689,1.586188309919464,3.9239345934809275,8914891.566964386,19.38233512912881,6.777930076145176,0.30874168978986194,-0.017003029745269977,17.36100485792603,0.5388869545004998,595511647.8147209,26.923017689629308,20219.134782729314,17627062.720821187,-7.12294493851247e-07,-3.922326425038463e-08,-16.88442396669653,26.937905273680315,116.29962004696947,116.30572353856816,79.8043876649654,69269.22466296314,78575748.99805039,1.2018667132473455,0.37948199814508743,1.3618207752370366,3.321179908511692,0.3743809060648078,1.1813931020607438,3.284258308210781,0.5725790329269123,5.375166211587829,-19.32,0.2188,0.646,0.7725,0.8308,1.108,1.3128
13.5448,1.1012,10.572,11.776,246.73,0.0959953310194122,-19.951999999999998,19.236,48.09,-48.09,1.7263314680508312e-07,24.044997967476785,41.64716284147142,24.045002132192955,41.64716043697141,-41.64716284147142,0.0,13664110.210765438,25662919.195119254,0.40390382009338693,0.40941809928722434,1.0766906007255432,1.3758390729443142,1.5805136771817618,3.922140320610259,9749342.95729446,14.650939621345174,18.54637294788488,0.5179963262552848,-0.021571198644483928,22.777481161809337,0.6794351928708557,1074621646.535014,49.524012502943144,28215.248199967955,25759925.33599178,-6.221832366358058e-07,-2.896710775785426e-08,-14.776357463661407,49.54403937642934,124.10121660241782,124.10245351367138,78.20492717608202,69556.77750638107,78753579.34751067,1.2150203358083436,0.37910906398781624,1.3567437880293922,3.3197951308973335,0.3739318714046971,1.1758643025213624,3.283081373538558,0.5734843195050952,5.3711192835198345,-1.9600000000000009,0.5956,0.1996,0.8215,0.4444,1.4632,0.9768
11.0248,0.7572,12.188,8.864,236.53,0.09812653033501202,-22.768,17.78,43.29,-43.29,1.5540214026184338e-07,21.64499817034872,37.49024078617795,21.645001919372696,37.49023862167794,-37.49024078617795,0.0,12326826.86433281,17246372.44170654,0.4088145416243298,0.4135603357612641,1.128847387684189,1.4410547559404197,1.638817251931674,3.94160273874635,9222242.564645894,15.20356569163955,13.622541441221284,0.2612828949147791,-0.014493036879806655,17.176642471930773,0.4332528459037887,799314398.9727969,37.54356992843419,20026.372874470584,17343393.107604768,-6.026376890150509e-07,-3.967994299893554e-08,-16.67089575698403,37.55119978303663,95.0805817970931,95.08163711864398,63.464099195308975,66681.24907220165,76895541.54235017,1.04093697123538,0.38294345873808844,1.4089126371433662,3.3345320212041445,0.37849779305126807,1.2332442812610107,3.2957271841348335,0.530974362549188,5.413476846968942,-14.44,0.41080000000000005,0.1948,0.9835,1.2508000000000001,1.0024,0.8615999999999999
9.4848,0.8708,13.228,8.704,248.29,0.09569214370303399,-17.424,15.203999999999999,58.81,-58.81,2.1111572808498519e-07,29.40499751439613,50.93095543162683,29.40500260749153,50.93095249112682,-50.93095543162683,0.0,12296464.729165602,16604133.545644525,0.40303311975238726,0.408669279274899,1.0690867617999582,1.3662844779614274,1.5718824218151004,3.919399504478342,9264081.72140672,22.812128273437143,5.9354122434574474,0.6895011254930975,-0.01842349404825943,16.10171897000571,0.9929244269227822,684246885.9611425,20.291357375922466,19284.25011464025,16701103.124425035,-8.093497579158129e-07,-5.1074491989668735e-08,-12.639562186564412,20.304073903325847,127.43139338711414,127.43771460303901,91.65515746100655,69996.5642080791,79023592.64289252,1.2307730461830708,0.3785565180175693,1.3490641831207095,3.3177288424599,0.3732606910668485,1.1675033916662476,3.281327338360176,0.5718588193213265,5.365211776516138,-6.52,0.5692,0.10600000000000001,0.7995,0.2372,1.3192,1.1752
8.5328,0.9236000000000001,10.508,11.936,248.05,0.09573815273042562,-21.264,12.796,50.25,-50.25,1.80387099749541e-07,25.124997876184413,43.517777766353475,25.12500222796207,43.517775253853465,-43.517777766353475,0.0,10611359.920124011,11754254.553382324,0.4032764084101356,0.4088957911191578,1.0702528729104015,1.3677671862139316,1.5732244120413807,3.9198521205105306,8452410.281011462,17.512089755387983,12.437068869718825,0.27824609474474993,-0.019882977157087405,15.046081373791981,0.37163193504327763,737395733.4895892,37.34999450916351,14606.804988884483,11851245.01952211,-7.549107320763025e-07,-4.823120484599912e-08,-15.776510559208104,37.36549228382317,95.83961272668797,95.84551829719052,65.86964395558188,69928.90471551017,78982601.80509156,1.2283437881066268,0.37863966211944355,1.3502402257421162,3.3180426240858063,0.3733622566843897,1.168782161802879,3.281593212869415,0.5721001163513587,5.366091636814365,-15.96,0.2452,0.1972,0.8895,0.114,0.9608,1.4824
11.9488,0.85,12.396,8.384,240.97,0.09716426639204044,-21.808,12.684000000000001,51.21,-51.21,1.8383330105818895e-07,25.60499783561003,44.34916217741217,25.60500227052612,44.34915961691216,-44.34916217741217,0.0,12551904.512545258,21654477.27922142,0.4064971412354263,0.4115658371572446,1.1056086055067156,1.412017461221733,1.6129936175571975,3.932689811954863,9318283.209002119,19.2302784630023,6.842586121912371,0.3145798777616112,-0.016609262363601815,19.376829185491463,0.511936231541304,593351832.1772166,27.286657668717694,24241.806797497804,21751462.5798224,-6.791197664360077e-07,-3.6396283274027213e-08,-17.14155944864159,27.299611118307798,124.6220463591159,124.6282061409055,83.54145393229864,67932.94968472682,77726513.12896267,1.1307716100557492,0.3812123467410326,1.3857900678037172,3.3278361368481324,0.37645789118212264,1.2076784011533566,3.2899491519945103,0.5605690568946222,5.394017924721241,-12.76,0.658,0.5499999999999999,0.8615,1.4747999999999999,0.7208,0.8455999999999999
8.8408,1.0132,13.244,10.783999999999999,246.37000000000003,0.09606622235856113,-18.512,14.644,42.97,-42.97,1.5425340649229406e-07,21.48499818387352,37.21311264915838,21.485001905184678,37.21311050065838,-37.21311264915838,0.0,10961282.130749239,12091776.797291204,0.4041213228045441,0.4096081719904016,1.0784551383620056,1.3780638026463579,1.5825160656477604,3.92279276777128,8733509.378949756,14.86458026035095,9.519096371298915,0.31664071270662764,-0.009557448285452432,12.883419497800007,0.6003195577390469,727995032.5707878,29.797483023878875,15042.41420366765,12188808.934636066,-7.02028048585518e-07,-4.936358665495034e-08,-12.960945550862204,29.810164336740687,81.04554462812139,81.04750814354249,57.979731050492894,69455.28826752766,78690978.93999071,1.2114090439953467,0.3792337653659833,1.3585212672672256,3.32027430145724,0.3740839356990293,1.1778070767369442,3.283489199458105,0.5738564430750941,5.372442509116264,-17.48,0.43000000000000005,0.5236,0.8325,0.13640000000000002,1.0216,1.0184
10.9688,1.1028000000000002,11.324,10.464,249.48999999999998,0.09546564422634383,-18.864,19.908,54.25,-54.25,1.9474627186890743e-07,27.124997707124468,46.98187947909803,27.125002405312284,46.98187676659802,-46.98187947909803,0.0,12938083.446596984,18419984.519398514,0.402566522842193,0.40830051847469323,1.0632932723821027,1.3590434481943834,1.565311479552802,3.9173799814761803,9434319.426711977,19.552168939718438,7.782305943762902,0.36800597962948073,-0.018954744550927154,18.87058102652956,0.4618299020535131,614971483.1023655,29.97058433779612,21095.80513384945,18516968.78158439,-6.95445192708879e-07,-4.2099831135848536e-08,-13.240759024994183,29.988762001326783,121.05296210420656,121.05893160228676,80.1837299937591,70334.86167092374,79227169.5376979,1.2429880980322299,0.3781286209407412,1.343192291368794,3.3161605715590894,0.3727409337117849,1.1611401339957192,3.2800009631353575,0.5706702120213251,5.360634425513911,-15.879999999999999,0.6628,0.5284,0.9045,0.10840000000000001,1.1656,1.2424
9.0928,0.7108,13.788,11.008,245.77,0.09618322194292091,-20.176000000000002,11.620000000000001,50.17,-50.17,1.8009991630715367e-07,25.084997879565613,43.448495732098586,25.085002224415067,43.448493223598575,-43.448495732098586,0.0,11494705.63593089,15553142.749575276,0.40423281736678723,0.4096700509730688,1.081422112990556,1.3817445273961977,1.5858459944116765,3.9238174615169568,8978111.821690165,18.65497985847904,6.00657161738587,0.5022032979804786,-0.011919182837210558,13.877089800747775,0.85781951242149,699388061.5680916,22.472298800874075,18315.970024484464,15650135.59507246,-8.143030634440316e-07,-5.038032141132815e-08,-15.256303999456781,22.485511333924542,106.88490808928157,106.89113255565412,78.46764578590385,69286.13953610536,78586263.43406996,1.2027839652370622,0.37946040791236735,1.3615211114966093,3.3210982097430755,0.3743548464596878,1.181066731103898,3.284188907375488,0.5727307745672244,5.374933160769772,-17.16,0.598,0.4444,0.8265,1.2284000000000002,0.8455999999999999,0.7335999999999999
10.2408,0.8404,11.1,11.744,240.07,0.09735640970917735,-22.064,19.852,60.97,-60.97,2.1886968102944306e-07,30.484997423103756,52.80157035650888,30.485002703260644,52.80156730800887,-52.80157035650888,0.0,13280123.62623849,18453695.17542518,0.4068066077257699,0.4118055045675773,1.110225428308863,1.4177940487450964,1.618122660632236,3.9343904643871923,9524870.382724356,24.874683801656374,5.893718216848889,0.32852992392507574,-0.02470275989770819,18.244268865792524,0.49220554081810725,546564871.8768218,26.626017422883542,21038.85774982276,18550650.202331234,-8.763036333241221e-07,-5.11339441818234e-08,-15.802424094299989,26.63870623057028,142.9865468269009,142.99303763300384,101.93293181739838,67679.22658759334,77561147.90821242,1.117576075818328,0.3815361750514689,1.3903967710235057,3.329136011170528,0.3768466292571067,1.2127787478652452,3.291069379823327,0.5582953358878028,5.397542066821885,-11.0,0.394,0.1276,0.8535,1.4692,1.476,0.8231999999999999
9.6248,0.77,12.764,6.24,249.13,0.09553360126132658,-19.152,13.636,43.85,-43.85,1.574124243585547e-07,21.92499814668033,37.975215025962186,21.92500194420173,37.97521283346218,-37.975215025962186,0.0,10795087.831453482,13206277.29359091,0.4028943829040495,0.4086022601179783,1.065028744299532,1.3612407333207477,1.5673067079907326,3.918030947692126,8639870.216854222,14.915319304047056,9.998210240068225,0.29008447200188336,-0.012485292123097918,15.257025935353969,0.5292942176152201,704507125.4887661,31.56944974496654,16115.734949498632,13303302.572079705,-6.338873312285101e-07,-4.313908153805565e-08,-14.197884745827155,31.5834770598771,84.97898386396949,84.98070998560829,59.26286264177411,70233.37243207033,79166265.64333515,1.2393222939258906,0.3782533429951237,1.3449467887056559,3.316625346524072,0.3728934786794497,1.163041129237678,3.2803935962947204,0.5710257786222843,5.361951754771985,-0.8399999999999999,0.43720000000000003,0.13,0.9345,0.5844,0.8999999999999999,0.8008
13.404800000000002,0.9204000000000001,11.228,13.024000000000001,243.01,0.0967384207173396,-19.248,11.788,57.05,-57.05,2.0479769235246394e-07,28.5249975887825,49.406750678019215,28.52500252945743,49.40674782551921,-49.406750678019215,0.0,13804783.72570095,30091606.375784427,0.4054802443406663,0.4107033100091215,1.0952323526418621,1.3990092279910256,1.601377541295518,3.928827017643721,9834655.632473923,21.892107454774383,7.378022463391591,0.5067740094524968,-0.01954402966657158,22.884365110723436,0.6700583013462845,673365096.4679391,30.564380644453124,32435.62325487637,30188576.140506443,-7.422761408097367e-07,-2.9493244064609784e-08,-15.376387907539547,30.578540884766948,160.16847022196427,160.17530414608368,106.23162060176365,68508.05537156269,78096989.66072896,1.1610352613251578,0.3804659491004512,1.3754070118778388,3.3249261905118925,0.37556361522413756,1.1962446709460421,3.287452109170602,0.5656914833325056,5.385862777964145,-4.76,0.6195999999999999,0.46840000000000004,0.9785,0.38280000000000003,1.2071999999999998,1.3512
7.0767999999999995,0.7972,12.092,9.024000000000001,248.47000000000003,0.09565788112452155,-18.128,12.404,60.09,-60.09,2.1571066316318247e-07,30.044997460296944,52.03946797970509,30.0450026642436,52.03946497520508,-52.03946797970509,0.0,10498217.068889998,10436587.363505708,0.4029435446484543,0.4085941288447978,1.0682153228711835,1.365192276741614,1.5708940609226403,3.9190946088500227,8466530.756065758,23.546871856961406,6.92200943894652,0.6923838271058439,-0.02265614648009964,13.697529994909424,1.0112152957126077,699571671.358617,21.115625302091956,13249.585955550945,10533550.120195214,-9.484418317341275e-07,-6.457647736041544e-08,-13.167779478594108,21.129912695613175,110.36909574974071,110.37615667038999,84.66419573348375,70047.30882750581,79054161.1699908,1.2325969378954953,0.3784941553954303,1.3481830500761718,3.3174940530538994,0.37318449488933886,1.1665459176372102,3.281128506187146,0.5716782615839935,5.364552040771659,-9.559999999999999,0.2308,0.6507999999999999,0.8785000000000001,1.0996,1.1848,1.4088
12.0888,0.722,10.828,12.448,249.19000000000003,0.09552224755949444,-18.288,20.076,51.69,-51.69,1.8555640171251291e-07,25.84499781532283,44.764854382941515,25.845002291808147,44.764851798441505,-44.764854382941515,0.0,13002916.60665748,20273535.48613113,0.40269161210780485,0.40840108695305866,1.0647358708833465,1.3608479259987754,1.5669494710002627,3.9178807028618134,9462772.64474328,17.404738670015412,11.25853012510496,0.46860438179478836,-0.01733131620887152,19.601182643033983,0.5401738305395558,768055311.7950141,37.78935155635391,22933.167500108313,20370531.032929726,-7.49177666788283e-07,-3.716809324151485e-08,-12.90547553030627,37.81010807953985,118.459813486847,118.46577544240749,80.02311913741347,70250.28730521258,79176432.74103284,1.23993270156978,0.3782325506514135,1.34465418581911,3.31654775653497,0.3728680529637059,1.1627239152118423,3.280328017703736,0.5709663521870506,5.361732050791182,-2.280000000000001,0.2116,0.6532,0.9335,0.7075999999999999,0.9159999999999999,1.2551999999999999
12.5368,1.0308000000000002,12.7,6.624,244.69,0.0963982415958466,-18.8,10.612,52.41,-52.41,1.8814105269399886e-07,26.20499778489204,45.38839269123553,26.205002323731183,45.388390070735525,-45.38839269123553,0.0,12144405.116192933,22267919.276026025,0.404774314455682,0.4101279693907456,1.0867943828767304,1.3884653150268178,1.591905741707186,3.925762818555838,9163581.623801786,19.515554813572205,6.266847597036089,0.37900525618592107,-0.016779698096452498,20.05461159238856,0.6352760220429171,621367051.7952838,25.426674116058454,24849.67461819163,22364906.082857694,-6.681072605750318e-07,-3.329267326523301e-08,-15.000312384461749,25.440354106386927,127.23943721613809,127.24557814461804,84.27025364289246,68981.6718195452,78396272.37186873,1.186333489571357,0.3798491628973919,1.366928604875488,3.3225774175280662,0.37482376475262463,1.1869645266610633,3.2854469936033133,0.5699193912778212,5.379133856339676,-15.8,0.226,0.49960000000000004,0.8165,0.42200000000000004,1.076,1.0984
11.892800000000001,1.0628000000000002,14.172,10.687999999999999,235.03000000000003,0.09845620102156595,-19.567999999999998,15.932,54.65,-54.65,1.9618218908084408e-07,27.32499769021847,47.32828965037248,27.325002423047305,47.328286917872475,-47.32828965037248,0.0,13968636.855963103,24370840.911655642,0.40929809873334344,0.4139322796117636,1.1368692177114776,1.4510338179084896,1.6476235812422242,3.944651738586698,9991214.161935579,21.646329732973925,8.250294737926625,0.6596581445064447,-0.013519308032289469,17.526418074091282,1.0961838431027404,764608989.7249993,21.0820461838241,26866.843082286345,24467820.18540894,-7.425659081776247e-07,-4.244975435552429e-08,-14.584909790984522,21.090917984199738,140.12492253861336,140.13134348639838,97.02192253825088,66258.37724364587,76606552.87330407,1.0089105523426378,0.3835112744745725,1.4168506562638021,3.3368635821895847,0.37916840705456994,1.2420848272215155,3.2977505099756987,0.5192269131024,5.4198161767712545,-2.3599999999999994,0.3172,0.2452,0.8865000000000001,0.2596,0.708,0.724
8.8968,0.8916000000000001,12.812000000000001,6.048,245.23000000000002,0.09629019408167204,-22.832,13.187999999999999,44.81,-44.81,1.6085862566720263e-07,22.404998106105943,38.806599437020886,22.40500198676578,38.806597196520876,-38.806599437020886,0.0,11094082.97461358,13797884.572826726,0.40459187482464826,0.409988849581963,1.0841057006958115,1.3851140437764342,1.588887577679909,3.924812794739904,8752580.05065741,16.003276194921074,8.879597542586415,0.2645044035304719,-0.013397754902862142,15.106269318037764,0.5245070450574929,678839806.8675362,29.899435181479472,16648.84948276732,13894895.096553762,-6.81772797696195e-07,-4.764333915004607e-08,-17.242924671644257,29.913133583566964,90.58986698296073,90.59168229441157,65.3379569650459,69133.90567782529,78491584.47097188,1.194534457917244,0.37965489777341116,1.3642216151386253,3.3218357096508395,0.37458947626576966,1.1840094269924513,3.2848156849333945,0.5712830938035209,5.377034350559476,-12.12,0.28359999999999996,0.3268,0.9895,0.9036000000000001,0.8392,0.7175999999999999
13.3208,0.7747999999999999,14.028,9.696,249.07,0.09554496430312022,-22.384,8.148,41.85,-41.85,1.5023283829887146e-07,20.924998231210303,36.24316416958991,20.92500185552662,36.243162077089906,-36.24316416958991,0.0,12186338.887891153,23952922.902703986,0.40290425529183965,0.40860663089447136,1.0653173131912943,1.3615978002565812,1.5676302315983826,3.9181192678233128,9306990.360736307,14.861344569253546,7.447073825196951,0.2719958670959006,-0.008904150482555632,17.54228392162229,0.5557513569621558,622954354.8655832,28.327412833245393,26596.05837371065,24049946.59856881,-5.804573242297288e-07,-2.9922623541391536e-08,-18.287788434163982,28.342518326298578,106.20402868865231,106.20485890150756,69.30292430389196,70216.45755892812,79156093.35490245,1.2387120706448713,0.37827412643381586,1.3452395317300072,3.3167029930140024,0.3729188925424361,1.1633584808276947,3.28045921878444,0.5710852603306535,5.362171321649417,-8.280000000000001,0.33640000000000003,0.202,0.8385,1.2396,0.9672000000000001,1.1304
9.3728,0.8692,12.716000000000001,8.928,248.17000000000002,0.09571513099987766,-22.544,19.964,54.09,-54.09,1.941719049841328e-07,27.044997713886865,46.843315410588254,27.045002398218276,46.84331270608824,-46.843315410588254,0.0,13153869.687684396,17197241.362195075,0.40309870553610544,0.4087254210097909,1.0696684715734635,1.3670151181476267,1.5725434275901675,3.9196077562506466,9585786.47692826,20.433550031802863,5.654998405280845,0.36562196054585416,-0.017372741507244247,16.39751678661842,0.6377903708855835,588500383.94147,24.41638371635354,19880.40034015888,17294217.71738603,-7.787124872691168e-07,-5.463754483470569e-08,-15.895966645062886,24.43132089765749,121.79790394253449,121.80425568147913,88.49295756344539,69962.73446179462,79003106.25893362,1.229558083829413,0.37859808382365656,1.3496520159790717,3.3178856198844278,0.3733114711456618,1.168142456942197,3.2814601585614724,0.5719793578857525,5.365651570658928,-11.08,0.6147999999999999,0.43720000000000003,0.9904999999999999,1.374,1.4727999999999999,1.1432
8.168800000000001,0.9044000000000001,10.956,12.96,238.39000000000001,0.09771713897519671,-16.88,14.196,48.17,-48.17,1.7292033024747044e-07,24.08499796409559,41.71644487572631,24.08500213573996,41.7164424672263,-41.71644487572631,0.0,10190662.508447625,9754085.623791546,0.407906573057509,0.4127879707959758,1.1190046675503706,1.4287830764533636,1.6279232846248646,3.9378415981426818,8301752.964032396,16.394455280441324,13.573707196883811,0.32547758522705694,-0.015480151365427991,13.284530862222434,0.4270149598891251,816939581.071545,35.8423354607865,12694.32285230333,9851096.568978734,-7.340006451023672e-07,-5.0467572110376805e-08,-11.578858617921332,35.84527021993716,82.45464113354362,82.45660377899851,56.06424514600218,67205.61013961084,77247759.61218576,1.0814104698385691,0.3822379783900464,1.3991437324504892,3.3316951012788,0.3776635907141218,1.2224249671012386,3.2932775287701834,0.5457793826423252,5.405613461083612,-10.36,0.5092,0.6628,0.8845000000000001,0.3268,0.9576,0.948
10.1568,1.0772000000000002,14.443999999999999,9.376,240.91,0.09717691446447127,-17.808,10.332,44.57,-44.57,1.5999707534004064e-07,22.28499811624954,38.59875333425621,22.285001976124764,38.5987511057562,-38.59875333425621,0.0,11257757.477603864,16242777.165820029,0.4066343397378792,0.41170023298305247,1.1059179171179503,1.4124214508858357,1.6133540824404256,3.9328346014709106,8929495.127666067,16.145636239604826,6.9959185592968804,0.4299583293379757,-0.008708773758003887,14.28300760163763,0.819441483760492,722854323.7284198,23.904721568550315,19061.470368637343,16339800.604182715,-6.487669138670593e-07,-4.009834406592893e-08,-13.666145451095248,23.916041906348152,94.26900745514423,94.27034760625769,65.35117908746547,67916.03481158457,77715596.89418446,1.1298886705970501,0.3812339328101643,1.3860965536292393,3.3279223737927186,0.37648381627521327,1.2080172864111047,3.290023383331294,0.5604209278520317,5.394252620438258,-1.8000000000000007,0.1684,0.178,0.7955,1.0212,0.8936,1.108
7.1888,0.9124000000000001,12.348,12.288,238.57,0.09767781083407212,-23.184,13.076,58.489999999999995,-58.489999999999995,2.0996699431543586e-07,29.24499752792092,50.653827294607254,29.24500259330351,50.653824370107245,-50.653827294607254,0.0,11685034.425900184,14004024.761194713,0.407576681145548,0.41246741418301897,1.1180537648917848,1.4275611701917386,1.6268317961447147,3.9374090175535916,8962989.923908338,24.096321319267016,5.583095172285748,0.5201585400835766,-0.01966274868396247,13.769723444173382,0.8428887581583191,654651281.7826585,22.024153906208856,16700.567582900527,14100981.901650248,-9.784706883869094e-07,-6.399208643967257e-08,-17.185412042136807,22.03497067160667,124.80012630168851,124.80691620454554,95.56002351331534,67256.35475903754,77281556.3315305,1.0853709182572306,0.3821696508892541,1.3982027862212165,3.331423725033439,0.37758273165021955,1.2213863017550277,3.293043887448877,0.5472055420192334,5.404852807114874,-16.6,0.13240000000000002,0.61,0.7555,0.3548,0.8136,1.4376
12.7608,1.0292000000000001,13.66,8.352,246.60999999999999,0.09601900836616853,-23.568,11.396,41.69,-41.69,1.496584714140968e-07,20.8449982379727,36.10460010108012,20.84500184843261,36.10459801658012,-36.10460010108012,0.0,12451991.641963765,22350765.252006553,0.4040204715005505,0.409526223557141,1.0772793354734893,1.3765866123825554,1.581186843673411,3.9223647766042387,9372198.32154705,15.107962783350917,8.57749855135705,0.2415818864935715,-0.009952177430123376,17.62979878831198,0.484268617006212,700062980.5129683,30.388552662950616,25028.017987543408,22447788.381194763,-5.856658210120029e-07,-3.333689098869582e-08,-18.696081490197873,30.403466754713268,104.1056615491367,104.10654795761253,69.58763500724133,69522.9477600966,78732663.60950252,1.2138176324796968,0.3791506281916456,1.3573359298347505,3.319954635852879,0.37398256431992927,1.1765112917846394,3.2832170895020902,0.5736091646169028,5.371560195635295,-13.239999999999998,0.2212,0.35319999999999996,0.8395,1.0716,1.4792,1.4664
11.7248,0.8420000000000001,11.884,12.864,236.65000000000003,0.09810166261065142,-18.384,8.54,50.41,-50.41,1.8096146663431563e-07,25.204997869422016,43.656341834863255,25.205002235056078,43.65633931436325,-43.656341834863255,0.0,11151953.110796027,18136345.563680597,0.408640438457318,0.41339325450255493,1.128205679202518,1.4402384614947552,1.6380932674689612,3.9413264037644393,8723011.800588075,18.80081874915688,8.159147045910748,0.3406030645133704,-0.01404580819266958,16.930115410306115,0.5144672950525064,651759462.2434603,28.674989723922646,20827.071173662098,18233340.249559868,-7.246759999567711e-07,-3.4779009362733974e-08,-14.691582424596414,28.686842363844136,112.38261758882639,112.3884350000465,74.94641844779105,66715.07881848613,76917893.15898778,1.043522739959532,0.38289800153463155,1.4082799432389057,3.334347215437778,0.37844407181793754,1.2325415040380117,3.29556719248898,0.5319163898555244,5.412969752298998,-11.32,0.38680000000000003,0.6724,0.7805,1.3404,1.3288,1.348
9.9888,0.8260000000000001,11.276,8.288,238.20999999999998,0.09775658365013873,-18.832,13.356,44.97,-44.97,1.614329925519773e-07,22.484998099343542,38.94516350553066,22.485001993859786,38.945161257030655,-38.94516350553066,0.0,10629555.680037253,13019440.301151529,0.40809951527451493,0.4129691053215591,1.119954055257309,1.4299794363135294,1.628989056466566,3.938221600656961,8486586.46456534,14.709565442654554,17.024223843622483,0.3150199711036875,-0.019763202714763426,16.700610588237215,0.43675221463748604,923369077.4582164,41.10694382894621,15904.418763818981,13116460.702517662,-6.032753260348403e-07,-3.8671557075911237e-08,-14.064635775927789,41.101963453101625,86.21188821546122,86.2132897123677,56.94378766611426,67154.86552018415,77213899.8551559,1.0774576675950391,0.3823062923025033,1.4000854683799888,3.3319670301021684,0.3777444248372948,1.2234651565509638,3.2935117742601676,0.5443541143397874,5.406374098634326,-14.04,0.4012,0.1756,0.8475,0.39959999999999996,0.7944,0.7272
7.440799999999999,0.7444,10.796,6.816,249.96999999999997,0.095375777437577,-18.576,9.324,52.97,-52.97,1.9015133679071017e-07,26.48499776122365,45.873366931019774,26.485002348560215,45.873364282519766,-45.873366931019774,0.0,9446132.239304801,9079947.83131864,0.40238605081627227,0.4081598846284784,1.060991124059122,1.3561695044890794,1.5626998112973756,3.9165947432306583,7990224.251853274,18.911736366126807,9.274419747824208,0.32052486963328614,-0.02353847149618001,15.119217524074223,0.47587374398493426,666452109.7048342,30.353482757304956,11985.053769972536,9176932.410256684,-7.284720114477718e-07,-5.258680152620008e-08,-14.209831623363995,30.370249943447053,90.14203108582318,90.14853367759804,64.242930421162,70470.18065606158,79307899.58350234,1.2478863746031805,0.3779623168776179,1.3408575776362166,3.315543711829445,0.3725374378485693,1.1586138186952353,3.279480431236736,0.5701988867843506,5.358879161527586,-19.64,0.20679999999999998,0.2932,0.9155,1.1388,0.8071999999999999,1.3576000000000001
8.5048,0.8212,13.26,13.888,238.15,0.09776975757580843,-21.168,9.38,58.09,-58.09,2.0853107710349924e-07,29.04499754482692,50.307417123332804,29.045002575568493,50.3074142188328,-50.307417123332804,0.0,11712493.052710723,16928067.65135638,0.40777712610014966,0.4126370808805044,1.1202625399003554,1.4303133997338746,1.6292821782887446,3.938247254542166,9035632.129155181,23.99769416864132,6.5518329644743725,0.6838460570924808,-0.016100330356241057,14.025479058857389,1.0584041683641066,710859996.8607292,20.33870814287295,19562.941074626284,17025028.73875644,-9.448988839779208e-07,-5.26813958336492e-08,-16.54287065493677,20.348495827711194,133.3645928752655,133.3711998613597,99.60644578145255,67137.95064704193,77202599.47200923,1.0761418721594296,0.3823290650625889,1.4003995402378324,3.332057795865137,0.3777713674630707,1.223812190577019,3.2935899877912216,0.5438792243410447,5.406627715504178,-1.5599999999999987,0.6315999999999999,0.37,0.7885,0.47240000000000004,1.3768,1.4152
9.1768,1.0052,11.084,11.712,237.55,0.09790219363699124,-23.376,16.772,51.61,-51.61,1.8526921827012557e-07,25.80499781870403,44.695572348686625,25.805002288261143,44.695569768186616,-44.695572348686625,0.0,11950662.957511306,14516645.699040845,0.4081591076954987,0.4129767276823654,1.1234309812278882,1.4342773147029675,1.6328068385814183,3.9394841607673023,8995496.980485853,19.417094609762447,9.51328691518587,0.2714276096545148,-0.018418104943630928,15.894466035992691,0.3940465952421349,661192460.5705128,32.237396320494206,17264.061833804284,14613627.741349602,-7.935928719669812e-07,-5.052440103302801e-08,-16.951836178760924,32.25030528734419,107.95774824199708,107.9637467036859,76.16508252203099,66968.80191561961,77089225.55486718,1.0630307688185832,0.38255669048542185,1.4035450960777267,3.3329688399797512,0.37804061379799453,1.2272916018791549,3.294375781253782,0.5391367910713882,5.409163482923857,-3.479999999999997,0.3508,0.37239999999999995,0.9415,0.4164,1.3032,0.9416
7.6648,0.9412,14.012,11.68,240.19,0.0973305518059991,-20.496,10.388,50.89,-50.89,1.8268456728863962e-07,25.444997849134822,44.0720340403926,25.445002256338103,44.072031495892595,-44.0720340403926,0.0,11119559.406616205,14166501.106964208,0.406793452759635,0.4118021325509025,1.1096087386176094,1.4170269123550887,1.6174428282117208,3.9341723261162147,8837823.908190507,19.541331690942854,7.643156904827449,0.728509373749467,-0.011833543917440624,12.663324893320414,1.1910648487817614,804062640.9215902,21.153771051993115,16943.85745512852,14263489.670049485,-8.700204285195472e-07,-5.632605662302919e-08,-15.488146355202838,21.164967047633947,106.82341909520377,106.8298393553765,81.20026585040472,67713.05633387779,77583347.58480528,1.119329853244415,0.3814930052166427,1.3897814214088449,3.3289619274825064,0.3767948250694942,1.2120965895863118,3.290919182994139,0.5585986561525499,5.397072018064082,-1.3200000000000003,0.6532,0.5476,0.8694999999999999,0.478,1.2904,1.1944
9.5128,1.0244,14.188,11.328,249.79,0.09540930867787345,-23.248,11.564,46.97,-46.97,1.686125786116605e-07,23.48499801481357,40.67721436190294,23.485002082534894,40.67721201340293,-40.67721436190294,0.0,12102412.121580275,17938599.562330946,0.4023961058089272,0.4081538243351843,1.0618524213511744,1.3572347150564201,1.5636678605249335,3.916867557231813,9252482.324999552,17.3174615695481,5.83341201111222,0.3907131367876055,-0.010286066104489181,14.088198231244277,0.7369889639707385,668073400.4584067,23.605090703432282,20664.269444539557,18035598.280888237,-7.740451886905291e-07,-4.804907298537996e-08,-17.84099005678093,23.620073436109458,109.00879346535562,109.01023199767857,80.69488187378732,70419.43603663488,79277747.2478453,1.2460480718405822,0.37802468733160166,1.341732489117038,3.315774661619929,0.3726137670636454,1.159560063464059,3.2796752359709345,0.570375185332164,5.3595373071935235,-7.880000000000001,0.3772,0.5788,0.9395,0.9092,0.7976,1.2488000000000001
9.764800000000001,0.93,11.02,6.336,247.14999999999998,0.09591318684310529,-20.464,9.044,47.29,-47.29,1.6976131238120983e-07,23.644998001288773,40.9543424989225,23.645002096722912,40.954340134422495,-40.9543424989225,0.0,10144180.844509836,13034476.611328121,0.40379731951139325,0.40934682623037527,1.0746403039714174,1.3732799762221308,1.5782092275427524,3.9214378167161548,8277356.880173309,16.056689105941796,13.750290891347259,0.29277824574721595,-0.021781386166660015,17.631243882206647,0.4166670385072615,802826651.7655344,38.323721929132375,15887.292065865877,13131479.648145573,-6.177155698294439e-07,-3.8290806674616816e-08,-16.26107748398737,38.33413919892507,92.12455000389276,92.12613369471399,61.49815403818314,69675.18161837668,78826264.58825254,1.2192376859058038,0.37896364429733964,1.354674017080833,3.319238594227691,0.37375444462005375,1.173604708363283,3.282608187836765,0.5730156874422414,5.369577847372188,-10.76,0.11320000000000001,0.39880000000000004,0.9935,1.4076000000000002,1.3384,0.7432
11.8648,0.9892000000000001,11.26,10.304,235.63,0.09832239233689184,-16.144,8.26,53.29,-53.29,1.913000705602595e-07,26.644997747698852,46.15049506803933,26.645002362748233,46.15049240353933,-46.15049506803933,0.0,11611546.096706986,21247374.2902925,0.4091127793223675,0.41379153399082,1.1336505148210938,1.447030218781702,1.6440958853571734,3.94342577907678,8914338.219217515,19.76432549606315,9.000152635757958,0.4882509750880452,-0.018376802598554814,20.733617134564913,0.593403487496208,709197297.8262469,30.407654690993514,23844.7515605116,21344362.87412592,-6.619889274473122e-07,-2.9386059167868452e-08,-13.048510269984165,30.419841746955406,123.59553326018292,123.60142367112256,79.90055746680312,66427.52597506816,76722688.09882383,1.021655907491045,0.38328426087126233,1.413669001807457,3.3359261938399154,0.3789003835710427,1.2385361668848944,3.2969359529577433,0.5239169024855217,5.4172805253584855,-4.6,0.36039999999999994,0.514,0.7645,0.5676,0.9032,1.4472
8.9808,0.8180000000000001,11.948,9.344000000000001,239.82999999999998,0.09740530348618308,-17.072,17.052,46.65,-46.65,1.674638448421112e-07,23.324998028338367,40.400086224883374,23.325002068346876,40.40008389238337,-40.400086224883374,0.0,10780392.410443353,10817676.923182316,0.4072047023267283,0.41219179829393343,1.1114698798986669,1.419394660043352,1.6195436418485323,3.9349861938255066,8567666.806251403,15.960724922007147,11.098083412371388,0.3169858031802703,-0.013891025748020838,14.198929798640354,0.47223884511356534,763622354.5980254,32.216082001310426,13755.125592052334,10914695.898432022,-7.206751991524545e-07,-5.139364159065106e-08,-11.43227763945923,32.22445646166505,81.74256438561845,81.7445829111417,57.424206485673395,67611.56709502438,77516716.3619434,1.1133021705528074,0.3816911345898346,1.3916382131357448,3.3295395398401957,0.3770161151967156,1.2141564419720936,3.2914249200653587,0.5571448031317755,5.399530632668149,-11.4,0.25,0.6604,0.8095,0.7468,0.7784,0.8168
10.1008,0.8164,11.5,10.4,238.33,0.09773027431524532,-16.72,9.156,47.370000000000005,-47.370000000000005,1.7004849582359717e-07,23.68499799790758,41.0236245331774,23.68500210026992,41.02362216467739,-41.0236245331774,0.0,9976431.352769028,12509039.732804742,0.4079643541226814,0.4128416027501418,1.1193206542013527,1.429179553777554,1.628276294615754,3.937962029055358,8222765.936177581,16.58143627875805,11.644369704011078,0.341568652752572,-0.01501704030934381,15.52021581708047,0.4705070826631373,759846613.7250237,33.05537523314633,15385.53651787582,12606052.037587717,-6.663651260485966e-07,-3.848895831227011e-08,-12.941492778884303,33.06351729739169,89.06725585044265,89.06877964140308,59.36716256268059,67188.69526646861,77236479.96747372,1.0800920131150975,0.38226074896410955,1.3994575644323595,3.3317856828478676,0.37769053571987315,1.222771522075339,3.2933555405104875,0.5453041937835877,5.405866971432292,-15.64,0.5116,0.6652,0.9445,1.0604,1.4312,1.4504000000000001
10.296800000000001,0.8548,13.276,10.624,247.51,0.09584097814930184,-16.272,12.347999999999999,49.370000000000005,-49.370000000000005,1.7722808188328038e-07,24.684997913377604,42.75567538954968,24.685002188945024,42.75567292104967,-42.75567538954968,0.0,11146186.293120243,14727655.404921465,0.40351411909576396,0.4090903748130863,1.0728832919651163,1.3710586127753412,1.5762048394140311,3.9207831327690696,8802555.440886267,17.609446563116173,6.604406954811008,0.42394842556888873,-0.01163019812220285,14.674893001073842,0.6786839946899765,683191945.2552242,24.17282655240197,17547.994933567516,14824661.636579672,-7.386310858253417e-07,-4.3515971725354776e-08,-12.02715163488026,24.18707771855159,98.2737263812139,98.27529380574111,68.17951587156621,69776.67085723007,78890158.38627906,1.2228655368070638,0.37883894144140234,1.3529030257709842,3.3187635457171627,0.373602246968354,1.171673839397742,3.2822047417759954,0.5726408390450269,5.368256397859213,-4.279999999999999,0.2764,0.6052,0.8765000000000001,1.4636,1.1688,1.4312
7.3848,0.81,14.236,11.232,241.03,0.09715149987730158,-19.664,13.411999999999999,46.89,-46.89,1.6832539516927318e-07,23.44499801819477,40.60793232764805,23.44500207898789,40.60792998314804,-40.60793232764805,0.0,11170406.448164243,12863013.135951485,0.40645912902253045,0.4115324074399055,1.1053014215206036,1.4116322164278212,1.6126510767948532,3.932578901845055,8878343.620486552,17.202815424602186,6.750538534097047,0.5323192742621056,-0.009596942623506922,11.991757340241286,0.9227031797770829,734851905.0856028,22.71793190594119,15727.146114252912,12960022.322985796,-8.169407136111063e-07,-5.860584207883287e-08,-13.989518253293713,22.729823388192546,92.86816921107582,92.87028846542803,70.5234871074006,67949.86455786903,77737527.39466825,1.1316548086426175,0.3811907526527139,1.3854835910889853,3.3277499355571654,0.3764319578713374,1.2073396589063115,3.2898749768643794,0.5607207156863498,5.3937830925975465,-17.4,0.36519999999999997,0.12040000000000001,0.9005,0.6404,1.06,1.1144
8.2528,0.9812000000000001,11.18,7.616,240.31000000000003,0.097304969434104,-23.152,20.972,60.650000000000006,-60.650000000000006,2.1772094725989378e-07,30.324997436628554,52.52444221948932,30.32500268907263,52.52443918698931,-52.52444221948932,0.0,12529484.853511976,14017533.728704559,0.40669929015925554,0.4117164348882581,1.1089910524010533,1.416246172649639,1.6167496635903016,3.933930689682519,9223906.145786524,24.70351416517269,5.934205832963329,0.3239264102669868,-0.02892459789055853,17.242469501158524,0.5273851529213353,563156787.1045743,25.440907256337663,16709.00389223176,14114487.898811903,-8.585749040177451e-07,-6.359639041439273e-08,-16.06688922117725,25.453776877908403,127.56475754216349,127.57135297189741,95.00046337391716,67746.88608016226,77605339.8140989,1.1210852672773672,0.3814498274972248,1.3891664464056488,3.3287880829764136,0.3767430067047518,1.2114150910832995,3.290769240532557,0.5589019760701733,5.3966019243498575,-6.039999999999999,0.4588,0.3772,0.7935,0.2316,1.1144,1.1112
13.236800000000002,0.9108,13.532,7.872,238.09,0.09778294428888902,-19.344,7.644,57.45,-57.45,2.062336095644006e-07,28.72499757187651,49.75316084929368,28.725002547192457,49.753157976793666,-49.75316084929368,0.0,12927762.72319232,27829086.727297287,0.40783854519523505,0.4126944984760508,1.120579267617728,1.430711824073757,1.62963686110439,3.9383719640349466,9520250.83686094,23.118504527498125,5.006676510853522,0.5472176013311878,-0.018069706975369006,20.664230926896455,0.8544010161887682,639293778.1370945,21.63288916134448,30211.687663852565,27926053.06734739,-7.373507662704398e-07,-3.253614073577862e-08,-15.989167416342509,21.641040722399055,156.32293196841434,156.32968200809634,105.04277756422093,67121.03577389968,77191292.2240025,1.074826829173658,0.38235183928688277,1.4007137276646362,3.3321486320238174,0.37779830880605614,1.2241593691017039,3.2936682658473457,0.5434044348315531,5.406881367897568,-17.0,0.2044,0.5884,0.9495,0.3044,1.4344000000000001,1.0344
11.1648,0.9972000000000001,12.028,13.728,241.09000000000003,0.09713874431798769,-17.392,13.3,52.25,-52.25,1.8756668580922423e-07,26.12499779165444,45.24982862272575,26.125002316637175,45.249826010225746,-45.24982862272575,0.0,11827181.903286465,17356516.928194672,0.4064473889788557,0.4115253820944515,1.1049948698218235,1.4112495610299784,1.6123107212280974,3.9324662247794815,9011072.319527471,19.297474613406862,7.207322988496701,0.3753607354623779,-0.013798968847387832,16.130256240934568,0.5207663371092537,615587524.7510803,27.064367187821972,20066.603985187292,17453509.038170174,-7.660370115642832e-07,-3.995078946069931e-08,-12.959623529937065,27.077601374551616,112.92053685702791,112.92636476803142,76.05065081057953,67966.7794310113,77748535.88896507,1.1325383013267303,0.3811691710938836,1.3851772613911348,3.327663816516193,0.3764060331640941,1.2070010614747058,3.2898008708615665,0.5608723721384427,5.393548457866057,-7.16,0.18280000000000002,0.3292,0.7695,0.9763999999999999,1.444,1.3288
9.5968,1.098,12.076,10.016,245.95000000000002,0.0961476851935323,-21.648,15.315999999999999,42.01,-42.01,1.508072051836461e-07,21.004998224447903,36.38172823809969,21.005001862620627,36.381726137599685,-36.38172823809969,0.0,11158898.32361192,12942319.746655416,0.4043666083069143,0.4098216978816594,1.0805358076304317,1.380668625247963,1.5848754983126814,3.923557427890183,8739773.908111103,14.266592455225428,15.329981002644418,0.24617119716290647,-0.015227606995327853,14.561666773058684,0.46687325105172695,862413362.9551406,40.27112937966711,15863.253968731611,13039348.702719225,-6.651336161965947e-07,-4.528961831225437e-08,-15.624202830199211,40.27464174695018,82.73158321055953,82.73317385053583,57.7978074950662,69336.88415553208,78617768.37246329,1.205538447262305,0.37939562893942275,1.3606225981323674,3.320853428160396,0.37427665520474207,1.1800886665672368,3.283981066544989,0.5731860041932739,5.374234024207873,-15.48,0.13,0.49,0.9535,1.0772000000000002,1.4504000000000001,0.8552
7.4968,1.0468000000000002,14.347999999999999,10.655999999999999,246.30999999999997,0.0960780169676601,-17.296,8.708,56.41,-56.41,2.025002248133653e-07,28.204997615832095,48.85249440398009,28.2050025010814,48.85249158348008,-48.85249440398009,0.0,10661453.335119078,12966615.132514916,0.40391976762615317,0.409397796014887,1.0787442721502356,1.378393195163685,1.5828104729733545,3.9228340725441204,8670256.42491804,21.762755384568237,9.027521774948916,1.1200491769860335,-0.014116571927210173,12.459957116413522,1.7583052517527515,1150802726.7403216,18.129079131375676,15746.48604621536,13063590.000991523,-9.303747230422177e-07,-5.8620869780184254e-08,-13.204324844977148,18.140696847934027,112.84176941058078,112.84846827527815,86.8580694687195,69438.37339438545,78680571.75857185,1.2108072998205057,0.37925455262287683,1.3588177948158178,3.320354350035382,0.37410927814584355,1.178131425183665,3.283557374668975,0.5739183962991974,5.372663196347982,-7.24,0.1516,0.5548,0.8675,1.2116,1.2168,0.7592
7.8328,1.106,14.124,12.896,236.58999999999997,0.09811445394709295,-21.04,14.476,59.45,-59.45,2.1341319562408384e-07,29.72499748734654,51.485211705665954,29.725002635867565,51.48520873316595,-51.485211705665954,0.0,12664530.14535568,16643647.607415233,0.4084983258498113,0.41324436022315664,1.128521549358285,1.4406079198676258,1.6384181853138944,3.9414041215869777,9456411.635368858,24.771682704631164,6.894869523578588,0.920303570006892,-0.01567319441150197,13.352443152878255,1.4151629689632115,905581302.9876059,18.625166561551385,19278.678150649623,16740607.010811636,-9.91226604624788e-07,-6.549532837463352e-08,-15.224550272568694,18.633851017958712,136.20737754955596,136.21415832310367,106.01496639443012,66698.16394534387,76906427.29494862,1.0422295909252195,0.3829207311266352,1.4085962516407389,3.3344395882510027,0.37847093369233425,1.23289279748151,3.2956471519355457,0.5314449509829915,5.413223281906511,-10.04,0.3316,0.2044,0.8755,1.1836,0.8264,1.364
