floating.member_Y_pontoon_lower1:outer_diameter+floating.member_Y_pontoon_lower1:outer_diameter+floating.member_Y_pontoon_lower2:outer_diameter+floating.member_Y_pontoon_lower2:outer_diameter+floating.member_Y_pontoon_lower3:outer_diameter+floating.member_Y_pontoon_lower3:outer_diameter,floating.member_Y_pontoon_upper1:outer_diameter+floating.member_Y_pontoon_upper1:outer_diameter+floating.member_Y_pontoon_upper2:outer_diameter+floating.member_Y_pontoon_upper2:outer_diameter+floating.member_Y_pontoon_upper3:outer_diameter+floating.member_Y_pontoon_upper3:outer_diameter,floating.member_column1:outer_diameter+floating.member_column1:outer_diameter+floating.member_column1:outer_diameter+floating.member_column1:outer_diameter+floating.member_column1:outer_diameter+floating.member_column1:outer_diameter+floating.member_column1:outer_diameter+floating.member_column2:outer_diameter+floating.member_column2:outer_diameter+floating.member_column2:outer_diameter+floating.member_column2:outer_diameter+floating.member_column2:outer_diameter+floating.member_column2:outer_diameter+floating.member_column2:outer_diameter+floating.member_column3:outer_diameter+floating.member_column3:outer_diameter+floating.member_column3:outer_diameter+floating.member_column3:outer_diameter+floating.member_column3:outer_diameter+floating.member_column3:outer_diameter+floating.member_column3:outer_diameter,floating.member_main_column:outer_diameter+floating.member_main_column:outer_diameter+floating.member_main_column:outer_diameter+floating.member_main_column:outer_diameter,configuration.rotor_diameter_user,financese.lcoe,floating.jointdv_0+floating.member_column1:joint1_2+floating.member_column2:joint1_2+floating.member_column3:joint1_2+floating.member_main_column:joint1_2,floating.jointdv_1+floating.member_column1:joint2_2+floating.member_column2:joint2_2+floating.member_column3:joint2_2+floating.member_main_column:joint2_2,floating.jointdv_2,floating.member_column1:joint1_0+floating.member_column1:joint2_0,floating.member_column1:joint1_1+floating.member_column1:joint2_1,floating.member_column2:joint1_0+floating.member_column3:joint1_0+floating.member_column3:joint2_0,floating.member_column2:joint1_1,floating.member_column2:joint2_0,floating.member_column2:joint2_1,floating.member_column3:joint1_1+floating.member_column3:joint2_1,floating.member_main_column:joint1_0+floating.member_main_column:joint1_1+floating.member_main_column:joint2_0+floating.member_main_column:joint2_1+towerse.tower.torsion_freqs_1+towerse.tower.torsion_freqs_2,floatingse.platform_cost,floatingse.platform_mass,floatingse.structural_frequencies_0,floatingse.structural_frequencies_1,floatingse.structural_frequencies_2,floatingse.structural_frequencies_3,floatingse.structural_frequencies_4,floatingse.structural_frequencies_5,floatingse.system_structural_mass,raft.Max_Offset,raft.Max_PtfmPitch,raft.Std_PtfmPitch,raft.heave_avg,raft.heave_period,raft.max_nac_accel,raft.max_tower_base,raft.pitch_period,raft.platform_displacement,raft.platform_mass,raft.platform_total_center_of_mass_0,raft.platform_total_center_of_mass_1,raft.platform_total_center_of_mass_2,raft.roll_period,raft.surge_period,raft.sway_period,raft.yaw_period,rotorse.blade_mass,rotorse.rp.AEP,tcons.tip_deflection_ratio,towerse.tower.fore_aft_freqs_0,towerse.tower.fore_aft_freqs_1,towerse.tower.fore_aft_freqs_2,towerse.tower.side_side_freqs_0,towerse.tower.side_side_freqs_1,towerse.tower.side_side_freqs_2,towerse.tower.top_deflection,towerse.tower.torsion_freqs_0,tune_rosco_ivc.Kp_float,tune_rosco_ivc.omega_pc,tune_rosco_ivc.omega_vs,tune_rosco_ivc.ps_percent,tune_rosco_ivc.ptfm_freq,tune_rosco_ivc.zeta_pc,tune_rosco_ivc.zeta_vs
True,True,True,True,True,False,True,True,True,False,False,False,False,False,False,False,False,False,False,False,False,False,False,False,False,False,False,False,False,False,False,False,False,False,False,False,False,False,False,False,False,False,False,False,False,False,False,False,False,False,False,False,False,False,True,True,True,True,True,True,True
13.518550000000001,1.0805,11.645,7.3100000000000005,241.35625,0.09708227776795544,-23.15,16.3975,60.495000000000005,-60.495000000000005,2.1716452934026831e-07,30.247497443179626,52.39020827812047,30.24750268220031,52.39020525337046,-52.39020827812047,0.0,14905207.424258208,32171096.807596132,0.4062008521118898,0.4112970787590328,1.1036323204666971,1.409522040673431,1.6107715599249317,3.93192225063625,10243351.755601391,24.45699363436025,6.107494996437072,0.47936253851939237,-0.027488498948623576,25.74280609586398,0.6495149375220761,641807393.9713341,28.36348804085157,34417.31353235438,32268049.451867815,-7.97185834142241e-07,-3.526798914255902e-08,-18.18526448779102,28.374662460563467,178.81484098089058,178.82214144076306,124.86916606410351,68041.8391805799,77797313.41836688,1.1364641002903515,0.38107335606280124,1.3838189007058619,3.3272823221015826,0.376290930441407,1.205500508063248,3.2894727617304107,0.561545346387798,5.3925068207599365,-18.175,0.62275,0.5357500000000001,0.9603125,0.6407499999999999,0.891,1.2109999999999999
12.241050000000001,0.9925,12.415,13.27,236.21875,0.09819354029437646,-21.39,7.4375,51.795,-51.795,1.8593332998064628e-07,25.89749781088501,44.855787052901064,25.897502296463593,44.85578446315105,-44.855787052901064,0.0,11948230.440095514,21915557.68593058,0.40877375997220894,0.4134942724011533,1.1305018324144236,1.443092497086949,1.6406172740859373,3.9421922727247423,9068688.686005915,20.15431985988436,6.452884286981917,0.30927236020430715,-0.014282951898120363,17.509070087872647,0.5055262307808415,609685721.3489633,26.26760090110375,24478.98053759271,22012539.154548805,-7.810657499989552e-07,-3.529804071755783e-08,-17.502616657206442,26.27860642253351,128.00722572785537,128.01348340811435,87.5890502383497,66593.50316777632,76835938.89838406,1.0342468589262286,0.38306134610931036,1.4105553511708184,3.335012555049766,0.3786370863921596,1.2350701756621336,3.2961434478586353,0.5285312065648938,5.414792141352734,-6.174999999999999,0.5642499999999999,0.55675,0.8815625,1.3162500000000001,0.869,1.117
10.98105,1.0475,13.605,12.43,242.85625,0.09677013713199986,-21.77,20.1425,48.845,-48.845,1.7534344054261353e-07,24.42249793556672,42.301012039751946,24.422502165667808,42.301009597501945,-42.301012039751946,0.0,13718992.577905163,19641026.433276918,0.40558245862549563,0.41079431399206995,1.0960096653482938,1.3999876561016706,1.6022537315401362,3.9291238885800652,9858201.572102455,18.033406186105953,6.158854351445006,0.33715444616475065,-0.010975540300759633,15.374693315355834,0.6257750678039538,612989392.7631283,25.34237222958269,22315.36463521043,19738025.206501853,-7.65660272306759e-07,-4.9816013805011876e-08,-15.133174268952834,25.355723713735586,115.14777418768905,115.14886306690987,82.33538875356403,68464.71100913572,78069323.47097403,1.1587367480339446,0.38052127081019793,1.3761851880958105,3.32514226117646,0.37563019121233865,1.1970995675128853,3.287637034561749,0.5653028933877878,5.3864625535296,-18.975,0.19225,0.48025000000000007,0.9278124999999999,0.6547499999999999,1.2469999999999999,1.383
8.04105,0.9605,12.825,12.57,244.84374999999997,0.09636733843289212,-19.39,12.7225,51.545,-51.545,1.8503588172318589e-07,25.772497821451257,44.639280695854524,25.772502285379204,44.63927811860452,-44.639280695854524,0.0,11138351.433824366,13023893.93531911,0.4046673758638205,0.4100325777336664,1.086026694003366,1.3875015690153845,1.5910381913719636,3.9254825230117216,8784656.135087732,19.141312671463382,6.445780114349174,0.4380343366069718,-0.01319704388653851,13.14973482078565,0.7408023629307199,668150943.9555795,23.7894745805831,15839.136123833588,13120883.73418846,-8.419012195085983e-07,-5.443121361206739e-08,-14.140321319939353,23.803292257525655,102.26162178432064,102.26787736899806,75.1807498107615,69025.01618197215,78423497.73393343,1.188662393118866,0.37979389415547454,1.3661571969831998,3.3223658215275007,0.37475711152756475,1.1861218636376363,3.2852667972596703,0.5703081026152798,5.378536348301543,-16.725,0.23125,0.5702499999999999,0.7721875,1.4072500000000001,1.309,1.333
12.10105,0.9945,10.795,8.79,241.46875,0.09705848722157964,-18.310000000000002,9.1525,51.245000000000005,-51.245000000000005,1.8395894381423341e-07,25.622497834130755,44.379473067398685,25.622502272077938,44.37947050514868,-44.379473067398685,0.0,11636818.802102212,21203590.89561071,0.4063244674036975,0.41143199098167166,1.1030619065697496,1.4088328444250129,1.6101594952468556,3.93175745480918,8902866.635751314,18.03396631207401,11.534421214905638,0.4631526843400066,-0.020802935181446568,22.054855539186196,0.5696627886163758,779373365.0058839,36.27868813113878,23819.60084062673,21300582.703574736,-6.392740185140653e-07,-2.910479614244791e-08,-14.817100006144672,36.29476236281208,120.80148575149903,120.8074384434556,78.41980777176025,68073.5545677216,77817886.50327688,1.1381254303541968,0.3810328764289863,1.3832454003466146,3.327121465977725,0.376242293080658,1.2048674406905768,3.289334506748145,0.5618297396466383,5.392066924544434,-6.724999999999998,0.5162500000000001,0.48475,0.8415625,1.25675,0.991,1.025
7.00855,0.9865,13.455,6.35,247.95625,0.0957561157736514,-23.45,12.3725,61.295,-61.295,2.200363637641416e-07,30.647497409367634,53.08302862066938,30.64750271767035,53.08302555591937,-53.08302862066938,0.0,11720723.675997041,14383335.025465883,0.4031256244926369,0.4087338976939944,1.0707035726679162,1.3683022896317454,1.5737067201404233,3.9199539081227854,9031599.830899302,25.10729666424309,6.051261209539867,0.808652027139712,-0.022932359372220133,14.391691781685383,1.2364028500470647,802389847.6702127,18.920413659696376,17060.848510309515,14480283.00971447,-9.8473833945497e-07,-6.938070057771837e-08,-17.750485335314075,18.931927911260928,132.60650580852865,132.61390223203807,106.30285078303697,69902.47522622543,78966608.64865732,1.22739570355252,0.3786721320761793,1.3506999371144224,3.3181654059092094,0.37340191630544545,1.1692823335232085,3.281697302263949,0.5721946116179508,5.366435318297806,-10.175,0.59125,0.23425,0.8965624999999999,0.45525000000000004,1.447,0.7809999999999999
11.61105,0.8545,11.615,10.29,245.89375,0.09615877959123857,-23.65,16.9225,60.445,-60.445,2.169850396887762e-07,30.222497445292873,52.34690700671116,30.222502679983428,52.34690398446115,-52.34690700671116,0.0,14039616.58140135,24399555.905084983,0.4041131125877185,0.40955886662291735,1.0808078515500268,1.3809670054980059,1.585143102855883,3.9235768922198715,9883071.840547364,24.410770785255423,5.358789331235857,0.34288595377460995,-0.024957059156093357,20.94830295059654,0.49525798644617836,555032335.2391088,25.94989803776853,26840.200096427532,24496507.87581603,-7.924927160684473e-07,-4.2007377885724246e-08,-18.10398652596717,25.96309689253333,159.76503284237424,159.77187308415316,109.7557960298704,69321.02646196123,78607929.31449267,1.204677313938297,0.37941587058719,1.3609033024003205,3.320929868458171,0.37430108935242995,1.1803941499764068,3.2840459575618364,0.5730437440658017,5.374452454574487,-6.574999999999999,0.48775,0.24625,0.8090625,1.06075,0.8089999999999999,1.2029999999999998
11.82105,0.7284999999999999,11.545,6.29,238.84375000000003,0.09761822529308414,-23.11,19.9325,48.395,-48.395,1.737280336791848e-07,24.197497954585966,41.91130059706819,24.19750214571591,41.91129817731819,-41.91130059706819,0.0,13160227.614422629,21285830.177315332,0.4075778028486858,0.41249050075381904,1.116620387524877,1.425793106849556,1.6252570624821245,3.9368956087090132,9541347.033062272,17.120465681123754,11.506375687336623,0.3474658213890693,-0.019090345255344886,21.311186818625124,0.4685725068502673,725126696.0147594,36.89606463129527,23909.769890722866,21382827.420738503,-6.639874068691483e-07,-3.7837935565362093e-08,-17.16503385929917,36.910987150243294,116.4701581049566,116.4710652424088,80.2194868419232,67333.52886774899,77332832.20105776,1.0914089861636402,0.3820657057589379,1.3967732287792076,3.3310120481600545,0.3774597021777909,1.2198094185884742,3.292689677605947,0.5493761810642641,5.403695895816789,-5.975,0.61825,0.30925,0.9315625000000001,0.33625,1.049,1.147
7.93605,1.0795000000000001,12.215,9.95,238.91875000000002,0.09760194855620659,-21.29,20.5975,51.345,-51.345,1.8431792311721756e-07,25.672497829904252,44.466075610217295,25.67250227651169,44.46607304296729,-44.466075610217295,0.0,12064729.80142502,12290488.636255605,0.40748470118164926,0.41240222037895147,1.1162261216346685,1.4252953200748046,1.6248127893908155,3.9367383571866714,9093196.512378674,19.207145432183136,7.489180042959279,0.3178958586201931,-0.01574999979163132,14.023129732887549,0.5856771940866247,660857341.1678243,26.862565188930773,15114.884782042313,12387478.571945589,-8.200248329548847e-07,-6.386614361914301e-08,-13.93166907645795,26.875359054581228,100.00326733079804,100.00948634723568,74.42824650648672,67354.67245917679,77346853.95651461,1.093066358336472,0.3820372223919016,1.3963818849076766,3.3308994811856807,0.37742598505159236,1.2193779893727716,3.292592872209916,0.5499712287957712,5.403378931817428,-10.774999999999999,0.36175,0.48775,0.8571875,0.78425,0.737,1.097
9.37105,0.8495,13.245000000000001,9.49,235.73125,0.09830006384657095,-17.03,9.9925,52.245,-52.245,1.87548736844075e-07,26.122497791865765,45.24549849558482,26.12250231641549,45.24549588333481,-45.24549849558482,0.0,10741935.23796364,13918450.920433924,0.4090254279398721,0.4137110792508967,1.1331075706016411,1.4463479009720677,1.6434934289641594,3.9432093899224188,8612173.881445508,20.014794640714975,6.417009556943951,0.5489690682459974,-0.013923474891894562,14.48473297207341,0.8871520536770287,701340194.0137725,22.116387905486214,16701.97103313202,14015442.27831959,-7.918816620120511e-07,-4.632329890572519e-08,-13.05068037308962,22.12640756440179,104.44527177487754,104.45128095348468,75.21086070135432,66456.0698234957,76742203.74316865,1.0238154072737315,0.38324592803971735,1.4131329389951848,3.3357686297519393,0.3788551162072096,1.2379389633043414,3.2967991791502995,0.5247105567291986,5.416852485744492,-5.525,0.49675,0.13075,0.9609375,0.22425,1.2610000000000001,0.7909999999999999
8.56605,0.9285000000000001,13.155000000000001,8.01,244.20625,0.09649576031870667,-22.35,14.157499999999999,46.195,-46.195,1.6583048901353325e-07,23.097498047568937,40.00604465505868,23.09750204817329,40.00604234530868,-40.00604465505868,0.0,11522431.78360537,14262985.828043792,0.4050204026153819,0.41033707257543633,1.0892134166731782,1.3914953343900083,1.5946311592196047,3.9266515905957116,8951599.11442025,16.753897755690232,7.53189006227479,0.30432918782170315,-0.012390433046800365,14.481237785419154,0.6155074156524023,660355318.3292011,27.08059668188691,17088.941246020167,14359991.674048094,-7.128240019570435e-07,-5.0433603376910235e-08,-16.53338795179011,27.094403312802893,95.3576711995905,95.35942294604072,69.42083350905054,68845.29565483594,78310486.61262794,1.1790136204159876,0.38002322601031324,1.369359513550143,3.3232457224817766,0.37503356933573784,1.1896225167128256,3.2860166199510488,0.5686972119128613,5.381016557202099,-15.625,0.47725000000000006,0.33175,0.9284375,1.02575,1.143,1.363
12.76605,1.0145,11.425,6.89,243.49375000000003,0.09663920676663958,-21.05,15.8025,45.095,-45.095,1.618817166807075e-07,22.54749809406042,39.05341668405393,22.54750199940198,39.05341442930392,-39.05341668405393,0.0,12499799.936740559,21912216.961976327,0.4054573521449389,0.410720861669233,1.0927990242042973,1.3959914010716348,1.5986754509792347,3.927987028904441,9285165.50852044,14.71027932296329,16.30021423927156,0.40679316788635006,-0.02003029418250111,21.832088449839393,0.5515365873743807,950110291.8847256,43.885590282943895,24575.083481944184,22009232.228053927,-6.038001792284192e-07,-3.074693090410602e-08,-16.170534696358665,43.900777040560996,108.45294332098247,108.45395665531923,71.41289022113043,68644.43153627194,78183694.52196121,1.1682855717163583,0.38029188103311834,1.3729622993450459,3.324248799496699,0.37535406353300765,1.1935615071369916,3.2868728474141817,0.566914105945816,5.3839765054601685,-5.225,0.6497499999999999,0.11575,0.8690625000000001,0.36075,1.2970000000000002,1.213
10.75355,0.7324999999999999,11.245,11.75,249.30625,0.09550027657573434,-23.05,20.177500000000002,55.495000000000005,-55.495000000000005,1.9921556419106025e-07,27.74749765450456,48.060081137189776,27.747502460512543,48.06007836243977,-48.060081137189776,0.0,13245286.4869903,18722831.668540813,0.40258095309251596,0.4082988252651445,1.0641752037184076,1.360137469344321,1.5663045095571486,3.9176702033423734,9539759.003098164,20.890579145635737,6.976240077001818,0.2934491165625005,-0.020236034379399068,18.074495002219983,0.44872890785509884,565959078.5301784,29.862688349204152,21354.83400466765,18819802.056494094,-8.102881411787582e-07,-4.777938467193021e-08,-16.553335436313766,29.880410722825243,130.10431068529132,130.11064661581386,91.20109883213952,70283.05987192564,79196116.55297494,1.2411161508590436,0.37819227808836775,1.3440874538569603,3.3163975706009694,0.3728187986780979,1.1621097342673146,3.280201121557572,0.5708513707042453,5.361306655701148,-6.924999999999999,0.60925,0.36924999999999997,0.8971875,0.8962500000000001,1.039,1.457
7.65605,0.9805,10.955,11.61,245.18125,0.09629998910603485,-18.73,9.5375,55.644999999999996,-55.644999999999996,1.9975403314553648e-07,27.82249764816481,48.18998495141769,27.82250246716317,48.189982169167685,-48.18998495141769,0.0,10020647.287607972,10569928.503594764,0.40452363992320645,0.4099153579194199,1.0843459519891552,1.3854026587020065,1.5891473745270175,3.9248809226498698,8225988.562532957,21.11813785809609,7.523347287381069,0.3392552266437745,-0.020568399204739646,14.147256872703155,0.5280454291509247,636257315.1225804,27.08673413004965,13406.015484559248,10666903.158912519,-8.224817873448264e-07,-5.299523369479268e-08,-14.206154620668508,27.10195106020681,102.29572967502757,102.30204324491964,72.50564668006467,69120.16234339721,78482937.00912033,1.1937923680390319,0.37967244501701863,1.3644657590970493,3.3219025033511476,0.37461064087703677,1.1842756900143263,3.2848724910486924,0.5711609773200015,5.37722385082049,-3.174999999999997,0.58075,0.35724999999999996,0.8046875,0.14375,1.2029999999999998,0.817
7.62105,1.0825,12.135,11.39,243.26875,0.09668523595166152,-21.91,13.0025,43.545,-43.545,1.56317537484453e-07,21.77249815957115,37.711077270365415,21.772501930678775,37.71107509311541,-37.711077270365415,0.0,10593435.464669492,11251537.650082689,0.40554573135273936,0.4107920155522155,1.093931597824038,1.3974093760232005,1.599946736648685,3.9284081683096703,8523560.161296945,15.484113932097205,12.107361104470364,0.26388845935843963,-0.012893768486530984,12.854414535851367,0.4918087902915997,803628183.9224144,34.5382143320042,14183.925365609086,11348556.684349265,-7.380819006596887e-07,-5.1582636492770876e-08,-15.892790695422882,34.547192515456324,81.66081773948258,81.66292878463545,58.827079639151954,68581.00076198856,78143437.87348972,1.164909745244631,0.38037284066081495,1.374098671797466,3.3245634012097933,0.3754515405641447,1.194808215860488,3.287141779470508,0.5663454430773839,5.384853630866673,-5.125,0.31825000000000003,0.6872499999999999,0.9509375,0.63725,1.347,1.403
8.77605,0.7945,11.595,13.65,235.39375,0.09837478568333737,-16.009999999999998,10.1325,56.144999999999996,-56.144999999999996,2.0154892966045727e-07,28.072497627032316,48.62299766551076,28.072502489331946,48.62299485826075,-48.62299766551076,0.0,10449659.932964755,12526881.367139008,0.4091816050880578,0.4138428961339944,1.1349161546126638,1.4486055054810836,1.6454850489983648,3.9439132660185843,8430710.10058951,21.997248879959407,6.890841559562162,0.4217566356982209,-0.01672245667537514,14.216195842179705,0.6009421105138611,658088747.3207278,24.329445675526916,15312.558510778737,12623860.734463476,-8.15971010290057e-07,-4.7027054924574174e-08,-12.034713104799087,24.34015096442262,107.90654272292565,107.91247113580023,74.54022300708041,66360.92366207065,76677056.80234644,1.0166270234198265,0.38337366850909493,1.4149207458176454,3.3362945287447943,0.3790059566190455,1.2399314768798704,3.297255850832316,0.5220686606828209,5.418279000620895,-12.175,0.19975,0.60025,0.7653125,1.33725,1.175,1.347
8.91605,0.7124999999999999,13.585,8.33,239.59375,0.09745611843521634,-20.11,12.5825,47.295,-47.295,1.6977926134635905e-07,23.64749800107745,40.95867262606344,23.6475020969446,40.95867026131343,-40.95867262606344,0.0,11312529.586975906,14617044.19726195,0.40722970313300405,0.4121978666444399,1.1126989065055668,1.4209112983714844,1.6208985214536442,3.935420199983781,8890417.649360005,17.354916669897932,6.918057091468682,0.3920537248516016,-0.011669605761318924,14.36114967594201,0.7190030488723137,678419312.332211,24.465365828325517,17427.043055889488,14714049.973915316,-7.136000855837734e-07,-4.766058748541261e-08,-15.08852692441346,24.476800972744154,97.00951791906988,97.01116587003459,69.9623785548901,67544.96478202686,77472749.95467632,1.1080424960659792,0.3817807965943127,1.392865910945758,3.329890660411602,0.3771223535234707,1.2155065643718708,3.2917262213454874,0.5553361336272392,5.400526573783277,-1.8250000000000028,0.40674999999999994,0.62125,0.7903125,1.10975,1.107,0.745
12.346050000000002,0.8895,10.515,12.75,243.64375,0.09660861112874902,-18.35,13.387500000000001,60.595,-60.595,2.1752350864325246e-07,30.297497438953126,52.47681082093908,30.29750268663406,52.476807791189074,-52.47681082093908,0.0,12996630.13730835,24128029.848774128,0.4051620108291384,0.41043354068139165,1.0920396870600961,1.3950090389678316,1.5977926423387803,3.927653421809647,9424121.227515453,23.567280167404295,7.557415081198327,0.5362342164535472,-0.024165395116704104,21.71297189508524,0.6595127919729279,676244422.1568749,31.001045813084946,26596.000820329766,24224991.021525137,-8.416548024554282e-07,-3.5437289745948007e-08,-14.227759970684229,31.015865810563962,153.62975203412626,153.63630949813145,105.55721841826387,68686.71871912753,78210481.39921157,1.170539513638526,0.3802379011051101,1.3722053720863971,3.324039499409722,0.3752890595862812,1.1927315857805643,3.2866940242011227,0.5672932175955686,5.38339182619652,-0.5249999999999986,0.20725,0.12325,0.8121875,0.7072499999999999,1.061,1.475
11.45355,0.8925000000000001,11.945,10.45,243.53125000000003,0.09663155040279837,-17.43,15.6275,42.195,-42.195,1.514713168941668e-07,21.097498216628882,36.54194294231413,21.097501870823077,36.54194083256412,-36.54194294231413,0.0,11439257.933978938,15671616.689981148,0.40566427209714545,0.4109343945918212,1.092615373763976,1.3957940442463048,1.5985004217068466,3.9279792488610377,8875804.501629805,13.197702224137204,17.471620760387214,0.34410683259266855,-0.01571313769065865,16.69784459373973,0.4550868042930745,959007758.1430402,42.28583520098066,18550.877925966128,15768656.547878275,-5.553408754861952e-07,-3.394173797561915e-08,-12.602720036949423,42.26663639210071,85.28807351786817,85.28934104037822,53.24079386214871,68655.00333198583,78190395.59086657,1.1688487520661435,0.3802783832855984,1.3727730264615003,3.324196441217964,0.3753378111889989,1.1933539495598307,3.286828106729397,0.5670088837222501,5.383830276375636,-7.074999999999999,0.27625,0.33475,0.8846875000000001,1.47725,0.883,1.325
8.26855,0.9135,11.215,10.79,236.66875000000002,0.09809767210438082,-23.91,16.362499999999997,48.945,-48.945,1.7570241984559768e-07,24.47249793134022,42.38761458257056,24.472502170101563,42.38761213532056,-42.38761458257056,0.0,11426063.336533898,12566974.763018385,0.4086078597254655,0.41336184964928074,1.12810572677344,1.4401113346496788,1.6379806402795,3.941287205651044,8790507.429585934,18.188693054850898,11.036542132137422,0.2373777202622784,-0.017784150140567237,14.824984320907822,0.392513245593752,717386909.6826193,34.01960195887921,15384.294393294369,12663965.893089872,-7.80286564480729e-07,-5.3837341455880855e-08,-17.167691216879554,34.03146868735404,97.5762025767963,97.57794671320563,70.60351807087153,66720.36471634307,76921475.0293153,1.0439270464808448,0.3828908947861539,1.4081810880311667,3.334318352879977,0.37843567441322373,1.2324317689802158,3.2955422189555144,0.5320637375590545,5.412890478859117,-17.375,0.38425,0.6572499999999999,0.8790625,1.28125,1.135,1.353
7.14855,1.0845,12.575,12.45,246.64375,0.0960122869064408,-22.91,10.8675,43.795,-43.795,1.572149857419134e-07,21.897498149004903,37.92758362741195,21.897501941763164,37.92758143766194,-37.92758362741195,0.0,10575453.183301486,12190415.631333992,0.4039318580380592,0.4094394098686967,1.0771123640706601,1.376369115972512,1.5809911027182517,3.922297460536014,8555558.03046134,15.973680700724262,9.500473399406872,0.2692929201188939,-0.011137952499553959,12.423926932048364,0.5293063091956929,714578669.1379089,30.82504680149556,15091.581390836169,12287429.578075275,-7.705114957851289e-07,-5.1821478634325377e-08,-17.124247292409432,30.839491596946058,86.99566292429967,86.99774206706734,63.77037363673316,69532.46237623913,78738595.8799908,1.2141543044561087,0.3791389392452706,1.3571693758443726,3.3199097582592287,0.37396830830537386,1.1763292713459652,3.2831788976101004,0.5735730840778734,5.371436234841646,-18.275,0.67075,0.6632499999999999,0.9390625,0.64425,1.255,1.083
13.466050000000001,1.0925,10.565,8.57,236.63125000000002,0.098105656377171,-22.15,14.4375,55.345,-55.345,1.98677095236584e-07,27.672497660844307,47.93017732296185,27.672502453861906,47.930174555711844,-47.93017732296185,0.0,13667979.853919014,28372409.212439265,0.4085594233067365,0.41330951582859027,1.128303713094712,1.4403469421421764,1.6381880120944698,3.941337608589298,9698145.987085726,20.976622839145346,10.08258428305137,0.4935131980412631,-0.02573442028380511,25.83170544354443,0.6246214969125897,764670116.9607668,36.2391085606786,30749.733102265367,28469379.46688862,-7.089190704332864e-07,-3.0568930337274886e-08,-17.562096771046196,36.25321636013192,152.71487787807996,152.72157331577395,101.50258494947879,66709.79292062917,76914310.70911668,1.0431185661251439,0.3829051079050397,1.4083787840012711,3.3343760785197385,0.3784524696717616,1.2326512714819289,3.295592176001061,0.5317690530836809,5.413049029205072,-16.325,0.45625000000000004,0.59575,0.9815625,0.9662499999999999,1.149,0.947
8.12855,0.7705,11.145,12.71,246.90625000000003,0.09596065289910852,-16.17,20.5625,52.745000000000005,-52.745000000000005,1.8934363335899583e-07,26.372497770733276,45.67851120967789,26.37250233858427,45.67850857242789,-45.67851120967789,0.0,11283873.293669121,10234258.153621944,0.4037666375658542,0.4092943943084103,1.0758275930027992,1.3747508323412378,1.5795340826210253,3.9218317234414637,8759331.242314216,18.555899988516234,8.993492070301794,0.3550740708845116,-0.015933637234494456,13.62244670637526,0.48951197558126625,687925839.5767589,29.97378417998289,13138.524349982763,10331254.857278462,-8.145166388078829e-07,-5.980242799633061e-08,-9.669894522149608,29.990162591358427,91.96960410225817,91.97557837188005,64.9410157211045,69606.46494623636,78784229.45536682,1.2167846790821841,0.37904808684331753,1.3558748741812274,3.3195613349067314,0.37385746860560415,1.1749152148382882,3.2828825078664936,0.573264679299064,5.370473192263975,-15.075,0.59575,0.12025000000000001,0.7740625,0.98025,1.291,0.987
11.66355,0.9575,13.125,7.45,241.58124999999998,0.09703473558839998,-17.189999999999998,17.587500000000002,48.144999999999996,-48.144999999999996,1.728305854217244e-07,24.07249796515221,41.69479424002165,24.072502134631517,41.69479183277164,-41.69479424002165,0.0,12386797.166144302,18315757.778570846,0.4062969510911831,0.41141352835518064,1.102489145053408,1.4081185380671868,1.6095233821310668,3.9315530255959734,9289957.59556659,17.06028287468902,7.432025260313839,0.3733521813334484,-0.012396322012205602,17.47065360419798,0.5847080699683023,653931886.8954923,26.592205911030558,21055.171037349133,18412769.836128537,-6.331357713359904e-07,-3.976799349631373e-08,-12.227049414912852,26.60490192950305,104.1304225664702,104.13147968551087,69.02523094076285,68105.2699548633,77838438.95688303,1.1397883948904108,0.3809923886573959,1.382672241525301,3.3269608179799324,0.3761936409172841,1.2042349198184994,3.289196463176426,0.5621140960409633,5.391626968761054,-3.3249999999999993,0.33625000000000005,0.57325,0.9978125,0.95575,1.371,1.183
8.96855,0.9995,12.945,13.77,239.93125,0.09738367995490134,-23.79,7.6475,59.845,-59.845,2.1483116387087124e-07,29.922497470651866,51.82729174979948,29.922502653380896,51.82728875754947,-51.82729174979948,0.0,12075333.870323349,19194391.388981443,0.4069104687330992,0.4119010661436426,1.1109376637025183,1.4186948633327787,1.618914701318598,3.934714543330868,9156774.117167063,25.420615118404406,6.462260967691887,0.5921318707291139,-0.01868947762197385,15.138266764332988,0.9371074651079908,644141281.5085142,20.80436234339072,21746.28373835711,19291340.80374354,-9.528958876273338e-07,-4.981550468476676e-08,-19.198777823788234,20.814300411972738,148.52590841382133,148.53284323043098,111.65616532915097,67640.11094345192,77535453.48214737,1.115550450486343,0.38165267669937003,1.3911124081189852,3.3293893124231513,0.37697054949334985,1.2135786009297111,3.2912960829760967,0.5579412324360633,5.3991032512366095,-17.875,0.42174999999999996,0.36024999999999996,0.9021875,1.2497500000000001,1.429,1.349
12.36355,1.0325000000000002,13.865,6.07,245.29375,0.09627749147530057,-21.09,14.717500000000001,59.195,-59.195,2.124977984014742e-07,29.597497498124106,51.26437522147849,29.597502624561486,51.26437226172848,-51.26437522147849,0.0,13982451.312796932,26577897.92398894,0.4043784728988784,0.4097771775509956,1.0837846435692884,1.3846849196894573,1.5884991820483414,3.924643885831141,9958944.19367755,23.738939502440413,7.228170722539497,0.6236073403078932,-0.019379233133735494,19.968069217117662,1.0005021611424572,690476012.1092759,20.771543628010775,28985.9801080802,26674858.112174135,-7.855657573172991e-07,-4.2386626237849976e-08,-16.332217721426627,20.780621127185118,160.6683250970168,160.67523545308143,113.65630957535379,69151.87773053888,78502808.66890821,1.1955053076357738,0.37963195652854825,1.3639025278791652,3.3217484439945397,0.37456180107352527,1.1836613920899264,3.2847414619289297,0.5714441926328483,5.376786509023952,-13.174999999999999,0.11725000000000001,0.6317499999999999,0.8390625,0.30125,0.855,0.8049999999999999
13.09855,0.8375,11.535,11.23,237.90625,0.09782340762243051,-20.73,10.4475,49.345,-49.345,1.7713833705753433e-07,24.672497914434228,42.73402475384502,24.67250218783658,42.734022286595014,-42.73402475384502,0.0,12801580.891744258,26000541.460341502,0.4080310506079191,0.4128750757125247,1.1215501636556506,1.4319370796152233,1.630727674611533,3.938769281449477,9433130.3018292,18.01251495977343,10.00911335327327,0.3987982872684445,-0.015892973382278984,21.57792157570534,0.521157475441903,716595870.3606528,34.30474172044474,28500.33209492529,26097535.744196292,-6.640985934940924e-07,-2.8241234120921378e-08,-16.763784867259425,34.31886998602115,129.21919246634505,129.21986677917644,85.27289330542378,67069.2339749016,77156621.69322826,1.0708049323075985,0.38242155355095664,1.4016763979504685,3.3324271671632455,0.3778807812750702,1.225223717059089,3.293908407996441,0.5419510199335192,5.407657842334325,-7.574999999999999,0.50125,0.39925,0.8496875,0.73175,0.719,0.9209999999999999
9.72105,1.0165000000000002,12.685,12.33,242.70624999999998,0.09680115931688729,-16.39,7.8225,52.345,-52.345,1.8790771614705915e-07,26.172497787639266,45.33210103840344,26.172502320849244,45.332098421153425,-45.33210103840344,0.0,10479800.30167403,14254806.275634935,0.4056981736492768,0.41089928760177774,1.0967685784656658,1.4009458034059623,1.6031113726204484,3.929417146867126,8499631.599725887,19.48213672815615,6.44248518783005,0.44202553340219386,-0.013555108191737579,14.491532651521487,0.6837865959110956,669899345.3336501,23.529315425540737,17041.13711742728,14351797.700259237,-7.767232165842763e-07,-4.196682619509467e-08,-12.877045845059556,23.54161712147297,103.92913012276631,103.93503781900323,71.57840292875103,68422.42382628014,78042286.41360253,1.1564969997623495,0.38057524685746946,1.376944928388317,3.3253534269811036,0.3756951386489884,1.197934672247452,3.287817849975801,0.5649237826990793,5.387047896709509,-18.125,0.32275,0.38725,0.8103125,1.3477500000000002,0.919,0.707
10.99855,1.0015,11.735,12.61,241.80625,0.09698740952073488,-18.810000000000002,18.9175,59.245000000000005,-59.245000000000005,2.126772880529663e-07,29.62249749601086,51.3076764928878,29.622502626778367,51.30767353063779,-51.3076764928878,0.0,13228002.400811907,19270756.92425787,0.40602972153696837,0.41116093146811833,1.1013398850773137,1.4066548764650009,1.608217005724781,3.9310860719648337,9541762.038050406,23.259249029918966,5.8191395626366855,0.39561378281015885,-0.01969466261383231,17.737965262014917,0.5514548695227723,596449333.1975484,25.13408562790444,21869.269354339463,19367723.760299735,-8.415409542667072e-07,-4.7043359880385715e-08,-13.289541598409931,25.146754370682945,136.52533036453735,136.53159116137851,94.76933187335341,68168.70072914667,77879433.12318294,1.1431185966343391,0.3809114292321531,1.3815268162918068,3.3266401459942108,0.37609633389228586,1.2029715242592829,3.2889210428983287,0.5626828370817791,5.390747545251104,-14.625,0.45775,0.10225000000000001,0.9671875,1.30925,0.815,1.309
13.553550000000001,0.7635,11.985,11.45,248.03125,0.09574175298894896,-17.23,15.592500000000001,48.345,-48.345,1.735485440276927e-07,24.172497956699214,41.86799932565888,24.17250214349903,41.86799690840887,-41.86799932565888,0.0,13284485.703332882,25974029.717151884,0.40329161239776223,0.4089092768703367,1.0703439640762658,1.367879899982172,1.5733258993140449,3.9198752370740992,9674919.40292269,16.39225084469986,9.825398417832034,0.49027152990635947,-0.013210149489488112,21.094999819390992,0.5809542521579847,738805944.8225645,33.90195824697088,28530.69005195295,26071039.724141512,-6.345331552454594e-07,-2.8526636414164563e-08,-12.994316824497355,33.92024131831775,121.4137567801046,121.41447128565378,78.04426635705963,69923.61881765322,78979396.3686847,1.2281541791361996,0.3786461534200822,1.3503321277606326,3.3180671631112806,0.37337018641004205,1.168882153538256,3.281614016099323,0.5721190045686214,5.366160334982596,-13.625,0.41125,0.33625000000000005,0.9165625,0.13675,0.733,1.051
8.11105,1.0495,13.935,6.65,237.45625,0.09792313479523546,-17.83,18.567500000000003,55.045,-55.045,1.9760015732763153e-07,27.5224976735238,47.670369694506014,27.52250244056064,47.670366942256,-47.670369694506014,0.0,12110368.616761578,13453736.787162103,0.408143053594832,0.4129529370019735,1.1239256761552554,1.4348850455262396,1.6333458550201918,3.939656621330758,9205887.512066849,21.152179450745237,6.443468067743506,0.7891247041982028,-0.015104967380193719,13.98170017496379,1.1679516554276401,798727536.3492955,19.74693358901466,16229.728688266676,13550719.901300685,-8.295967349848873e-07,-6.465501495231675e-08,-11.86732403850717,19.756740438865037,108.25175840581225,108.25808529574157,81.63878707159338,66942.37242633486,77071338.12434176,1.0609890556723158,0.3825923429181523,1.4040375787100978,3.333111873584856,0.37808274886145726,1.2278367533351933,3.2944992416653887,0.5383158072443323,5.409561090668489,-5.074999999999999,0.45325000000000004,0.50725,0.8640625,0.10525000000000001,1.067,1.075
8.636050000000001,0.9765,12.645,13.07,243.08125,0.09672375145022472,-19.29,20.7025,55.144999999999996,-55.144999999999996,1.9795913663061566e-07,27.572497669297302,47.75697223732462,27.57250244499439,47.756969480074616,-47.75697223732462,0.0,12781674.49827652,14535295.209958311,0.40544590967887717,0.41067459331730444,1.0948728418851597,1.3985602290623937,1.600975794420112,3.928701249118157,9429926.949285325,20.932335821136416,5.878725263756936,0.42915094317267655,-0.01486172722623066,14.015360419976533,0.6704950231987374,637361486.9302557,23.371863805280537,17286.592386588432,14632275.618047364,-8.627242940745765e-07,-6.09417691857411e-08,-12.515721346069217,23.385032165703837,113.94250001392152,113.94871752055056,83.64198386956863,68528.14178341908,78109793.92690767,1.1621012867468576,0.38044030708822957,1.375046556793928,3.3248261772705585,0.3755327534610021,1.1958488064044108,3.2873665362858704,0.5658715612535855,5.385584811650633,-12.424999999999999,0.63325,0.58525,0.9846874999999999,0.98375,0.7629999999999999,1.331
6.81605,0.9095,10.925,6.09,248.59375,0.09563426799090609,-16.13,15.487499999999999,56.394999999999996,-56.394999999999996,2.0244637791791767e-07,28.19749761646607,48.83950402255729,28.197502500416334,48.839501202807284,-48.83950402255729,0.0,9846633.7404477,7653409.298694542,0.40295580735486347,0.40861774682838997,1.0676184007112797,1.3644561504197585,1.5702281794120205,3.9189102604908093,8146180.011339925,20.56136844060362,7.750563169677475,0.40336308169954627,-0.024882836293684114,14.273799565402886,0.5701544485359786,665641489.1628125,26.504572905612203,10581.353840113692,7750390.0378391,-8.626532630171184e-07,-7.091829510251968e-08,-10.643768581668109,26.52128002758666,88.63105160406892,88.63828845642699,66.38942171351951,70082.19575336164,79075238.11808933,1.2338519966824153,0.37845128875354633,1.3475776726401922,3.3173329044324418,0.37313210752249654,1.1658883979535457,3.280992092468806,0.5715545537516805,5.36409872580481,-3.875,0.5702499999999999,0.59275,0.8703125,0.35024999999999995,1.249,0.955
8.00605,0.8315,12.035,13.35,249.98125,0.09537367323246242,-19.45,14.8575,43.745,-43.745,1.570354960904213e-07,21.87249815111815,37.88428235600264,21.872501939546282,37.88428016875263,-37.88428235600264,0.0,10723854.006378649,11086612.00098617,0.4024951789713803,0.40827204699998804,1.0609401139136763,1.35612180271091,1.562656841738258,3.9166057797602964,8598894.52526723,14.840899976743385,12.462682060520557,0.28834962275932846,-0.011884413439313716,12.523266377699489,0.49411653276989914,792854592.060667,35.655374020882434,14049.998865899484,11183637.690228878,-7.279126588959998e-07,-5.00469583138785e-08,-13.48689237889196,35.66622029784557,80.78948205020119,80.79145628639361,56.73651761251614,70473.35219477577,79309791.91227596,1.2480012882938225,0.37795842134257135,1.340802917845812,3.3155292940578853,0.37253266922581274,1.1585547207707818,3.279468273434303,0.5701878862148855,5.358838076357213,-3.125,0.37525,0.19675,0.9178125,0.38175000000000003,1.465,1.179
7.81355,0.8765000000000001,10.675,9.690000000000001,247.16875,0.09590953364088782,-22.81,20.9475,58.445,-58.445,2.09805453629093e-07,29.222497529822846,50.61485615033888,29.222502591308324,50.614853228088876,-50.61485615033888,0.0,11968531.89096538,11978672.301424818,0.40354632633126536,0.4090931668453518,1.0745437457872595,1.3731239213628241,1.5780671552879697,3.9213432529953396,8983805.105821759,22.595100232471896,7.177649590500743,0.2990651147720198,-0.026557194236968014,15.826808636163651,0.4525902169463391,588998726.6296918,28.70670201524904,14749.193741664005,12075633.897317091,-8.8849896154258e-07,-6.597979988224017e-08,-15.35222924705541,28.72400650757523,115.18582014992006,115.19241051523522,85.60857137974884,69680.46751623362,78829501.49203938,1.2194265312085715,0.3789571515054146,1.3545817448540678,3.3192138157861373,0.37374652080040444,1.1735040194324216,3.282587128591988,0.5729965687654469,5.369509018480574,-11.475,0.5597500000000001,0.61525,0.8265625,0.15775,1.029,1.343
9.09105,0.7975,14.195,10.31,246.68125,0.09600490575778058,-16.41,17.0275,43.945,-43.945,1.5775345469638962e-07,21.972498142665156,38.05748744163987,21.972501948413793,38.057485244389866,-38.05748744163987,0.0,11415524.138188215,12383309.335690618,0.4039451356658666,0.40945618850579,1.0769295217569916,1.3761436770857212,1.580788400517004,3.922238877517045,8974310.071325732,15.111224630316007,7.731132030474132,0.4288836715865282,-0.008183900612790772,12.540997105360324,0.728511534127314,730425600.5323391,25.351568810035463,15332.507594068711,12480343.485538475,-7.117015827479423e-07,-5.277839108310918e-08,-10.753113980023215,25.364695510520335,81.63432014387259,81.63632890466556,58.598119983814065,69543.03417195298,78745117.10025775,1.2145306644468912,0.3791259518991156,1.356984344502665,3.3198599143336276,0.37395246736447696,1.1761270594251518,3.283136480318354,0.573534393650351,5.371298437389498,-12.075,0.56125,0.47425000000000006,0.9328125,0.31525000000000003,1.4769999999999999,1.115
9.68605,1.1085000000000003,14.385,11.17,247.91875000000002,0.09576332430978517,-16.27,9.2925,52.445,-52.445,1.8826669545004333e-07,26.222497783412766,45.41870358122205,26.222502325283,45.418700958972046,-45.41870358122205,0.0,11127953.522512509,15531413.653312108,0.4032429586296423,0.4088500260507193,1.0708876367390625,1.3685482332282355,1.5739296121122395,3.920046599889982,8860960.654121801,19.480889191749384,6.088500062374684,0.764197841560065,-0.011541657793186038,13.76527247658635,1.1845775321460088,780931266.6477498,19.91130551158514,18295.7869147117,15628405.702074695,-8.108459857766404e-07,-4.655691460316774e-08,-12.497234021624381,19.924165881885525,109.83976726497555,109.84590688221056,79.51811174570038,69891.90343051155,78960193.90948467,1.2270165264505455,0.3786851269894359,1.3508838989641194,3.3182145638970932,0.37341778567801753,1.1694825199690797,3.2817389830460337,0.5722324474689701,5.366572907930494,-10.225,0.44575,0.43225,0.9040625,0.59525,1.395,1.3050000000000002
7.02605,1.0505,13.925,10.69,239.48125,0.0974805351959111,-23.55,16.502499999999998,57.145,-57.145,2.0513872269029892e-07,28.57249758476733,49.48902309369691,28.572502533669503,49.4890202364469,-49.48902309369691,0.0,12645118.520272497,15411833.155020613,0.40712366042441317,0.4120810583445124,1.1132825651341616,1.4216148168421736,1.6215256206080813,3.935597756434595,9431656.173210938,23.13374236023904,5.846639868105049,0.7514889477087405,-0.01633951331377631,13.232957481021595,1.1641201972983166,759451558.5076998,19.68326516496475,18088.42267407687,15508795.274201138,-9.831875762336284e-07,-7.206584589435956e-08,-16.66282799371993,19.69313929638976,126.25153329172318,126.2585047224901,100.39731581331287,67513.24939488518,77451650.37108393,1.1055391798460275,0.381823549053801,1.3934511340527722,3.330058265848188,0.3771729861585108,1.2161503734977286,3.2918700945979045,0.5544388305633652,5.401002045583285,-4.975000000000001,0.56875,0.46075,0.8065625,0.41325,1.217,0.7929999999999999
7.70855,0.8865000000000001,13.175,9.530000000000001,235.28125000000003,0.09839987190483925,-21.27,18.3225,50.595,-50.595,1.8162557834483634e-07,25.29749786160299,43.816556539077695,25.297502243258524,43.81655400932768,-43.816556539077695,0.0,11939364.61209246,12901844.053691892,0.40920159329122874,0.41385430697407927,1.1355195501507032,1.4493533849780114,1.6461437927657852,3.944138029244389,9094778.441014681,19.298347748803728,6.747061709702127,0.43204615627421206,-0.0136652805175295,13.365078340753595,0.7620451082320848,687343572.3033676,23.80853381753744,15710.722752889666,12998835.890525091,-8.353007257180893e-07,-6.380438349586101e-08,-14.418048704129053,23.819189287618876,101.06499156035977,101.07130159001343,76.79448176862812,66329.20827492897,76655282.90650629,1.014237060127099,0.38341623279863457,1.4155172926748576,3.336470274416641,0.37905621058947664,1.2405968133927345,3.297408562613958,0.5211893015922326,5.418754416448073,-16.625,0.39474999999999993,0.6497499999999999,0.8003125,0.45175,1.195,1.449
7.20105,0.7134999999999999,13.344999999999999,7.890000000000001,245.74375,0.09618841278485109,-23.97,17.552500000000002,60.695,-60.695,2.1788248794623664e-07,30.347497434726627,52.5634133637577,30.347502691067817,52.56341032900769,-52.5634133637577,0.0,12497976.740060033,14673862.21444523,0.404142598220444,0.4095759964278295,1.081550079769994,1.3818891081158295,1.5859758257203085,3.923835237272281,9333270.990185278,24.81912827881742,5.469473494627643,0.7080335933550678,-0.021732343388550755,14.261692045274271,1.0715468477771655,714989710.3018074,19.67596447386937,17348.572935170596,14770813.061489753,-1.0048358679146025e-06,-7.46927862748337e-08,-17.033370957709288,19.687316515794816,132.5661686346712,132.5734760172531,106.72470877948994,69278.7392791056,78581664.14484438,1.2023825664287155,0.37946985083256235,1.3616522289526862,3.3211339495300964,0.37436624485867565,1.1812095083097989,3.284219262174634,0.5726643875624517,5.375035065175843,-1.7249999999999979,0.51925,0.66175,0.9215625000000001,0.99425,1.125,0.865
10.08855,1.1075000000000002,12.605,7.33,244.65625000000003,0.09640503750902707,-22.07,15.837500000000002,44.745,-44.745,1.6062528912026292e-07,22.372498108853165,38.75030778418878,22.372501983883836,38.750305546938776,-38.75030778418878,0.0,11828213.707378166,15596442.39488504,0.40488346937822334,0.410236185595904,1.086965203539535,1.3886928802119969,1.5921113749395597,3.925852403033878,9038796.289877128,15.843118475017574,9.883455894286115,0.267870414566235,-0.013352266043980387,16.23258430952107,0.5174952113515926,716522858.6582618,31.98334699429963,18412.513130335512,15693456.674689565,-6.420719222511449e-07,-4.389948519179318e-08,-16.28438300624304,31.997523642935988,94.77980419021833,94.78117912488393,65.98101632011713,68972.15720340268,78390287.68002675,1.1858219285819764,0.37986130443027316,1.3670979848581908,3.322623915568659,0.374838403513724,1.187149619836161,3.285486605660072,0.5698341232283558,5.37926513604308,-6.225000000000001,0.20125,0.17875000000000002,0.7784375,0.5112499999999999,0.837,1.279
7.07855,0.9915,11.135,13.15,243.34375,0.09666987206659373,-20.05,7.3325,61.495000000000005,-61.495000000000005,2.2075432237010993e-07,30.74749740091464,53.25623370630661,30.747502726537864,53.256230631556605,-53.25623370630661,0.0,10197617.078593818,11658450.09933127,0.40530770151464407,0.4105563309064198,1.0935491540927498,1.3969010130486195,1.5994893472551526,3.9282132625934043,8312265.987516819,25.32078293621509,5.7843890875968285,0.4441505959729704,-0.023667525431424745,13.807663074774188,0.6784898642624562,608549756.3762919,23.028955099662262,14406.980836639395,11755402.39621569,-9.424250075971519e-07,-5.6651442728930367e-08,-15.720471576910645,23.04199253474084,120.70365564177011,120.71030332125719,87.34501791224477,68602.14435341638,78156869.12706427,1.16603436722411,0.38034585335669213,1.373719749985695,3.3244584453178616,0.3754190499353201,1.1943923994779566,3.28705204012651,0.5665349967286817,5.3845612083259695,-11.724999999999998,0.53725,0.28825,0.9828125,1.22875,1.303,1.447
11.31355,0.9955,10.685,11.07,235.76874999999998,0.09829181032211362,-19.27,10.9025,50.545,-50.545,1.8144608869334427e-07,25.272497863716243,43.77325526766839,25.27250224104165,43.77325274041838,-43.77325526766839,0.0,11787168.376824941,19633061.728280764,0.40908627600583225,0.4137756222884147,1.1329084920725452,1.446109829238002,1.6432841494016548,3.943148910948742,8962860.949406795,18.01829798076968,12.5927999413577,0.40272646888721214,-0.019189634703168534,20.13037865566164,0.4783954156297778,782527629.0401145,37.37412306805594,22281.98096279378,19730054.897136822,-6.524323827139891e-07,-3.1642014181065876e-08,-15.24284724874749,37.3872576899785,116.34308722951616,116.34892030596467,75.84500091926076,66466.64161920956,76749428.10568547,1.024615720464741,0.38323172899637475,1.4129344549269525,3.335710317092551,0.37883834778458086,1.2377178936981572,3.296748571620792,0.5250041790716825,5.4166939406163435,-16.525,0.58375,0.67675,0.8809374999999999,0.5637500000000001,1.163,0.9169999999999999
7.83105,0.9325000000000001,12.775,7.83,238.43125,0.09770811594755764,-23.47,14.192499999999999,46.045,-46.045,1.6529202005905703e-07,23.022498053908684,39.876140840830764,23.022502041522657,39.876138538580754,-39.876140840830764,0.0,11268689.744848974,13044311.338239893,0.4077822570086403,0.41266496843714956,1.1187858070680108,1.4284934558410518,1.6276638685569045,3.9377242246916864,8817683.366592705,17.048584154029264,8.44148299485975,0.2807122002751884,-0.013458781373084972,14.134988241666822,0.5856432137751155,681559752.4501294,28.375354050618956,15885.38894673724,13141315.007837364,-7.307957904451297e-07,-5.3633879479864666e-08,-17.2817524166381,28.38672058079395,92.29092436492078,92.29287572097752,68.13605338240836,67217.23911489612,77255510.29235105,1.0823173942056739,0.382222318058136,1.3989280235942325,3.331632858434344,0.3776450599031526,1.2221868079635678,3.293223930926102,0.5461061324730309,5.405439098823028,-19.225,0.14875,0.40674999999999994,0.8578125,0.8577499999999999,1.155,0.9610000000000001
9.47605,1.0705,10.525,11.89,235.95625,0.09825064458193439,-21.509999999999998,12.2675,56.645,-56.645,2.0334382617537812e-07,28.322497605899827,49.05601037960383,28.322502511500726,49.05600754735383,-49.05601037960383,0.0,11395875.350312185,14922036.206308551,0.40889023865208857,0.4135917373641358,1.1319035119098757,1.4448412780452866,1.6421627521548776,3.942736225752385,8736603.544502228,22.35691548136957,8.243197568369816,0.299106819973126,-0.023069965398473984,17.041107570027524,0.4044779433763736,611878092.4575089,30.10005709931263,17616.1016644996,15019002.51650659,-8.128229527232299e-07,-4.6358775159641355e-08,-16.4624732252696,30.11250370654305,120.26302900306071,120.26912196198401,82.90265320248064,66519.50059777906,76785548.37058559,1.0286228293675608,0.3831607502460083,1.411942582377933,3.3354191552734025,0.37875451306279134,1.2366135594605738,3.29649596825425,0.5264730070669219,5.415901591672735,-18.475,0.21625,0.27625,0.8259375,1.14825,0.859,1.337
7.95355,0.9315,10.835,9.15,245.51875,0.09623299236163216,-19.77,9.432500000000001,56.195,-56.195,2.0172841931194937e-07,28.097497624919068,48.66629893692007,28.097502491548827,48.666296127170064,-48.66629893692007,0.0,10059842.308843052,10836148.767483354,0.4043583666546296,0.4097762107942682,1.08266833731955,1.3833043559604263,1.5872543833270751,3.924272470980196,8220008.985201864,21.4155661001236,7.5924398155890245,0.333387860188313,-0.024188689091881908,15.387222295743094,0.4912115020632837,621670387.2117949,27.622763501605643,13655.081070589065,10933119.14858135,-8.095573182971403e-07,-5.2540920412011994e-08,-15.241249161725788,27.638375177690182,104.50140128098069,104.5078142077023,74.91366484390214,69215.30850482226,78542192.44125822,1.1989457869009434,0.37955082632706755,1.3627765822677125,3.321440709472945,0.3744639635038187,1.1824343190514595,3.2844798934145603,0.5720953619582345,5.375909334779066,-11.174999999999999,0.40525,0.29425,0.9096875,0.5812499999999999,0.705,0.885
9.16105,0.8275,12.225,10.81,238.39375,0.09771631844609692,-18.53,10.4825,41.895,-41.895,1.5039437898521434e-07,20.94749822930838,36.28213531385829,20.94750185752181,36.28213321910828,-36.28213531385829,0.0,9979039.574020296,11265378.97013399,0.40802613652211345,0.4129095119444072,1.1189875499989548,1.428777564854309,1.6279194540216453,3.937859800165727,8272031.132270101,14.503855946347526,14.52930249454028,0.2745743269262647,-0.012908690127300951,13.475140377291627,0.4990277407474902,867009058.569182,36.74028580457756,14232.658786735174,11362414.417561887,-6.692026414013963e-07,-4.185108214584319e-08,-13.94081906492491,36.73668820505878,76.8049621548336,76.80675699916097,53.207938065290335,67206.66731918223,77248464.35338458,1.0814928951208966,0.38223655905050047,1.3991241412005087,3.3316894496648484,0.37766191005632155,1.2224033187767307,3.293272658979767,0.5458090852667087,5.405597670360816,-15.825,0.6077499999999999,0.34375,0.7965625,0.82625,0.711,1.443
11.12105,0.8305,13.205,13.55,243.00625,0.09673919326899157,-23.13,7.5425,53.045,-53.045,1.904205712679483e-07,26.522497758053778,45.93831883813373,26.52250235188553,45.93831618588373,-45.93831883813373,0.0,12219612.712463416,21844705.440252386,0.40547376790772305,0.41069647648423785,1.095251091441154,1.3990319870940258,1.601397953037875,3.9288339316687244,9238460.41379959,20.904113175254736,5.197433878297527,0.38045973206179884,-0.013964828886516557,16.211670501797144,0.6569550320833407,600597903.2075783,23.19592504447429,24397.89321795828,21941678.285062682,-8.215667418368148e-07,-4.0011732470720675e-08,-18.85628641720066,23.20788580675862,135.0840897438661,135.09067907779945,96.62290364935238,68506.9981919913,78096315.44882081,1.1609790391021795,0.38046729779482763,1.3754259701927627,3.32493145227,0.3755652378461399,1.196265480209612,3.2874566091857838,0.5656820056864063,5.3858774002113465,-19.025,0.30475,0.34975,0.8996875,0.9172499999999999,0.9349999999999999,0.9329999999999999
9.80855,0.7194999999999999,13.615,13.25,244.80625000000003,0.09637491282705284,-16.97,16.8525,56.245000000000005,-56.245000000000005,2.0190790896344147e-07,28.12249762280582,48.709600208329384,28.122502493765705,48.709597396079374,-48.709600208329384,0.0,12637895.803903282,16758174.056966856,0.40463563789746315,0.40999703181403596,1.0862125946964414,1.3877262812617286,1.5912399802887973,3.925534080818311,9433201.247281786,21.43896980507051,6.99974737949711,0.698194743835771,-0.013565776277159328,14.401857282867029,1.028266366928981,702606461.512991,20.596872589992195,19456.71771469779,16855154.05264742,-8.568100041491478e-07,-5.3023257468577273e-08,-11.727591976020342,20.60880738171862,120.89427719523025,120.90044392891592,86.84727478372308,69014.44438625827,78416828.56357364,1.188096864941704,0.3798073230324943,1.3663452180943878,3.322417339637407,0.3747733206899122,1.1863272700149703,3.2853106668695773,0.5702130932109777,5.378681486462269,-1.2250000000000014,0.13975,0.63475,0.9615625,0.5567500000000001,1.117,0.823
8.42605,1.1025,13.685,10.51,235.84375,0.09827533162118952,-22.29,13.6325,57.644999999999996,-57.644999999999996,2.0693361920521968e-07,28.822497563634833,49.92203580778997,28.822502555838277,49.92203292553996,-49.92203580778997,0.0,12437064.483133154,16751079.161305204,0.4088657537143036,0.4135579716625279,1.132503489027171,1.4455781435712527,1.642812350578604,3.9429456012556976,9317837.058729429,23.741403583960942,5.696141271775087,0.6869977104280635,-0.01701155778805141,14.440585086718517,1.0518367510418725,722055642.4996054,19.988256330564756,19389.0499682266,16848041.133693457,-9.391329270547722e-07,-6.091437162770377e-08,-16.603821594973713,19.997282587017523,131.2316416087889,131.23835288218766,101.13036210749173,66487.78521063738,76763870.06165835,1.0262175519914314,0.3832033431232254,1.412537604423491,3.335593780851325,0.3788048208696945,1.2372759586129771,3.296647450415138,0.5255915599273717,5.416377060904521,-8.075000000000001,0.21175,0.26875,0.8228125,0.71775,1.439,1.013
12.29355,0.9975,12.835,11.29,245.10625,0.09631495953034,-16.53,11.9525,53.995000000000005,-53.995000000000005,1.9383087464629784e-07,26.99749771790204,46.76104299491057,26.99750239400621,46.76104029516056,-46.76104299491057,0.0,12557586.073383816,22434786.911115922,0.4045757835780897,0.4099617375977463,1.084719576398894,1.3858702241169985,1.5895685782708886,3.925011508834564,9367665.818741562,20.138906102888388,5.947567943994024,0.444160338821669,-0.014613944096196917,18.560932714698197,0.6499060254579696,640448604.3987257,23.957761769301197,25013.092932664356,22531773.7272567,-6.84691890308695e-07,-3.3735753625637404e-08,-12.766150628467026,23.970872827624323,128.78224285656782,128.78830697648326,83.11340381561418,69099.01875196942,78469717.53409833,1.1926511481576252,0.3796994420618412,1.3648414163907325,3.3220053213759404,0.37464320214067476,1.1846855313571543,3.284959961695625,0.5709714482243348,5.377515581297076,-2.5249999999999986,0.46075,0.13675,0.9521875,1.18325,0.963,1.405
12.88855,0.7204999999999999,13.625,6.97,248.21875000000003,0.09570578824993772,-19.490000000000002,9.3975,57.745000000000005,-57.745000000000005,2.0729259850820389e-07,28.87249755940834,50.00863835060859,28.872502560272036,50.00863546335858,-50.00863835060859,0.0,12993787.84110717,26781499.72169216,0.40306147368692097,0.4086917309630079,1.0694317802132651,1.366715442811473,1.5722721066651466,3.919516024262317,9565494.948340666,22.621470188747615,5.844337998716106,0.580064992578696,-0.018468256726261147,20.357491779068567,0.9341925728074244,617770763.6609201,21.403693669017805,29203.588072771898,26878465.579816066,-7.469223983996675e-07,-3.4802732849832713e-08,-15.850565255441408,21.41445108075902,155.43445979305378,155.44123594246363,106.20510782252282,69976.47779622268,79011431.04506892,1.2300516151558234,0.3785812034133768,1.349413179945819,3.3178219107341866,0.3732908487081319,1.1678827899598438,3.281406182631063,0.5719303625501343,5.365472978584818,-11.775,0.34225000000000005,0.29725,0.9778125,0.35375,1.457,1.055
8.16355,0.9055,14.335,11.11,236.10625000000002,0.09821795161461584,-19.85,14.0525,48.045,-48.045,1.7247160611874024e-07,24.022497969378712,41.60819169720304,24.022502130197765,41.608189294953036,-41.60819169720304,0.0,11648399.26795232,14273718.704276346,0.40883198447717994,0.4135445449229925,1.1311025008366729,1.4438434907439561,1.6412813564059816,3.9424295373967637,9062022.102808056,18.106769582081206,6.6799624093794785,0.5962036295523493,-0.010009717818800244,12.654493729754645,1.0043986966767613,751103986.9970801,22.070766012503753,17081.812695983583,14370722.588670244,-8.144514745732491e-07,-5.687349377753946e-08,-14.194529649234976,22.080959405953074,99.4226452438438,99.42441099532523,74.81071763640082,66561.78778063464,76814356.11076997,1.031834555404221,0.3831039541652266,1.4111497031115618,3.3351866724889803,0.3786874217699495,1.235731256152907,3.296294371142384,0.5276488516908282,5.4152676576038745,-13.225,0.63475,0.18025000000000002,0.8628125,0.37124999999999997,0.707,1.329
11.01605,0.8505,11.935,10.41,238.01874999999998,0.09779862004813664,-23.31,10.657499999999999,52.644999999999996,-52.644999999999996,1.8898465405601163e-07,26.322497774959768,45.591908666859275,26.32250233415051,45.591906034609266,-45.591908666859275,0.0,12325554.798021264,20570946.07045438,0.4079292346104962,0.41278087188628276,1.1209559723281473,1.4311900809643585,1.6300629983775299,3.938532788710701,9208649.824332252,20.641483179985674,6.835390968748808,0.27376539544793305,-0.017972742642046548,18.590967082824964,0.5312169031873,603321257.5948532,27.487769906033574,23154.008399773797,20667921.43823935,-7.210605406450142e-07,-3.779263334580081e-08,-18.63478635364361,27.49994525121132,128.79599906076126,128.80229426718296,87.95291022644214,67100.94936204329,77177856.0533547,1.0732663938514022,0.38237887424918754,1.4010869171664315,3.332256569230777,0.3778302931851293,1.2245719214163082,3.293761314324572,0.5428407530536734,5.407182468640618,-17.675,0.22675,0.15625,0.7996875,0.9102499999999999,1.201,1.461
9.54605,0.8095,11.035,13.49,240.15625000000003,0.0973378201194879,-16.15,13.3525,47.345,-47.345,1.699587509978511e-07,23.6724979989642,41.001973897472745,23.672502099161477,41.00197153022273,-41.001973897472745,0.0,10374131.505739411,11561916.08386839,0.407042695638602,0.412052518649357,1.109787190841588,1.4172855073127737,1.617675057860088,3.9343040466323447,8385874.975702902,15.787849292585209,14.057092573673938,0.3437010078216233,-0.01468862441582372,14.282963793809795,0.4090125429267508,825697613.5099933,37.097088862618406,14474.645329461604,11658932.215732152,-6.909255931355358e-07,-4.262951445410961e-08,-11.473365548645736,37.09994461038135,85.7059927107002,85.70755952052554,56.30164404156077,67703.5417177353,77577106.05840784,1.1188364891019233,0.3815051401849036,1.3899544561774988,3.329010860000198,0.37680938882382686,1.212288365879555,3.290961391832363,0.5585133472804419,5.397204107644253,-0.875,0.21325,0.28975,0.8196875,0.34675,1.2309999999999999,0.9770000000000001
6.67605,0.8855,13.515,13.23,238.69375000000002,0.09765084095630118,-18.689999999999998,10.342500000000001,49.095,-49.095,1.7624088880007393e-07,24.547497925000474,42.517518396798486,24.547502176752197,42.517515942048476,-42.517518396798486,0.0,10354499.93976421,11493759.751971044,0.4076167395845299,0.41251813121675296,1.1174061150181431,1.426769452911833,1.6261274793138794,3.9371926182653465,8516995.909523083,18.51757830944176,6.922657286080357,0.5594712735279761,-0.01070579260325204,11.482433070084982,0.9587706935647711,758403506.5026617,22.565764460246893,14364.351722460193,11590760.082852963,-8.633801033152185e-07,-5.7821406973692976e-08,-13.724611876423932,22.576855155449465,93.6324187865773,93.63466230276595,70.15866187702163,67291.24168489338,77304754.4437908,1.0880983030503195,0.38212266569568654,1.3975563187695137,3.3312374661554016,0.377527124159261,1.2206730762156912,3.2928836021297654,0.548186538789135,5.404329822518358,-17.625,0.59275,0.17425000000000002,0.9840625000000001,0.9032499999999999,0.983,1.065
11.68105,0.7224999999999999,10.705,9.99,244.43125,0.09645032589520668,-23.37,7.2275,49.245000000000005,-49.245000000000005,1.7677935775455018e-07,24.622497918660727,42.64742221102641,24.62250218340283,42.6474197487764,-42.64742221102641,0.0,11713537.962731084,21371322.13015618,0.4049348051916948,0.4102690427733687,1.088087796461899,1.390089153245063,1.5933670083343758,3.9262430787267486,8947629.209883496,17.711556480824427,12.411316569841027,0.340019652015882,-0.021191425042723464,21.208292056870672,0.41439036389982115,757699828.1218568,39.28150379202906,23974.05339547249,21468308.736992564,-6.611906577153205e-07,-2.996064496655821e-08,-19.399845270177106,39.29919175907184,121.1188876516161,121.11983217118322,80.69706973165395,68908.72642911933,78350426.76229061,1.182414664817662,0.3799422624359537,1.3682281890112007,3.3229344330638657,0.3749359947130421,1.1883849828347868,3.285751195716395,0.56926565590257,5.3801406338238245,-17.225,0.50575,0.24325000000000002,0.9503125,1.2882500000000001,0.871,1.245
12.03105,1.0405000000000002,13.575,10.33,245.63125000000002,0.09621068326852708,-17.89,16.4675,57.595,-57.595,2.0675412955372764e-07,28.797497565748085,49.87873453638066,28.7975025536214,49.878731656630656,-49.87873453638066,0.0,13853103.920926958,24092181.6748415,0.4042571662636517,0.4096827916312662,1.0821091689991855,1.3825964650052416,1.5866148285375536,3.9240505213439554,9917947.712620206,22.221475887044353,6.20410526370196,0.6116199228480597,-0.016073867606902718,18.481684622456207,0.9200380124237495,631678717.5090611,21.31003128787672,26595.101999998536,24189154.79560457,-7.490097625479999e-07,-4.1317019157620174e-08,-13.177663843611594,21.321386058786494,143.82904435338563,143.8354497824081,97.17393632117705,69247.02389196394,78561939.24957623,1.2006634492259816,0.37951033788057487,1.3622142644404378,3.321287234417258,0.3744151062266887,1.1818216435704512,3.284349475767781,0.5723798733000736,5.375472146905675,-18.575,0.33775,0.20275,0.8096875,0.67575,0.959,0.737
9.03855,0.7735,13.785,11.01,247.28125,0.09588764037630886,-22.43,15.2425,52.945,-52.945,1.9006159196496415e-07,26.472497762280273,45.85171629531512,26.472502347451776,45.851713648065115,-45.85171629531512,0.0,12620531.78850076,17298190.828645464,0.4034889487578727,0.40904460051859526,1.0739949273425653,1.3724335696763148,1.577444476183101,3.9211423339968237,9428685.673890783,20.221782152764483,5.299814118014902,0.5432712233038216,-0.01369014602920497,14.438838813896595,0.9260954010847716,643908948.6918027,21.87392079668051,19983.24873935306,17395169.345827155,-8.654247983635412e-07,-5.656312261925084e-08,-16.44289877839926,21.887189144363546,121.28713617209681,121.29366749356572,91.57683134613981,69712.18290337532,78848906.9917761,1.220559801908915,0.37891817889543494,1.3540280194236307,3.3190651846322146,0.37369896132676167,1.1729001007336282,3.2824608630185574,0.572881964706672,5.369095935825709,-19.625,0.14125000000000001,0.59875,0.9459375,1.20775,0.723,0.9089999999999999
9.70355,0.9715,12.455,7.71,247.54375,0.09583443218744009,-23.61,17.9375,50.144999999999996,-50.144999999999996,1.800101714814076e-07,25.072497880622237,43.426845096393926,25.072502223306625,43.426842589143924,-43.426845096393926,0.0,12585202.485575506,16752472.840171142,0.4034395142736155,0.40901741382889084,1.0727179906603301,1.3708421013921053,1.5760089812231903,3.9207079457467473,9336382.50599832,18.333313050378646,6.956761349209248,0.2840650567037756,-0.016347834361376348,16.802594417055886,0.5167852353391409,596233649.1373785,27.74776869828049,19475.353765417098,16849460.620189615,-7.217844675595696e-07,-4.9762026089532224e-08,-17.220958750180337,27.76367582851204,110.6932732918474,110.6994308691624,78.97244805317796,69786.18547337256,78895969.65916115,1.2232060111954226,0.37882724667303747,1.3527371187772192,3.318719097497425,0.37358797269651994,1.17149311227042,3.2821670210166216,0.5726066137254645,5.368132500047968,-2.4750000000000014,0.6782499999999999,0.6842499999999999,0.8953125,0.42374999999999996,1.475,1.241
13.27355,1.0525,12.325,12.41,240.08125,0.09735398376524157,-17.61,19.9675,47.495000000000005,-47.495000000000005,1.7049721995232737e-07,23.747497992624456,41.13187771170067,23.747502105812114,41.13187533695066,-41.13187771170067,0.0,14088822.539210048,25581415.78894268,0.4069621585128594,0.4119642380622939,1.110170970376915,1.4177478580988943,1.6180833249329123,3.9344078363352826,10008608.972465144,16.418589138470768,9.99398566082607,0.45963861929328353,-0.011682933658483318,19.96318922915829,0.5728593454810713,739362131.043009,33.33424666071892,28149.675463164567,25678430.991528258,-6.325759241324347e-07,-3.186859502868034e-08,-12.505319408473879,33.34907521435615,119.05366989238797,119.054335861334,77.55580912255834,67682.39812630751,77563230.02539921,1.117740479322091,0.38153213337767006,1.3903390621678744,3.329119683688902,0.3768417783087134,1.2127147696744314,3.2910552924426493,0.5583237720792581,5.397498083402219,-6.625,0.44275,0.10525000000000001,0.9240625,1.21475,0.727,1.191
9.02105,0.9845,11.285,11.83,248.44375,0.09566289480516664,-16.189999999999998,11.2525,49.745000000000005,-49.745000000000005,1.78574254269471e-07,24.872497897528234,43.08043492511948,24.872502205571607,43.08043243786947,-43.08043492511948,0.0,10092839.733394302,11053715.43830613,0.4031490911404103,0.40880109203492015,1.0683464113089625,1.3653855637004748,1.5710701304409214,3.919193702808719,8279626.048892872,17.143718691225924,9.936466627146022,0.3376502190300151,-0.015223621179696481,14.365779698994919,0.44656741433982033,704730547.5116591,31.42201675923556,13959.857559346605,11150719.697394595,-7.190904783887828e-07,-4.5238615434771244e-08,-11.892001181244767,31.43552554827413,88.22355426129484,88.22550352299936,59.14555553720621,70039.90857050609,79049687.7226018,1.2323308565781814,0.3785032511160256,1.3483114723589604,3.317528258740307,0.3731956088504446,1.1666854465159775,3.2811574701994264,0.5717045322790387,5.364648267937181,-10.525,0.15175,0.63025,0.9853125,0.43775,0.747,0.9730000000000001
12.69605,1.0445,11.355,8.030000000000001,249.53124999999997,0.09545787603111182,-17.869999999999997,7.7175,61.195,-61.195,2.1967738446115743e-07,30.597497413594134,52.996426077850764,30.597502713236594,52.99642301810076,-52.996426077850764,0.0,12754323.20055126,27181945.81610758,0.40245386074654477,0.4081893994516107,1.0630929087026024,1.3587780100863263,1.5650697951352566,3.9172812329938727,9375951.331121445,23.97425333686233,6.267614473212474,0.5530837176645509,-0.02734524987245874,24.28484031464544,0.7588200165135738,669617132.1412101,27.1004351839738,29575.379252313192,27278903.720367093,-7.619807338173548e-07,-3.055909065970442e-08,-14.771269154426923,27.114665166320744,163.7758947897269,163.78270611115457,110.77388423980918,70346.490646209,79234138.52546242,1.2434084767916536,0.37811432865451056,1.342991410267355,3.3161074250068734,0.3727234500652754,1.1609226485293698,3.2799560954409506,0.5706295589117074,5.360483527881723,-8.875,0.31975,0.40825,0.7971875,1.4457499999999999,1.001,1.267
13.151050000000001,0.9695,14.205,10.09,240.56875,0.09724974314718697,-19.009999999999998,9.7125,45.995,-45.995,1.6511253040756493e-07,22.997498056021932,39.83283956942145,22.99750203930578,39.832837269671444,-39.83283956942145,0.0,12402666.243220732,23800205.478499044,0.4067628686960062,0.4118022380110414,1.1076661117146576,1.414608951645496,1.6152977343690138,3.9334755795506067,9385465.0903549,16.860650527583587,6.428322885439834,0.3744505731965667,-0.009601458329952687,17.512746401761635,0.7017540376994127,645357900.280407,24.672429707719722,26406.96181431675,23897218.51679781,-6.156254400677229e-07,-3.147576103032511e-08,-15.184987093631456,24.684248623757583,114.84878727480466,114.84955219049436,75.23786144981082,67819.83147058813,77652852.94146569,1.1248766341548277,0.38135673323824043,1.3878415367132677,3.328414036520622,0.3766312604307549,1.2099478266732704,3.290446814882047,0.5595583957342465,5.395588596226784,-2.7749999999999986,0.6842499999999999,0.65875,0.9946875,0.5602499999999999,1.399,0.843
6.746049999999999,1.0755000000000001,13.735,8.11,249.64374999999998,0.0954367135462258,-23.01,11.217500000000001,54.845,-54.845,1.9688219872166318e-07,27.4224976819768,47.49716460886878,27.42250243169313,47.497161866618775,-47.49716460886878,0.0,11184150.506441804,13368022.339290824,0.4023875626171151,0.40813206580137396,1.062552440198427,1.3581001810261795,1.564454106127729,3.917093268239027,8835915.99662092,21.317431719435913,7.0924648957740795,0.7451886754064934,-0.016610957140307567,13.094312951032807,1.2033399809978003,803951944.1926035,20.31451216499453,16126.245379643624,13464990.869816402,-9.515911233426734e-07,-6.731836919648502e-08,-17.322372302709027,20.328146279132742,115.61175426723538,115.61896152689025,92.6986980997711,70378.2060333507,79253131.49585967,1.2445557613152727,0.37807535030050543,1.3424438373524992,3.3159626206050183,0.3726757626573803,1.1603298812280567,3.279833858867287,0.5705188274302344,5.360072023562744,-15.525,0.43225,0.6437499999999999,0.8796875,1.04325,1.365,1.395
9.77355,1.0815000000000001,10.915,9.25,238.28125,0.09774095625867815,-23.49,17.5175,45.545,-45.545,1.634971235441362e-07,22.772498075041177,39.44312812673769,22.77250201935388,39.443125849487686,-39.44312812673769,0.0,11754740.152917042,14376038.298556603,0.4079667665972896,0.4128401315698554,1.1195773559038558,1.4294955718574838,1.6285573074682353,3.9380536045807024,8922211.093769606,15.088430291097016,19.39481772753478,0.27524375182460814,-0.024682513774628493,17.19255107346801,0.37191963408560813,978635430.8370367,46.004392716512434,17194.888119815285,14473045.988142123,-6.343194026659966e-07,-4.3104160546349954e-08,-17.09753383222685,46.00086319686549,93.60292805134684,93.60430885326411,62.57053857473351,67174.95193204054,77227310.14882715,1.0790213895503404,0.3822792493757093,1.3997125853308168,3.3318593184342835,0.37771242834050023,1.2230532472887652,3.293418980016151,0.5449181759618527,5.406072964227118,-19.575,0.30325,0.19075,0.9865625,1.45625,0.9969999999999999,0.719
6.92105,0.7925,13.385,11.41,248.70624999999998,0.09561286454963765,-18.05,10.3775,44.545,-44.545,1.599073305142946e-07,22.272498117306164,38.577102698551556,22.272501975016326,38.57710047130155,-38.577102698551556,0.0,9876929.980447825,10115267.054981297,0.4030188581411846,0.4086918841313075,1.067077420908848,1.363793873333016,1.569628680332987,3.9187446971826767,8322370.013534782,15.766982489273465,8.073114152797697,0.38396636150238306,-0.009559384947982226,11.41246811937102,0.740390003891976,746239653.8488506,26.3055356938316,13093.371862680804,10212289.994934788,-7.765443444263854e-07,-5.359792886837322e-08,-13.180515771606759,26.31973199560456,79.54208009917579,79.54477930123605,58.776147472375165,70113.91114050332,79094356.33085835,1.23499357475753,0.37841231069117637,1.347027687493043,3.3171866007808815,0.3730844695043577,1.165291266706914,3.280868283497542,0.5714422948244432,5.3636865564063285,-17.775,0.12025000000000001,0.19375,0.7734375,1.48075,0.9009999999999999,1.413
13.011050000000001,1.0575,11.685,13.95,244.58125,0.09642011938938969,-18.61,10.8325,57.394999999999996,-57.394999999999996,2.060361709477593e-07,28.69749757420108,49.705529450743434,28.69750254475389,49.70552658099343,-49.705529450743434,0.0,13165037.998869896,26509400.62960262,0.4047210410850821,0.41006456106313705,1.0873351781325218,1.3891266815490766,1.5925001057409385,3.925932300146788,9564615.896673247,22.155401607219684,6.37891344786458,0.46700517950209536,-0.017843055617056257,20.345642920132782,0.6437111265871619,622824760.4699454,28.135266952533502,28942.670745935164,26606370.227233604,-8.462191240979505e-07,-3.374957282127086e-08,-14.821713833063658,28.148997482982715,152.7267599146621,152.73344427722827,107.06084827106226,68951.01361197486,78377007.963286,1.1846855310992048,0.37988828558222665,1.3674745651858304,3.3227273259687835,0.3748709321516454,1.1875611611835197,3.2855747061979863,0.5696446212730718,5.3795568661755535,-15.475,0.10825000000000001,0.15775,0.9115625,0.44125000000000003,1.141,1.463
9.66855,0.8875,11.785,7.75,243.19375000000002,0.09670062679330485,-23.41,13.1075,45.145,-45.145,1.6206120633219956e-07,22.572498091947175,39.09671795546324,22.57250200161886,39.09671569821323,-39.09671795546324,0.0,11233918.073045392,14590311.358849566,0.4055835503274564,0.4108239418406268,1.0943096779905241,1.397881908848024,1.600369862605289,3.9285420162093176,8758292.92032674,16.04026748970332,12.171926178913806,0.25022467127064585,-0.016744802639784485,16.569028375460235,0.4196055112778209,772506692.5395887,35.93368932731621,17410.796785394923,14687318.750707567,-6.486459897049036e-07,-4.212736009371431e-08,-17.914058361423216,35.94512726620883,93.29347893241986,93.29493626693423,64.2800546456917,68559.85717056078,78129989.35409199,1.1637859868222367,0.38039982871721817,1.3744777245104396,3.3246684458540043,0.37548402897821564,1.195224265110723,3.2872316117583105,0.56615588973279,5.385146100829576,-2.6750000000000007,0.38275000000000003,0.13225,0.8721875,1.2357500000000001,0.7809999999999999,0.7669999999999999
8.25105,1.0305,12.805,6.43,237.83125000000004,0.09783995733414437,-20.35,20.1075,51.195,-51.195,1.8377945416274131e-07,25.597497836244003,44.33617179598938,25.597502269861057,44.33616923623937,-44.33617179598938,0.0,11986561.184223767,12893116.922382897,0.4080092350086611,0.41284716477508626,1.1219448802737229,1.4324223526775943,1.6311587327708987,3.938912455322475,9091749.67981607,19.136968884112505,6.917928031448472,0.37769783313637667,-0.015731058695099442,14.784850897087578,0.670836870152339,670413975.8073263,24.783347505693328,15707.973849884449,12990109.476035042,-7.695539479288642e-07,-6.14208861167697e-08,-13.624638142016313,24.795047545664403,100.21083765096445,100.21701544092596,74.5791516337421,67048.09038347383,77142452.38807502,1.0691656551736355,0.3824500115518135,1.4020695463257695,3.3325410236683357,0.3779144421484232,1.22565856759919,3.2940066069110228,0.5413580631650765,5.407974883526379,-17.175,0.5762499999999999,0.62275,0.8771875,0.7947499999999998,1.279,1.039
12.22355,0.9635,11.915,11.47,245.14374999999998,0.09630747224189717,-23.25,17.237499999999997,54.295,-54.295,1.9490781255525031e-07,27.147497705222545,47.02085062336641,27.147502407307474,47.0208479086164,-47.02085062336641,0.0,14454411.354203766,26860515.98294025,0.4044848710384208,0.4098725225738402,1.0845315243559648,1.3856241372783353,1.5893462649760923,3.9249240201047564,10117089.633585978,20.539631577144622,6.56246022600342,0.3521027116704477,-0.018108444326684157,20.992964699574898,0.4688895981977927,557684302.1361027,29.397620969562023,29294.169929065796,26957488.702596236,-7.554626398282461e-07,-3.71703321616171e-08,-17.77128532702452,29.412224895396996,146.81413796193453,146.82082361964657,101.66846566247273,69109.59054768328,78476328.40798984,1.1932216041248835,0.37968594362531183,1.3646535794089865,3.3219539034584105,0.3746269214155136,1.1844805715460764,3.2849162133184655,0.5710662127811967,5.377369710151603,-1.6750000000000007,0.15475,0.37375,0.8540625,0.50075,0.7649999999999999,1.361
10.70105,0.8105,11.235,10.01,249.49374999999998,0.09546493783258646,-23.85,19.1975,47.095,-47.095,1.690613027403907e-07,23.547498009530447,40.785467540426204,23.54750208807709,40.7854651856762,-40.785467540426204,0.0,12644784.870752323,17418410.843079023,0.4026453002243003,0.4083810630669459,1.0632773402799867,1.3590348929267193,1.5653040989101121,3.9173953791361584,9322647.958016695,16.071627810084838,13.15929099393739,0.26997995068893665,-0.018531844395723834,18.13726455498187,0.39725521966356925,761463998.123486,39.90585406681791,20161.375289008425,17515411.482912254,-6.422088866271954e-07,-4.1311259311789623e-08,-17.36212716379857,39.92368644934621,105.3527117853741,105.35390097454776,70.0477122620029,70335.9188504951,79227803.19066249,1.2430262890917925,0.3781273188592173,1.3431740308422448,3.3161557375710577,0.3727393403011831,1.1611203251512254,3.279996875093983,0.5706665151119191,5.360620662337745,-16.975,0.45175,0.18625,0.9565625,0.8227499999999999,0.813,1.495
11.27855,0.9065000000000001,12.695,10.17,243.98125,0.09654002680291139,-17.67,13.8775,55.745000000000005,-55.745000000000005,2.0011301244852068e-07,27.872497643938313,48.27658749423631,27.872502471596928,48.276584706986306,-48.27658749423631,0.0,12599588.91360002,20344126.875944063,0.40506993293900584,0.4103686113893211,1.0903466021691406,1.3928997781675958,1.5958999982314923,3.9270535872973835,9363086.855046961,21.227981410885103,5.696194719855872,0.44134318065003697,-0.016845765647242307,18.111556362366485,0.6544636533594994,628200491.9657606,23.351686143476332,22950.72437044278,20441105.63145315,-7.251087154210532e-07,-3.929067740122206e-08,-13.34583811115285,23.364280538770103,129.25410989754656,129.2602298377977,86.58306432698234,68781.86488055257,78270609.55129597,1.1756205663594623,0.38011644433289515,1.370504212842403,3.3235698570937697,0.37514276356910375,1.1908678809401132,3.286293049891322,0.5681462287204119,5.382076783443758,-11.274999999999999,0.5882499999999999,0.45025000000000004,0.8871875,1.2707499999999998,1.4689999999999999,1.399
6.9735499999999995,0.8645,10.965,8.129999999999999,242.59375,0.09682430225477465,-16.23,14.3325,46.695,-46.695,1.6762538552845408e-07,23.34749802643644,40.439057369151755,23.347502070342067,40.43905503440175,-40.439057369151755,0.0,9277983.45767627,6651961.2947998475,0.4058852987631264,0.41108034628004625,1.097340748542752,1.401685428059997,1.603774683912268,3.929678305197768,7916501.8595279,14.871625756258679,16.351219951239596,0.33843594730951765,-0.020573895179940873,12.728736099864983,0.44083626094669,926247103.2913568,38.848379200894996,9696.764753343954,6748980.788129074,-7.829512325514226e-07,-6.415770524276695e-08,-10.571429327305687,38.82933690423702,68.74201664508853,68.74562917658409,50.16319575003743,68390.70843913846,78022120.22649498,1.154819007353309,0.38061573300319557,1.377515050956325,3.325512031917108,0.3757438452210824,1.198561592360467,3.2879537062176825,0.5646394504697816,5.3874870703303275,-19.875,0.20275,0.56575,0.9334375,1.24625,1.2269999999999999,0.945
13.186050000000002,1.1005000000000003,11.825,13.01,239.74375,0.09742388933013635,-16.689999999999998,19.0225,45.045,-45.045,1.6170222702921541e-07,22.52249809617367,39.01011541264462,22.522501997185103,39.01011316039462,-39.01011541264462,0.0,13400053.373321617,23517986.981390886,0.4072896592449318,0.41227063644187717,1.1119199094284418,1.4199586762864642,1.6200477414064836,3.9351548950910633,9711159.429675832,14.57207310003874,14.49553022317798,0.48416753095934245,-0.012373086618879212,19.588067092309558,0.5897892736806695,897155522.5210351,39.99452262699444,26171.392319966017,23615015.86994595,-5.930022080043048e-07,-2.9523343849369007e-08,-11.827020523815266,40.008177392759606,108.22509038660736,108.2258939038771,68.5059584815752,67587.25196488247,77500640.38321337,1.1113851806522688,0.38172378122108297,1.3920860475159218,3.3296675021332747,0.3770548236566821,1.2146490199313529,3.2915347357022897,0.556531583284846,5.399892638283295,-7.774999999999999,0.6632499999999999,0.31825000000000003,0.7859375,1.49825,0.9289999999999999,1.483
10.421050000000001,0.7254999999999999,14.055,6.55,241.24375000000003,0.09710610937822045,-18.75,20.317500000000003,50.695,-50.695,1.8198455764782052e-07,25.347497857376496,43.903159081896305,25.347502247692283,43.9031565471463,-43.903159081896305,0.0,13009333.344609838,17816589.65829573,0.40634396639409626,0.4114331568931951,1.1042086871359627,1.4102586974729159,1.6114285649219808,3.9321643311381544,9590756.38075767,18.577132783955065,6.0400284707885366,0.5120095507385615,-0.01258383496355304,16.00928783311887,0.8026684124871248,683242384.1101079,22.42315441245073,20532.557067902784,17913588.241784908,-7.151219464356312e-07,-5.076421626138032e-08,-12.827470277074767,22.43464173931389,109.78339598366406,109.78932596321081,77.53092593847332,68010.12379343825,77776717.98733956,1.1348043387620066,0.38111383719819764,1.38439267496754,3.3274433787466173,0.3763395651192239,1.2061341674585797,3.2896112454180817,0.5612609913490784,5.392946824143603,-7.424999999999999,0.35124999999999995,0.39025,0.9753125,0.27325,1.2229999999999999,1.459
6.71105,0.9705,12.004999999999999,12.49,246.04375,0.09612921665053431,-18.67,7.9625,60.645,-60.645,2.1770299829474456e-07,30.32249743683988,52.52011209234839,30.322502688850943,52.520109060098385,-52.52011209234839,0.0,10104702.403552778,10979434.066954713,0.4040519679300263,0.40950972382097295,1.0800655660032665,1.380042467837712,1.5843079395232487,3.923319164622896,8321772.115943104,24.340183614908543,6.965154772589813,0.7162424378562089,-0.020889875513240057,12.888349537649614,1.0516756239690808,718346112.9978416,20.83560841186188,13763.23272910701,11076392.027065614,-9.654545794582592e-07,-6.024864838115795e-08,-14.37415224165522,20.848742500928,115.04533046830956,115.05220908502712,86.27080397828917,69363.3136448168,78634154.03162532,1.206974566113882,0.37936189491324046,1.360154972674434,3.320726146409083,0.37423592822111457,1.1795797959064254,3.2838730219642547,0.573423105934681,5.373870032495654,-18.875,0.38125,0.35575,0.8559375,0.9627499999999999,1.285,0.731
13.046050000000001,1.0515,12.205,11.81,245.48125000000002,0.0962404372327878,-21.83,16.012500000000003,57.945,-57.945,2.0801055711417218e-07,28.972497550955342,50.18184343624581,28.972502569139547,50.18184053899581,-50.18184343624581,0.0,14987150.53955201,30982093.280750018,0.4042978744899467,0.4097112797919324,1.082852959658073,1.3835215313421638,1.5874494991085424,3.924309539338838,10348419.220846927,22.70866746695895,5.566520353780918,0.4168592436515903,-0.01941293660141654,22.14546803557384,0.6044228292009615,571532486.7423403,27.04322721781812,33290.595423269086,31079056.371534828,-7.898971998875773e-07,-3.550078442581206e-08,-16.911187111002175,27.055952256257335,167.77601684326902,167.78312014864125,116.69695492653597,69204.73670910836,78535605.35934557,1.1983734977629885,0.379564312999873,1.362964119537383,3.321491910369132,0.37448023806164166,1.1826386579253434,3.28452340222188,0.5720005255555037,5.37605492240566,-14.225,0.29875,0.45175,0.7553125,0.9452499999999999,0.981,1.073
11.96105,0.8635,14.305,11.79,246.30625,0.09607875830441973,-18.63,12.0575,51.495,-51.495,1.8485639207169379e-07,25.747497823564505,44.59597942444522,25.747502283162323,44.59597684969521,-44.59597942444522,0.0,13040184.005784774,23395137.148248978,0.4039858022430238,0.4094645253273625,1.0787640966496537,1.3784263965415426,1.5828406127794614,3.922853422617608,9662098.871429227,19.207926490925686,5.327391689470943,0.5635146555008904,-0.011290204552454056,16.756950270363184,0.9636051659160519,653765492.9841887,21.701548421794094,25964.001822201575,23492128.64092038,-7.040082136156623e-07,-3.771533463334313e-08,-14.405371182136383,21.71407623861617,128.39495888945746,128.40120494577414,87.32482131092667,69437.31621481404,78679917.97663364,1.2107696645087873,0.3792558457745678,1.3588363542313016,3.320359355357306,0.37411085595900995,1.1781517082887174,3.2835616336152795,0.5739222701381241,5.372676887105291,-9.224999999999998,0.51475,0.6392499999999999,0.9071875,0.33975,1.295,0.709
11.838550000000001,0.9015,12.844999999999999,9.35,238.54375000000002,0.09768353887656032,-17.35,17.4825,47.145,-47.145,1.692407923918828e-07,23.5724980074172,40.828768811835516,23.572502090293966,40.82876645458551,-40.828768811835516,0.0,12464800.07995808,18646568.79146138,0.4078158017844218,0.4127079003256829,1.1181964527192565,1.4277705714919187,1.6270206964725642,3.9375181950371325,9315183.336053636,16.667378348304965,8.468709035256875,0.3565204161542696,-0.011860156964485223,17.42679785861487,0.5340031779687181,678245621.1418642,28.510552336810964,21383.76025973213,18743584.9548521,-6.159484559278935e-07,-3.7655409888159993e-08,-12.367305636420886,28.522114062570196,102.75089026469978,102.75186233106962,66.79581834924664,67248.95450203783,77276631.61526035,1.0847928654654995,0.38217960935113837,1.3983399439532544,3.331463257828759,0.3775945188826265,1.2215376781914167,3.293077917503231,0.5469975053126299,5.404963635450555,-4.924999999999999,0.5972500000000001,0.69775,0.8484375,0.14725,1.139,0.873
8.05855,0.7905,11.415,10.530000000000001,241.28125000000003,0.09709816085482594,-20.85,12.967500000000001,50.995000000000005,-50.995000000000005,1.8306149555677302e-07,25.497497844697,44.16296671035215,25.49750226099355,44.162964160602144,-44.16296671035215,0.0,10646420.799580304,11496890.602193505,0.4063647405430823,0.411457501157206,1.1040178603089092,1.410026380930932,1.611222371895906,3.9321088816738516,8493826.238976074,18.77786976957225,8.75761781802999,0.28410372215462804,-0.01748274074940799,14.365458046263093,0.48681974670513334,665339196.689146,29.644451020985084,14340.963451810612,11593879.18227321,-8.0424152591294e-07,-5.247011097569604e-08,-15.378319343221245,29.657907882984684,96.0762119837645,96.08238544909361,69.54748793076834,68020.69558915215,77783585.67490283,1.1353573669602628,0.38110034675537285,1.3842013791697523,3.3273896718683402,0.3763233578016672,1.205922896918902,3.2895650642577987,0.5613557765727791,5.392800200039156,-0.375,0.68275,0.20575000000000002,0.9409375,1.19375,1.441,0.7629999999999999
9.31855,1.1095000000000002,12.515,6.67,245.33125,0.09627002496339139,-21.37,14.787500000000001,45.295,-45.295,1.625996752866758e-07,22.647498085607424,39.22662176969116,22.64750200826949,39.226619504941155,-39.22662176969116,0.0,11276926.559573548,13761954.54915617,0.40456875950342014,0.40997403125896437,1.0836028758615868,1.3844889665456426,1.5883241239670849,3.9246378748559425,8808280.518547937,15.99554980174495,9.709261272132284,0.2779181072033208,-0.013883563615096395,15.548072824694236,0.5193431333532075,713992239.2700877,31.255668241140427,16620.18651936443,13858967.46781197,-6.629022320635013e-07,-4.653143274118688e-08,-15.762742259054466,31.269796431328263,90.97313880741974,90.97479798636223,64.43977620854483,69162.44952625278,78509408.00461935,1.1960765521914147,0.37961846930043647,1.3637148411038205,3.3216971388514365,0.3745455285271558,1.1834567438063734,3.2846978377424407,0.5715389570518239,5.376640862234158,-12.775,0.41425,0.21175,0.8915625,0.75975,1.453,1.481
8.68855,0.8065,13.315,8.690000000000001,242.29375000000002,0.09688671789058473,-20.95,19.2675,43.845,-43.845,1.5739447539340547e-07,21.922498146891655,37.970884898821254,21.922501943980038,37.97088270657125,-37.970884898821254,0.0,11842797.527386608,12933829.329645066,0.40593883594546,0.4111091984902676,1.0988593555282693,1.4035717539751769,1.60545893101989,3.930201673242017,9076870.910918366,15.52500935140241,9.050180230595384,0.28806387291231333,-0.010603860423561281,13.519126173043666,0.5975346996599181,724216868.7646043,29.396934921151306,15835.684595250665,13030852.925001314,-7.178886318485131e-07,-5.571236408175315e-08,-14.033051612233075,29.40972826432271,86.0395706095981,86.04145159546883,63.2607959816919,68306.1340734273,77967828.89368919,1.1503518044240277,0.3807236773230541,1.379036876008021,3.325935957617729,0.3758736854566641,1.2002361685815652,3.2883170446322856,0.563881234441552,5.388658279029676,-0.7750000000000021,0.6452499999999999,0.60925,0.8921875,0.19625,0.725,1.2349999999999999
10.456050000000001,1.0185,12.475,9.629999999999999,240.86875,0.09718570574218302,-23.83,18.2175,58.095,-58.095,2.0854902606864843e-07,29.04749754461559,50.311747250473736,29.047502575790176,50.311744345723724,-50.311747250473736,0.0,13859780.387275994,21304432.35248004,0.40644280099258645,0.41150227214675655,1.1061247834411734,1.4126503399956631,1.6135553740851087,3.932856843875747,9842460.826063398,23.46705802176093,5.130497231890052,0.35198443558766396,-0.020910839810293104,18.405427095887884,0.5789010155102169,575532268.4202282,23.745244727108986,23832.2626516573,21401391.61909429,-8.05636756193304e-07,-4.9462748517413864e-08,-17.681029132113395,23.75657395322876,144.9110434539669,144.91767924727228,103.52368779861047,67904.40583629928,77708016.99748103,1.1292821461454887,0.3812487759688834,1.386307360414787,3.3279817085842964,0.37650164107410583,1.208250382833366,3.2900744586976396,0.5603166609104959,5.394414054037225,-11.975,0.15775,0.51325,0.9478125,0.48675,1.319,0.975
12.783550000000002,0.8555,12.915,10.85,241.61875,0.09702682739953583,-22.59,18.427500000000002,60.845,-60.845,2.1842095690071286e-07,30.42249742838688,52.69331717798561,30.42250269771845,52.693314135735605,-52.69331717798561,0.0,15270253.699669223,29596358.59813703,0.40608064061741994,0.4111969089754587,1.102293842138234,1.4078444844253402,1.6092770833676413,3.9314265517836438,10448058.257743014,25.060142955115072,4.592196756186054,0.41501420775052034,-0.020566798565379615,20.89878117626164,0.649577570323876,578694700.8762131,22.97657083794757,31908.431167900137,29693312.27083681,-7.984674177052991e-07,-4.156633620371303e-08,-17.064502079889568,22.986363608610503,174.84952340350276,174.85669020015771,120.73181512385602,68115.8417505772,77845284.86258215,1.1403429748921188,0.38097890097338827,1.3824812882323685,3.326907327870333,0.37617742925635694,1.2040241977419366,3.2891505022307586,0.5622088862602219,5.391480451768837,-17.725,0.36475,0.27175,0.9403125,1.2847499999999998,1.383,1.4849999999999999
8.30355,0.7965,11.465,13.05,235.69375,0.09830832647557991,-21.75,8.4875,50.295,-50.295,1.8054864043588387e-07,25.14749787428249,43.556748910621856,25.14750222995726,43.55674639587185,-43.556748910621856,0.0,10407462.016699774,13031279.819712007,0.40907062797178145,0.4137540059472598,1.1333089059068744,1.4466036952332866,1.643719682450274,3.9432970029720162,8410085.987911977,19.274693833464365,8.638651126478623,0.2685037159183084,-0.015540109217279333,14.110498242075222,0.4982295965076284,661969611.8422363,29.22181549163173,15824.894735867509,13128266.773034252,-8.077192887384906e-07,-4.6643256488974556e-08,-17.03884754634482,29.23269639682814,101.08536481265554,101.09137716978948,71.35586218829104,66445.49802778181,76734977.25496988,1.0230153267691637,0.38326012777171786,1.4133314742204075,3.335826972404915,0.3788718849421309,1.2381601162348246,3.296849818195311,0.5244169801154501,5.417011044727609,-15.975,0.41574999999999995,0.6377499999999999,0.7928125,0.29775,1.091,1.437
11.41855,1.0645,10.625,10.61,243.71874999999997,0.0965933663992517,-18.509999999999998,10.762500000000001,43.395,-43.395,1.5577906852997675e-07,21.6974981659109,37.5811734561375,21.697501924028142,37.58117128638749,-37.5811734561375,0.0,11012129.465203565,17077751.016638603,0.40553967090536147,0.41082355109117086,1.0916716550760357,1.3946075093840602,1.5974356564468108,3.927623313302654,8666064.246356731,10.542431538724761,32.459918633467396,0.44857098089118874,-0.04612739000501235,19.163275710832558,0.5455247542402155,1414500026.0522156,61.11952229888376,19891.36602209599,17174778.749972537,-5.559223467301997e-07,-2.8751482867569872e-08,-14.518144862137719,61.423571295911195,94.82528661560087,94.83026695064534,58.08833796219981,68707.8623105553,78223838.50005285,1.1716673875038783,0.38021090696954724,1.3718271047600614,3.32393497778248,0.375256550689878,1.1923170149351652,3.2866047545136485,0.5674827745653211,5.383099474695755,-8.725000000000001,0.44425000000000003,0.46975,0.9553125,1.48425,1.133,0.7829999999999999
8.32105,1.0995000000000001,12.285,9.73,245.55625,0.09622555171971559,-21.69,9.8525,50.644999999999996,-50.644999999999996,1.8180506799632842e-07,25.322497859489744,43.859857810487,25.322502245475402,43.85985527823699,-43.859857810487,0.0,10692838.98658508,12983948.592988137,0.40435443194271675,0.4097753954751921,1.082482577927015,1.3830735082652847,1.587046090765659,3.924206710807156,8553891.354843054,18.91760457307795,6.926339118900444,0.3214558769236336,-0.015900706912336724,14.396013144296033,0.6002480771808797,629623308.1165495,26.177966652854046,15792.303816822985,13080934.985302286,-8.099156622021676e-07,-5.052665193229429e-08,-16.766917702823743,26.19269532726292,101.87569884405737,101.88203683149902,74.84123643065142,69225.88030053616,78548777.1244144,1.1995181338744185,0.37953733034438436,1.3625891261655425,3.321389533389638,0.3744476775515205,1.182230015825077,3.284436394960061,0.5721901988158595,5.375763593691583,-7.374999999999998,0.43525,0.58975,0.9659375,0.9382499999999999,1.437,0.7969999999999999
11.06855,0.9115,12.955,8.71,243.45625,0.09664686840421671,-20.990000000000002,7.9975000000000005,53.894999999999996,-53.894999999999996,1.9347189534331364e-07,26.947497722128535,46.67444045209195,26.947502389572453,46.67443775734194,-46.67444045209195,0.0,11920249.0106356,20650355.01185442,0.4053037546347356,0.410561718310267,1.092983853261067,1.3961988625715112,1.598860093896517,3.9280128126577325,9095605.81682592,20.822644687672465,5.550884080352351,0.39348261605367174,-0.01702826244161314,18.029436552659423,0.6540354979940827,617696199.9272814,23.36191846719174,23238.77085810505,20747329.947793007,-7.364684756210436e-07,-3.751907637648977e-08,-17.112586195605395,23.374151516646055,129.57465859139214,129.58098913860533,89.40329400153409,68633.85974055804,78176990.30761462,1.1677226076634517,0.3803053679573084,1.373151587213848,3.3243011675530383,0.37537030585302084,1.193769142024158,3.2869176066297308,0.5668193282791487,5.384122580403155,-17.275,0.23275,0.38575000000000004,0.8084375,1.03275,0.9329999999999999,1.439
11.38355,0.7795,12.545,9.129999999999999,235.13125000000002,0.09843345184299342,-22.63,16.6425,42.145,-42.145,1.5129182724267474e-07,21.072498218742133,36.498641670904824,21.0725018686062,36.49863956365482,-36.498641670904824,0.0,12341143.374435196,18053000.50543741,0.40950379094712186,0.4141487839905572,1.13633053739325,1.4503968788693435,1.647066131926709,3.944506949533468,9249231.623873891,14.974742839943241,13.154487447803746,0.2555126140404474,-0.012925577314103716,17.007403195168283,0.4359902219153891,784829035.2460682,36.469539997844954,20825.876313620174,18150026.801387668,-5.88716737846195e-07,-3.7827467920951116e-08,-16.790195794614604,36.47605961788885,94.12984891131309,94.13083864247082,62.28893940583961,66286.92109207339,76626207.10855731,1.0110552076352617,0.3834729825495451,1.4163131572144707,3.336704955762266,0.37912320467162264,1.2414848265162053,3.2976125650007315,0.5200174739276543,5.41938838513573,-6.975,0.58975,0.47725000000000006,0.9909375,0.66875,0.9889999999999999,0.835
11.59355,0.8915,11.305,10.07,245.06875,0.09632245092853225,-21.81,19.372500000000002,52.195,-52.195,1.8736924719258293e-07,26.097497793979016,45.202197224175514,26.09750231419861,45.20219461442551,-45.202197224175514,0.0,13612826.410943404,22257342.216843072,0.40457109312072637,0.4099537888463541,1.0849059671251364,1.3860999876193116,1.5897755044674367,3.9250738537464676,9735227.911609221,18.840080920658384,9.065667337800253,0.369492447897299,-0.018917869569176366,20.732093264412356,0.4784412944198838,662172844.8254169,33.712920545723186,24834.63984481775,22354327.00732971,-7.074631210357178e-07,-3.793894795734189e-08,-16.093403201111528,33.73021135081395,128.27190329072707,128.27811444102386,87.56594676911956,69088.44695625553,78463104.39439842,1.1920808760009707,0.37971292973181825,1.365029268965512,3.322056748800985,0.3746594714496381,1.1848905267616021,3.2850037205392315,0.5708766838682906,5.377661298851619,-19.125,0.42774999999999996,0.59125,0.8990625,1.41425,0.755,1.009
9.52855,1.0225,13.795,8.51,239.55625,0.09746415829363492,-22.11,17.7975,57.695,-57.695,2.0711310885671179e-07,28.84749756152159,49.96533707919928,28.847502558055158,49.96533419444927,-49.96533707919928,0.0,13548602.198650902,19455177.062954396,0.4071055598125674,0.41206872739836736,1.1128915738578555,1.421130099633573,1.6210925310521853,3.9354533987446656,9785327.072998144,23.302769069521027,6.402274457372763,0.6667979045723731,-0.0175403784291925,16.236732654234824,1.0242266993063749,686350260.5662103,20.360508998228855,22038.39371578689,19552141.149260115,-8.424894325826299e-07,-5.6469493733273335e-08,-16.040345202276434,20.370304410430435,137.87821933836983,137.88482883363136,102.73677820740456,67534.39298631296,77465794.31749897,1.1072076201070677,0.38179504770114586,1.3930609345478735,3.3299465013913534,0.3771392317054509,1.2157210864632715,3.291774150846896,0.5550379301281401,5.400685050497285,-19.975,0.49075,0.60475,0.7646875,0.28375,0.939,0.7989999999999999
9.33605,1.0095,13.065,7.53,241.50625,0.09705056552082286,-22.95,10.587499999999999,42.895,-42.895,1.5398417201505596e-07,21.447498187043394,37.148160742044425,21.447501901859365,37.14815859729442,-37.148160742044425,0.0,11025596.724595128,14881046.941850673,0.4063718523939335,0.41148340276310463,1.1028723235299274,1.4086048120289019,1.6099571712565683,3.9317065552549653,8742267.474093579,15.671328773720301,9.353072274963294,0.24677140623085886,-0.011750676441490969,15.007868536559357,0.5925624808750718,692797630.3642498,30.397033821418315,17720.034871918524,14978065.099691536,-6.52899386017897e-07,-4.260884358075998e-08,-17.855596825115846,30.408820202902668,90.58368319516345,90.58523475112133,64.45074557663887,68084.1263634355,77824739.76215716,1.1386796311327416,0.3810193878206628,1.3830543328581826,3.3270679037222606,0.37622608237059524,1.204656521440772,3.289288469888991,0.5619245250053138,5.39192037185355,-14.025,0.62725,0.29575,0.8603125,0.8542500000000001,1.081,0.907
11.803550000000001,0.7985,10.555,12.51,239.89375,0.09739168809109558,-22.21,7.6825,45.645,-45.645,1.6385610284712038e-07,22.822498070814678,39.52973066955631,22.82250202378764,39.5297283873063,-39.52973066955631,0.0,11109759.130191073,18783215.619561363,0.4071588497661178,0.41215014082177304,1.1111375171652802,1.4189769098801583,1.61916934458217,3.934849012708622,8680778.271371417,15.38204995287087,19.099833984827924,0.3514907305168539,-0.02201809059559985,18.779729816208597,0.4648957148140429,998744442.919052,47.554438900050776,21490.752947261786,18880220.894519843,-6.905577040436897e-07,-3.0973527492922904e-08,-18.154685618887687,47.563008765762056,104.96419771755497,104.96538724322066,69.95192760939281,67629.53914773802,77528515.17358708,1.1147257193537203,0.3816669030155839,1.3913070736716178,3.3294449077163986,0.37698740920084944,1.2137925217902346,3.2913437588883023,0.5576519684631438,5.399261268481602,-5.824999999999999,0.38575000000000004,0.42325,0.7890625,1.42475,1.0230000000000001,0.9129999999999999
6.90355,1.0665,12.145,10.75,235.61874999999998,0.09832487822585391,-21.63,15.3825,43.495,-43.495,1.561380478329609e-07,21.747498161684398,37.6677759989561,21.747501928461894,37.6677738242061,-37.6677759989561,0.0,10639550.287599135,10125131.798667701,0.4091963566201908,0.4138757417176693,1.1337128555155835,1.44712114321632,1.644177687314212,3.943480606060011,8528879.95716459,15.610024561986233,13.045359817996651,0.265532568527512,-0.013256293847697729,12.330769597369155,0.5152589564761563,810689660.4980971,34.68171117509683,13079.246645944186,10222153.160924597,-7.492369183000538e-07,-5.7430266890168687e-08,-14.892960046923994,34.68648460319159,78.80889641262951,78.8111982555219,57.89210177008563,66424.354436354,76720518.04978094,1.0214161424313997,0.38328851669254294,1.4137285872271,3.33594371161886,0.3789054103602807,1.2386025758682977,3.2969511644391205,0.5238288608743036,5.417328035190289,-11.825,0.29425,0.47575,0.8146875,0.96975,1.2149999999999999,1.121
8.72355,0.7565,11.125,13.51,236.74374999999998,0.0980817431597365,-21.87,17.3075,54.545,-54.545,1.958052608127107e-07,27.2724976946563,47.23735698041294,27.272502418391863,47.237354253162934,-47.23735698041294,0.0,12024145.26016734,14352543.85148,0.40851297841387413,0.41327151181445,1.127705540804524,1.4396034988819515,1.6375301524984787,3.941116666082005,9043222.22669532,21.181204690718534,7.789813337435264,0.28659116539270585,-0.018090397968621143,15.077205584026784,0.4485144788445142,614210665.6803068,28.9636127101351,17084.418014389288,14449518.872518923,-8.474074866367763e-07,-5.300389068897315e-08,-15.522911869546506,28.976198079897493,114.33445848964773,114.34053822839479,80.91478081860978,66741.50830777084,76935796.7344957,1.0455451160834774,0.3828624814808433,1.4077858506348044,3.334202998924768,0.37840209233684724,1.2319929207770706,3.2954423883007187,0.532653237823033,5.412573588390287,-6.825000000000001,0.54325,0.17575000000000002,0.8165625,0.32575,1.181,1.327
13.25605,0.9235,11.885,7.55,246.38125,0.09606400067386049,-17.95,9.7825,46.595,-46.595,1.672664062254699e-07,23.29749803066294,40.35245482633314,23.29750206590831,40.35245249658313,-40.35245482633314,0.0,11887279.148214092,23445903.761911392,0.4040968404930198,0.40958384745837156,1.0783992802972637,1.3779889146769173,1.5824481725228818,3.922757801172269,9074843.48859252,15.780266995299279,11.199883624429182,0.4460465302342572,-0.015334774059219644,21.76443343648871,0.5830748328756375,769711041.6157662,35.62757788393135,26069.80075949475,23542916.793026365,-6.055450055883732e-07,-2.6659849502550918e-08,-14.480920379047308,35.645216972180705,113.34763995191857,113.34845684799829,73.72879875425009,69458.45980624185,78692938.9296491,1.211521857325419,0.37922986686089577,1.3584656952650673,3.320259301421049,0.3740791828943169,1.1777462871605902,3.283476423491652,0.5738448327118746,5.3724011126580855,-14.475,0.26425000000000004,0.19525,0.9003125000000001,1.00475,0.861,0.9650000000000001
6.88605,0.7244999999999999,12.795,9.55,249.45624999999998,0.0954719810900865,-19.63,14.822500000000002,54.195,-54.195,1.9454883325226617e-07,27.09749770944904,46.934248080547796,27.09750240287372,46.93424537079778,-46.934248080547796,0.0,10932475.242625756,10937021.27255678,0.40251296642243667,0.40824308196654924,1.0634538500982735,1.359235391466207,1.5654856723268877,3.9174221380637557,8692678.310436234,20.283819378420393,6.254229978027561,0.5708630964320494,-0.01641444384591536,12.823167518768154,0.9063165813168739,704456200.4654641,22.26392402856474,13784.828084595774,11034001.516397174,-8.98351144098221e-07,-6.623928417319962e-08,-13.721302176159526,22.279202410394745,101.66513200918678,101.67198139272772,78.14308620461648,70325.34705478123,79221484.2337303,1.2426441964181765,0.3781403088050493,1.3433566685439575,3.3162040666355304,0.3727552320814655,1.161318115794828,3.280037685269682,0.570703495006348,5.360757807270249,-11.675,0.40974999999999995,0.14875,0.8853125,1.16225,1.427,0.7889999999999999
11.78605,0.9275,11.185,9.23,238.35625,0.09772452600636125,-22.49,18.252499999999998,52.295,-52.295,1.877282264955671e-07,26.147497789752517,45.28879976699413,26.14750231863237,45.28879715224412,-45.28879976699413,0.0,13484858.382009747,22700808.460888065,0.40776602998089845,0.41264231519625305,1.119178991627764,1.4289749149987294,1.6280917430979236,3.9378552826489477,9660829.117418213,19.321155632669377,9.597926946829954,0.37423791982589794,-0.020229591239536236,21.50485938020399,0.4692374199176981,683873303.297324,34.17923013083418,25250.408507340602,22797790.718730494,-7.063941465792786e-07,-3.694411198630979e-08,-16.927839149346624,34.19370232357382,129.9589524066529,129.9651672964254,88.68904608181634,67196.09552346834,77241415.67863338,1.080668750799938,0.3822507884626313,1.3993202379727634,3.331746043643724,0.3776787501397227,1.2226199098953447,3.293321408431788,0.5455120767000796,5.405756087787283,-19.825,0.15625,0.62725,0.8215625,1.23225,1.069,0.971
12.11855,0.9415,13.365,13.83,238.65625,0.09765900774165222,-18.83,15.032499999999999,54.145,-54.145,1.943693436007741e-07,27.072497711562292,46.89094680913849,27.07250240065684,46.89094410188848,-46.89094680913849,0.0,13275506.733467864,22222241.578903034,0.4075799048151633,0.4124775634468584,1.1176018540853132,1.427003736097932,1.6263354201463611,3.9372458021506853,9662545.074971123,21.003873540752735,5.38357074926071,0.4331277240835591,-0.012927471130223208,16.603006467695128,0.7173282239456956,607460552.9872377,22.97702466848309,24784.29633677236,22319223.960231632,-8.051573675467143e-07,-4.225009775200676e-08,-13.997999623683567,22.98783493493498,133.27928905603014,133.28557100369164,92.78186511185159,67280.6698891795,77297727.93562467,1.0872714031624822,0.38213690399653827,1.3977521838433338,3.331293881746595,0.37754397493872677,1.220889104355103,3.2929321384229007,0.5478892232166162,5.404488296918701,-2.7250000000000014,0.42025,0.5042500000000001,0.8321875,0.28025,0.911,1.061
13.57105,1.0265,11.315,6.27,248.10625000000002,0.09572735699968667,-23.69,9.0125,46.645,-46.645,1.67445895876962e-07,23.322498028549692,40.39575609774245,23.32250206812519,40.395753765492444,-40.39575609774245,0.0,12332334.249608919,25585206.589207835,0.4032626799888564,0.4088864253236494,1.0699803361132831,1.3674246278924769,1.5729142417465505,3.9197472178936215,9219012.106368477,16.218937444375282,12.902301342616655,0.37848444310332024,-0.020423994332712723,23.89431383024514,0.5093597815869877,805408871.7056345,40.75056726183939,28119.346617270214,25682204.284871742,-6.253522925089663e-07,-2.7226440511523815e-08,-19.61171400219593,40.770517400673235,123.14096438272689,123.14180141242295,81.79562255808523,69944.76240908101,78992215.50379723,1.2289128235170097,0.3786201751589709,1.3499644482573365,3.3179690019361754,0.3733384554091722,1.1684822410795093,3.281530821552735,0.5720434835467878,5.365885393737921,-3.6750000000000007,0.10225000000000001,0.5762499999999999,0.9309375,0.60925,0.889,0.815
11.20855,0.9125000000000001,13.415,11.85,237.26875,0.09796483713194379,-19.79,10.0275,53.395,-53.395,1.9167699882839287e-07,26.69749774326103,46.24142773799888,26.69750236740368,46.24142506824888,-46.24142773799888,0.0,12110396.255313527,20031839.462427225,0.40824853474068007,0.41304492017843986,1.1249186649512652,1.4361248524433363,1.634446143864878,3.940037785013951,9182803.904888399,20.93733107570536,5.5154680902906215,0.4730124421403374,-0.013809788729291624,16.21202088213238,0.7839778707392288,620357925.2574995,22.461764989603736,22640.27388559316,20128819.957907427,-8.074287503319089e-07,-4.159290341334803e-08,-15.604067658802768,22.472102893356027,127.21507432524568,127.22134308916226,90.3188055924075,66889.5134477654,77035743.74383391,1.0569141974565541,0.38266342952518206,1.4050227526897987,3.3333981363390572,0.3781668057496589,1.228928231483476,3.2947464973068783,0.5368374555953307,5.410353367877166,-9.125,0.60625,0.12475,0.7790625,0.21025,0.7829999999999999,1.071
7.23605,1.0935000000000001,13.405000000000001,9.75,247.50625,0.09584170573040016,-19.689999999999998,8.3475,51.595,-51.595,1.8521537137467796e-07,25.797497819338005,44.68258196726383,25.797502287596078,44.682579387513826,-44.68258196726383,0.0,10253894.949375356,11905450.899069423,0.40343233910820686,0.4090068742657855,1.0728997511464353,1.3710674054829535,1.5762123510970707,3.920768894158495,8448356.288696181,19.16150342984755,6.350759787786066,0.631971060894858,-0.013834755646356785,12.684969653644869,1.0104515193326122,723075747.4917734,21.77632500441247,14743.734620639576,12002437.618341438,-8.678191743270267e-07,-5.61295431155855e-08,-15.190342742356584,21.79019093049061,99.49553300166261,99.50222336047712,75.75586656703574,69775.61367765868,78889512.53270912,1.2228277047887297,0.3788402442686999,1.3529214571611021,3.3187684871002214,0.3736038357806902,1.171693909152893,3.2822089342648213,0.572644642894302,5.36827021965841,-11.625,0.56275,0.21775,0.8028125,0.73525,1.357,1.377
11.366050000000001,0.8075,12.655000000000001,8.21,247.09375000000003,0.09592415384213764,-17.55,10.307500000000001,44.995,-44.995,1.6152273737772331e-07,22.49749809828692,38.96681414123531,22.497501994968225,38.96681189148531,-38.96681414123531,0.0,10920427.03650495,16503830.457033277,0.403869642210643,0.4094153064327198,1.0749158250386908,1.3736314521338018,1.5785261635514267,3.921543462037693,8692895.77261102,15.52501537550154,9.414941733659571,0.3189776523393721,-0.012157948155698985,16.94400458227483,0.5444498904963999,688656303.0204827,30.649725794601068,19321.434000849054,16600852.468628513,-5.972585489706185e-07,-3.3129008643065376e-08,-13.726254240685243,30.66381276891423,94.4875648431418,94.48875818604887,61.82077611160182,69659.32392480587,78816549.36776358,1.2186713217754863,0.37898313640444775,1.3549510196105288,3.319313000367738,0.37377822700036273,1.1739069124743762,3.2826714148883958,0.5730730741980514,5.369784514539553,-1.875,0.56725,0.61825,0.9740625,0.5707500000000001,1.479,1.409
12.52105,0.8485,11.725,13.530000000000001,237.19375,0.09798155144762048,-23.03,16.2575,46.995,-46.995,1.6870232343740655e-07,23.497498013756946,40.69886499760759,23.497502083643333,40.69886264785759,-40.69886499760759,0.0,13343840.401776507,23041840.06552168,0.4083418670184891,0.413133607103806,1.1253174702633355,1.4366301656557332,1.63489503103541,3.9402052487471213,9641440.403631177,17.03446563804098,10.78773933456378,0.3141398285100986,-0.013351623393368853,18.59156673120662,0.3774235986926184,691421714.437412,36.2396914342433,25631.832347446456,23138841.684799634,-7.446543943074526e-07,-3.5930383705331976e-08,-17.481166172299442,36.25364947879172,117.86071113458526,117.86152944284933,81.70673281840486,66868.3698563376,77021488.79315463,1.0552865965994214,0.3826918659273756,1.4054170294803026,3.3335128088845765,0.3782004268933538,1.2293652803115864,3.294845590543431,0.5362464026996085,5.41067037577426,-12.925,0.57325,0.52825,0.8396875,0.8367499999999999,1.353,0.851
11.62855,0.7114999999999999,13.715,12.73,247.43124999999998,0.09585832847083521,-17.91,9.1875,60.995,-60.995,2.189594258551891e-07,30.49749742204713,52.823220992213535,30.497502704369083,52.82321794246353,-52.823220992213535,0.0,12612507.921123011,22941300.34312153,0.40339379962440214,0.4089609172058896,1.073263408536144,1.3715115460576748,1.5766124354321047,3.9208730650479273,9418562.153598946,24.609172433414283,4.720928315286892,0.6416538964686638,-0.016984097939691658,17.01571595282106,0.9615454456774735,654353164.7919703,19.817092283942273,25438.177591899726,23038259.40053092,-8.91710861428449e-07,-4.1352390517577104e-08,-14.290801165447697,19.827873408010152,154.69269721380937,154.69942225494967,110.75813500751127,69754.4700862309,78874893.40153478,1.2220711991141342,0.3788662282282118,1.3532901820875443,3.3188673086669955,0.3736355536813994,1.17209577112186,3.2822928339861344,0.5727207755561099,5.368545525961723,-16.475,0.29275,0.15175,0.8309375,0.9347499999999999,1.417,0.8109999999999999
7.84855,1.0215,12.055,9.61,242.51874999999998,0.09683987132897726,-17.41,19.5825,51.645,-51.645,1.8539486102617006e-07,25.822497817224757,44.72588323867314,25.82250228981296,44.725880656423136,-44.72588323867314,0.0,11255404.095189687,10247789.592991205,0.4057725436211825,0.41095920106575806,1.0977174727190904,1.4021335110533735,1.6041734809318084,3.9297686073229823,8763981.197690405,18.5932092423068,7.760675528809758,0.3762796069306295,-0.015556810616593825,13.543389515468853,0.5944863327633007,675260989.2184899,26.49535279917794,13147.714063278934,10344787.202779025,-8.170566018492153e-07,-6.443460289766805e-08,-10.863643607953918,26.509002767894337,90.59898877955557,90.60524195192906,66.64216713396338,68369.56484771067,78008568.57114334,1.1537011392677794,0.38064271867931343,1.3778953457426393,3.3256178870417465,0.37577630788995764,1.1989798649657644,3.2880443954736447,0.5644498961052398,5.387779801248517,-3.5749999999999993,0.5417500000000001,0.40074999999999994,0.9090625,1.40375,1.097,1.375
10.386050000000001,1.0075,12.395,11.19,242.36875000000003,0.09687108309779216,-20.27,20.6675,48.295,-48.295,1.7336905437620064e-07,24.147497958812465,41.82469805424957,24.147502141282153,41.824695639499566,-41.82469805424957,0.0,12684252.061981708,15825263.179532189,0.405863912155724,0.41103930412697426,1.098478092470734,1.4030880454795298,1.6050264243672747,3.930048923890968,9364704.7911762,17.227637875128824,8.456154243670717,0.3069554246086412,-0.012906868621709446,15.569790022539653,0.44325515027664747,640062352.0309683,29.799456974163434,18608.68596129848,15922268.36224629,-7.305585827010744e-07,-4.940342303587716e-08,-13.697760292792823,29.813940001246166,102.0994211672068,102.10072490566196,71.51976895181967,68327.27766485511,77981419.6961319,1.1514674887634229,0.3806966908420155,1.3786562583999222,3.3258298498383856,0.37584122801145925,1.1998171530081523,3.288226064549935,0.5640707881878692,5.388365405585415,-2.875,0.31074999999999997,0.42925,0.8234375,1.00125,0.999,1.095
8.65355,0.9985,14.125,9.59,246.75625000000002,0.09599004990073176,-23.17,19.4075,42.345,-42.345,1.5200978584864303e-07,21.172498210289135,36.671846756542045,21.172501877473707,36.67184463929204,-36.671846756542045,0.0,12573398.265143977,15084582.239053607,0.403842625460236,0.40935843233322955,1.0765615296897142,1.3756708988634614,1.580362412506617,3.9220878473751726,9431018.123165749,15.063414156482438,7.893955989929552,0.2977399487640269,-0.008851777521690037,13.22474832771839,0.6503185087308418,687787382.6208823,28.09605878953041,17945.015369316217,15181607.576294847,-7.254170446364859e-07,-5.647735100908234e-08,-15.721686650510796,28.11115519969137,90.13833628794893,90.14005976938112,67.29724737341674,69564.17776338081,78758229.84317426,1.2152765533531846,0.37910006114677125,1.3566145205445752,3.319760380224912,0.3739208632009834,1.175722915283875,3.283051785715076,0.573418324608293,5.371024522128787,-1.2749999999999986,0.55525,0.39625,0.9646875,1.1692500000000001,1.2069999999999999,1.417
8.07605,1.0595,11.445,11.73,235.50625000000002,0.09834978739757293,-19.53,17.2725,56.695,-56.695,2.0352331582687017e-07,28.347497603786575,49.09931165101314,28.347502513717604,49.09930881626313,-49.09931165101314,0.0,11611476.397009846,12295595.769026738,0.40908683671645957,0.41375565368846323,1.134312102983755,1.4478453235274968,1.6448141659618283,3.943667761384612,8870804.35243194,22.259471491788936,6.860240866259952,0.35334042191184845,-0.01961691943131685,14.536920167041279,0.529515529210369,633877349.4521021,25.509925759812926,15070.110625012408,12392568.627179515,-8.707068149191205e-07,-5.952264163693082e-08,-13.39982881026016,25.521397711606614,110.0786647857472,110.08489656633519,80.44600388013033,66392.63904921233,76698801.64147215,1.019020087068602,0.38333109639918805,1.4143245105485232,3.3361190078536977,0.3789556888080937,1.2392666993718597,3.2971033787267277,0.5229486720459494,5.417803540175361,-1.625,0.33325000000000005,0.23275,0.8615625,1.45275,1.161,0.721
11.48855,0.8395,13.445,8.93,241.88125,0.09697165307017709,-20.91,10.6925,51.144999999999996,-51.144999999999996,1.835999645112492e-07,25.572497838357247,44.29287052458007,25.57250226764418,44.29286796733006,-44.29287052458007,0.0,12386102.57173567,21432774.79338062,0.406059765337405,0.41119767671230817,1.1009596642444213,1.4061872682603083,1.6078005117176228,3.9309598682678377,9316251.503868518,19.43490114117864,5.676111272607931,0.38810978823649234,-0.013992491341872745,17.639119536896693,0.7037404071752661,606635439.3344831,23.65714558992991,24030.507491181983,21529761.50999556,-7.037798466865678e-07,-3.8016218560022614e-08,-16.591496374155046,23.66922109648757,124.84355496803715,124.84978981501703,86.07968466583905,68189.84432057446,77893091.97591113,1.1442300653948765,0.3808844345126129,1.3811453117067483,3.3265334388301673,0.3760638849249525,1.2025509015621965,3.2888294266816356,0.5628724173454066,5.390454332656554,-12.475000000000001,0.51325,0.24175000000000002,0.9103125,1.05025,0.9530000000000001,1.2890000000000001
12.46855,0.9175,12.535,7.65,246.19375,0.09609972169003851,-20.189999999999998,8.5225,42.295,-42.295,1.51830296197151e-07,21.147498212402386,36.62854548513274,21.147501875256832,36.62854337038274,-36.62854548513274,0.0,11057670.145447051,18825558.057703935,0.4043498634734528,0.40982526720692847,1.0793320455151931,1.3791768861019158,1.5835271661496024,3.9231404250117348,8741640.717547685,14.639704397057312,12.02887599297517,0.2897622474212748,-0.012985175652060114,18.19340410407572,0.468247264873147,791789088.9772701,35.39908692863661,21599.80225324876,18922585.65401775,-5.59224749603449e-07,-2.9237311414413618e-08,-16.361467497501465,35.41047659513851,95.16209124218342,95.16310458563133,60.93139702556558,69405.60082767237,78660340.01095054,1.2092746666484928,0.3793079210656524,1.3594071101673313,3.320522752427424,0.37417075868349925,1.178766364975885,3.283700440244864,0.5738025438594244,5.373287798838269,-6.124999999999998,0.69475,0.63625,0.8221875,1.1727500000000002,0.7749999999999999,0.893
9.75605,0.9075,10.845,11.67,240.64375,0.0972336861591171,-20.43,14.5425,41.745,-41.745,1.4985591003073806e-07,20.872498235648127,36.15223149963036,20.872501850871174,36.15222941238036,-36.15223149963036,0.0,10565560.41663944,11729963.21984272,0.40694550788491146,0.41199426817633855,1.1072865265401006,1.414165641727659,1.6149067336445593,3.933399388303484,8444662.47492788,10.523269116101341,37.92689194270943,0.3406403706471647,-0.05857807207677496,14.842228408368143,0.4182528979637681,1495360727.504079,64.3511546152376,14684.079236309428,11826996.526472429,-6.397185783962377e-07,-4.125342299223937e-08,-14.765254722425526,64.47434676330055,80.17892316748599,80.1887378115044,52.065747133860725,67840.97506201593,77666674.8850714,1.1259770023884328,0.3813297455398094,1.3874577998761657,3.328305819250766,0.37659886051684444,1.2095230814134006,3.290353575807485,0.5597479707980695,5.395294930855598,-0.5750000000000028,0.6017499999999999,0.11725000000000001,0.9271875,1.46325,1.411,0.819
8.40855,0.7354999999999999,14.275,6.17,245.93125000000003,0.09615138221120619,-19.05,15.9775,44.895,-44.895,1.6116375807473917e-07,22.44749810251342,38.88021159841671,22.447501990534473,38.8802093536667,-38.88021159841671,0.0,11358480.22081212,13108483.641917419,0.4042461368457231,0.40969754553787446,1.0806255185853657,1.380762145677587,1.584959166595811,3.9235556101765754,8952598.026386999,15.899644819561056,7.142714159292417,0.4279224137552683,-0.009727673997885202,13.323035793653546,0.8138850371878078,732595851.2148498,24.383886122245773,16006.238527874195,13205505.274009539,-7.054970301722626e-07,-5.399456480582158e-08,-13.34378010264891,24.397589302973387,87.68802006952289,87.6900386338803,64.88382216912203,69331.59825767511,78614489.32081234,1.2052513039270734,0.3794023758390286,1.360716145708972,3.320878900034704,0.3742847995087329,1.1801904648239698,3.284002688664905,0.5731385841592432,5.374306831384751,-3.424999999999997,0.13075,0.36175,0.8803125,0.40974999999999995,1.311,1.269
10.61355,0.9475,12.635,13.73,236.14375,0.09820980394979957,-17.77,12.5475,42.695,-42.695,1.532662134090876e-07,21.34749819549639,36.9749556564072,21.347501892991854,36.97495352165719,-36.9749556564072,0.0,10972383.264552139,14260192.131518532,0.40904964539467414,0.4137682543229858,1.1309071805997335,1.4436331670605007,1.6410984870932994,3.942413664607247,8707088.84100709,14.891107008663653,11.642293521594507,0.2890266801541751,-0.00965901277449762,13.86803629402162,0.462978714712622,772799092.9792836,32.98782208770853,17148.365903328813,14357226.57491267,-6.713095466918794e-07,-3.917261497619843e-08,-13.073816078593786,32.992551173514464,84.10037453758756,84.10170646461273,56.23101096933045,66572.35957634854,76821552.57648265,1.0326383333465017,0.38308975829809205,1.4109515474122751,3.3351286122970887,0.3786706504859728,1.2355108296692512,3.296244040886037,0.5279429251750001,5.415109250914733,-14.424999999999999,0.25675,0.6752499999999999,0.8465625,0.59175,1.101,1.453
7.58605,0.7595,12.885,11.21,241.95625,0.09695594728447028,-21.79,19.0575,44.395,-44.395,1.5936886155981837e-07,22.197498123645914,38.44719888432363,22.197501968365696,38.44719666457363,-38.44719888432363,0.0,11747353.524209041,12153597.83101784,0.4060906139010232,0.41123553260308165,1.1005800855733312,1.4057224867022173,1.6073868478544315,3.9308446465452374,9031193.06305601,15.89609826964924,9.606681980339514,0.293757463533874,-0.01087417006514769,12.660869313522241,0.5760601681758633,738963955.2633803,30.354082185415685,15060.619055977986,12250616.321134834,-7.568969226682058e-07,-5.907045372886178e-08,-14.399620124708344,30.366892452271443,86.25087613927688,86.2528723006949,63.683640789393316,68210.98791200224,77906714.7479978,1.145342223704107,0.3808574454915563,1.380763867198898,3.3264268095955405,0.37603143971653796,1.2021305125446,3.28873790980489,0.5630601736225577,5.390161334232237,-10.024999999999999,0.36924999999999997,0.33025000000000004,0.8384375,1.41075,0.9369999999999999,1.195
12.39855,0.8995,12.995000000000001,11.370000000000001,239.78125,0.09741587007278266,-19.83,20.9825,60.745000000000005,-60.745000000000005,2.1806197759772874e-07,30.37249743261338,52.60671463516701,30.372502693284698,52.606711597917,-52.60671463516701,0.0,15174761.516929131,27164994.11472078,0.4070019093182604,0.4119816896661978,1.1117187395448012,1.4196699379310245,1.619786881733704,3.9350112350048385,10414104.327301724,24.66907980975611,4.802217300739235,0.47036071393319817,-0.01899543523486089,19.896099746433347,0.6970797458581064,598650008.6564333,22.393817046981624,29552.234527826167,27261955.026715867,-7.844852267661553e-07,-4.335715249343812e-08,-14.197116032813561,22.40351318161544,164.0397564785774,164.04655733689822,112.46563748959406,67597.82376059634,77507585.77072191,1.1122217040194262,0.3817095314485468,1.391891175394929,3.3296117774471305,0.3770379427685036,1.2144347710204253,3.291486927266701,0.5568299601406574,5.399734230980354,-8.325,0.44125000000000003,0.6467499999999999,0.9915625,0.72125,1.403,1.357
10.823550000000001,0.7815,11.015,11.05,243.75625,0.09658573529471239,-20.71,13.282499999999999,57.445,-57.445,2.062156605992514e-07,28.722497572087835,49.748830722152746,28.72250254697077,49.74882784990274,-49.748830722152746,0.0,12034984.684766859,18089893.40884306,0.4051502080061017,0.41043113305504486,1.0914753121203717,1.3943090723668767,1.5971649991423467,3.927460229526751,9025587.883198205,22.282912938576,6.867312352139557,0.3393919916081098,-0.02271736181878078,18.672969519760763,0.4776007030380787,579697497.1565001,28.34155416052797,20717.669598223518,18186859.32595509,-8.07141276540135e-07,-4.194684495689326e-08,-15.943453954023587,28.356434795969836,131.29479896832842,131.30106160469117,90.51565368506176,68718.43410626921,78230525.81439024,1.1722316954574947,0.38019740964248167,1.3716379952819113,3.323882744108991,0.375240295047812,1.192109806275809,3.286560152360808,0.5675775531046577,5.382953316721017,-5.775000000000002,0.23725000000000002,0.14275000000000002,0.9859375,0.32225,0.893,0.9289999999999999
10.24605,0.9505000000000001,11.504999999999999,13.370000000000001,249.94375,0.0953806886335698,-22.01,7.4725,46.495,-46.495,1.6690742692248573e-07,23.24749803488944,40.26585228351452,23.247502061474556,40.26584995876451,-40.26585228351452,0.0,10673124.266433684,15587582.161964219,0.4024510427634415,0.4082235292934424,1.0611181029342052,1.3563345556579982,1.5628498610708255,3.916645930096432,8540010.69292801,16.530296538013655,10.343338416775486,0.2608569788607179,-0.013887701251363148,15.395547271815538,0.3942039606534675,685669843.4165108,34.194998353377095,18378.88912869603,15684583.9811288,-7.255479453525292e-07,-3.790470147806379e-08,-17.680740966800993,34.21159695511007,99.20372119305509,99.20510140946134,67.14039215863141,70462.78039906186,79303483.33211748,1.2476182099936601,0.37797140892729725,1.340985083214605,3.3155773526177685,0.3725485670497312,1.1587517163738896,3.2795088062775615,0.5702245632073045,5.358975085148702,-5.575000000000001,0.55075,0.30475,0.8440624999999999,0.15075,1.071,1.193
8.49605,0.7725,13.035,12.59,235.43125000000003,0.09836644287363427,-16.43,17.692500000000003,51.095,-51.095,1.8342047485975714e-07,25.5474978404705,44.24956925317076,25.5475022654273,44.24956669842076,-44.24956925317076,0.0,11609876.331756387,12285210.109153496,0.4091761678152569,0.41384036996715096,1.1347154160860782,1.4483565676946588,1.645265806569108,3.943838919790374,8974185.437793283,19.017295541914265,7.03743258351132,0.49200451579812843,-0.011863780848587753,12.957098937497364,0.7715784666136835,709657183.0400043,23.409721347812383,15134.021009802365,12382211.403610127,-8.079768311933958e-07,-5.711379626720064e-08,-10.648364618928467,23.419909825220245,95.88216614347174,95.88806507073515,68.9891206489701,66371.49545778452,76684308.43881226,1.0174243689067641,0.38335947789149344,1.4147219864883565,3.3362360011201018,0.37898920041165124,1.2397098009320222,3.2972049951456315,0.5223618729601971,5.418120499964957,-19.725,0.63625,0.21625,0.7584375,0.8892499999999999,1.433,1.0070000000000001
7.67355,0.7845,14.485,7.35,248.78125,0.09559859348139932,-18.13,12.512500000000001,50.795,-50.795,1.8234353695080467e-07,25.397497853149996,43.98976162471492,25.39750225212604,43.989759084964916,-43.98976162471492,0.0,11039804.291119862,12936111.13515099,0.4028545077191523,0.408531107647194,1.0667124582150689,1.363316463944605,1.5691952878905617,3.9185777613640824,8842478.34595922,18.3221884787454,6.724421353892757,0.8026261450696329,-0.01194728884223469,12.90763613474151,1.2360193932773726,816028401.7053227,20.11845570546155,15774.590068019283,13033106.87743478,-8.031928125171893e-07,-5.745659905319687e-08,-13.236403360232798,20.131609305802012,97.68956519896678,97.69601143886705,73.28697733442571,70135.05473193112,79107108.57413533,1.2357550388320138,0.37838632545323614,1.3466611778353104,3.3170891626086956,0.3730527069133891,1.1648934448250017,3.2807858456022583,0.5713675617562735,5.363411829340543,-8.674999999999999,0.32575,0.37075,0.8515625,0.14024999999999999,1.199,1.165
10.01855,0.9595,11.555,10.59,243.41875000000002,0.0966545352512038,-17.17,8.2775,55.395,-55.395,1.988565848880761e-07,27.69749765873106,47.973478594371166,27.697502456078784,47.973475824621154,-47.973478594371166,0.0,10582747.819328353,14652034.888447784,0.4053529967363719,0.4106086720982399,1.0931731833133642,1.3964415158444197,1.5990780645907023,3.928094275731746,8466108.076031208,20.998207048079188,6.8199829310855495,0.38568459961357004,-0.019203110827819576,16.60029410926528,0.5705311164194866,620332285.6653538,25.780147571307417,17395.959097631014,14749013.375834621,-7.616432731794128e-07,-4.092218058370457e-08,-13.589944656822741,25.794082952315016,113.15734863456494,113.16333526588305,77.40773780601656,68623.28794484415,78170282.96535625,1.1671596732011613,0.3803188668136812,1.3733409591460528,3.324353578106356,0.3753865585686924,1.1939768578960643,3.2869624012186733,0.5667245509999123,5.384268833194716,-5.375,0.5102500000000001,0.45775,0.8203125,0.39925,1.443,1.079
12.04855,1.0775000000000001,14.225,7.07,246.83125,0.09597534184544422,-20.23,11.3225,55.895,-55.895,2.006514814029969e-07,27.947497637598566,48.40649130846423,27.94750247824756,48.40648851371422,-48.40649130846423,0.0,13154536.429723449,24638665.96747778,0.403693409461659,0.4092130313338014,1.0761918383161213,1.375189348188874,1.579927796562924,3.9219203957281814,9659250.021505682,21.737025526374165,7.367125423634065,0.6523565221234358,-0.01593863063607273,18.50538036895804,1.058045321729279,727033488.3492332,20.58325372626625,27125.110246628356,24735637.212057814,-7.556521550765431e-07,-4.008330305938687e-08,-16.02435786127283,20.59436319348119,145.58424731247933,145.59089177009238,102.31846636991429,69585.32135480856,78771235.3990137,1.2160304655546001,0.3790740738028186,1.3562446328779043,3.3196608161634957,0.3738891671991491,1.1753189503146229,3.2829671034707566,0.5733414610573992,5.3707488360719005,-18.325,0.66475,0.64825,0.9640625,1.29525,1.089,0.755
13.16855,0.9745,11.665,12.63,242.78125,0.09678563861649006,-17.07,10.5175,59.445,-59.445,2.1339524665893462e-07,29.72249748755786,51.48088157852502,29.722502635645874,51.48087860627501,-51.48088157852502,0.0,13572853.971033493,29552490.90716386,0.4055700187956542,0.4107752517718135,1.096387480870221,1.4004534743097348,1.602669920683071,3.9292469665795124,9754333.211302087,23.338217537878233,6.445605235164065,0.5566732418293102,-0.0199941643204288,22.422399678092848,0.7633830032112975,678176600.981142,27.164252769904223,31900.0545506091,29649457.11530081,-7.613206410887624e-07,-2.995548891057184e-08,-13.663671130256127,27.176733685654938,163.9947271361408,164.0015398837914,109.50635822576403,68443.56741770793,78055810.42258725,1.1576165510704866,0.3805482637911956,1.376564993485384,3.325247803607329,0.37566267042102774,1.1975169829585246,3.28772739572476,0.565113337857929,5.386755284502199,-17.125,0.53275,0.36475,0.9628125000000001,0.46225000000000005,1.153,1.189
7.46355,0.7715,13.725,13.61,247.80625,0.09578487234690893,-18.79,19.2325,46.795,-46.795,1.6798436483143822e-07,23.397498022209945,40.525659911970365,23.397502074775822,40.52565757222036,-40.525659911970365,0.0,12027007.658543793,12524127.737996262,0.4033359497396828,0.40893485943656005,1.071435148576034,1.3692416049977134,1.5745565347208585,3.9202559717845276,9220465.330001015,16.42028814365369,6.963106869776061,0.4197389768647494,-0.009090177863591602,11.768622897456645,0.7360173158693576,693975757.7271585,24.767155931583822,15421.532817139429,12621142.731675945,-8.016498184241536e-07,-6.183999772097777e-08,-11.825789792886868,24.78199869230847,89.84831274880788,89.85035914956029,66.06328244252796,69860.18804336984,78941019.77065822,1.2258796465085817,0.37872410107489407,1.3514359462459347,3.318362144903902,0.3734653784379506,1.1700833812362572,3.2818641377826396,0.5723460833273186,5.3669855756108715,-13.725000000000001,0.12625,0.35875,0.8253125,0.66525,0.749,0.983
9.82605,0.8045,11.855,12.91,247.88125000000002,0.09577043890733151,-20.13,20.4925,52.045,-52.045,1.8683077823810668e-07,26.022497800318764,45.0722934099476,26.02250230754798,45.07229080769759,-45.0722934099476,0.0,12672277.758822307,15565960.163262848,0.40327421276801273,0.4088785633735503,1.0710702258259204,1.3687794407923204,1.5741387027801457,3.9201169016085275,9351780.409372475,18.893681756402046,7.470684470834248,0.31779883978058593,-0.01483424767712142,15.411827691815734,0.4397624578801878,625719376.745008,28.737276358594436,18323.88440351799,15662950.081743157,-7.884602932206809e-07,-5.1273740016860035e-08,-13.585948656769036,28.75435898694058,110.28571819538257,110.29169713268941,77.37560259388552,69881.33163479765,78953857.65744063,1.226637537522252,0.3786981216369248,1.3510678773569709,3.3182637386470617,0.3734336536760058,1.1696827440213533,3.281780681655168,0.5722703045595595,5.366710508097386,-3.075000000000003,0.57475,0.41425,0.7696875,1.3267499999999999,1.113,1.263
8.44355,0.8725,11.565,9.77,241.54375,0.09704264827490128,-21.85,19.6175,49.945,-49.945,1.792922128754393e-07,24.972497889075235,43.253640010756705,24.972502214439118,43.253637513506696,-43.253640010756705,0.0,11739617.539707655,12283077.469365133,0.406234960790872,0.4113475942891825,1.1026786766205243,1.4083460309436586,1.6097256340695336,3.9316092116214283,8934973.336132232,18.05440311014767,9.40688721802302,0.2690778606509159,-0.017043700846239688,14.860691636735057,0.4674534630139404,656779516.1962638,31.447111049249987,15121.74460420871,12380071.18559709,-7.799952774741735e-07,-5.7614528515087934e-08,-14.809498398438908,31.461474293467145,97.03297149361836,97.03900766086198,70.47958626807954,68094.6981591494,77831590.58985369,1.1392338624000589,0.3810058883292775,1.3828632795772609,3.327014351596238,0.37620986155972846,1.2044456805758246,3.289242452560065,0.5620193105856882,5.391773664348485,-19.175,0.4922500000000001,0.28675,0.8834375,1.35125,1.147,1.4769999999999999
11.19105,1.0565,11.965,12.05,244.61875,0.09641256380966086,-23.23,14.612499999999999,47.995000000000005,-47.995000000000005,1.7229211646724817e-07,23.99749797149196,41.564890425793735,23.997502127980887,41.56488802604373,-41.564890425793735,0.0,12371422.493521156,18404939.4171205,0.4048182918577416,0.4101666993662107,1.0871504666838698,1.3889128287623658,1.5923087320733642,3.9258980961540484,9223519.657479018,17.514366213317164,8.72344094284371,0.2601979516823364,-0.0140869033773507,16.755536828140542,0.4452930893697923,634648470.243023,31.72505820228355,21104.544138947123,18501935.324409522,-7.332637685309079e-07,-4.1646056173269e-08,-17.585200831941247,31.74079907283506,110.75405924259056,110.75517417468231,76.40656069786642,68961.58540768879,78383659.19360697,1.1852535629062522,0.37987479577000016,1.3672862998182838,3.3226756195892144,0.374854667697699,1.1873553512136559,3.285530642698503,0.5697393632488045,5.37941099520444,-2.125,0.6512499999999999,0.60325,0.9265625,0.8192499999999998,1.385,1.175
12.06605,0.8355,13.945,13.97,237.75625000000002,0.09785652668648191,-16.63,15.7675,48.545,-48.545,1.7426650263366106e-07,24.27249794824622,42.04120441129611,24.272502152366542,42.041201984046104,-42.04120441129611,0.0,12679431.9021552,19328382.056250654,0.40809212336352857,0.4129251688851059,1.1223416723036044,1.4329229929082292,1.6316040273256498,3.939072145046396,9467936.656981003,17.82302648932939,6.408802196308348,0.4291595757097794,-0.009199866545856894,15.034660357543398,0.6803914199359075,677256847.8305166,23.724076858998064,22033.57819806583,19425392.79046593,-7.31117217508083e-07,-4.145609383485878e-08,-11.831311901349842,23.73488898205741,108.50105728798,108.50205676389187,73.58058516780248,67026.94679204603,77128272.7280718,1.0675278100674985,0.382478460758605,1.402462862984278,3.332654979330837,0.3779480924212462,1.2260936997006586,3.294104909578963,0.5407652660436515,5.408291811983062,-7.025000000000002,0.6962499999999999,0.6077499999999999,0.8478125,0.9592499999999999,0.903,1.047
6.69355,0.9665,14.445,9.27,243.23125000000002,0.09669292880192096,-22.13,11.1475,47.945,-47.945,1.721126268157561e-07,23.972497973605208,41.52158915438442,23.97250212576401,41.52158675713442,-41.52158915438442,0.0,10991842.44257407,13359507.037686292,0.4053943113622012,0.41063484431707237,1.0941167714286741,1.3976161388510098,1.6001303705770848,3.9284283735711827,8809987.318386279,18.031715385413175,6.408236390940439,0.6394516954160783,-0.010866748123815698,12.139931640006235,1.0624446465698991,760353769.3890233,21.661856841217137,16183.170278575984,13456504.11617926,-8.568057267077798e-07,-6.107277057215812e-08,-16.49989191048595,21.67423519095682,99.26669726775127,99.26898375000226,77.90642825739441,68570.42896627467,78136715.13270253,1.1643477906333357,0.380386340103338,1.3742881907059348,3.324615918616787,0.3754677897870287,1.195016201760641,3.287186686283678,0.5662506663088401,5.384999942960421,-14.524999999999999,0.6467499999999999,0.64225,0.8071875,1.15175,0.819,1.397
8.98605,0.7785,14.285,13.09,247.73125,0.095799329552444,-20.97,8.5925,51.995000000000005,-51.995000000000005,1.8665128858661463e-07,25.997497802432015,45.02899213853829,25.997502305331103,45.02898953878828,-45.02899213853829,0.0,11567259.613481555,17502488.007479332,0.4032860383389241,0.40887730606600076,1.0717975626083505,1.3696827612247788,1.5749543167712332,3.9203568587007473,9054317.8207687,19.802263251551103,8.25774242406147,0.7347522902896303,-0.011640055560297596,13.56365933280905,1.194641893228129,830542436.4545859,20.597712298037898,20193.018079369922,17599470.27295064,-8.543744386783553e-07,-4.852862365078851e-08,-16.51573776349947,20.610426839900203,118.80485656692281,118.81129594522325,87.91490879266536,69839.04445194206,78928166.36681686,1.2251220321988106,0.37875008090115275,1.3518041448219993,3.3184606329986353,0.373497100628161,1.1704842471313104,3.2819476790518927,0.5724219121242681,5.367260685226933,-7.824999999999999,0.31225,0.44875,0.8153125,1.36525,1.131,0.827
12.748550000000002,0.9465000000000001,10.755,6.8100000000000005,235.09375,0.09844186980498057,-20.45,16.9575,41.945,-41.945,1.5057386863670641e-07,20.97249822719513,36.325436585267596,20.97250185973869,36.325434488017585,-36.325436585267596,0.0,11948891.786866114,19627457.519115634,0.40963206403790486,0.4142756708046525,1.1365343197544675,1.4506661957868432,1.6473045947047302,3.9446104878717234,9021348.639667494,8.606929370089107,50.58022273727832,0.5155759087135052,-0.1305295423236232,22.00009347879798,0.6527470846187954,1933483927.6491938,76.86283125362708,22380.821503325507,19724491.080364637,-5.516128325064423e-07,-2.905203303050659e-08,-15.438955543264187,76.94269993432576,105.69568174518184,105.72281380310055,60.84181257411546,66276.34929635949,76618930.38939068,1.010260646757169,0.38348716475798744,1.4165121766740985,3.336763678428015,0.3791399483098926,1.2417070260146612,3.297663638598058,0.5197246337188866,5.419546827267754,-2.3249999999999993,0.44875,0.11875000000000001,0.7615625,0.5392499999999999,0.9129999999999999,0.831
10.28105,0.8805000000000001,13.355,13.75,240.79375000000002,0.09720170430870996,-16.29,7.8575,56.445,-56.445,2.0262586756940977e-07,28.22249761435282,48.882805293966605,28.222502502633215,48.882802471716595,-48.882805293966605,0.0,11222747.792241678,17275749.287976146,0.4065152242692838,0.41156961776300904,1.1065095046798563,1.4131389489156176,1.6139902284327148,3.933012036842335,8841876.137420505,22.036246635070693,6.686611573496474,0.6774618240815232,-0.014009695373011187,14.822832126311122,0.997488990268047,684939472.2574499,20.620851197128385,19946.990744596867,17372725.909181237,-8.497590852618749e-07,-4.194140755656178e-08,-12.90288111018019,20.631460163541057,122.82543340313113,122.83156464905366,86.03359552228629,67883.26224487151,77694227.48336042,1.1281797591866165,0.3812757721754779,1.3866907120888012,3.32808965947259,0.37653405663051814,1.2086743822788888,3.2901674060465886,0.5601270847580699,5.394707743248765,-2.9250000000000007,0.5357500000000001,0.26725000000000004,0.7803125,0.17525000000000002,1.391,1.151
10.806049999999999,1.0345,12.465,10.49,242.48125000000002,0.09684766703962969,-20.79,8.1025,59.645,-59.645,2.1411320526490295e-07,29.822497479104864,51.65408666416225,29.82250264451339,51.65408368191224,-51.65408666416225,0.0,12343346.907796059,21587382.420878276,0.40570396798106156,0.4108861489324867,1.0979054849378893,1.4023544832694905,1.6043697413088422,3.929805782141944,9239498.822071658,24.31841508027026,4.96886598007683,0.43888391791458486,-0.021222399639552032,18.54032952994355,0.677583267207768,588797120.8153872,22.402553951587237,24103.552753089105,21684338.952416826,-8.038579413469107e-07,-3.912126225220463e-08,-16.944521325231456,22.41366112862533,148.3692035056491,148.37582020336964,103.01059708934672,68358.99305199679,78001785.4738532,1.1531425544416745,0.38065621125357,1.3780855165942287,3.3256708420796115,0.3757925387529628,1.199189099430118,3.2880897773656828,0.5643551188935679,5.387926184517791,-16.775,0.34375,0.67975,0.9703125,0.21725,1.381,1.157
9.87855,0.7454999999999999,14.375,11.31,235.05625,0.09845029679531543,-18.15,12.6175,43.995,-43.995,1.579329443478817e-07,21.997498140551905,38.10078871304918,21.99750195063067,38.10078651329917,-38.10078871304918,0.0,11330868.269141303,14974486.112543087,0.4094377269584008,0.41407602834191953,1.1367311526637454,1.450884061981676,1.6474939764369925,3.944640744527345,8939361.873715078,15.982774220213447,7.517653718427024,0.4125393730598144,-0.0081285441968347,13.19069115655368,0.7389102500823447,748244323.3039367,24.486029154412147,17823.33856994264,15071512.793911973,-7.135306332629016e-07,-4.564406042900853e-08,-13.316280131699985,24.494833835094784,88.81506260436845,88.8165980144622,62.89404931894011,66265.77750064558,76611650.57092579,1.009466343808448,0.3835013483832809,1.4167112842463085,3.336822440807894,0.3791566907627666,1.2419292612693953,3.2977147347739857,0.5194318404799966,5.419705283229708,-9.424999999999999,0.53425,0.5417500000000001,0.7621875,0.35724999999999996,0.943,0.9969999999999999
10.36855,0.8125,11.475,12.79,240.75625,0.09720963247830351,-16.55,18.3925,58.345,-58.345,2.0944647432610883e-07,29.172497534049345,50.52825360752027,29.172502586874565,50.52825069027026,-50.52825360752027,0.0,12383540.477887146,16276984.186606918,0.40653996630297246,0.41159165964324934,1.106701888640837,1.4133814998834964,1.6142059729832683,3.9330872441140836,9195382.67231684,22.537598447936446,6.41793431061468,0.419603156681644,-0.018897346733764045,16.729664338076773,0.5724958574064177,603262087.1165382,25.544259966004457,18966.964822767135,16373958.672954623,-8.268059110624231e-07,-4.7321777264995e-08,-11.343162606153331,25.557319896401765,123.49808213930882,123.5040758135527,85.13897314222112,67872.6904491576,77687391.32442394,1.1276287776888974,0.3812892648345262,1.386882409891985,3.3281436588787225,0.37655025748786475,1.208886436349829,3.290213906050863,0.5600323331908021,5.394854522262548,-6.775,0.31375,0.30175,0.9446875,1.18675,0.865,0.855
12.171050000000001,1.0035,10.945,8.75,238.24375,0.09774917896790453,-18.33,18.987499999999997,53.095,-53.095,1.9060006091944037e-07,26.547497755940526,45.98162010954304,26.54750235410241,45.98161745479303,-45.98162010954304,0.0,13133807.250522828,22228312.695981406,0.4078461600302911,0.4127145877953504,1.1197713880473166,1.4297169771967235,1.6287526396535459,3.9380873370045317,9503468.300186552,18.94548469187712,10.476573840297245,0.49336976045342607,-0.020632546631433595,22.320205428538383,0.5911361585064524,767199853.4561417,34.771967486733125,24807.90544027345,22325302.101896815,-6.836875225995344e-07,-3.446355598616596e-08,-13.365484171112852,34.78671463360815,126.32785124147857,126.33384512671037,83.66251336186306,67164.38013632665,77220253.3081311,1.0781983084447826,0.3822934916935028,1.3999088368885382,3.3319160077566137,0.37772927685950164,1.2232699952265174,3.2934678107062103,0.5446212837628663,5.406231591289028,-11.924999999999999,0.48475,0.43374999999999997,0.9734375,0.5462499999999999,1.225,1.311
12.153550000000001,0.7364999999999999,12.025,6.61,236.89374999999998,0.09804859789722184,-21.11,13.9475,44.045,-44.045,1.581124339993738e-07,22.022498138438657,38.14408998445848,22.022501952847552,38.14408778220848,-38.14408998445848,0.0,12113450.256722616,20549542.06392878,0.4086231992233742,0.41339501186638916,1.1269121440495633,1.4386380298607206,1.636676609941635,3.940850147711832,9152833.532313425,15.20537272117854,13.680382564610348,0.3444592845305922,-0.01581615966117841,20.12985383617616,0.45856865679805514,811080368.8669024,38.429597265356406,23245.741355694932,20646561.275627427,-6.098344300129602e-07,-3.182622804999692e-08,-16.41792592745358,38.44109674272051,102.88962190196325,102.8905277574627,69.24765047765547,66783.79549062642,76964372.29587193,1.048789707192722,0.38280558398917175,1.406995603667935,3.333972496761156,0.37833485722899013,1.2311159858717886,3.295243005341082,0.5338839068095533,5.411938287829714,-2.174999999999997,0.34675,0.46375,0.8278125000000001,0.52175,1.0310000000000001,1.425
10.17605,0.9045000000000001,10.615,10.23,246.79375000000002,0.09598269351543151,-21.95,9.9225,57.345,-57.345,2.058566812962672e-07,28.67249757631433,49.66222817933413,28.67250254253701,49.66222531208412,-49.66222817933413,0.0,11329396.1698576,16417464.832503501,0.4037451158623592,0.40926242744586766,1.0763759152755106,1.3754264069032625,1.5801416448872214,3.9219992145565223,8721267.33288207,22.25903094271015,7.337225337340212,0.303921282381322,-0.02567969066104556,18.629827180118955,0.45821797753595994,569296864.4055773,29.716675286614954,19080.264692645185,16514426.83164145,-7.955534849643381e-07,-4.229689411021631e-08,-17.46612955150823,29.733465853655265,127.81535188089737,127.82166575906975,88.45557881984762,69574.74955909468,78764734.05153337,1.2156535866000584,0.3790870616099162,1.3564295358922296,3.319710578079545,0.37390501011407584,1.1755208932157821,3.2830094278362787,0.5733798824477503,5.370886591425839,-1.0249999999999986,0.34525000000000006,0.38125,0.9546875,1.05725,1.093,0.887
9.35355,0.8475,12.125,9.030000000000001,246.45625,0.09604920303863582,-16.79,8.4175,50.245,-50.245,1.8036915078439177e-07,25.122497876395737,43.51344763921254,25.12250222774038,43.51344512696254,-43.51344763921254,0.0,10225982.451488368,13160265.438398667,0.40403728750397994,0.40953013056080595,1.078030927221509,1.3775247480532657,1.582030880244622,3.922627566885779,8379712.740088338,17.950762461365315,7.73831036138308,0.3743060724804488,-0.015274250228932067,15.598181642738746,0.5564856986420426,655375927.0764415,26.75883431999766,15999.097327325451,13257264.651007252,-6.668313603624078e-07,-3.971776894232692e-08,-13.182384533491556,26.772520952224696,95.7410493281258,95.74683076527563,64.06097045625032,69479.60339766962,78705996.85675389,1.2122742904545813,0.3792038883280002,1.35809516491985,3.3201593307335475,0.37404750868536246,1.1773411359374277,3.283391307788486,0.5737674769621308,5.372125380473641,-5.324999999999999,0.39325,0.37525,0.8053125,0.52875,0.717,1.037
9.17855,0.7745,12.565,7.21,240.90625,0.0971777134475782,-22.69,13.5975,56.595,-56.595,2.0316433652388602e-07,28.29749760801307,49.01270910819453,28.29750250928385,49.01270627844452,-49.01270910819453,0.0,12090924.08457642,16700178.557580803,0.40644308547464936,0.4115057070964173,1.1059331104642103,1.412412892911582,1.6133444601456073,3.932791366745878,9127639.939734995,22.54790686320508,5.545576157670216,0.420883638393837,-0.0209595638369772,16.858596385495805,0.688095604398637,624189260.9426558,22.905898990833144,19353.942948808413,16797143.03221119,-8.138690515233656e-07,-5.137360366614342e-08,-17.356491879916906,22.917484352021866,126.68462913896013,126.6911188109743,92.9999643220868,67914.9776320132,77714907.9309759,1.1298335181780257,0.38123528296885745,1.3861157074907802,3.3279277653244788,0.3764854379682351,1.2080384828543098,3.2900280277009535,0.5604114490556585,5.3942673107999894,-13.774999999999999,0.39025,0.31375,0.8909374999999999,0.41674999999999995,1.259,1.359
12.83605,0.9425000000000001,14.075,13.13,240.34375,0.09729771572084461,-23.95,16.1175,44.095,-44.095,1.5829192365086587e-07,22.04749813632541,38.18739125586779,22.047501955064426,38.18738905111778,-38.18739125586779,0.0,13754299.721289068,23650842.023802873,0.40679184269505375,0.4118131232726078,1.1088200191160622,1.4160460639680164,1.6165730266280975,3.9338905145033887,9910503.677562833,16.37073536445787,6.869902989217441,0.27905966602210686,-0.008705182614064298,16.024068787886755,0.542191493792585,650597227.3379968,27.008595482167305,26259.795565642984,23747854.630985968,-6.909070100574816e-07,-4.0044445947674984e-08,-17.971610248275226,27.021101278517925,113.82103181305617,113.82187097131592,79.26955833589876,67756.40069630477,77611574.1277235,1.121579391331243,0.38143768210913875,1.3889935128306252,3.328739223055041,0.37672843129619216,1.2112235532995994,3.2907271181709765,0.5589872845508792,5.39646971162541,-1.4250000000000007,0.26725000000000004,0.10975,0.7578125,0.8927499999999999,1.179,0.7589999999999999
12.94105,0.9445,12.895,13.41,236.51875,0.09812893827478698,-16.03,8.1375,46.095,-46.095,1.6547150971054908e-07,23.047498051795433,39.91944211224007,23.047502043739534,39.91943980749006,-39.91944211224007,0.0,11519814.258364402,21412100.82755533,0.40872790535989606,0.41347147905755083,1.1289047054609735,1.441113530791136,1.6388680555041153,3.9415997085357457,8973909.107859481,16.424115018385308,8.627522098477149,0.4039630195242907,-0.009806138342821225,17.285152793934365,0.5291409860705704,665413364.4242148,29.494525534409725,24087.4708580401,21509120.339202806,-7.061976598205564e-07,-2.9623096084911633e-08,-12.861718354394348,29.506355894945596,106.57849653127111,106.57937236215548,72.39169869778748,66678.07753348749,76893389.93687975,1.0406947666945474,0.3829477233012941,1.4089719939543144,3.334549367826423,0.3785028307707777,1.2333101781161142,3.2957421952444057,0.5308860034832618,5.4135244260013575,-0.625,0.23875000000000002,0.50575,0.8178125,0.22075,1.0110000000000001,1.435
7.37605,1.0965000000000003,13.655000000000001,6.19,244.01874999999998,0.09653242188753153,-21.41,19.1625,42.095,-42.095,1.5111233759118264e-07,21.04749822085538,36.45534039949551,21.047501866389318,36.45533829474551,-36.45534039949551,0.0,11490186.760446243,11614676.583450068,0.4051659462143872,0.410469616358034,1.0901614904727224,1.3926854293673094,1.595708674131734,3.9270218815742837,8961413.991077427,14.796305094529956,9.546042261985773,0.30537909794532364,-0.01021535524331411,12.800155151258283,0.6255900957658856,754690723.6257751,29.68430189517552,14571.424354430952,11711707.943308698,-6.987598409875364e-07,-6.011385376739983e-08,-14.172862476209067,29.696744188658826,79.51530446878976,79.51765606980825,59.90502953580113,68792.43667626644,78277283.38569766,1.1761860398862982,0.3801029487088538,1.3703153500744454,3.3235177816225105,0.3751265048283129,1.1906610999114873,3.2862486124273094,0.5682410084866978,5.381930708360221,-14.675,0.24025000000000002,0.39774999999999994,0.7896875,0.5987499999999999,1.105,0.727
13.116050000000001,0.7304999999999999,13.754999999999999,7.25,237.00625,0.09802342018419957,-19.73,8.977500000000001,61.345,-61.345,2.2021585341563368e-07,30.672497407254387,53.12632989207869,30.672502719887227,53.12632682482867,-53.12632989207869,0.0,13496965.55753598,29376424.86870324,0.40831789675234675,0.4130943190350252,1.1263095156223364,1.4378505678695297,1.6359756080859615,3.940553865128853,9755242.841113677,25.780040247991824,5.731102673099044,0.6179664334750244,-0.020578189462044736,21.059200201071153,0.9359154573003804,653044033.8860191,20.391231617540235,31687.72543607235,29473378.976089492,-7.908270641036608e-07,-3.529630428812681e-08,-16.163934861141893,20.40178064152146,173.8929470972713,173.90003913155672,119.94690226736964,66815.51087776812,76985808.94284663,1.0512234959247566,0.3827629425358281,1.4064033812353387,3.3337999289371867,0.37828445332535354,1.2304589972042181,3.295093776429178,0.5347695232017916,5.411462801130938,-16.025,0.6932499999999999,0.29275,0.9746874999999999,0.23475,1.4929999999999999,1.141
12.678550000000001,0.7865,13.285,10.77,247.84375,0.09577765402009827,-19.47,7.2625,44.195,-44.195,1.5865090295385005e-07,22.09749813209891,38.273993798686405,22.09750195949818,38.2739915889364,-38.273993798686405,0.0,11513512.470682945,21401423.74068948,0.4034855291315563,0.40908997611686954,1.071256360077881,1.3690395019495745,1.574374400935148,3.9202246865885884,8992502.886750462,15.61291160163151,7.942041415834027,0.30183991199792515,-0.010115581388757823,17.40331691039287,0.5326785263290104,646365252.7915435,28.708239510884138,24093.215738836654,21498442.896959104,-5.930332612557873e-07,-2.8929168377844485e-08,-15.937262406756172,28.723055597544782,104.96297246524718,104.96386672098282,67.14615051437622,69870.75983908374,78947439.54012166,1.2262586045898964,0.37871110550928716,1.3512518711754216,3.318312921918177,0.3734495117180348,1.1698830428698164,3.281822396639131,0.5723081831000765,5.366847954384118,-8.225,0.38874999999999993,0.61225,0.7946875,0.24175,0.881,1.3130000000000002
7.35855,0.8145,11.695,12.81,242.66875,0.09680875297803013,-18.45,10.2025,49.445,-49.445,1.774973163605185e-07,24.72249791020773,42.82062729666363,24.72250219227034,42.82062482441363,-42.82062729666363,0.0,9887319.483461954,10161950.37206275,0.4057615543511155,0.4109606776475942,1.0969592830076536,1.401192535543026,1.6033326803823242,3.9295049449681354,8226274.826548158,18.006740321424175,8.992562905190924,0.3451223736590621,-0.013972667301860127,12.604421758008838,0.573305896648761,702388203.2662237,28.618974462165415,13068.779803444473,10258949.744488215,-7.964298316548608e-07,-5.168394998552396e-08,-13.678243288892942,28.631727589256887,88.75668773544538,88.75895503833242,63.1142133861372,68411.85203056622,78035660.4867094,1.1559375095321445,0.3805887374057555,1.3771348855737477,3.3254062579554033,0.3757113700918566,1.1981435513264924,3.2878631026364515,0.564829005180407,5.387194220611369,-5.024999999999999,0.41874999999999996,0.62425,0.8159375,0.10875,1.197,0.833
11.24355,1.0725,10.775,10.129999999999999,237.53125000000003,0.09790648745520436,-20.57,14.7525,56.295,-56.295,2.0208739861493355e-07,28.14749762069257,48.75290147973869,28.147502495982582,48.75289866498868,-48.75290147973869,0.0,12886336.590990268,21505753.780069802,0.408138139394376,0.41295384507427657,1.1235295408770565,1.4343947833850974,1.6329107534983176,3.939509427717998,9394449.84086904,21.62538983621545,8.488901556407319,0.4076684638810005,-0.023367845462249577,21.339035898674254,0.5199176129959312,657519060.4805278,31.783905015189198,24053.136529806263,21602724.49565597,-7.393305710197312e-07,-3.658221302508647e-08,-15.827338650686658,31.797539323849254,136.88574944374804,136.89201381889873,93.14885692024072,66963.51601776264,77085558.48455347,1.0626213804083542,0.3825638994791171,1.403643730082164,3.3329975308447892,0.37804911435656036,1.2274006269763549,3.2944005231738243,0.5389074330306212,5.409244108432252,-6.274999999999999,0.5267499999999999,0.24025000000000002,0.8934375,0.24875,0.885,1.317
9.10855,0.8565,11.715,9.01,240.41875,0.09728190769884934,-18.189999999999998,14.5775,54.995000000000005,-54.995000000000005,1.9742066767613946e-07,27.497497675637053,47.62706842309671,27.497502438343766,47.6270656733467,-47.62706842309671,0.0,11381126.836144598,13883661.622820877,0.4067384965706864,0.4117652840405213,1.1084340961359493,1.4155607132730588,1.616142233190307,3.9337464423988453,8806994.872069761,20.905163797500126,6.943364131476507,0.3721809102497461,-0.019476494613414278,16.411733328017537,0.5834315555945307,638396575.2780973,25.69246948969412,16647.37677622647,13980642.184393413,-7.527965530328577e-07,-4.768417840650893e-08,-13.305049426464189,25.705365294858716,109.86603251273864,109.87203057275164,76.86444465081638,67777.54428773254,77625183.0283848,1.1226780562113536,0.3814107000959688,1.3886093950020935,3.3286307379833815,0.37669604457441697,1.2107980634890845,3.2906335857093283,0.5591792449087043,5.3961759030558785,-8.025,0.32725000000000004,0.49524999999999997,0.7815625,0.50425,0.947,1.2389999999999999
10.07105,0.8685,12.385,11.030000000000001,245.59375,0.09621811532944202,-20.509999999999998,10.6225,59.495000000000005,-59.495000000000005,2.1357473631042672e-07,29.74749748544461,51.524182849934334,29.747502637862755,51.52417987518432,-51.524182849934334,0.0,11997605.91129438,18183212.99867969,0.4042533023427279,0.40967568140850735,1.0822947039526751,1.3828256877749086,1.5868217074264683,3.9241136220447026,9081253.261101376,23.953169872740077,4.94543354392172,0.4517589057578615,-0.020673070252388792,16.832149670883798,0.7207512039169464,571154402.7630169,22.408840014719814,20792.57942766093,18280171.69314797,-8.81494164994896e-07,-4.63671703106284e-08,-16.10403869286833,22.421400113828707,138.56586910263988,138.57243984081848,100.49684787639497,69236.45209625005,78555359.39897461,1.2000905985540753,0.3795238341989402,1.362401686882015,3.3213383750415706,0.37443139179587076,1.1820257906796463,3.2843929224225348,0.5722850360564217,5.375617864400965,-3.625,0.15025,0.53875,0.8434375000000001,0.8472499999999998,1.315,1.303
13.20355,0.8665,12.445,9.17,239.33124999999998,0.09751279174754773,-21.03,18.462500000000002,56.095,-56.095,2.013694400089652e-07,28.047497629145564,48.579696394101454,28.04750248711507,48.57969358935145,-48.579696394101454,0.0,14832205.700231014,29752458.31817401,0.4072349855612928,0.41218184892455134,1.1140666874900038,1.42259618979778,1.6224026176092337,3.935899904897401,10276057.378136838,21.76516594507337,6.107068911259098,0.4410053264800328,-0.018926865832177973,22.57397699790984,0.6432129663206472,612837167.860353,27.0866196277045,32105.032021892115,29849430.402022153,-7.541608225623715e-07,-3.6044547009432626e-08,-15.88506981651172,27.098016516233876,156.81149813292797,156.8183197859808,108.86288082723777,67470.9622120296,77423772.95207803,1.1022057639367824,0.3818805401598847,1.3942319395270673,3.3302820740058916,0.37724047692124546,1.2170097009853802,3.2920622813226967,0.5532466592940676,5.401635867207026,-3.0249999999999986,0.21775,0.42174999999999996,0.9665625,0.5532499999999999,1.109,0.881
11.94355,0.7885,11.925,7.03,240.71875,0.09721764612561704,-19.310000000000002,12.0225,58.995000000000005,-58.995000000000005,2.117798397955059e-07,29.49749750657711,51.09117013584126,29.49750261569398,51.091167186091255,-51.09117013584126,0.0,12964212.772239558,24589875.328114554,0.40652426187264873,0.4115724941982134,1.1068933701326633,1.4136158209604486,1.6144136484416796,3.933145299564318,9476397.21644282,23.405336184129197,5.9045986033265185,0.44587603241683554,-0.024116750324949008,22.300219510652607,0.6679939601367371,618548041.6431379,25.81794287002231,27048.25991346106,24686838.775007214,-7.814172688347169e-07,-3.5169627768544585e-08,-15.355608630397883,25.829517395531226,151.529815048416,151.5364263991623,106.3279398030022,67862.11865344371,77680488.05349061,1.1270780595719836,0.3813027585800627,1.387074191676373,3.3281976936552073,0.37656645980163017,1.209098614608105,3.2902604423480586,0.5599375457093436,5.395001313200555,-3.5249999999999986,0.48625000000000007,0.6197499999999999,0.8928125,1.07825,1.009,1.271
7.25355,0.9405000000000001,13.635,10.67,238.61875,0.09766717967845577,-17.11,18.3575,41.595,-41.595,1.4931744107626184e-07,20.797498241987874,36.022327685402445,20.79750184422054,36.02232560565244,-36.022327685402445,0.0,10946891.947626127,9640955.233420024,0.40781554645015705,0.4127140408961161,1.1178036347972178,1.427288419941838,1.6265919773477997,3.937389075382142,8746154.727714427,14.384225569306901,10.400702761693736,0.33562927523423924,-0.008485128001378867,11.230282306322446,0.6396151813409253,797340994.5189083,29.505064224499698,12674.867486594296,9738000.906636754,-7.215598842540665e-07,-6.060426424337644e-08,-10.385415780660844,29.510435199120852,70.87111304326544,70.87375220384712,52.01973207173333,67270.0980934656,77290698.62124583,1.086444916506892,0.3821511422627555,1.3979480647380476,3.331350317354407,0.37756082752918824,1.2211052595840195,3.2929807130294027,0.5475919456385469,5.404646785193972,-1.9750000000000014,0.14725,0.48325000000000007,0.9371875000000001,0.6057499999999999,1.145,0.717
10.33355,0.8435,10.785,8.629999999999999,248.55624999999998,0.09564141948551665,-18.71,14.9975,61.394999999999996,-61.394999999999996,2.2039534306712573e-07,30.697497405141135,53.16963116348799,30.697502722104105,53.16962809373798,-53.16963116348799,0.0,12140021.665239263,17686625.0545824,0.4029325068531135,0.4085904556526101,1.067798880468888,1.3646736039622347,1.5704244454173757,3.9189513202110997,9068293.825090002,24.04402641716614,6.323780318449259,0.40173041810322435,-0.02899369190123533,20.20840148798308,0.5600784339506155,596636402.7154799,26.75776311514003,20312.369674134276,17783583.769155268,-7.61656591834938e-07,-4.267322632844578e-08,-14.073198138056618,26.773801969942646,137.27931391900066,137.2855951302265,93.05059638222014,70071.62395764775,79068853.30227128,1.2334715386722004,0.3784642823595888,1.34776109768968,3.317381720076565,0.3731479870462003,1.1660875943872526,3.2810334108124075,0.5715920164908634,5.364236136622922,-11.125,0.18025000000000002,0.22975,0.8596874999999999,1.26725,1.333,1.373
9.21355,0.7525,12.594999999999999,12.030000000000001,242.74374999999998,0.09679339650176463,-18.17,9.1175,45.845,-45.845,1.6457406145308868e-07,22.92249806236168,39.702935755193536,22.922502032655146,39.70293346294353,-39.702935755193536,0.0,10210678.243032675,12675765.285232257,0.40578740735621327,0.41099316846921563,1.0965812630927148,1.4007267665150884,1.6029164748384757,3.929377040780185,8397853.765216952,16.408203496396187,8.821918128970566,0.31366397168468996,-0.011126127658140614,13.564771759213217,0.583199311261831,709950002.3862371,28.63661058309655,15563.757327788933,12772780.904057555,-7.28376961070619e-07,-4.226724285015897e-08,-13.996056262338621,28.64884239926495,88.37918280851267,88.380946073554,61.921929204396456,68432.99562199405,78049049.8498822,1.157056750107906,0.38056175468508,1.3767549192778756,3.325300598037003,0.375678904443268,1.1977257878355012,3.2877726091837265,0.5650185601442673,5.386901584673662,-19.925,0.30625,0.32725000000000004,0.9959375,0.44825000000000004,1.283,0.7949999999999999
12.853550000000002,1.0535,11.385,8.29,247.61875,0.09582109353274254,-22.99,17.4125,53.845,-53.845,1.932924056918216e-07,26.922497724241786,46.631139180682645,26.922502387355575,46.63113648843264,-46.631139180682645,0.0,14030573.156254081,26777538.52194253,0.40335842275048966,0.4089409462349289,1.0723451339462573,1.3703716400103094,1.5755763432474534,3.920552802505871,9899705.371878676,19.780728163829107,8.046383101565347,0.4113908385155894,-0.02168753340365287,23.48658475661226,0.5269161957747247,642900159.6126778,32.779510484246885,29222.732603674463,26874513.516147166,-7.184121743326027e-07,-3.4742156982619534e-08,-17.700971580421864,32.796638656466186,144.33493406320358,144.3415469440825,98.50267736850142,69807.32906480037,78908829.53202088,1.2239861519893098,0.37878905681093217,1.3523566942532292,3.3186085247215416,0.3735446859375785,1.1710860248902184,3.282073163583224,0.5725357919014098,5.367673510862361,-7.675000000000001,0.25825000000000004,0.5822499999999999,0.9209375,1.39675,0.7609999999999999,1.433
8.88105,0.8035,11.435,12.29,245.44375,0.09624788736546638,-23.57,20.3525,50.045,-50.045,1.7965119217842347e-07,25.022497884848736,43.340242553575315,25.022502218872873,43.34024005132531,-43.340242553575315,0.0,12441747.341508042,14371297.290708032,0.40440722966052955,0.4098194442861465,1.0830413383634094,1.3837719474039298,1.587676310846994,3.9244092120211476,9233716.547770705,18.237007306979617,9.30626506717728,0.25131601560796757,-0.016100953573219823,15.063730345414344,0.43948723390887967,661886047.8019928,32.68416366938907,17153.727999676277,14468286.77930218,-7.892676160275354e-07,-5.448297513944158e-08,-16.17750633632567,32.70106761561159,105.28134548919104,105.2873815904723,75.13223392827014,69194.16491339449,78529015.11151503,1.1978015226258454,0.3795778085502822,1.3631516091623044,3.3215431218330207,0.37449652283907164,1.1828430767288285,3.284566945225604,0.5719057885257159,5.376200687078325,-13.925,0.60325,0.32575,0.8284374999999999,1.25325,1.183,1.081
9.12605,1.0435,12.425,9.469999999999999,236.06875,0.09822610965761386,-20.31,18.7075,57.545,-57.545,2.0657463990223556e-07,28.772497567861336,49.83543326497136,28.772502551404525,49.83543038772135,-49.83543326497136,0.0,12539579.524967758,15269755.855507517,0.40878956131724226,0.413498505129329,1.1313015303348548,1.444082935452462,1.6414921212149198,3.942489853084562,9278244.140544267,22.968848074777657,5.76564778234879,0.45433337315315125,-0.019565123512839032,15.822487715956688,0.7082014155340224,617854631.6033564,22.86956434438356,17962.385370085343,15366724.801384676,-8.617038512703176e-07,-5.8468965114666706e-08,-14.14208737035036,22.880099548693412,122.41413419123545,122.42046936616079,90.69397480737696,66551.21598492077,76807157.44403067,1.0310311193337556,0.38311814998466137,1.4113478734123448,3.335244753238108,0.3787041918776027,1.2359517186412075,3.2963447235798813,0.5273548230585663,5.415426078127885,-5.175000000000001,0.63025,0.24475,0.8715625,1.01525,0.9169999999999999,1.173
12.643550000000001,0.8965000000000001,13.004999999999999,11.15,246.60625000000002,0.09601974612894162,-20.93,14.8925,55.795,-55.795,2.0029250210001273e-07,27.897497641825062,48.319888765645615,27.897502473813805,48.31988597589561,-48.319888765645615,0.0,14006674.017589128,26509201.45525579,0.4038083691540899,0.4093102638973643,1.0772928681816005,1.3765732805894175,1.5811735545090257,3.922316564301065,9961121.999911366,21.554185690376908,5.023806992986203,0.38604700916185747,-0.016465277996476048,19.60514814748806,0.6430102154145818,562823497.0092275,23.824647100556955,28950.83360641575,26606173.12776367,-7.336642143635904e-07,-3.7590834534901904e-08,-16.116902469639463,23.837493146375888,149.89606667062046,149.90273724426015,101.11503951893789,69521.89058052521,78732011.92680733,1.2137800025096754,0.379151932397912,1.3573544903265713,3.3199596388003343,0.37398415245470196,1.176531522790201,3.283221337915758,0.5736130220625245,5.371574042850077,-14.325,0.18475000000000003,0.21325,0.9921875,0.25225,1.481,0.959
9.45855,0.8265,11.265,7.11,244.73125000000002,0.09638996311962783,-18.39,8.6275,43.895,-43.895,1.5757396504489755e-07,21.947498144778407,38.014186170230566,21.94750194619692,38.01418397548056,-38.014186170230566,0.0,9609122.899725314,11348381.243499678,0.40505367291982225,0.41041568362989855,1.0865948460817225,1.3882603643463296,1.5917236459763233,3.9257730843862237,8080349.1267855195,13.97674803042923,18.395897877974697,0.3158904966382781,-0.022591946719130354,16.05762198340707,0.42836041073142206,971344350.8561757,42.9428666503901,14294.330398056733,11445405.554519044,-5.779597015732963e-07,-3.739695821001588e-08,-14.440385598563722,42.911208999921286,79.62479176570318,79.62650953774758,52.613003223398906,68993.30079483047,78403565.73830411,1.1869590281476474,0.3798343133453903,1.3667215354439843,3.3225205840139442,0.3748058639179086,1.1867383495753454,3.2853985946789717,0.5700236078397959,5.378973287615881,-7.275,0.67675,0.47275,0.9046875,0.51475,0.743,0.9049999999999999
10.64855,1.0765,11.995000000000001,6.33,235.35625000000002,0.09838313817467847,-20.83,17.3425,53.595,-53.595,1.9239495743436117e-07,26.797497734808033,46.41463282363611,26.797502376271186,46.4146301438861,-46.41463282363611,0.0,12422408.002074072,17772258.763601497,0.4091925141975171,0.4138509147179434,1.1351174426417512,1.4488544192330186,1.6457041637129977,3.9439848781024502,9214174.106744025,20.550618967684727,7.100300800761634,0.3307288935745497,-0.01988320097876452,18.8258651633248,0.5328783941203472,618099013.3585925,26.894875970623726,20433.837875943766,17869239.624554284,-7.150008774300877e-07,-4.497771841488881e-08,-15.360688364705648,26.90617663930205,119.37063512806178,119.3766544758951,82.81727550245009,66350.35186635675,76669802.00074342,1.015830003688467,0.38338784889159544,1.415119555352967,3.3363530779418284,0.37902270112371356,1.2401531870357838,3.297306720365167,0.5217754946591326,5.41843734594054,-4.625,0.12775,0.54025,0.7590625,0.39225,1.499,1.185
12.43355,1.0365000000000002,14.415,8.61,244.50625000000002,0.096435212217058,-16.95,19.127499999999998,60.195,-60.195,2.1608759143131582e-07,30.09749745585912,52.13040064966463,30.09750266889904,52.13039763991462,-52.13040064966463,0.0,14655689.09379829,26148662.44252883,0.40474509486547977,0.4100826236961116,1.0877097047723059,1.3895934190989996,1.5929198967732452,3.9260649505860914,10275925.76175361,23.841881947491455,5.029618982859426,0.6923662325305379,-0.01642335868883914,18.795813256623273,1.0228418792743097,709497960.7722014,19.35971907767785,28586.36457989387,26245630.406999893,-7.761290010065227e-07,-4.4478783657635465e-08,-12.016306062997781,19.367587232446965,156.70413702848214,156.71076343303454,108.28056207139242,68929.8700205471,78363723.64935705,1.1835497859404238,0.37991527821159937,1.3678512785512398,3.3228308321201965,0.3749034688704533,1.1879729363172178,3.285662905990161,0.5694551381763348,5.379848809161185,-16.575,0.65425,0.6692499999999999,0.9421875,1.27425,1.317,1.2610000000000001
6.86855,1.1045000000000003,13.135,9.65,248.36874999999998,0.09567707693695683,-23.33,18.5325,41.995,-41.995,1.507533582881985e-07,20.997498225081877,36.368737856676894,20.997501861955563,36.36873575692689,-36.368737856676894,0.0,11557498.562617162,11642932.511067728,0.4031406016497403,0.40878584565502096,1.0687090925157654,1.36583291712551,1.571474819976242,3.9193097218075184,8968181.890509332,14.766673294116384,10.331019970946741,0.2625520879762058,-0.01077685232342879,12.298666071605748,0.5491909583573035,743602321.0134332,32.32779222637786,14591.91161516058,11739958.74636162,-7.439130346174115e-07,-6.145892121937257e-08,-15.521351270814835,32.342193956403264,80.63098750886104,80.63338237116568,60.78520700908777,70018.76497907826,79037027.01043655,1.2315707444577488,0.37852923885612394,1.3486785996184152,3.3176260690654926,0.3732273614243979,1.167084333395172,3.2812402928199575,0.571779648516956,5.364923184173358,-19.675,0.37375,0.22375,0.8665625,0.8332499999999998,1.041,1.199
10.14105,0.8225,11.155,8.91,249.11875,0.09553573113838752,-20.77,7.0175,45.595,-45.595,1.6367661319562828e-07,22.797498072927926,39.486429398146996,22.797502021570757,39.48642711839699,-39.486429398146996,0.0,10186346.609365387,14239908.548758086,0.4029470806109897,0.40865478769121505,1.0650836888241708,1.3613163912243555,1.5673754876381096,3.918060563242491,8323171.656784695,15.389133879695047,14.477750002790636,0.2855455242115791,-0.019380910346018312,17.200354471619104,0.3845708503203447,821576475.0616386,39.673501901467745,17081.374501737373,14336917.428213004,-5.944183346379268e-07,-3.4115470140873665e-08,-16.8664045698978,39.67998026289422,91.93516831395554,91.93660310170486,59.29819356103305,70230.20089335619,79164358.73086053,1.2392079262771911,0.3782572393619113,1.3450016780868044,3.316639902281874,0.37289824330459714,1.163100622210458,3.2804058960687468,0.5710369271959416,5.361992911268272,-12.875,0.35724999999999996,0.54925,0.7853125,0.5252499999999999,1.491,0.919
11.52355,0.8115,12.555,9.11,243.15625,0.09670832987735072,-16.91,7.5075,53.445,-53.445,1.9185648847988495e-07,26.72249774114778,46.28472900940819,26.722502369620553,46.28472633715818,-46.28472900940819,0.0,11297491.215921538,19496065.90301333,0.40550397510580594,0.41073980072960753,1.0944963262590415,1.3981014006638368,1.6005655141518011,3.928582562371433,8828599.701857958,20.129340493237688,6.260185116600351,0.4151615094259861,-0.016293035520912748,18.363919489289703,0.6250382493515717,643283003.0104698,24.275929379077287,22140.605958699605,19593051.729370948,-6.730056855830576e-07,-3.289906690007867e-08,-13.73855367645979,24.288811416236005,121.71331518790105,121.71929357452072,80.03581473119351,68549.28537484688,78123260.55649216,1.1632242025087416,0.3804133186101333,1.3746673414658166,3.324721007378333,0.37550026835572803,1.1954324077636562,3.287276564333959,0.5660611135214041,5.385292270543997,-4.424999999999999,0.67975,0.38874999999999993,0.9953125,0.12625,0.927,1.187
11.10355,0.8215,13.975,9.79,242.25625000000002,0.09689454242861338,-16.11,17.1325,58.045,-58.045,2.0836953641715636e-07,29.022497546728843,50.26844597906443,29.022502573573302,50.26844307681442,-50.26844597906443,0.0,13373427.461164745,20874066.574387524,0.40581966131628766,0.4109848064025853,1.0990463168322675,1.4037854974567372,1.6056482888530514,3.9302299117874693,9743480.1046658,22.6495121945128,5.481845560087056,0.7059861593579411,-0.015380996857048771,17.01021349407812,1.0219122043054707,718145254.5397749,19.72914702287791,23457.789196724938,20971042.46160262,-7.652629303056507e-07,-4.558065052564563e-08,-11.41424642728931,19.739287867072935,135.60677191007565,135.61298093996692,93.65024818053907,68295.56227771343,77961029.44174467,1.1497940707245224,0.38073717175606114,1.3792272760629438,3.325989055426472,0.37588991445007086,1.2004457959955386,3.2883625760114943,0.5637864578766253,5.388804733576358,-0.125,0.49975,0.47125000000000006,0.8015625,0.8612499999999998,1.129,0.923
10.47355,0.9165000000000001,14.365,11.129999999999999,244.69375000000002,0.09639748989581455,-22.51,7.9275,53.644999999999996,-53.644999999999996,1.9257444708585324e-07,26.82249773269478,46.45793409504541,26.822502378488064,46.4579314127954,-46.45793409504541,0.0,12246429.566461138,21133493.87941158,0.4046681809984819,0.41002045254391334,1.0867734545971712,1.3884242486472167,1.5918680201685758,3.925729368742696,9304444.141009796,20.958922247484566,6.347890287723363,0.644977374894704,-0.013529571689226493,15.481200413397666,1.0280028771266385,689625716.4502556,20.439979190352112,23705.112553178507,21230466.18722613,-8.396888265557108e-07,-4.47591946191467e-08,-18.189773559615357,20.451037743565898,133.12192168229814,133.128547960239,97.76763143093021,68982.72899911659,78396934.62573983,1.1863903591193592,0.379847814279689,1.3669097524262432,3.322572245002251,0.3748221394347448,1.1869439669380561,3.285442594879023,0.5699288655157937,5.379119288689891,-8.774999999999999,0.16825,0.40974999999999995,0.9153125,1.2777500000000002,0.877,0.723
7.60355,0.9435,13.915,12.15,247.65625,0.09581383482916885,-16.77,11.637500000000001,52.895,-52.895,1.8988210231347208e-07,26.447497764393525,45.808415023905816,26.447502345234902,45.80841237915581,-45.808415023905816,0.0,10822630.252965067,12184321.201365072,0.403349335535288,0.4089351853093922,1.0721627743558708,1.370145914226242,1.5753728562332803,3.9204974278324385,8725235.953753741,19.42764243623587,6.518963009008415,0.7998165167406917,-0.012028284030915281,12.146482050323229,1.1988076895687794,806076211.0837781,20.10927206264282,15025.329320360366,12281311.469156573,-8.733144170074742e-07,-5.790757177320441e-08,-12.099817577252153,20.122211108750385,99.50856498111847,99.51498374418863,73.83756741872034,69817.90086051427,78915277.4398931,1.2243646766016412,0.37877606111858997,1.352172473032949,3.31855920300888,0.373528821705093,1.170885380999755,3.2820313124433613,0.5724978115002581,5.367535836956252,-8.624999999999998,0.66625,0.39325,0.8428125,0.46925000000000006,1.473,1.059
9.59855,0.7625,12.375,13.19,235.65625,0.09831659872439527,-23.07,13.9825,56.845,-56.845,2.0406178478134642e-07,28.422497597446824,49.22921546524106,28.422502520368237,49.22921262299105,-49.22921546524106,0.0,12654290.206065254,18442666.940991953,0.4089757185374603,0.4136547021446301,1.1335075100686125,1.4468343276926954,1.6439214591549431,3.943340667965147,9351835.66777487,23.26140878824978,5.420040033453088,0.3799913187318371,-0.017647089067821527,15.77152727257713,0.617242406124618,569313092.6169374,23.640465776657575,21041.768276798928,18539629.938997466,-8.976541553424523e-07,-5.117048127594287e-08,-17.454998879385,23.65069230592598,134.48255713539635,134.48906731396696,98.26630737227485,66434.9262320679,76727748.18343468,1.0222156185612132,0.3832743158140657,1.4135299861740698,3.3358853178082546,0.3788886419901439,1.23838130344194,3.296900470978216,0.5241234491393229,5.4171694485060735,-17.075,0.33475,0.18175000000000002,0.8984375,0.45875,0.975,1.307
10.03605,1.0045000000000002,14.325,8.05,238.46875,0.09769991851873591,-23.43,11.287500000000001,54.745,-54.745,1.9652321941867903e-07,27.372497686203296,47.41056206605017,27.372502427259374,47.41055932880016,-47.41056206605017,0.0,12877960.220115606,21265852.386286955,0.4076345637232684,0.41251795111388145,1.1185858698102256,1.428224643082246,1.62742273932624,3.9376095078657416,9548423.079381863,22.14299353537407,6.5919517689288325,0.6619122693406401,-0.015398002716272393,16.328384428328157,1.1150874292729702,733536468.3081152,20.299579413477986,23813.337045751738,21362820.346066978,-8.175312612427608e-07,-4.8800436138523993e-08,-18.425041450923676,20.308992482336365,138.09498034739812,138.10169040315057,102.97597419627023,67227.81091061002,77262553.49087472,1.0831422510733755,0.38220808857718985,1.3987319582379696,3.331576304592713,0.37762822048113226,1.2219703808091864,3.2931752413110122,0.5464032182175924,5.405280709128503,-16.275,0.33925000000000005,0.27775,0.9996875000000001,0.11925000000000001,1.331,0.7709999999999999
11.331050000000001,1.0635000000000001,13.425,8.870000000000001,242.81875,0.09677788568017953,-19.59,8.7325,46.345,-46.345,1.663689579680095e-07,23.172498041229186,40.1359484692866,23.172502054823923,40.135946152036595,-40.1359484692866,0.0,11439153.28971819,18796585.4018858,0.40573031335554605,0.41094128665901314,1.0962017045877668,1.4002466779207996,1.602486537309659,3.929225508966904,8937669.047913188,16.82713434912006,7.111165553537454,0.3399290950157804,-0.011347379528327598,16.621240969206113,0.6239903789434609,646546893.0618604,26.115132356925255,21519.127930479972,18893594.782355912,-6.39403684491432e-07,-3.4863582996439474e-08,-15.692012514171399,26.127964076677003,104.91428403283422,104.91536976624164,70.57443109413347,68454.13921342183,78062568.13668357,1.1581764994683117,0.3805347727249154,1.3763750834211403,3.325195027442965,0.375646436578207,1.1973082575744025,3.287682209569484,0.5652081156907663,5.386608996193528,-12.225,0.19075,0.26125000000000004,0.7534375,0.40625,0.9849999999999999,1.419
9.24855,0.7474999999999999,10.765,10.73,246.53125,0.0960344928998713,-19.37,12.1975,49.995000000000005,-49.995000000000005,1.794717025269314e-07,24.997497886961987,43.29694128216602,24.997502216655995,43.29693878241601,-43.29694128216602,0.0,10452269.32336107,12094263.25051574,0.4039895553617363,0.40948820660701984,1.0776632614264443,1.3770616798952229,1.5816143387605062,3.922495403787173,8391878.799564146,17.283454843917745,11.890623593860528,0.3168981006883398,-0.019132113926298572,15.74688211849138,0.3780367154402319,740101279.7735238,35.66844769720414,14950.36753900897,12191259.077311639,-7.221617122633497e-07,-4.463943509005525e-08,-14.519745393945303,35.6833717158506,94.73180083191875,94.73760005004793,64.90015080587385,69500.74698909743,78718987.28410009,1.213027013206452,0.3791779101743889,1.3577247632545275,3.3200594432187867,0.3740158318724719,1.1769362144933628,3.2833062793010233,0.5736902027001718,5.371849690541207,-0.22500000000000142,0.57775,0.28375,0.8328125,1.2917500000000002,1.349,1.167
8.09355,0.9395,11.205,9.31,238.05624999999998,0.097790367393577,-20.009999999999998,9.467500000000001,52.545,-52.545,1.886256747530275e-07,26.27249777918627,45.505306124040665,26.272502329716755,45.50530349679066,-45.505306124040665,0.0,10040771.613049492,10971629.967726368,0.4079421150784117,0.41279711033325145,1.120758862513495,1.4309505157811102,1.6298505725768977,3.938472441430127,8222872.059955416,19.88207937165965,8.627488748532285,0.3059728334466854,-0.019934513295092635,14.865200685719165,0.4969888832140308,667346342.9459774,28.654772152160824,13808.458066372097,11068612.843147334,-7.84339202592736e-07,-5.048212449031632e-08,-15.411079057892604,28.666715405203938,97.63074102831503,97.63692277371008,69.92013730141677,67111.52115775718,77184928.91985415,1.0740874760193528,0.3823646407701693,1.4008904659035082,3.332199740901273,0.3778134560552639,1.2243547737331295,3.2937123290470725,0.5431374100119027,5.40702392638697,-19.775,0.5537500000000001,0.56725,0.9590624999999999,0.9487499999999999,0.703,0.963
6.956049999999999,0.9565,12.254999999999999,9.83,236.48125000000002,0.09813697263837456,-17.85,12.2325,43.445,-43.445,1.5595855818146883e-07,21.72249816379765,37.624474727546804,21.722501926245016,37.6244725552968,-37.624474727546804,0.0,9603605.759483216,8343646.336236475,0.40885321727204865,0.41359605307873293,1.129106837613144,1.4413839639207586,1.639109372581948,3.9417187091883714,8115686.115814952,14.967411370278905,12.758825880182698,0.2960861727921953,-0.012623112356342121,11.819271989491403,0.506544451262777,835376282.4264574,33.129242531380505,11365.322028432605,8440676.439124081,-7.466425523173475e-07,-5.5349817952604825e-08,-12.503463138751442,33.125516347848055,69.50325729394132,69.50637943308774,50.42869463357676,66667.5057377736,76886216.4606175,1.0398875771983251,0.38296192611557744,1.4091697847010394,3.334607175987802,0.37851961535019796,1.2335299637699284,3.2957922587171535,0.5305915020193844,5.413682863056105,-5.474999999999998,0.13675,0.28075,0.8290625,1.3057500000000002,0.709,1.323
12.206050000000001,0.9085000000000001,14.265,8.469999999999999,242.14375,0.09691791726286998,-17.75,15.9425,59.595,-59.595,2.1393371561341084e-07,29.797497481218112,51.610785392752945,29.797502642296507,51.61078241300293,-51.610785392752945,0.0,14025293.075753115,25479980.079173252,0.4058446616140436,0.41100072747387517,1.09961663933541,1.4044957675035343,1.606282134324415,3.930431592329929,10011685.422172397,23.720526275068387,4.981764797229409,0.6581637384301899,-0.016769168964797913,18.690850011860263,0.9603431295625994,677761240.3799376,19.54542161345238,27927.22736802225,25576946.772813976,-7.780534434842298e-07,-4.261115373141203e-08,-13.211305959045692,19.553623051682145,153.2529679866915,153.2595494574537,105.34867234206382,68263.84689057173,77940721.22420359,1.14812622757793,0.3807776183012728,1.3797985691941235,3.326148432540253,0.37593856111639185,1.201074939244771,3.2884992700933298,0.5635244876940806,5.38924350264229,-4.674999999999997,0.35424999999999995,0.54625,0.9765625,1.03625,0.9690000000000001,0.859
6.83355,0.9855,13.835,7.41,240.30624999999998,0.09730577561814906,-17.29,17.2025,47.395,-47.395,1.701382406493432e-07,23.697497996850952,41.04527516888205,23.697502101378355,41.04527279913204,-41.04527516888205,0.0,10795775.835370712,9632210.37241906,0.40680870793885165,0.4118273826138594,1.1090125822364065,1.4162899586035083,1.6167899560269499,3.933972080458221,8677883.98538101,16.800708842946836,7.41846338930663,0.5446491074974884,-0.010897634385300142,11.714459926383546,0.889233843539184,760938883.3395437,23.091845912182233,12589.300197739254,9729225.38467738,-8.14310275772414e-07,-6.875727413353678e-08,-10.997194073248952,23.102824933925106,80.70686965904542,80.70999237062868,61.86191469856012,67745.82890059087,77604647.00806703,1.121030407288836,0.3814511782414677,1.3891856655693016,3.32879351458049,0.37674462807755543,1.2114363990776937,3.2907739272200875,0.558892497288081,5.396616633822204,-8.825,0.47425000000000006,0.38425,0.7559375,1.44925,1.369,0.757
9.86105,1.0465,14.295,9.05,237.86875000000003,0.09783168002620926,-21.009999999999998,16.0475,44.145,-44.145,1.5847141330235797e-07,22.07249813421216,38.2306925272771,22.072501957281307,38.230690320027094,-38.2306925272771,0.0,12456313.819951626,17161410.19740574,0.4080759944364475,0.41291784196910714,1.121748827361182,1.4321890960095875,1.6309522048169485,3.9388555633852866,9395043.623460758,16.18254980654457,7.1989286953348595,0.3488645910859201,-0.009126433048082682,14.531179169749828,0.7287962225266376,694060413.1184201,25.41149057085446,19944.172643574482,17258430.34212397,-6.67538766184626e-07,-4.6756185618041906e-08,-15.185619522872877,25.42253042541976,97.348147689719,97.34942719070153,69.36396291992546,67058.66217918773,77149538.33616324,1.0699851277325196,0.3824357876212027,1.4018729469804014,3.3324840850904858,0.3778976167586019,1.225441102049519,3.2939574966120886,0.5416545216124763,5.407816440089606,-14.275,0.6692499999999999,0.44425000000000003,0.9321875,0.76325,1.2730000000000001,0.743
9.44105,0.7434999999999999,13.325,11.870000000000001,241.20625,0.09711406227736664,-22.83,12.3025,57.045,-57.045,2.0477974338731474e-07,28.52249758899383,49.40242055087829,28.522502529235748,49.402417698628284,-49.40242055087829,0.0,12552533.17009328,18815657.75050081,0.40627723641032965,0.41136222993764526,1.1043983665878092,1.4104843672132485,1.6116285119719138,3.9322123605970605,9364911.7908626,23.01569850295328,6.142562081459884,0.5829893800158655,-0.016814659580782775,15.365764144731084,0.9296931783914417,633665411.8740358,21.26560162072706,21412.101778264267,18912619.866010025,-9.093433454480066e-07,-5.269361277313423e-08,-17.554852834979794,21.27621237812666,135.58166780385156,135.5883340363777,101.23990457575562,67999.55199772435,77769847.93747121,1.1342512846097583,0.38112733819296035,1.3845839868589083,3.32749711259991,0.376355782904776,1.2063455200426654,3.2896574631598785,0.5611662063671122,5.393093626979579,-11.025,0.14425,0.6512499999999999,0.9878125,0.5357500000000001,0.9249999999999999,1.497
13.063550000000001,0.9835,13.465,11.77,248.18125000000003,0.09571297445873538,-18.87,8.8025,46.245000000000005,-46.245000000000005,1.6600997866502535e-07,23.12249804545569,40.04934592646799,23.12250205039017,40.04934361421799,-40.04934592646799,0.0,12169612.36615685,23377478.42847621,0.40327129976906045,0.40890184782074956,1.0696176571017897,1.3669763875473262,1.5725091551589734,3.9196307576218556,9270957.935844816,16.465290922309716,6.865464374934858,0.33631188400220646,-0.010130759445581509,17.72544068354602,0.59974267413861,625367339.4107499,26.715466185385903,26002.20602182934,23474490.17356682,-6.120817930989071e-07,-2.9662269157788862e-08,-15.214646532390201,26.73075277788512,114.24543408403542,114.24623007842995,73.42685185426679,69965.90600050881,79005027.62947945,1.2296719020415288,0.3785941867751363,1.3495968975522945,3.3178709140558813,0.3733067103494333,1.1680825161781643,3.2814476966076995,0.5719680481338341,5.365610330250555,-9.325000000000001,0.36624999999999996,0.26425000000000004,0.7665625,0.5777500000000001,1.0190000000000001,1.285
7.04355,0.7915,12.315,12.11,239.14374999999998,0.09755324037678431,-16.07,11.3575,59.144999999999996,-59.144999999999996,2.1231830874998212e-07,29.572497500237354,51.221073950069176,29.572502622344608,51.22107099281917,-51.221073950069176,0.0,10293487.41446413,10257933.07460328,0.40734315827183526,0.4122766949265074,1.1150471781829239,1.42382242916779,1.6234981726849833,3.9362845109050713,8404233.160349034,23.44436912898142,6.552848964778969,0.7668847514553415,-0.01837192739128154,12.63645629188125,1.0868497464367515,762741269.320534,20.46434193451415,13079.533482722998,10354902.795813046,-9.340120943460183e-07,-6.130463652804237e-08,-11.557032797110729,20.475000470052382,105.16224643446205,105.16882773489198,77.3677225123591,67418.10323346013,77388852.38902323,1.0980464644262344,0.38195177025463034,1.3952086949191282,3.3305623644777143,0.3773248180798275,1.2180852556182948,3.292303081681128,0.5517572708140501,5.402428205075911,-1.7749999999999986,0.34975,0.29125,0.7709375,1.38625,0.7669999999999999,1.085
13.081050000000001,0.7695,11.045,6.49,244.05625,0.09652482072512192,-22.19,10.7975,42.645,-42.645,1.5308672375759553e-07,21.32249819760964,36.93165438499789,21.322501890774976,36.93165225274789,-36.93165438499789,0.0,11652762.589443825,21618438.55346619,0.4052974458562841,0.4106059423847258,1.089976339089587,1.3924729276333974,1.5955184611761646,3.92698069234489,8933669.321810877,12.709769809737592,26.62689197635337,0.4319477266325181,-0.03768248944938285,22.484969853962344,0.6891794860712248,1345378031.2201128,56.59836563675923,24305.800974250644,21715460.156214703,-5.661227605457428e-07,-2.67054681100574e-08,-17.963743014098235,56.57645862785054,104.13188272263233,104.13409099042529,66.62868778308592,68803.00847198037,78283955.26329619,1.1767515964941682,0.38008945436214736,1.3701265701137333,3.3234657400096843,0.37511024627674966,1.190454397743162,3.2862042016379513,0.5683357885702635,5.381784645113852,-5.625,0.17875000000000002,0.43975,0.9053125,0.24525,1.2109999999999999,1.035
10.35105,1.0235,12.165,11.97,240.11875000000003,0.09734589987886583,-18.91,18.1475,58.195,-58.195,2.089080053716326e-07,29.097497540389092,50.39834979329235,29.097502580223935,50.39834688354234,-50.39834979329235,0.0,12904132.92991199,17725541.280699223,0.406804852440394,0.4118077635726058,1.1099749106990386,1.4174828035749805,1.6178469137979707,3.9343022935550143,9429410.162617257,22.844736895006662,5.657778713807957,0.4086683935844811,-0.018564923264423588,16.695782128270682,0.5931659455494105,602065766.3864493,23.805570873694887,20366.665842991933,17822510.929917403,-8.447036240463993e-07,-5.015054230575379e-08,-13.34430160540118,23.817306502473713,129.16320856623463,129.1694148164263,91.12574158198466,67692.96992202141,77570169.07029562,1.118288332962351,0.3815186368742242,1.3901467518716055,3.3290652624526342,0.3768255834865604,1.2125015273487492,3.2910083277755,0.5584185598163854,5.397351089547469,-1.3249999999999993,0.18925,0.24775,0.9796875,1.1167500000000001,0.739,1.107
12.416050000000002,0.7875,12.754999999999999,11.71,235.46875000000003,0.09835810986801888,-16.75,18.497500000000002,55.295,-55.295,1.9849760558509193e-07,27.647497662957555,47.88687605155255,27.64750245164503,47.88687328680254,-47.88687605155255,0.0,13730720.953927342,23459881.36296539,0.4091344170711181,0.4138008082493752,1.1345138079003685,1.448099848503333,1.645038706188764,3.9437472529525768,9825978.96614999,21.342334953987447,6.071158753226322,0.4594688360973734,-0.015021385398080104,18.90390397518169,0.6759559094861047,629550342.9461396,24.058229713784606,25992.844894748217,23556866.0338058,-6.974675831621744e-07,-3.7822927932643514e-08,-11.920780833234721,24.068529193613447,135.06923781281546,135.07535229696273,88.11726026509174,66382.06725349845,76691556.86584075,1.0182220278510516,0.38334528722421674,1.4145232414072293,3.336177494191549,0.3789724459982827,1.2394882560558564,3.2971541803978264,0.5226551314468887,5.417962013150441,-16.225,0.5477500000000001,0.62875,0.8171875,0.75625,1.325,1.063
8.70605,1.1065,11.395,7.85,246.34375,0.09607134694025062,-23.53,13.037500000000001,59.995000000000005,-59.995000000000005,2.1536963282534752e-07,29.99749746431212,51.9571955640274,29.997502660031532,51.95719256427739,-51.9571955640274,0.0,11877620.828498594,15373338.804421525,0.40390369190045,0.4093843628082625,1.0785787776955464,1.3781849151637535,1.5826231726476963,3.9227734348205137,8980802.385764493,24.21347231773574,5.562824472790833,0.32840084971680994,-0.028031113227414653,17.620767709318194,0.5238443503944887,570725993.8914653,24.744958922935123,18034.544564254786,15470290.661242427,-8.436564256717032e-07,-5.2940348317061116e-08,-18.10110848059883,24.759095784826357,131.16254226928947,131.16920050654377,95.81310878104215,69447.88801052795,78686454.59633552,1.2111457632962546,0.3792428557296809,1.3586509843850725,3.3203093123083476,0.3740950193858422,1.177948958966598,3.28351901585446,0.5738835411523336,5.372538994598174,-12.024999999999999,0.22075,0.43525,0.7921875,0.94175,0.951,1.101
13.53605,1.0615,11.345,11.65,242.93125,0.09675465521323592,-19.75,10.1675,51.945,-51.945,1.8647179893512253e-07,25.972497804545263,44.98569086712898,25.972502303114222,44.98568826987897,-44.98569086712898,0.0,13093255.99794739,28084549.63455229,0.40557788194575184,0.4107958415973897,1.0956312171797646,1.3995174903889,1.6018330251809052,3.9289888575266407,9546997.152397875,18.95118512532509,9.056091149446047,0.46195160200124713,-0.017203601725786728,22.635892283198668,0.597851035737998,709319297.8834887,33.42660984269773,30520.05613377212,28181535.753777128,-6.792815551081046e-07,-2.7653211131869508e-08,-16.01081511482441,33.44251955905354,140.4031586537565,140.40964021098816,91.92035649142106,68485.85460056353,78082825.2688046,1.1598576143112918,0.3804942892556036,1.3758055143197159,3.3250368163287285,0.3755977214819589,1.1966824293382745,3.2875467831641623,0.5654924492687391,5.386170036238912,-7.125,0.18175000000000002,0.42774999999999996,0.9834375,0.48325000000000007,1.397,0.979
7.56855,0.8585,11.765,10.11,243.56875000000002,0.09662389935481269,-17.25,13.842500000000001,48.995,-48.995,1.7588190949708976e-07,24.49749792922697,42.43091585397987,24.497502172318438,42.43091340422986,-42.43091585397987,0.0,10090183.534305444,9197810.018220754,0.4053598714911835,0.41062857217069565,1.0924202120524562,1.3955116528366849,1.5982453186427712,3.9278464592432414,8291649.05193369,17.186066424296882,9.439493690479937,0.34262197538935923,-0.014816152748081325,13.0061728602162,0.539529553268571,722688859.0809269,29.325818688917337,12147.191146480012,9294816.196172196,-7.898674620091867e-07,-5.659695138114312e-08,-11.928825919526435,29.337698457659553,82.00315962026136,82.00587027007022,59.172796604279924,68665.57512769972,78197093.49808475,1.1694122088757664,0.3802648853631977,1.3725837696181515,3.324144101060032,0.3753215575575928,1.19314642921265,3.2867833853783215,0.5671036614560316,5.383684059148971,-18.675,0.51775,0.16975,0.9146875,1.36875,1.459,0.7849999999999999
11.978550000000002,0.8795,11.105,12.99,240.19375000000002,0.09732974442110139,-19.57,13.1775,58.145,-58.145,2.0872851572014053e-07,29.072497542502344,50.35504852188304,29.072502578007057,50.355045614633035,-50.35504852188304,0.0,12976272.57596615,23244455.570741706,0.406761709324886,0.4117701098094953,1.1095888529726796,1.4169967052807635,1.6174155237555812,3.9341531679641304,9444719.039899513,22.72082279611732,7.014212173964367,0.4410159064003359,-0.020691839236077182,20.177480926789528,0.5836780242875969,623386903.1390985,29.382256149003307,25741.836485647185,23341421.67557825,-8.471599070473497e-07,-3.692386772667591e-08,-15.217787347128132,29.395539929367693,146.46606025478758,146.4725672723746,103.1444736328902,67714.1135134492,77584040.9875582,1.1193846924566802,0.38149165480221486,1.3897622109309222,3.328956493303385,0.37679320466064115,1.2120752869700964,3.290914493082783,0.5586081348888651,5.3970573048855,-6.425000000000001,0.27925,0.16525,0.7940625,0.68275,1.343,0.853
7.76105,1.0785,10.535,12.21,248.85625,0.09558433656086929,-20.89,18.637500000000003,41.695,-41.695,1.4967642037924602e-07,20.847498237761375,36.108930228221055,20.8475018486543,36.108928143471054,-36.108930228221055,0.0,10613441.757724695,9180656.312096689,0.40312839355541763,0.40881691368546086,1.066358244149249,1.3629190660822539,1.568837087056749,3.9185442766698944,8466797.481194774,8.115740719511193,61.841085580809875,0.3921127143976219,-0.24633200112472287,13.085080942925357,0.4144773398281492,2071159862.7827764,113.00511155295105,12212.31359701128,9277690.967909982,-6.843874039952123e-07,-5.248395887725331e-08,-13.501933440972621,113.14706931019143,70.53464642014052,70.54529991667499,49.21918669921647,70156.19832335891,79119853.11367,1.2365167797872594,0.37836034061512086,1.3462947985392373,3.316991805324234,0.37302094177952594,1.1644958508534442,3.2807034914079223,0.571292914205973,5.363137144288906,-15.575,0.16525,0.42625,0.9790625,1.08875,1.0070000000000001,1.161
12.81855,0.8005,12.195,11.91,242.55624999999998,0.0968320842084578,-18.41,16.7825,57.894999999999996,-57.894999999999996,2.078310674626801e-07,28.947497553068587,50.1385421648365,28.947502566922665,50.1385392700865,-50.1385421648365,0.0,14440266.268375263,28531642.562853374,0.40567118856326023,0.4108591185699121,1.0975257625035286,1.4018787559338055,1.6039444771560318,3.929665129004677,10128715.559009682,22.30519548949669,6.079604471919032,0.4958869347744997,-0.018272321594884396,21.47969121951995,0.6521993183274509,638477153.7285209,26.420094242508434,30916.578033382248,28628613.67740895,-7.672170912582044e-07,-3.466656375610666e-08,-13.847489223703654,26.43227494210404,155.72774405810574,155.734410888549,105.7361142718726,68380.13664342454,78015345.89909466,1.154259942212922,0.3806292259299093,1.377705190520067,3.325564950321991,0.3757600772030521,1.1987707101238185,3.287999041018349,0.5645446733332822,5.387633429853252,-7.625,0.39174999999999993,0.52225,0.9171875,1.44225,0.825,0.7649999999999999
12.80105,0.7805,12.585,11.99,248.40624999999997,0.09567006012987905,-19.43,18.0075,56.945,-56.945,2.044207640843306e-07,28.47249759322033,49.31581800805967,28.472502524801993,49.31581516080967,-49.31581800805967,0.0,14838652.496725561,29046668.35109238,0.4029703508205456,0.4086156001633856,1.068523808334138,1.3655766581392283,1.5712416878434006,3.919194914448574,10322280.796568524,21.496184713268377,5.614523691987612,0.4530851423333408,-0.016995183137838935,20.976548526830115,0.6053534140385071,601432663.5051545,25.95456553507184,31431.28678093312,29143640.928593323,-7.695997669936826e-07,-3.630014016274881e-08,-14.49116686627283,25.968199135596166,155.2001703676234,155.20691315608124,106.50078397584988,70029.33677479216,79043295.53371465,1.231950834327641,0.37851624511253323,1.3484950276188847,3.317577155555648,0.3732114858171169,1.1668848711230537,3.2811988726609926,0.5717420797293599,5.364785720796837,-8.925,0.54625,0.17725000000000002,0.9059375000000001,0.77725,1.063,1.277
10.596050000000002,0.8405,12.925,12.83,248.48125,0.09565573293940381,-19.509999999999998,9.5725,51.394999999999996,-51.394999999999996,1.844974127687096e-07,25.697497827791,44.5093768816266,25.697502278728567,44.50937431187659,-44.5093768816266,0.0,11513384.546687463,17687982.003992323,0.40300571987542405,0.4086583273390141,1.068162396928605,1.3651348294595749,1.5708422657312555,3.919089438845953,8943496.363938551,19.112704994918772,5.906892186660323,0.378940415785411,-0.012998215246262898,15.379932185609245,0.6439364021500543,604334601.897569,24.422353875480837,20391.362971850147,17784970.540882844,-7.920758983850739e-07,-4.1298572560284125e-08,-15.33106024488983,24.43740729807987,115.75812533821147,115.76426539477832,81.43717925620277,70050.48036621996,79056078.08621708,1.2327110648703399,0.3784902582882548,1.34812799702197,3.3174793931072366,0.3731797319685619,1.1664860983434582,3.2811160921548486,0.5716670057853119,5.364510825593043,-1.4750000000000014,0.4982500000000001,0.25525000000000003,0.9684375000000001,0.30825,0.7949999999999999,1.355
8.39105,0.7404999999999999,11.165,7.43,249.60625,0.0954437638955618,-21.93,14.087500000000002,56.995000000000005,-56.995000000000005,2.046002537358227e-07,28.49749759110708,49.359119279468985,28.49750252701887,49.35911642971898,-49.359119279468985,0.0,11248989.47120902,13167295.130324436,0.40245860369996017,0.40820107989275395,1.0627336208973737,1.3583353164212821,1.5646680618372968,3.917172277205666,8730055.298208453,21.771495678379196,6.559429056695481,0.31107130473567085,-0.025747093880068937,16.922832756674442,0.4995931556299489,576181040.0230922,26.912657929636676,15921.325706449008,13264260.195440188,-8.065008328590552e-07,-5.295865078942501e-08,-16.48121012124964,26.929725392123697,115.1875129129321,115.19398663954836,83.62615741436015,70367.63423763681,79246802.67541009,1.2441732245688333,0.37808833985785245,1.342626344143221,3.3160108695278327,0.372691655526435,1.1605274065370106,3.2798745799246087,0.5705557167921905,5.360209126584716,-4.525000000000002,0.28225,0.35424999999999995,0.8959375,0.6127499999999999,0.845,1.089
10.77105,1.0455,12.175,10.47,235.88125,0.09826711388192796,-22.31,20.7725,58.495,-58.495,2.0998494328058508e-07,29.247497527709598,50.658157421748186,29.247502593525198,50.65815449699818,-50.658157421748186,0.0,14164799.01776399,21515608.467309307,0.40887519589144133,0.41357048980048794,1.132303557440421,1.445332239801748,1.6425955361703097,3.9428742789798346,9946246.739098407,23.781604320197822,5.455091445240963,0.34871615310292625,-0.020713944365416737,18.770131415100966,0.5759295955727165,561427011.8593037,24.547019276382816,24038.65630130634,21612570.910536766,-7.862743835879361e-07,-4.843705130793133e-08,-15.998829273611092,24.557448107017454,145.14445968738818,145.15095742735252,101.6753679239325,66498.35700635127,76771082.00383225,1.0270189855842793,0.38318914511451313,1.412339236926903,3.3355355484385623,0.37878805160199613,1.2370550913452227,3.296596927814174,0.5258853554178367,5.416218557314359,-2.375,0.42625,0.14725,0.8653125,0.69675,0.915,1.299
11.05105,0.8385,11.625,6.13,246.08124999999998,0.09612183739451693,-22.09,8.067499999999999,42.395,-42.395,1.5218927550013514e-07,21.197498208175887,36.71514802795136,21.197501879690588,36.71514590820135,-36.71514802795136,0.0,10387549.570289074,15369669.987398958,0.40440901143041313,0.4098758536421916,1.0798883657053449,1.3798734844628353,1.584157199349068,3.9233445630693646,8412621.93820452,14.29414924404633,17.34071471609114,0.27732992858055466,-0.02142299409331897,17.99268049943297,0.4099496631341616,935402869.1605759,43.145045593921274,18212.467533010444,15466691.611204147,-5.698283040199129e-07,-3.2517651223287624e-08,-17.937884593307295,43.13919004220332,88.48486027411215,88.486201141357,57.815991014045366,69373.88544053066,78640703.50747836,1.207549429630241,0.3793483903345885,1.3599679479036866,3.320675255503216,0.37421962609028797,1.1793763396799726,3.283829833204461,0.5735179802212311,5.373724291375189,-10.875,0.62875,0.6137499999999999,0.7603125,1.4212500000000001,1.087,1.111
13.43105,1.0385,11.975,12.530000000000001,249.15625,0.09552863287356601,-20.15,16.2225,46.845,-46.845,1.681638544829303e-07,23.422498020096693,40.56896118337967,23.4225020769927,40.568958841129664,-40.56896118337967,0.0,13767687.34319861,26663514.87070696,0.4027716785315459,0.4084794536808583,1.064899848826658,1.3610618783031765,1.5671437117337332,3.9179513352745583,9876745.402301628,15.961376159201748,10.381861828680309,0.40394046772492087,-0.012757244501720704,20.58774892132051,0.48039818989506633,702457878.6075914,36.087370677373734,29203.99460969394,26760524.50846823,-6.373277006949452e-07,-2.9774260745237622e-08,-15.31871840588822,36.10702829682533,122.51132143435176,122.51204046693135,80.07985420835404,70240.77268907006,79170714.38941261,1.2395893752532359,0.3782442488610241,1.3448187618846241,3.3165913959210678,0.3728823579383516,1.162902338910295,3.280364902605618,0.57099977270993,5.36185567196246,-12.575000000000001,0.32425000000000004,0.6407499999999999,0.7659375,0.80525,0.9929999999999999,0.869
9.98355,1.1055000000000001,12.495000000000001,9.870000000000001,249.41875,0.09547904987583859,-20.689999999999998,20.247500000000002,48.595,-48.595,1.744459922851531e-07,24.297497946132967,42.08450568270541,24.29750215458342,42.08450325295541,-42.08450568270541,0.0,12806553.383903759,16365498.00173922,0.402626507546565,0.4083552755441598,1.0636365038367763,1.359477198878177,1.5657055580230739,3.917508067610958,9444727.710790232,17.166740075278405,7.890576310914499,0.30291537355293857,-0.013562904403738096,16.164915126241425,0.5314826036027439,654656871.3774056,29.105496139882927,19139.150569924284,16462500.600834295,-6.814977348087232e-07,-4.8004819722619964e-08,-14.25008166980309,29.122848426456816,104.19769348196594,104.19900098504861,72.0727930870448,70314.77525906732,79215145.05575472,1.2422620454875053,0.3781532984961007,1.343539323348347,3.316252412206265,0.37277112250556976,1.1615159442041443,3.280078512836335,0.5707404973188777,5.36089496268059,-4.824999999999999,0.56575,0.69175,0.9809375,0.47275,1.013,1.301
10.49105,0.7154999999999999,12.905000000000001,13.33,245.36875,0.09626279814255949,-21.19,20.9125,55.995,-55.995,2.0101046070598105e-07,27.997497633372063,48.49309385128284,27.997502482681313,48.49309105153283,-48.49309385128284,0.0,13916976.019771159,19783596.71616125,0.4043607727254422,0.40976566801885045,1.0834120261078763,1.3842226232898973,1.5880821747678537,3.9245173210427384,9905474.001974517,21.640725557489638,5.210152518144356,0.3988469708992654,-0.015251161997092404,15.975153250041021,0.658173201149038,580057368.9608743,23.541437693369023,22391.450751390184,19880569.922308028,-8.550540312753028e-07,-5.309338326930294e-08,-14.641678070984025,23.55455373095008,133.64738363219166,133.6537969196208,96.40770859763455,69173.02132196666,78515829.17004621,1.1966579167190454,0.37960480369296246,1.3635268352583105,3.321645644419968,0.3745290902675567,1.183252067563332,3.284654094897799,0.5717161052024698,5.376492251830168,-11.575,0.11575,0.6257499999999999,0.8940625,1.32325,0.9049999999999999,0.9849999999999999
7.63855,1.0485,13.295,13.67,237.68125000000003,0.097873116075093,-17.990000000000002,8.2425,52.145,-52.145,1.8718975754109086e-07,26.072497796092264,45.15889595276621,26.072502311981737,45.158893345516205,-45.15889595276621,0.0,10367615.425471783,12637411.209706688,0.40807810434093195,0.41290504281193846,1.122736651611202,1.4334094267193402,1.6320358241028772,3.939214622915456,8500256.075681072,20.01804613758713,6.596869997999254,0.6603751143605601,-0.012191572660759497,12.31824906384455,1.035149256566589,740145914.3029709,21.585507284772728,15447.935650753743,12734399.798589617,-8.744842066254121e-07,-5.220252443593093e-08,-13.80864528878698,21.5960520081567,102.3218266305436,102.32806981398097,75.4929877787228,67005.80320061823,77114082.40756452,1.065891199309184,0.3825069105025356,1.4028562770830784,3.332769024754406,0.3779817409896222,1.2265290692434094,3.2942033159385855,0.5401727151390058,5.408608795897344,-11.225000000000001,0.61525,0.37825,0.9034375,0.21375,1.337,0.995
11.733550000000001,0.8735,13.675,7.59,247.35625,0.0958730942732312,-21.35,7.2975,43.645,-43.645,1.5667651678743715e-07,21.822498155344654,37.79767981318403,21.82250193511253,37.797677630934025,-37.79767981318403,0.0,11294103.049504286,19583869.987190623,0.40367217233404096,0.40923745003735024,1.0736340426452355,1.3720116590296831,1.5770650584083823,3.9210662327302,8900958.753663417,15.52271476206457,7.4645319390229705,0.29527582199132874,-0.010518877512115922,16.808746647763414,0.5649364803145033,635762840.9681543,27.54110758620787,22313.313345193426,19680886.86264688,-6.14541377753727e-07,-3.31411683786548e-08,-17.453887166459452,27.55524854404929,100.72897308312233,100.73007696631244,67.64550615275412,69733.32649480313,78861807.017373,1.2213150134806527,0.37889221275502505,1.3536590365343018,3.318966212626149,0.3736672677242012,1.1724978228159004,3.282376812714926,0.5727973417137394,5.368820874428228,-10.325,0.22225,0.42474999999999996,0.9496875,0.28725,1.471,1.367
11.471050000000002,0.9585000000000001,11.955,6.85,235.24375,0.0984082529612862,-23.87,17.9725,59.095,-59.095,2.1213881909849005e-07,29.547497502350605,51.17777267865987,29.54750262012773,51.17776972390986,-51.17777267865987,0.0,13734148.365845209,22915389.590396725,0.40917241026185086,0.41382163491765206,1.1357199376848186,1.4495955344811862,1.6463562695930325,3.9441981580497396,9737842.616324652,24.3388436938139,5.529952318737363,0.34141110318183016,-0.025395339136357296,21.09231385463873,0.5326864910263482,550324925.6196972,25.206098278593238,25386.490103538963,23012345.578151286,-7.786184007876482e-07,-4.474769509124427e-08,-18.108140845271127,25.216084011680273,151.34257689349073,151.34923872571417,106.08902968166043,66318.63647921506,76648018.65091683,1.0134411540640247,0.3834304144853591,1.41571621864991,3.3365289046359488,0.37907295450851036,1.2408187263683237,3.297459518143629,0.5208962746671435,5.418912803250946,-0.02499999999999858,0.43825000000000003,0.19225,0.8021875,0.6932499999999999,0.863,0.875
6.78105,0.8135,11.085,8.15,248.81875,0.0955914632288484,-21.43,11.0075,60.245000000000005,-60.245000000000005,2.1626708108280792e-07,30.122497453745872,52.173701921073935,30.12250267111592,52.17369890882393,-52.173701921073935,0.0,10225850.027382053,10004747.965346977,0.4027871804976916,0.40846592019583855,1.0665303837430375,1.3630814894600058,1.568982185552953,3.9185029518818424,8301520.284597934,24.015243636053544,6.031952728552733,0.39242018264192097,-0.02860480434667762,14.56292307420609,0.5963042134511992,614348884.8526667,24.086814200925303,12807.620703555382,10101702.61831894,-9.347788182770932e-07,-6.507644236509314e-08,-16.142644490510875,24.10282241145588,111.92167646656961,111.92893550083946,85.76439792299718,70145.626527645,79113481.81219128,1.2361358057790122,0.37837333316645794,1.3464779797546789,3.3170404756639136,0.3730368250309668,1.1646946289902547,3.280744659722891,0.571330227400636,5.36327448156362,-2.025000000000002,0.19675,0.6782499999999999,0.9065624999999999,1.17975,1.497,1.153
7.34105,1.0945,12.935,6.01,236.85625,0.09805699982626043,-23.63,11.4975,53.545,-53.545,1.9221546778286912e-07,26.772497736921284,46.371331552226806,26.77250237405431,46.3713288749768,-46.371331552226806,0.0,11090372.49659555,13212247.104426865,0.408426622565326,0.41319281336343044,1.1271067651717053,1.4388516497669488,1.636863478926883,3.9408757028845223,8733255.93679473,21.381537990291903,6.119557696439499,0.4810098380850192,-0.018524073395824393,14.44591416003427,0.8590222047287034,680136979.5223787,22.487135561459255,15963.678042957465,13309218.893747278,-8.533231636706248e-07,-6.021839359799479e-08,-18.04552755672861,22.49781087561222,111.10015108816103,111.10691508700252,86.25101327167607,66773.22369491254,76957222.02424406,1.0479791937158736,0.3828197945847067,1.4071930649709,3.3340300633802373,0.37835165518230107,1.2313351314943246,3.295292804064565,0.5335887866877255,5.4120967549199275,-8.125,0.15925,0.46525000000000005,0.8509375,0.4972500000000001,1.275,0.839
10.78855,1.0545,11.485,12.870000000000001,236.55625000000003,0.0981209161554431,-19.87,19.337500000000002,47.745,-47.745,1.7139466820978774e-07,23.872497982058203,41.348384068747194,23.872502116896495,41.34838168149719,-41.348384068747194,0.0,12312612.889012149,15730757.30122158,0.408715390994248,0.4134619350552485,1.128705537096282,1.4408666514402435,1.638649893046211,3.9415296958917887,9169213.773301791,16.73135691157804,11.991968108369193,0.32010855754456585,-0.014093987905378394,15.988634647233997,0.3975155804013235,753293063.8377413,35.46368751962877,18514.567576376896,15827765.237574562,-7.124727731693683e-07,-4.409773108513782e-08,-13.708643046147559,35.4752517978016,100.24710774583961,100.24825118467503,67.82947641980539,66688.64932920139,76900561.13298741,1.041502295522629,0.3829335095635374,1.4087742170830182,3.334491571616202,0.37848603603213515,1.2330904737358117,3.295692154219822,0.531180549087085,5.413365834081486,-2.625,0.30925,0.46825000000000006,0.8646875,1.10625,0.9650000000000001,0.941
10.26355,1.0125000000000002,13.085,7.01,248.14375,0.09572016406086362,-22.57,20.5275,49.595,-49.595,1.7803578531499473e-07,24.79749790386798,42.95053111089155,24.79750219892097,42.950528631141545,-42.95053111089155,0.0,13143147.252990428,17951684.429783642,0.4031556029778526,0.4087809976314502,1.069796799093622,1.3671823360688244,1.5726948430324825,3.9196642996002735,9593989.499737386,17.993956901045927,6.454508614314278,0.3135404744808717,-0.014464075747255674,16.840010188436587,0.5984130091062643,608730197.506021,26.361280165613074,20662.035476737015,18048678.281841256,-7.079248037241763e-07,-5.035725420721721e-08,-15.937393197068712,26.377064662524965,112.14017597492987,112.1414581211093,80.19095303677435,69955.3342047949,78998622.44632493,1.2292923760539674,0.3786071803782829,1.349780632883377,3.317919942332137,0.3733225835609844,1.1682823598056369,3.2814892501930624,0.572005755037241,5.365747856731128,-17.575,0.29725,0.36624999999999996,0.9440625,1.20075,0.995,1.133
7.30605,0.8785000000000001,12.095,9.81,240.83125,0.09719370228902907,-17.09,14.2275,47.545,-47.545,1.7067670960381944e-07,23.772497990511205,41.17517898310997,23.772502108028988,41.17517660585997,-41.17517898310997,0.0,10045305.389515651,8811357.115321781,0.40664120257103264,0.4117009336481313,1.106320517998616,1.4129246989993844,1.6138017946039551,3.932988484971937,8287354.990025714,16.700151113761887,9.757259150927911,0.35843580469853875,-0.013514582368715927,12.470306021303069,0.5711215229379195,747811135.9300154,29.051646761478445,11784.62997202697,8908370.368229328,-7.880352049694116e-07,-5.8636431818564764e-08,-11.592371731274085,29.06142186999181,78.33985734621265,78.34274101821393,57.186729205447655,67893.83404058541,77701123.8204661,1.1287308045210684,0.3812622795306687,1.3864990292848294,3.328035678908214,0.3765178531857836,1.208462321338405,3.2901209183930997,0.5602218729669022,5.39456097615758,-8.275000000000002,0.49375,0.45925000000000005,0.7715625,0.74925,0.715,0.999
10.19355,0.8815,10.905,8.530000000000001,247.46875,0.09584898443446292,-16.310000000000002,17.8325,48.195,-48.195,1.730100750732165e-07,24.09749796303896,41.73809551143096,24.097502136848398,41.73809310168095,-41.73809551143096,0.0,11110439.53779835,13085488.47429521,0.4036801219845022,0.40925570466700834,1.07308749814223,1.3713365725376725,1.5764566732278782,3.9208963110111545,8672909.969673378,15.18827704704878,14.696468314822969,0.38185969393254726,-0.01983931270770778,17.511914823569082,0.4571028412095098,861870513.3026061,39.50258692097249,15966.64234663961,13182502.68868573,-6.200768067567071e-07,-4.1257263016389205e-08,-11.201434432191787,39.51064927400055,90.44933423346848,90.45085192409864,58.64923177778108,69765.04188194481,78883052.16172567,1.222449351793431,0.37885323115489794,1.3531058109104488,3.318817885370538,0.373619690427496,1.1718948204086268,3.282250871025589,0.5726827052197274,5.368407785261111,-17.475,0.20575000000000002,0.56275,0.8240625,0.5322499999999999,1.005,1.155
11.296050000000001,0.9495,11.635,9.07,249.34375000000003,0.09549319875142066,-22.87,11.7425,56.495000000000005,-56.495000000000005,2.0280535722090187e-07,28.247497612239574,48.92610656537592,28.247502504850093,48.926103740625905,-48.92610656537592,0.0,12623985.653080517,21461238.16390586,0.4025730181696336,0.40829403251836266,1.0639949252279843,1.3599126972097946,1.5661003923503576,3.9176072648998894,9313677.798054587,21.866964541590338,5.989441057566625,0.3130801576510823,-0.022722980536732936,20.154569347103383,0.4772788453234788,575434672.7125332,26.963248764469437,24008.691618528486,21558201.722603448,-7.457209577314633e-07,-3.8481182287563984e-08,-18.208701587542727,26.97906239746021,140.64752657235536,140.65406376601348,96.47554897447517,70293.63166763955,79202460.31652692,1.2414980499373096,0.3781792875689968,1.343904685266452,3.316349161072542,0.3728029107105135,1.1619117543841393,3.280160235010656,0.5708145729054139,5.361169468836851,-13.825000000000001,0.33025000000000004,0.54475,0.8728125,1.48775,1.431,1.389
9.38855,1.1035000000000001,11.865,7.97,241.76875,0.09699529467010207,-17.369999999999997,18.7425,42.745,-42.745,1.5344570306057968e-07,21.372498193383137,37.0182569278165,21.37250189520873,37.018254790566495,-37.0182569278165,0.0,11004031.133631464,11292870.155560408,0.4064013943435276,0.4115355594186534,1.101538701103107,1.406955900593409,1.608489190406034,3.9312570911876747,8668376.898558356,13.205414631228676,18.10719566916604,0.32127258505483813,-0.017935021273694715,15.02728464353473,0.44794624202490074,982162752.8784659,42.142481665413825,14273.677420153139,11389908.992443275,-6.125633887613804e-07,-4.6669845891452e-08,-11.456556758909747,42.11134582510296,75.95379506439438,75.95547263372119,51.443054901735856,68158.12893343279,77872599.89764218,1.1425632037279025,0.3809249270506675,1.381717625740634,3.3266935355185985,0.37611255789915093,1.2031819340676144,3.2889668887640746,0.5625880468203938,5.390894169407155,-13.075,0.36324999999999996,0.42025,0.7528125,0.66175,1.375,0.911
7.16605,0.7515,13.485,10.55,245.85625000000002,0.09616618132245523,-20.07,12.337499999999999,55.845,-55.845,2.004719917515048e-07,27.92249763971181,48.36319003705492,27.922502476030683,48.36318724480491,-48.36319003705492,0.0,11167289.365056507,12882272.831629192,0.4041368708646911,0.409579902779663,1.080993635881701,1.381201209342477,1.5853548897599694,3.9236499222066827,8825801.250233192,21.641550598713504,6.421560608919756,0.7631444916966915,-0.01580476869351217,12.889622964102983,1.1586203229202348,775525124.6945119,20.156124088254863,15656.651128326937,12979245.07920794,-9.344098118915789e-07,-6.341089500547504e-08,-14.739320533023795,20.16862218148742,112.57166250457541,112.57843227114937,86.84131083856809,69310.45466624731,78601366.77734078,1.2041032978065591,0.3794293651790892,1.3610904760560318,3.320980854564891,0.3743173793999327,1.1805979130414737,3.284089252219207,0.5729489045720904,5.3745980895468835,-2.5749999999999993,0.29575,0.43674999999999997,0.9690624999999999,1.49475,1.2389999999999999,1.445
10.71855,1.0255,11.754999999999999,10.05,240.26874999999998,0.0973136327385797,-23.71,11.9175,49.394999999999996,-49.394999999999996,1.773178267090264e-07,24.697497912320976,42.777326025254325,24.69750219005346,42.77732355550432,-42.777326025254325,0.0,12096477.55254006,18716571.92413387,0.4068483975812783,0.4118643544647748,1.1092057909333974,1.4165336866685077,1.6170060712664749,3.934042000181394,9108544.578798223,18.56623976882814,8.534525594206102,0.25491876131127195,-0.016778873561217864,18.032812959792032,0.4187995977964903,623928724.8855635,30.850067879695022,21380.376253770046,18813559.45678212,-6.8332904757716e-07,-3.8505727891130266e-08,-18.640132694505294,30.863749046417368,115.2481938309042,115.24925965262698,78.44757220661245,67735.25710487699,77597882.80116849,1.1204817007972239,0.3814646619863561,1.3893777624415593,3.328847799392329,0.37676081322180194,1.2116492797827922,3.290820748204418,0.5587977098270097,5.3967634007951535,-4.224999999999998,0.43975,0.46675,0.8303125,0.84025,0.729,0.9349999999999999
12.573550000000001,1.0375,11.775,12.47,242.10625000000002,0.09692576082904522,-19.23,12.4425,48.745000000000005,-48.745000000000005,1.7498446123962938e-07,24.37249793979322,42.21440949693334,24.372502161234053,42.21440705968333,-42.21440949693334,0.0,12863757.01211616,24219433.836706467,0.4060115380290895,0.4111670495404375,1.0998101302717709,1.4047598823060343,1.606519332789414,3.930541714811759,9483213.235714598,17.266679501416117,9.592252480860639,0.4008503691089907,-0.013777884364721289,19.96500050489421,0.476873263396356,677759264.2399107,33.41161675796568,26788.310521580734,24316435.401507415,-6.625650501221982e-07,-2.9757725227222176e-08,-15.072583735344221,33.42728386278676,121.90154526444024,121.90229609756243,80.53641747829026,68253.27509485782,77933911.05446583,1.1475691788791287,0.38079111348516015,1.3799890992877353,3.3262016202915197,0.3759547878739736,1.2012848003311354,3.2885448962531454,0.5634296971059903,5.389390004685161,-10.825,0.23575000000000002,0.28225,0.9721875,0.30474999999999997,0.857,1.069
10.963550000000001,1.0315,12.235,7.27,238.73125000000002,0.09764267929543025,-21.57,16.0825,59.894999999999996,-59.894999999999996,2.1501065352236332e-07,29.947497468538614,51.870593021208784,29.947502655597773,51.87059002645877,-51.870593021208784,0.0,13220966.615112763,21211595.523313697,0.4075162683579321,0.412419007652243,1.11720774725603,1.426508584136074,1.6258937536743792,3.9370886979325066,9551176.549391396,24.49785909410372,5.148242971322263,0.39101999454101255,-0.024168627004391215,19.840465374398807,0.6374044677039681,568296872.005707,23.44444347539648,23733.86021720562,21308553.150296617,-7.908404392930122e-07,-4.5345059925187065e-08,-16.366355498000168,23.45497176550143,147.6072260400675,147.6137994789857,104.26436674157473,67301.81348060729,77311778.13595311,1.0889254503316625,0.3821084280953056,1.3973605049943258,3.3311810793799603,0.37751027075828114,1.2204570394963066,3.2928350785382605,0.548483892508989,5.404171361990935,-14.875,0.6872499999999999,0.4982500000000001,0.9990625,0.32925,1.3050000000000002,1.103
10.57855,0.9775,12.335,8.77,248.06875000000002,0.0957345533188239,-22.79,11.4275,54.345,-54.345,1.950873022067424e-07,27.172497703109293,47.06415189477571,27.172502409524352,47.06414917752571,-47.06415189477571,0.0,12321917.579377001,19640861.833075795,0.4031622995223822,0.40878114005777766,1.0701596147516723,1.3676331134636204,1.5731022986055705,3.919784014438023,9226807.18731294,20.86451726381103,5.69769996344551,0.3150326060891073,-0.019162155085495534,18.243845807184922,0.5312811184863991,584406615.8041233,25.217711945363988,22249.942064796014,19737832.68924855,-7.492176932031865e-07,-4.1686780611546225e-08,-18.017812112006723,25.232549451429605,130.1066476361033,130.1130714680405,91.42790241051074,69934.19061336713,78985806.80915743,1.2285334582721137,0.37863316967533844,1.3501482802571396,3.318018078276166,0.3733543258850377,1.1686821599672244,3.2815724106822053,0.5720812333392579,5.366022941272224,-19.425,0.64825,0.10675000000000001,0.7521875,0.9977499999999999,1.251,1.2570000000000001
12.608550000000001,0.9525,14.025,6.91,238.31875,0.0977327386123239,-21.55,7.5775,51.695,-51.695,1.8557435067766214e-07,25.84749781511151,44.76918451008245,25.847502292029834,44.76918192533244,-44.76918451008245,0.0,12488653.42106621,25042312.766070962,0.40776592903436415,0.4126391609492397,1.1193757538392166,1.4292172027953924,1.628307191485584,3.937923504591142,9374620.385457592,20.06127573071934,5.366172994423328,0.4472414121749655,-0.014242379274802526,18.84964153150723,0.755527357879149,634858270.4785562,22.322180264718163,27532.870683889392,25139294.305020776,-7.030935303814014e-07,-3.463609270611033e-08,-17.773184348041227,22.332061857484884,134.66051088490926,134.666966543065,92.11253610403038,67185.52372775444,77234364.26921861,1.0798448787155506,0.3822650193017817,1.39951642162804,3.331802675429739,0.3776955890755701,1.2228365375775119,3.2933701792381185,0.545215106946345,5.405914519075374,-18.725,0.61675,0.5267499999999999,0.8421875,0.12975,1.2570000000000001,1.105
7.4110499999999995,1.0205000000000002,14.465,6.99,239.40625,0.09749665223491669,-23.27,8.3825,42.795,-42.795,1.5362519271207178e-07,21.397498191269893,37.061558199225814,21.39750189742561,37.061556059475805,-37.061558199225814,0.0,10624287.314817661,14117238.307485208,0.40732386621726063,0.4122783019058422,1.1136775054020478,1.4221305970379425,1.6219882450949892,3.935790242738577,8662262.344831694,15.98217833206683,7.39220181097413,0.4040430009297304,-0.00937985619431887,12.871549572158319,0.7894924330001036,755766629.2181566,24.539417072379205,16967.289214461278,14214254.878561229,-7.248181596727e-07,-4.975543975831402e-08,-18.2285140966317,24.54997826865322,88.74821773214461,88.75027792910795,67.03861557433272,67492.1058034574,77437718.12872742,1.103871834943982,0.38185204393151956,1.393841469296479,3.330170121521994,0.3772067315948274,1.2165798966248837,3.291966133436102,0.5538426718631633,5.401318928637717,-16.075,0.26125000000000004,0.54325,0.9434374999999999,1.02925,0.843,0.895
8.198550000000001,1.0885,11.295,7.73,247.13124999999997,0.0959168413098056,-17.15,16.887500000000003,50.345,-50.345,1.8072813008737595e-07,25.172497872169238,43.600050182031154,25.172502232174136,43.60004766478115,-43.600050182031154,0.0,10642264.364427574,10117174.055902906,0.4037179645000386,0.40926463030824023,1.0747299741798504,1.3733811973678463,1.5783002433688982,3.921454063507757,8491373.078393422,17.225806966126754,10.032895272814484,0.3306764842207024,-0.018254661004255168,15.081700901826183,0.45572903458107805,715343043.7929906,31.549617131939932,13039.016501001563,10214176.286980068,-7.305176641528259e-07,-5.480601332026988e-08,-11.553382006448208,31.56376246393003,86.07450583660697,86.0805182431941,60.62780641993234,69669.89572051974,78823026.9298273,1.2190490062817405,0.3789701493511147,1.3547663746501997,3.319263403755327,0.3737623788902042,1.1737054283537156,3.2826292633846093,0.5730348110958952,5.369646843570239,-17.975,0.41274999999999995,0.32275,0.9709375,0.7002499999999999,1.191,1.237
9.91355,0.7755,11.375,13.57,241.73125,0.09700313011466351,-21.71,18.112499999999997,43.595,-43.595,1.5649702713594505e-07,21.797498157457902,37.75437854177472,21.79750193289565,37.754376362024715,-37.75437854177472,0.0,11791014.834675584,14096502.77389364,0.4063004133795841,0.4114297543249454,1.1017270193986413,1.407174645551245,1.6086830238341883,3.9312949028014925,8979520.59929305,14.436227175193562,17.951126112134606,0.26399240792592593,-0.016902325282179335,14.648458101665508,0.40821239315665236,922932366.1025901,44.35338701578879,16965.395599478106,14193524.938087663,-6.889528694393258e-07,-4.429898307828773e-08,-15.148511880317516,44.351793744389006,89.11121620779267,89.1125630656309,60.16853035416983,68147.55713771886,77865807.7012166,1.1420078213034244,0.38093841544509677,1.3819085178996178,3.3267469516869523,0.37612877181707954,1.2033924221271974,3.2890127540289513,0.5624932567993246,5.3910406388325605,-2.974999999999998,0.25975,0.40525,0.8678125,0.9242499999999999,1.287,1.129
12.08355,0.9005000000000001,13.225,10.35,237.94375,0.09781514015835475,-22.65,11.6725,58.795,-58.795,2.1106188118953758e-07,29.397497515030103,50.91796505020403,29.397502606826468,50.91796211045403,-50.91796505020403,0.0,13826968.272219855,26810042.55309142,0.40787951853964755,0.41272438849522075,1.1213496613360905,1.4316680169540204,1.6304869491722394,3.9386588562553735,9876117.218922153,24.379005526768232,4.5966796382455115,0.4435909751340107,-0.0191033053706155,19.54392827377668,0.7177556420295189,582857195.7328337,22.011029244538843,29192.20039175826,26906999.278371807,-7.972678300844365e-07,-3.970621434857182e-08,-18.084123418363298,22.020120033438236,162.80190512844055,162.8088823851682,114.26314844825161,67079.80577061551,77163702.43308504,1.0716250681877242,0.3824073302776876,1.4014798653286868,3.3323702778916955,0.37786395505781223,1.2250063702031198,3.29385934944119,0.5422475579972403,5.407499426626993,-7.725,0.52825,0.67375,0.8740625,1.36175,1.083,1.415
7.49855,0.8455,14.344999999999999,12.65,242.03125,0.09694146213014813,-18.29,15.1025,47.695,-47.695,1.7121517855829567e-07,23.847497984171454,41.30508279733789,23.84750211467962,41.305080412587884,-41.30508279733789,0.0,11477526.973758357,12828887.647888606,0.4059856219972058,0.4111346773939713,1.1001898705850937,1.405228580690378,1.6069374010490551,3.9306737499422204,9019497.018728707,17.463980822373312,6.685567839532485,0.609278562325571,-0.009123553848699551,11.724474838170195,1.032353519142577,765549773.1160827,22.054985951742577,15697.36320492073,12925897.605865508,-8.223036008175398e-07,-5.981880348724054e-08,-12.457509498194002,22.06709076798314,93.70729704595588,93.70931414206574,70.25082263076938,68232.13150343004,77920282.8358328,1.1464558223223398,0.38081809262409816,1.3803702048286592,3.3263080426128577,0.3759872287076777,1.201704674583498,3.288636207416203,0.5632401156167334,5.389682877933812,-3.275000000000002,0.18625,0.22825,0.9009375,0.4902500000000001,1.435,1.293
7.06105,1.0085000000000002,12.015,10.629999999999999,237.30625,0.09795648713024849,-19.03,14.0175,42.945,-42.945,1.5416366166654803e-07,21.472498184930142,37.19146201345373,21.47250190407624,37.19145986620372,-37.19146201345373,0.0,10015694.332669605,8865412.829555491,0.4084647400378485,0.41326761178425087,1.1247251199238915,1.4359193951427276,1.6342672274896726,3.9400353325701505,8273843.217596604,14.775250968623284,14.769253402433888,0.2823301865968656,-0.01383027910692086,12.031119142538422,0.4936694839263,880081079.6155176,36.50034709607414,11876.634407032823,8962443.319846319,-7.332703551950354e-07,-5.531570989819329e-08,-13.052146626551533,36.495460780457435,72.31691905508798,72.31953226351071,52.539211605362844,66900.08524347929,77042867.53960405,1.057728523919074,0.382649211263031,1.4048256370343566,3.333340830534347,0.3781499949174574,1.2287098077804195,3.2946969921570566,0.5371330448647162,5.410194884721265,-16.675,0.12475,0.69475,0.9984375,0.17875000000000002,1.221,1.017
13.36105,0.8235,11.255,11.57,242.89375,0.09676239353404781,-21.47,16.712500000000002,55.445,-55.445,1.9903607453956818e-07,27.722497656617808,48.016779865780464,27.72250245829566,48.01677709353046,-48.016779865780464,0.0,14435470.457973331,29624480.586689502,0.405536686856044,0.4107508630682643,1.0958194612892613,1.3997447417166238,1.6020359109790612,3.9290432335066794,10079325.797598626,20.90141650794063,7.86573280311414,0.46157603460373176,-0.02002169324971614,23.322454514027672,0.580008292251366,657687584.5613683,32.25559498183853,31986.87350373309,29721453.09282268,-7.343143480604502e-07,-3.2112099929949014e-08,-16.56474587840605,32.270410290644556,155.06772672863627,155.07450496738744,103.89140328060755,68475.28280484962,78076075.92213842,1.1592970387897075,0.38050777939844815,1.3759953095792954,3.3250895215381524,0.37561395625984406,1.1968909587155554,3.2875918952447996,0.5653976713645722,5.386316288955241,-2.4250000000000007,0.28975,0.6017499999999999,0.7878125,0.33275,1.2189999999999999,0.7869999999999999
13.60605,0.9025000000000001,14.135,11.43,244.09375,0.09651722338620497,-21.33,8.6625,56.045,-56.045,2.0118995035747315e-07,28.022497631258815,48.53639512269215,28.022502484898194,48.53639232044215,-48.53639512269215,0.0,13922773.54893905,31284096.619342357,0.4049609429655194,0.4102673221251993,1.089781449960118,1.392183620702529,1.5952562135255313,3.9268298693864927,9996219.881960765,22.226523205038742,6.022733440767518,0.5530043632927538,-0.014808008894806046,19.67434327571101,0.9105718090060219,614962214.5514295,21.42711604149682,33593.49315053179,31381063.666419253,-7.516059467873591e-07,-3.3778862416776444e-08,-17.500248021136436,21.43710741833044,163.4459713398825,163.45304723246431,110.75619935584034,68813.58026769425,78290625.16738048,1.1773174362203984,0.38007595984173526,1.36993780637949,3.32341371640744,0.3750939864414153,1.190247732883052,3.2861598100122267,0.5684305686443311,5.381638593703041,-0.47499999999999787,0.52525,0.51475,0.8334375,0.5742499999999999,1.421,0.879
12.99355,0.8055,13.565000000000001,13.030000000000001,240.45624999999998,0.09727386026737328,-22.53,13.212499999999999,50.845,-50.845,1.8252302660229674e-07,25.422497851036745,44.03306289612423,25.422502254342913,44.03306035387422,-44.03306289612423,0.0,13532454.5211466,25209092.86312246,0.40667161526613294,0.411700356819564,1.108240581253122,1.4153094651068001,1.6159183452743358,3.933655780410802,9781646.00874155,19.484094909251038,5.503669714160476,0.33434399140985194,-0.012149748615947448,17.44205710327468,0.5943045936336988,601912909.9104903,24.422002677284993,27708.88194573629,25306078.12223144,-7.710103932332538e-07,-3.9166297029646167e-08,-17.534601717765238,24.43349791103246,134.33763175033306,134.34411954953828,93.41161335656082,67788.11608344645,77632103.73322228,1.1232274310758492,0.3813972048756736,1.388417355968899,3.3285765197014543,0.3766798468154558,1.2105854158203602,3.290586854217695,0.5592740327082141,5.396029016679948,-18.525,0.15325,0.22075,0.8659375,0.72825,0.851,1.171
7.18355,0.9755,12.045,13.59,240.00625000000002,0.0973701640722409,-21.490000000000002,7.7524999999999995,45.395,-45.395,1.6295865458966e-07,22.697498081380925,39.313224312509774,22.69750201270325,39.31322204275977,-39.313224312509774,0.0,9887483.905205395,11531469.635534588,0.4070214684458869,0.4120185632591134,1.1105573834760938,1.4182389185481834,1.618519539635206,3.9345694879057294,8249742.191964564,16.721725738883634,9.997644238912818,0.28115722433798684,-0.011966564444423658,12.362095613567389,0.5320437630220913,733060219.4974418,30.73916335814331,14424.397882355268,11628477.971913505,-7.869198162138823e-07,-4.8290120598241275e-08,-16.654920947147197,30.749163160791998,86.38153040762947,86.38360210086948,61.74202533407435,67661.25453487973,77549345.54683211,1.1166451734513985,0.38155911660340963,1.3907237953190974,3.3292285913141204,0.3768741537525702,1.2131413625229912,3.2911492748772915,0.5581342595172031,5.3977919397103555,-6.875,0.42325,0.5597500000000001,0.9128125,1.08525,1.047,1.339
10.403550000000001,0.9655,13.115,7.6899999999999995,243.68124999999998,0.09660097259139201,-18.97,11.8125,41.845,-41.845,1.5021488933372224e-07,20.922498231421628,36.23883404244898,20.92250185530493,36.23883195019897,-36.23883404244898,0.0,10892982.5185533,14676359.876161119,0.40548613073126955,0.4107661591536314,1.0918586851895824,1.3948317976716467,1.5976364870514956,3.927676086363722,8699393.585849073,14.47441319349309,10.732810285191544,0.28533465056548846,-0.010829618476713595,15.312019523433193,0.46027664029662535,736031078.0409245,32.11497908331061,17568.117221441527,14773395.13511528,-5.945045384061069e-07,-3.7866408487220406e-08,-14.432473004865228,32.124587481763804,84.51748057421693,84.51889454684247,57.366687194103086,68697.29051484141,78217172.48832808,1.171103351949251,0.3802244041226129,1.3720162303710324,3.323987229547824,0.3752728050462324,1.1925242608462472,3.2866493759377504,0.5673879960210959,5.383245644520404,-13.325,0.39774999999999994,0.10075,0.7778125,1.47375,1.269,1.423
11.55855,0.7955,14.175,6.59,242.44375000000002,0.09685546755023514,-20.25,16.817500000000003,54.445,-54.445,1.9544628150972656e-07,27.222497698882794,47.15075443759433,27.222502413958107,47.15075171534432,-47.15075443759433,0.0,13523619.468166418,22636483.620514415,0.4057337719092162,0.4109132746266288,1.098095795077173,1.4025945059619709,1.6045842831315669,3.929878601269544,9802254.514519915,20.974211158850597,8.140498507705715,0.6468264648869874,-0.014980402313704467,17.848764037362194,1.0976107762070304,770097303.3163999,21.137212676935043,25185.246344699,22733462.482463777,-7.459373020027038e-07,-4.5252006336129225e-08,-15.051682842017794,21.148011267859935,135.3618094388506,135.36822274254718,96.0114333085533,68348.42125628286,77994999.62362628,1.1525839779228346,0.3806697036605332,1.3782757030479753,3.3257238154438173,0.3758087697997221,1.1993984135604756,3.2881351867280073,0.5642603420041828,5.388072579662622,-1.125,0.60025,0.16075,0.8078125,0.8717499999999999,0.867,1.319
6.7635499999999995,0.7855,12.525,8.95,236.03125,0.09823427792125776,-19.61,13.737499999999999,50.445,-50.445,1.8108710939036012e-07,25.222497867942742,43.68665272484977,25.222502236607895,43.686650202599765,-43.68665272484977,0.0,10385488.237030592,9872022.473158067,0.40888040500029493,0.4135878024282924,1.1315033047782888,1.4443464536822543,1.6417261545985364,3.9425920747000576,8436127.227535242,18.96869926243237,7.677328782015899,0.43170791156596694,-0.014948705399280261,12.581015336335357,0.723416262335021,718914526.7277908,24.763746092030836,12762.040239553824,9969016.648233932,-8.478927612930139e-07,-6.31843519063399e-08,-13.833462814428042,24.774435630167286,89.96503534807617,89.97166795425254,68.61308538713676,66540.64418920683,76799956.5929854,1.0302280008959646,0.3831323566503787,1.4115460591913043,3.335302863070538,0.3787209727870072,1.2361722659006353,3.2963951159088216,0.5270608393860097,5.415584681402737,-14.575,0.22975,0.48924999999999996,0.7640625,0.7807499999999998,0.949,1.2189999999999999
11.17355,0.8605,12.675,12.67,241.84375,0.09697952900383609,-23.09,18.8125,45.345,-45.345,1.6277916493816789e-07,22.672498083494173,39.26992304110046,22.67250201048637,39.26992077385046,-39.26992304110046,0.0,13057355.211458087,18532644.33064231,0.40613130297787325,0.41126728747576563,1.1011518816141432,1.406436271709361,1.6080232225801878,3.931047956897937,9545692.875430603,16.380308933409513,9.070247566933467,0.26362979711707196,-0.01116712889284502,15.683550259230977,0.47134357703521945,666234276.6997261,31.566619461928433,21262.72147419771,18629654.692672946,-7.133006449242803e-07,-4.48112097933963e-08,-16.49458066574135,31.5808058931125,104.37407013508661,104.37515058379223,72.53747910715433,68179.27252486054,77886263.82248338,1.1436743180473627,0.38089793123211463,1.3813360221733542,3.326586774922926,0.37608011005349234,1.2027611944301964,3.288875224838292,0.5627776271104988,5.390600933001431,-19.375,0.55675,0.49375,0.9571875000000001,0.20675,1.341,0.9249999999999999
7.27105,0.9675,11.835,7.05,244.95624999999998,0.09634480458784894,-18.25,20.0375,58.245000000000005,-58.245000000000005,2.090874950231247e-07,29.122497538275848,50.44165106470166,29.122502582440813,50.44164815245165,-50.44165106470166,0.0,11422275.60758511,10421750.723174438,0.4045709778296925,0.4099442067125592,1.0854650773685328,1.3867932606825215,1.5904000500134055,3.925269745010281,8820920.093267845,22.155954515857882,6.203495127088468,0.4785125568723935,-0.022787239877528565,14.593833036578888,0.696746435503701,657356920.6583524,23.12870970238562,13253.694846880371,10518722.527681785,-8.763326183195869e-07,-7.176094910971547e-08,-11.666146708916266,23.142513711065348,103.33844171195923,103.34519253957062,77.67032072615261,69056.73156911384,78443369.55141214,1.190370810687862,0.3797534172781329,1.3655931258985263,3.3222112012332206,0.37470829936491373,1.1855059457894515,3.285135163474706,0.570592392436588,5.378098853160116,-16.175,0.24775,0.6527499999999999,0.8709375,1.49125,0.8049999999999999,1.021
7.8660499999999995,0.7264999999999999,13.165,13.69,236.78125,0.098073757562763,-19.71,20.877499999999998,54.645,-54.645,1.9616424011569489e-07,27.3224976904298,47.32395952323156,27.322502422825618,47.32395679098155,-47.32395952323156,0.0,12814180.084030025,14207340.783068836,0.4084570457664275,0.4132177395910454,1.1275054266995244,1.4393482543936795,1.6373035861503777,3.94102909660877,9477816.188272176,21.197678371141315,6.0840856007598925,0.5608054862258117,-0.01346373844976608,13.021409036532255,0.8681862989399967,696822536.7423365,22.043449459172948,16959.248198183403,14304322.10605824,-8.939906043711377e-07,-6.570544591782151e-08,-12.579965506042553,22.054136786483326,112.79445292336628,112.80072430490293,84.62171643842768,66752.08010348475,76942954.10808577,1.0463546806441586,0.38284827042471725,1.4075883082602232,3.3341453620585852,0.37838529654029496,1.2317736200604892,3.2953925150348518,0.5329480535618283,5.412415079614917,-0.9249999999999972,0.48175,0.38275000000000003,0.7953125,0.16825,1.241,1.295
13.39605,0.8715,12.345,7.67,249.68124999999998,0.09542966701862549,-17.490000000000002,12.9325,58.695,-58.695,2.107029018865534e-07,29.3474975192566,50.83136250738542,29.347502602392712,50.83135957263541,-50.83136250738542,0.0,13722847.673638435,29541964.35367966,0.4023885902992721,0.4081363322886253,1.0623728260475291,1.357876830863162,1.5642510785878239,3.9170300594884564,9827990.309630863,22.328464719426567,5.9072056809283975,0.5520396875113014,-0.021441500672521374,23.586283685864856,0.7618962218933298,676798697.7484205,25.758023344677607,31906.391424927242,29638933.129377738,-7.604213642575179e-07,-3.1689471427921615e-08,-13.758943729331808,25.771304784064867,159.8968686859949,159.90364736599375,108.83893590714494,70388.77782906458,79259458.10519168,1.2449382587952822,0.378062361919161,1.342261410019246,3.3159144023273908,0.3726598684344545,1.1601323936872945,3.279793155144999,0.5704819619521931,5.359934931011965,-13.575,0.35275,0.6992499999999999,0.9121874999999999,0.7142499999999999,1.075,1.0270000000000001
10.91105,1.0975000000000001,12.405000000000001,10.65,236.29375000000002,0.09817732141935445,-17.33,11.0425,53.495,-53.495,1.9203597813137702e-07,26.74749773903453,46.328030280817494,26.74750237183743,46.32802760606749,-46.328030280817494,0.0,11790701.071502572,18431918.761301838,0.40878400150457506,0.41351062131431476,1.1301026773128364,1.4426013118898422,1.640183617381273,3.9420508796057834,9012386.61762732,20.495366774564584,6.578054602828597,0.39772352586620074,-0.01570426717118314,17.44175777464303,0.5938312542394834,645517614.9446735,24.646098827913967,21093.204703996806,18528905.131241783,-6.996870835306004e-07,-3.703952969037941e-08,-13.438416670727134,24.65698632328049,119.06372873977853,119.06963493854573,79.55730693155249,66614.64675920413,76850315.19732755,1.0358568315103578,0.38303294682055405,1.4101593240071464,3.3348966162145346,0.37860353254497037,1.2346298085379568,3.2960429791903447,0.5291196594129853,5.414475256034901,-0.1750000000000007,0.45025000000000004,0.34225000000000005,0.8446875,0.26625,0.7889999999999999,1.2970000000000002
10.54355,0.8245,10.895,12.370000000000001,238.99375000000003,0.09758569262763044,-16.59,15.4525,54.695,-54.695,1.9634372976718696e-07,27.347497688316547,47.36726079464086,27.347502425042496,47.36725805989086,-47.36726079464086,0.0,11509205.248651063,15169628.021513978,0.40749588431060013,0.4124195599469103,1.1158340187978286,1.4248134773991035,1.6243833568228927,3.936600150063439,8813043.649996798,20.180544019999093,8.776002657652068,0.3957578903688373,-0.01838161671151384,17.032999557611017,0.4738398602774652,665457794.1261499,30.071443724735374,17913.059486739818,15266613.793985015,-7.546191189736238e-07,-4.233602341778107e-08,-11.891417077512482,30.084690436800386,110.95766201261479,110.9633838784368,73.4963783776336,67375.81605060455,77360864.19677392,1.0947249887832269,0.3820087410943917,1.3959907108703347,3.3307870203463086,0.3773922677966639,1.218946841978756,3.2924961768468335,0.5505664268701863,5.4030620233201745,-16.825,0.46375,0.37675000000000003,0.8059375,1.19725,1.085,0.991
8.37355,0.7164999999999999,14.395,13.85,249.75625,0.0954156401869023,-16.45,12.6875,50.945,-50.945,1.8288200590528092e-07,25.47249784681025,44.11966543894284,25.472502258776668,44.11966289169283,-44.11966543894284,0.0,11311131.522133395,13764221.780841243,0.40241267616632936,0.4081677433134212,1.0620142227920688,1.3574382279640542,1.563852953729112,3.916927378928186,8972856.230729869,18.442709450768625,6.831220771436324,0.7874877768471769,-0.009850624281328534,12.150126422502874,1.1926985459021777,800689906.1396759,20.338212030766964,16593.238712345934,13861221.10484793,-8.417832619951655e-07,-5.4328657430539194e-08,-11.703241222666266,20.351952977628144,100.72451763597529,100.73067347225049,73.54229814460307,70409.92142049238,79272059.29025458,1.2457035890600912,0.3780363739163905,1.341896605701446,3.3158180069127763,0.372628070287168,1.1597376439908527,3.2797118110129064,0.5704083016706212,5.359660613559545,-15.225,0.30775,0.15925,0.9534374999999999,1.3197500000000002,1.415,0.7729999999999999
9.84355,0.9105000000000001,13.805,12.27,244.13125,0.09650962980707153,-21.31,10.9725,56.795,-56.795,2.0388229512985434e-07,28.397497599560076,49.185914193831756,28.39750251815136,49.185911354081746,-49.185914193831756,0.0,12469808.5822647,19485208.68221377,0.4049270286854208,0.4102361186003426,1.0895931958931377,1.3919464416773584,1.5950431304665282,3.926760334804348,9363668.521748945,22.70179445895088,6.142008739075487,0.6379175837113272,-0.015273322849591644,15.186012775104956,0.9850210725772803,667683241.1654477,20.41485273023094,22078.835837131526,19582174.34850591,-8.982786632273401e-07,-5.0187991930644787e-08,-16.554160018949307,20.42594155782582,137.39107799990043,137.39773335573372,102.27943951542439,68824.15206340815,78297293.09644963,1.1778833144181848,0.3800624651582141,1.3697490589074783,3.3233617108253655,0.3750777267983037,1.1900411468531003,3.2861154450287766,0.5685253491159211,5.381492554126211,-3.375,0.17575000000000002,0.5642499999999999,0.8128124999999999,1.03975,1.449,0.729
8.79355,0.8285,12.185,11.55,236.44375000000002,0.09814501904782517,-18.89,11.112499999999999,49.894999999999996,-49.894999999999996,1.791127232239472e-07,24.947497891188483,43.21033873934739,24.947502212222236,43.210336244597386,-43.21033873934739,0.0,10627035.427287567,12687006.943051403,0.4087289233280927,0.41346677099710083,1.1293035323465654,1.441607599626977,1.639305116480927,3.9417513138503453,8524019.922279632,18.735882621116613,7.914521200082929,0.3272179945744154,-0.013958586343239767,14.076767079585796,0.5974579349739697,682842979.6028688,26.830521236637594,15516.0201693048,12784003.811558535,-7.823486965498449e-07,-4.71833991119794e-08,-14.22921852513972,26.841557881602544,97.21416787542958,97.220094163422,69.19844794047947,66656.9339420597,76879040.71847184,1.0390807395982022,0.38297612961627164,1.4093676266305404,3.3346650138287663,0.37853639875763395,1.2337497855299524,3.295842344230579,0.5302970447560322,5.413841313955177,-9.275,0.6437499999999999,0.4922500000000001,0.8115625,0.34325,1.329,1.387
11.50605,1.0655000000000001,11.075,8.17,249.00625,0.09555704850254576,-20.490000000000002,9.9575,45.895,-45.895,1.6475355110458078e-07,22.94749806024843,39.74623702660284,22.947502034872027,39.74623473185284,-39.74623702660284,0.0,11332092.486585883,18574066.310322117,0.4029354405765437,0.4086328135271333,1.0656244858127895,1.3619837820292766,1.5679803781200758,3.918231113596048,8804249.607559972,15.026389879251752,15.823494571861605,0.3691559911921164,-0.021199675023067084,20.228834188181423,0.46193914291120697,893484581.5495887,43.24338494228036,21312.039434621445,18671076.099137962,-6.080038135390269e-07,-3.06096329025273e-08,-16.43542967800454,43.25925960120074,103.33407041323011,103.33527799387865,67.9932503881834,70198.48550621448,79145278.98755465,1.2380637586834629,0.37829621079675574,1.3455505912133594,3.3167855351146223,0.37294589709804743,1.1636958519180278,3.280529007987301,0.5711485703705643,5.362404692129696,-7.175000000000001,0.12175000000000001,0.66025,0.7628125,0.5427500000000001,1.209,1.087
7.09605,0.8325,14.235,6.71,238.95625,0.097593817978655,-19.189999999999998,14.9275,42.445,-42.445,1.523687651516272e-07,21.222498206062635,36.75844929936066,21.222501881907466,36.758447177110654,-36.75844929936066,0.0,10740990.115709623,11065007.00911703,0.40759456714791864,0.41251683824702196,1.1160323525611195,1.4250723262084433,1.624615236236745,3.9366980784685124,8695802.81391145,15.246817874652184,8.38633705356705,0.38938638287088356,-0.00889893968283614,12.032567492437934,0.7631744275641122,764545392.7685437,25.917124878664605,14032.204211920887,11162040.219759008,-7.132753852929586e-07,-5.739901402963128e-08,-13.286326436802415,25.927056480374638,78.07384561051033,78.07634410611158,58.88270074242071,67365.24425489064,77353860.5330894,1.093895558978959,0.382022986791452,1.3961862727207974,3.330843240639469,0.37740913218334704,1.2191623981958737,3.2925445182220066,0.5502688090405087,5.4032205545146414,-18.625,0.37675000000000003,0.31675,0.9771875,1.2217500000000001,0.713,1.033
10.56105,1.0155,12.855,7.99,242.40625000000003,0.09686327293098605,-16.93,11.8475,45.245,-45.245,1.624201856351837e-07,22.622498087720672,39.18332049828185,22.622502006052613,39.183318236031845,-39.18332049828185,0.0,10892063.098014561,14786008.048923837,0.4060150172059389,0.4111958944100986,1.0982913374286265,1.4028780898473812,1.6048402491078322,3.930020849379381,8679051.823242763,15.6702249621407,9.129603975732056,0.3443005429564959,-0.011660909421629357,15.884769192416542,0.5248327706099669,704603243.141234,29.0637438815381,17642.031798856187,14883031.330840807,-6.163003444200934e-07,-3.7495306583797584e-08,-12.797420803374543,29.074228196327905,89.05998881305707,89.0613853342138,58.93134213805272,68337.84946056898,77988211.0261097,1.1520257009880004,0.38068319733539374,1.3784659729243653,3.3257768234650458,0.3758249995489968,1.199607764763304,3.2881806157841043,0.5641655649618738,5.388218986684638,-9.175,0.24925,0.51175,0.9540625,0.19275,0.879,0.847
10.68355,0.8755000000000001,10.985,9.39,239.96875000000003,0.09737558004384482,-19.55,15.2775,50.495000000000005,-50.495000000000005,1.812665990418522e-07,25.247497865829494,43.729953996259084,25.247502238824772,43.729951471509075,-43.729953996259084,0.0,11685305.597517021,16273153.819753544,0.4071072964821016,0.4121040296313146,1.110749005871833,1.418489238533938,1.6187349641220665,3.9347007954853535,8900242.034070536,17.894228095393753,11.27434068943125,0.33310609224660426,-0.019266909955403717,18.61446048061731,0.4526270091589978,728297616.4202892,34.73960826227754,19014.95431044589,16370148.714829223,-6.515104679735935e-07,-3.837861924306256e-08,-14.581309573730074,34.75315761547801,107.22479825718843,107.23049149154761,70.29177394859364,67650.68273916583,77542400.69146119,1.1160977743019456,0.38163918314002454,1.390919975390708,3.3293348027886216,0.3769543588407468,1.2133651310089264,3.291249022989112,0.5580360185205735,5.398956294199943,-7.875,0.55225,0.37224999999999997,0.8609375,1.38975,0.7969999999999999,1.093
6.65855,1.0835000000000001,12.115,12.23,243.86874999999998,0.0965628642083054,-20.87,13.2475,61.545,-61.545,2.20933812021602e-07,30.772497398801388,53.299534977715915,30.772502728754738,53.29953190046591,-53.299534977715915,0.0,11278753.846665816,12086111.107786741,0.40504043154464703,0.41032915140239506,1.0909092772143956,1.3935929238248783,1.5965218639391727,3.92724136802928,8790916.447832502,25.294092699651237,7.327308885069504,0.6943135490434558,-0.021838116358218647,13.234934952439044,1.0493157092294714,727596372.1190339,20.949094451559375,14826.776525542784,12183064.100118788,-1.0091327284022379e-06,-6.833765973194313e-08,-15.09349678806721,20.961377034383762,123.70460413264583,123.7115592804372,94.98791176755084,68750.14949341088,78250576.34090456,1.1739253463429986,0.38015693162866393,1.3710709650863024,3.323726207627731,0.3751915365045417,1.1914885726116509,3.286426499998749,0.5678618902049303,5.382515079733216,-7.475000000000001,0.59875,0.20875,0.9528125000000001,0.5882499999999999,1.137,0.981
10.893550000000001,0.7384999999999999,13.215,10.71,235.20625,0.09841664333736813,-20.53,12.162500000000001,57.295,-57.295,2.0567719164477517e-07,28.647497578427583,49.61892690792482,28.647502540320136,49.618924043174815,-49.61892690792482,0.0,12950247.071426017,21948275.206863493,0.4092032237850245,0.4138499398937364,1.1359215544728685,1.449849252756785,1.6465800490539058,3.944280374441756,9525754.349332044,23.338770917713685,5.285065595990804,0.5482784081162294,-0.017248436247977453,17.61987450582593,0.8663326581388907,632134001.0883439,21.595749734230555,24469.77934563423,22045241.49919568,-7.872915117707774e-07,-4.2173008547504295e-08,-16.020936296804226,21.604810900421906,142.2161466650982,142.22261861389143,99.31350672576531,66308.06468350119,76640751.25096932,1.0126455109752128,0.3834446070437913,1.4159151596917658,3.3365875641438096,0.3790897077682263,1.241040676733405,3.2975105048015525,0.5206032944142717,5.4190713731145355,-14.775,0.61225,0.6557499999999999,0.7671875,0.6477499999999999,0.735,1.401
8.84605,0.9355,14.004999999999999,6.31,240.53125,0.0972577780082625,-22.03,20.737499999999997,43.145,-43.145,1.5488162027251635e-07,21.572498176477147,37.36466709909096,21.572501912943753,37.36466494184096,-37.36466709909096,0.0,12451438.794537334,14673181.066069335,0.4067452370523463,0.4117814902558198,1.107858279744025,1.4148460569326828,1.6155082657192725,3.9335453840525405,9365759.573635392,15.467260521202126,8.19832606257742,0.2956755352897376,-0.009863495916867002,14.067800739501443,0.658202883504225,709291977.3407418,27.767321547594072,17533.838686828723,14770206.123763599,-6.791674602076087e-07,-5.5259389861268706e-08,-14.827204661624762,27.779581737296414,89.35411859133792,89.35578249401804,65.91305806317506,67809.25967487422,77645938.69046304,1.1243267725381092,0.3813702275422687,1.3880334620169987,3.328468181675513,0.3766474606358601,1.2101603202406332,3.2904934771311947,0.5594636080147264,5.395735446809924,-11.075,0.31525000000000003,0.20125,0.8209375,1.2987499999999998,1.115,1.001
13.221050000000002,0.9365000000000001,14.315000000000001,7.09,238.09375,0.09778211973986164,-23.59,20.8075,57.195,-57.195,2.05318212341791e-07,28.597497582654082,49.53232436510621,28.59750253588638,49.5323215053562,-49.53232436510621,0.0,15707224.509669837,30621494.91948077,0.4077962552851238,0.4126519039070766,1.120558813093685,1.4306803139674615,1.629608339489926,3.9383535447130984,10681319.604608946,23.168491833915866,5.7787738337445145,0.5390114708686325,-0.016870232960387335,20.317295413339895,0.9155815631018656,603951747.5758005,21.470531838840415,32929.42576229441,30718458.740835935,-7.721886063659237e-07,-4.480280333778175e-08,-17.494888735417664,21.478590968672922,166.53375064621295,166.54088491244886,118.12878691328415,67122.09295347104,77191999.12609307,1.0749089618389365,0.3823504079839746,1.4006940659211624,3.332142941636184,0.3777966177714057,1.2241376625539895,3.29366336523249,0.5434341062674956,5.406865398011052,-1.5749999999999993,0.48325000000000007,0.58075,0.9728125000000001,1.38275,0.841,1.123
12.73105,0.9345000000000001,13.855,11.93,247.01875,0.09593879362266745,-17.73,7.3675,53.745000000000005,-53.745000000000005,1.9293342638883744e-07,26.872497728468286,46.544536637864034,26.872502382921823,46.544533950614024,-46.544536637864034,0.0,12515005.342088073,25381806.751905218,0.4036628006054754,0.4091983063195412,1.075276753964158,1.3740490924710007,1.5789009912559109,3.9216086744068432,9422336.741715986,20.383535525372462,5.110359481481608,0.5346641762358698,-0.012984054154406295,18.104740109739257,0.8384706715091973,633035691.9336771,21.773570033759082,27880.313136924447,25478789.474433947,-7.053683378893337e-07,-3.183679542652466e-08,-14.509798473215612,21.785963261275587,138.84888360742502,138.85529387670297,92.10209521363447,69638.18033337807,78803585.31005853,1.2179163994985374,0.37900912312488066,1.3553204877383305,3.319412282392138,0.3738099320724035,1.174310074422179,3.282755794388082,0.5731496603608119,5.3700600528099285,-18.425,0.67225,0.27025000000000005,0.8459375,0.67925,0.817,1.0110000000000001
8.28605,1.0555,12.085,10.83,239.10625,0.09756134598547105,-18.77,10.2375,43.045,-43.045,1.5452264096953218e-07,21.522498180703643,37.27806455627235,21.522501908509998,37.27806240402234,-37.27806455627235,0.0,9820644.519143455,10324823.081316616,0.4076383009232079,0.41257336423590646,1.1152492755001608,1.4241139979819706,1.6237613503609838,3.936432900540362,8198889.598117162,15.033909164980921,13.54581500124216,0.2866874003624189,-0.0130503839959292,12.96622331870226,0.5075755208823274,839225901.9146287,35.24546973925456,13298.122004344652,10421851.620649958,-6.989595516735462e-07,-4.578163145488922e-08,-14.019492436075332,35.24625049387096,76.73674837966034,76.73884805282174,54.047763926240854,67407.53143774625,77381859.39531742,1.0972156284423613,0.381966014612994,1.3954041221848605,3.3306184875642315,0.37734168407282764,1.2183005750981253,3.292351321740307,0.5514595039683401,5.402586680752375,-4.475,0.41725,0.16225,0.9203125,0.9767499999999999,0.895,1.041
8.67105,0.8185,11.055,13.21,243.38125000000002,0.09666220736984953,-23.73,9.2575,55.545,-55.545,1.9939505384255233e-07,27.77249765239131,48.10338240859908,27.772502462729417,48.10337963134907,-48.10338240859908,0.0,11156469.203685746,15081615.705748424,0.40532014837366886,0.4105721297798216,1.093360990358661,1.3966694049285033,1.5992819468742248,3.928150625816621,8696733.215356432,22.058868918894163,6.82421180291861,0.2786659717054825,-0.0202467360016077,15.496747286947688,0.485553707177138,583167525.9501219,27.870643077814808,17776.316034039937,15178579.35603949,-8.748161949359412e-07,-4.810815696773621e-08,-18.729721359354006,27.885353379541858,122.31795200030724,122.32438224041539,87.87666783230384,68612.71614913025,78163572.4964339,1.1665969708547828,0.38033235484145395,1.3735303460615584,3.324405998458875,0.3754027997874724,1.1941846091815704,3.287007206775274,0.566629773715879,5.384414931821012,-7.925000000000001,0.27775,0.31074999999999997,0.7684375,0.29075,1.051,0.741
11.08605,0.8655,10.735,9.45,237.08125,0.09800665853539405,-20.65,9.0825,60.144999999999996,-60.144999999999996,2.1590810177982371e-07,30.072497457972368,52.08709937825532,30.072502666682162,52.08709637100531,-52.08709937825532,0.0,12303402.364335716,21975830.958774272,0.4083182437351535,0.4131006774444995,1.1259122398010901,1.4373609122270454,1.6355420858042102,3.9404130594572977,9151403.339343581,24.450922159497495,6.997957392239877,0.41624385063483477,-0.028212588094396515,22.012069605725067,0.5429173547274262,606901130.8592762,28.765291662045875,24472.049458833957,22072786.71540595,-7.735478039913344e-07,-3.518521994752314e-08,-16.827911637460055,28.777362095848737,149.73212034174972,149.73865116447084,102.74414226024139,66836.65446919591,77000088.11184461,1.0528477763658952,0.38273451301712885,1.4060087376426809,3.3336850070250823,0.37825084536630477,1.2300213092457268,3.2949944206002137,0.5353601467896392,5.411145823112388,-11.525,0.37075,0.43825000000000003,0.7865625,1.35475,1.301,0.903
12.32855,0.7144999999999999,13.645,10.89,238.16875,0.09776563935395097,-17.45,17.6575,58.595,-58.595,2.1034392258356923e-07,29.2974975234831,50.7447599645668,29.297502597958953,50.74475703481679,-50.7447599645668,0.0,14206411.821188722,25365692.289017826,0.40779416482516656,0.41265581637307214,1.1201643875085454,1.430194006223522,1.629176143518435,3.9382135759145003,10063338.35930264,23.32322294478743,7.011511852812963,0.6568689282046787,-0.016068647301582452,18.747484883313142,0.9770870168344687,663104895.6641226,20.96860018166073,27821.525034062437,25462663.62490415,-7.551660642251789e-07,-4.093204959573189e-08,-12.676427131509682,20.977676265153146,149.97812694537606,149.98459275012573,101.13090353711348,67143.23654489886,77206131.5694651,1.0765529298584953,0.38232195459234364,1.400301385013034,3.3320294297995146,0.3777629526034786,1.2237036883376013,3.2935655364463874,0.5440276167326258,5.406548550958311,-4.175000000000001,0.27175,0.55225,0.9934375,0.6267499999999999,0.821,0.9929999999999999
9.00355,0.9905,10.715,12.39,245.25625,0.09628496215276149,-21.21,14.4025,45.445,-45.445,1.6313814424115206e-07,22.722498079267677,39.35652558391908,22.722502014920124,39.35652331166907,-39.35652558391908,0.0,10752972.024124924,11865397.54724351,0.4046633031002624,0.41006383673927616,1.0839769998935425,1.3849663413927908,1.5887552359577892,3.9247928865084742,8521478.428480148,14.550112428372364,19.792635036402135,0.2785014019562132,-0.02277156761161603,14.65378770420182,0.40159635555261025,985083790.4272383,46.82599074007413,14768.474588418438,11962409.965523174,-7.020875006147236e-07,-4.52997277224002e-08,-15.365669232922256,46.81166971828323,86.9220808295421,86.92378462537914,58.901298739494216,69141.30593482498,78496207.00917995,1.194934213918023,0.3796454541859758,1.3640902324416324,3.321799775232136,0.37457808248891195,1.1838660796952623,3.284785113248197,0.5713494284654344,5.376932332934905,-0.9749999999999979,0.14575,0.31225,0.7915625,0.17175,1.171,1.255
11.75105,0.8775,14.355,8.73,241.65625,0.09701892373205566,-19.17,11.532499999999999,51.295,-51.295,1.841384334657255e-07,25.647497832017503,44.42277433880799,25.647502274294816,44.422771774057985,-44.42277433880799,0.0,12651697.319663705,22220545.464592654,0.4061538384527413,0.4112744048871526,1.102104625134241,1.4076207460784915,1.609078614649623,3.931380922656355,9477427.821587848,19.42588624099214,6.346222257084111,0.6021049132166882,-0.012250389290396756,17.04128100397554,1.0309349288760195,685385141.5259409,21.520982902935316,24809.189674066074,22317536.18731928,-7.039284811722852e-07,-3.885561602340869e-08,-14.966046426938608,21.53207511660229,125.6346076363698,125.64082011357578,86.80216035475699,68126.41354629109,77852128.30133976,1.1408977055071892,0.3809654024056975,1.3822903491781486,3.3268538478614977,0.3761612074947931,1.2038135539763128,3.2891045607502187,0.5623036765300238,5.391333779998272,-1.0749999999999993,0.17275000000000001,0.41274999999999995,0.7609375,0.12275,1.407,1.209
6.85105,0.8695,13.955,6.95,238.58125,0.09767535672002281,-16.33,15.907499999999999,56.895,-56.895,2.0424127443283852e-07,28.44749759533358,49.27251673665037,28.447502522585115,49.27251389190036,-49.27251673665037,0.0,10975636.494829662,10408122.41429009,0.40759191581647214,0.41248383032131175,1.117995078090149,1.4274916098397943,1.6267701271498505,3.9373944100510654,8745857.817205772,21.924937958205803,8.751748128118571,1.1254951500513788,-0.015901133615862754,12.315668975609931,1.689028608650617,1094131921.8369565,18.28558988221071,13248.717178121318,10505101.15499109,-9.382541648375792e-07,-7.429451574399547e-08,-10.780015839976926,18.295301633523984,101.05369107251238,101.06067520195975,79.18217188615544,67259.5262977517,77283666.50997604,1.0856187096343797,0.38216538122932436,1.3981439969279104,3.3314067818072504,0.3775776789770769,1.2213214514436115,3.2930293088996847,0.5472947063623177,5.404805287346218,-13.975,0.54025,0.50125,0.8634375,0.5497500000000001,1.307,1.163
7.72605,0.7675,13.535,7.37,238.20625,0.09775740665468612,-21.45,16.6075,59.345,-59.345,2.1303626735595045e-07,29.67249749178436,51.394279035706404,29.67250263121212,51.3942760684564,-51.394279035706404,0.0,12332117.582962256,14887308.594866045,0.4077415259343768,0.41260546788350116,1.1199662293757089,1.42994272189204,1.6289522607209395,3.9381319859279635,9277303.585893616,24.321057724098516,5.821802440816763,0.7606375614033472,-0.019703013767625947,14.610724218922837,1.1594977593557472,762227078.743089,19.402599881153417,17568.665052809614,14984268.387003705,-9.129530880170509e-07,-6.638370734085372e-08,-15.358877603720947,19.412198174397272,128.28160874093987,128.28840477510332,99.97078371716894,67153.80834061277,77213193.78153475,1.0773754284330794,0.3823077231605159,1.4001051031458238,3.3319727087222013,0.377746115307165,1.2234868235287981,3.2935166628763097,0.5443244307296151,5.406390064188816,-14.725,0.24475,0.14125000000000001,0.9378124999999999,1.3127499999999999,0.945,1.043
10.84105,0.7414999999999999,11.095,8.55,241.16875000000002,0.09712201962516576,-22.27,8.1725,54.595,-54.595,1.9598475046420279e-07,27.297497692543047,47.280658251822246,27.29750242060874,47.28065552207224,-47.280658251822246,0.0,11449251.067669053,18701347.061703596,0.4063968060481,0.41148051992032847,1.10459204590969,1.4107419709927855,1.6118588139534966,3.9323106809245503,8805079.403214522,21.06953300504266,7.700648345137086,0.30852247488032347,-0.023447389888130537,19.914207675975337,0.43892126428349154,599618882.6580431,29.430173050288122,21320.14836453341,18798316.701795988,-7.012189450403156e-07,-3.592984773661891e-08,-18.215008140600634,29.443947043185165,126.46577893598332,126.47196130196687,84.31746938810761,67988.98020201045,77762975.53630173,1.1336985584216164,0.3811408282820527,1.3847753128192877,3.327550856618862,0.37637198909211256,1.2065569077090657,3.2897036925487027,0.5610714211010104,5.393240274905874,-19.075,0.48924999999999996,0.6902499999999999,0.9515625,1.3407499999999999,1.377,0.877
12.87105,0.7655,13.094999999999999,8.969999999999999,249.08125,0.09554283300885273,-22.75,9.7475,58.545,-58.545,2.1016443293207718e-07,29.27249752559635,50.7014586931575,29.27250259574208,50.70145576590749,-50.7014586931575,0.0,13632383.349708728,28570954.93204686,0.40264533996479235,0.4083442348121295,1.0652575081688211,1.3614864042888297,1.567528069907363,3.918034927678333,9801939.342473768,23.44084541803394,4.420388483070214,0.406906349131406,-0.020321386002785394,20.956197890959302,0.7012202762381595,556646339.3807148,22.753558838408615,30926.041685242864,28667911.35773609,-7.746450637921437e-07,-3.589561736486393e-08,-18.596612754109863,22.76532765978884,166.78156373303025,166.78868703420028,115.33134541914261,70219.62909764228,79158001.05262822,1.2388264076381006,0.3782702296102559,1.3451846112634094,3.3166884252054256,0.37291412876840907,1.1632989815939065,3.2804469136532384,0.5710741033865203,5.362130161063847,-14.975000000000001,0.11125,0.14425,0.7546875,0.37475,1.2890000000000001,0.7609999999999999
11.261050000000001,0.7394999999999999,14.165,6.23,247.05625000000003,0.09593147130957298,-22.67,15.6625,59.795,-59.795,2.146516742193792e-07,29.897497472765117,51.78399047839017,29.89750265116402,51.783987488640165,-51.78399047839017,0.0,14007296.603356158,24715100.59215305,0.4035501075781329,0.4090869847679119,1.0750917127103268,1.3738027993312274,1.5786784278294308,3.921517879592157,9995262.857485412,24.108662849135683,4.796829964694517,0.5969342544902064,-0.019386435559881135,18.55347758744991,0.9137228493441145,630354193.4902012,19.893340964051998,27158.691345165753,24812056.001633305,-8.358185232662253e-07,-4.8777804503505175e-08,-17.366077609258507,19.903116461669,158.38190161567255,158.38886279238616,115.73412852911343,69648.75212909195,78810068.82389046,1.2182939050599455,0.37899612462328786,1.3551357450111676,3.3193626287821316,0.3737940751852344,1.1741084737303071,3.282713591428713,0.5731113574555433,5.369922196049092,-18.925,0.40225,0.16375,0.9384375,1.06425,1.157,0.849
10.10605,1.0065,13.025,10.370000000000001,239.29375,0.09752087084772823,-21.67,11.0775,49.795,-49.795,1.7875374392096308e-07,24.897497895414983,43.12373619652878,24.897502207788484,43.12373370677878,-43.12373619652878,0.0,11672624.994252099,16947554.031835493,0.4073222686424198,0.4122675176400033,1.114264045320209,1.4228529144929125,1.6226328361608682,3.935996363184745,8982097.253693426,19.00173342014742,6.534421466428656,0.3441616214505998,-0.013539100911994555,15.48008908455251,0.596067852019102,650022281.9665866,25.01329957809358,19660.29224632121,17044544.486297008,-7.763730680199994e-07,-4.511736230034261e-08,-16.805939065359635,25.025276875139323,111.29509012559677,111.3012276841792,80.18009597103249,67460.3904163157,77416794.79582122,1.1013732159639473,0.38189478320422526,1.394427215956638,3.33033808018172,0.3772573426964996,1.2172246574412777,3.2921103825020017,0.5529487079655497,5.401794273498257,-9.024999999999999,0.40375000000000005,0.53425,0.7771875,0.62325,1.425,0.825
11.64605,0.9215000000000001,13.905000000000001,6.51,243.11875,0.09671603813464878,-20.33,7.1575,55.095,-55.095,1.977796469791236e-07,27.547497671410554,47.71367096591532,27.547502442777517,47.713668211165306,-47.71367096591532,0.0,12124857.412725754,22795881.835030284,0.40543141489025813,0.41066289732477224,1.094683640144708,1.398322520666005,1.6007626672241706,3.9286266900106632,9220689.902062092,21.537543081474542,8.35948889949248,0.6538303449523458,-0.016521783262017316,18.30786928913991,1.0695843572257306,765871126.9860682,20.966783263853937,25323.36969762765,22892853.659244336,-7.499846137561809e-07,-3.7303324240951655e-08,-16.75330436825573,20.97733079300186,137.8398817669143,137.8463700148036,96.03666125592297,68538.713579133,78116528.73603575,1.1626627364307993,0.380426817539787,1.3748569080660495,3.3247735793443165,0.37551651665766894,1.1956405894093793,3.2873215447785764,0.5659663372033064,5.38543861822743,-17.325,0.68575,0.12775,0.8453125,0.18575,1.299,1.201
12.45105,0.9645,11.675,6.53,242.06875000000002,0.09693360912355276,-22.25,18.2875,52.595,-52.595,1.8880516440451958e-07,26.29749777707302,45.54860739544997,26.297502331933632,45.54860476569996,-45.54860739544997,0.0,13635854.118906476,24594909.866682626,0.405940989923368,0.41109228546654203,1.0999988514658632,1.4049835773812334,1.6067181890036897,3.930588976867043,9739447.972582785,19.367929640706777,8.222661235924406,0.39513550344087345,-0.020495068183206695,22.704253241147242,0.5369085520959165,653228496.5732465,31.810471094880178,27102.798967974893,24691891.5774258,-7.060553175129373e-07,-3.6426432300958936e-08,-16.87811163647152,31.82545484487437,134.78241707545908,134.78878391958213,92.94833996007675,68242.70329914392,77927098.25480495,1.147012397464945,0.38080459779630216,1.3801796438393772,3.3262548180629876,0.3759710030759889,1.201494696640189,3.288590533780082,0.563334906405171,5.389536352119742,-1.1750000000000007,0.66775,0.17275000000000001,0.7884375,1.13425,1.361,1.099
10.858550000000001,0.8975,13.985,13.45,235.01875,0.09845873276168006,-19.11,17.4475,41.645,-41.645,1.4949693072775394e-07,20.822498239874626,36.06562895681175,20.822501846437422,36.06562687456175,-36.06562895681175,0.0,12412554.391442228,16434293.425504457,0.40950276054820184,0.4141390203563828,1.1369340790595666,1.4511437345550282,1.6477232875850365,3.944731609125075,9364304.031551057,14.757604721466905,9.077639932436783,0.295471240246532,-0.007437297868122831,13.529804166613681,0.55548664255587,708631820.4703847,28.88677373564145,19280.187489349337,16531332.647474673,-6.746959054234623e-07,-4.476332504553028e-08,-13.146957928861198,28.895175702282902,87.54918730964735,87.55041541476668,60.38050950464187,66255.2057049317,76604367.68144326,1.0086724735529378,0.3835155312159505,1.4169103688496598,3.336881214482602,0.3791734320225317,1.2421515322309886,3.2977658535248837,0.519139094033933,5.419863753023541,-6.675000000000001,0.10975,0.34525000000000006,0.8134375,0.67225,1.025,1.315
7.13105,0.8835,11.575,8.39,248.89375,0.09557721342865426,-20.03,13.5275,49.845,-49.845,1.7893323357245512e-07,24.922497893301735,43.16703746793809,24.92250221000536,43.16703497568808,-43.16703746793809,0.0,10125217.89146791,9279547.737556601,0.40286529419863465,0.40855222028371296,1.0661710204339394,1.3626485163275095,1.568590422114525,3.9184097490349172,8294134.554939467,17.661169710175372,9.026340525318831,0.30532134080184364,-0.017593059648248834,13.455340513931532,0.5286844106068203,696761597.9122868,29.814416325830322,12206.735235132477,9376543.238638151,-8.158236648301609e-07,-5.99734085471318e-08,-14.28661200147555,29.83098287257831,86.33347751327932,86.3401859794441,64.56078977890981,70166.7701190728,79126222.46640557,1.2368977240575043,0.37834734781107626,1.3461116342220962,3.316943151599596,0.3730050586248222,1.1642971489442893,3.2806623473343466,0.5712556265924145,5.362999817515067,-4.024999999999999,0.50875,0.18775,0.9484375,0.98725,1.167,0.9309999999999999
11.99605,0.9485,13.275,13.17,237.71875000000003,0.09786481920384593,-16.67,16.4325,43.345,-43.345,1.5559957887848465e-07,21.67249816802415,37.53787218472819,21.67250192181126,37.53787001747818,-37.53787218472819,0.0,12009137.6298884,16567223.288764477,0.40825978781600664,0.41309230044655104,1.1225430051496426,1.433195296737745,1.6318477178015827,3.9391878060589716,9156662.268649414,15.09712889943651,9.680158040438577,0.3264059349758357,-0.008536399402566121,14.731499762261608,0.5098725803248935,719599005.7287372,30.13424220386166,19406.23925983106,16664259.535364965,-6.551452871288786e-07,-3.9290246165120817e-08,-11.613901780472299,30.14372770019919,90.16058360095965,90.16169135891414,59.783003832121004,67016.37499633213,77121178.6561658,1.0667093510845778,0.38249268525875385,1.402659544395378,3.33271198742289,0.37796491725856224,1.2263113662574543,3.294154101942309,0.5404690149947982,5.4084502970069925,-15.775,0.10375000000000001,0.45475,0.8584375,0.37825,1.2810000000000001,0.711
7.48105,1.0905,11.065,10.43,246.94375000000002,0.09595331560781264,-22.93,12.1275,53.295,-53.295,1.913180195254087e-07,26.64749774748753,46.15482519518027,26.64750236296992,46.15482253043026,-46.15482519518027,0.0,10685023.193187574,11365499.509492205,0.4036975772503748,0.4092273261584496,1.0756431944904974,1.3745108570125868,1.5793173766957456,3.9217480161012115,8493466.574226305,19.960307642262002,7.97478116168877,0.2684464456899409,-0.020853750043568594,14.493609893830927,0.45506333023528595,620175041.6455513,29.376258736352725,14184.559575254543,11462474.100550666,-8.474594636787213e-07,-5.65313308243192e-08,-17.14816137173026,29.39255686771132,101.81982066653492,101.82633206723332,74.48352732517152,69617.03674195026,78790722.13142866,1.2171617780005821,0.3790350982461514,1.355690019639375,3.319511623843766,0.373841623016401,1.1747134241761858,3.2828402449400933,0.573226319286699,5.370335468567475,-4.125,0.13225,0.31975,0.8865625,0.39574999999999994,0.731,0.739
9.73855,1.0875000000000001,12.625,8.85,245.21875,0.09629251007219096,-18.47,11.1825,44.295,-44.295,1.590098822568342e-07,22.14749812787241,38.36059634150502,22.14750196393194,38.36059412675501,-38.36059634150502,0.0,10702523.815661347,13672376.479276165,0.4047164322947271,0.4101144995172889,1.0841640563100048,1.3852042912778304,1.588969767169382,3.9248638988457616,8598450.583310246,15.389376847056655,9.997464909740842,0.2951442374322613,-0.011956400206950638,15.106034034695936,0.46589947257566144,711270982.5314157,31.121864632090247,16560.244867453766,13769399.98638675,-6.281078319378828e-07,-3.952327312563054e-08,-14.052826911934389,31.133796404891783,87.06236771548026,87.06391371965734,59.2263647963476,69130.73413911111,78489543.31329733,1.1943631451391856,0.3796589568471415,1.3642779565446077,3.321851129373651,0.3745943692167663,1.1840708478044926,3.284828795959669,0.5712557423240837,5.37707816865545,-0.6749999999999972,0.25375,0.27475,0.8403125,1.3302500000000002,0.831,0.9889999999999999
9.19605,1.0955000000000001,10.875,6.69,249.86875,0.09539473126753135,-17.689999999999998,15.557500000000001,57.245,-57.245,2.0549770199328306e-07,28.62249758054083,49.57562563651551,28.622502538103255,49.575622774265504,-49.57562563651551,0.0,11153760.492645444,13093958.517139295,0.40237934359085276,0.4081438663609154,1.0614752083820194,1.3567663380631958,1.5632422055678772,3.9167448166671126,8666242.977360215,21.168296293086282,7.3269564045895805,0.3672163534412979,-0.025997604500263297,18.105616596182962,0.4755927802508757,605051426.5916244,27.951233897807324,15874.278276232522,13190932.840183144,-7.415527614038117e-07,-4.918722354102337e-08,-12.781674538206923,27.969041345770716,110.99883012101691,111.00491892823977,76.97713338397311,70441.63680763406,79290859.24887104,1.2468521407587105,0.3779973966423809,1.3413495910054214,3.3156735553834875,0.3725803715055364,1.1591458986297822,3.279589944975518,0.5702979880420062,5.359249297836311,-15.375,0.23425,0.43074999999999997,0.7728125,1.05375,0.7789999999999999,0.889
13.291050000000002,0.7294999999999999,10.855,13.71,246.41875,0.09605660115742616,-17.27,10.4125,58.894999999999996,-58.894999999999996,2.114208604925217e-07,29.4474975108036,51.00456759302264,29.44750261126022,51.004564648272634,-51.00456759302264,0.0,12815266.707923494,26575855.236175023,0.40387027650418506,0.4093568407368594,1.0782109532025423,1.3777225360766605,1.5822072776063871,3.922638705425423,9387577.39208401,22.506440738196456,7.539983816675168,0.5708905992011988,-0.020622609205310286,21.788309292940504,0.7508599960558455,714533879.4341486,30.79843876919582,29004.65775050512,26672822.71016415,-8.257189313670195e-07,-3.143803337203201e-08,-13.800842105062053,30.814036180791636,155.63167460058162,155.63832700883867,106.33383834824718,69469.03160195572,78699467.94706888,1.2118980882400991,0.37921687772467844,1.358280422099176,3.3202093075609693,0.3740633464783317,1.177543692827951,3.2834338564974357,0.573806144509224,5.372263241283686,-3.474999999999998,0.14275000000000002,0.53725,0.9596875,0.5672499999999999,1.335,1.345
8.14605,0.8015,13.545,8.41,235.91875,0.09825884269696902,-20.81,20.2825,49.045,-49.045,1.7606139914858186e-07,24.522497927113722,42.47421712538918,24.52250217453532,42.47421467313917,-42.47421712538918,0.0,12228238.41971714,13280877.40385386,0.40891210762660263,0.413610998286618,1.1321042408734863,1.4450923135619604,1.6423845603626017,3.942815687024531,9230123.678752825,18.337897511465233,6.849182290176148,0.41887810135325654,-0.012432285706568383,13.527101001043624,0.7660781236486724,697566543.3985267,24.01440543358139,16103.774522764226,13377877.788602795,-8.019842794416265e-07,-6.338693621012274e-08,-13.707766556871785,24.02522512517756,98.00353597387584,98.00546885875627,74.27774034835606,66508.92880206514,76778341.02119091,1.0278207393838434,0.3831749473374009,1.4121408840748348,3.335477336901239,0.3787712829206915,1.2368343074270398,3.296546436907717,0.5261791586247665,5.416060067571091,-18.025,0.17425000000000002,0.46225000000000005,0.8503125,0.46575,0.7849999999999999,0.927
7.53355,0.9935,12.815,6.83,237.98125,0.09780687763586998,-23.81,14.262500000000001,59.395,-59.395,2.1321575700744255e-07,29.69749748967111,51.43758030711572,29.697502633429,51.43757733736571,-51.43758030711572,0.0,11949076.740260238,14496874.121378563,0.40784923158835723,0.4126967306202969,1.1211516651341218,1.4314202649082188,1.630266680134953,3.938583710246674,9072678.338007525,24.682204126387493,7.214392987021825,0.6608107284671961,-0.023009238802589798,15.180738864690117,1.0228401670449248,706535036.6639034,20.791562084129165,17171.210415876638,14593827.702205647,-9.191645281834186e-07,-6.505804373762767e-08,-17.770009587525216,20.80157144262894,128.46618141410582,128.47313395465005,100.22388714799472,67090.37756632936,77170780.55613886,1.0724455909679318,0.3823930968653697,1.4012833830243392,3.3323134092416256,0.37784711874814036,1.2247891038776215,3.293810312528675,0.5425441356995212,5.407340856626544,-19.325,0.27025000000000005,0.49075,0.8378125,0.43425,0.7769999999999999,0.733
11.13855,0.8845000000000001,13.375,9.370000000000001,244.35625000000002,0.09646545522688088,-23.29,16.5375,44.845,-44.845,1.6098426842324706e-07,22.422498104626666,38.836910327007395,22.422501988317592,38.83690808475739,-38.836910327007395,0.0,12974390.092789633,19874515.80901875,0.4049739544141964,0.4103025221097362,1.0884633444665934,1.3905592713881398,1.5937898372035153,3.926381329888313,9562218.235036317,16.078114677599892,7.710115859435525,0.27316375502457774,-0.011062427426948055,16.60729195914702,0.5202964870714866,629980700.6642432,28.7133837848389,22577.190161669645,19971526.78213007,-6.458916718016343e-07,-4.159974568692843e-08,-17.335357809877767,28.727431259577468,105.1040948737518,105.10515642719606,72.11982620739595,68887.58283769153,78337121.5737567,1.1812804029755664,0.3799692459798732,1.3686051650998852,3.3230381058215874,0.3749685169065182,1.1887972200759562,3.2858395690405824,0.5690761741497917,5.380432505757201,-4.874999999999998,0.45925000000000005,0.52975,0.8565625,0.72475,0.979,0.967
12.50355,0.7765,10.575,7.77,237.34375,0.09794814188154748,-20.39,9.3625,45.795,-45.795,1.643945718015966e-07,22.89749806447493,39.65963448378423,22.897502030438268,39.659632194034224,-39.65963448378423,0.0,11336746.144078072,20535011.70855465,0.4084523780502619,0.41325749764561187,1.1245263855807708,1.4356690699944141,1.634044385513469,3.9399450181800866,8771762.177708002,14.140624531901565,22.8160794323256,0.4521470982008636,-0.030411086805881397,22.432874800121066,0.6456418102469678,1195829813.0739462,50.966670313373086,23208.73851631825,20632021.90311549,-5.807740000093186e-07,-2.7054223281575265e-08,-16.590743630701603,50.96759305862902,107.91398712517807,107.91536610787742,68.33019809567895,66910.65703919317,77049988.88575982,1.0585431593897645,0.3826349936926887,1.4046285726189507,3.3332835540878776,0.3781331844077419,1.2284914665994355,3.294647517566774,0.5374286759759088,5.410036415424453,-18.825,0.53875,0.34675,0.7634375,0.16125,1.053,1.139
13.23855,0.8515,12.665,8.81,244.24375,0.09648817824181362,-17.63,14.3675,51.845,-51.845,1.8611281963213836e-07,25.92249780877176,44.89908832431036,25.922502298680467,44.89908573206036,-44.89908832431036,0.0,13392248.227872163,26654896.723058283,0.4049520700315356,0.4102706157264731,1.0890244292654205,1.3912503538299235,1.59441038668379,3.9265639636513856,9721984.683668897,18.848661486794523,6.968628163996399,0.4656655026310567,-0.015042855437757916,21.409771465141578,0.6755913851402376,664742630.6114409,27.702322798126342,29146.900359681767,26751890.388901476,-6.873061495791986e-07,-3.13121134361981e-08,-13.551030964486658,27.7165438795309,133.7670862972946,133.77336257850908,90.1435740708337,68855.86745054983,78317148.40363401,1.1795799955640416,0.38000973355346485,1.369170885614551,3.323193789495036,0.37501730885959544,1.1894160852432132,3.2859723213585683,0.5687919526443154,5.38087056801942,-0.07499999999999929,0.46825000000000006,0.44575,0.7909375,0.65125,0.835,1.045
9.073550000000001,0.8175,13.475,11.25,243.90625,0.09655524801459642,-18.57,13.5625,54.945,-54.945,1.9724117802464736e-07,27.4724976777503,47.5837671516874,27.472502436126884,47.58376440443739,-47.5837671516874,0.0,11813701.717934186,15320306.074682225,0.4050676196752861,0.41035995366537814,1.090722030453482,1.3933647700797471,1.5963172805896706,3.9271831938575947,9078577.785743427,21.061297801123217,8.040884421236381,0.7003196375648012,-0.01447568323101597,14.247880179426643,1.1096056654576087,776218722.2954348,21.012486014426532,18050.96870202534,15417285.459199253,-8.565234857878585e-07,-5.335612149716656e-08,-13.605967868889923,21.024643434291228,116.36848877029367,116.37479577264374,85.90698674920284,68760.72128912478,78257256.01231514,1.1744903457759213,0.3801434350659263,1.370881987027947,3.3236740621529965,0.3751752801352122,1.1912816381001696,3.2863819974135753,0.5679566693734313,5.382368969128671,-15.725,0.28375,0.48625000000000007,0.9678125,1.01875,0.7869999999999999,0.749
8.47855,0.8745,14.155000000000001,8.35,243.04375,0.09673146984622887,-22.61,8.7675,58.945,-58.945,2.116003501440138e-07,29.472497508690353,51.047868864431955,29.472502613477097,51.047865917181944,-51.047868864431955,0.0,11990289.788994053,18099139.562524974,0.40540899842931905,0.41063382837439305,1.0950608750465773,1.398786860014542,1.6011780701122473,3.9287516113860215,9189069.620582797,24.17803917440678,6.227088856064018,0.8232866184231526,-0.018323084507515387,15.103763922981786,1.2833451885294045,826890559.4705572,18.74376650376312,20697.385198404103,18196094.63351147,-9.116316477960256e-07,-5.4680526526630936e-08,-18.007656148788534,18.753593931888307,139.38644229571713,139.39335562485275,107.18607266541855,68517.56998770518,78103056.16810782,1.1615401577208957,0.3804538085790411,1.3752362897489694,3.3248788179019257,0.3755490021382627,1.1960571467293812,3.287411571025944,0.5657767838109891,5.38573118307298,-12.325,0.6137499999999999,0.30775,0.8140625,1.37225,1.2349999999999999,0.7769999999999999
10.94605,0.8335,13.015,7.93,240.60625,0.09724171256298078,-21.990000000000002,7.0525,56.745000000000005,-56.745000000000005,2.0370280547836227e-07,28.372497601673327,49.14261292242245,28.37250251593448,49.14261008517244,-49.14261292242245,0.0,12053375.058073295,21514298.157000236,0.406583480132825,0.41162330757230214,1.1074703272603208,1.4143406591787926,1.615057771807398,3.933363186619199,9141220.595197864,22.955594345781858,5.032553973419088,0.4471417245437511,-0.01963423152094846,18.483020384056108,0.7304000450554321,604893064.7572036,22.157085354055063,24045.186719791527,21611260.703025363,-7.815300309242874e-07,-3.8940997974250374e-08,-18.154022228140153,22.16769811084805,142.10961463533596,142.11623246534495,100.94912008976436,67830.40326630203,77659764.99920817,1.1254268080834984,0.38134323874950776,1.387649626223682,3.328359910067036,0.3766150603872268,1.2097354137425242,3.2904001811123536,0.5596531831801917,5.395441757575876,-16.425,0.35575,0.6812499999999999,0.8359375,0.5182499999999999,1.185,0.899
12.97605,1.0395,11.405,7.91,243.30625,0.09667754831974869,-18.95,12.7575,61.095,-61.095,2.1931840515817326e-07,30.547497417820633,52.90982353503215,30.54750270880284,52.90982048028214,-52.90982353503215,0.0,13666515.714978939,28627502.162757963,0.4053137467741915,0.4105591472402737,1.0937378933809145,1.3971337318303487,1.5996974444399197,3.928271506841851,9736419.175362855,24.30623862288865,6.417814741492538,0.5484466712345895,-0.027107538724454875,24.789657486810835,0.7368630607862963,683571548.4004165,27.684596742610715,30977.291384464657,28724460.28498418,-7.793502437238864e-07,-3.26657633157338e-08,-15.040651756110272,27.69689898468187,167.91274782277185,167.9196533096532,115.20016231920329,68591.57255770247,78150157.55780613,1.1654720741969142,0.3803593516961563,1.3739091698565438,3.324510910325949,0.37543530026092875,1.1946002689591102,3.287096900482024,0.5664402196872936,5.384707496696758,-8.525,0.65875,0.52375,0.9578125,0.73875,1.455,0.951
12.53855,0.7274999999999999,12.075,9.09,239.21875,0.09753704501406589,-18.55,7.1925,58.295,-58.295,2.0926698467461676e-07,29.147497536162597,50.484952336110965,29.14750258465769,50.48494942136096,-50.484952336110965,0.0,12655108.679708872,26763594.317450043,0.40729723174661187,0.4122359446600721,1.11465479298781,1.4233300124984543,1.623058072159969,3.9361244744723707,9376066.889182255,23.14941745449674,5.969372787140259,0.4740880086607407,-0.02160133665734801,22.234824309237005,0.6643752685587,621333497.3282301,25.635658741932858,29170.803723160592,26860559.464298926,-7.616229498777094e-07,-3.0626013833896644e-08,-15.403072972557643,25.646570007360207,154.57338286369537,154.58005108874588,105.73348853285106,67439.24682488792,77402829.52055909,1.0997091476695497,0.3819232706624663,1.394817887557044,3.3304501695905775,0.3772910752631696,1.2176548149302546,3.292206673119655,0.5523529156132939,5.402111127692982,-10.725,0.52975,0.66475,0.8978125,1.26025,0.9570000000000001,1.0030000000000001
12.92355,0.8825000000000001,12.105,8.45,244.39375,0.09645788861694513,-22.55,15.0675,48.894999999999996,-48.894999999999996,1.755229301941056e-07,24.44749793345347,42.34431331116125,24.447502167884682,42.34431086641125,-42.34431331116125,0.0,13488034.175902525,25777047.247873724,0.4049020647698829,0.41023255931548375,1.0882743906458219,1.3903148256026616,1.5935695457921586,3.9262966431158426,9727706.283513783,17.585243873501824,8.670206359197744,0.3573558016403583,-0.016039554349461985,21.66107467397871,0.5041936207727281,651052896.1886089,32.68522515252069,28291.617949048552,25874041.27462789,-6.723680015146379e-07,-3.269781164705038e-08,-17.60211682514436,32.70139981671467,128.1736018611883,128.17435445690793,87.32667599803584,68898.15463340541,78343775.19997957,1.1818474593137225,0.37995575429212386,1.368416668866297,3.322986260464563,0.37495225571601404,1.1885910621296314,3.2857953691390183,0.5691709149217709,5.380286563880877,-9.525000000000002,0.6377499999999999,0.20425000000000001,0.7746875,1.43175,1.123,0.861
13.483550000000001,1.0425,14.245000000000001,7.49,240.23125,0.097321672860753,-22.89,11.7775,42.545,-42.545,1.5272774445461138e-07,21.27249820183614,36.84505184217928,21.27250188634122,36.845049714929274,-36.84505184217928,0.0,12828575.26507321,24517732.689033628,0.40694016663258725,0.41195426024597886,1.1094003026072636,1.4167870466588477,1.6172315363329945,3.9341288152352107,9546344.51958636,15.6516188989083,7.476463699506531,0.27382523234497985,-0.009360597332314105,18.034622197488254,0.5544686488326739,685109021.7275031,27.520325529152235,27126.656150206483,24614753.45409317,-5.8930769913283e-07,-3.2990854788116995e-08,-18.15045236602174,27.532461688288873,109.90697755805435,109.90774890553466,73.48520729931793,67724.68530916306,77590973.83787745,1.1199331502740553,0.3814781592084387,1.389570014161625,3.328902145490672,0.3767770088560632,1.2118622429797707,3.2908676063086713,0.5587029223057125,5.396910346866956,-9.625,0.57175,0.20725,0.8778125,0.91375,1.233,1.2530000000000001
12.591050000000001,0.9725,13.665,11.69,243.79375,0.09657810786447019,-19.65,18.8825,53.195,-53.195,1.9095904022242455e-07,26.597497751714027,46.068222652361655,26.597502358536165,46.068219992611645,-46.068222652361655,0.0,14490037.100241538,25575492.140062198,0.4051408808813147,0.41042477541821093,1.091287249546546,1.39407413250109,1.5969541125525495,3.92739082813201,10197242.360182967,20.03371814333814,5.280842757720107,0.4168969580065954,-0.012982581787724157,18.28764916395662,0.703634593396649,601181340.2305634,23.304222064682975,28072.7456377356,25672477.996818986,-7.048857830461655e-07,-4.025844293298103e-08,-14.235486812346721,23.316460058333334,137.941853283521,137.94823865189161,92.85994814486514,68729.00590198308,78237211.23215261,1.1727960331329328,0.3801839242371898,1.3714489697584193,3.323830552773857,0.37522404979063073,1.1919026784348274,3.286515585415521,0.5676723320377846,5.382807336474484,-18.075,0.19525,0.18325000000000002,0.8746875000000001,0.79125,0.967,0.829
8.233550000000001,0.9195,14.045,13.11,235.80625,0.09828356607625577,-21.59,9.5025,44.245,-44.245,1.588303926053421e-07,22.122498129985658,38.31729507009571,22.12250196171506,38.3172928578457,-38.31729507009571,0.0,11018789.81234062,15030798.682442296,0.40902816065720976,0.41371980411365183,1.1327070367080534,1.4458535456509467,1.6430575638562717,3.943064457677718,8808910.058282278,16.671245312000025,7.2776498500154805,0.4073511106555958,-0.008610057849921129,12.493568475091887,0.7832579665027137,714106360.4425653,24.630765323503894,17847.665324258192,15127813.187020414,-7.628745267529041e-07,-4.730178394236039e-08,-16.596110731886316,24.640717563036375,94.51917615262708,94.520761745684,69.05698569159779,66477.21341492349,76756650.32614575,1.0254164681082916,0.3832175415352894,1.4127360229071282,3.3356520429284564,0.3788215901674228,1.2374969090076138,3.296698004169895,0.5252978467768481,5.416535578343616,-15.025,0.35875,0.65425,0.7765625,1.3442500000000002,0.745,1.137
12.311050000000002,0.8615,13.695,7.13,239.63125,0.09744808351517749,-16.35,8.6975,44.645,-44.645,1.6026630981727877e-07,22.322498113079668,38.66370524137017,22.322501979450085,38.66370300912016,-38.66370524137017,0.0,11000554.348004457,18610329.683151,0.4073850326832841,0.41235833715750003,1.112506813180517,1.4206956988995407,1.620707234713982,3.9353860199937314,8770445.196999233,15.823754486132325,7.880397187288077,0.3710549221671252,-0.010115729905110997,17.01974551187948,0.6168554125403669,681273217.5523641,26.467122829022106,21375.905231323864,18707355.751096427,-5.839902087655115e-07,-3.0657107215799675e-08,-13.039869563888493,26.477491787546917,96.91926801669933,96.92028713839414,62.36579472668713,67555.53657774076,77479702.89408173,1.1088776983749935,0.3817665454619424,1.3926709035807232,3.3298348392507875,0.37710547420771623,1.2152920790849826,3.2916783127486937,0.5556343732531921,5.400368110952576,-0.8249999999999993,0.24175000000000002,0.53275,0.9453125,1.46675,1.461,0.7749999999999999
7.79605,0.7575,10.655,8.25,240.98125000000002,0.09716187190677343,-16.61,9.0475,52.845,-52.845,1.8970261266197998e-07,26.422497766506773,45.765113752496504,26.42250234301802,45.765111110246494,-45.765113752496504,0.0,9199016.421606842,8628908.245224224,0.4065466180441331,0.4116173204432984,1.105551955002761,1.411957435749921,1.6129413877092,3.9326954733500807,7861954.619053531,19.04358430290679,10.270090481336435,0.3430697742457242,-0.022186907781720226,14.711629868992674,0.4712523663092371,712498442.3101698,30.742718268261964,11545.07735412196,8725897.812478445,-7.379934992680027e-07,-5.1538734570372165e-08,-12.56302017301631,30.753670297469743,86.93824212385516,86.94448268873624,60.915278438241515,67936.12122344098,77728578.69814838,1.1309372390214376,0.38120829550004814,1.3857325825372537,3.3278199645701614,0.37645302551580745,1.2076148352223592,3.2899352304502356,0.5605974937046282,5.39397386007729,-15.675,0.28825,0.24925,0.9259375,0.47975,1.339,1.109
7.77855,0.8465,12.725,6.37,242.63125,0.09681652515191402,-23.89,19.442500000000003,60.795,-60.795,2.1824146724922079e-07,30.397497430500128,52.65001590657631,30.397502695501572,52.6500128668263,-52.65001590657631,0.0,12722443.51114734,14971418.944352657,0.40559534499743627,0.4107884458568455,1.0971453313985333,1.4013969504792823,1.6035134879594468,3.9295176558172566,9384759.191361498,25.05158656796902,6.987220510614185,0.6434584188696275,-0.02443904742407548,15.709023879036092,0.9944030454084771,690340766.0669383,20.99241683910833,17636.150402129348,15068370.483809542,-9.232032506425862e-07,-6.988360036161913e-08,-16.875047315303853,21.003663433223263,133.20637260524958,133.21337402092254,104.30475542071292,68401.28023485235,78028891.75984392,1.1553781040830862,0.3806022413548077,1.3773249947659263,3.3254591481028197,0.3757276134217087,1.1983525541923872,3.287908398823348,0.5647342278873495,5.387340722678207,-8.375,0.61075,0.52075,0.8696875,0.20325,0.9770000000000001,0.753
13.588550000000001,1.0275,11.875,9.51,236.81875,0.09806534621564965,-21.97,14.4725,51.745000000000005,-51.745000000000005,1.857538403291542e-07,25.87249781299826,44.81248578149176,25.872502294246715,44.81248319424175,-44.81248578149176,0.0,13950339.412025528,28974865.229163293,0.40848484203176755,0.41324874496429415,1.1273070509863063,1.439105729955194,1.6370889712903312,3.940957522201239,9893615.337035041,19.43811422657555,8.229898597508647,0.4163082817737935,-0.01756300190776041,23.01633865344933,0.5663692612747582,664086331.9583285,31.627931041857924,31372.92473299307,29071848.959634446,-6.963684106691671e-07,-3.1101716381739146e-08,-17.308814012406135,31.64066953799022,142.96807864315554,142.9746604052786,96.51698077579549,66762.65189919865,76950109.1386532,1.0471646042934795,0.3828340585922448,1.407390744537736,3.3340877364528647,0.37836849957469687,1.2315543555167003,3.295342663694229,0.5332429128488051,5.412256584697306,-6.025,0.20425000000000001,0.17125,0.9109375,1.15525,1.073,1.371
12.276050000000001,0.9385000000000001,10.645,7.47,246.86875,0.09596799498970174,-22.05,20.212500000000002,50.745000000000005,-50.745000000000005,1.8216404729931262e-07,25.372497855263248,43.94646035330562,25.37250224990916,43.94645781605561,-43.94646035330562,0.0,13250927.968775861,22278482.898856293,0.4037777557620009,0.409302117923099,1.0760108710731837,1.3749770758773798,1.5797373571616862,3.9218834407558236,9545942.172005977,17.045500069067995,13.62037888960473,0.4312429319099599,-0.02397349174534138,23.24906888167008,0.5273261409815504,845418262.1210328,42.252742345645814,24872.219219961236,22375473.192082696,-6.649096824858376e-07,-3.508340241064251e-08,-16.35955551537197,42.27337628114619,124.30826349624907,124.31448123868061,82.90691618115865,69595.89315052249,78777733.8728879,1.2164076054604795,0.3790610857247365,1.3560597459889518,3.319611071192151,0.37387332289882674,1.1751170449046116,3.282924797255349,0.5733030598483424,5.370611091267589,-10.125,0.6257499999999999,0.12625,0.9759375,1.09925,1.037,1.321
8.86355,0.8885000000000001,13.765,8.65,247.24374999999998,0.09589493318612112,-22.71,10.0625,54.095,-54.095,1.94189853949282e-07,27.04749771367554,46.84764553772918,27.047502398439963,46.84764283297917,-46.84764553772918,0.0,11917631.29191238,17552764.552608788,0.403508262792586,0.40906093524512227,1.0741777355568405,1.3726631466386554,1.5776514471017307,3.9212070386289497,9147898.904923331,21.072178803919126,7.745220042623876,0.6619384934714426,-0.015808795255670364,15.241313394170833,1.1178614970095584,777120333.3117448,21.059154368468807,20212.665314416325,17649735.82351953,-8.298151346567536e-07,-5.0902077413592844e-08,-17.846370731848392,21.071864156813366,125.47625717748811,125.48288586449675,94.167008648209,69701.61110766142,78842441.53567262,1.2201820491377062,0.3789311655566385,1.3542125351797498,3.3191146988007674,0.3737148120154758,1.17310135561304,3.2825029284159086,0.5729201454908983,5.369233564622259,-19.275,0.20875,0.21025,0.9696875,1.41775,0.8069999999999999,0.735
12.48605,1.0685,14.215,9.85,240.68125,0.09722566403166404,-19.41,12.4775,47.595,-47.595,1.7085619925531152e-07,23.797497988397954,41.21848025451928,23.797502110245865,41.21847787476927,-41.21848025451928,0.0,12846786.114498837,22983849.06454661,0.4066623983435653,0.4117096229540969,1.1070881969702038,1.4138773649755267,1.614647261283827,3.933248681348717,9556745.064351588,17.475737244751524,6.0497152452476115,0.40369236879233866,-0.010316345039966293,17.195936671217837,0.7150858273166213,633882606.3769275,23.816206488301074,25592.750678003104,23080855.228681087,-6.465867947284296e-07,-3.5821075782518644e-08,-15.015353088285073,23.82787605250089,116.93047043098785,116.93130327526578,78.34934847117836,67851.54685772983,77673582.57555735,1.126527530405667,0.3813162506942061,1.3872659190891947,3.328251730197211,0.376582660809036,1.209310829640793,3.290306998929807,0.5598427581539112,5.39514811606436,-13.025,0.60475,0.58675,0.8884375,0.77025,1.111,1.2810000000000001
7.51605,0.8195,14.145,12.25,248.96875,0.09556416116160076,-20.21,13.3175,56.545,-56.545,2.0298484687239395e-07,28.272497610126322,48.96940783678522,28.27250250706697,48.969405009535215,-48.96940783678522,0.0,11921387.10767873,14956816.314062862,0.4026860633485746,0.4083757982625507,1.0657994659889707,1.362164790295627,1.5681434257683546,3.918227147013234,9183529.204498604,21.91610122287261,6.303300479289708,0.8520022257219947,-0.01425496563072166,12.82390849492931,1.3139476127680318,846191193.4802622,19.178612463896613,17679.240029872213,15053786.328802621,-9.591110436868387e-07,-6.428208676330993e-08,-14.677904246649279,19.19114225631257,121.78508595037958,121.79186927133753,94.74574784752993,70187.91371050058,79138915.40481843,1.237682676963011,0.3783092016941261,1.3457336379664107,3.3168341220833786,0.372961779923046,1.1638943628306688,3.2805700847155324,0.5711858110020321,5.362541973402621,-9.075,0.45475,0.66625,0.7984375,0.8787499999999999,1.095,0.725
13.41355,1.0985,10.805,7.1899999999999995,244.54375000000002,0.0964276612736446,-20.41,15.4175,60.895,-60.895,2.1860044655220496e-07,30.44749742627363,52.736618449394925,30.44750269993533,52.736615404644915,-52.736618449394925,0.0,14074303.612620581,29942470.66302481,0.4047342076816399,0.4100747226055544,1.0875224602425584,1.3893599720423766,1.5927099287411075,3.925997892108965,9868655.949786544,23.92716165650667,7.340469109828749,0.5647518985927203,-0.03065899866952658,26.923656705539997,0.7651076388986396,712209657.6360614,31.143882981684147,32258.573427057683,30039427.460658297,-7.686797051118457e-07,-3.253318042246591e-08,-15.99421526723751,31.157942695949284,171.9027906055982,171.9098155296227,116.92420731255226,68940.441816261,78370368.95434706,1.1841176358264323,0.37990177666932645,1.3676629131267455,3.322779065916259,0.3748871953310087,1.1877670085353016,3.2856187886976698,0.5695498795281223,5.379702748957983,-7.524999999999999,0.39625,0.15025,0.9465625,0.11225,1.169,1.197
6.93855,0.7535,11.175,8.67,242.96875,0.09674692177885039,-23.51,14.1225,49.495,-49.495,1.7767680601201058e-07,24.747497908094477,42.863928568072936,24.747502194487215,42.86392609332293,-42.863928568072936,0.0,10420667.150917545,9908885.296932843,0.40557613102748385,0.4107975391911247,1.0954423344117197,1.3992856346068614,1.6016261350378729,3.9289348631352494,8388506.5093802735,18.095756298124112,10.45934513295581,0.24986648427571914,-0.01977359476511812,13.884988175419897,0.46282900838456187,716876831.9871418,32.803356655544405,12794.547979451141,10005874.02124405,-8.17433067656743e-07,-6.037326630244978e-08,-17.01134828491241,32.817105002421414,89.74838623223943,89.751056155429,67.03671900427463,68496.42639627741,78089571.77834287,1.1604182222191564,0.3804807882781962,1.375615733836038,3.324984121002698,0.37558147519591756,1.1964739352902414,3.2875016822033367,0.5655872274528175,5.386023629202957,-2.224999999999998,0.28075,0.56125,0.8353125,1.20425,0.897,1.131
9.79105,0.7464999999999999,10.815,9.67,238.50625000000002,0.09769172615584297,-23.21,14.5075,44.345,-44.345,1.5918937190832627e-07,22.17249812575916,38.40389761291433,22.172501966148815,38.40389539566432,-38.40389761291433,0.0,11203673.630839307,14056613.127879413,0.4079208615552958,0.41281161319624066,1.118395569911543,1.4280315582818661,1.6272543310337821,3.9376194216968825,8706526.967413252,14.340655370514014,22.886996305567873,0.27842612923153287,-0.029159770384853494,16.984761284965636,0.4052267089713804,1104889090.9205344,49.823263740436445,16896.075253810945,14153625.601634093,-6.189364785241258e-07,-3.941476291750788e-08,-17.481033539372323,49.79251665664785,90.82701635534704,90.82855148369266,59.987862753451694,67238.38270632392,77269593.93623361,1.083967413704748,0.3821938489797222,1.3985359432193745,3.331519771184923,0.3776113695146191,1.2217539885330277,3.2931265644736225,0.5467003425304743,5.405122165348036,-9.775,0.16225,0.18475000000000003,0.9471875000000001,1.42825,0.8009999999999999,1.499
10.928550000000001,0.8255,12.295,12.31,246.23125,0.09609234962376811,-16.869999999999997,17.0625,52.394999999999996,-52.394999999999996,1.8808720579855123e-07,26.197497785526014,45.37540230981274,26.19750232306612,45.375399690062736,-45.37540230981274,0.0,12196410.395715855,16555100.409109544,0.404057532855418,0.40953150990718623,1.0791408010032952,1.3788999400747783,1.5832753972942664,3.9230090394022317,9173914.343690712,18.941909425002123,6.841261471205102,0.3933298344999351,-0.013956663160722733,16.07084899412264,0.5595410196104886,617747821.8522229,26.282526273927328,19298.885720736103,16652095.07014553,-7.597830754574299e-07,-4.417572874450159e-08,-11.812557963186215,26.297614916655807,110.15304969673204,110.15888170389931,75.1597913883347,69416.17262338624,78666887.49415807,1.2098499029299439,0.3792944402932055,1.3592202857764248,3.3204719794079143,0.3741544765371062,1.1785631835858277,3.2836573640510447,0.5738974704424554,5.373142434845109,-7.225,0.6407499999999999,0.67225,0.8034375,0.8647499999999999,1.121,1.233
12.66105,0.7835,11.325,6.75,248.33124999999998,0.0956842510643579,-22.33,8.3125,55.195,-55.195,1.9813862628210776e-07,27.597497667184054,47.80027350873393,27.597502447211273,47.80027074898393,-47.80027350873393,0.0,12590277.76586851,25947514.555101015,0.403037927964286,0.40867771649938567,1.0688875241973235,1.3660373537342778,1.57165880927283,3.9193316049327898,9312616.293102909,20.808462629389364,7.311040986034068,0.41136371618705275,-0.024603595469876876,23.973805025164364,0.5407840889549842,618600130.7710707,30.757273003363572,28394.415445710496,26044482.069151603,-7.270702214070865e-07,-3.0778029353974975e-08,-18.54933788110882,30.773637712887712,146.8082195245274,146.81489174136868,100.29226245730466,70008.19318336438,79030629.61171475,1.2311909400209928,0.3785422216946496,1.3488621871479043,3.317674990881827,0.3732432254962434,1.1672838313084704,3.2812817222336506,0.571817433374372,5.365060493815817,-17.825,0.43674999999999997,0.39174999999999993,0.9246875,0.74225,0.757,1.249
11.033550000000002,0.9555,14.495000000000001,8.59,246.15625,0.0961070922339829,-16.21,16.3275,45.745,-45.745,1.6421508215010453e-07,22.87249806658818,39.61633321237492,22.87250202822139,39.61633092512491,-39.61633321237492,0.0,12248370.85587942,17199190.41228892,0.4041904745670824,0.4096602095915273,1.0795135943472214,1.3793792919844707,1.5837093758962648,3.9231657673813065,9334945.953838626,15.95119701219608,6.6405615495279875,0.4547099556706796,-0.008850606803296494,15.083554173021716,0.7598968363784899,686596268.2492884,23.711609631981474,20006.824391356236,17296215.621949553,-6.333567410038046e-07,-4.2301107619186644e-08,-11.362824366669859,23.724808293733435,96.0525452410772,96.05378649576042,64.9992346083588,69395.02903195849,78653794.65856868,1.208699473416449,0.3793214033398864,1.3595940166105265,3.3205735584510916,0.3741870412516714,1.1789696241977865,3.28374354228493,0.5737076650057666,5.373433174574771,-0.7250000000000014,0.17125,0.53125,0.9940625000000001,0.38875000000000004,1.205,0.863
12.18855,0.9785,13.745000000000001,10.27,244.16875,0.09650327867567088,-21.65,19.8975,42.845,-42.845,1.5380468236356386e-07,21.42249818915664,37.10485947063512,21.422501899642484,37.10485732838511,-37.10485947063512,0.0,13668649.48884152,21313003.492390305,0.4051138443154412,0.4104287159851727,1.089403217542824,1.3917422902808152,1.5948535132408532,3.9267355559927712,9874150.967215132,15.124271534212472,8.593219735363041,0.2737527131288465,-0.009188232427019813,16.693339678821765,0.5624651241796768,684497786.1087645,30.13525576845703,24022.560124156476,21410030.661338482,-5.986422086010491e-07,-3.950538033629037e-08,-15.403683529644242,30.149597969532085,102.70660972954198,102.70749570181377,68.67832071224288,68834.72385912202,78303877.59980263,1.1784472824054553,0.380036719746307,1.3695482242342998,3.3232976892389887,0.3750498285387451,1.1898289855290936,3.2860609376722123,0.5686024715538529,5.381162558212007,-0.2749999999999986,0.6572499999999999,0.11425,0.9634375,0.8087500000000001,0.7909999999999999,0.8029999999999999
8.618549999999999,1.0735000000000001,13.045,10.15,246.98125000000002,0.09594612081766422,-17.810000000000002,18.0775,53.245000000000005,-53.245000000000005,1.9113852987391665e-07,26.622497749600782,46.11152392377097,26.622502360753046,46.111521261520956,-46.11152392377097,0.0,11910253.00639951,13054034.405679908,0.4036663633536918,0.40919882880514397,1.0754597158624908,1.3742781390433214,1.579107578191952,3.9216772524372243,9087524.402038805,19.53249387911787,6.129760888228919,0.5006719596423141,-0.014367248532438679,13.93641458971464,0.7779143604995413,684805339.7246091,22.731453624719844,15871.150524177214,13151024.024118816,-8.25739591884063e-07,-5.958913166894931e-08,-11.855439471948133,22.745577932677744,103.01413168891717,103.0203485400085,75.5270843563329,69627.60853766419,78797098.85408047,1.2175391275564986,0.3790221108142513,1.3555052455940426,3.3194619446520925,0.3738257775009557,1.1745117107154743,3.2827980071171767,0.5731879794987759,5.370197755416572,-3.9250000000000007,0.58525,0.48175,0.9884375000000001,1.1447500000000002,1.213,1.2149999999999999
13.30855,0.7494999999999999,14.405000000000001,6.03,237.64375,0.09788141783665769,-21.61,9.6425,60.095,-60.095,2.1572861212833167e-07,30.04749746008562,52.04379810684601,30.047502664465284,52.043795102096006,-52.04379810684601,0.0,13926968.063299414,30982825.630330116,0.40800571670210783,0.41282841900843087,1.1229330747673145,1.4336391774573511,1.6322384670956853,3.9392577009655407,9965378.707888708,25.20060498150907,4.512300502811414,0.5854977394191304,-0.019062985747532377,20.75822912448077,0.9152406695594273,652904543.3849146,19.895635843305424,33255.96331294002,31079779.753685005,-7.977401250299544e-07,-3.735399696415237e-08,-17.67749722432228,19.905350329143143,176.46125247433218,176.46853539966258,124.220878469555,66995.23140490435,77106983.6238762,1.0650734789900889,0.382521136443236,1.4030530610346201,3.3328260913015355,0.37799856505002394,1.2267468545676137,3.2942525602785784,0.5398765488145106,5.408767308656115,-4.574999999999999,0.66175,0.55525,0.8315625,0.44475,1.187,0.9369999999999999
8.75855,1.0415,13.775,6.25,247.58125,0.09582716373319217,-18.43,19.5475,53.144999999999996,-53.144999999999996,1.9077955057093245e-07,26.572497753827275,46.02492138095234,26.572502356319287,46.024918723702335,-46.02492138095234,0.0,12343051.639921937,14381677.344917707,0.40338658911503195,0.4089668945364346,1.072534627506882,1.3706073310388276,1.575796912961173,3.9206349139249133,9304535.95883751,19.54053249644474,7.122412523974195,0.681331482829533,-0.01451855964966179,14.696901262137013,1.0595091666164285,729276925.9470556,21.30815642238464,17166.27286107068,14478666.597157935,-7.844480520028818e-07,-6.035213868043934e-08,-12.32327078232728,21.321689739338233,107.07665557004927,107.08290636388617,79.32664386410762,69796.7572690865,78902423.65026015,1.2235845062892323,0.37881426077194874,1.3525528617531173,3.318669747747897,0.37357211829107967,1.1712923548463805,3.282125134011195,0.5725686048414188,5.367994955507591,-13.475,0.57925,0.68275,0.8546875,0.29425,1.467,1.0310000000000001
12.62605,1.0355,11.605,13.63,245.40625,0.09625534063434373,-21.13,12.8975,52.495000000000005,-52.495000000000005,1.8844618510153543e-07,26.247497781299522,45.46200485263136,26.24750232749988,45.46200222788136,-45.46200485263136,0.0,13141922.837555565,24428501.122722946,0.40437870021726025,0.4097870612464872,1.083226389830538,1.3839954405387287,1.5878773780186464,3.924457928790501,9556284.4156674,19.388571886794946,7.612990323555632,0.372698184043885,-0.015660750622911154,19.507754916530217,0.47740537836407,600527890.8005037,31.398502264911883,26946.307109062513,24525483.22076329,-8.043933788525707e-07,-3.491983598750993e-08,-16.562480782480378,31.414532624583124,135.15619476867826,135.1626200934963,94.61326966891069,69183.59311768058,78522423.32148962,1.1972295835659998,0.3795913054866943,1.3633391810711137,3.3215943665432666,0.3745128064588812,1.1830475330746666,3.2846105070719385,0.571810946626753,5.376346463552628,-8.475,0.21025,0.26275,0.7828125,1.21825,0.9309999999999999,0.883
7.32355,0.7825,10.975,12.69,246.26874999999998,0.09608496838423052,-20.09,17.377499999999998,54.245000000000005,-54.245000000000005,1.9472832290375824e-07,27.122497707335793,46.9775493519571,27.1225024050906,46.97754663970709,-46.9775493519571,0.0,11137067.143734207,10754719.74656061,0.40401578251346193,0.40949241904913986,1.0789553845254258,1.3786658029865375,1.5830640177403281,3.922942301921403,8692425.287566781,19.96966092147281,8.133167832688432,0.3042399689778362,-0.01851532904614662,13.594756151473149,0.45521210250323163,631787559.6848881,29.22485939658049,13602.373174965307,10851699.967415988,-8.6223843938024e-07,-6.072829937135737e-08,-13.541343869843235,29.241547264355813,100.17443604932319,100.18074932183039,72.74459137953662,69426.74441910016,78673430.86872081,1.2103704136830977,0.37928109959350426,1.3590338141300495,3.3204214031145036,0.37413832312756945,1.1783601425665087,3.2836144244866308,0.57395554710354,5.37299922732026,-15.325,0.22375,0.61675,0.8340625,1.3022500000000001,0.751,1.429
7.4285499999999995,0.7314999999999999,10.935,12.17,249.23125000000002,0.09551444735496793,-17.21,17.7275,48.245,-48.245,1.7318956472470856e-07,24.12249796092571,41.78139678284027,24.122502139065272,41.781394370590256,-41.78139678284027,0.0,10394154.1601091,8636077.196468618,0.4027858852741266,0.4085011032799771,1.0645398272597424,1.3606220955592039,1.566745584398875,3.9178554455503525,8398272.890685093,15.644116883421269,13.653175705047992,0.3308470349548499,-0.016562993098431962,12.779418254135566,0.4200089905281869,823969921.9077536,37.24305399844424,11621.550114612,8733088.827263687,-7.760558280458992e-07,-5.908937589211623e-08,-10.795824389319298,37.249746370070945,78.75628402106055,78.75881280793809,55.36827166463275,70261.91628049787,79183419.58836855,1.2403525812746579,0.3782182580376968,1.3444530419907306,3.316494438931583,0.37285057457878024,1.1625059218513958,3.2802829664298865,0.5709255284127915,5.361581060880499,-8.575,0.6557499999999999,0.22525,0.9365625,0.43074999999999997,1.367,0.9009999999999999
9.28355,0.9545000000000001,11.905,10.57,239.81875000000002,0.09740770738722662,-16.05,20.8425,43.095,-43.095,1.5470213062102425e-07,21.547498178590395,37.32136582768165,21.547501910726872,37.321363672931646,-37.32136582768165,0.0,11109444.712994779,10225865.008955315,0.40731940632385966,0.4123074395141775,1.1115311677721407,1.419486780303878,1.6196272093836341,3.9350397843270746,8705977.791019782,13.343191657222478,17.449217225266832,0.33514910116611496,-0.015187452494782334,13.604555304689601,0.4351391629674041,955199992.0336174,40.75717847758247,13237.325480326785,10322906.836424727,-6.756658195981894e-07,-5.236481844820329e-08,-9.533679243858147,40.73360587030927,73.66043818951171,73.66224500323139,50.96140614304736,67608.39555631024,77514633.63727976,1.113051040226088,0.38169541091546666,1.3916966322520914,3.329556240589507,0.37702118220415,1.214220703600383,3.291439254839188,0.5570553143676835,5.39957818153834,-11.875,0.37224999999999997,0.26575,0.8859375,0.9312499999999999,0.847,0.705
7.91855,0.7234999999999999,14.015,12.13,236.18125,0.09820166680290972,-19.21,18.8475,55.695,-55.695,1.9993352279702858e-07,27.84749764605156,48.233286222827005,27.84750246938005,48.233283438076995,-48.233286222827005,0.0,12676935.816436809,14677258.808111303,0.4087246050877593,0.41344153148608404,1.1307006705049334,1.4433316454723535,1.6408279708528406,3.942255004345612,9459390.127686009,21.825413759606842,6.259923994705638,0.7832604568206223,-0.013503298413571892,12.991936075316685,1.1691681732823707,789172014.6163294,19.729269192341743,17407.508954225592,14774236.572748318,-9.144297289934423e-07,-6.665878046958346e-08,-12.708695104336424,19.738650820172495,115.63918571361876,115.64557205461664,87.84817984762472,66582.93137206245,76828746.83816953,1.0334424581421453,0.3830755522251083,1.4107534419712207,3.3350705734005954,0.3786538690243321,1.235290484647524,3.2961937332921685,0.52823704345328,5.414950689203546,-6.524999999999999,0.27475,0.6932499999999999,0.8409375,0.42025,0.899,1.049
10.31605,0.9305000000000001,13.495000000000001,8.27,244.31875,0.09647302567966666,-18.27,7.8925,48.645,-48.645,1.746254819366452e-07,24.32249794401972,42.127806954114725,24.322502156800297,42.12780452186472,-42.127806954114725,0.0,10918627.36019819,16566731.089314664,0.40499204972533254,0.41031772985554305,1.0886505697716033,1.390794262676299,1.5940010914702365,3.9264503765730803,8729039.29504735,17.733084299392175,6.521043363251883,0.43129739431822056,-0.012309290121144501,15.761765346975075,0.7222995140503916,660600096.4813986,23.87962446300785,19326.740455069463,16663733.132033601,-6.798097432807654e-07,-3.7762731496607604e-08,-14.639959416110305,23.892525212432407,103.79943037026258,103.80077703949834,71.49950250898783,68877.01104197763,78330465.89462447,1.1807133732723278,0.3799827375051108,1.3687936776854481,3.3230899691424054,0.37498477829057647,1.1890034567166727,3.285883795452167,0.5689814337914139,5.380578459454369,-5.725,0.30175,0.44275,0.7846875,1.40025,1.373,1.393
6.64105,0.7775,10.605,12.93,241.13125000000002,0.09712998136684792,-22.45,18.9525,55.945,-55.945,2.0083097105448898e-07,27.972497635485315,48.44979257987354,27.97250248046444,48.449789782623526,-48.44979257987354,0.0,11403680.652514644,10673129.051461767,0.4063677467881012,0.4114480619297621,1.1047828502998422,1.4109763124300552,1.6120672745306346,3.9323780653089164,8778093.978258044,21.585355905449838,8.336076814493993,0.2831317426632252,-0.021095553529627872,13.504327276219763,0.47313609215121116,648251189.2480719,29.796110288544604,13487.674767138293,10770098.686887935,-9.064599385360857e-07,-6.665693517734445e-08,-14.92519436675973,29.810986611606584,106.04634704114817,106.05275379139793,77.57934886242859,67978.40840629654,77756100.79754315,1.1331460266353257,0.38115431964351676,1.3849667227031377,3.327604635969827,0.37638819544867363,1.2067683756832146,3.289749950089324,0.5609766357971493,5.393386934738724,-10.674999999999999,0.6527499999999999,0.11275,0.8521875,0.8682500000000001,1.4849999999999999,0.867
11.22605,0.7665,14.185,13.79,237.15625,0.09798991572784757,-16.89,8.8725,46.545,-46.545,1.6708691657397783e-07,23.27249803277619,40.30915355492383,23.272502063691434,40.30915122767382,-40.30915355492383,0.0,11176193.316148154,17434718.974886015,0.4084169110943241,0.4132067904715178,1.1255172092878547,1.4368879871095181,1.6351244631178417,3.9402977053993595,8881303.608525528,17.2314306309507,6.59914230181287,0.44924658489487995,-0.00848986784758517,14.008312599078113,0.8035391901743804,696067833.050281,23.34342921021049,20197.68791669272,17531734.50419225,-7.301899666194486e-07,-3.8331900183901166e-08,-13.171332584669361,23.353863221992825,101.56381310485808,101.56498539844925,70.30503816874307,66857.7980606237,77014357.65672629,1.0544732799082308,0.38270608553131735,1.4056142627741952,3.3335701937903104,0.3782172372062255,1.229583905462873,3.2948951786730594,0.5359509398552031,5.410828900519485,-2.2749999999999986,0.62425,0.40225,0.7759375,0.79825,1.189,1.067
9.056049999999999,1.0295,11.225,9.190000000000001,249.79375,0.09540860535791404,-17.59,17.622500000000002,54.795,-54.795,1.9670270907017114e-07,27.397497684090048,47.45386333745948,27.39750242947625,47.45386059770947,-47.45386333745948,0.0,11301107.60756451,12176698.4484769,0.4024158392345234,0.4081743505123629,1.0618348935682507,1.357217107235844,1.5636520885511038,3.916872136918789,8740496.72266277,19.701343791480134,7.60818071284239,0.3603371721844091,-0.020381156011786243,16.03383822715105,0.4844394763288461,620852079.4793038,28.257664683099467,15004.85244438294,12273682.574371994,-7.996713030962724e-07,-5.3626452061516726e-08,-12.024396655042416,28.275301851484702,102.23256794252565,102.23865781044708,72.31419633782066,70420.49321620628,79278379.1303646,1.2460862833770066,0.37802338476180775,1.3417142298953557,3.315769837989294,0.37261217489412657,1.159540345761576,3.279671172296038,0.5703715070039206,5.3595235524269,-8.425,0.69775,0.29875,0.7565625,0.36775,1.445,1.143
9.26605,0.8205,13.055,11.59,239.66875000000002,0.09744005256208592,-19.09,18.6725,58.395,-58.395,2.0962596397760093e-07,29.197497531936097,50.571554878929575,29.197502589091446,50.57155195917957,-50.571554878929575,0.0,12881976.520766849,16328565.601372737,0.4070641479239754,0.41203583140985156,1.1123051304905827,1.4204021780535445,1.6204419680642792,3.9352377846278954,9474120.778706968,23.129919368141707,6.613857475164334,0.6357191184165136,-0.01707776264350864,15.046089060714285,0.9446649871171872,654196860.3697954,21.104870054568284,19000.614260604943,16425534.442649074,-8.877004502738843e-07,-5.826676246934391e-08,-13.122363878247839,21.11545531373439,126.2230672376393,126.22940348710081,92.66603309503301,67566.10837345467,77486653.89256962,1.1097131837348353,0.38175229430654833,1.3924759124869472,3.329779037910002,0.3770885952379153,1.215077675158333,3.291630433382863,0.5559326490400042,5.400209662003184,-10.575,0.11425,0.34075,0.9428125,1.43875,1.483,1.181
7.21855,0.9885,12.985,6.63,245.66875000000002,0.09620325545067505,-17.39,10.7275,49.145,-49.145,1.7642037845156603e-07,24.572497922887226,42.56081966820779,24.572502178969074,42.56081721095779,-42.56081966820779,0.0,9882292.341992518,9815136.029651545,0.404351549046805,0.40978222661295116,1.0819254887842238,1.3823853262949426,1.5864252883549843,3.9240223950553594,8274388.133312866,17.7358414375794,7.349097467251228,0.47654709763964465,-0.013762980463717432,12.931175806595883,0.8051939408056425,739369533.4051232,24.021462736669818,12745.71374589314,9912139.590676038,-7.748232977506041e-07,-5.562305876770898e-08,-12.845463885194414,24.035022478578757,85.64473018958098,85.6476018616546,63.91662586501886,69257.59568767785,78568516.66724245,1.2012362689537937,0.3794968414052994,1.3620268588781699,3.3212361115310034,0.3743988193983857,1.181617533972116,3.2843060477868393,0.5724747111484759,5.3753264412041135,-10.474999999999998,0.6392499999999999,0.15325,0.8821875,0.71075,0.9610000000000001,1.451
7.98855,0.7505,10.505,6.93,248.74375,0.09560572727101951,-19.35,13.1425,46.945,-46.945,1.6852283378591447e-07,23.472498015870194,40.65556372619829,23.472502081426455,40.65556137894828,-40.65556372619829,0.0,9733094.442132203,9061222.919962766,0.40308039510154103,0.4087579226037098,1.066898146038102,1.3635813434702442,1.569436641203908,3.918705295734797,8095448.819794647,14.15126515815787,20.152683549029696,0.3150872849818539,-0.03060467957464878,15.429319317438468,0.3859456390800649,1013393751.1357316,46.38689830157209,12030.299623947854,9158232.520263342,-6.615610864221855e-07,-5.016533814762577e-08,-14.080846126006948,46.34522402530784,78.90716697993835,78.9095054383939,54.86927490894973,70124.48293621722,79100733.40891086,1.2353743344890622,0.3783993174824509,1.3468443927577143,3.3171378661665365,0.373068587433289,1.1650922983325647,3.280827049057408,0.5714049175243723,5.363549187621006,-9.825,0.62125,0.68575,0.7821875,1.08175,0.853,1.159
9.42355,1.0005000000000002,12.365,11.51,242.33125,0.09687889808989356,-18.009999999999998,11.7075,53.345,-53.345,1.9149750917690077e-07,26.67249774537428,46.19812646658957,26.672502365186798,46.19812379933957,-46.19812646658957,0.0,11132782.432094567,14255235.916392528,0.405841915542354,0.4110137978725907,1.098667077706331,1.4033195189299552,1.605232839877696,3.930108654470165,8737278.203871943,20.092195932361864,6.417357859378878,0.3914535512513195,-0.01534074943741088,14.915575833017929,0.6017308734225885,640058222.7026213,24.377075986824284,17025.982974804803,14352221.575043295,-8.059395448223661e-07,-4.68009347610092e-08,-13.540913984033521,24.390187555046136,108.22375713346159,108.22981557078155,77.0997205893241,68316.7058691412,77974625.65467174,1.1509095459342236,0.38071018416975816,1.3788465594374582,3.325882894554137,0.37585745664591724,1.2000266209335024,3.288271540822534,0.5639760112933598,5.388511836366561,-11.375,0.69175,0.27925,0.7596875,1.0222499999999999,1.245,1.2269999999999999
13.448550000000001,0.9375000000000001,14.455,10.39,247.69375,0.0958065805531487,-18.37,12.7925,47.895,-47.895,1.7193313716426402e-07,23.94749797571846,41.478287882975124,23.94750212354713,41.47828548822511,-41.478287882975124,0.0,13199393.673874784,25367030.423611373,0.40341606692234244,0.4090061569228983,1.0719823633355972,1.3699298801951794,1.5751779355720275,3.9204470435821337,9733377.344387788,17.135878080406858,5.780033532851824,0.42022873862708415,-0.009813732877048191,17.798694646118854,0.68890462323486,646450320.7157328,23.44909266804694,27931.860565480005,25464038.06236903,-6.321718791238403e-07,-3.337603430288553e-08,-14.183763405096817,23.462616195332316,120.6703685872973,120.67111643334557,78.28294906378413,69828.47265622817,78921722.7530375,1.224743377662094,0.378763075681177,1.3519882693650795,3.3185099063625496,0.3735129661463617,1.1706847766106738,3.281989487515711,0.5724598514270529,5.36739833805981,-1.5249999999999986,0.25525000000000003,0.50275,0.8109375,0.68975,1.035,0.857
11.873550000000002,1.0285000000000002,13.995000000000001,6.11,241.39374999999998,0.09707434194398919,-19.810000000000002,12.092500000000001,49.545,-49.545,1.7785629566350265e-07,24.77249790598123,42.90722983948225,24.772502196704096,42.90722736223224,-42.90722983948225,0.0,12353797.802305149,21228556.81862967,0.40630348197128535,0.41140446661341606,1.1034434442961039,1.4093029777447634,1.6105777516658422,3.9318847521919995,9319546.5761455,18.383671481286513,5.806429328985381,0.4274073167611491,-0.01273287632482399,17.638593854253035,0.7341142152087492,626658081.5594466,23.154517309667632,23856.23491367854,21325553.375496015,-6.749054820564447e-07,-3.8454584985318404e-08,-15.453025310297773,23.166155702548956,118.0526555595186,118.0536300446955,81.03569454224058,68052.41097629385,77804174.45947556,1.1370176887743357,0.38105986653946544,1.3836277190410287,3.3272286875903148,0.3762747221648678,1.2052894348543193,3.289426656788806,0.5616401319037329,5.392360232369482,-19.475,0.12925,0.30325,0.9896875,1.4597499999999999,0.701,0.8009999999999999
8.93355,0.8445,12.504999999999999,10.93,249.90625,0.09538770798777908,-18.09,10.5525,47.644999999999996,-47.644999999999996,1.710356889068036e-07,23.822497986284702,41.26178152592858,23.82250211246274,41.261779143678574,-41.26178152592858,0.0,10373427.901263416,12228489.264716383,0.40245198338417937,0.40822122205425204,1.0612973914057133,1.3565571442416822,1.5630523346054273,3.916706580713852,8457962.370402643,16.875464565704416,7.946223603394538,0.32756160275436286,-0.012409770848655473,13.78202799140562,0.6014540455836338,685982859.8476079,27.65537091396901,15118.547412207849,12325497.554070279,-7.488340864363644e-07,-4.564604443107431e-08,-13.649712368159628,27.671587972929572,90.61693877935997,90.61890003766594,64.26471956949666,70452.20860334796,79297172.43992865,1.2472351772004457,0.37798440813927286,1.3411673290458388,3.315625449890269,0.3725644749392355,1.1589487895968082,3.2795493711265036,0.5702612637869209,5.359112268109832,-19.525,0.27325,0.55825,0.9715625,0.8822500000000001,1.351,0.915
11.54105,0.7174999999999999,13.885,7.29,239.06875,0.09756945683573467,-23.35,8.2075,41.795,-41.795,1.5003539968223017e-07,20.89749823353488,36.19553277103967,20.897501853088055,36.19553068128967,-36.19553277103967,0.0,11513870.911927212,19795943.39385373,0.40758207812827535,0.41251291648368754,1.1154440720522696,1.424343390864999,1.6239648400572377,3.936476719696925,8992177.932511995,15.37840552071011,8.130643417901975,0.27347408720265726,-0.009883169734561981,16.452987732500215,0.5699959027729512,658332788.7363062,28.22767039545942,22519.48880596831,19892964.76516973,-6.122754263563243e-07,-3.485941337050528e-08,-18.941734304065506,28.238283464931566,98.26272356275088,98.26380293838606,67.21316411198788,67396.95964203234,77374863.47428277,1.0963850681160272,0.38198024960636495,1.3955996350881568,3.330674639581976,0.3773585385524886,1.2185159295861128,3.2923995743657213,0.5511617743742762,5.402745002587818,-10.425,0.38725,0.57925,0.8296875,1.22525,1.423,1.341
8.33855,1.0855000000000001,12.975,9.71,243.94375,0.09654763552938943,-18.990000000000002,15.3475,55.245000000000005,-55.245000000000005,1.9831811593359986e-07,27.622497665070807,47.84357478014324,27.622502449428154,47.84357201789324,-47.84357478014324,0.0,11654868.31098484,13355907.55786732,0.4050518783361648,0.410347165769176,1.0905339714010724,1.3931299265614552,1.5961065104951575,3.927116362315159,8972035.781645767,21.147553020161254,5.8721030384262125,0.577875396470527,-0.01644209493698122,14.148426563538413,0.9218268073700826,675519017.1952199,21.81322118449893,16131.449291297551,13452885.75873092,-8.619547229349334e-07,-5.926916527707413e-08,-13.440865892182819,21.826005036938543,110.90947321897437,110.91588084074205,82.93370925770336,68771.29308483869,78263933.75085278,1.17505537516467,0.38012993978467463,1.3706930918364777,3.3236219506029103,0.37515902249271726,1.191074740866357,3.2863375140488187,0.5680514489704713,5.382222870366034,-12.725,0.16675,0.40375000000000005,0.8828125,1.0957499999999998,0.7989999999999999,0.703
9.61605,1.0055,14.094999999999999,12.77,241.31875000000002,0.09709021679645215,-22.17,8.4525,45.695,-45.695,1.6403559249861246e-07,22.84749806870143,39.57303194096561,22.847502026004513,39.57302965621561,-39.57303194096561,0.0,11421681.910824653,17504580.42407714,0.40633725157520983,0.411432600854016,1.1038261707007644,1.409783418116108,1.6110057083468738,3.9320299141473924,8972628.899523882,17.13310739886656,6.488940868640882,0.39490005575537623,-0.009336779118722658,13.68597459485207,0.7687906698245577,703929879.5613196,23.95507276774511,20246.457252326414,17601585.983560283,-7.534549026463342e-07,-4.3216244691340635e-08,-17.532668927183803,23.96684632873828,103.47897338480566,103.48033244665588,74.45258959351543,68031.26738486603,77790450.99150123,1.1359107485770592,0.38108685612832643,1.3840100984981827,3.3273359835520266,0.37630714917558095,1.2057116632472373,3.289518903180526,0.5614505615453609,5.392653587836476,-14.924999999999999,0.24325000000000002,0.10375000000000001,0.9584375,0.16475,1.017,0.891
9.49355,0.8625,11.515,11.09,244.46875,0.09644276710987398,-16.369999999999997,20.4225,44.445,-44.445,1.5954835121131044e-07,22.222498121532663,38.49050015573294,22.22250197058257,38.490497933482935,-38.49050015573294,0.0,11137796.018893141,10749267.883103423,0.4050713056847901,0.4104113783007442,1.0879041120990627,1.3898837031444664,1.5931838715595739,3.926227553886735,8707362.905229568,13.559968367576314,17.287997843771766,0.34198964010404576,-0.01660745937093638,14.17075874401676,0.43131485002673264,938638168.8956684,41.85556194822136,13733.643398340073,10846301.470026745,-6.826571522217445e-07,-5.005096250189197e-08,-10.055145558798527,41.84045912590325,77.75886867490657,77.76064827441155,53.156065906386026,68919.2982248332,78357076.24923201,1.1829821880829243,0.37992877040586526,1.3680397255612247,3.322882623612962,0.3749197324278358,1.1881789408849242,3.2857070413316753,0.5693603968695989,5.379994715584448,-13.525,0.52225,0.16675,0.9084375,0.36424999999999996,1.413,1.407
6.72855,1.0585,11.025,7.23,246.11874999999998,0.09611446235564362,-22.77,9.2225,59.695,-59.695,2.1429269491639502e-07,29.847497476991613,51.697387935571555,29.847502646730263,51.69738495082155,-51.697387935571555,0.0,10080193.761303678,10057639.070634585,0.404020359023321,0.4094840429787051,1.079694806433794,1.379579668987756,1.5838895417406478,3.923187045917198,8227592.47870303,24.116314938431053,6.184381766925274,0.3662250463286333,-0.0299816700618736,14.837908063797594,0.598761803751701,603274346.6878059,24.55394895910096,12850.262857383434,10154591.75230687,-9.242504053376505e-07,-6.445153437066259e-08,-17.592835111525982,24.569036431608662,112.20679334324984,112.21413645187289,86.57956722993305,69384.45723624456,78647250.55234258,1.2081243010195564,0.3793348962028928,1.3597809412651187,3.3206243905714103,0.3742033343055004,1.1791729631501457,3.2837866784884495,0.573612822536314,5.373578727088398,-15.875,0.58675,0.13975,0.8346875,0.8437499999999999,0.971,1.2309999999999999
9.65105,0.8425,13.335,7.15,241.43124999999998,0.0970664134557738,-19.89,11.6025,44.495,-44.495,1.5972784086280252e-07,22.24749811941941,38.533801427142244,22.247501972799448,38.53379920239224,-38.533801427142244,0.0,10977974.412959184,14585764.346444188,0.40640194295132864,0.41150770217083216,1.103254615213648,1.4090835635401886,1.6103836323303338,3.9318475277555707,8738032.423343066,16.03659715536903,8.31913990961847,0.3053965945793967,-0.0112017134980581,14.98306735569971,0.6285036049747754,706322965.7937158,27.675751858445185,17433.9170792831,14682783.298064407,-6.525841927139542e-07,-4.235698452662834e-08,-15.193836743569362,27.687639722877126,90.93593941226234,90.93748637997608,63.95361341867118,68062.9827720077,77811030.81342505,1.137571558619855,0.3810463663038757,1.3834365516473877,3.327175063404307,0.37625850248399545,1.205078396839143,3.2893805636261693,0.5617349540193455,5.39221348912906,-4.275,0.37825,0.5102500000000001,0.9159375000000001,0.19975,1.079,1.291
10.43855,0.7374999999999999,13.705,10.19,241.91875000000002,0.09696381392688623,-22.97,11.462499999999999,47.845,-47.845,1.7175364751277192e-07,23.922497977831707,41.43498661156581,23.922502121330254,41.4349842193158,-41.43498661156581,0.0,12380190.656188006,19905024.106145393,0.40605621551331106,0.4111972430414745,1.1007693174837876,1.4059508789783888,1.6075897564832087,3.930893966481982,9343628.841622178,18.044086661262845,6.2343289893774605,0.35521212266211794,-0.011721367793505423,15.966127255475682,0.644583188849763,654233762.3115375,24.541904881670526,22563.164224918728,20002019.677470766,-7.09618095381248e-07,-4.195558236043141e-08,-17.95590194651222,24.554368956507254,114.69954309763875,114.70065510566361,81.3465662010487,68200.41611628835,77899891.72034591,1.1447860384602067,0.38087094255939147,1.3809545469269484,3.32648010880861,0.37604766596461936,1.202340688477568,3.288783660311042,0.5629653839229605,5.3903079107858805,-6.375,0.31675,0.49675,0.9490625,0.70375,1.2530000000000001,0.8069999999999999
12.95855,0.9205000000000001,12.875,9.57,241.09375000000003,0.09713794745801003,-16.57,9.8175,43.295,-43.295,1.5542008922699258e-07,21.647498170137396,37.49457091331888,21.647501919594387,37.494568748568874,-37.49457091331888,0.0,11762156.999347143,22092638.644554734,0.40664326780126614,0.41172431966425854,1.1049798279359582,1.411257371658718,1.6123194146458266,3.9325038643746635,9089305.338145211,14.834784797291592,10.73178856892245,0.39551157998791214,-0.010607276054201954,18.985679483884795,0.5485537763995315,735149229.2779005,33.15834107159393,24793.90640475245,22189671.666152198,-5.873663975268973e-07,-2.658999659698605e-08,-13.180210650942268,33.17162375110374,101.50989582491319,101.51071095826569,66.23453281788814,67967.83661058267,77749223.72452682,1.1325935067609623,0.38116782155923823,1.3851581486422715,3.3276584423244318,0.37640441080335224,1.2069798822450124,3.289796236234456,0.5608818507085813,5.393533773348574,-4.074999999999999,0.29125,0.25225000000000003,0.8684375,0.6862499999999999,1.021,1.177
8.82855,0.7344999999999999,11.495,12.01,240.94375000000002,0.09716985512687817,-16.73,15.1725,48.495000000000005,-48.495000000000005,1.74087012982169e-07,24.247497950359467,41.99790313988681,24.247502150149664,41.9979007151368,-41.99790313988681,0.0,10602054.560062129,10937557.53291878,0.4066120494309433,0.4116806150603162,1.105745071895678,1.4122056813043256,1.6131625584376488,3.9327772032936044,8491431.181900868,16.80785376557431,10.733879158173966,0.3242245759258854,-0.014116648419266657,13.902821892065617,0.4513780372349771,741815388.377372,32.05553473318256,13851.665549964739,11034567.922489418,-7.420500022569948e-07,-4.890832343714978e-08,-11.506573344409672,32.065107919028605,85.64147756566499,85.64338643084291,58.67189616469327,67925.54942772709,77721692.6427124,1.1303853861739597,0.38122178740830115,1.3859241364696815,3.327873853733065,0.37646922976003827,1.2078266179493187,3.2899816129499957,0.5605027039759142,5.394120579480558,-14.175,0.43374999999999997,0.32875,0.9221874999999999,0.92775,1.393,0.821
13.501050000000001,0.9795,13.815000000000001,10.97,240.04375000000002,0.09736207171072138,-18.85,8.9075,58.845,-58.845,2.1124137084102965e-07,29.422497512916852,50.96126632161334,29.42250260904334,50.96126337936333,-50.96126632161334,0.0,13687171.93537362,30244871.059256133,0.4068259099328856,0.41182284291367033,1.110360624885019,1.4179638640198378,1.6182731320073407,3.934438841748098,9865613.07061791,23.898781701694155,7.144094927453919,0.6373256478315654,-0.016681590168178224,20.15595853495739,1.002942311594632,680241050.8368152,20.98808017020066,32564.554047473193,30341834.578887053,-7.584413516495502e-07,-3.312911676655702e-08,-15.362787574163079,20.99617488269897,167.12506146201642,167.1320429693493,112.32547260804921,67671.82633059358,77556288.9209287,1.1171926527503317,0.3815456304354285,1.3905314219312825,3.3291741322878563,0.3768579718284708,1.2129280486501148,3.2911022776236285,0.5582289845071668,5.397645089210149,-13.125,0.32875,0.5162500000000001,0.8040625,1.4352500000000001,1.237,1.275
8.58355,1.0025,13.504999999999999,9.21,237.41875000000002,0.09793146571089247,-16.25,17.9025,55.595,-55.595,1.995745434940444e-07,27.79749765027806,48.14668368000839,27.797502464946295,48.14668090025838,-48.14668368000839,0.0,11875931.415231278,12953689.918307796,0.40817096252374274,0.4129782737264768,1.1241243013475817,1.4351344116374087,1.6335673275191447,3.9397361720596202,9079912.276635699,21.374016357159036,6.400989820003573,0.7560481415558388,-0.014967526388155723,13.839032656096002,1.0985204514549658,746404433.7613702,20.259965990073585,15745.320206422168,13050674.374374457,-8.526351710707883e-07,-6.191553617305892e-08,-10.658261604711889,20.27007199612367,107.04837951318412,107.0545893185627,79.54715432534306,66931.80063062097,77064224.1829823,1.060173428428206,0.3826065591533063,1.4042345254451387,3.3331690711068123,0.3780995613780801,1.2280549393613187,3.294548642331669,0.5380200563612909,5.409719518400087,-1.375,0.16975,0.56875,0.8534375000000001,0.8997499999999999,0.7589999999999999,1.2650000000000001
12.136050000000001,0.9035,10.995,8.07,249.83124999999998,0.09540157447054301,-18.93,8.9425,60.045,-60.045,2.155491224768396e-07,30.02249746219887,52.00049683543671,30.02250266224841,52.000493833186695,-52.00049683543671,0.0,12519132.688396629,24739681.67076956,0.40233286371909194,0.40809302079584725,1.0616536027875536,1.3569786948224432,1.5634347576157692,3.9167835418754016,9265237.29999819,23.221117921959674,6.7242522640568865,0.5017209774610886,-0.027998572428357845,23.758157703162542,0.677551707627534,650496007.4194381,28.682270058917645,27197.63932025795,24836641.31914506,-7.522125814825894e-07,-3.197234806587871e-08,-15.483439292998257,28.698232344753066,154.9968860476071,155.00354348645473,105.13655668644972,70431.06501192017,79284696.70963988,1.2464692200979517,0.37801038488527827,1.341531870190181,3.315721677299829,0.3725962681636805,1.1593430833490252,3.2796305426034933,0.570334735659179,5.359386338026032,-14.825,0.18325000000000002,0.12925,0.7509375,0.76675,1.323,1.491
13.34355,0.9735,12.865,9.41,245.70625,0.09619583197141691,-17.47,10.9375,51.045,-51.045,1.832409852082651e-07,25.52249784258375,44.20626798176146,25.522502263210427,44.20626542951145,-44.20626798176146,0.0,12991492.345169503,26950403.037239335,0.40429062587408343,0.4097231843247192,1.0817386671421143,1.3821430701126902,1.5862058437264601,3.9239332784728504,9578750.151977152,18.4827285888386,6.779899828709977,0.4511305611335745,-0.014029452481122398,21.005385556307267,0.6739692776130076,655331053.3438056,27.267768101057378,29442.188077280676,27047398.578905668,-6.823943300962017e-07,-2.926679082252685e-08,-13.906681901255586,27.282305117222077,132.45481021276953,132.46109742354147,89.12826110607723,69268.16748339174,78575091.6410329,1.2018094278542346,0.37948334619815455,1.361839535476306,3.32118502167501,0.37438253275859334,1.1814135023782248,3.2842626456554496,0.5725695490802334,5.37518074729471,-5.425000000000001,0.21475,0.23575000000000002,0.8890625,1.01175,0.875,1.441
13.32605,1.0245000000000002,10.695,11.35,235.54375000000002,0.09834147422149692,-17.009999999999998,19.8275,47.445,-47.445,1.7031773030083527e-07,23.7224979947377,41.088576440291355,23.722502103595232,41.088574068041346,-41.088576440291355,0.0,13186048.494758537,23542226.88559113,0.4092605240068478,0.4139344673329773,1.134115166778046,1.447624642082315,1.6446216309736255,3.943631633390311,9542782.535193726,13.259563894155129,19.297572679893783,0.5600670256919051,-0.020663397219924683,22.103174665374237,0.6756317175741393,1083299324.3781655,48.19108040674219,26157.37121808787,23639243.795872346,-5.99171115508278e-07,-2.8850478634873988e-08,-12.123636028859845,48.201404144503144,115.18817618858697,115.18928930285811,71.60239608326863,66403.21084492622,76706043.67024574,1.0198183926384223,0.38331689545350583,1.414125829982182,3.3360605431601424,0.37893892300614335,1.2390452721000007,3.2970526094346932,0.523242022461162,5.417644911931809,-2.0749999999999993,0.11275,0.32425000000000004,0.9415625000000001,1.16575,1.059,1.455
12.38105,1.0605,13.195,9.91,239.25625,0.09752895528236301,-16.85,15.137500000000001,51.894999999999996,-51.894999999999996,1.8629230928363043e-07,25.947497806658507,44.94238959571967,25.947502300897344,44.94238700096966,-44.94238959571967,0.0,12903328.146710478,21968757.498498365,0.40737681908124607,0.4123197756666406,1.1144608014173583,1.423102684213869,1.6228561281666307,3.9360775138225863,9508764.862824114,19.307775706705613,6.303837313468126,0.43142894790026476,-0.013385917176492904,18.34614533326594,0.6423841116292165,657309750.974611,24.13603935116681,24572.73875772865,22065753.232853957,-6.635304709821683e-07,-3.6223592999707185e-08,-12.496064808115838,24.14732808150653,121.82086454758067,121.82677773346602,79.03159020675282,67449.8186206018,77409813.64131598,1.100541019385276,0.3819090269473807,1.3946225437067177,3.330394114938483,0.3772742102880288,1.2174397402173542,3.292158521503738,0.5526507933751102,5.401952693659577,-17.025,0.39925,0.25975,0.7690625,1.47025,0.823,0.7689999999999999
7.11355,0.8935,13.265,7.87,239.36875,0.09750471878257289,-16.47,9.8875,61.245000000000005,-61.245000000000005,2.1985687411264953e-07,30.622497411480886,53.039727349260076,30.622502715453475,53.03972428701007,-53.039727349260076,0.0,10304845.876863115,10886231.858441107,0.4072031154145014,0.41215266371022186,1.1138703841936914,1.4223513732132722,1.6221840724163579,3.9358288886401342,8433142.013289591,24.92571044049318,9.054042309881194,1.1247999557407562,-0.02051334602931356,13.155322558230523,1.6920765900428159,1105426027.6101182,18.02978954889772,13671.845446602883,10983193.523803264,-9.68820062294526e-07,-6.372477669783903e-08,-12.340334381248352,18.039566145025276,114.06611812937913,114.07310940038282,88.719753339327,67481.5340077435,77430747.4733372,1.1030386211388088,0.38186628630226893,1.3940366782679936,3.3302260792634875,0.37722359964399516,1.2167947795539533,3.2920141926284474,0.5535446472715141,5.401477307180166,-12.975,0.5042500000000001,0.32125000000000004,0.8896875,1.1307500000000001,0.887,0.713
11.57605,1.0625,12.715,11.629999999999999,241.69375,0.0970110246642612,-16.810000000000002,18.6025,60.394999999999996,-60.394999999999996,2.1680555003728414e-07,30.19749744740612,52.30360573530185,30.19750267776655,52.30360271555184,-52.30360573530185,0.0,13514638.947737603,20853776.443248138,0.40606919431053495,0.4111915996320918,1.101912259926669,1.40737022310919,1.60885470056801,3.931293725661544,9699038.988718139,24.015021810097377,5.113990287830218,0.533829676972439,-0.018486642298326368,17.861635760367633,0.7776963621696608,606763548.473587,22.0536206214937,23415.00248006425,20950743.8486323,-8.409472883100728e-07,-4.6558984587507904e-08,-11.7639373946474,22.064604079790563,142.7230480583511,142.7293735925825,99.649628971064,68136.98534200498,77858969.24646935,1.1414527471844846,0.38095191436381826,1.382099426386952,3.326800394721801,0.3761449947025566,1.2036029489107993,3.289058647672732,0.5623984665487821,5.3911872867926665,-15.425,0.42474999999999996,0.33325000000000005,0.7571875,1.3337500000000002,1.363,0.845
8.02355,0.9455,13.594999999999999,8.83,235.58124999999998,0.09833317113297638,-18.23,9.6075,45.945,-45.945,1.6493304075607286e-07,22.972498058135184,39.78953829801215,22.9725020370889,39.78953600076214,-39.78953829801215,0.0,10087295.480458464,11416969.208947748,0.40917202406817316,0.4138479947642456,1.1339125193725301,1.447363807943924,1.64439102436448,3.943543141981261,8375366.737634229,16.97147115765649,7.864938736392414,0.44566623900654484,-0.010626356588890154,12.645079004749604,0.7907109437998213,752674088.1666136,24.47839414845744,14323.587777221812,11513984.462331483,-7.589196530841235e-07,-5.020257159587246e-08,-13.78689727174955,24.48778262944414,85.42665318772268,85.42888697484855,63.14456577270493,66413.78264064011,76713282.47523455,1.0206170694200045,0.3833027060996076,1.4139272014417092,3.336002117058616,0.3789221665317174,1.2388238822990119,3.297001871140797,0.5235354187578456,5.417486466644341,-16.125,0.64225,0.34825000000000006,0.7678125,1.1027500000000001,1.177,0.9530000000000001
9.89605,1.0195,12.245000000000001,9.33,237.56875000000002,0.09789803604557003,-16.509999999999998,19.7225,50.895,-50.895,1.8270251625378884e-07,25.4474978489235,44.07636416753354,25.447502256559794,44.07636162278353,-44.07636416753354,0.0,12106288.918404372,14489985.507494055,0.408215063702891,0.4130350071260898,1.1233331695625581,1.4341646479023744,1.6327075569531184,3.939463303790721,9125874.796032896,18.463954768745115,7.983133746877708,0.38386175457469957,-0.01463461601887197,16.14891549411556,0.57196287053028,675124999.0948465,27.067945747929066,17292.631357003254,14586988.467878139,-6.868260364375398e-07,-4.7755064012310625e-08,-10.910881824762425,27.07964467740711,100.51534040340817,100.52096496790656,68.53063266948068,66974.08781347654,77092778.44547163,1.0634391576893616,0.382549577381745,1.4034466740411702,3.3329402766270566,0.3780322022449084,1.227182624688731,3.2943511227794295,0.5392847266890818,5.409084207477607,-13.425,0.47125000000000006,0.23725000000000002,0.8365625,1.12375,1.229,0.9570000000000001
10.22855,0.9185000000000001,14.035,8.370000000000001,242.18125,0.09691007901291883,-16.09,9.3275,43.245,-43.245,1.552405995755005e-07,21.622498172250644,37.45126964190957,21.622501917377505,37.45126747965956,-37.45126964190957,0.0,10504250.870357966,14389467.827299383,0.40614621785166816,0.41131026733351683,1.0994328672664881,1.4043121281029325,1.6061212495879733,3.930447980588548,8600129.262545569,15.340355449770769,8.032429696316449,0.3802949544515307,-0.008765710277546176,14.278232782061227,0.7232801635610829,742064848.0587293,25.860217836600736,17283.64005954186,14486502.152293865,-6.131618857936364e-07,-3.718610427637588e-08,-12.420806757062547,25.87081383530791,85.51408272977957,85.51558029601539,58.072597979772226,68274.41868628563,77947528.28013262,1.1486833118237776,0.38076412283602024,1.379608054537206,3.326095263085105,0.37592233442851175,1.200865157932514,3.2884536714606405,0.5636194087621786,5.389097012489366,-10.275,0.11875000000000001,0.14575,0.7809375,0.7877499999999998,1.487,1.251
7.44605,1.0745,11.815,12.89,248.51874999999998,0.09564857448520975,-23.93,12.6525,49.645,-49.645,1.7821527496648683e-07,24.822497901754733,42.993832382300866,24.82250220113785,42.993829900050855,-42.993832382300866,0.0,11182577.811018452,13054579.739964323,0.4029924117409378,0.4086482208502829,1.0679811999137634,1.3649092889312076,1.5706382564820927,3.9190312238567047,8756972.117064003,18.343669841412893,7.718893566504745,0.2663504003929896,-0.014879189869185568,13.485526341653667,0.5187637381184126,633556649.8616743,29.01596386839957,15865.347089111938,13151566.100923307,-8.43755302770541e-07,-5.5431765139831525e-08,-17.746763164299296,29.03254256055383,100.85554301915963,100.86189665215613,73.78178635764422,70061.05216193385,79062466.62095827,1.2330912762909436,0.3784772652050262,1.347944538422029,3.317430544142218,0.37316385517987555,1.1662868265691793,3.2810747385130754,0.5716295004400592,5.364373393763103,-12.675,0.36024999999999996,0.23125,0.8271875,0.90675,1.451,1.2730000000000001
10.50855,0.8705,11.115,9.89,249.19375000000002,0.09552153829311585,-23.77,15.5225,52.995000000000005,-52.995000000000005,1.9024108161645622e-07,26.49749776016703,45.895017566724434,26.497502349668657,45.895014916974425,-45.895017566724434,0.0,12517593.445366085,18436439.88393946,0.40268563180982453,0.4083953558217496,1.064717774059086,1.3608246882684607,1.5669284188884327,3.9178737511104194,9255529.249663288,19.666021556027868,8.164233454833305,0.2721396931031307,-0.021032094940447034,18.959437239039826,0.38313859892477997,594390587.1653833,31.829678978744,21088.23656989817,18533415.24243291,-7.142806487785984e-07,-4.163433949878815e-08,-18.11650114599926,31.848099566464104,123.39380753485447,123.4000268298923,83.98509220219226,70251.34448478397,79177068.01141633,1.2399709962838896,0.3782312490529282,1.3446359241980963,3.3165429121912218,0.3728664612117832,1.1627040913821993,3.280323918337953,0.5709626396865107,5.361718279198192,-9.375,0.28675,0.25825000000000004,0.9028125,1.19025,1.057,1.427
10.66605,1.0115,11.845,8.43,237.11875,0.09799828476342776,-22.47,7.7875,46.445,-46.445,1.6672793727099365e-07,23.222498037002687,40.222551012105214,23.22250205925768,40.22254868985521,-40.222551012105214,0.0,10952549.945655843,16803978.023944058,0.4084980273614745,0.41328604324523777,1.1257174783473909,1.4371463037907553,1.6353542288205367,3.9403893605354585,8640850.662447462,17.11101511796592,10.475709624954511,0.26008184409645974,-0.016030271433741968,17.640836383727184,0.4294358045290883,707696828.6313728,32.667378635570024,19544.478876247565,16900979.06048232,-6.378638971594323e-07,-3.490767221389514e-08,-18.27482831637525,32.67758535103194,101.397150221209,101.39832431165449,67.67556256802958,66847.2262649098,77007224.10048997,1.053660372555003,0.3827203043580565,1.4058114750669772,3.333627589945267,0.3782340463510362,1.2298025668803978,3.2949447885852514,0.5356555221744187,5.410987439131843,-15.175,0.28525,0.23875000000000002,0.8184375,0.97325,1.3130000000000002,1.381
13.028550000000001,1.0915000000000001,11.895,11.530000000000001,245.03125,0.09632980231454884,-16.71,12.862499999999999,50.395,-50.395,1.8090761973886805e-07,25.197497870055994,43.64335145344047,25.197502234391017,43.64334893369046,-43.64335145344047,0.0,12861125.512423726,24916067.916712493,0.40464702951676973,0.41002769518476306,1.0850937577295428,1.3863430359681765,1.5899948596178892,3.9251548464356762,9483728.046434838,17.703677335108807,8.804431207482029,0.48900358472289374,-0.014265950547016203,20.794729321910616,0.6028662734115512,703429456.2436404,31.464965994717897,27470.87185883534,25013068.96863331,-6.56533730190032e-07,-2.8912215069350383e-08,-12.916162820133325,31.481219356856684,124.71852768957903,124.72455521061511,80.91477298288228,69077.87516054163,78456606.34640473,1.191510658154083,0.37972642928209804,1.3652172049926814,3.3221082178731076,0.3746757511010227,1.1850956023364114,3.285047513902184,0.5707819199036013,5.377807193617153,-2.8249999999999993,0.44725000000000004,0.67075,0.7840625,1.14125,0.741,1.4689999999999999
8.53105,0.8085,13.075,6.41,235.31875000000002,0.09839150027983731,-17.65,16.9925,57.495000000000005,-57.495000000000005,2.063951502507435e-07,28.747497569974588,49.79213199356205,28.747502549187647,49.79212911881205,-49.79213199356205,0.0,11775825.940263148,13673105.078586526,0.4091587870666855,0.41381380806436785,1.135317605423071,1.4490975239154682,1.6459178591252097,3.944051649844895,9016127.333199946,22.66568838498525,6.628783871111841,0.7150444344045754,-0.018795163625196322,15.246047670684424,1.034932730543897,722223746.317171,20.509139696198925,16417.322768577997,13770079.31193337,-8.270774768201091e-07,-5.903934889312504e-08,-12.294822937929423,20.51847123659027,113.26241735940265,113.268675781281,83.46378152401397,66339.78007064285,76662544.0332771,1.01503337469809,0.38340204087068697,1.4153184169119652,3.3364116658165064,0.3790394564484819,1.2403749823146726,3.2973576302470016,0.5214823749117906,5.4185958742705855,-16.375,0.10525000000000001,0.16825,0.8840625,0.22775,1.463,1.029
7.88355,0.7424999999999999,14.254999999999999,10.030000000000001,244.99374999999998,0.09633730143573889,-21.25,19.512500000000003,61.045,-61.045,2.191389155066812e-07,30.52249741993388,52.86652226362285,30.52250270658596,52.86651921137284,-52.86652226362285,0.0,13321582.396101967,16367781.361068223,0.404485403070843,0.40986027535602143,1.0852768227911418,1.386546413400015,1.5901769209000471,3.925177245945112,9727635.34838644,24.82232312890529,7.537409652704895,0.970240720209344,-0.017711236573984393,13.882792498750698,1.4863506644587943,969826150.135529,18.295256886394384,19014.500136246603,16464737.72976064,-9.966659923084665e-07,-7.30472326888196e-08,-14.445044341189343,18.305560859820464,138.29462638429416,138.30162047055933,109.89309238315579,69067.30336482772,78449989.06477635,1.190940743370991,0.3797399180581193,1.3654051566111114,3.3221596964714655,0.3746920207909068,1.1853007544122267,3.285091325065154,0.5706871559416304,5.377952934768167,-17.925,0.48025000000000007,0.52525,0.9653125,0.81225,0.827,0.8089999999999999
8.81105,0.7645,10.725,12.55,239.44375,0.09748859101898122,-19.33,10.2725,51.445,-51.445,1.846769024202017e-07,25.722497825677756,44.55267815303591,25.722502280945445,44.5526755807859,-44.55267815303591,0.0,10279434.615708934,12083587.788717072,0.40732286659689154,0.4122803667651889,1.113481919241544,1.4218906206201447,1.6217741889750752,3.935725228658008,8321822.090702122,18.846483278282193,10.57784486305007,0.29887265502176874,-0.017962124995464554,14.946930289835533,0.42823764415653454,690442372.884969,32.79471809598087,14911.709007816758,12180576.908383785,-7.529004869447535e-07,-4.490046842791308e-08,-14.756814226852624,32.807019576771474,98.77547278588963,98.78127444357465,67.2291054437863,67502.67759917128,77444685.76707862,1.1047052833305977,0.38183779075275226,1.3936462755301937,3.3301141752023864,0.3771898535274287,1.2163650934734391,3.2919180950984828,0.5541407330752064,5.401160396384999,-1.9249999999999972,0.6317499999999999,0.58375,0.8903125000000001,1.12725,1.359,1.229
9.56355,0.7214999999999999,11.705,7.79,245.96874999999997,0.09614398928771294,-23.67,8.8375,49.295,-49.295,1.7695884740604225e-07,24.647497916547476,42.690723482435715,24.647502185619707,42.69072101768571,-42.690723482435715,0.0,10934524.83550146,15380339.988966465,0.40421514599297037,0.40966916048860014,1.0804394907881223,1.3805274099774318,1.5847468892218144,3.923483117396685,8636428.885619137,18.324656822061275,8.49929509683286,0.2538115071110365,-0.01844043669634759,17.131794979942452,0.4995550469935453,650975198.091149,30.45362248901395,18131.080473858623,15477326.474173622,-7.03076727423429e-07,-4.069037856470429e-08,-19.031483306121252,30.469375403111624,106.45437133136161,106.45586339926824,74.77338878589897,69342.17005338898,78621046.7870005,1.2058256765919917,0.3793888823566358,1.3605290710593503,3.3208279645056282,0.3742685098525963,1.179986857536827,3.2839594454876275,0.5732334242578466,5.374161219976083,-3.7749999999999986,0.50275,0.25375,0.7703125,0.8752499999999999,0.7929999999999999,0.939
12.01355,0.9225000000000001,12.735,10.91,237.49375,0.09791480872115658,-22.23,16.1525,53.945,-53.945,1.9365138499480574e-07,26.972497720015287,46.717741723501256,26.97250239178933,46.71773902625125,-46.717741723501256,0.0,13837851.525871042,24258609.905145995,0.4081456105458385,0.41295841902545694,1.1237277455190806,1.4346400753691004,1.6331284108249118,3.939581558403442,9862252.467806231,21.094746561229275,5.837548600751878,0.334579795235987,-0.016150703035869678,19.016699276990696,0.5432535002104553,599209244.1143154,25.085185754150295,26752.009725223223,24355585.689051613,-7.247533673660262e-07,-3.9818156667533957e-08,-16.89526844082244,25.0961098868544,139.10871582854534,139.11515212993262,94.04102768040768,66952.94422204874,77078449.55720751,1.0618050759264424,0.3825781157937347,1.4038406462867066,3.3330546878350917,0.37806592622812474,1.2276186481029763,3.294449862915034,0.5386115994371009,5.4094025084490225,-12.375,0.67375,0.13825,0.9190625,0.13325,1.127,1.135
10.21105,1.0175,13.844999999999999,13.43,241.99375,0.09694931977364446,-20.17,16.1875,44.595,-44.595,1.6008682016578667e-07,22.297498115192912,38.62040396996086,22.297501977233203,38.62040174021085,-38.62040396996086,0.0,12420404.27665582,16773216.347704383,0.40605956961119366,0.41120659051010183,1.1003817334119788,1.4054763550175609,1.6071589092324154,3.930756459802182,9364838.642899575,16.157250321791203,7.341106266987813,0.316385799918339,-0.008493598872186424,13.678620561814995,0.6721131537759041,684836844.8901794,26.54316066450847,19572.249422906447,16870236.587914433,-7.294158145604175e-07,-4.747062285727798e-08,-14.275840683761867,26.556198452079048,97.56942135592465,97.57070747237955,69.2385584654061,68221.55970771614,77913464.81170928,1.1458992659858798,0.38083158728513183,1.380560781223902,3.326361285574704,0.376003453052512,1.201914689515558,3.2886819008925516,0.5631453251108768,5.389829415642643,-13.274999999999999,0.55825,0.37975000000000003,0.9184375,0.6337499999999999,1.165,1.335
11.401050000000001,0.7545,11.335,13.89,247.20624999999998,0.09590223092383664,-20.61,11.3925,46.894999999999996,-46.894999999999996,1.6834334413442237e-07,23.447498017983442,40.612262454788976,23.447502079209574,40.61226011003897,-40.612262454788976,0.0,11753780.67564231,18880466.41437234,0.4036611004827509,0.4092131191685461,1.0743635374571034,1.3729162297132547,1.5778805600959136,3.921309133654037,8999110.76209502,16.214777930976826,11.593556150362907,0.32253724881318635,-0.013883795025776503,17.24020270528327,0.3681919895978408,692093418.5559634,37.54238359154228,21597.634166793425,18977472.0820823,-7.37656085052403e-07,-3.451873300403912e-08,-16.11276786930037,37.560436772773095,106.92015793964333,106.9212429230328,73.1413213879318,69691.03931194752,78835973.03006707,1.2198041901262524,0.3789441639327558,1.3543971324108295,3.319164252978873,0.37373067140292926,1.173302649943489,3.2825450201713746,0.5729583469947374,5.369371368600323,-10.975,0.50725,0.63325,0.8590625000000001,0.8857499999999999,1.401,1.2069999999999999
9.93105,0.9965000000000002,10.825,13.47,247.31875,0.09588035259739959,-20.37,8.0325,45.495,-45.495,1.633176338926441e-07,22.747498077154425,39.399826855328385,22.747502017137002,39.399824580578375,-39.399826855328385,0.0,10155039.384953493,13411860.0360415,0.4037420567725305,0.4093054753102386,1.0738178206410853,1.3722517640809122,1.5772823077922367,3.9211529509282625,8296434.665199133,15.270974108284696,16.237626540554793,0.2885052499758446,-0.017924441956062968,15.104805167598261,0.3694496397235208,880131441.2876557,42.25160598172036,16276.29790265425,13508870.971147701,-6.796770102900576e-07,-3.745181875475697e-08,-16.100895577722657,42.25380838692675,90.57325360088436,90.57473035981334,59.32798646758993,69722.75469908923,78855369.37824596,1.2209378362417647,0.3789051919640161,1.3538435199630952,3.3190156873300607,0.3736831107132213,1.1726989228829396,3.2824188225670277,0.5728438044363744,5.368958317562745,-9.874999999999998,0.25075,0.13525,0.9140625,0.47625000000000006,1.055,1.221
11.34855,0.8595,10.595,7.61,240.38125,0.09728995925920546,-19.67,17.0975,48.095,-48.095,1.7265109577023231e-07,24.04749796726546,41.651492968612345,24.047502132414643,41.65149056386234,-41.651492968612345,0.0,11966144.734235557,17962044.08953132,0.40687889401721233,0.4119046039249099,1.1086294667903092,1.41582234141916,1.6163756350513403,3.9338470920146826,9018478.65588516,15.08693758172272,18.3378011112024,0.43362326711541826,-0.025525064815858898,21.083798888313957,0.5486404633909133,1007622023.6766762,46.003838274768576,20691.822451064534,18059049.802118383,-6.281134906374713e-07,-3.456086863624912e-08,-14.625947195436352,46.014959464993005,105.63474404945474,105.63601342433519,69.5727244725464,67766.97249201864,77618260.20088966,1.1221287281516399,0.38142419514308046,1.3888014487858373,3.328684975006272,0.37671224250597307,1.2110107918559958,3.2906803457695184,0.5590844572639663,5.396322801370507,-4.725,0.52375,0.51775,0.9803125,0.26275000000000004,1.345,1.225
11.15605,0.8415,12.485,12.85,249.56875,0.09545081807335194,-16.490000000000002,20.002499999999998,49.195,-49.195,1.765998681030581e-07,24.597497920773975,42.6041209396171,24.597502181185952,42.60411847986709,-42.6041209396171,0.0,12498085.289779611,16105776.93489139,0.40257430401429356,0.4083155233048929,1.0629159973414724,1.3585778315064834,1.5648887754722143,3.91726118282529,9318121.582880659,17.08417027699034,7.819997283184066,0.37639272576236427,-0.01159024962504081,15.478505863499407,0.5375148413762659,651249453.3641694,28.394132421570227,18906.399974396096,16202787.36870722,-7.216079614257455e-07,-4.507307584915175e-08,-10.826361733145964,28.411432102875043,101.91856851180087,101.91982055719477,69.17748805411924,70357.06244192291,79240471.69221734,1.2437908889797387,0.3781013396139149,1.342808869201287,3.316059143131344,0.3727075584625191,1.1607250096335682,3.2799153331351607,0.5705926261048158,5.360346403900874,-0.4250000000000007,0.47275,0.60625,0.9928125,0.18925,0.8109999999999999,1.287
10.87605,0.9255000000000001,13.895,6.39,235.99375,0.09824245625215063,-21.15,13.4925,58.644999999999996,-58.644999999999996,2.105234122350613e-07,29.322497521369847,50.78806123597611,29.32250260017583,50.788058303726096,-50.78806123597611,0.0,13160719.240703765,22205097.584534243,0.4088046788729843,0.41350783603368796,1.1317017551160975,1.4445785777119875,1.6419295701455683,3.9426355513817595,9618772.558159892,24.16594228112767,5.243965599472325,0.6328465809851272,-0.01880008249355484,17.99658354175407,0.9675431831574982,678199276.4242096,20.02237319076972,24708.31912392767,22302058.807942186,-8.131695191511042e-07,-4.69095769570747e-08,-16.364398383802776,20.030546741986882,147.4439934826302,147.45065175158564,107.09079198248219,66530.07239349296,76792753.57731444,1.029425205657416,0.3831465538402637,1.4117443318232616,3.3353610035326575,0.3787377435151114,1.2363928946893767,3.296445530969839,0.5267669007568598,5.415743129617287,-9.975000000000001,0.12325,0.57475,0.9296875,1.07475,1.2650000000000001,1.259
7.97105,0.9515,11.795,12.19,237.79375000000002,0.09784823957646754,-19.93,13.4575,50.195,-50.195,1.801896611328997e-07,25.09749787850899,43.47014636780324,25.097502225523506,43.470143858053234,-43.47014636780324,0.0,10820091.279403007,11730544.094405225,0.4080747753386645,0.4129107130417102,1.1221436842763783,1.4326777079412818,1.6313863422719137,3.939002895594816,8587615.911959149,18.639768125210256,8.483388311556933,0.30930193069801487,-0.014698600483839327,13.536257169137848,0.5467445943859331,682903064.0788496,28.299804268675782,14578.180581442077,11827538.366565263,-8.066258036657061e-07,-5.291477460987267e-08,-14.397916143348505,28.31162505322246,95.31717271973909,95.32321461966558,68.75865728815212,67037.51858775991,77135363.84403391,1.0683465867226685,0.38246423617244435,1.402266196939945,3.3325979913964017,0.37793126786142467,1.2258761154319633,3.294055747465262,0.5410616445288613,5.408133340823535,-18.225,0.54475,0.39474999999999993,0.9253125,0.8297499999999999,1.263,1.0150000000000001
8.51355,0.7104999999999999,10.665,6.21,248.25625000000002,0.09569860538992998,-20.67,12.8275,54.894999999999996,-54.894999999999996,1.9706168837315526e-07,27.44749767986355,47.540465880278084,27.447502433910003,47.54046313552808,-47.540465880278084,0.0,10530063.896097055,11820438.774046168,0.4031256292368541,0.40876053962022263,1.0692518518258245,1.3665037252954093,1.5720813710972454,3.91948220187952,8411469.021887846,20.133419499665372,8.658926182128384,0.3012308320758707,-0.02676260572803335,17.40325403151882,0.436782267195235,642155281.5413663,30.696964059627874,14629.788036583688,11917413.185632424,-7.415251058245564e-07,-4.999850045109604e-08,-15.66451268076533,30.71445167198348,104.0351952866182,104.04143093183649,73.54604394238874,69987.0495919366,79017832.6885752,1.2304313080977753,0.3785682092897066,1.3492294778975955,3.3177729158892855,0.3732749742162843,1.1676830605451591,3.281364671330315,0.5718926985284202,5.365335473140065,-15.925,0.17725000000000002,0.35275,0.7753125,0.11575,1.033,1.077
8.95105,0.8525,14.105,12.35,236.70625000000004,0.09808970094720601,-22.85,13.8075,46.745000000000005,-46.745000000000005,1.6780487517994615e-07,23.372498024323196,40.48235864056106,23.372502072558948,40.48235630331106,-40.48235864056106,0.0,12259370.97884916,17039659.722843062,0.40854397627919403,0.413299947065057,1.127905213763867,1.4398538129597656,1.6377518932179225,3.941194182835537,9302734.318002729,17.697942588498965,6.362515149576478,0.4115882498469286,-0.009829935444535361,13.479694653990302,0.7844796553416173,671598782.9806328,23.736876877573067,19776.033990786942,17136661.62326058,-7.860498602146669e-07,-5.125709892368841e-08,-16.922725688477005,23.747431293986626,105.27808002134752,105.27948670258311,77.67855453366704,66730.93651205696,76928637.04909872,1.0447359129030713,0.3828766939575851,1.4079834805029308,3.3342606745256766,0.3784188884503272,1.2322123042888076,3.2954922924572885,0.5323584658152987,5.412732111025417,-8.975,0.6752499999999999,0.15475,0.9290625,0.75275,0.753,1.205
7.28855,0.7605,12.785,13.31,236.40625000000003,0.09815307734033336,-21.73,18.7775,60.295,-60.295,2.164465707343e-07,30.147497451632624,52.21700319248324,30.1475026733328,52.21700017773323,-52.21700319248324,0.0,12732006.144942377,14627983.623487536,0.4085928447453652,0.4133256906468027,1.1295002920031312,1.4418302866926942,1.6395000024730235,3.941784880385669,9415219.838251721,25.14588335374465,7.578499174858567,0.7035009583626436,-0.018388269352946712,13.46084681078058,1.0799632753128372,742474158.0252529,20.723961380576696,17306.322887893417,14724940.88977611,-9.963042117333465e-07,-7.040349431069033e-08,-14.748751158143438,20.73375072396526,131.0706331550675,131.07734297556584,100.85178288498021,66646.3621463458,76871862.70477664,1.038274307463672,0.38299033306835106,1.409565483316268,3.334722872147528,0.3785531824753589,1.2339696902398596,3.2958924608130338,0.5300026316826406,5.413999778700591,-12.625,0.52075,0.19975,0.7990625,0.27675,1.151,0.751
7.74355,0.7895,13.525,9.43,244.91875,0.09635231183707553,-18.11,17.762500000000003,42.245,-42.245,1.5165080654565889e-07,21.12249821451563,36.585244213723435,21.12250187303995,36.585242101473426,-36.585244213723435,0.0,10990187.9785148,10410132.056665704,0.40478938177180057,0.4101631959918738,1.0856565715629831,1.3870618494225129,1.5906435194429576,3.9253927338657646,8759087.55819078,14.338820311458132,9.726984616795662,0.3239792029009718,-0.009221992137501262,11.981241892205027,0.5896101119779629,749523584.793079,29.5353663171552,13417.329064053447,10507170.975720491,-7.17336257219688e-07,-5.8004801116580084e-08,-11.626662859522682,29.545038020448377,73.83848913465641,73.84105235974381,54.1313546531156,69046.15977339994,78436747.81812304,1.1898012139651248,0.3797669057204266,1.3657811107193274,3.3222627155211124,0.3747245665099143,1.185711172728525,3.285179012384933,0.5704976288933724,5.378244617913904,-12.825,0.10675000000000001,0.36775,0.7934375,0.23825,1.405,1.2429999999999999
8.46105,0.7995,12.265,10.99,240.49375,0.09726581701480037,-17.71,16.677500000000002,60.345,-60.345,2.1662606038579206e-07,30.172497449519373,52.260304463892545,30.172502675549673,52.260301446642536,-52.260304463892545,0.0,11837282.86526119,13441341.019556733,0.40662277615347264,0.4116539775246186,1.1080473404024989,1.41506372523364,1.615700078073512,3.933580384435478,9008010.792576686,24.04082442784268,5.632273959249703,0.6089891165598409,-0.02035580574764529,14.787256463639803,0.8784815282429582,652852584.3028553,21.41416147664423,16174.755556293885,13538305.784040876,-9.071581201280382e-07,-5.959629056591569e-08,-12.25000255520906,21.425401361755448,119.56966506246252,119.57604346355164,87.72331630946702,67798.68787916034,77639022.29112984,1.1237769338743075,0.38138371093044,1.3882254011284108,3.328522337131067,0.3766636477508542,1.2103728048694544,3.290540143101668,0.5593688205232116,5.395882142241064,-14.075,0.42925,0.13375,0.9353125,0.8157499999999999,1.271,0.7789999999999999
9.14355,0.7615,11.365,10.95,237.60625000000002,0.09788972449764159,-16.65,14.682500000000001,47.245000000000005,-47.245000000000005,1.6959977169486697e-07,23.622498003190703,40.915371354654134,23.622502094727725,40.915368992404126,-40.915371354654134,0.0,10407316.412530512,10817616.900205556,0.4082932735168518,0.413117474595407,1.1231368174655627,1.4339346259832684,1.6325046601025375,3.939417006667445,8393704.111457217,16.07616915181226,12.824071344319618,0.32622777900724514,-0.015121035804488783,14.39107098884201,0.4426286258008162,786946641.7645748,34.766930917200355,13743.927984457225,10914632.912770413,-7.084376439003092e-07,-4.684268890446028e-08,-11.604961647458497,34.77215745880178,83.40088464279772,83.40267786707143,57.03514277660431,66984.65960919045,77099882.30814284,1.0642560993419246,0.3825353623606063,1.4032498603498151,3.332883178097894,0.3780153879675423,1.2269646762752437,3.294301826239107,0.5395806300490215,5.40892583528532,-4.325000000000001,0.19375,0.59425,0.8490625,0.65825,1.2429999999999999,1.113
12.713550000000001,0.8165,10.585,6.15,246.49375,0.09604180950907217,-20.59,7.1225,59.295,-59.295,2.1285677770445837e-07,29.64749749389761,51.350977764297106,29.647502628995245,51.350974799547096,-51.350977764297106,0.0,12368596.857778804,26217421.56958382,0.4038539911780049,0.40934680922919287,1.0778437173647026,1.3772639784072453,1.5817948835005393,3.9225114084861,9175186.694410361,23.00477810284861,7.751219965940759,0.510325062036695,-0.03207143243364558,26.172411934750492,0.6524215129745129,684705539.2203345,31.56605237251992,28629.287123981743,26314379.15749176,-7.330535341575498e-07,-2.971266963473806e-08,-17.25610777030324,31.58178654988846,158.0016303591471,158.00838735362652,105.73809148294315,69490.17519338353,78712523.05075002,1.2126505166341133,0.3791908986685867,1.357909923754968,3.320109370935725,0.37403167097282525,1.1771386564896908,3.2833487844186706,0.5737288297538524,5.371987530226586,-7.974999999999998,0.13825,0.27325,0.9346875,1.0082499999999999,1.379,1.169
8.35605,0.8905000000000001,13.105,11.95,247.99375,0.09574895596479165,-23.19,9.6775,60.545,-60.545,2.173440189917604e-07,30.272497441066374,52.433509549529774,30.272502684417184,52.43350652227977,-52.433509549529774,0.0,11991351.42857925,17273555.404145405,0.40311543087182783,0.4087268293959504,1.0705217039915482,1.3680753004806667,1.5735015561973402,3.9198912909359125,9134060.709087875,25.04648151693741,5.8525876124970635,0.6422853441127356,-0.019916330511033514,14.793982500369786,1.007348621913456,667726756.3748218,20.230206847022863,19884.611059410177,17370504.916230742,-9.79453542182417e-07,-5.635720938558193e-08,-18.219469964064714,20.242162732967543,143.46204481918946,143.46906643825764,110.35170440916158,69913.04702193932,78972984.1880644,1.2277748455295978,0.378659147420646,1.3505159929376291,3.318116272940349,0.37338605706489053,1.169082225681989,3.281655654428017,0.572156797494213,5.366297903563426,-10.075000000000001,0.59425,0.5537500000000001,0.8671875,0.31174999999999997,1.409,0.813
10.158550000000002,0.8155,14.435,13.81,245.78125000000003,0.09618099793517147,-20.55,17.1675,46.395,-46.395,1.6654844761950158e-07,23.19749803911594,40.179249740695916,23.1975020570408,40.179247420945906,-40.179249740695916,0.0,13020108.388288911,18270014.053432293,0.40425077013658894,0.4096892723162367,1.0813670274628668,1.3816788018636352,1.5857867452735612,3.923803205680286,9653921.419838203,16.875040654882692,6.119661775829716,0.39968101712826487,-0.008459429142461337,13.613330378898596,0.798063140374223,676950268.3212178,23.8884261404545,21014.404388888364,18367025.232986078,-7.646525947464219e-07,-5.0182122231729287e-08,-14.426944986472074,23.902279876352704,105.94964025638642,105.95088010044687,76.49747182256462,69289.31107481956,78588234.18179335,1.2029559606396985,0.37945635530094923,1.3614649393314724,3.3210828950873315,0.3743499571525507,1.1810055922151876,3.284175904513767,0.5727592262939276,5.374889394845985,-5.925000000000001,0.18775,0.41874999999999996,0.7796875,0.38525,1.077,1.391
11.908550000000002,0.7334999999999999,11.455,13.29,236.93125,0.09804020063772452,-17.05,19.6525,47.795,-47.795,1.7157415786127984e-07,23.89749797994496,41.391685340156506,23.897502119113376,41.3916829504065,-41.391685340156506,0.0,12680479.63437872,18654696.92769305,0.4085243837895806,0.41329789604534717,1.1267112722699104,1.4383769778880153,1.636444482992151,3.9407564766549403,9357358.709233247,16.115716247627002,12.706795388246816,0.43680655357618786,-0.013349488363717518,17.67351482710007,0.49809109566923376,794244009.7933241,37.27094610308851,21386.45175713387,18751712.029640995,-7.132132118922918e-07,-3.7121213321713004e-08,-11.7332693164132,37.28441033941507,104.97853110639016,104.97948857163176,71.12381398142809,66794.36728634035,76971520.22288455,1.0496006384767473,0.3827913733473975,1.406798157348488,3.3339149505272805,0.37831805958977277,1.2308969229929974,3.295193237422145,0.5341790696048117,5.411779834591221,-17.525,0.46975,0.33775,0.9821875,0.50775,0.987,1.385
12.25855,1.0105,11.275,6.45,236.33125,0.09816922870939633,-17.79,20.387500000000003,44.945,-44.945,1.6134324772623124e-07,22.47249810040017,38.92351286982601,22.472501992751347,38.923510622576,-38.92351286982601,0.0,12350369.946317084,19071446.10104096,0.40893643901139226,0.41366809927374865,1.1299066452755413,1.442379937414263,1.6399899118090908,3.942016196101472,9200794.39572476,13.321270444008912,20.312866412538636,0.47791244690498974,-0.022747785567124344,21.076597881517444,0.6657292317325826,1123553510.0593839,46.83662660804267,21823.65039010025,19168473.29395457,-5.891046283345357e-07,-3.33195963439606e-08,-12.560635894779454,46.83721456058681,98.53743207012602,98.53870475114455,63.592369589415014,66625.21855491803,76857499.9319777,1.0366623562550838,0.38301874203674274,1.4099613502349404,3.3348386779395414,0.37858674936930725,1.2344097017317335,3.295992778272221,0.5294139389293615,5.414316749738455,-8.174999999999999,0.13375,0.18925,0.8878125,0.40274999999999994,0.829,0.943
10.12355,0.9685,12.965,7.57,249.71875,0.09542267886843513,-22.41,19.7575,48.795,-48.795,1.7516395089112146e-07,24.39749793767997,42.25771076834265,24.39750216345093,42.257708328592635,-42.25771076834265,0.0,12913800.885763127,17366172.60552317,0.4024556257741441,0.40820806031684037,1.062194952436639,1.3576672703643562,1.5640611618717564,3.9169943437171724,9501842.272585236,17.51034097846164,6.829421477231958,0.3040703605160603,-0.014027504138672589,16.574028405072035,0.5769822224314938,615891364.1785154,27.2106186747793,20101.73669562985,17463169.80158157,-6.985896289556608e-07,-4.9421328626107394e-08,-15.893932530860406,27.22741054061435,108.68417625197831,108.6855013753658,77.30986827688501,70399.34962477851,79265737.20225209,1.2453207810976765,0.3780493628199131,1.3420789987134951,3.3158661922930093,0.3726439643289438,1.1599349799811671,3.279752467030317,0.5704451201516303,5.359797685159443,-0.3249999999999993,0.54925,0.30025,0.9890625,1.23925,0.9089999999999999,1.145
11.768550000000001,1.0695000000000001,12.615,6.73,243.83124999999998,0.09657048418508063,-19.91,19.0925,57.845,-57.845,2.0765157781118803e-07,28.922497555181838,50.095240893427196,28.922502564705788,50.095238001177194,-50.095240893427196,0.0,13651728.542941982,22462633.55073981,0.4050958051448334,0.41038216219236023,1.0910983543509396,1.3938338967505397,1.596738307249328,3.9273153877874005,9753397.003788546,22.505125315351606,5.303812064903603,0.4148659224890887,-0.020809498989854354,20.145730130504578,0.6668617199314825,593872801.2114136,23.665490830220275,24991.957630980676,22559602.571073838,-7.475044899950768e-07,-4.390868502880618e-08,-14.534095165639668,23.67766427829871,142.6419011959499,142.64832683042314,98.59458672042174,68739.57769769698,78243894.75106896,1.1733606986105978,0.38017042801386375,1.3712599593369172,3.3237783711623563,0.37520779305119933,1.1916955860407403,3.2864710293190917,0.5677671109005411,5.382661202181286,-6.324999999999999,0.21925,0.45325000000000004,0.9396875,0.60225,0.9209999999999999,0.897
9.96605,0.9615,13.235,6.57,243.60625000000002,0.09661625331334076,-21.53,7.6125,60.945,-60.945,2.1877993620369703e-07,30.47249742416038,52.77991972080423,30.472502702152205,52.77991667355422,-52.77991972080423,0.0,11973048.976814501,19782504.20843448,0.40516268831299745,0.4104310620470508,1.0922278674416672,1.3952421304197278,1.598001543279078,3.9277177752887384,9110707.003266528,25.171402007215125,5.237995304976519,0.6145845926742983,-0.022854784780520283,17.76149951796726,0.9287929274802068,641444230.7047192,20.064922638087673,22329.68260674056,19879455.132314943,-8.54046587762171e-07,-4.527666226478563e-08,-17.598489990089906,20.074937512404905,147.248743815229,147.2555191196561,107.79538613444234,68676.14692341362,78203788.4409371,1.1699757172491818,0.38025139792332374,1.3723945298794011,3.3240917873754015,0.37530531431651704,1.1929389897811624,3.286738699335339,0.5671984395442115,5.3835380197257185,-18.775,0.5822499999999999,0.10825000000000001,0.9303125,0.9207499999999998,1.389,1.431
11.85605,0.8535,11.585,12.09,246.56875,0.09602712621675763,-19.95,13.4225,44.695,-44.695,1.6044579946877084e-07,22.347498110966416,38.70700651277947,22.34750198166696,38.707004278029466,-38.70700651277947,0.0,11871780.907099728,18643599.991706505,0.40399911873712896,0.40950102335542127,1.0774802615867896,1.3768342625261507,1.5814095736151508,3.922430570387714,9047160.795793215,14.828810760596205,14.036138695814497,0.3516168340950789,-0.014488184823717458,17.745155230293296,0.43182423478583287,811031788.2631251,40.58907100436304,21399.958855917725,18740618.804487083,-6.898775030999411e-07,-3.377533248640842e-08,-15.258331992709572,40.6055999767171,100.33475523907927,100.33587354024408,68.69034367119194,69511.31878481132,78725493.57099617,1.2134033953755212,0.3791649199831104,1.3575395541721176,3.3200095174595448,0.3739999928551966,1.1767338499080662,3.283263799490904,0.5736516084336599,5.37171186141615,-12.125,0.26275,0.68875,0.9078125,0.5847500000000001,1.0030000000000001,0.701
8.181049999999999,0.8985000000000001,10.865,12.97,248.29375000000002,0.09569142593301384,-17.57,12.407499999999999,57.795,-57.795,2.0747208815969596e-07,28.89749755729509,50.0519396220179,28.897502562488913,50.05193673226788,-50.0519396220179,0.0,10641867.032894988,11637444.39542054,0.4030773874963095,0.4087147729563239,1.0690694852227176,1.3662709809064704,1.5718706228166157,3.9194110157979134,8483809.456342826,21.787350728166103,6.885064069481157,0.3614504382300205,-0.020528021178588814,14.539871778106171,0.4887412710158968,593889650.1699913,26.510920920401762,14443.196117035435,11734415.696434299,-8.384504672088281e-07,-5.2516371620301644e-08,-12.804209988331944,26.52713866939268,107.71941129290735,107.72560941570369,74.65587350662129,69997.62138765049,79024232.54677126,1.2308111203778629,0.378555214904403,1.3490457925305646,3.3177239377568917,0.37325910126603257,1.1674834465335593,3.281323191302231,0.5718550559217779,5.3651979782174966,-7.324999999999999,0.34825000000000006,0.66775,0.8946875,1.13775,1.419,0.949
10.05355,0.7555,11.525,8.99,239.18124999999998,0.09754514005571135,-18.07,7.4025,42.495,-42.495,1.5254825480311928e-07,21.247498203949384,36.80175057076997,21.24750188412434,36.801748446019964,-36.80175057076997,0.0,9712405.696355507,12624415.10136029,0.4077810902803504,0.41272409360933987,1.1148605571069523,1.423653707477646,1.6233520163580772,3.936323833099843,8141459.931313275,13.80734004551,18.9482889244562,0.3187273691028946,-0.019712168437017376,15.924965604808538,0.4297117325003681,996566142.0452625,42.6070428242807,15550.085563431638,12721446.840254622,-5.511779050373533e-07,-3.311781277034288e-08,-14.43164310825047,42.5627721840856,79.92257634488078,79.92400995526685,51.14299171209641,67428.67502917402,77395842.43599275,1.0988776716088873,0.38193752586681523,1.3950132836854627,3.330506261302715,0.37730795242496123,1.2178700177589212,3.2922548711272004,0.5520550746699686,5.402269743277588,-5.875,0.30025,0.61075,0.7834375,1.21125,1.267,1.471
8.89855,1.1015000000000001,12.705,6.79,239.51875,0.09747248476587365,-20.29,11.987499999999999,46.145,-46.145,1.6565099936204118e-07,23.072498049682185,39.962743383649375,23.072502045956412,39.962741076399375,-39.962743383649375,0.0,10760884.005474972,13015236.360280655,0.4073230334474717,0.4122865691003932,1.113091368949639,1.42140847438057,1.62134358727084,3.9355838772105893,8602237.976369565,16.66640478822888,8.758775024371097,0.30029727801938216,-0.013471026383776277,14.924930861381602,0.555467352248269,696102981.5844291,28.469297043593524,15875.816516263427,13112246.595882857,-6.829969092761855e-07,-4.62256206880889e-08,-15.342213605992322,28.480199700597908,89.7492937963419,89.75109615690009,63.754773810279964,67523.82119059909,77458611.91416965,1.1063733738181494,0.3818092972756223,1.3932560429215226,3.330002376556131,0.377156107295485,1.215935688594502,3.291822106539443,0.5547369644290966,5.400843541096599,-13.875,0.19825,0.5477500000000001,0.9971875,1.06775,0.873,1.489
9.30105,0.7444999999999999,10.635,7.63,236.59375000000003,0.09811365353237417,-18.03,13.912500000000001,54.495000000000005,-54.495000000000005,1.9562577116121866e-07,27.247497696769546,47.194055709003635,27.24750241617499,47.19405298425363,-47.194055709003635,0.0,10776687.432594856,12866078.767569568,0.40866392664514123,0.4134127327435679,1.1285049528805065,1.4406123361847973,1.6384244241701917,3.9414453220615018,8498375.08858468,20.17826263166155,9.693406110030907,0.34924645377096086,-0.02409316837142722,17.949068481722946,0.4699167120427156,682400777.0429091,31.01278331532441,15653.277206980862,12963061.188712679,-6.930504108012732e-07,-4.474620962185225e-08,-13.369157572381075,31.024749209649272,104.66886268840831,104.67463415318622,70.77387245152023,66699.22112491526,76907144.07721367,1.0423103713973807,0.38291931010797703,1.4085764939207943,3.334433816100711,0.3784692547793194,1.2328708551912582,3.295642155430612,0.5314744126486304,5.413207424724126,-9.675,0.40074999999999994,0.49975,0.9340625,1.09225,1.0270000000000001,1.005
7.90105,0.7484999999999999,14.085,8.49,247.76875,0.09579209388590132,-22.73,14.2975,43.695,-43.695,1.5685600643892922e-07,21.847498153231403,37.84098108459334,21.847501937329405,37.84097889984333,-37.84098108459334,0.0,11426131.621855611,13807676.699578859,0.40336521842283196,0.40896127781478103,1.0716176199192389,1.3694714756989572,1.574764135167176,3.9203205556905543,8967379.39370572,15.634112057174038,7.23682685886596,0.3580142935637426,-0.009701089620903415,12.904485637915013,0.7136500289466768,687445882.7933202,25.96321145379601,16678.45998580724,13904693.509056024,-7.60013454097616e-07,-5.61154976397074e-08,-16.46152291926234,25.978148424723777,89.87565092606741,89.87773642681948,68.19613512245617,69849.61624765595,78934598.39755115,1.225500894247948,0.37873708585610455,1.3516200367399527,3.318411376425623,0.3734812351918712,1.1702837944313385,3.281905895324895,0.5723839933352761,5.367123042934978,-6.074999999999999,0.6812499999999999,0.30625,0.7540625,0.31875,1.321,0.871
9.63355,1.0715000000000001,13.435,7.51,249.38125000000002,0.09548612245026297,-21.23,16.5725,44.795,-44.795,1.6080477877175502e-07,22.397498106739917,38.79360905559809,22.397501986100714,38.79360681584809,-38.79360905559809,0.0,12022001.822667358,15463382.70970026,0.40268050297536223,0.40840690113887246,1.0638175623538875,1.3597091866105597,1.5659163306175599,3.917580304915724,9173170.871626474,15.766184406890666,7.798435068448372,0.2907366846872224,-0.011146525543384248,15.080105312678343,0.6090535499198203,675056883.4112566,28.058294626399313,18295.653514031386,15560399.368948108,-6.64617841327527e-07,-4.759477035169873e-08,-15.291588996251006,28.074525687251306,94.37693834382524,94.37846448016339,67.20055073801888,70304.20346335345,79208803.74652056,1.2418800600302853,0.3781662983944228,1.343721996341416,3.316300782492652,0.37278702155362964,1.161713812302735,3.2801193660565837,0.5707775231683613,5.361032292454356,-10.925,0.43074999999999997,0.33925000000000005,0.7978125,0.10175000000000001,1.065,0.715
10.63105,0.7184999999999999,11.655,6.87,247.39374999999998,0.0958658154463209,-19.97,15.8725,46.295,-46.295,1.6618946831651743e-07,23.147498043342438,40.0926471978773,23.147502052607045,40.09264488312729,-40.0926471978773,0.0,11369598.037308881,15080417.939419841,0.4036741478564208,0.4092429270866268,1.0734519805175027,1.3717869263780136,1.5768626866691386,3.921011499861818,8810285.599761885,15.569289232074585,12.259892159368418,0.3032007186840916,-0.017137073239728174,17.771194477498582,0.40831236598143505,763907960.4739077,36.40334767480915,17908.22043592476,15177430.392747525,-6.237261610565786e-07,-3.9731830410397654e-08,-14.768065090152968,36.41779806048905,94.8063256108046,94.80766231497859,63.562937815973484,69743.898290517,78868264.01744531,1.2216929773505747,0.37887921595120033,1.3534746325105955,3.318916755368463,0.3736514055079439,1.1722967574819896,3.282334806616967,0.5727588666151525,5.368683112632064,-11.425,0.46525000000000005,0.36324999999999996,0.7503125,0.15425,1.495,1.053
10.73605,0.9155,12.435,13.39,244.76875,0.09638243604941191,-21.89,13.6675,47.045,-47.045,1.6888181308889862e-07,23.522498011643698,40.7421662690169,23.52250208586021,40.7421639167669,-40.7421662690169,0.0,12084870.07055234,17589509.58341599,0.4047616944249587,0.4101219879700559,1.086402052644456,1.3879789092819488,1.591468271215685,3.9256309606890207,9148531.585105075,17.09087784419978,8.101738257561308,0.2743751256108637,-0.011733738320043135,15.361923032926615,0.4829358369341929,632820130.4633515,29.77047978803552,20327.5376044855,17686512.515642226,-7.425389654477573e-07,-4.238542131949073e-08,-16.484398927868018,29.78558838644791,105.87127499060422,105.87246124607661,73.37371465874904,69003.87259054436,78410198.15530054,1.1875277703186233,0.37982082430180936,1.366533402024613,3.322468964841246,0.3747895972908251,1.1865327714737943,3.285354621813289,0.5701183505501195,5.37882746388767,-13.674999999999999,0.51175,0.22675,0.8753124999999999,0.25575000000000003,1.293,0.9690000000000001
6.79855,0.7585,12.305,11.49,248.93125,0.09557127740993573,-18.65,19.302500000000002,61.445,-61.445,2.2057483271861783e-07,30.722497403027887,53.2129324348973,30.722502724320982,53.212929362647294,-53.2129324348973,0.0,11815508.732735278,11193721.622056272,0.4027031452444431,0.4083899011752728,1.0659802716889717,1.3623919595374854,1.5683495511995402,3.9182935252600037,9025429.583579857,24.158721587141933,6.894025912666643,0.7317746394571156,-0.02086025538597525,13.066385858980999,1.0441211579928165,714278226.9807444,20.61531595042527,13983.253952322208,11290682.194785751,-9.857990521723095e-07,-7.559274340890652e-08,-11.89569169756499,20.62923741344013,115.9742062319271,115.98114211346784,88.87490420849547,70177.34191478671,79132549.841909,1.2373016268891375,0.3783221937660313,1.345916764467176,3.3168827400099943,0.3729776628410847,1.1640929498938068,3.2806111856258635,0.5712230731360359,5.362679265170637,-5.674999999999999,0.16375,0.11125,0.8759375,1.12025,1.489,1.411
12.90605,1.0865,10.885,8.31,242.21875000000003,0.09690224490018136,-17.93,19.6875,53.795,-53.795,1.9311291604032952e-07,26.897497726355038,46.58783790927334,26.897502385138697,46.587835219523335,-46.58783790927334,0.0,13490395.926967619,24565150.312186465,0.4059028876921425,0.41106614520220824,1.099237933421727,1.4040347596195797,1.6058714128414102,3.930316227395818,9648837.50276262,18.996113005837508,10.35343704336266,0.550783376102371,-0.021593479288169792,23.844768485528057,0.6786109181408362,798047341.1031017,35.35610083234168,27090.474082525492,24662138.34781657,-6.81504453829012e-07,-3.2793858609071406e-08,-13.044672518484411,35.37280382146378,133.57908413742243,133.58525681589538,87.79409421581927,68284.99048199953,77954333.16061032,1.149240749267676,0.3807506287517866,1.3794176234773112,3.3260421285388118,0.3759061065533529,1.20065541369637,3.2884080927246417,0.5637141985548334,5.388950534224799,-12.524999999999999,0.26575,0.28525,0.9134375,0.61625,0.955,1.2469999999999999
9.23105,0.8365,11.195,9.969999999999999,248.63125,0.09562714968984645,-17.310000000000002,16.2925,56.345,-56.345,2.0226688826642562e-07,28.172497618579317,48.79620275114799,28.17250249819946,48.79619993389798,-48.79620275114799,0.0,11280858.398035042,12855455.187274575,0.4029348104648476,0.4085995465131728,1.0674372103464604,1.364226642737938,1.5700199932453902,3.918837562004442,8735198.552753743,20.746335922479773,7.063364010186748,0.37389068660723324,-0.02100314194148622,16.237776860710934,0.497056199790469,603735940.1999183,27.110879858389065,15651.018265472558,12952433.796937037,-8.07435180159096e-07,-5.108995155885454e-08,-12.149279948352104,27.12752471559528,107.63301199337904,107.63908347997108,75.21477279932351,70092.76754907555,79081596.46805069,1.2342324178524546,0.378438296325605,1.3473943274607876,3.3172841199111733,0.3731162295481181,1.1656893165450288,3.2809508051973904,0.5715171129223233,5.363961325496892,-18.375,0.46225000000000005,0.50875,0.9234375,0.42725,1.387,1.379
12.55605,0.9815,14.115,13.91,237.04375,0.0980150369984994,-20.63,20.0725,59.045,-59.045,2.1195932944699798e-07,29.522497504463857,51.134471407250565,29.522502617910856,51.13446845500056,-51.134471407250565,0.0,15360677.836370591,27155990.30663527,0.40828644266682995,0.41306542442964933,1.126110276627964,1.4376003883508466,1.6357537271425004,3.940475094017421,10536897.52179152,24.163658735863127,7.744249908203805,0.6292111035712077,-0.014595078103043816,17.413411570179736,1.0146688254138698,708739898.8062602,20.898761620451303,29547.399877211665,27252954.34362993,-8.806246934785389e-07,-4.861482102772684e-08,-14.742649748649425,20.907269264381316,162.07483426765796,162.08173627446033,116.67790778577105,66826.08267348201,76992949.73238017,1.052035477279302,0.3827487332277369,1.406206052372904,3.333742462052724,0.37826765515461647,1.23024013593116,3.2950440918827395,0.5350648137864511,5.411304389450296,-10.625,0.16075,0.41725,0.8621875,0.74575,0.7689999999999999,1.217
11.92605,1.0895000000000001,13.185,7.390000000000001,245.81875000000002,0.09617358746195438,-16.83,18.1825,58.745000000000005,-58.745000000000005,2.108823915380455e-07,29.372497517143355,50.87466377879473,29.37250260460959,50.87466084154472,-50.87466377879473,0.0,13550117.015000178,22554178.733278193,0.40417364810096806,0.4096139857253558,1.0811798257901424,1.381435682678337,1.585566706872958,3.923717618661804,9750369.665268369,22.7371358204656,5.189605552951226,0.5890849703489356,-0.018759631403008466,19.40768732170887,0.8698412732737157,655144823.15693,21.601553637417645,25093.13469585276,22651151.184701666,-7.458993623261526e-07,-4.26820819271772e-08,-12.060726307674068,21.613083235715635,141.95291924415807,141.9592313088152,96.53340979820248,69299.88287053343,78594801.72873265,1.203529584346874,0.3794428610393926,1.361277731813276,3.321031873616149,0.3743336681762585,1.1808017136563627,3.284132565470783,0.5728540651895978,5.374743736303528,-3.7250000000000014,0.32125000000000004,0.51925,0.9559375,0.6197499999999999,0.7729999999999999,1.467
7.55105,1.0335,11.745000000000001,8.09,246.00625,0.09613660074442064,-18.490000000000002,8.557500000000001,52.695,-52.695,1.8916414370750373e-07,26.34749777284652,45.63520993826859,26.347502336367388,45.63520730351858,-45.63520993826859,0.0,9644486.521852694,9823536.189552711,0.4041638588586902,0.4096203700767107,1.080253073406859,1.3802910503457193,1.5845333233731358,3.9234133014896524,8097501.312665034,19.439382342881704,7.415979081992644,0.3728130691253572,-0.018805567615947347,13.948182232253282,0.6111796937138617,663539537.347142,25.83854374412189,12707.156447641955,9920521.637186417,-8.027856225823218e-07,-5.389607719972683e-08,-14.209413004563803,25.85317490635267,92.86124256770532,92.86783809192353,68.12070340678878,69352.74184910291,78627601.69486748,1.2064000101005001,0.37937538871784093,1.3603420133734319,3.3207770466340634,0.374252218939567,1.1797832878039276,3.2839162208799957,0.5733282649644083,5.3740156203469045,-16.925,0.22525,0.41574999999999995,0.8190625,1.17625,0.833,1.473
13.37855,0.9295000000000001,13.875,7.17,241.01875,0.09715389276638675,-23.39,20.4575,57.095,-57.095,2.0495923303880682e-07,28.547497586880578,49.445721822287595,28.547502531452626,49.44571896753759,-49.445721822287595,0.0,15489237.686056482,30386898.602385323,0.40636339306203967,0.41143405275907186,1.105356925387009,1.411685337632812,1.6126969483646507,3.932565568022971,10571968.280887237,22.81814606685303,4.45287710243147,0.4381776966739344,-0.017731972786151767,20.922050686068008,0.7427510535064963,564220276.3682041,22.38174384235546,32706.87472822364,30483863.02845703,-7.583049228217537e-07,-4.2919707690777384e-08,-17.43871218421045,22.391067633855695,165.11493865057062,165.12202462339937,115.57483754815544,67946.69301915487,77735462.64142455,1.1314891074751685,0.38119480340306244,1.3855410435918556,3.3277660940214995,0.3764368214302355,1.2074031328959358,3.2898888761939453,0.560692280242318,5.39382715258862,-15.274999999999999,0.26875,0.25075,0.8246875,1.1587500000000002,0.923,1.0190000000000001
9.40605,0.9145000000000001,13.395,10.21,246.71875,0.09599753987932248,-19.990000000000002,14.962500000000002,49.695,-49.695,1.783947646179789e-07,24.847497899641482,43.03713365371017,24.84750220335473,43.03713116896016,-43.03713365371017,0.0,11880622.562218511,15203330.488402039,0.40380732950512266,0.4093191800354022,1.0767433047964439,1.3758918414295123,1.5805607149725345,3.9221382555767406,9101431.259489449,18.195425572727352,6.20813166994143,0.39615863324982226,-0.012404092173633259,14.40280581899931,0.7209219700050976,649820622.0080597,24.061402192222587,17986.79291157604,15300327.440325618,-7.821002076790873e-07,-5.1363936749585336e-08,-14.482208557970514,24.075887660290757,104.67804125207998,104.67965213907394,76.34514812002169,69553.60596766691,78751626.9414825,1.2149073775245975,0.37911295154043395,1.3567992632575299,3.319810063347407,0.3739366156641318,1.1759249226212436,3.2830940791436674,0.5734958727542749,5.37116048568179,-15.125,0.25225000000000003,0.44725000000000004,0.8009375,1.2637500000000002,1.355,1.421
9.948550000000001,1.0675000000000001,12.765,8.23,249.26875,0.09550736010475429,-21.07,13.7025,42.995,-42.995,1.5434315131804008e-07,21.49749818281689,37.234763284863035,21.497501906293117,37.23476113511303,-37.234763284863035,0.0,11369058.759213768,14881656.35357247,0.40282854059009643,0.4085475514046178,1.0643608786653869,1.360403429815193,1.5665469345597158,3.9177947871640804,8878176.21325313,14.89281723756372,10.522590489607603,0.27012566679851585,-0.012065764109463258,15.471440333762455,0.5036949265395346,739454730.8188109,32.984319898522834,17748.363167255615,14978680.835690575,-6.226542281151523e-07,-4.1506691104444516e-08,-15.770068014770468,32.99866024269166,88.68121498522288,88.68268224309766,61.01231878493786,70272.48807621175,79189769.10567828,1.2407342834512725,0.3782052681942238,1.3442702394135335,3.3164459965031337,0.3728346865843431,1.1623077900546475,3.280242031970757,0.570888438796871,5.361443853048592,-9.475,0.6902499999999999,0.25675,0.9871875,1.24275,0.941,1.465
8.54855,0.9535,14.425,8.89,236.36875,0.0981611472599584,-19.13,17.8675,61.144999999999996,-61.144999999999996,2.1949789480966533e-07,30.57249741570738,52.95312480644145,30.572502711019716,52.953121749191446,-52.95312480644145,0.0,13001208.70372388,16446881.775773939,0.40860212225633225,0.41333209597940407,1.129699961255985,1.4420777074417706,1.6397186315742043,3.9418575601967047,9582081.697759248,25.07153512569151,9.474578754530048,1.1197798234559277,-0.01743055938861783,14.312721236393124,1.723395742549552,1131977140.4500685,17.735438276239623,19087.47676974645,16543841.602183139,-9.562945004298307e-07,-6.728154053717276e-08,-13.217770826202454,17.74345028919778,133.80733946881122,133.81400905052848,103.49302299382346,66635.79035063191,76864682.45298369,1.037468134759364,0.383004537210196,1.4097633911809684,3.3347807601790818,0.3785699665095842,1.2341896779428299,3.2959426085004204,0.5297082631306479,5.41415825729434,-6.475,0.66025,0.22225,0.7871875,0.8507499999999999,0.839,1.091
9.511050000000001,0.9875,10.745,13.99,248.66875,0.09562000538747004,-23.99,19.4775,59.545,-59.545,2.1375422596191877e-07,29.772497483331364,51.56748412134364,29.772502640079633,51.56748114409363,-51.56748412134364,0.0,13225667.170063863,17652149.082260318,0.4028471158246139,0.40851354131588186,1.067254570031636,1.3639866431509367,1.569802166842713,3.918751847524052,9517303.096988685,23.59988001602174,6.1917206229742625,0.2765877482836782,-0.02276707416460248,16.89612891264435,0.41118501216520253,521303231.5106148,28.78740754041787,20269.291516911824,17749104.117084764,-9.00087932300303e-07,-5.3094513090207785e-08,-17.186234402960032,28.80417183552386,139.34613023050136,139.3526866070878,99.10582696020664,70103.33934478942,79087977.34764645,1.2346130430153939,0.37842530363417237,1.3472109990672128,3.3172353520239293,0.3731003487504091,1.1654902341526345,3.2809095288324626,0.5714796928647534,5.36382393569785,-3.9750000000000014,0.6197499999999999,0.5972500000000001,0.9784375000000001,1.11325,1.0150000000000001,1.149
8.60105,0.9625000000000001,14.475,7.95,239.03125000000003,0.09757757250860652,-17.97,18.0425,50.095,-50.095,1.7983068182991555e-07,25.047497882735485,43.38354382498462,25.047502221089747,43.38354132023461,-43.38354382498462,0.0,12246897.238522353,14430422.389803745,0.40743796754411854,0.41236381221888446,1.1156369531031218,1.4245619409944497,1.624158412284461,3.9365144400758196,9311746.741540426,18.479087938455326,9.416664813505735,0.7901106289579722,-0.011227063625644958,13.62582836799246,1.2513355619244086,882155283.1551374,20.93033544757916,17233.85023704662,14527424.232873995,-7.603613659861982e-07,-5.8044249214710574e-08,-12.087633436667614,20.940851778630915,100.32893862629737,100.33498317648525,73.86761927455332,67386.38784631844,77367864.98052208,1.095554886533397,0.3819944946356519,1.3957951296666444,3.3307308112509877,0.37737540374418344,1.218731367435437,3.2924478650526714,0.5508640819343316,5.4029035060119055,-14.375,0.37975000000000003,0.6452499999999999,0.8734375,1.04675,0.9730000000000001,1.479
6.62355,0.7935,13.825,11.33,244.88125,0.09635982309860242,-18.21,15.2075,53.695,-53.695,1.9275393673734534e-07,26.847497730581534,46.50123536645472,26.84750238070494,46.501232681704714,-46.50123536645472,0.0,11222338.575862002,11444134.856284937,0.40460465607882773,0.4099720167149673,1.0858387870000228,1.3872600978815948,1.5908204518151976,3.925403087824505,8877031.132460237,20.237859117505884,6.583109295087686,0.8153726814626102,-0.013022463047130601,11.782225052429757,1.241869118948144,812348038.0505929,20.04150117893392,14286.95209611059,11541120.433480013,-9.170915180337946e-07,-6.871116053899116e-08,-12.313335873413022,20.05406502110085,102.05419116384718,102.06088965209588,78.86757219787425,69035.58797768605,78430123.87540454,1.1892316311990994,0.3797804060485868,1.365969179048701,3.322314271534552,0.3747408454663064,1.185916520895712,3.285222903227657,0.570402865770147,5.378390559938615,-3.2250000000000014,0.68875,0.57775,0.9965625,1.39325,1.173,1.127
11.89105,0.8945000000000001,11.805,8.190000000000001,239.85625000000002,0.09739969572921682,-20.75,10.0975,52.795,-52.795,1.895231230104879e-07,26.397497768620024,45.7218124810872,26.397502340801143,45.72180984133719,-45.7218124810872,0.0,12398125.126548465,22954470.957215115,0.40704856167443415,0.41203512377512447,1.111330064630584,1.4191977958844373,1.6193656091208937,3.9348866750818634,9253080.197204087,19.956499297789954,7.494773476563614,0.37093700231339,-0.019232972683249607,21.160627597028714,0.5343919726752644,618235084.2401764,29.355888303445646,25495.62744392038,23051451.4662858,-7.159661454260272e-07,-3.2725472082005695e-08,-16.785831841937277,29.369298518110416,131.66152724854396,131.6678210977659,90.69323404267456,67618.96735202415,77521575.39323696,1.1138881940647867,0.38168115122950275,1.3915018268149286,3.329500555755233,0.3770042903572587,1.2140065711929806,3.291391488059334,0.5573536231827296,5.399419634361458,-5.274999999999999,0.10075,0.41125,0.8471875,1.37575,0.721,1.0230000000000001
9.58105,0.8295,12.155000000000001,10.25,238.76875,0.09763452278468945,-21.17,14.6475,57.995000000000005,-57.995000000000005,2.0819004676566428e-07,28.997497548842095,50.225144707655126,28.997502571356424,50.22514180790512,-50.225144707655126,0.0,12211936.133309128,16586079.40725518,0.4075050906215811,0.41241072458591976,1.1170111735239445,1.4262652092254953,1.6256769238697433,3.937018168118565,9143115.014976013,23.368556833537447,5.522649056878619,0.39469987310970944,-0.020603782401885675,16.52489041797956,0.6409685945025236,581155249.494924,23.50130966622665,19237.198620119798,16683043.161742525,-8.641335393581376e-07,-5.138173526186735e-08,-15.827759001838057,23.512664045675603,129.41720641223776,129.4236228176256,94.48099807584198,67312.38527632118,77318798.99603538,1.0897529196670204,0.38209419046414644,1.3971647070776647,3.3311247126089887,0.37749341917204626,1.2202411297875178,3.292786593208115,0.5487812842477483,5.404012915334422,-11.325000000000001,0.33175,0.55075,0.8784375,0.9907499999999999,1.119,0.747
11.698550000000001,0.9895,12.275,6.77,235.16875000000002,0.09842504300826174,-22.39,15.697500000000002,54.394999999999996,-54.394999999999996,1.9526679185823446e-07,27.197497700996042,47.10745316618502,27.197502411741226,47.10745044643501,-47.10745316618502,0.0,13033671.436454073,21771156.077150967,0.4092563551738109,0.41390085841328517,1.1361237897419583,1.4501067022629481,1.646807332332281,3.9443680525550957,9479006.062822226,21.424104520823132,6.314878656537434,0.3294283436454757,-0.020021104664376496,20.127194519714166,0.566537394142824,591001384.6634972,26.045184771422058,24315.98687672632,21868129.67969519,-7.181388747162206e-07,-4.081592257663532e-08,-17.173897074549455,26.055943462626825,134.3389421402633,134.34527323290718,92.58579592139384,66297.49288778727,76633480.73054904,1.01185020419773,0.38345878862706523,1.4161141139607636,3.336646235845068,0.3791064508052448,1.2412627090219281,3.2975615146652637,0.5203103607854953,5.4192297875779945,-10.375,0.24625,0.47875,0.7959375,1.37925,1.159,1.369
10.29855,0.8955,13.305,13.870000000000001,238.88125000000002,0.09761008432673488,-16.990000000000002,16.747500000000002,42.595,-42.595,1.5290723410610346e-07,21.297498199722888,36.88835311358858,21.297501888558095,36.88835098383858,-36.88835311358858,0.0,11664653.840627952,13990242.008700196,0.4077124729342336,0.41263038496820187,1.1164270717641096,1.4255753282008765,1.6250646956541317,3.9368667428959845,9031173.726902869,14.811025280023486,10.100268267223102,0.3207214377465054,-0.008183695930453034,13.151176710413438,0.5411443138524412,752945100.6669804,30.350456699139873,16902.52635502006,14087281.565435037,-6.777813515265564e-07,-4.465922452003629e-08,-11.442208235614745,30.358682020139586,83.20558132567548,83.20699633038645,56.57053202010842,67344.10066346287,77339844.5105901,1.0922374882636836,0.38205146949153057,1.3965775493583183,3.3309557589156995,0.37744285011716505,1.2195937090386841,3.2926412728341297,0.5496736861269259,5.40353749077563,-12.275,0.47575,0.45625000000000004,0.8371875,0.8017499999999999,0.849,1.057
7.69105,0.8575,12.355,6.05,236.96875,0.09803180807873278,-17.53,7.0875,43.195,-43.195,1.5506110992400843e-07,21.597498174363896,37.407968370500264,21.597501915160628,37.40796621075026,-37.407968370500264,0.0,8941927.9369412,8962729.523235992,0.40868804640806783,0.4134671748345129,1.126515623957951,1.4381608252171931,1.6362554709604615,3.9407344806303453,7852299.339189084,15.166341793030025,12.476303009749694,0.30531501720834253,-0.013784920824946015,13.201437982834877,0.5038750007071588,824310478.2849226,32.420409726350876,11968.13403830269,9059758.891037073,-6.51720740129864e-07,-4.524339440764665e-08,-13.696320735562699,32.419286900437434,71.92456521488027,71.92730443284728,51.32630012747187,66804.9390820542,76978665.76723102,1.0504119207115359,0.3827771525298554,1.4066007613166593,3.3338574252926843,0.3783012518111961,1.2306779411559685,3.2951434917107116,0.5344742750567428,5.411621226657283,-13.375,0.6992499999999999,0.6962499999999999,0.8553125,0.23124999999999998,1.099,1.365
8.21605,0.7685,11.005,13.93,244.28125,0.09648060004188644,-22.37,13.0725,52.095,-52.095,1.8701026788959876e-07,26.047497798205512,45.1155946813569,26.047502309764855,45.115592076606895,-45.1155946813569,0.0,11154281.287392527,13311648.77438081,0.40494411461946883,0.41026594573115727,1.0888369399941182,1.391019182712032,1.5942030566520844,3.9265072082385437,8707542.679041082,19.504827916975348,8.576393257342719,0.2567064126490855,-0.016940329061056372,14.331426145543828,0.4419048443202369,636294707.8683233,30.91615932801446,16095.52613376608,13408629.54632738,-8.359733503665348e-07,-5.031621102924842e-08,-16.639522607541842,30.931740124301793,106.17512614741034,106.18123102234901,74.8144249854981,68866.43924626373,78323808.17328659,1.1801466930889946,0.3799962409221736,1.3689822739939157,3.3231418744871086,0.37500104856492267,1.1892097325344624,3.285928049324065,0.5688866933597829,5.380724590662345,-9.575,0.47875,0.19825,0.9015625,0.63025,1.103,1.283
13.13355,0.8345,12.745000000000001,11.27,249.04375000000002,0.09554993853817308,-20.47,19.862499999999997,59.945,-59.945,2.1519014317385542e-07,29.972497466425366,51.91389429261809,29.97250265781465,51.91389129536808,-51.91389429261809,0.0,15719468.539986068,31953577.422520567,0.4026428938566944,0.40833841628371653,1.0654378324972607,1.3617092912149142,1.5677301795235075,3.918092957073587,10676741.757979581,23.449901615655822,5.0172227591557,0.46329393512797135,-0.019381632300072945,22.052664440993215,0.685167129187843,588950151.0113728,25.07003481816113,34239.31707477203,32050538.912547577,-8.086846716619384e-07,-3.832022323536374e-08,-15.175910652867397,25.082318791052767,174.26072182014934,174.2679008314295,122.36147244424285,70209.0573019284,79151641.37032227,1.2384451182846203,0.3782832210250996,1.345367624125824,3.316736979022688,0.37293001286476063,1.1634973786884335,3.2804879487225165,0.5711113009218347,5.362267421350573,-3.8249999999999993,0.13525,0.57175,0.9228125,0.18225,0.8029999999999999,0.837
11.71605,0.8675,13.145,12.95,238.80625000000003,0.09762637143421526,-19.15,15.7325,48.695,-48.695,1.7480497158813728e-07,24.347497941906468,42.17110822552403,24.347502159017175,42.17110579077402,-42.17110822552403,0.0,12634800.581823071,19155478.996875953,0.40758462905924975,0.41249445997990386,1.1168165860910244,1.42603658815231,1.6254741235225993,3.9369688995382366,9394657.774542239,18.00984737043529,6.962404661580577,0.34838255672961144,-0.010990680159100966,15.819010951233322,0.6032035254074011,645181843.2942147,26.147118311339927,21848.126022049197,19252482.684398495,-7.354865337294858e-07,-4.1814733048464855e-08,-13.981177040519265,26.159294266646725,111.42656004432416,111.42757448954485,76.73338107024746,67322.95707203509,77325817.03094907,1.090580750899298,0.382079942726046,1.3969689595051518,3.3310683661614617,0.3774765560547364,1.22002525500103,3.292738120549534,0.5490787138034052,5.40385431472283,-14.125,0.49524999999999997,0.35124999999999995,0.9359375,0.25925,0.7709999999999999,1.119
11.43605,1.0135,13.254999999999999,10.870000000000001,237.23125000000002,0.09797319192233418,-23.75,15.3125,48.445,-48.445,1.7390752333067689e-07,24.222497952472715,41.954601868477496,24.222502147932786,41.95459944622749,-41.954601868477496,0.0,13443696.488728095,22336978.407795213,0.408315091668653,0.41310943567844294,1.1251185603209928,1.43638068432487,1.6346736219850628,3.9401260552741295,9737780.493953435,18.530217925155267,6.551661008986377,0.28468189766094887,-0.01246956909645343,17.317207831880538,0.6198288789886821,628002304.2174335,26.256046319883477,24921.925653104747,22433971.478140734,-6.906622445223525e-07,-4.0979104221909046e-08,-18.072517382385875,26.26747550603576,122.02878302043926,122.02965590775075,84.2466689616887,66878.94165205151,77028617.48044948,1.0561002261347348,0.3826776477468159,1.4052198835167853,3.3334554624557238,0.37818361690285895,1.229146737748292,3.2947960330436863,0.5365419081645016,5.410511864894154,-4.775,0.40825,0.5882499999999999,0.9621875,1.35825,1.277,1.487
10.00105,0.9265000000000001,13.555,6.47,239.70625,0.09743202563432767,-18.59,11.8825,42.045,-42.045,1.5093284793969056e-07,21.022498222968633,36.41203912808621,21.022501864172444,36.4120370258362,-36.41203912808621,0.0,10766890.268344633,14070240.993363257,0.4073553349548036,0.4123344870465001,1.1121162150710469,1.4202109473081335,1.6202740430083424,3.9352448536805835,8662003.981947526,14.808783154822255,9.558774391516184,0.29575621736240315,-0.01003873707255373,14.74122420671538,0.5326670122401601,720071251.8247225,29.353080710808666,16970.675976681006,14167276.268274251,-6.115591531108599e-07,-4.0394391184762436e-08,-14.048086968550711,29.3620751098755,83.4254205523968,83.4269657614931,57.84678532922416,67576.68016916855,77493602.92644687,1.1105490730948426,0.3817380438505215,1.3922809727244416,3.329723265005815,0.37707171513190485,1.214863308060049,3.2915825748948833,0.5562309606907279,5.400051226933066,-4.375,0.34075,0.31525000000000003,0.8765625,0.49375,1.327,0.841
7.39355,0.9825,13.965,7.8100000000000005,238.13125,0.09777387705559192,-17.13,11.5675,54.045,-54.045,1.9401036429778992e-07,27.02249771578879,46.80434426631987,27.022502396223086,46.804341564069865,-46.80434426631987,0.0,10573965.69424393,11419031.470046472,0.40783383750350455,0.41269320290001726,1.1203622469701966,1.4304452924924502,1.629400219308775,3.938300667592977,8586161.85719056,20.768633485417766,6.988416523688496,0.8884038052983902,-0.014257572311866572,12.636391715491023,1.3278284303820627,858289220.1098733,19.337735605733414,14250.707231256987,11516016.510072846,-8.806900082710841e-07,-6.156214804457401e-08,-12.485729763241348,19.34780599408051,101.12750543796147,101.13413917571854,77.95769729893223,67132.66474918499,77199066.68081854,1.0757307969938594,0.38233618671838376,1.400497718151873,3.332086179891665,0.377779791709502,1.2239206808458207,3.2936144487182837,0.5437308418660278,5.406707051599488,-16.875,0.53125,0.21475,0.9196875,0.9522499999999999,1.043,1.351
10.526050000000001,0.8025,14.065000000000001,9.93,237.38125000000002,0.09793980139722264,-19.25,13.7725,59.745,-59.745,2.144721845678871e-07,29.87249747487836,51.74068920698086,29.87250264894714,51.740686219730854,-51.74068920698086,0.0,13285071.04410305,21705021.78145256,0.40814454571587283,0.4129483728152685,1.124321882617556,1.4353731896893793,1.633778481105106,3.9397951170845427,9704924.369305167,24.55210511492962,5.464468117689101,0.7280703739400499,-0.017072157651995747,16.837231145654343,1.1059552172982252,728927123.5808115,19.202900973896604,24224.63962352308,21801983.802022487,-8.291759886873528e-07,-4.743638645663406e-08,-14.602604145532146,19.21131561069553,147.87748463721854,147.88407538234378,106.70862759185466,66921.22883490709,77057107.76399694,1.0593580559280027,0.3826207760824925,1.4044315234126092,3.3332262979381024,0.3781163727368053,1.228273161734538,3.294598064695383,0.5377243471060154,5.409877959984722,-9.924999999999999,0.36775,0.12175000000000001,0.8528125,0.26975,1.045,1.4929999999999999
6.9910499999999995,0.9335000000000001,12.065,9.29,241.05625,0.09714591795534663,-19.07,19.7925,45.195,-45.195,1.6224069598369164e-07,22.597498089833923,39.140019226872546,22.597502003835736,39.140016967122534,-39.140019226872546,0.0,10815416.27625591,8811244.238816783,0.4065420641845579,0.4116190103411615,1.1051695052051624,1.4114818384339733,1.612518678984771,3.932561920820551,8594904.969351016,15.3921535739411,12.330678740883602,0.3082139874144575,-0.013816429603691432,12.354857821797344,0.46333522977298075,804950924.5529537,33.782584456029085,11808.189769146225,8908266.444877768,-7.66645665114789e-07,-6.61174828874114e-08,-11.640723812777908,33.7901042687171,75.60190835695538,75.60472003452988,56.19350966616972,67957.26481486877,77742344.33413571,1.1320412906113482,0.38118131256689763,1.3853495886168228,3.3277122588706853,0.37642061750154104,1.2071915109290676,3.289842550152469,0.5607870653667065,5.393680457012911,-9.725000000000001,0.22825,0.44125000000000003,0.7515625,0.7737499999999998,0.907,1.2229999999999999
8.74105,0.9245000000000001,10.545,12.07,236.25625000000002,0.09818542530263018,-17.509999999999998,20.6325,47.195,-47.195,1.6942028204337487e-07,23.597498005303947,40.87207008324482,23.597502092510844,40.872067723494816,-40.87207008324482,0.0,11032170.705587564,10107199.6422598,0.4089363741842054,0.4136625012905138,1.1303058700595,1.4428762603429386,1.6404290451760608,3.942175490712149,8608865.06354963,13.03767956486754,20.98769016045035,0.33845693272039046,-0.02307265048001713,14.29006907363062,0.44871428823640686,1067544007.2079746,46.55764322858607,13051.886844222658,10204216.848799035,-7.202805548320839e-07,-5.301044221682994e-08,-10.785370696856589,46.51479964879083,81.35197787841996,81.35380598717468,54.98082898665091,66604.07496349022,76843128.21444504,1.0350516987913365,0.38304715156277636,1.410357312462476,3.3349545750055953,0.37862031455182144,1.2348499514011089,3.2960932022238785,0.5288254141772817,5.414633776185723,-17.425,0.46675,0.21925,0.9903124999999999,1.07125,1.193,1.125
