floating.member_Y_pontoon_lower1:outer_diameter+floating.member_Y_pontoon_lower1:outer_diameter+floating.member_Y_pontoon_lower2:outer_diameter+floating.member_Y_pontoon_lower2:outer_diameter+floating.member_Y_pontoon_lower3:outer_diameter+floating.member_Y_pontoon_lower3:outer_diameter,floating.member_Y_pontoon_upper1:outer_diameter+floating.member_Y_pontoon_upper1:outer_diameter+floating.member_Y_pontoon_upper2:outer_diameter+floating.member_Y_pontoon_upper2:outer_diameter+floating.member_Y_pontoon_upper3:outer_diameter+floating.member_Y_pontoon_upper3:outer_diameter,floating.member_column1:outer_diameter+floating.member_column1:outer_diameter+floating.member_column1:outer_diameter+floating.member_column1:outer_diameter+floating.member_column1:outer_diameter+floating.member_column1:outer_diameter+floating.member_column1:outer_diameter+floating.member_column2:outer_diameter+floating.member_column2:outer_diameter+floating.member_column2:outer_diameter+floating.member_column2:outer_diameter+floating.member_column2:outer_diameter+floating.member_column2:outer_diameter+floating.member_column2:outer_diameter+floating.member_column3:outer_diameter+floating.member_column3:outer_diameter+floating.member_column3:outer_diameter+floating.member_column3:outer_diameter+floating.member_column3:outer_diameter+floating.member_column3:outer_diameter+floating.member_column3:outer_diameter,floating.member_main_column:outer_diameter+floating.member_main_column:outer_diameter+floating.member_main_column:outer_diameter+floating.member_main_column:outer_diameter,configuration.rotor_diameter_user,financese.lcoe,floating.jointdv_0+floating.member_column1:joint1_2+floating.member_column2:joint1_2+floating.member_column3:joint1_2+floating.member_main_column:joint1_2,floating.jointdv_1+floating.member_column1:joint2_2+floating.member_column2:joint2_2+floating.member_column3:joint2_2+floating.member_main_column:joint2_2,floating.jointdv_2,floating.member_column1:joint1_0+floating.member_column1:joint2_0,floating.member_column1:joint1_1+floating.member_column1:joint2_1,floating.member_column2:joint1_0+floating.member_column3:joint1_0+floating.member_column3:joint2_0,floating.member_column2:joint1_1,floating.member_column2:joint2_0,floating.member_column2:joint2_1,floating.member_column3:joint1_1+floating.member_column3:joint2_1,floating.member_main_column:joint1_0+floating.member_main_column:joint1_1+floating.member_main_column:joint2_0+floating.member_main_column:joint2_1+towerse.tower.torsion_freqs_1+towerse.tower.torsion_freqs_2,floatingse.platform_cost,floatingse.platform_mass,floatingse.structural_frequencies_0,floatingse.structural_frequencies_1,floatingse.structural_frequencies_2,floatingse.structural_frequencies_3,floatingse.structural_frequencies_4,floatingse.structural_frequencies_5,floatingse.system_structural_mass,raft.Max_Offset,raft.Max_PtfmPitch,raft.Std_PtfmPitch,raft.heave_avg,raft.heave_period,raft.max_nac_accel,raft.max_tower_base,raft.pitch_period,raft.platform_displacement,raft.platform_mass,raft.platform_total_center_of_mass_0,raft.platform_total_center_of_mass_1,raft.platform_total_center_of_mass_2,raft.roll_period,raft.surge_period,raft.sway_period,raft.yaw_period,rotorse.blade_mass,rotorse.rp.AEP,tcons.tip_deflection_ratio,towerse.tower.fore_aft_freqs_0,towerse.tower.fore_aft_freqs_1,towerse.tower.fore_aft_freqs_2,towerse.tower.side_side_freqs_0,towerse.tower.side_side_freqs_1,towerse.tower.side_side_freqs_2,towerse.tower.top_deflection,towerse.tower.torsion_freqs_0,tune_rosco_ivc.Kp_float,tune_rosco_ivc.omega_pc,tune_rosco_ivc.omega_vs,tune_rosco_ivc.ps_percent,tune_rosco_ivc.ptfm_freq,tune_rosco_ivc.zeta_pc,tune_rosco_ivc.zeta_vs
True,True,True,True,True,False,True,True,True,False,False,False,False,False,False,False,False,False,False,False,False,False,False,False,False,False,False,False,False,False,False,False,False,False,False,False,False,False,False,False,False,False,False,False,False,False,False,False,False,False,False,False,False,False,True,True,True,True,True,True,True
8.6098,0.928,14.16,12.84,245.57500000000002,0.0962218335920634,-22.36,19.950000000000003,51.870000000000005,-51.870000000000005,1.862025644578844e-07,25.93499780771514,44.92073896001502,25.93500229978891,44.920736366515015,-44.92073896001502,0.0,13545610.179346321,17465097.64475423,0.40426826192220394,0.40968932280094245,1.0823879976849293,1.3829433625639096,1.586927960063654,3.9241501672655152,9835509.968474118,19.655120322174373,5.481557245200985,0.5722389947980472,-0.011645749861521313,13.547138283423857,0.9798565719676064,674411320.7327195,21.860679256131604,20160.589707495856,17562082.65901374,-8.7009101608238e-07,-6.244433044607977e-08,-15.144838968087507,21.873495660694434,119.06767985799848,119.07413036984651,90.23651491041697,69231.1661983931,78552068.09336661,1.1998044494982303,0.3795305813873395,1.3624953635659633,3.3213639424015886,0.3744395351923609,1.1821279086994674,3.2844146581544575,0.5722376169162361,5.375690727571758,-11.3,0.6789999999999999,0.175,0.99875,0.9189999999999999,1.264,1.432
8.1198,0.9440000000000001,12.56,13.56,235.22500000000002,0.09841244696399419,-16.92,15.75,45.47,-45.47,1.6322788906689809e-07,22.73499807821105,39.37817621962373,22.735002016028563,39.378173946123724,-39.37817621962373,0.0,10842360.008902734,10823113.301447019,0.4093970237747527,0.4140481879758846,1.1358250832875634,1.4497599560839278,1.6465046188922627,3.944304700260801,8650541.468982356,16.118003675675048,10.062165074921609,0.3416257919149245,-0.010080180651279618,12.16364063705911,0.5541231731426044,757501489.4776689,29.362819596217538,13767.401455077605,10920137.653591748,-7.457906104696218e-07,-5.2536446028127646e-08,-11.200023995126358,29.369339049474085,80.48289542473421,80.48488058506267,56.22687173727312,66313.3505813581,76644385.3412245,1.0130432356871195,0.38343751604951104,1.415815678614797,3.3365582337099413,0.37908133692174045,1.2409297098401018,3.2974850152922213,0.5207497787773823,5.418992171066913,-6.899999999999999,0.157,0.517,0.99375,0.23299999999999998,1.192,1.24
9.3798,0.832,13.879999999999999,9.4,237.62500000000003,0.09788557057441671,-16.439999999999998,10.01,44.27,-44.27,1.5892013743108817e-07,22.134998128929038,38.33894570580037,22.1350019628235,38.33894349230036,-38.33894570580037,0.0,10249737.468989385,12448721.620233895,0.4082720106767348,0.41309730341060696,1.123037371580997,1.4338078696604117,1.6323916734421975,3.9393710070608114,8465128.774469981,16.005964083195604,8.05948763449836,0.41292626986262465,-0.009117246070396804,13.096396370490659,0.7607783385178847,759058033.1972164,25.172370168641134,15367.71232526051,12545750.069946364,-7.014613671347331e-07,-4.396680690151592e-08,-12.382366115156538,25.181749341011347,83.45561242210911,83.4574809627803,59.369228909469335,66989.94550704739,77103433.27950002,1.0646647858472356,0.38252824885746883,1.4031514318401646,3.3328546254230895,0.37800697628152746,1.2268557493797732,3.294277188366993,0.5397285847884069,5.408846570236784,-18.9,0.319,0.541,0.8512500000000001,0.359,1.2879999999999998,0.816
12.8798,1.084,13.48,6.12,236.875,0.09805279828328897,-18.6,11.27,54.47,-54.47,1.9553602633547259e-07,27.23499769782617,47.17240507329898,27.235002415066546,47.17240234979897,-47.17240507329898,0.0,12755060.94860743,24673600.370588884,0.4084538204489702,0.41322176495286034,1.12700787814885,1.4387323381077874,1.636757986055026,3.9408419033216076,9436375.240664516,21.26066082580778,5.460349766642766,0.4681354774625181,-0.016447014430053288,20.01740768101482,0.7846832245461066,635482681.1977661,22.51722620679005,27166.744647443713,24770580.300734777,-6.977937517579999e-07,-3.482972729448935e-08,-14.758436394322144,22.526821668602363,138.79281443330822,138.7991664485139,93.28629323874199,66778.5095927695,76960797.44922456,1.0483843940444257,0.3828126894756688,1.4070943415074806,3.334001279805877,0.3783432567230246,1.2312255657898943,3.295267904196614,0.5337363414036035,5.412017519643232,-16.3,0.34299999999999997,0.10300000000000001,0.84875,0.849,1.304,0.8959999999999999
10.1498,0.768,12.96,11.16,235.52500000000003,0.0983456295634847,-16.84,12.67,52.47,-52.47,1.8835644027578938e-07,26.234997782356142,45.4403542169267,26.235002326391438,45.4403515934267,-45.4403542169267,0.0,11401699.85424034,15370321.518463377,0.4091251151662482,0.41379589520052545,1.1342124647667184,1.4477270885019318,1.6447103559721794,3.9436381344949276,8869702.355857808,19.909339270463565,6.459741676853732,0.45741993050342816,-0.013631533228869,15.105507372354873,0.6988576770836022,678264389.7816763,23.207433435747514,18120.465640146467,15467313.777431786,-7.804751933197897e-07,-4.484732033619802e-08,-12.495098083318707,23.2175025655152,107.3115911766509,107.31745207606363,74.97169376993286,66397.9249470693,76702423.05108675,1.0194192038280794,0.38332399574902304,1.4142251592715949,3.3360897705748647,0.3789473056827514,1.2391559693703071,3.2970779889742867,0.5230953415088387,5.417724224320335,-15.7,0.637,0.367,0.89125,0.21899999999999997,0.752,1.224
11.1298,0.9880000000000001,14.280000000000001,11.879999999999999,249.925,0.09538419779309167,-19.48,15.89,59.67,-59.67,2.1420295009064897e-07,29.83499747804824,51.6757372998669,29.835002645621827,51.6757343163669,-51.6757372998669,0.0,13858650.852664549,22598726.694883734,0.40224503499935277,0.40801201061953907,1.0612033379460015,1.3564085983737404,1.5629162400822556,3.9166153596886426,9948999.958921647,23.60596524568001,4.988184597105791,0.6804555089642894,-0.01571389058018856,16.33693275793644,1.0486734558408641,690934779.531487,19.49485733814665,25116.987296528532,22695689.394414306,-8.9395442591685e-07,-5.083929519780952e-08,-14.344463780526128,19.506191009927754,151.08219849865873,151.08895377435263,110.99522638998523,70457.4945012049,79300328.17456545,1.247426589701618,0.37797790910497714,1.3410762272612438,3.3156014044918867,0.37255652080476315,1.158850238793046,3.2795290849222374,0.5702429106924858,5.359043675318486,-8.7,0.577,0.547,0.95125,0.6389999999999999,0.7679999999999999,1.2799999999999998
10.0798,0.9760000000000001,11.64,7.640000000000001,238.97500000000002,0.09758975464639238,-21.64,10.71,43.47,-43.47,1.5604830300721485e-07,21.734998162741025,37.64612536325145,21.735001927353455,37.64612318975145,-37.64612536325145,0.0,10640373.921283659,14056785.675050601,0.40771886142683633,0.4126443126196398,1.1159369314865735,1.4249713435007407,1.6245263037476112,3.936690814799873,8506098.53682882,15.099321166145984,15.752739585257856,0.26782619429996934,-0.01833259531762723,16.7075837855774,0.4079822093047025,872027099.9231195,39.950555607178764,16913.62048497903,14153804.536215108,-6.086111743218887e-07,-3.727620009323801e-08,-16.924538179768486,39.952220757698676,88.09400943021713,88.09535767755888,59.37301848113947,67370.53015274761,77357362.73422337,1.0943102623074052,0.3820158583644835,1.3960884804883344,3.330815121583473,0.3774006953119093,1.2190546258981094,3.2925203427504433,0.5504176132475703,5.403141203302576,-10.5,0.127,0.379,0.76125,0.485,1.2959999999999998,1.048
7.6998,1.052,12.48,7.8,241.67499999999998,0.09701497362814218,-23.96,15.19,44.47,-44.47,1.5963809603705647e-07,22.234998120476035,38.51215079143759,22.23500197169101,38.51214856793759,-38.51215079143759,0.0,11052074.407568065,11840484.19801655,0.40622085312700784,0.41134425720599865,1.1020110204906126,1.4075156881953288,1.6089860386993593,3.9313731720907996,8702911.419626039,16.204567918720272,10.145701535140573,0.2411949461838823,-0.013863206057759248,13.693657714056206,0.4795945061186676,716706865.9600728,31.843291699210294,14733.303818977403,11937494.46817986,-7.465589836295378e-07,-5.6473582783198955e-08,-17.250038761972387,31.85583283231562,86.6678473717985,86.67006270767683,64.99951891312679,68131.69944414803,77855549.08397728,1.1411752085485236,0.38095866357988906,1.3821948778155562,3.326827121102487,0.3761531067657223,1.2037082584926115,3.2890816079235945,0.5623510715511885,5.391260615239329,-11.899999999999999,0.649,0.361,0.81375,0.499,1.1360000000000001,0.9279999999999999
9.9398,0.924,14.24,7.96,246.475,0.09604550571344753,-23.88,7.63,61.269999999999996,-61.269999999999996,2.1994661893839553e-07,30.63499741042426,53.06137798496472,30.63500271656191,53.06137492146471,-53.06137798496472,0.0,12801420.66750658,22739234.99460573,0.4037973806779756,0.4092876203888823,1.0779342840000445,1.3773681092039947,1.581888133577385,3.922526999905375,9517949.962880578,25.780691325647954,5.514413531220037,0.7334043751652838,-0.020371409677780762,17.05737437454759,1.1554037624507512,744443792.3309246,18.783849754483157,25203.475127669637,22836180.14544331,-8.989891297379989e-07,-4.850914955041225e-08,-19.54603695844733,18.79329534204695,163.11830826892913,163.12555299438077,124.19696700910269,69484.88929552658,78709260.29519348,1.212462487710293,0.3791973933486535,1.3580025342486768,3.3201343468183975,0.37403958963380585,1.1772398815366287,3.2833700420516494,0.5737481506965787,5.372056454029819,-14.299999999999999,0.313,0.217,0.81125,0.583,1.232,1.472
12.9498,0.796,11.76,6.2,241.37499999999997,0.09707830900317846,-20.84,15.61,56.47,-56.47,2.0271561239515582e-07,28.234997613296194,48.90445592967126,28.235002503741654,48.90445310617125,-48.90445592967126,0.0,13679254.310787616,27323333.132668138,0.40623498471764236,0.4113333128312281,1.1035374992650229,1.4094095845129733,1.6106718570989154,3.9318989200472494,9759697.617914323,21.715907751176424,6.849592787040736,0.4604851688535562,-0.023309617743569194,24.04146836776492,0.6589746777690708,648988377.8478262,28.811659794024077,29732.86424892717,27420303.051632665,-7.433136091712503e-07,-3.4171928152394376e-08,-16.23956057428173,28.824593451082755,151.86999720645773,151.8766703751307,104.98463119601345,68047.12507843687,77800744.49067512,1.1367409590173048,0.38106661649826823,1.3837232998890845,3.3272555046382832,0.3762828319736522,1.2053949785654032,3.2894497129755984,0.5615927392188336,5.392433608461104,-7.5,0.607,0.33699999999999997,0.79625,0.6249999999999999,1.496,0.728
13.229800000000001,0.8480000000000001,13.68,7.72,249.175,0.0955250851219999,-16.6,11.41,42.47,-42.47,1.5245850997737326e-07,21.23499820500601,36.780099935065316,21.2350018830159,36.780097811565305,-36.780099935065316,0.0,11547171.483666644,20013158.19295512,0.40298248209093435,0.40869555518342604,1.0648143292665924,1.3609862018990322,1.567075964179623,3.9179750337481343,9013273.876050225,14.345510969458838,8.833508637941257,0.3438412982125892,-0.009268700213931554,17.52245522800838,0.5315273986307039,692380646.5747788,29.501867086142003,22790.46869332935,20110196.4374326,-5.471216887700766e-07,-2.9611868457488376e-08,-12.861597526069001,29.515499364042874,94.49585728021572,94.49680717365781,59.10566567474355,70246.05858692701,79173891.45709088,1.239780164962813,0.3782377495257644,1.344727364415142,3.3165671573538544,0.37287441010845085,1.1628032200113154,3.2803444099448327,0.5709812034748353,5.361786974266214,-17.3,0.20500000000000002,0.403,0.84125,1.367,1.416,1.2959999999999998
9.5198,1.016,12.16,12.92,244.825,0.09637109742577288,-19.96,8.19,42.87,-42.87,1.5389442718930988e-07,21.434998188100014,37.12651010633977,21.435001900750922,37.12650796283976,-37.12651010633977,0.0,10173124.440755429,13143160.596274601,0.4048999143332281,0.4102673824803603,1.0861249661319923,1.3876567263051094,1.5911795265989965,3.9255749234607564,8367064.042622165,14.940339991732582,11.980962127084972,0.2570439545564385,-0.011614641429700753,13.730111588732466,0.4716915385080733,751378909.4381566,34.826734761893164,16047.3783320715,13240185.639544548,-6.904738055239684e-07,-3.937916296944067e-08,-15.6271520541775,34.83510367244847,84.08368883539174,84.0853119585742,57.678009812721236,69019.7302841152,78420183.98125292,1.1883777844003995,0.37980064543392283,1.3662513033368116,3.322391628794552,0.3747652509891309,1.1862246012391104,3.285288764736723,0.5702607211978795,5.378609329654972,-1.8999999999999986,0.481,0.45699999999999996,0.84625,0.611,1.4,1.392
12.0398,0.9640000000000001,12.72,11.08,241.52499999999998,0.09704660632484254,-19.0,8.33,61.07,-61.07,2.1922866033242723e-07,30.534997418877257,52.8881728993275,30.5350027076944,52.88816984582749,-52.8881728993275,0.0,12894182.372154636,25339066.408731114,0.4061482393413932,0.4112577449192715,1.1027720391935587,1.4084476710815457,1.609814883627845,3.9316109157249692,9479685.68148448,25.09829635061913,4.860843732513321,0.5091345186660166,-0.020603053786958054,19.75491089396206,0.7713223867025837,614896443.3641839,21.892055186853742,27761.3332939934,25436022.570856594,-7.900338335422668e-07,-3.517219491531235e-08,-15.510602502878605,21.90202846338863,161.19680738075758,161.20357336869617,109.441796087424,68089.41226129243,77828165.481257,1.1389566802048006,0.381012638642342,1.3829588300307576,3.3270411315832504,0.37621797249701056,1.2045511072028423,3.2892654607153644,0.5619719178584958,5.391847016611211,-12.5,0.625,0.30700000000000005,0.77375,0.401,1.336,0.776
7.9098,1.096,13.64,11.0,241.825,0.09698346868883531,-22.44,11.55,46.870000000000005,-46.870000000000005,1.6825359930867635e-07,23.434998019040073,40.59061181908433,23.435002078101142,40.59060947558432,-40.59061181908433,0.0,11274477.900273642,14252181.918279909,0.40608949991606597,0.4112233110179129,1.1012459287058063,1.4065476069362601,1.608122160179318,3.931071654838093,8874863.110659186,17.569190627236605,6.835068149422138,0.39360312797925323,-0.010945077530320443,13.011672260383678,0.7256407858064582,711275518.896415,24.47352082423047,17062.739515418438,14349183.117803946,-8.040023223203376e-07,-5.3910027760738e-08,-16.838321268414784,24.486187044455114,98.64321644331429,98.64508804365282,74.32460242550971,68173.98662700363,77882848.78993724,1.1433964318441636,0.3809046807970464,1.3814314429365888,3.3266134643500456,0.3760882217668035,1.2028663439715501,3.288898129405281,0.5627302320812949,5.390674237638075,-14.9,0.529,0.397,0.8987499999999999,0.14900000000000002,0.944,1.352
7.4898,0.9520000000000001,10.96,12.52,242.125,0.09692183845578788,-16.68,20.23,57.67,-57.67,2.0702336403096576e-07,28.834997562578213,49.94368644349463,28.83500255694672,49.94368355999462,-49.94368644349463,0.0,11337232.241892362,9992616.684503406,0.4059128082722615,0.41106861393755195,1.0997130664289625,1.4046279174990015,1.6064011538842016,3.9304944381128246,8756900.64460997,21.838990976999895,7.3369986720100195,0.38621169386845605,-0.019836994708756946,13.647095204576416,0.5422532016785876,639627028.0095799,26.425939837317063,12845.266681591742,10089593.995774793,-8.911358330154833e-07,-6.650539067141242e-08,-10.066790500947613,26.440325459171156,101.38064344048811,101.38692608677144,73.36519798813553,68258.56099271476,77937316.46871777,1.1478476740247532,0.3807843650102439,1.3798937897531511,3.3261750138455506,0.3759466742898045,1.2011798544554615,3.288522078736993,0.5634770924041206,5.389316752177374,-13.1,0.30700000000000005,0.655,0.98375,1.171,1.256,1.248
13.0198,0.896,13.08,10.76,249.32500000000002,0.09549673620033539,-19.8,13.09,48.67,-48.67,1.7471522676239126e-07,24.334997942963096,42.14945758981938,24.335002157908736,42.14945515631937,-42.14945758981938,0.0,12968571.306902694,24027303.148303233,0.40268362818561443,0.4084048862641203,1.0640873646066291,1.3600429407119887,1.566219057898252,3.917664291230744,9560038.283679504,17.392273832749698,6.628880482798509,0.3388148906862434,-0.012187863862192254,18.761964906166565,0.5738666783228344,607007946.2255198,26.97478048577962,26609.253460614716,24124303.944619913,-6.36731221676765e-07,-3.2902682342171226e-08,-15.380795525234088,26.990836504915837,122.08599760156042,122.08678131885065,79.48878128133676,70288.3457697826,79199289.49577285,1.2413071096253496,0.3781857782394222,1.343996090364366,3.3163733650887584,0.37281084958316285,1.1620107291091304,3.2801806704041767,0.5708328448302981,5.361237979007162,-19.9,0.163,0.193,0.77125,1.283,1.448,1.2
9.3098,0.776,11.48,8.2,235.975,0.09824654917528187,-23.32,10.15,60.27,-60.27,2.1635682590855397e-07,30.134997452689248,52.19535255677859,30.13500267222436,52.19534954327858,-52.19535255677859,0.0,11751637.528166523,17007577.567699276,0.408831728679733,0.41353382844209874,1.131802288730069,1.444707168723992,1.6420435515845957,3.9426814318664456,8926928.160336046,25.44259112933792,5.565543028559954,0.3335719820228948,-0.027647519570163835,18.332671838090366,0.5805053059900441,567511714.2015125,24.280590575736554,19608.90021333481,17104527.809146706,-8.341822791538796e-07,-4.6507845414799627e-08,-18.62918002446228,24.29114990736771,138.86638986777595,138.87298757266228,100.55891472335348,66524.786495636,76789151.25021884,1.029023977401604,0.38315365223200665,1.4118434644434494,3.3353900791565114,0.3787461273207723,1.2365031871700771,3.2964707399896596,0.5266199482720755,5.415822358914776,-2.8999999999999986,0.385,0.223,0.86375,0.569,0.9119999999999999,0.832
7.1398,0.732,13.72,13.48,239.425,0.09749262095876945,-16.36,13.23,48.27,-48.27,1.732793095504546e-07,24.13499795986909,41.80304741854492,24.135002140173714,41.803045005044915,-41.80304741854492,0.0,10598902.452087076,10838829.780453771,0.40730239350966724,0.4122581188772091,1.1135792534307485,1.4220078012777386,1.6218786651633426,3.9357554919802005,8632592.275551185,17.553055067865476,7.19582827096733,0.5855498842701921,-0.009534243113851369,11.25629804987007,0.954993176316718,771172970.0362318,22.522656900294166,13755.16024146369,10935841.094107682,-8.240499929052976e-07,-5.781811337317046e-08,-11.197197434686641,22.533281050717882,86.75776438976554,86.76009956336766,63.525483164495434,67497.39170131435,77441202.32380898,1.1042885192910472,0.3818449175272228,1.3937438791774017,3.3301421480469076,0.3771982923334962,1.2164724792787036,3.2919421095514405,0.5539916979171574,5.401239660774805,-16.1,0.44499999999999995,0.643,0.91875,0.7649999999999999,0.832,1.1360000000000001
8.7498,0.812,13.280000000000001,7.0,246.625,0.09601597393733831,-22.2,17.57,56.870000000000005,-56.870000000000005,2.0415152960709247e-07,28.434997596390204,49.25086610094572,28.435002521476676,49.25086325744571,-49.25086610094572,0.0,12694171.482581852,16467093.666627407,0.40376901141012556,0.4092719451563105,1.0772004098229766,1.3764533794452796,1.5810655133802038,3.9222784665844306,9418344.818655051,22.195735822203115,6.538171438410064,0.626062629098715,-0.01893460866726813,15.81889248983695,0.9865254657754712,676923441.613219,21.29663131698731,19140.11016764065,16564060.135349892,-8.429964204489396e-07,-5.9389968129834084e-08,-16.031338611806557,21.309265495052337,126.37397357290287,126.38058705090374,95.27027852225304,69527.17647838217,78735338.51538384,1.2139659796905475,0.37914543302107706,1.357261889671329,3.319934685089698,0.37397622827122484,1.1764303815599095,3.283200111723862,0.5735923615696613,5.371505137526231,-18.5,0.601,0.187,0.75125,1.031,1.408,1.456
9.0298,0.808,14.120000000000001,11.64,243.77499999999998,0.09658192112817039,-23.56,16.87,54.07,-54.07,1.9410010912353594e-07,27.034997714732164,46.825994902024526,27.035002397331525,46.82599219852452,-46.825994902024526,0.0,13354144.004705872,18861593.489565253,0.40508890734803604,0.410370418067373,1.0913801011150275,1.3941820088298873,1.5970505496001473,3.927410989499763,9742149.081476228,21.074241378442707,8.450290788063826,0.6680946203067837,-0.013751556334698921,14.449440114579781,1.116314563974161,796886926.2239531,21.021358522770104,21488.085540724933,18958566.121443488,-8.880391543432985e-07,-5.8960429321215984e-08,-17.066240404962766,21.03270953466662,128.33244109200282,128.33908068803282,97.49258249943198,68723.72000412615,78233868.76293272,1.1725139070702697,0.3801906675000772,1.3715435055417682,3.323856652143787,0.3752321722104175,1.1920062272676277,3.286537864594453,0.5676249424555772,5.382880325120181,-2.5,0.29500000000000004,0.481,0.98875,0.135,0.9039999999999999,1.376
8.1898,0.784,13.0,13.879999999999999,241.07500000000002,0.09714193214239676,-23.8,12.39,58.67,-58.67,2.1061315706080738e-07,29.334997520313227,50.80971187168077,29.335002601284273,50.809708938180755,-50.80971187168077,0.0,12442994.282970298,17619478.798487134,0.40632367849291096,0.411398476370052,1.1050688786448664,1.4113232364305095,1.6123748710476258,3.932458893643544,9320492.73095336,24.236187096388186,7.664279358909219,0.6320611839799264,-0.01747773251483807,14.275205896200518,1.0332072254087772,730557782.1547837,21.041191327174502,20226.26953464937,17716433.76600497,-9.622997125038636e-07,-5.717711103912265e-08,-18.130389272292955,21.051715045098412,137.96975106621883,137.9765484124317,104.08059164750858,67962.55071272572,77745784.32064196,1.1323173231758803,0.38117456154344104,1.385253857642465,3.3276853419772165,0.3764125095384342,1.2070857019836012,3.2898193884549536,0.5608344581420059,5.393607030254115,-13.7,0.631,0.16899999999999998,0.97875,1.227,1.344,1.0
12.5998,1.056,12.08,8.6,244.075,0.09652102157625715,-18.28,14.49,48.07,-48.07,1.725613509444863e-07,24.034997968322084,41.62984233290769,24.035002131306204,41.62983992940769,-41.62984233290769,0.0,12660933.291021546,22702602.795027837,0.40512643817919236,0.4104339139501787,1.0898787720572556,1.3923282817784137,1.5953873841712503,3.9269067381323386,9390523.894193333,16.663439784025137,9.627197177087293,0.4193266536802339,-0.014608544401600438,20.6504770007084,0.5631672609257927,698243594.135684,32.886547184767146,25328.026840445196,22799610.776404962,-6.409327567473649e-07,-3.1237400239451535e-08,-13.976465675540933,32.902850759453806,115.37701519366408,115.37784268510887,76.79289868321915,68808.2943698373,78287290.46274617,1.177034482430005,0.38008271153825346,1.3700321451514963,3.323439720243473,0.3751021212452587,1.190351051182286,3.2861820057549744,0.5683831786121349,5.381711700818668,-14.7,0.33699999999999997,0.43900000000000006,0.9862500000000001,1.353,1.024,0.76
8.959800000000001,0.748,12.4,7.24,241.22500000000002,0.09711008526983908,-18.36,18.689999999999998,60.47,-60.47,2.1707478451452226e-07,30.23499744423625,52.368557642415816,30.235002681091867,52.3685546189158,-52.368557642415816,0.0,12313138.350571815,14978011.233856417,0.4062895624671322,0.41137634893924147,1.1043030191688303,1.410368309454853,1.6115254909128873,3.932184389238561,9204924.533916978,24.067456116994403,5.498404102275332,0.6001760494871855,-0.022840221896328387,16.635413667870168,0.8751882005215028,646160284.7250366,21.457642270389695,17672.677400349534,15074975.111059159,-8.36010850941392e-07,-5.745258098142746e-08,-12.749051100737784,21.46887298598563,125.10835061284932,125.11468793060045,91.0762483542095,68004.83789558131,77773283.25967425,1.1345277631230475,0.3811205868113115,1.3844882860194234,3.327470232895684,0.3763476738067291,1.206239828284593,3.2896343497711684,0.5612135988821316,5.393020224070187,-18.7,0.229,0.565,0.80625,1.017,0.8879999999999999,0.9039999999999999
13.0898,0.804,11.88,13.719999999999999,246.17499999999998,0.0961034088258452,-17.48,7.07,42.67,-42.67,1.5317646858334158e-07,21.334998196553016,36.953305020702544,21.335001891883415,36.95330288720254,-36.953305020702544,0.0,10960865.561431123,20098896.81259821,0.4042610763391128,0.40973344483643137,1.0794223615571958,1.3792765586870328,1.5836168263941508,3.9231507193705193,8716600.128401086,14.073978742625576,14.603481110719484,0.4006959553374845,-0.012152472294283288,17.59959646464371,0.4997818892352478,864441740.1070166,40.524319758671325,22854.190456258468,20195929.06156862,-6.532778376452347e-07,-2.7268330944942428e-08,-14.245782858629878,40.538551475840165,97.6397723437742,97.64078228568006,64.97288218579308,69400.31492981542,78657065.72809185,1.2089869947314926,0.3793146573915097,1.3595005850131643,3.320548154691359,0.37417889608163507,1.1788680190403547,3.2837219900244166,0.5737550865843375,5.37336040273241,-8.3,0.45699999999999996,0.607,0.84375,1.157,0.712,0.744
11.9698,0.9600000000000001,11.52,7.88,248.27500000000003,0.09569501524211699,-17.0,17.71,57.47,-57.47,2.0630540542499744e-07,28.734997571031208,49.7704813578574,28.735002548079205,49.77047848435739,-49.7704813578574,0.0,13248787.368922401,23004919.95210924,0.40306451963332846,0.4086998395614432,1.0691599178770228,1.3663792711365341,1.5719681858042647,3.9194293324780842,9583254.749186294,21.310759467730808,6.927233077265273,0.5144104439448279,-0.02236784797397923,22.17406735968122,0.671580737145758,657258373.2323022,28.141307656394627,25545.915386709054,23101896.055863634,-7.388849973682278e-07,-3.637139803979421e-08,-12.466449632889885,28.15714806997131,138.85042266362174,138.85668628932947,94.35103930594386,69992.33548979356,79021032.84050639,1.230621215482483,0.3785617172018158,1.3491376257625345,3.317748427034092,0.37326704328982746,1.1675832595201914,3.281343934939234,0.5718738745294963,5.365266806499147,-13.3,0.697,0.42700000000000005,0.82125,1.493,0.744,1.2879999999999998
7.5598,0.756,11.12,11.8,248.12500000000003,0.09572376011787413,-16.759999999999998,17.29,54.269999999999996,-54.269999999999996,1.9481806772950426e-07,27.134997706279165,46.99919998766175,27.135002406199032,46.999197274161745,-46.99919998766175,0.0,10712502.504959298,9581864.568432787,0.4031855583511259,0.4088100220867388,1.069887903881829,1.3673021509407322,1.5728037251518459,3.9197116733932003,8523994.191781923,19.487423306157712,8.048484889244055,0.36009016801122085,-0.017972805205184524,13.471012895761731,0.5171095693498267,657909963.3244188,28.02946843972382,12480.647635023433,9678852.406131323,-8.44145781249058e-07,-6.130914233867271e-08,-10.811602650132675,28.04594384153833,92.72716504047024,92.7334773584303,66.39243321835303,69950.04830693796,78995419.19252062,1.2291026086608123,0.378613673083349,1.349872561725676,3.317944471393858,0.3733305142738761,1.1683822850352954,3.2815100278046083,0.5720246166217949,5.365816541757967,-4.299999999999999,0.23500000000000001,0.115,0.85625,0.20500000000000002,1.432,0.984
12.529800000000002,0.908,10.64,6.76,249.77499999999998,0.09541212230417172,-20.92,20.509999999999998,44.67,-44.67,1.6035605464302482e-07,22.33499811202304,38.68535587707482,22.33500198055852,38.685353643574814,-38.68535587707482,0.0,12555165.059621945,20126678.26348754,0.402610354062479,0.4083704442348466,1.0619293176031572,1.3573601096533623,1.5637825226075028,3.9169447459825584,9276827.62610387,10.162697650499396,33.20804630141716,0.4966728311905788,-0.05944380157701345,22.510499787575963,0.6855845728007112,1480223146.0161471,65.90525706833813,22855.123660405403,20223698.518623553,-5.855830279874378e-07,-3.223397848623368e-08,-15.280098359685393,65.38907519319541,106.53899565850976,106.54636612444965,67.2321663091106,70415.20731834933,79275219.48992406,1.2458949982735767,0.3780298739607588,1.3418054073074168,3.315793914520667,0.37262011740753453,1.159638979679007,3.2796914837280617,0.5703899013319842,5.35959199980848,-4.699999999999999,0.16899999999999998,0.241,0.88625,0.597,1.2799999999999998,1.416
9.2398,0.724,11.44,9.32,248.42499999999998,0.09566647701912646,-19.88,9.45,53.07,-53.07,1.9051031609369435e-07,26.53499775699715,45.959969473838385,26.53500235299397,45.95996682033838,-45.959969473838385,0.0,10487574.189831033,13282279.890628021,0.4030532400490827,0.4087017709399259,1.0684349249540792,1.3654802314291776,1.5711551623507896,3.919193735853452,8430919.535452556,19.614377447061738,7.505627962182624,0.3242613228728958,-0.019597011744872647,16.110322000224073,0.5069787090176501,619507569.5430273,28.00712079866115,16073.928893450928,13379261.098980216,-7.704905783252606e-07,-4.4795629970500656e-08,-15.586392482325467,28.023838892146575,106.01598542190762,106.02213052794424,74.68853095399804,70034.62267264911,79046491.85561936,1.2321407480954836,0.3785097539365893,1.348403272149674,3.3175527146272517,0.3732035521556449,1.166785145382495,3.281178171680689,0.5717233034923076,5.36471707516291,-5.899999999999999,0.32499999999999996,0.691,0.9137500000000001,1.143,1.008,1.384
13.5798,0.852,12.120000000000001,7.48,245.87500000000003,0.0961624798990518,-22.76,13.79,48.47,-48.47,1.739972681564229e-07,24.23499795141609,41.97625250418215,24.235002149041225,41.97625008068214,-41.97625250418215,0.0,13439094.91617354,27461049.11157444,0.40422511753380597,0.4096710711238829,1.0809029292041126,1.3811003904766146,1.585264193503507,3.923635857166652,9710587.104907172,17.281149719911898,8.880674973722206,0.3775044532859285,-0.01638242385683554,22.74293472869009,0.5063851771720321,666151013.9745317,33.34879080223403,29938.26240813562,27558043.748666227,-6.611213283768068e-07,-3.0573070724001446e-08,-18.080147008711382,33.36559657392983,130.33639550889748,130.3371065049554,88.05534150791838,69315.74056410427,78604648.36267833,1.2043902426949287,0.3794226184445113,1.36099691153441,3.3209553650248638,0.37430923490097223,1.1804960369038051,3.284067604358487,0.5729963243276086,5.3745252705877515,-19.7,0.589,0.33099999999999996,0.80125,0.7789999999999999,1.312,1.464
7.3498,1.06,11.6,9.24,242.725,0.0967972772868639,-18.759999999999998,18.83,43.27,-43.27,1.5533034440124655e-07,21.634998171194024,37.47292027761423,21.635001918485948,37.47291811411422,-37.47292027761423,0.0,10459207.376181591,8350112.442195998,0.4058486936237653,0.41105414214697,1.0966778040051024,1.4008567445283708,1.6030336303430845,3.9294357223820557,8427957.594805114,13.42374538044812,18.919446262461168,0.3051383657881105,-0.01970875643322876,12.627966098998543,0.4244055900786115,1003823045.9498198,42.954053030645014,11386.976062668326,8447144.701180445,-7.298534393170637e-07,-6.162058889538722e-08,-11.627997772306355,42.904297598754184,69.66325179370425,69.66587029060454,50.51343150116516,68427.70972413708,78045668.48689681,1.156776817533887,0.38056849988988556,1.3768498796139519,3.3253270000750317,0.3756870206069892,1.1978301935889364,3.2877952213322015,0.564971171446039,5.386974739208436,-18.1,0.271,0.373,0.77625,0.163,0.704,0.976
12.1098,0.88,10.8,10.52,247.97500000000002,0.09575251249814051,-23.72,18.41,42.27,-42.27,1.5174055137140494e-07,21.13499821345901,36.60689484942809,21.135001874148394,36.606892735928085,-36.60689484942809,0.0,12839936.65857035,20459477.762293633,0.40346106983360064,0.40907675768200086,1.0706206713004849,1.3682472129609777,1.5736587411741136,3.9200111030413334,9423010.398063943,10.101508700924741,38.547460218717774,0.42510172648420463,-0.07044620022804743,20.24704061463287,0.5945566082474756,1623787936.7616308,71.12044168117377,23186.165516539135,20556501.421512257,-5.831638532212092e-07,-3.17584146461574e-08,-17.761003625035244,71.29373895737903,104.67699233379328,104.68815387850185,64.62071822907758,69907.76112408238,78969815.55887029,1.227585224849255,0.37866563960388705,1.3506079550111452,3.3181408355007536,0.373393986494567,1.169182265138979,3.2816764744173277,0.5721757019330246,5.3663666096172316,-10.7,0.565,0.28900000000000003,0.87625,0.6809999999999999,1.12,0.704
12.1798,0.912,13.56,12.68,235.67499999999998,0.09831246127979669,-22.28,17.15,45.67,-45.67,1.639458476728664e-07,22.834998069758054,39.55138130526096,22.835002024896074,39.55137902176095,-39.55138130526096,0.0,13362416.46550393,21188628.728256453,0.40907712928362716,0.41375900207169547,1.133409519162967,1.4467272918964047,1.6438284610552822,3.9433297272858905,9708288.688562803,16.956958753670396,7.343049294448864,0.2990661581807577,-0.009780447901046744,15.954555781118389,0.5507834178286577,629694341.2639617,27.46406657611515,23843.493971451127,21285638.78073291,-7.141365687396635e-07,-4.240982907031583e-08,-16.315412788441375,27.475142568295077,110.59316707708419,110.59407966496339,76.69808739814604,66440.21212992485,76731363.12814005,1.0226153770205648,0.38326721653165574,1.4134307371403525,3.3358561406019027,0.3788802579911295,1.238270692677385,3.2968751351955805,0.5242702090071393,5.4170901603611945,-13.9,0.259,0.44499999999999995,0.79375,1.2550000000000001,1.032,1.192
12.2498,0.884,12.44,12.2,243.92499999999998,0.0965514412892942,-16.12,9.73,49.47,-49.47,1.7758706118626453e-07,24.734997909151105,42.84227793236828,24.735002193378776,42.84227545886828,-42.84227793236828,0.0,11655911.563851545,20380297.461262636,0.4052462632581771,0.4105429556234239,1.090631845654633,1.3932782284876477,1.5962409185632094,3.9271947420812503,8998266.526526913,17.84960440029147,7.670141706737853,0.3853256266569477,-0.012385546517824756,17.8491038702053,0.5924933200976614,672620737.0598571,27.451285821744708,23053.916776748854,20477302.286198393,-6.194915572025665e-07,-3.0187793318659984e-08,-12.701724087542205,27.465370310097228,113.27769470050661,113.27855616765699,71.25613909202676,68766.0071869817,78260595.12428871,1.1747727834399138,0.38013669258655924,1.370787529595937,3.3236480063108536,0.375167156204002,1.1911781753310962,3.2863597556516657,0.5680040592309383,5.382296001183649,-7.699999999999999,0.619,0.157,0.91125,0.33099999999999996,1.104,0.9359999999999999
10.9898,1.036,11.28,12.440000000000001,240.325,0.0973017451450287,-18.92,9.870000000000001,44.07,-44.07,1.5820217882511982e-07,22.034998137382033,38.165740620163135,22.035001953955987,38.16573841666313,-38.165740620163135,0.0,10462662.381195936,14273873.973793725,0.40702309485644345,0.4120464222507478,1.108920815226262,1.4162054451250905,1.6167170837687606,3.9339885904424703,8423635.590092968,14.702093309023548,16.973641876599757,0.3208604825287175,-0.01662078053958446,15.73492680968677,0.4191835097387084,905547624.4843032,41.757481494275204,17137.816734967935,14370896.66962788,-6.443538151169871e-07,-3.533269743218087e-08,-14.686911044659798,41.75510666262175,88.96771908309805,88.96899061005479,58.00531064924227,67751.1147984478,77608110.83421576,1.121304863162413,0.3814444246417474,1.3890895781765185,3.328766360134904,0.37673652432069793,1.2113299597184726,3.2907505138548965,0.5589398909439841,5.396543087657477,-11.1,0.373,0.589,0.99125,0.709,0.96,1.1440000000000001
10.709800000000001,1.088,13.52,9.48,237.175,0.09798573300914651,-19.32,15.049999999999999,41.87,-41.87,1.5030463415946826e-07,20.934998230365,36.26048467815363,20.93500185641337,36.26048258465362,-36.26048467815363,0.0,11865968.738907512,16329897.772547113,0.4085513393728565,0.4133446498478093,1.1254212055506383,1.4367878945843204,1.635037359341489,3.940296121679707,9114560.931806179,14.847405210084068,9.953099785995256,0.28162620726866405,-0.009381565912158898,15.14864652878175,0.5723519551278716,718662794.987662,30.434494949254574,19173.265106662253,16426933.787420493,-5.970945586763951e-07,-3.966987574894836e-08,-14.0958297431327,30.443309825542823,88.66792057322482,88.66909707346403,59.88687622510236,66863.08395848064,77017923.52527921,1.0548799403530789,0.3826989809782345,1.4055156356713852,3.3335415007728852,0.3782088370466409,1.229474577604714,3.294870383952095,0.536098665695559,5.410749720645671,-18.3,0.193,0.613,0.86875,0.471,0.736,1.056
12.7398,1.1,12.879999999999999,6.28,245.275,0.09628122626865912,-19.08,14.21,52.67,-52.67,1.890743988817577e-07,26.334997773903147,45.613559302563935,26.33500233525895,45.613556669063925,-45.613559302563935,0.0,12813886.135025425,23167147.653631676,0.40448808855107066,0.40988701404636074,1.0838799942776203,1.3848189783090696,1.5886207435823338,3.9247051878737897,9440689.43355221,19.535811612022712,6.072812772342958,0.3889879614442752,-0.016537160309753184,20.240793162901735,0.645459276204833,618435507.5639071,25.169004898620223,25728.084356758958,23264134.566105507,-6.718921680881246e-07,-3.5766503193177546e-08,-14.690784948062408,25.18271283203835,129.83061361593377,129.83680824873468,86.47148796003479,69146.59183268194,78499508.12879047,1.1952196292782982,0.37963870448154896,1.3639963370768136,3.3217740977441994,0.3745699423091789,1.183763741399452,3.2847632870630634,0.5713968106779685,5.376859419503322,-6.299999999999999,0.247,0.277,0.82875,0.7929999999999999,1.48,0.7999999999999999
7.9798,0.828,13.36,8.04,245.72500000000002,0.09619212182626813,-17.4,20.79,58.269999999999996,-58.269999999999996,2.091772398488707e-07,29.134997537219217,50.463301700406305,29.135002583549248,50.4632987869063,-50.463301700406305,0.0,12222822.29492598,12551578.753998753,0.4041930538270601,0.4096257602313905,1.0816438880163848,1.382013135041815,1.5860882390706037,3.9238829751596525,9220715.893397309,22.27520674491596,6.040301696264956,0.766435347263012,-0.017716726733695988,13.900921297031749,1.0991256902527855,756526837.8712242,19.80687079502137,15338.27267629406,12648552.703434117,-9.056865622415929e-07,-7.121827223840423e-08,-10.9318144905152,19.819126236704573,111.70632523289855,111.71292874279597,85.28465559593756,69273.45338124869,78578378.19777818,1.2020959170926266,0.37947659835860076,1.3617458719490758,3.3211594814792504,0.3743743878734466,1.1813114703105503,3.2842409461938615,0.5726169683754813,5.375107904761547,-3.6999999999999993,0.667,0.475,0.94125,1.185,1.424,0.7679999999999999
7.8398,0.872,11.16,8.92,235.825,0.09827944745449368,-20.68,8.75,47.27,-47.27,1.69689516520613e-07,23.634998002134076,40.93702199035879,23.63500209583616,40.93701962685878,-40.93702199035879,0.0,9558727.918914596,9840516.872931875,0.40909779851310635,0.41379201696226753,1.1326083201145554,1.4457426395934363,1.6429609156736258,3.9430509726682303,8028873.4389646305,17.001146345679388,12.943201688489784,0.26367151286658774,-0.01858173477045922,14.156486853829106,0.4467755056879335,783996498.9685118,34.89546344099714,12752.498028958858,9937519.296074228,-7.28542804092003e-07,-4.875064589085756e-08,-15.96472577987671,34.90030830611688,83.53961603764952,83.54187044594785,59.34169663307778,66482.49931278042,76760260.63351169,1.0258169678726274,0.3832104421516518,1.4126368026843155,3.335622906979517,0.37881320529371815,1.2373864174845426,3.2966727222154515,0.5254446976713886,5.416456317892821,-8.899999999999999,0.139,0.30100000000000005,0.95375,0.8069999999999999,0.848,1.3679999999999999
12.459800000000001,0.8240000000000001,10.84,9.8,239.87500000000003,0.09739569140577219,-21.4,15.33,58.47,-58.47,2.0989519845483903e-07,29.234997528766222,50.63650678604353,29.23500259241676,50.63650386254353,-50.63650678604353,0.0,13749250.406035233,26520867.18143574,0.4069851911827448,0.4119723140426003,1.1112313496193662,1.419066981203443,1.6192480088890675,3.934835284290188,9753522.713252792,22.95271345497439,7.643224173879803,0.46185381954748317,-0.02565255003122065,23.760780250566185,0.6080808294278677,657396186.3570886,31.362355903326637,28926.94041107352,26617829.23575297,-7.631652841009704e-07,-3.4053543536858315e-08,-16.692349075863415,31.37588922800837,157.18068300537598,157.1874140716528,107.19640725784785,67624.2532498811,77525045.52784178,1.1143069085216681,0.3816740269449063,1.3914044394594463,3.329472727118952,0.37699585029075494,1.2138995529739796,3.2913676229449638,0.557502791298805,5.399340449687994,-10.9,0.277,0.523,0.96875,1.409,1.24,1.448
11.3398,0.9800000000000001,14.04,13.64,238.375,0.09772042161293028,-22.92,18.270000000000003,45.27,-45.27,1.625099304609298e-07,22.634998086664048,39.204971133986504,22.635002007161056,39.2049688704865,-39.204971133986504,0.0,13690402.016449828,20847898.463239565,0.4077729570066342,0.41265091086628874,1.1190808493831086,1.4288550796848556,1.6279852993529822,3.937823514463896,9881703.868027981,16.75751765125841,6.611084602917732,0.2989105948503038,-0.00880897346174506,14.85540344736221,0.6129165012236387,622551757.1237999,26.13396497018702,23517.326020972658,20944909.329487294,-7.291182331629209e-07,-4.6040821107428005e-08,-16.41597085965828,26.145679808490705,109.89610709301101,109.89709254734483,77.74576234399757,67201.38142132528,77244940.34856337,1.081080804663177,0.382243668168399,1.3992221782551826,3.331717737695191,0.37767032540953227,1.2225116202746436,3.293297028917512,0.5456605760935853,5.405676793344964,-6.5,0.28900000000000003,0.577,0.82375,1.199,0.976,1.1280000000000001
8.4698,1.08,13.84,10.2,242.425,0.09685936965579472,-21.56,12.81,48.87,-48.87,1.7543318536835956e-07,24.434997934510093,42.3226626754566,24.435002166776243,42.3226602319566,-42.3226626754566,0.0,11636271.107468966,14941206.670240037,0.4057798789634285,0.410958645709665,1.0981915711199208,1.40272082561524,1.6046977628242673,3.9299276840715387,9024562.961178223,18.279351676708124,6.300593769435258,0.4651676284446137,-0.011706826916821575,13.528576502037943,0.8200318272439707,710590779.87097,23.030273882989015,17720.82390726811,15038202.0944959,-8.157197031665847e-07,-5.479985590302138e-08,-15.994274696446425,23.04262157781772,103.33362137119116,103.33540548337947,77.46112935783599,68343.13535842595,77991605.66691162,1.1523048948683012,0.3806764510595768,1.3783708614743957,3.32575032328417,0.37581688373111016,1.1995030525666202,3.2881578929508333,0.5642129533621779,5.388145781688878,-7.1,0.5529999999999999,0.6789999999999999,0.93375,0.41500000000000004,0.88,0.8079999999999999
9.6598,0.9480000000000001,10.88,8.44,249.625,0.09544023823691401,-19.16,16.310000000000002,49.27,-49.27,1.7686910258029623e-07,24.634997917604103,42.66907284673106,24.63500218451127,42.66907038323105,-42.66907284673106,0.0,11167590.654553391,13204261.189754168,0.4026166630433146,0.4083637211339203,1.0626473515938073,1.35825192556598,1.5645930689346066,3.917186785026367,8694080.588349136,16.343400544539037,12.777471483563826,0.32395626722834364,-0.02042540875674737,17.340130420641458,0.4141515370163761,784811453.4841764,37.62566942791963,16052.404706100217,13301262.679432936,-6.573440206245067e-07,-4.35550964893232e-08,-13.801754351098294,37.641678586103325,95.38695333964256,95.38852588023205,64.13325386090145,70372.92013549377,79249967.361554,1.2443644726173626,0.3780818508798271,1.3425351125323022,3.3159867524312796,0.3726837138893977,1.1604286306290654,3.2798542197220253,0.5705372691596305,5.360140655666202,-19.5,0.45099999999999996,0.595,0.77875,1.451,1.472,1.096
13.1598,0.712,11.32,11.24,244.375,0.09646167140982398,-21.08,16.03,52.07,-52.07,1.8692052306385273e-07,26.03499779926214,45.09394404565225,26.035002308656416,45.09394144215224,-45.09394404565225,0.0,13817543.872237425,27247219.793591928,0.4048902956457107,0.4102190053915114,1.088367692915184,1.3904287056892262,1.593671737521989,3.9263255680002,9839343.84917605,18.855759245195973,9.138242500972119,0.4329729095639149,-0.017741659942579438,22.436559376209065,0.5603294035425612,697857586.4090936,34.25633366392575,29703.304796957884,27344205.15376275,-6.935998644664318e-07,-3.1122998566009597e-08,-16.271263837726103,34.27316058656228,139.38950520963053,139.39597445512362,92.67314978907613,68892.86873554847,78340448.65025245,1.1815638220457396,0.3799625045698717,1.3685108740247518,3.3230121752423236,0.37496039192600616,1.1886941476853314,3.285817472758419,0.56912354463496,5.380359616168935,-10.3,0.43900000000000006,0.265,0.81875,1.325,0.992,0.9199999999999999
11.0598,0.9,10.76,12.280000000000001,243.025,0.09673533092477225,-22.04,18.97,53.870000000000005,-53.870000000000005,1.9338215051756764e-07,26.934997723185162,46.652789816387305,26.935002388464017,46.6527871228873,-46.652789816387305,0.0,13160633.29619446,19761867.75029309,0.40549072704711697,0.41071531762646224,1.0951571136156706,1.3989182328293552,1.6012963811545005,3.9288074943614597,9504172.067811444,19.823938137766177,9.431512692799908,0.3539809213906015,-0.019804845847213072,19.143684697785588,0.43459291157342556,656863265.5957003,34.85458921865151,22378.895301350687,19858845.58469975,-8.045239497292587e-07,-4.196025462957359e-08,-16.11175884170678,34.871603338168455,127.44688660036032,127.45309151721591,89.55381243751467,68512.28408984824,78099686.17876525,1.1612596032166655,0.38046055302763043,1.3753311195741287,3.324905130791806,0.37555712052006707,1.1961613193832172,3.287434089587459,0.5657293947339274,5.385804290160614,-17.5,0.21100000000000002,0.259,0.78125,0.345,0.76,1.48
8.889800000000001,0.856,14.08,10.6,242.575,0.09682819262358063,-18.68,12.11,45.87,-45.87,1.6466380627883473e-07,22.934998061305055,39.72458639089818,22.935002033763585,39.72458409739818,-39.72458639089818,0.0,11063591.362381294,13755681.993895046,0.40578772251153233,0.4109792624778185,1.0974334595452209,1.40178259182521,1.603859886804233,3.9296693339046684,8818455.911811577,16.60362945986362,7.013505834230953,0.44551202736434775,-0.009429669098095917,12.965040047396107,0.7650160140330661,730569372.3167305,23.892971099763532,16617.528404982568,13852697.779644316,-7.536779803219265e-07,-4.964143378879942e-08,-13.754606545374369,23.905404252215185,91.82563472495683,91.82745968287378,67.29538176478461,68385.42254128151,78018733.40767081,1.1545394309796768,0.3806224793078712,1.377610110313466,3.3255384867944855,0.3757519617411281,1.1986661572337556,3.2879763731009257,0.5645920619076158,5.387560248607837,-4.9,0.109,0.127,0.85375,0.387,0.8079999999999999,1.064
8.3298,0.888,11.8,8.120000000000001,249.025,0.09555349258801618,-22.84,8.61,54.870000000000005,-54.870000000000005,1.9697194354740926e-07,27.434997680920176,47.51881524457344,27.43500243280157,47.518812501073434,-47.51881524457344,0.0,10833655.486161673,13940919.438095504,0.4027252270908461,0.40842068788450764,1.0655296920415644,1.3618365822056804,1.5678461781123583,3.9181501976296684,8598365.407926133,21.094903664562704,6.28480961437661,0.3407353021521934,-0.021765731670715646,16.076114746909912,0.567810124512064,620778946.4303505,25.358111409231128,16681.935763450114,14037887.051634762,-8.032732326781554e-07,-4.838685867401875e-08,-18.20747348354714,25.37377474499803,114.16999147177576,114.17650838865958,83.00398474767977,70203.77140407143,79148460.82587203,1.238254448002967,0.3782897105041618,1.3454590971451932,3.316761249073636,0.37293794904131566,1.163596580793477,3.2805084670215185,0.5711299078260549,5.362335973426829,-2.1000000000000014,0.217,0.661,0.76625,0.9889999999999999,1.2,0.856
10.2898,0.9400000000000001,11.24,8.84,248.875,0.09558077458883998,-18.52,19.810000000000002,53.67,-53.67,1.9266419191159932e-07,26.83499773163816,46.47958473075007,26.835002379596503,46.47958204725006,-46.47958473075007,0.0,12294456.331429671,15892688.30868517,0.40286711563091065,0.40855224318566963,1.0662613599951325,1.362759265331522,1.5686905366715596,3.918433514291783,9161421.947562497,19.140489018723713,8.253960441386816,0.35565014644348036,-0.019990211462856046,18.347680963935773,0.4500103929430848,631891098.6853616,30.35448294695244,18636.849103129098,15989675.486722328,-6.999513879591082e-07,-4.508554866525891e-08,-12.85057394358304,30.372559434731862,112.05037811622333,112.0562475536233,75.59397475854426,70161.48422121585,79123038.0201933,1.2367073406079578,0.37835384930550475,1.3462032069608492,3.3169674786971126,0.3730130057358638,1.1643965057834416,3.280682922980448,0.5712742698582202,5.36306856162456,-14.5,0.175,0.199,0.93625,1.311,1.0,1.104
8.3998,1.068,11.56,9.879999999999999,237.77500000000003,0.09785238249384369,-23.24,17.009999999999998,60.07,-60.07,2.1563886730258562e-07,30.034997461142243,52.02214747114136,30.035002663356845,52.02214446764135,-52.02214747114136,0.0,12295020.484474331,14631665.85669845,0.4079605626872186,0.41279320713306494,1.122240137755267,1.4327792108283597,1.631474878510089,3.9390034456779057,9137474.465224903,24.746996886913674,5.6356464770080565,0.36133242324696735,-0.02497830877919425,16.124927032706218,0.5615597294020068,560661102.6647358,24.187133975380267,17303.424086238716,14728619.830789218,-9.13943848467552e-07,-6.094696272542734e-08,-16.81541712916507,24.198453807402426,128.742180751629,128.7488090150157,96.2568864398317,67032.23268990299,77131818.61667238,1.0679370863203896,0.38247134792495074,1.4023645011512236,3.33262647611505,0.37793967991784994,1.2259848915466527,3.2940803236483154,0.5409134503791825,5.408212574670371,-5.1,0.181,0.5529999999999999,0.95875,0.121,1.176,1.44
12.6698,0.932,12.2,12.600000000000001,243.47500000000002,0.09664303691044368,-16.52,20.93,51.269999999999996,-51.269999999999996,1.840486886399794e-07,25.634997833074124,44.40112370310333,25.635002273186373,44.401121139603326,-44.40112370310333,0.0,14165553.780759607,24684370.02764181,0.40534242576196455,0.4106025773050239,1.092890617812051,1.3960887860250502,1.5987618181020864,3.9279905469940055,10032252.776530419,18.176605875863164,8.149028128661271,0.486375661153378,-0.013143300923508877,19.790837392025853,0.6328332375125627,687436762.3356,30.09559680532031,27244.988069615687,24781372.022856213,-6.739617645073757e-07,-3.448004358761417e-08,-11.402127970393003,30.111010010496997,126.23601223892123,126.24203168310999,83.29450479967659,68639.14563841496,78180342.80663235,1.1680039938396816,0.38029862506162954,1.373056966408718,3.3242749872616524,0.37536218522347164,1.1936653304066787,3.286895226503264,0.5668667172063308,5.384049541452491,-4.1,0.43300000000000005,0.20500000000000002,0.89375,1.129,1.216,1.232
11.549800000000001,1.0,11.2,13.96,247.675,0.0958102072722118,-18.12,7.91,47.67,-47.67,1.7112543373254964e-07,23.83499798522808,41.283432161633236,23.835002113571182,41.28342977813323,-41.283432161633236,0.0,11008853.64756846,18180681.199361015,0.40346134172019527,0.409050665973651,1.0720741444813988,1.3700515311110946,1.5752881507683383,3.9204933118751226,8689089.963070698,16.246534033200675,11.63292755562598,0.3777900751906751,-0.013972468731910536,17.309877174990685,0.43653451073073013,722557255.4645445,36.788090328960955,20918.335688374173,18277687.907475553,-7.15517304875605e-07,-3.19872884642625e-08,-14.573069472083736,36.80614754878054,105.37348606740417,105.37459854112383,70.98302347001956,69823.18675837122,78918500.31201816,1.2245540072966685,0.3787695682535763,1.352080361168824,3.318534550742525,0.37352089446157705,1.1707850839139942,3.282010399457128,0.5724788289026915,5.367467086193312,-16.5,0.487,0.649,0.87875,0.821,0.8959999999999999,0.864
8.0498,0.868,11.72,13.24,238.075,0.09778624295103344,-22.68,13.649999999999999,57.27,-57.27,2.0558744681902911e-07,28.634997579484207,49.59727627222017,28.635002539211698,49.59727340872016,-49.59727627222017,0.0,11783004.98138798,14606679.034538943,0.40783634753500425,0.41269120581160545,1.1206581240771551,1.4308102609962863,1.6297246005701784,3.938406093113445,8973715.761276677,23.213998282525296,5.861171972471573,0.3448545147947307,-0.019227725079194128,14.535161375678694,0.5837653969439555,584124659.2956337,24.510788300627915,17301.29609472416,14703641.364114502,-9.226271410042175e-07,-5.658149800667e-08,-16.847757968893923,24.522443174443932,123.25495017032895,123.26142145058286,90.71686819809153,67116.80705561413,77188464.3594771,1.074498228695204,0.3823575299757706,1.400792273368828,3.3321713452158312,0.3778050418920069,1.2242462030069765,3.2936878465613146,0.5432857531468664,5.406944744519759,-13.5,0.613,0.313,0.83875,0.275,1.056,1.176
11.619800000000001,0.8440000000000001,12.28,13.4,236.275,0.09818137200294212,-16.2,10.57,41.67,-41.67,1.4958667555349997e-07,20.834998238818002,36.0872795925164,20.83500184754586,36.0872775090164,-36.0872795925164,0.0,10444558.281175423,14302044.468986435,0.4091055192846205,0.4138352184607441,1.1302092137294006,1.4427786185069447,1.640344416938224,3.9421715567768767,8475250.063442135,14.087095254133619,14.88443343986303,0.32346190857971907,-0.01107406864691353,14.59462973526352,0.43179158653262106,857012132.5532163,37.294055858463004,17212.419049157103,14399087.74013748,-6.235851953701651e-07,-3.372299437938796e-08,-12.261878840970827,37.28994632856318,82.37155248315135,82.3727341555512,53.422191141227906,66609.36086134717,76846721.97553767,1.0354542705821475,0.3830400439329443,1.4102583250651848,3.3349255910929303,0.3786119180778608,1.234739862893403,3.2960680813799175,0.5289725346475685,5.414554429969376,-0.6999999999999993,0.151,0.697,0.83125,0.723,1.32,1.032
6.8598,0.8160000000000001,11.36,10.04,237.47500000000002,0.09791897116264871,-20.6,10.99,59.47,-59.47,2.1348499148468065e-07,29.734997486501236,51.502532214229674,29.735002636754313,51.502529240729665,-51.502532214229674,0.0,10360749.631269112,10517963.184142733,0.4081256437336766,0.41293679788235976,1.1238262340761518,1.434760492007947,1.6332352905632728,3.9396187966471072,8363025.264768396,24.350691045328464,6.2754899930374215,0.4391533346192071,-0.024428065754482472,13.96042951409219,0.6944504832229293,637604611.1318382,23.327783551525602,13302.027035875106,10614921.92513844,-9.351635118271692e-07,-6.263596200190442e-08,-15.435168845567588,23.339312524085422,112.0551340963316,112.06196580009708,84.73626793994453,66947.65832419181,77074894.14546518,1.0613970017363503,0.38258522954401947,1.4039391195848223,3.333083280432806,0.378074338060886,1.2277277076994613,3.294474551779421,0.5384636981840581,5.409481797823807,-16.9,0.199,0.601,0.83625,0.6529999999999999,1.088,1.424
6.6498,0.9560000000000001,12.24,6.04,237.92499999999998,0.09781927329468121,-17.16,19.53,50.67,-50.67,1.8189481282207447e-07,25.33499785843312,43.88150844619165,25.335002246583844,43.88150591269165,-43.88150844619165,0.0,10586484.129331233,8237127.007238868,0.4079961983063401,0.4128415865258998,1.1214507973770858,1.4318128213388366,1.6306176193457513,3.9387394632732624,8499862.75755049,18.266149649003882,8.275231812773548,0.4245298038146175,-0.01618816206173574,12.836318820510265,0.6744725487289838,729367948.8808419,25.80687513521179,11190.8367787224,8334129.204340475,-8.382551680141639e-07,-7.54282102066661e-08,-10.341326417671144,25.817946714947073,81.62584818489557,81.63277944636225,62.52170953942324,67074.51987275852,77160162.38604915,1.0712150281275972,0.3824144420986316,1.4015781386484742,3.332398722238137,0.3778723679376478,1.2251150276291836,3.293883873853806,0.5420992838988881,5.407578632748735,-17.9,0.367,0.6849999999999999,0.97125,0.5549999999999999,1.04,0.968
9.1698,0.752,11.68,10.120000000000001,242.875,0.09676626470907365,-21.0,9.59,43.07,-43.07,1.5461238579527823e-07,21.53499817964702,37.299715191977,21.535001909618433,37.299713038476995,-37.299715191977,0.0,10051102.731577963,11888945.626462644,0.4058119149276399,0.4110291581284918,1.0959198740015708,1.3999105421449627,1.6021869890596303,3.929155984689647,8274712.9555502655,14.909463814070635,15.160509556398003,0.25089953801702003,-0.01625717247736808,14.439286992752313,0.45015909540191285,853821729.4060382,39.233515492465024,14812.907297898479,11985967.607303517,-6.772617467829188e-07,-4.154350849002256e-08,-16.257601258247444,39.233988247711125,81.92561594004563,81.92735095602835,56.81179660112973,68469.99690699266,78072700.07248859,1.1590169359200322,0.38051452494219734,1.3760902384248095,3.325115887047829,0.3756220735271888,1.1969952478933663,3.287614460530739,0.5653502822562957,5.386389419760071,-0.5,0.41500000000000004,0.271,0.92625,1.423,1.384,0.752
11.1998,1.028,12.0,6.84,240.625,0.09723769881524967,-21.96,10.29,51.47,-51.47,1.8476664724594776e-07,25.73499782462113,44.574328788740566,25.735002282053884,44.57432621524055,-44.574328788740566,0.0,11729328.262671106,19052804.32521748,0.4066650692154672,0.4117077155871082,1.107376073472976,1.414235584125799,1.614965385915501,3.9333520332717202,8951739.01101821,19.485981663732975,7.303137161242875,0.2933361952724537,-0.018856041005401676,19.236308755388123,0.5392764580953813,598982175.8327924,28.099033619153058,21696.460166419405,19149787.081176177,-6.864564203232292e-07,-3.7031283523641595e-08,-17.6026018356206,28.112306563564566,119.7408861262272,119.74699382065198,81.71258801726658,67835.689164159,77663220.2139244,1.1257018074704934,0.3813364858926691,1.3875536673945397,3.3283328475389555,0.37660695583105014,1.2096292530756034,3.290376873721641,0.5597005771094534,5.3953682592053305,-17.7,0.517,0.529,0.92875,1.381,0.864,1.312
7.2798,0.876,12.92,6.6,240.775,0.09720570816540816,-23.0,10.43,59.870000000000005,-59.870000000000005,2.1492090869661732e-07,29.934997469595242,51.84894238550414,29.935002654489338,51.84893939200413,-51.84894238550414,0.0,11217827.661964567,13810142.214943746,0.4064672750634174,0.41151937161600466,1.106604498132084,1.4132497450621815,1.6140881093473443,3.9330327259902136,8791126.846265972,24.922184742231195,5.83196454432516,0.6865123850765377,-0.023228224357530927,14.78300158104302,1.064891934272795,699046768.6271695,20.066185772534887,16502.211807299514,13907094.420410842,-9.361536598804838e-07,-6.238726190796968e-08,-17.843204059775477,20.076778963545262,128.22457579949452,128.231671868519,100.93275894168454,67877.97634701456,77690777.47091483,1.1279042393671599,0.3812825128845594,1.3867865499383778,3.3281166504381936,0.3765421516080989,1.2087803928693168,3.2901906471606446,0.560079690750917,5.394781047773186,-19.3,0.673,0.45099999999999996,0.82625,0.961,0.728,1.016
11.8298,1.064,10.72,13.16,243.62500000000003,0.09661243176325535,-20.759999999999998,19.67,58.07,-58.07,2.084592812429024e-07,29.034997545672216,50.290096614769084,29.03500257468174,50.29009371126907,-50.290096614769084,0.0,13875400.757185131,22911051.784601014,0.4051763452649371,0.4104465384632471,1.0921341207811148,1.3951281818425747,1.5978995564904666,3.9276901668786643,9789184.730881482,22.193145641083667,7.777618914155976,0.4307720896770829,-0.021443831369275676,20.367875701470435,0.5399890498487462,635361724.1057487,32.26392311793543,25423.04531695314,23008018.466540698,-8.472135531914703e-07,-4.077822671057188e-08,-15.120050016298586,32.27963587583363,146.11940094896667,146.12590332381598,102.59380899099982,68681.43282127057,78207135.15323992,1.170257620955484,0.3802446440314526,1.3722999400999256,3.3240656349644646,0.3752971823779006,1.192835292666826,3.286716357044098,0.5672458285376707,5.383464838509155,-3.8999999999999986,0.361,0.42100000000000004,0.90625,1.213,1.36,1.344
9.729800000000001,0.8400000000000001,14.44,6.44,245.425,0.09625161347234089,-23.08,10.850000000000001,53.47,-53.47,1.9194623330563097e-07,26.734997740091156,46.30637964511284,26.735002370728992,46.306376971612835,-46.30637964511284,0.0,12371166.704576923,19800409.567119025,0.40433689354730784,0.40974618338966723,1.083132553293359,1.383873304930387,1.5877669941003238,3.9244155197449655,9359042.121214978,20.87320452560734,6.857623293703418,0.6809149365706979,-0.01493874709880829,15.926004361113579,1.1424291917985692,761151985.5844737,20.391546015039946,22407.42312436139,19897382.577294722,-8.117477253798648e-07,-4.964889963491164e-08,-18.1720236279008,20.403041733164912,130.21279298406213,130.2194614493123,98.00822896856039,69188.87901553753,78525719.51045364,1.1975155227470669,0.3795845568596941,1.3632453848354777,3.3215687400446536,0.3745046637115853,1.182945269731617,3.284588718375905,0.5718583675095484,5.376273573840179,-6.699999999999999,0.349,0.23500000000000001,0.79125,0.261,1.064,1.336
11.4098,0.892,13.16,11.48,245.125,0.09631121538776896,-21.88,14.91,55.47,-55.47,1.991258193653142e-07,27.734997655561184,48.03843050148512,27.7350024594041,48.03842772798511,-48.03843050148512,0.0,13333031.306805024,21879076.910638995,0.4044759034136577,0.4098618307995767,1.08462442879626,1.385737987995318,1.5894487909959936,3.9249540352410217,9666407.978869658,21.630907916793902,4.903978111595357,0.39766152046055664,-0.016004537072064152,17.232296708230393,0.6796403704244978,561978774.1731222,23.086089074528395,24428.81671794737,21976047.56506133,-8.315993184783265e-07,-4.581738792882743e-08,-16.59067915695136,23.09854367530461,139.10581829847908,139.11238205827635,99.91218166481833,69104.30464982636,78473023.25416252,1.1929364115384762,0.37969269268144656,1.3647474876023467,3.3219796082518216,0.37463506156845694,1.184583036557751,3.284938083326687,0.5710188303831596,5.377442644247448,-9.1,0.391,0.511,0.88875,1.003,1.208,1.256
7.2097999999999995,1.032,14.0,7.32,247.225,0.09589858143306779,-19.4,20.37,43.87,-43.87,1.574842202191515e-07,21.934998145835028,37.992535534525906,21.935001945088477,37.992533341025904,-37.992535534525906,0.0,11556494.187559023,10871612.787936017,0.4036390689581318,0.40919258096046895,1.07427216467125,1.3728006674462139,1.5777764723439132,3.9212795303218453,9005559.98490485,15.235781004402792,7.9620284227978875,0.37676750723732183,-0.009459620886003724,12.02420363777076,0.6624762714466951,736918592.3265762,26.38095607119428,13843.103748188554,10968641.064420843,-7.573749461365363e-07,-6.643755357094295e-08,-12.018240721180486,26.39555815455408,79.85028769504466,79.85299651890755,61.22253023754436,69696.32520980448,78839207.66318779,1.2199931003968973,0.3789376691483096,1.3543047922346416,3.3191394686227875,0.37372274727919724,1.1732020089181456,3.282523977932151,0.5729392436929549,5.369302547611363,-5.300000000000001,0.499,0.181,0.9237500000000001,0.10700000000000001,1.184,1.168
13.299800000000001,1.104,12.04,8.52,246.02499999999998,0.09613290815379165,-20.52,12.530000000000001,49.07,-49.07,1.7615114397432788e-07,24.5349979260571,42.495867761093834,24.535002175643758,42.495865307593824,-42.495867761093834,0.0,13056926.28072809,26113291.04844537,0.4041710614049351,0.40962901228733517,1.0801607807954778,1.380175477925766,1.5844285331752153,3.923373640931704,9551936.312299132,17.382909043707677,8.843455103816167,0.407509332140204,-0.015873273535327817,22.079489986775858,0.5324110397971619,677696062.9752946,32.64656151792881,28629.79319439114,26210288.06358952,-6.596619209515559e-07,-2.978044383069712e-08,-16.29839031922784,32.66341597189096,127.40693340727765,127.40766623840511,85.09464698681202,69358.02774695984,78630878.18707563,1.2066873276067953,0.3793686416535373,1.3602484827704013,3.3207515924111775,0.37424407337057686,1.1796815270936778,3.2838946173163435,0.5733756853223902,5.3739428249491485,-2.3000000000000007,0.655,0.12100000000000001,0.80875,0.695,0.776,1.36
10.639800000000001,0.904,13.44,9.64,238.225,0.0977532921694641,-23.64,11.83,50.47,-50.47,1.8117685421610614e-07,25.234997866886115,43.708303360554424,25.23500223771633,43.708300837054416,-43.708303360554424,0.0,12694544.24306291,20859128.683840442,0.40781132197740383,0.41267776370027676,1.119869175861268,1.4298326460136297,1.628855067017906,3.938113563407133,9437524.347798893,19.640166616175744,5.826202882618563,0.35117941838180616,-0.013879205029485281,16.841573167911584,0.6372843976952918,630233523.9036818,23.982481659116313,23456.381153683196,20956112.067024104,-7.358914464740994e-07,-4.276693515995044e-08,-18.545327158543223,23.993523157188438,124.35079588003596,124.3571498612251,88.63204114978132,67159.0942384697,77216723.88713,1.0777867841482744,0.3823006014740068,1.4000069408495195,3.331944344825699,0.3777376913946286,1.223378415353302,3.2934922320054008,0.5444728524209337,5.40631074197942,-9.299999999999999,0.265,0.319,0.96375,0.513,1.328,1.216
12.389800000000001,1.012,12.64,11.719999999999999,239.125,0.0975572925277088,-21.24,8.47,60.67,-60.67,2.1779274312049059e-07,30.33499743578325,52.541762728053044,30.335002689959378,52.541759694553036,-52.541762728053044,0.0,13416347.066466354,27590724.202917963,0.4073195374861552,0.4122510292502557,1.1151446928001143,1.4239369747957014,1.6235996706102545,3.9363038765167233,9686748.824259607,25.331453684315058,4.744494317949689,0.4218793427545024,-0.02068714860634376,20.27531231326713,0.6493105322601664,579826213.4581655,22.65054796575063,29945.151579196874,27687676.901070606,-7.990055361407583e-07,-3.525886762748896e-08,-17.436339273471095,22.659975637950346,168.89303881191069,168.90004838744085,114.92304658485638,67412.81733560318,77385356.25092207,1.0976309856537723,0.381958886859513,1.3953063972516127,3.3305904171255105,0.37733324492418213,1.2181928762330343,3.2923271884886796,0.5516083827795674,5.402507357329679,-12.1,0.511,0.34299999999999997,0.93125,0.28900000000000003,0.9279999999999999,1.2719999999999998
9.799800000000001,0.788,13.04,12.04,243.175,0.09670447770077943,-20.28,19.39,46.269999999999996,-46.269999999999996,1.6609972349077135e-07,23.134998044399058,40.07099656217264,23.135002051498603,40.07099424867263,-40.07099656217264,0.0,12475240.917530268,15245740.524347737,0.4055076695959326,0.4107452946701805,1.0944024169448912,1.3979861942005394,1.6004626292971673,3.9285558790968422,9331944.029009834,16.541486897581077,8.028375068107998,0.29091612602813954,-0.010601239832370055,14.203112845784048,0.5740623130225396,676964666.0813005,28.411984173973234,18066.54782783417,15342754.179959796,-7.338061962093896e-07,-5.076627491105262e-08,-13.725513829095863,28.426112817654243,96.80463795062418,96.80605959384364,68.779247532022,68554.57127270383,78126625.32884245,1.1635050736186971,0.38040657350421164,1.374572522590825,3.324694722328246,0.37549214846068474,1.1953283212577313,3.287254083701505,0.5661085015956597,5.385219184206027,-17.1,0.241,0.43300000000000005,0.86125,0.751,1.352,0.784
11.6898,0.716,12.8,7.4,237.32500000000002,0.09795231389847359,-17.240000000000002,14.350000000000001,53.269999999999996,-53.269999999999996,1.9122827469966265e-07,26.63499774854415,46.13317455947561,26.63500236186148,46.1331718959756,-46.13317455947561,0.0,12249004.114079088,19852661.17802236,0.40828259036702785,0.4130839368906966,1.1246219859667566,1.4357635447311488,1.634126264712647,3.939939399513349,9206620.302721972,20.12380371415071,6.292940497408081,0.4254338909613533,-0.016172571465570704,18.687352850892093,0.6479122073614124,625706685.0280588,24.165414575598145,22487.85317158843,19949650.225175977,-6.858184856812815e-07,-3.7841667848969224e-08,-12.982508242214049,24.176271842599455,120.88333037601603,120.88924932348137,80.60275263742082,66905.37114133623,77046428.52081598,1.0581357645065814,0.38264210809319116,1.4047271124051601,3.333312196285478,0.37814159540140035,1.2286006450411675,3.2946722586352735,0.5372808552650309,5.4101157325431934,-3.3000000000000007,0.133,0.493,0.96625,1.339,0.984,0.872
12.809800000000001,0.728,13.32,12.120000000000001,238.525,0.09768763188437926,-18.439999999999998,9.030000000000001,56.07,-56.07,2.0127969518321917e-07,28.03499763020219,48.5580457583968,28.035002486006633,48.5580429548968,-48.5580457583968,0.0,12977824.216629345,26505009.57207168,0.4076529593640732,0.41254109528694305,1.1182911888166234,1.4278637635766422,1.6271017679622228,3.9375081898538573,9565831.37871895,22.229362592969405,5.125979309476008,0.48608236344165473,-0.015131440047811704,19.04629096349762,0.7735050836598151,605262446.5583704,22.28156687388189,28939.523151610512,26601983.17905303,-7.289828917326239e-07,-3.2600716320387324e-08,-14.925211423396966,22.291530453408786,148.8542082673665,148.86077201119957,98.81826059614743,67243.66860418086,77273113.11741255,1.0843800864909563,0.38218672935158654,1.3984379504971733,3.331491514208178,0.37760294397170446,1.2216458174563858,3.2931022361858773,0.5468489191251598,5.4050428986640515,-1.2999999999999972,0.397,0.673,0.91625,0.45699999999999996,0.72,1.12
10.4998,0.936,14.4,11.32,238.82500000000002,0.09762229773836009,-18.2,17.43,57.07,-57.07,2.048694882130608e-07,28.534997587937205,49.42407118658294,28.535002530344187,49.424068333082936,-49.42407118658294,0.0,13428476.517727654,19601838.11397453,0.4074634541227214,0.4123729734680528,1.116715932357265,1.4258948728988992,1.6253465343873041,3.9369009866947366,9769147.64300925,22.431098445312603,5.57671266575953,0.7323600726848232,-0.01386011489550752,15.283710395755985,1.0827062708622626,727961203.2951219,19.398444526386594,22207.877736931838,19698812.75458076,-8.611530868129818e-07,-5.3572512802605476e-08,-12.812893338752845,19.407713192359836,131.89318868521556,131.89951754159162,96.15538586924369,67328.24296989203,77329324.96413544,1.0909948764808517,0.38207282442668056,1.3968711010026773,3.3310402068550924,0.3774681288876639,1.2199173209285843,3.292713894301471,0.549227442635237,5.403775103536574,-8.100000000000001,0.379,0.151,0.86625,0.177,1.1440000000000001,1.04
7.4197999999999995,0.8360000000000001,13.76,7.16,236.125,0.09821387648484538,-20.44,8.05,46.47,-46.47,1.668176820967397e-07,23.234998035946063,40.24420164780987,23.235002060366117,40.24419932430986,-40.24420164780987,0.0,10115410.2840336,12212510.85179742,0.40887895952306175,0.41359369525028516,1.1310034385112397,1.4437280248752824,1.6411800763336357,3.9424059421613693,8407790.431298472,17.317681160890835,7.295479458642168,0.4674240715511333,-0.01153845305637067,12.979786194341953,0.8349682221811031,730789544.0145931,23.630393602726464,15077.089538075747,12309517.107022455,-7.568927104003588e-07,-5.056973971404749e-08,-15.984648052554641,23.639994539627185,89.5678627094589,89.57010694198273,66.96983393796924,66567.0736784916,76817954.61020656,1.0322363956361882,0.38309685605501725,1.411050614294533,3.335157637505541,0.37867903516087686,1.2356210030830854,3.2962691964244137,0.527795882836717,5.415188452530071,-2.6999999999999993,0.595,0.571,0.90875,1.479,1.248,1.008
11.7598,1.048,12.76,12.76,249.47499999999997,0.09546847014006721,-23.16,17.990000000000002,52.27,-52.27,1.8763848166982106e-07,26.13499779080914,45.26714913128948,26.13500231752393,45.26714651778947,-45.26714913128948,0.0,13827375.480954316,22145107.890590586,0.4025042550962602,0.4082357558918783,1.0633638725043726,1.3591212430477284,1.5653817800980736,3.9173848460415757,9858490.780883286,19.468475555444055,5.622887321258919,0.29818871394174984,-0.014253903272071659,17.20526285918927,0.5177198734647408,539869442.1036065,26.255341273176082,24720.626658016794,22242088.538751353,-7.947377046409869e-07,-4.541266695159803e-08,-17.0469269012782,26.27086220489137,130.96014542042124,130.96657277652935,92.2375513309364,70330.63295263816,79224634.71351051,1.2428351742890722,0.37813381892224257,1.3432653403112629,3.316179902373042,0.37274729171985843,1.1612192262677115,3.2800172837889265,0.57068500219792,5.360689315420825,-15.1,0.535,0.487,0.75375,0.42899999999999994,0.856,1.184
6.7198,0.916,11.96,6.52,235.37500000000003,0.09837896072381921,-19.56,14.63,57.870000000000005,-57.870000000000005,2.0774132263693408e-07,28.934997554125218,50.116891529131856,28.93500256581423,50.11688863563185,-50.116891529131856,0.0,10619885.579077821,9948258.882891985,0.40912933515984584,0.41378842020957896,1.1350156197447605,1.448720910542949,1.6455859975635667,3.943936599304469,8490239.824266743,23.169788993246897,6.499745567596474,0.5418556357850794,-0.02318156848862479,14.023426755400726,0.8298236417211056,686143768.7637914,22.327671432472712,12766.312727624112,10045226.55927722,-9.006794823140338e-07,-6.896222204254229e-08,-13.842962981723456,22.338194689406034,104.44383836584166,104.45079389966548,80.73870794957728,66355.63776421368,76673429.80569932,1.0162285024984055,0.3833807592556938,1.4150201764731956,3.3363238078157074,0.3790143293901904,1.2400423393974438,3.2972812851051727,0.5219220718257387,5.418358171553852,-1.0999999999999979,0.187,0.109,0.88125,0.835,0.824,1.264
13.369800000000001,0.744,14.32,9.72,247.07500000000002,0.09592781194881196,-17.64,13.93,54.67,-54.67,1.962539849414409e-07,27.33499768937317,47.34561015893621,27.335002423934057,47.3456074254362,-47.34561015893621,0.0,13790586.062473292,27392484.94584041,0.4036125007183851,0.4091520765356153,1.0750016350489524,1.373700123725946,1.5785863328262395,3.9215039975237524,9949814.619108655,20.61536114811003,7.447559170047955,0.6557591677463066,-0.0133424134176363,18.997894897089168,1.0237314499716592,710284303.4928532,21.13551457822662,29841.95711904669,27489467.641613644,-7.042919596999294e-07,-3.570710437022906e-08,-13.501869439285873,21.1469793605516,144.05939266652638,144.06587385556398,95.48694455062187,69654.0380269489,78813309.46781315,1.2184825321961852,0.3789896303699431,1.355043372253333,3.3193378105994418,0.37378615090306855,1.174007678507735,3.2826924991590722,0.573092213370375,5.369853353976706,-9.9,0.42100000000000004,0.667,0.87125,1.073,0.7999999999999999,1.408
10.0098,0.9920000000000001,13.6,8.68,247.525,0.0958380683185529,-16.04,11.969999999999999,43.67,-43.67,1.567662616131832e-07,21.834998154288026,37.819330448888685,21.83500193622097,37.81932826538868,-37.819330448888685,0.0,10774365.69090263,13727253.389444709,0.40368004778148703,0.40926051312144746,1.0728140734658203,1.3709966274862933,1.5761498999513728,3.920802049880537,8689462.520224787,14.925646505581588,8.349929958627854,0.35529207196487156,-0.009394004774372154,14.34946066872548,0.619007975097197,709498063.7278625,27.363611279469914,16643.731783709492,13824287.122300332,-6.176638908189872e-07,-3.984761639746081e-08,-11.860661757832583,27.375536007223182,83.34756394488106,83.34919077310899,56.060894334161276,69780.89957551565,78892741.48634711,1.2230168030512807,0.3788337513062181,1.3528293104151388,3.3187437998627574,0.3735959090754865,1.1715934971436586,3.282187977832228,0.5726256258211042,5.3682014408042225,-12.3,0.691,0.5589999999999999,0.85875,1.087,0.968,1.304
11.8998,1.072,11.4,13.08,236.72500000000002,0.0980857203720091,-20.2,16.73,46.67,-46.67,1.6753564070270803e-07,23.334998027493068,40.4174067334471,23.335002069233628,40.417404399947095,-40.4174067334471,0.0,12623710.01466951,19592327.9875346,0.40861671958358986,0.4133751522539672,1.1278072521590936,1.439742884200975,1.6376545674082554,3.9411759116601064,9325089.134213524,16.132820650576456,13.389168185211702,0.36198685257427093,-0.014285522365873401,17.948627663186453,0.43430556980983837,796434989.2804276,39.08473464702019,22289.109889623014,19689338.56919123,-7.171431191804285e-07,-3.6220717000625636e-08,-14.890808767282003,39.098201523635524,107.52101463020475,107.52195073734183,73.57912858503694,66736.22240991391,76932217.18595882,1.0451404969351181,0.3828695875404775,1.4078846546276456,3.3342318318794377,0.37841049090949447,1.2321026196746128,3.2954673398728973,0.5325058463133469,5.412652847975259,-0.8999999999999986,0.115,0.163,0.88375,0.30300000000000005,1.456,1.208
10.2198,1.004,10.52,11.96,240.02500000000003,0.09736611724409538,-17.88,19.25,50.870000000000005,-50.870000000000005,1.8261277142804282e-07,25.434997849980125,44.05471353182889,25.435002255451355,44.05471098832888,-44.05471353182889,0.0,11636988.420491666,13604486.806451496,0.40699822063337276,0.41199644282879466,1.1104607222131977,1.4181149077459474,1.6184093556186465,3.934527743220902,8847480.909943072,17.103070431252288,13.708015796439016,0.37165293535639415,-0.018939601639433003,16.643763680208114,0.4213138493005121,809002700.6294649,38.46563581488693,16423.718858641976,13701486.26127085,-7.220800368286132e-07,-4.5339109817122134e-08,-12.064145212574548,38.47762029528243,99.2513587998535,99.25692022547473,65.9585672331896,67666.54043273667,77552817.60591494,1.1169189437308018,0.3815523736933219,1.3906276155132742,3.3292013615625935,0.3768660625555128,1.2130346899322515,3.2911257715914353,0.5581815904802033,5.397718512969204,-0.10000000000000142,0.583,0.349,0.81625,0.9329999999999999,1.096,1.024
12.3198,0.736,12.68,8.280000000000001,242.275,0.09689062955819544,-18.04,18.55,51.07,-51.07,1.8333073003401111e-07,25.534997841527126,44.22791861746611,25.535002264318862,44.227916063966106,-44.22791861746611,0.0,13037114.510783354,21167808.91720064,0.40591242688877477,0.4110805921238101,1.0989534221977755,1.4036835309813573,1.6055581606152924,3.9302213787312796,9533634.765381008,18.480456416691975,6.986308246491394,0.3869434767566314,-0.014699084138037982,19.136315969564283,0.5694967134174415,627618380.2220454,26.704496169433803,23801.77094118705,21264806.80625177,-6.531944247813223e-07,-3.802238658819334e-08,-12.98694288166651,26.717921810850992,118.63964289236218,118.64552165775956,77.77400020526896,68300.84817557035,77964429.50222373,1.1500728837040743,0.38073042438167204,1.379132065597361,3.325962502178673,0.3758817997488972,1.200340966976618,3.2883398058994446,0.5638338461929693,5.388731504817477,-15.899999999999999,0.30100000000000005,0.355,0.87375,1.101,0.9199999999999999,0.824
10.3598,1.024,13.4,10.92,246.925,0.09595698366524082,-21.32,12.25,50.269999999999996,-50.269999999999996,1.8045889561013782e-07,25.134997875339113,43.535098274917196,25.13500222884882,43.53509576141719,-43.535098274917196,0.0,12098621.19787189,17955595.1158967,0.40369992252806114,0.40922795211168317,1.0757346848718012,1.3746235127145583,1.5794186483223414,3.9217735392984685,9189294.77016638,18.68805232387115,5.924322828243382,0.38291589183772423,-0.012786159196810004,15.39315533101893,0.6586667404026672,642378304.8541374,24.02030798029667,20654.01624210721,18052585.09162881,-7.852688543575779e-07,-4.6006392981084905e-08,-16.31026616032782,24.03436945158565,114.0038934698981,114.01009596146898,81.79760348444682,69611.75084409333,78787476.157112,1.216973275494145,0.3790415931138165,1.3557824690071558,3.319536482858942,0.373849545616332,1.1748143048904418,3.2828613723869924,0.5732454966625965,5.3704043290974495,-5.5,0.523,0.133,0.89625,1.395,0.84,1.4
9.4498,0.8200000000000001,12.36,13.32,247.375,0.09586945477709141,-22.6,11.129999999999999,49.67,-49.67,1.7830501979223285e-07,24.834997900698106,43.01548301800552,24.83500220224629,43.01548053450551,-43.01548301800552,0.0,11575431.03954325,16297233.650157064,0.4035181142898713,0.4090825513992221,1.0735395597498198,1.3718733116902406,1.5769395827284602,3.9210011252346977,8944045.22026526,18.623872034430157,6.805189886102153,0.27612180213211784,-0.013322861922897453,14.719005172131856,0.5188012251860871,630332715.9524581,27.20678972706828,19033.449595111662,16394222.37392757,-8.054334026381127e-07,-4.5899461768337476e-08,-17.427536033125605,27.222601135228047,110.65835735563361,110.66454916093213,79.14179152766937,69738.61239266007,78865035.49874051,1.221504086951528,0.3788857188778124,1.353566793100326,3.318941476884179,0.3736593423049996,1.1723972963181113,3.282355813429568,0.5727782834494264,5.368752074505706,-12.7,0.355,0.385,0.83375,1.437,0.7919999999999999,0.8879999999999999
8.6798,1.108,12.84,9.96,239.72500000000002,0.09742801364664551,-21.16,20.65,56.67,-56.67,2.0343357100112414e-07,28.3349976048432,49.077661015308486,28.335002512609165,49.07765818180848,-49.077661015308486,0.0,12953513.376426268,15199432.87930998,0.4070400427160948,0.4120159312412291,1.1120120710042911,1.4200377562778417,1.6201161451064747,3.935128776650454,9477855.476563618,22.338831861006618,5.548586207271452,0.4766246714231758,-0.01781959302044683,14.977366492036532,0.772339482101584,627323472.7877812,22.378641940032473,17904.37161284853,15296403.739014348,-8.779755916450849e-07,-6.38010833159887e-08,-14.232514283581988,22.390084768964893,121.45525335132584,121.46169342132771,91.42747945840934,67581.9660670255,77497076.73025514,1.1109671357829976,0.3817309187946526,1.3921835177105504,3.32969538813409,0.3770632757614511,1.214756171690873,3.291558659716787,0.5563801293753813,5.399972014602112,-5.700000000000001,0.547,0.32499999999999996,0.99625,0.6669999999999999,1.168,1.112
10.9198,0.92,11.04,11.4,241.975,0.09695201567563032,-17.08,18.130000000000003,55.87,-55.87,2.0056173657725085e-07,27.934997638655187,48.38484067275957,27.93500247713912,48.384837879259564,-48.38484067275957,0.0,12168681.90964435,16487767.647681732,0.4060178235188083,0.4111630113597932,1.1004830624002595,1.405591186682955,1.6072688306463279,3.930788126208911,9079057.667543856,20.700966076584606,7.9612861733062426,0.40683770675008357,-0.01960402006669017,17.98655751671187,0.5168347161177085,644271087.8614101,29.27756463690756,19193.089216248827,16584749.319807442,-7.723860927771896e-07,-4.353344580369619e-08,-11.952459228561827,29.292355593977362,117.95626148917194,117.96212821656765,79.5569249224205,68216.2738098592,77910125.2940381,1.1456202638304753,0.3808506967165761,1.3806685245852695,3.326400164845886,0.3760233279504361,1.2020254921094506,3.288715051848862,0.56310756868028,5.39008805041801,-6.099999999999998,0.643,0.247,0.75875,1.045,1.44,1.488
10.4298,0.9680000000000001,13.96,9.08,244.225,0.09649196882099997,-23.4,7.35,47.87,-47.87,1.7184339233851794e-07,23.93499797677508,41.456637247270464,23.93500212243869,41.45663485377045,-41.456637247270464,0.0,11819420.550363876,20092044.868462022,0.4049674095618994,0.4102846837421309,1.0891184460495027,1.3913693550894428,1.594517450494072,3.926601686718273,9125101.53322144,18.1437237483887,5.91610271294161,0.3933138800991164,-0.011958279643772614,16.007852563547107,0.7121187130417471,659781480.3778908,23.542924285902107,22740.470250387472,20189037.145812377,-7.0735378910162e-07,-3.953354784801525e-08,-19.06642284192015,23.555665008854316,116.26635775799727,116.26751224203285,83.01881541657146,68850.58155269288,78313817.75980492,1.1792968829761072,0.3800164743056838,1.36926518872187,3.323219747601896,0.3750254337992027,1.1895192850342047,3.2859944622043646,0.5687445821295148,5.380943478278205,-9.5,0.10300000000000001,0.40900000000000003,0.94625,0.5409999999999999,0.784,0.992
10.5698,0.8,10.6,9.0,236.57500000000002,0.09811765686110767,-20.36,14.07,49.870000000000005,-49.870000000000005,1.790229783982012e-07,24.93499789224511,43.18868810364275,24.9350022111138,43.18868561014274,-43.18868810364275,0.0,11345994.228477202,15666492.4146453,0.4087475385206673,0.4134959720944242,1.128606419554841,1.4407486839005437,1.6385458620542765,3.9415003289514017,8739559.44075805,17.417386862580614,14.106023321877997,0.33167350300046194,-0.022102302532160282,18.971771686672326,0.4319657939385055,831064429.9995406,38.67505382382449,18417.806731997276,15763487.278051222,-6.338606227641859e-07,-3.756639745125976e-08,-15.46474071685682,38.685390944415815,104.93340029324769,104.93903858143872,68.17415389021016,66693.93522705833,76903559.88914056,1.04190636008133,0.38292641607830585,1.408675327630323,3.3344626899213963,0.3784776524975351,1.2329806731114996,3.295667159927924,0.5313271178102977,5.4132867120229164,-1.5,0.403,0.391,0.9762500000000001,0.975,1.488,0.736
8.8198,1.04,13.24,8.36,248.575,0.0956378432982971,-23.48,13.370000000000001,52.870000000000005,-52.870000000000005,1.8979235748772603e-07,26.434997765450152,45.78676438820116,26.435002344126463,45.78676174470115,-45.78676438820116,0.0,12221345.35874438,16772148.87930662,0.4029154752653723,0.40857479577150785,1.067708161270499,1.3645584700052111,1.5703201347669369,3.9189168676905046,9236473.027804859,20.09808279910869,5.595687215031459,0.4358302879792906,-0.01624599713331358,15.510520560004299,0.7371628258242229,641971280.0824046,22.94605150609574,19463.876102516755,16869124.333012037,-8.021779073508993e-07,-5.295567858528472e-08,-17.82527789260266,22.960170440672123,118.64461346868481,118.65112329675564,87.90957809242555,70076.90985550468,79072045.94415408,1.233661730442629,0.37845778016325965,1.3476693746259276,3.317357304246178,0.37314004208296986,1.1659879808182072,3.2810127436126684,0.5715732824727443,5.364167347814697,-16.7,0.40900000000000003,0.499,0.97375,0.891,1.048,0.9119999999999999
11.2698,1.008,11.92,10.84,246.775,0.09598637111375519,-21.8,16.59,46.07,-46.07,1.6538176488480306e-07,23.03499805285206,39.89779147653542,23.035002042631096,39.897789173035406,-39.89779147653542,0.0,12536521.328820799,18580394.217437346,0.4039163523186934,0.4094349235516863,1.0764714491049545,1.3755692027209168,1.580271237569105,3.9220736413962243,9315980.483272843,16.032908137212544,10.919583655518926,0.2800690081562948,-0.01406238711263278,17.602670012534706,0.42243281275970135,727826395.1745217,35.04129766711437,21313.34403363806,18677403.35533948,-6.244414398940187e-07,-3.7824033969508435e-08,-16.169230025302294,35.05712737668256,104.22571682342274,104.22675438138708,68.20116091522729,69569.46366123772,78761482.30540621,1.215465066678362,0.3790935559568949,1.3565220176066615,3.3197354710197158,0.3739129314228761,1.1756218886676677,3.2830305985866555,0.5733991009291166,5.37095547305932,-12.9,0.253,0.637,0.95625,0.737,1.464,0.84
8.2598,0.9720000000000001,14.36,12.36,248.725,0.09560929547389559,-17.72,7.77,44.87,-44.87,1.6107401324899311e-07,22.43499810357004,38.85856096271205,22.43500198942603,38.85855871921204,-38.85856096271205,0.0,10181554.680961056,12896315.82842147,0.4029829336159477,0.40865687216679286,1.0669861871965376,1.3636747661450555,1.569520522766209,3.9187016556811343,8504722.27002892,15.888040418740811,6.831754022160293,0.49534534399661556,-0.00823644797931389,11.929914875847766,0.8751780500827878,730064853.4179579,23.298560620831836,15800.971966234318,12993336.604226403,-7.682352619169921e-07,-4.734284767677254e-08,-13.666007344802775,23.31267174922638,87.34549117534898,87.34756250398651,63.85699085749761,70119.19703836026,79097545.10758443,1.235183966077275,0.3784058094101631,1.3469360610825107,3.3171622326897663,0.3730765232686973,1.165191767185146,3.280847658260952,0.5714236035107517,5.363617788640272,-1.6999999999999993,0.541,0.631,0.78625,1.241,1.3679999999999999,1.16
13.439800000000002,0.9840000000000001,12.6,7.5600000000000005,243.32500000000002,0.09667370643782015,-17.8,15.469999999999999,59.269999999999996,-59.269999999999996,2.1276703287871232e-07,29.63499749495423,51.329327128592446,29.635002627886802,51.32932416509244,-51.329327128592446,0.0,14302942.679609071,30350484.082562633,0.4053045369096388,0.41055136792877495,1.0936434352228708,1.3970153375405705,1.5995913215274404,3.9282364340177005,10062757.233984388,23.177384403568734,5.7281982848126844,0.549946634757937,-0.02106779056175738,23.456724875899976,0.7764754631880235,674999121.6421928,25.01896693058943,32682.47736148345,30447451.484983902,-7.713684520713677e-07,-3.385946028044619e-08,-13.652085897925218,25.029721006451876,164.70429674243323,164.711169945777,113.73681423090989,68596.8584555594,78153516.25662374,1.1657532940288633,0.38035259703517804,1.3738144490242943,3.3244846693675147,0.3754271705158051,1.1944963391653323,3.2870744655749804,0.5664876080552761,5.38463426800399,-19.1,0.661,0.253,0.76375,0.9049999999999999,1.2719999999999998,0.72
7.0698,1.044,13.8,8.76,238.675,0.09765492369161444,-17.32,19.11,47.07,-47.07,1.6897155791464467e-07,23.53499801058707,40.76381690472155,23.53500208696865,40.76381455122155,-40.76381690472155,0.0,11262761.236510009,10080779.435403172,0.4076504605223948,0.412550904457226,1.1175052504255616,1.4268966789873394,1.626241257111014,3.937238423420221,8865258.531940907,16.801039383458583,7.534632033527985,0.5043295143670673,-0.01038708738671022,11.756653094237889,0.8366824848967043,752095426.7010753,23.66736496438617,13030.488077077265,10177796.90027751,-8.017075606310063e-07,-6.869931531235097e-08,-10.54418323784443,23.678159326215702,82.15361756793119,82.15637044104871,62.47086671439427,67285.95578703645,77301241.54468846,1.0876847530086724,0.3821297850341216,1.3976542581936482,3.3312656736515387,0.3775355500638242,1.2207810970194348,3.29290786975865,0.5480378763121293,5.4044090579842745,-7.300000000000001,0.6849999999999999,0.619,0.78875,0.373,0.872,1.072
6.7898,0.864,10.56,6.68,244.975,0.09634105250335509,-17.56,16.17,50.07,-50.07,1.797409370041695e-07,25.034997883792112,43.36189318927997,25.035002219981312,43.36189068577996,-43.36189318927997,0.0,9662109.528088007,7102849.199590468,0.4047075089865058,0.41008488104963725,1.0853747041425796,1.3867038056674927,1.5903209059680958,3.9252851851171937,8058735.302392079,16.34294472758445,13.935193372722436,0.3129124433745139,-0.023656410065832443,13.948876225731762,0.4083425581085844,827963381.1552609,36.94183254396182,10094.525274997035,7199851.204032037,-7.928459206294674e-07,-6.763715145425506e-08,-11.441325188567815,36.94471962533425,75.24044026467016,75.2472064688696,54.87715675607796,69062.01746697078,78446679.58643855,1.1906557412821774,0.3797466667881469,1.36549909803793,3.3221854369150505,0.37470015987086547,1.1854033351879136,3.2851132400800034,0.5706397741652447,5.378025892486446,-11.7,0.505,0.41500000000000004,0.92125,1.465,1.392,0.88
7.6298,0.792,12.32,11.56,247.82500000000002,0.09578126279147059,-19.64,16.450000000000003,55.27,-55.27,1.984078607593459e-07,27.634997664014183,47.865225415847895,27.63500245053659,47.86522265234789,-47.865225415847895,0.0,11521041.508507608,12222339.522417769,0.4032563863618911,0.40885548198425614,1.0713423595891995,1.3691147172089322,1.5744414435156167,3.9202031007748643,8907711.887791686,20.93173930654129,6.069359249989171,0.44384474939209045,-0.016874720547826946,13.531500528036313,0.7370668321177645,652275729.5402775,23.441390780211858,15028.437577078023,12319316.67112125,-8.84412552764812e-07,-6.207511531084071e-08,-13.543780693915181,23.45649631858708,108.01711849546061,108.02359987546821,80.48635755948537,69865.4739412268,78944229.86009249,1.2260691678226914,0.3787176091187774,1.351343931058693,3.3183375409420433,0.3734574499056451,1.1699831985269722,3.2818432674176083,0.5723271304801965,5.366916845891311,-15.3,0.223,0.535,0.90125,0.863,0.952,0.712
10.7798,0.764,10.68,10.36,236.425,0.0981490467124573,-22.52,20.09,45.07,-45.07,1.6179197185496144e-07,22.534998095117047,39.031766048349276,22.53500199829354,39.03176379484927,-39.031766048349276,0.0,12594189.269712782,17535809.42729014,0.4088512131770793,0.4135892052344931,1.1294063298161134,1.4417504028629116,1.6394327151983934,3.9418158235201397,9290308.552699383,12.365633424768992,26.163445083417038,0.3632186872050261,-0.03360444421449466,19.044015678078708,0.46658287900868733,1222159222.516943,55.774654095275736,20290.818948183216,17632823.278660975,-6.233429584315584e-07,-3.714472021661579e-08,-16.23115095950905,55.75047185725196,100.91470176244157,100.9167489783279,66.17825654117215,66651.64804420275,76875452.00076671,1.0386774705160775,0.3829832369721364,1.4094665626979934,3.3346939469909898,0.37854479563055654,1.2338597224792727,3.2958674018009915,0.5301498327018532,5.413920628976485,-15.5,0.33099999999999996,0.21100000000000002,0.78375,1.059,1.08,0.944
9.5898,0.78,14.48,7.08,240.475,0.09726983813744391,-22.12,9.31,58.870000000000005,-58.870000000000005,2.113311156667757e-07,29.43499751186023,50.982916957318,29.435002610151784,50.98291401381799,-50.982916957318,0.0,12415206.678289449,20444908.83213196,0.4065989878786761,0.41162817905402216,1.10814295484737,1.4151778119315352,1.6158007798120928,3.9336027904773463,9370403.325587392,24.328587732192368,6.470518006285099,0.8423806907205464,-0.017898037708189676,16.14637520665004,1.3285897964864886,854468001.2709447,18.618869593999495,22986.144822609378,20541865.416238222,-8.805047841528481e-07,-5.066758058352109e-08,-17.68977599302122,18.62765377107975,145.72211837298403,145.72898011291554,110.47119976918408,67793.40198130338,77635563.27678278,1.1235022190573751,0.38139046311347685,1.3883213685171203,3.328549428159301,0.376671752233952,1.2104790956360858,3.290563498307218,0.5593214265246751,5.395955661514796,-3.1000000000000014,0.493,0.29500000000000004,0.75625,0.247,1.016,0.96
10.8498,1.02,13.120000000000001,9.16,246.325,0.09607505205773734,-21.48,17.85,42.07,-42.07,1.510225927654366e-07,21.034998221912005,36.43368976379086,21.035001865280883,36.43368766029086,-36.43368976379086,0.0,12461091.251047026,17153748.309358485,0.4041645929825446,0.4096480708501298,1.078676736206001,1.3783436085357623,1.582767581834809,3.922872212171006,9343066.43076114,14.60432631924579,10.74283829658097,0.2714672128145951,-0.010749331983290377,15.89603402391437,0.49985096669756984,751501211.764049,33.44076287569605,19976.71900643944,17250778.858097028,-6.007800145518211e-07,-4.130963295823485e-08,-15.414611632277811,33.45432972791272,91.87125900603178,91.87243191925272,62.248479298323296,69442.602112671,78683186.6210712,1.210957727087697,0.3792493513232527,1.358743691605222,3.3203343373710963,0.3741029382090947,1.178050338964259,3.283540324216577,0.573902903052392,5.372607939530777,-4.5,0.14500000000000002,0.139,0.94875,0.947,1.072,0.848
7.7698,0.74,14.2,10.280000000000001,240.17500000000004,0.09733378172669134,-19.72,13.510000000000002,55.67,-55.67,1.9984377797128253e-07,27.834997647108185,48.21163558712235,27.83500246827161,48.211632803622344,-48.21163558712235,0.0,11738919.827330548,14450476.891175471,0.4067591147550944,0.4117659964341428,1.1096850557085318,1.4171164322162957,1.6175217611036017,3.9341891076653632,9087842.32700349,21.88403372764986,6.408281722916144,0.8573422028124618,-0.014358836706521456,13.117290529840547,1.3254033043706877,843783808.1698565,19.16235434219466,17183.39706252405,14547451.078890238,-9.22905153912549e-07,-6.275576998359158e-08,-14.327952692423718,19.172628024364784,117.36312529350367,117.36976226118729,91.12820222192825,67708.82761559224,77580573.78621677,1.1191104645459216,0.38149839770212607,1.3898583404376141,3.3289836764446985,0.37680129654171357,1.2121818108065585,3.2909379378476844,0.5585607412476987,5.397130704774635,-3.5,0.28300000000000003,0.505,0.79875,0.191,1.1520000000000001,0.7919999999999999
6.9298,0.86,11.08,13.0,244.525,0.09643143624974926,-18.84,8.89,51.67,-51.67,1.8548460585191609e-07,25.834997816168134,44.747533874377794,25.8350022909214,44.74753129087779,-44.747533874377794,0.0,9579027.674162123,9537451.493459178,0.40487675880764523,0.41021834424189074,1.0876188366906092,1.389503167409792,1.5928402723891015,3.9260807954471324,8074472.060759355,18.953968129006324,9.130377605500565,0.33806885530129976,-0.016508893504630997,12.677068131658958,0.5245579816719789,708208940.1201329,29.254127413652153,12434.476918456654,9634440.220387528,-8.099394808615637e-07,-5.324427115148311e-08,-14.190395406444146,29.268002466801494,90.94607730386589,90.95235544138633,64.35065590536702,68935.15591840405,78367046.5627602,1.1838336485503242,0.37990852728205343,1.3677570855144996,3.322804944819468,0.3748953326269784,1.1878699780611788,3.2856408468178984,0.5695025088654481,5.379775777579511,-10.1,0.42700000000000005,0.583,0.90375,1.297,1.1280000000000001,0.952
9.869800000000001,1.076,10.92,6.36,239.57500000000002,0.09746013768242512,-17.96,12.95,60.870000000000005,-60.870000000000005,2.1851070172645894e-07,30.434997427330256,52.71496781369027,30.435002698826892,52.714964770190264,-52.71496781369027,0.0,11415914.645536155,15667140.357527677,0.4071556681956914,0.41212115122511783,1.1127948475412701,1.4210189473322878,1.6209938692902282,3.9354348024457164,8752764.733009886,24.262033420422053,6.559314738409229,0.4086018852487609,-0.030018852857398484,19.770923258081616,0.5387189624635026,625984236.4561379,25.638291990627067,18334.669200417386,15764101.334815577,-7.531712878433089e-07,-4.4399556762610707e-08,-13.692231396090508,25.650496755084166,127.24788871290762,127.25400353110172,86.47110350398773,67539.67888416993,77469272.52277832,1.107625014887434,0.3817879219696053,1.3929634119482568,3.3299185762631307,0.37713079312609543,1.2156138319651906,3.291750185570135,0.5551870273725801,5.400605810404729,-14.100000000000001,0.469,0.469,0.93875,0.44299999999999995,1.224,1.1520000000000001
9.0998,0.76,13.2,9.56,239.275,0.0975249124096854,-20.12,7.49,61.47,-61.47,2.2066457754436388e-07,30.734997401971263,53.23458307060195,30.73500272542942,53.234579997101946,-53.23458307060195,0.0,11372035.302645465,16862035.255228754,0.40723313141432815,0.41217548787149705,1.1143599841770688,1.422958075460814,1.622725657218593,3.936006092213975,8861007.133416155,25.73416454602577,5.4660685694940705,0.7112008624855992,-0.021101030155649642,15.665949860850898,1.0569775394142815,702047743.5061481,19.447551964985937,19477.306888366555,16958987.546300966,-9.377729082845961e-07,-4.999180348446858e-08,-16.223132899959666,19.456870904468893,138.95100723576527,138.95772087949905,104.1464655962275,67455.10451845877,77413304.58754475,1.100957093184111,0.38190191065456,1.3945248871007245,3.3303661014708608,0.3772657821868306,1.217332206287306,3.2921344557309733,0.5527997460436069,5.40187356566524,-0.3000000000000007,0.475,0.46299999999999997,0.98125,0.317,0.9359999999999999,1.08
11.479800000000001,1.092,13.92,6.92,237.025,0.09801922800888149,-16.28,9.17,47.47,-47.47,1.7040747512658132e-07,23.734997993681077,41.11022707599601,23.73500210470367,41.110224702496005,-41.11022707599601,0.0,11142421.384813074,17878509.848736744,0.4085260290449131,0.4133069605027072,1.1262143468672252,1.4377635176026933,1.6359012094817569,3.940574910900351,8826192.894801527,17.469006637374672,6.84763162703416,0.45529969855645624,-0.01101886339338912,16.434683916152856,0.7832312929061459,702846492.7275757,23.556954747496505,20623.825993845654,17975522.83650452,-6.335388076709451e-07,-3.4816431234157296e-08,-12.84012420625376,23.56711746209962,102.7513517690719,102.75245430595871,68.82961714289364,66820.79677562506,76989379.62915263,1.051629435388683,0.38275583807061403,1.4063047239667024,3.3337711952271163,0.37827605401542075,1.2303495504320316,3.2950689292050948,0.5349171632037241,5.411383593560036,-11.5,0.46299999999999997,0.14500000000000002,0.76875,1.269,0.816,1.328
13.5098,0.996,11.84,10.440000000000001,235.07500000000002,0.09844608219284653,-20.04,7.21,55.07,-55.07,1.9768990215337756e-07,27.534997672467178,47.69202033021067,27.53500244166908,47.692017576710654,-47.69202033021067,0.0,13077578.28123046,29667648.13013163,0.4092884821571968,0.41392600674744556,1.1366273868541985,1.4507333432114062,1.6473590320642388,3.9445590975892078,9540903.3377681,21.578298507345764,7.081492585582341,0.45949279736392123,-0.019164469890563543,23.070421957622997,0.606266928517279,641140597.3579695,28.677450184486,32017.104022046202,29764620.722327836,-7.261122020260071e-07,-2.8189248032803685e-08,-16.715439698444964,28.688359673359447,153.44094350687413,153.44767258899483,102.70918741088796,66271.06339850253,76615290.85964468,1.0098634839807659,0.3834942567591246,1.4166117379522767,3.3367930593867285,0.37914831931078374,1.241818127200468,3.297689181528797,0.5195782311714544,5.419626053519861,-9.7,0.5589999999999999,0.229,0.9612499999999999,0.877,1.112,1.32
6.9998,0.772,11.0,10.68,240.925,0.0971737189433832,-19.240000000000002,11.690000000000001,59.07,-59.07,2.12049074272744e-07,29.53499750340723,51.15612204295522,29.53500261901929,51.15611908945521,-51.15612204295522,0.0,10227019.884849265,9962076.49054715,0.40645222080699933,0.41151665966431383,1.1058374146691998,1.4122970333864882,1.6132419451661648,3.93276672019473,8301892.429845251,23.529417161290066,6.669667621679847,0.39246625111980465,-0.02411972675914549,13.961544629485216,0.6120007687476877,634748230.3185543,24.646183701261467,12776.924434255965,10059039.7046638,-8.997895769102886e-07,-6.143272766020598e-08,-14.133491759320869,24.659393953859244,107.41962159422098,107.42630211651945,79.22930235013735,67920.26352987012,77718352.54151309,1.130109335808179,0.38122854303435727,1.386019947566185,3.327900819614975,0.37647734144188455,1.2079325584513783,3.2900048260342514,0.5604588430069378,5.394194027115573,-8.5,0.12100000000000001,0.625,0.80375,0.527,1.376,1.088
8.5398,0.72,12.52,13.8,244.675,0.09640124883345645,-21.72,14.77,56.269999999999996,-56.269999999999996,2.0199765378918747e-07,28.134997621749193,48.73125084403403,28.13500249487414,48.73124803053402,-48.73125084403403,0.0,12250679.385031544,15991964.525099127,0.4046830452463542,0.41003403063730054,1.0868671996051322,1.3885431207732521,1.5919752385910009,3.9257683656971403,9222621.985011388,22.185682116216253,5.374150056505284,0.4196424857292351,-0.016228028139744416,14.300388578277952,0.7154726490815816,604458616.8712375,23.086934806857847,18678.350828979284,16088932.764910541,-9.122417276369777e-07,-5.601450755643515e-08,-15.892549765051625,23.10009644263916,125.34790687168662,125.35438787496356,92.58203867035535,68977.44310125962,78393623.11545539,1.1861061489840505,0.3798545546082936,1.367003890831225,3.322598079744986,0.37483026618564563,1.1870467775112485,3.285464591866212,0.5698814942870434,5.379192128116817,-7.9,0.571,0.28300000000000003,0.94375,1.115,1.16,1.496
