floating.member_Y_pontoon_lower1:outer_diameter+floating.member_Y_pontoon_lower1:outer_diameter+floating.member_Y_pontoon_lower2:outer_diameter+floating.member_Y_pontoon_lower2:outer_diameter+floating.member_Y_pontoon_lower3:outer_diameter+floating.member_Y_pontoon_lower3:outer_diameter,floating.member_Y_pontoon_upper1:outer_diameter+floating.member_Y_pontoon_upper1:outer_diameter+floating.member_Y_pontoon_upper2:outer_diameter+floating.member_Y_pontoon_upper2:outer_diameter+floating.member_Y_pontoon_upper3:outer_diameter+floating.member_Y_pontoon_upper3:outer_diameter,floating.member_column1:outer_diameter+floating.member_column1:outer_diameter+floating.member_column1:outer_diameter+floating.member_column1:outer_diameter+floating.member_column1:outer_diameter+floating.member_column1:outer_diameter+floating.member_column1:outer_diameter+floating.member_column2:outer_diameter+floating.member_column2:outer_diameter+floating.member_column2:outer_diameter+floating.member_column2:outer_diameter+floating.member_column2:outer_diameter+floating.member_column2:outer_diameter+floating.member_column2:outer_diameter+floating.member_column3:outer_diameter+floating.member_column3:outer_diameter+floating.member_column3:outer_diameter+floating.member_column3:outer_diameter+floating.member_column3:outer_diameter+floating.member_column3:outer_diameter+floating.member_column3:outer_diameter,floating.member_main_column:outer_diameter+floating.member_main_column:outer_diameter+floating.member_main_column:outer_diameter+floating.member_main_column:outer_diameter,configuration.rotor_diameter_user,financese.lcoe,floating.jointdv_0+floating.member_column1:joint1_2+floating.member_column2:joint1_2+floating.member_column3:joint1_2+floating.member_main_column:joint1_2,floating.jointdv_1+floating.member_column1:joint2_2+floating.member_column2:joint2_2+floating.member_column3:joint2_2+floating.member_main_column:joint2_2,floating.jointdv_2,floating.member_column1:joint1_0+floating.member_column1:joint2_0,floating.member_column1:joint1_1+floating.member_column1:joint2_1,floating.member_column2:joint1_0+floating.member_column3:joint1_0+floating.member_column3:joint2_0,floating.member_column2:joint1_1,floating.member_column2:joint2_0,floating.member_column2:joint2_1,floating.member_column3:joint1_1+floating.member_column3:joint2_1,floating.member_main_column:joint1_0+floating.member_main_column:joint1_1+floating.member_main_column:joint2_0+floating.member_main_column:joint2_1+towerse.tower.torsion_freqs_1+towerse.tower.torsion_freqs_2,floatingse.platform_cost,floatingse.platform_mass,floatingse.structural_frequencies_0,floatingse.structural_frequencies_1,floatingse.structural_frequencies_2,floatingse.structural_frequencies_3,floatingse.structural_frequencies_4,floatingse.structural_frequencies_5,floatingse.system_structural_mass,raft.Max_Offset,raft.Max_PtfmPitch,raft.Std_PtfmPitch,raft.heave_avg,raft.heave_period,raft.max_nac_accel,raft.max_tower_base,raft.pitch_period,raft.platform_displacement,raft.platform_mass,raft.platform_total_center_of_mass_0,raft.platform_total_center_of_mass_1,raft.platform_total_center_of_mass_2,raft.roll_period,raft.surge_period,raft.sway_period,raft.yaw_period,rotorse.blade_mass,rotorse.rp.AEP,tcons.tip_deflection_ratio,towerse.tower.fore_aft_freqs_0,towerse.tower.fore_aft_freqs_1,towerse.tower.fore_aft_freqs_2,towerse.tower.side_side_freqs_0,towerse.tower.side_side_freqs_1,towerse.tower.side_side_freqs_2,towerse.tower.top_deflection,towerse.tower.torsion_freqs_0,tune_rosco_ivc.Kp_float,tune_rosco_ivc.omega_pc,tune_rosco_ivc.omega_vs,tune_rosco_ivc.ps_percent,tune_rosco_ivc.ptfm_freq,tune_rosco_ivc.zeta_pc,tune_rosco_ivc.zeta_vs
True,True,True,True,True,False,True,True,True,False,False,False,False,False,False,False,False,False,False,False,False,False,False,False,False,False,False,False,False,False,False,False,False,False,False,False,False,False,False,False,False,False,False,False,False,False,False,False,False,False,False,False,False,False,True,True,True,True,True,True,True
9.427925,1.05525,12.3125,11.895,238.534375,0.09768558589207049,-23.955,11.33125,43.4825,-43.4825,1.560931754200879e-07,21.741248162212713,37.65695068110378,21.741251927907676,37.65694850697878,-37.65695068110378,0.0,11236997.284615146,14971898.539394451,0.40779643993475506,0.4126876219901839,1.1182452195637995,1.4278287479784106,1.6270724534728533,3.9375343000081493,8783854.795235194,16.236192895327214,10.699186556194919,0.21542039801738258,-0.01217249836741663,14.437656727969214,0.4494534991419618,719781818.2391567,33.27458565885904,17790.333493653452,15068911.49389613,-7.18761672915097e-07,-4.4121885459367927e-08,-18.365940834794134,33.28557680793235,93.39714277078198,93.39857232108423,66.25121196010204,67246.31155310935,77274871.93411125,1.084586519049551,0.3821831693026885,1.3983889445091642,3.3314773848357926,0.3775987313664412,1.22159174384656,3.293090075640127,0.5469232104671746,5.405003266623499,-15.2625,0.338125,0.21287499999999998,0.97953125,0.6976249999999999,1.3795,1.0345
12.236675,0.80125,12.7825,12.865,242.134375,0.09691987771265467,-22.835,14.76125,44.5575,-44.5575,1.599522029271676e-07,22.27874811677785,38.58792801640388,22.278751975570543,38.58792578852887,-38.58792801640388,0.0,12669323.482332632,20261157.935740583,0.40601040387489035,0.4111683466830765,1.0996678151505312,1.404583449288062,1.6063620248281694,3.9304942805757284,9399264.808097672,16.178648686583067,8.890342451438565,0.2609336474853418,-0.01065961941536767,16.325770147366637,0.4862128894204639,657212977.2799169,31.362049009185807,22955.338782832903,20358170.51376829,-6.941375533492254e-07,-3.88192836477461e-08,-17.264587907289318,31.376138257952864,106.61206118155263,106.61301990276623,72.79009249167387,68261.20394164324,77939018.92908445,1.14798695666202,0.38078099161573126,1.3798461768644206,3.3261617221053075,0.37594261765140596,1.2011273930177704,3.28851067330624,0.5635007900429536,5.389280127038248,-7.012499999999999,0.390625,0.210625,0.79796875,0.625875,1.0394999999999999,1.3565
10.014175,1.0797500000000002,10.8975,10.504999999999999,244.70312500000003,0.0963956106446262,-21.875,19.46875,49.6325,-49.6325,1.781704025536138e-07,24.816247902283042,42.983007064448536,24.81625220058363,42.983004582823526,-42.983007064448536,0.0,12045766.811090276,14421650.641090533,0.40479627977770277,0.4101516083099595,1.0867297603955601,1.3883897401191438,1.5918381924840002,3.9257533703456016,9027336.711633274,17.182012477550177,12.426113045093896,0.2890863903804352,-0.01933016518368471,16.861920543160828,0.4062518678799091,744004338.951016,37.86903237637196,17215.81445984451,14518645.507217148,-7.31800752956408e-07,-4.7884949915313096e-08,-15.324916582884642,37.88535701814704,102.29902465367,102.30042311486541,70.6120913095032,68985.37194804504,78398590.31728655,1.1865325148924875,0.3798444336199323,1.3668626899188128,3.322559322453432,0.3748180645882481,1.186892529904882,3.2854315837971875,0.5699525510600699,5.379082704543355,-12.5875,0.227125,0.440875,0.77984375,0.9128749999999999,1.0705,1.2635
7.450425,1.10325,12.1075,10.265,245.340625,0.09626815900144507,-20.725,7.69125,45.9075,-45.9075,1.647984235174538e-07,22.95374805972012,39.757062344455164,22.95375203542624,39.75706004908016,-39.757062344455164,0.0,9660768.942925716,10489719.767516285,0.4045569348989467,0.4099629162863618,1.083555829646344,1.3844303408663547,1.5882713918897107,3.9246231325177,8140492.402953497,16.44314808825272,9.754583353067064,0.294407316051171,-0.013634529053143645,12.942454409616722,0.5359119898601726,728886394.8252809,30.42998480039236,13414.707518103323,10586727.675005252,-7.618429932577091e-07,-4.912895512626476e-08,-16.108219797666,30.442033782796784,83.29958788979145,83.30208013628713,60.309042070022414,69165.09247518126,78511057.4731943,1.196219448188722,0.37961508974546027,1.363667931476369,3.3216843115233123,0.3745414519479566,1.1834055683905194,3.284686925180492,0.5715626481167732,5.376604328394987,-18.1125,0.611125,0.558625,0.94578125,0.802625,0.9855,1.0445
11.589175000000001,0.89925,11.0175,7.535,238.234375,0.09775123540028255,-22.175,20.536250000000003,56.8325,-56.8325,2.040169123684734e-07,28.41624759797514,49.21839014738874,28.41625251981402,49.21838730576373,-49.21839014738874,0.0,13755194.80427938,22806472.553855695,0.40777709810486806,0.41264377341881403,1.1198192415717114,1.4297660200383386,1.6287954869224457,3.9380866482201093,9743362.850389378,21.911651910215287,7.988922233026923,0.4071948313978607,-0.025602504594409763,22.71989560304363,0.5469320949065788,648861608.312671,31.476006621940428,25316.14357863394,22903440.560405355,-7.527256894219647e-07,-4.0419862632812495e-08,-16.379480837589643,31.489531997596487,142.2188754347624,142.22529317119867,99.08774787005238,67161.73718739819,77218488.68373372,1.0779924920087962,0.3822970414944645,1.399957903507041,3.3319301753150437,0.37773347812800273,1.223324177684018,3.293480011566461,0.5445470669317685,5.406271082177672,-1.1374999999999993,0.537625,0.434875,0.91484375,0.47887499999999994,0.9864999999999999,1.1785
11.099175,0.82625,12.7275,6.335,243.203125,0.09669870178938075,-19.045,13.02875,52.682500000000005,-52.682500000000005,1.8911927129463074e-07,26.341247773374835,45.624384620416265,26.34125233581317,45.624381986291255,-45.624384620416265,0.0,11928129.752587646,18647275.660349004,0.4054554272899638,0.4106944657809474,1.0942595439480964,1.3978010459432242,1.6002962895899555,3.928489513584841,9074954.069288926,19.69644858093251,6.181576475515678,0.3812682677211827,-0.016946783106996828,18.3050762117483,0.6363080024762306,615616889.2883601,24.65967749784493,21314.00109786245,18744262.02971489,-6.992027311038798e-07,-3.9816633970091486e-08,-14.661944289843673,24.672816529811858,118.74678682325346,118.75282600009605,81.58920685903657,68562.50011948927,78131671.08249024,1.1639263215259699,0.3803964571714143,1.374430366879966,3.324655318879005,0.3754799693970503,1.1951722484196827,3.287220379048721,0.5661795840156484,5.385109560251857,-2.0625,0.36587499999999995,0.323125,0.8167187499999999,0.562875,1.4955,0.9804999999999999
11.484175,0.85825,13.1225,10.015,237.46562500000002,0.09792105284190206,-21.965,7.25375,52.3825,-52.3825,1.8804233338567824e-07,26.19124778605433,45.36457699196042,26.191252322511904,45.364574372835406,-45.36457699196042,0.0,12146705.288921716,22335670.97395845,0.4081786148456924,0.4129896494834091,1.1238768327314248,1.4348288748989453,1.6332962454245599,3.939643532082559,9199849.939756874,20.639701230960924,5.664373622204791,0.3583742555520112,-0.015248189938895585,18.004270879671708,0.6244778781229321,617227069.2121052,23.72730695650611,24881.253475978763,22432648.79970977,-7.263671654740209e-07,-3.5798803083799744e-08,-18.07298735379007,23.73790720583029,131.96109786364116,131.967491625068,91.1381532858398,66945.01537526335,77073116.21167484,1.0611930558722296,0.38258878076089986,1.4039883459539408,3.3330975715639046,0.3780785381841927,1.2277822256628188,3.2944868912145813,0.538389751347378,5.409521359637408,-2.5874999999999986,0.6088749999999999,0.15962500000000002,0.96078125,0.8883749999999999,0.9135,1.0115
8.369175,0.89225,13.7475,13.115,244.60937500000003,0.09641444515604419,-22.075,17.14125,54.1575,-54.1575,1.9441421601364708e-07,27.078747711033976,46.901772126990814,27.07875240121106,46.9017694191158,-46.901772126990814,0.0,12949915.134247676,16848275.431676745,0.40470400096469195,0.4100497260604431,1.0871946891108641,1.388951117601058,1.592342260685983,3.925883819661246,9569782.736287884,20.978770548994675,7.065343679207629,0.6450707397106155,-0.013348414450212369,13.62708456994471,1.063811258478272,731071238.0756308,21.39276583180814,19533.527690667615,16945251.281497285,-9.029484459852555e-07,-6.127196974016893e-08,-15.549660606124624,21.404957605694246,122.45766843313926,122.46418531993781,92.43739826613472,68958.9424587603,78382002.43854317,1.1851116347542823,0.3798781650855891,1.367333341631072,3.3226885370444754,0.3748587318437292,1.1874068126040356,3.2855416570025198,0.5697156775936345,5.379447420447247,-9.9875,0.683875,0.135625,0.86671875,0.8673749999999999,1.0125,1.4195
8.202925,1.07675,14.0175,9.895,246.240625,0.09609050733001459,-23.905,18.26125,46.707499999999996,-46.707499999999996,1.6767025794132706e-07,23.35374802590813,40.44988268700408,23.353752070896284,40.44988035162907,-40.44988268700408,0.0,12679037.586515227,15630362.904325645,0.4040104171481865,0.40948442889708514,1.0790937596767352,1.37883476867719,1.583216167371059,3.9229812633159007,9462466.134886205,17.126863109901894,6.44671090786869,0.37448291938764666,-0.01073133665004147,13.439276375388966,0.7211862611157632,692661678.3211899,24.678125908241203,18415.14391902137,15727364.631666217,-8.013101307333651e-07,-6.060707209069043e-08,-16.61397205023037,24.69240498201645,101.54008896715301,101.54187519081555,77.29599812908482,69418.81557231475,78668523.94203451,1.209993767978593,0.3792910718625025,1.3591735441043906,3.320459281980046,0.37415040842047836,1.1785123970875382,3.2836466004191873,0.5739212032785823,5.373106136928751,-16.7125,0.198625,0.508375,0.98046875,0.310875,0.8654999999999999,0.9275
13.225425000000001,0.80625,11.5375,13.895,236.24687500000002,0.09818745299995545,-23.965,19.293750000000003,45.557500000000005,-45.557500000000005,1.6354199595700925e-07,22.778748074512865,39.45395344459002,22.7787520199081,39.453951166715015,-39.45395344459002,0.0,13959307.655232538,24494567.608943064,0.4088048987545232,0.4135280707100218,1.130352978479253,1.4429127698423934,1.6404589343303506,3.9421460233104244,9885506.86397748,16.12827730611881,13.567068155242236,0.33122491317654235,-0.013874308354926083,19.189287661679145,0.3967845531313935,777583138.1607915,41.23972328658617,27062.63172166496,24591574.96155074,-7.217608021376162e-07,-3.5199385195683884e-08,-17.80953820343274,41.254073616632716,118.10491742751437,118.10568174667475,81.1620535933048,66601.43201456175,76841331.13029748,1.0348505320815191,0.3830506946195894,1.4104068134597403,3.334969062094136,0.3786245024696366,1.234905006200223,3.296105757825928,0.5287518579814624,5.414673281766573,-5.962499999999999,0.5848749999999999,0.241375,0.94234375,1.4501249999999999,1.0855,1.4275
11.869175,0.89475,13.692499999999999,6.185,242.45312500000003,0.09685351697297855,-20.235,13.20375,61.557500000000005,-61.557500000000005,2.2097868443447504e-07,30.77874739827308,53.310360295568245,30.77875272930896,53.31035721769324,-53.310360295568245,0.0,13568646.217953287,25287347.3792746,0.40568645745928156,0.41086597037446393,1.0980473686142025,1.4025274196830417,1.604523872435012,3.9298485972596406,9777334.333572166,25.36141869219964,4.797926655500469,0.6009186318456641,-0.021329665888074004,19.764129401863187,0.9086732626424481,649029299.9145384,20.099694197616373,27707.312741293426,25384301.640082944,-8.140708992802106e-07,-4.277778208898779e-08,-15.83261108999741,20.105095900801373,163.37809046454944,163.38498238384113,116.24186170199515,68351.06420521135,77996696.34358636,1.1527236245002603,0.3806663300767282,1.3782281316599791,3.325710564772163,0.37580471225016077,1.1993460842126338,3.2881238330262166,0.5642840361996013,5.388035979762989,-0.1374999999999993,0.19337500000000002,0.293875,0.82109375,0.302125,1.4455,1.0525
8.841675,0.90225,13.1275,8.344999999999999,248.640625,0.0956253632807281,-17.005,18.83875,50.0325,-50.0325,1.7960631976555044e-07,25.016247885377048,43.32941723572299,25.01625221831865,43.32941473409798,-43.32941723572299,0.0,11809488.703332974,12980539.619723959,0.40297686922475706,0.4086432127684683,1.067393045643601,1.3641779099787352,1.569976105781769,3.918833963413438,9070047.828277448,17.672437668637315,6.7232273481187494,0.431280446918452,-0.01294771739522359,14.420023492954563,0.6999234098530072,669433817.8481655,24.358050701686892,15841.659652876062,13077544.532891091,-7.252725002376573e-07,-5.4804235799008354e-08,-11.189790089440224,24.373318676656876,95.23787720416733,95.24383294039751,68.02246459725735,70095.410498004,79083191.8648564,1.2343275383740764,0.37843505102509306,1.3473485039150996,3.3172719306974963,0.3731122620725666,1.1656395453122255,3.2809404869451306,0.5715077559438909,5.36392701809915,-9.087499999999999,0.601375,0.18062500000000004,0.98546875,1.479875,1.0675,1.4035
12.901675000000001,0.76825,14.0475,8.895,243.259375,0.0966871587013427,-17.265,19.591250000000002,48.9825,-48.9825,1.7583703708421674e-07,24.491247929755286,42.420090536127546,24.49125217176422,42.42008808700254,-42.420090536127546,0.0,13682913.840693343,22934590.550111417,0.40546479622283893,0.4107086942196259,1.0939769350697084,1.397451824205041,1.5999836361492956,3.928393538268888,9883903.878618436,17.608149005231834,6.122391861531494,0.4297753115732571,-0.010819927286125998,17.904930676979923,0.7010003403555137,636625527.4735041,24.063011330881885,25556.35010037908,23031599.743918143,-6.365062123661583e-07,-3.8655357880574316e-08,-12.08929716003429,24.07581627108025,117.48684100509446,117.48763799133292,77.50272856972813,68578.35781306011,78141757.47921078,1.1647693593114103,0.380376213094134,1.3741460602687396,3.3245765292750726,0.37545560089075225,1.194860221538703,3.2871530046299062,0.5663217487060493,5.384890166259427,-4.262499999999999,0.194125,0.392875,0.79453125,0.214625,1.0735000000000001,1.3845
8.500425,0.7737499999999999,11.4575,13.165,235.890625,0.09826506009664049,-21.745,19.06625,57.432500000000005,-57.432500000000005,2.0617078818637838e-07,28.716247572616147,49.738005404300424,28.716252546416552,49.73800253267542,-49.738005404300424,0.0,12478043.802333338,14667704.191831717,0.40888135319621627,0.4135775473111178,1.1322536314397489,1.4452724338215541,1.6425430561286616,3.9428617431277546,9235505.902131932,23.080880442879568,6.387508226302852,0.32458887953110344,-0.019401180983884735,15.039200001118163,0.5236892129183981,587832393.4663895,25.85625617118905,17367.87981674514,14764670.504729357,-8.902668840704283e-07,-5.8198497822885996e-08,-15.04237300030669,25.867893101377074,122.52987596195581,122.5361574917715,88.93815140015246,66500.99995527974,76772885.30987823,1.0272194083631925,0.38318560153572007,1.4122896684324873,3.335521003127892,0.378783865254724,1.2369999075898326,3.296584310157122,0.5259588019439243,5.4161790180651295,-0.5375000000000014,0.146875,0.454375,0.86234375,0.6573749999999999,0.8464999999999999,1.1705
6.907925,0.75575,10.9725,8.405000000000001,242.003125,0.09694735492269951,-19.995,7.70875,47.6575,-47.6575,1.710805613196766e-07,23.82874798575639,41.272606843780906,23.82875211301696,41.2726044609059,-41.272606843780906,0.0,8956622.127530014,8087482.214547365,0.40611382975737964,0.411262719724238,1.1003350308296047,1.4054287285654903,1.6071174328082574,3.930763524729099,7789672.210911822,16.687066356497606,13.278821722445628,0.28091845133284943,-0.019997285873735407,13.296501603733843,0.44789480613894633,808309220.7275877,35.445333356444614,11050.558278836965,8184484.1185858715,-7.452691730623808e-07,-5.3208320119570094e-08,-15.39025270151954,35.448859376449924,77.96292689962034,77.96597984257473,56.059957677470415,68224.20265664461,77915169.5613467,1.1460383783310493,0.3808282142251223,1.3805131633823633,3.326347979801069,0.37599939644476155,1.2018621635482263,3.2886704722227313,0.5631690227481122,5.389792780100211,-18.4375,0.212125,0.138625,0.9260937499999999,0.8236249999999999,0.7114999999999999,0.8514999999999999
7.791675,0.90075,12.3825,10.635,245.80937500000002,0.09617543966977449,-19.665,15.51375,55.0325,-55.0325,1.975552849147585e-07,27.516247674052114,47.659544376653685,27.51625244000642,47.65954162502867,-47.659544376653685,0.0,11389975.001372151,12274217.957523385,0.4041898287479523,0.40962976520803507,1.0812265250773074,1.3814970932102884,1.5856224548346205,3.923743356764243,8846323.926864719,20.93824336384625,6.103486277545542,0.4462858764355986,-0.01721948242339441,13.807483307186795,0.7395169055351963,651404127.1432991,23.328131949402447,15077.026979963406,12371195.445993409,-8.735862852185279e-07,-6.076347236328886e-08,-13.824153662999942,23.342395062535836,107.55352068271966,107.55999372946648,80.30676093505768,69297.23992160494,78593160.07489066,1.203386161310363,0.3794462394154389,1.361324510235012,3.3210446262228053,0.3743377453250313,1.1808526731351696,3.284143401315294,0.572830355455828,5.374780232405365,-1.5375000000000014,0.336625,0.290875,0.79296875,0.709875,1.1445,1.0514999999999999
8.727924999999999,0.7807499999999999,14.0425,12.345,237.896875,0.09782547525553248,-17.884999999999998,16.79125,60.2325,-60.2325,2.1622220866993488e-07,30.116247454274184,52.162876603221605,30.1162526705617,52.1628735915966,-52.162876603221605,0.0,12761598.429530462,16232235.973592239,0.4078896275828558,0.4127309623190295,1.1215966218127837,1.4319749525844523,1.6307598372519028,3.938753392724515,9489786.70056462,24.343004879056583,7.0529926068239766,0.9371244090889026,-0.01571461866743465,13.867698280220973,1.3946897799518667,898816832.9216868,18.4161095870403,18893.341564812723,16329200.760867039,-9.433166718869639e-07,-6.200145413290038e-08,-12.357269258599517,18.424975011974674,130.01901844196965,130.02547779051486,97.63077263760486,67066.59102597312,77154851.10001253,1.070599934681845,0.38242511446137695,1.4017255183345747,3.3324413929612398,0.37788499258209685,1.225278051727704,3.293920678639824,0.541876891648218,5.40769753251641,-10.0125,0.683125,0.48287500000000005,0.84453125,1.191125,0.9675,1.0065
11.405425000000001,0.7687499999999999,10.9375,7.225,240.709375,0.09721965019923265,-18.795,20.74625,43.3575,-43.3575,1.556444512913577e-07,21.678748167495836,37.54869750258052,21.678751922365482,37.548695334705506,-37.54869750258052,0.0,11979496.55882319,16521472.533959568,0.40686005688799826,0.4119127012982602,1.106948966080728,1.4137327734081733,1.6145211878587251,3.933252658092977,9046854.246160574,9.938597834129352,33.53307264898032,0.4543962031140681,-0.051780779487779746,19.849709605817484,0.5473159448716235,1414039119.6607292,62.023976715813404,19357.473873109884,16618505.325834304,-5.804269858060304e-07,-3.52038419351857e-08,-13.144611882419683,62.254887738519464,92.1474995248353,92.1542166241258,58.025617817779036,67859.47570451527,77678761.88939814,1.126940378246283,0.3813061234370932,1.3871221149125783,3.3282111931510165,0.37657050143218185,1.2091516335035164,3.2902720676578396,0.5599138488611167,5.395037887542542,-18.7375,0.614125,0.47162499999999996,0.89390625,1.1316249999999999,1.0455,1.3925
12.857925000000002,0.92025,13.1025,8.515,245.659375,0.0962051119873477,-21.335,17.05375,54.3575,-54.3575,1.9513217461961543e-07,27.17874770258098,47.07497721262804,27.178752410078573,47.074974494753036,-47.07497721262804,0.0,14050263.495601857,26001472.303705014,0.40426103547480846,0.40968911985978346,1.081970102738819,1.382424899686484,1.586460003094245,3.924004106052609,9964854.04937443,20.632555347617377,5.306289973355852,0.37362822858518585,-0.016709514507640973,20.20099436201624,0.612064754990946,568343581.9645414,24.386795675143414,28467.441113120727,26098449.096571803,-7.097167386800173e-07,-3.872945501496709e-08,-16.148774842917167,24.39970116508939,143.50742941140933,143.5139766390393,96.97118608986719,69254.95273874937,78566872.54194917,1.2010929912534727,0.37950021047542126,1.3620737183589424,3.3212488888380944,0.374402886621148,1.1816685695769524,3.2843169011095026,0.5724510017474417,5.375362783925994,-6.837499999999999,0.510625,0.506875,0.98640625,0.739625,0.7735,1.4995
11.344175,0.88925,12.6475,8.094999999999999,248.546875,0.09564320793546134,-17.615000000000002,8.67125,61.2825,-61.2825,2.1999149135126857e-07,30.641247409895946,53.07220330281705,30.641252717116128,53.07220023869204,-53.07220330281705,0.0,12146308.068900108,21682170.515027985,0.4029143779780489,0.4085711195621975,1.0678437264991119,1.3647259231216877,1.57047162862699,3.9189587022870556,9164050.129100818,24.50129984040533,5.229050578906481,0.5846962301921965,-0.022678505247128226,19.531377533119485,0.8853201538721123,606644642.8417723,21.416341000083357,24210.14642138719,21779129.11317097,-7.7923650445346e-07,-3.7135105359434955e-08,-14.241482999330186,21.42827288477416,149.71837103749317,149.72490530749727,102.71238657479249,70068.98100871926,79067256.80519773,1.2333765635437635,0.3784675283151748,1.3478069661589953,3.317393926789665,0.37315195393109846,1.1661373916415754,3.281043739817876,0.5716013853465614,5.364270449924807,-15.662500000000001,0.255625,0.563875,0.75265625,1.040625,0.9115,1.2334999999999998
8.832925,0.9187500000000001,13.8225,6.015,245.246875,0.09628683044956973,-19.405,10.876249999999999,58.5075,-58.5075,2.100298156934581e-07,29.253747527181286,50.668982739600516,29.25375259407942,50.66897981422551,-50.668982739600516,0.0,11603701.391741244,16097876.751479473,0.40441093912443193,0.40980623947676914,1.0840178938970486,1.3849788287561844,1.5887643557903484,3.9247340126298025,9002385.898712356,23.22245677806542,6.065081959653673,0.8060624858657502,-0.018772977019101956,15.464128028909858,1.2411106676700059,794645361.2887385,19.072092223657222,18772.13799694346,16194841.018149419,-8.539017706051583e-07,-5.316105298192589e-08,-15.016668898325943,19.083171759459493,128.32504950846445,128.33166122756313,96.61460396632137,69138.66298589652,78494556.23587172,1.1947913899095635,0.3796488224242283,1.3641371217085736,3.321812597498811,0.3745821483999725,1.1839172794473676,3.284796028925003,0.5713257375773918,5.376968708086196,-12.2375,0.238375,0.39737500000000003,0.91734375,0.660875,0.9045,0.9384999999999999
12.070425,0.9417500000000001,12.0025,6.505,243.27812500000002,0.09668331356245073,-23.205,19.71375,46.182500000000005,-46.182500000000005,1.6578561660066024e-07,23.09124804809725,39.99521933720636,23.091252047619072,39.995217028081356,-39.99521933720636,0.0,13315515.154653769,21860175.949079692,0.4054713267087501,0.4107169137207819,1.0938829329395874,1.397336168423985,1.599880142050198,3.9283631863265187,9637381.552533006,15.98061879350351,11.455563797102187,0.32910533371348544,-0.01642961911145613,20.667300771510018,0.45811254945981406,714134724.1390721,37.06173085542043,24501.561984205484,21957182.60990066,-6.433116262718721e-07,-3.70930766694203e-08,-17.22426927632894,37.07832821685742,112.204514408698,112.20542932269882,77.15280446287485,68583.64371091705,78145118.08183675,1.1650503344208154,0.3803694682996332,1.3740512885188723,3.324550275278139,0.37544748033312775,1.1947562177631055,3.287130556471828,0.5663691371901337,5.3848170962140625,-18.9625,0.568375,0.501625,0.95703125,1.115875,0.7615,1.0554999999999999
8.911675,0.8532500000000001,14.4075,9.225,236.171875,0.09820370009052896,-18.245,17.08875,41.6075,-41.6075,1.4936231348913488e-07,20.803748241459562,36.033153003254775,20.803751844774762,36.03315092287976,-36.033153003254775,0.0,11500829.662982022,12774295.907897666,0.40894850937386507,0.4136680023886359,1.1307554592092333,1.443431499457199,1.6409191788322683,3.942334338464526,9001993.848927878,14.593757702604565,8.73015879270963,0.37004819180094795,-0.00778299918073531,12.501691773186735,0.6687394514910451,743299027.8973134,26.751956544202518,15717.558059063014,12871337.561921539,-6.913007883552117e-07,-5.268596273533008e-08,-12.205777118061107,26.759785391677905,78.51235519165965,78.51428373728585,56.87825043400404,66580.28842313397,76826948.48151599,1.0332413866953578,0.38307910615020146,1.4108029512029545,3.335085079276636,0.3786580668433907,1.2353455591130178,3.2962063085589786,0.5281635097063276,5.41499037054651,-11.712499999999999,0.554875,0.449875,0.87609375,1.066875,0.9075,0.8534999999999999
11.239175,0.9932500000000001,13.0875,12.875,241.62812499999998,0.09702485106711813,-18.175,17.21125,54.0075,-54.0075,1.9387574705917085e-07,27.003747717373727,46.77186831276289,27.00375239456043,46.771865612387884,-46.77186831276289,0.0,13036343.945731238,19264975.07169783,0.40614112248704803,0.4112591976095695,1.1022474040042,1.407796510234865,1.609235102163039,3.9314297188841767,9547698.320944835,20.379874429943282,5.765164033266953,0.4398691033420524,-0.0135092123164763,16.08066255706233,0.6574801905118657,629736834.0699533,23.38298306938924,21911.95563556138,19361960.536983736,-7.97698177906421e-07,-4.605384337493191e-08,-12.919796225507193,23.394997881698988,122.52131229422663,122.5273789001514,85.19006698303417,68118.48469950566,77846995.95411557,1.1404816769977297,0.380975525847944,1.38243352849588,3.326893950428194,0.3761733740278908,1.2039715360369176,3.2891390154834492,0.5622325837671701,5.391443782709283,-4.487500000000001,0.347125,0.422125,0.78671875,1.418625,1.3585,1.3855
8.097925,1.04875,11.7975,10.085,248.99687500000002,0.09555882636239992,-22.345,16.84375,58.557500000000005,-58.557500000000005,2.102093053449502e-07,29.278747525068038,50.71228401100983,29.2787525962963,50.71228108313482,-50.71228401100983,0.0,12045427.649892995,13742887.195942633,0.4026885359339757,0.408380836623935,1.0656642104722023,1.3619978709182363,1.5679922546282712,3.918184842821951,9071208.720862348,22.921479221069646,5.511011319862552,0.37818510258640087,-0.02254625911837366,15.289339421083445,0.5921763102169645,567779511.69825,24.03867784070436,16469.918818597118,13839847.609438738,-9.058157192636345e-07,-6.210426786525154e-08,-15.958450283094553,24.05390945824504,121.7625058793267,121.76918518678933,91.10814589076324,70195.84255728601,79143688.27755263,1.2379686276473965,0.37829945721609504,1.3455964079268976,3.3167976912492967,0.3729498647900274,1.1637454588085931,3.280539270541901,0.5711578783243665,5.362438970460903,-5.287500000000001,0.641875,0.39212499999999995,0.98203125,0.799125,0.7264999999999999,1.2525
13.531675,0.77525,14.2675,13.935,237.97187499999998,0.09780894279035862,-22.255,17.00125,42.9325,-42.9325,1.54118789253675e-07,21.466248185458454,37.1806366956014,21.46625190352202,37.1806345489764,-37.1806366956014,0.0,13808279.019683335,23879458.8349406,0.4080149300903272,0.41286405164976286,1.1212046522123056,1.4315085412967647,1.6303468956972198,3.93864266268083,9951594.331514835,15.698310371025615,7.2895894214089285,0.29441256931699067,-0.007641904668922908,15.830482399675857,0.5686067776759448,632577210.1150823,27.516772064564755,26507.11070392963,23976482.272144686,-6.712899792115303e-07,-3.8527406007974215e-08,-16.407283055518732,27.528364001980755,109.401772937712,109.4025477503198,74.33661275821372,67087.7346174009,77169011.28187859,1.0722404222488073,0.3823966577921768,1.4013324956782036,3.3323276249590306,0.37785133063020593,1.2248434203207028,3.2938225724205483,0.542469987566176,5.407380539862949,-3.5874999999999986,0.6103749999999999,0.452875,0.79953125,0.31262499999999993,1.2385,0.9195
7.3191749999999995,1.04675,13.8825,13.815000000000001,235.30937500000002,0.09839359231831521,-17.245,9.47625,48.5825,-48.5825,1.7440111987228012e-07,24.29124794666128,42.07368036485309,24.291252154029202,42.073677935728085,-42.07368036485309,0.0,10323731.197375752,11931209.500664623,0.40924447818439613,0.4139000472128145,1.1353694900467874,1.4491747076235644,1.6459871647513116,3.9440957069697617,8521713.458137155,18.355400502714105,7.037749763951744,0.6506209368095656,-0.009619436833916646,11.486624789474122,1.075906880936745,785793964.6051893,21.85225424629524,14799.997290857684,12028215.215802077,-8.38042417736551e-07,-5.375589268493659e-08,-12.797663911943024,21.861868236647478,92.72568889543827,92.72773485938644,68.44748846592883,66337.13712171438,76660729.04286233,1.0148343304763061,0.38340558617096737,1.4153681366029645,3.336426314474362,0.3790436421828896,1.2404304273755755,3.2973703573350095,0.5214091021259276,5.418635466217133,-1.4375,0.551125,0.512125,0.79703125,1.166625,0.8484999999999999,1.3195000000000001
13.216675,0.80975,13.9825,6.695,244.89062499999997,0.09635794490917067,-23.935,20.79875,54.6575,-54.6575,1.962091125285679e-07,27.328747689901483,47.33478484108388,27.328752423379836,47.33478210820887,-47.33478484108388,0.0,15258159.215560133,29111661.51229055,0.40457715897401414,0.40994468715578963,1.0857917059908795,1.387195791113963,1.5907620625425483,3.9253718613945225,10494637.89330988,21.08439921422262,4.7121886360725185,0.3862519577972311,-0.01620961751628958,20.344113464534555,0.6494009255922524,582407671.3829927,22.92229769107565,31487.043958666105,29208633.080534425,-7.370766176096858e-07,-4.3300950733631656e-08,-17.77665816772048,22.933456791205227,153.65567388971704,153.66256570724693,107.07672118332611,69038.23092661453,78431780.06759302,1.1893740350475368,0.3797770255427101,1.3659221537082784,3.322301375239282,0.3747367697631277,1.1858651512362388,3.28521191951418,0.5704265565028137,5.378353990588605,-4.712499999999999,0.363625,0.455125,0.76328125,0.111375,1.4135,1.3595000000000002
11.921675,0.75675,12.0375,7.155,249.48437499999997,0.0954667038761251,-21.555,18.13875,44.0075,-44.0075,1.5797781676075473e-07,22.003748140023593,38.11161403090151,22.003751951184892,38.1116118305265,-38.11161403090151,0.0,12271005.221665783,18171006.839905206,0.40273612852199925,0.40847259931289986,1.0633243883085968,1.3591057308022982,1.5653686287694835,3.9174313837263868,9202415.615757443,14.596329226037291,13.375988475782178,0.2967320644737824,-0.01593664672479437,18.65035721431955,0.45074224243181016,799058210.3548242,38.94286281137237,20947.46598026886,18268027.367338654,-5.857145969913891e-07,-3.707378105160068e-08,-15.847884476678729,38.95795794687697,98.00772419437249,98.00884243587328,64.30554703264491,70333.27590156664,79226219.0189041,1.2429307694491,0.3781305629043059,1.3432196513210888,3.3161678077939305,0.3727433116946892,1.1611697902366582,3.2800070776421713,0.5706757578765538,5.3606549066261895,-10.4375,0.253375,0.235375,0.86484375,1.0703749999999999,0.8155,1.0965
10.346675000000001,0.74625,12.592500000000001,9.785,248.790625,0.09559681060314129,-17.175,14.481250000000001,44.7075,-44.7075,1.6049067188164388e-07,22.353748110438104,38.7178318306318,22.35375198222118,38.717829595256795,-38.7178318306318,0.0,11239936.553398931,14516550.28643933,0.40309326272581575,0.40877491414779427,1.0666726920963245,1.3633015910176969,1.569182962117633,3.91862526871614,8830427.934860477,15.09695062387238,10.032527406197003,0.3289888530404867,-0.011466161553771207,15.506721985880365,0.4960903999946671,724005748.1859673,31.519511317397033,17397.364531033123,14613577.039136408,-6.13517275228599e-07,-3.902699844620853e-08,-12.459986101736277,31.532926231968624,88.23779051072846,88.23919348088745,58.36910629536595,70137.6976808596,79108702.0632454,1.2358502831408198,0.3783830798912948,1.3466153711109983,3.3170769900190185,0.3730487380711259,1.1648437113082637,3.2807755449560174,0.5713582260936664,5.363377532436282,-14.612499999999999,0.443125,0.287875,0.95515625,1.108875,1.4285,1.4545
10.407925,0.83775,13.7925,8.015,235.703125,0.09830625994442227,-22.045,13.32625,56.682500000000005,-56.682500000000005,2.0347844341399718e-07,28.341247604314887,49.088486333160816,28.341252513163386,49.08848349903581,-49.088486333160816,0.0,13038043.240324173,21161216.66777122,0.4089520390460544,0.4136343485879336,1.1332564594027459,1.446520280962378,1.6436442196220058,3.9432407442787514,9575604.527461331,23.075481673157807,7.9115783886557445,0.6649942893860197,-0.01729692148099255,17.16803063062102,1.0600029197401986,740653680.33388,20.668072199485366,23700.57632667641,21258182.15557177,-8.087959111265085e-07,-4.77641056288797e-08,-17.02263746307748,20.67686602056624,139.91297389837715,139.91954686019682,101.81317661473622,66448.14097671027,76736784.08594637,1.0232152675836772,0.38325657225479126,1.4132818317199467,3.3358123787863647,0.3788676873390665,1.2381048149274336,3.2968371503166427,0.5244903700723408,5.416971319161264,-5.362499999999999,0.515875,0.44162499999999993,0.86640625,0.636375,1.4485000000000001,1.3255
7.161675,0.90825,10.7875,9.485,239.359375,0.0975067362461013,-22.725,18.59375,60.207499999999996,-60.207499999999996,2.1613246384418883e-07,30.103747455330804,52.14122596751695,30.103752669453257,52.14122295714194,-52.14122596751695,0.0,11539633.297559155,11124419.658087136,0.4072162632736251,0.4121652773425762,1.1139196375451947,1.4224141937425505,1.6222403390424232,3.935851217309522,8803753.788571067,24.41670764941009,6.574169390126498,0.323955652098739,-0.028118773138447177,15.132019031800647,0.49582426671598273,583056288.7765714,26.17399141237595,13887.721822681619,11221375.00112003,-9.357611014456062e-07,-6.981054337352443e-08,-15.611173369907604,26.187185392614104,116.05076931407338,116.05757560354073,87.99010960638903,67478.89105881502,77429004.33857594,1.1028303477498884,0.3818698550265492,1.3940854859556677,3.330240078681567,0.3772278243454566,1.216848510121226,3.292026217614782,0.5534701468922205,5.401517029687777,-16.4125,0.179875,0.12437500000000001,0.93359375,1.049375,1.3315000000000001,1.0935
7.695425,1.02075,11.4975,12.365,236.67812500000002,0.09809567809303524,-17.275,19.81875,51.5075,-51.5075,1.8490126448456682e-07,25.753747823036193,44.60680474229755,25.753752283716544,44.606802166922535,-44.60680474229755,0.0,11264091.448214306,10079754.111999612,0.4086067506220698,0.4133615512914203,1.1280558433944594,1.4400506805680398,1.6379272042310113,3.9412731803073697,8748571.668843476,18.706060072072077,9.18006857250786,0.35046062971851694,-0.015031147721082876,13.101817568824123,0.5251057749982679,710998722.454475,28.90355500294233,12977.269049716664,10176752.726099597,-8.163961572807223e-07,-6.233227489081999e-08,-10.54778407484679,28.91475544891841,90.12384649620896,90.12980758355482,64.63110168490284,66723.00766527155,76923265.74579169,1.0441292643549742,0.3828873419090396,1.408131686794815,3.3343039298208224,0.37843147513531855,1.2323768902475845,3.295529731443969,0.532137415450752,5.412850843438927,-2.8125,0.204625,0.44762499999999994,0.9801562500000001,0.536625,0.7174999999999999,0.7254999999999999
7.669175,0.76025,14.0775,12.335,240.22187499999998,0.09732369037543077,-19.845,17.66625,55.0575,-55.0575,1.9764502974050454e-07,27.52874767299549,47.68119501235834,27.528752441114857,47.681192259483325,-47.68119501235834,0.0,12514841.646103097,14700941.100126378,0.40673889276324815,0.41174935176038174,1.10944402394185,1.4168143642677478,1.6172537687950765,3.934099765119378,9407573.451848038,21.428972807194445,6.167582441100507,0.7711081073251835,-0.013195661221253957,12.787880110542698,1.1651936360027002,783145377.8112979,19.87009855734856,17437.778831464006,14797919.106905317,-9.22238716040639e-07,-6.667609510264639e-08,-13.414638153404267,19.880752791904474,116.44493016944709,116.45144961154499,89.76474162610451,67722.04236023461,77589240.81655192,1.119796061972597,0.3814815353111331,1.3896180382888634,3.3289157269213483,0.3767810617086051,1.2119155368265897,3.290879334878548,0.5586792254178501,5.396947127047618,-2.1875,0.653875,0.38687499999999997,0.78015625,1.294375,1.2015,0.8714999999999999
11.011675,0.83525,13.4175,11.015,243.87812499999998,0.0965609598104685,-21.835,11.838750000000001,50.4575,-50.4575,1.8113198180323313e-07,25.22874786741443,43.6974780427021,25.228752237162112,43.697475519827094,-43.6974780427021,0.0,12318265.214983389,19620878.913263302,0.40510976686021977,0.4104003565293293,1.0908638247967157,1.3935458774697678,1.5964800429676769,3.927240264556986,9277049.973015893,19.004379365337403,5.864092345938064,0.3745155227645984,-0.012942416483387377,16.062934837304503,0.6425040600107784,630501036.6308904,24.085954280820943,22268.48943602264,19717866.68797872,-7.808409037483223e-07,-4.3547495353291416e-08,-16.946874274237143,24.09879359467851,118.92168004449286,118.92791533653087,84.57412193688602,68752.79244233936,78252246.43970798,1.174066587550028,0.3801535600281869,1.371023713058241,3.323713170161858,0.37518747553809656,1.1914368489628868,3.2864153769991273,0.5678855849682909,5.3824785924342375,-19.0625,0.476125,0.5211250000000001,0.89953125,0.10437500000000001,1.4415,1.0685
10.399175,0.83375,12.2425,6.495,246.765625,0.09598821035587105,-18.725,8.91625,41.7325,-41.7325,1.4981103761786508e-07,20.86624823617644,36.14140618177804,20.866251850316957,36.141404095153035,-36.14140618177804,0.0,10039768.182653377,13380045.218936782,0.40414134041105093,0.40966294235838396,1.076521829837529,1.3756645340513696,1.5803584757942712,3.922147349275489,8307922.30006467,13.943615595311217,14.667145843205091,0.2948089954346058,-0.015278968254068307,16.090728583434377,0.47336779264994644,862052287.2015785,38.242942740011564,16306.956397667644,13477080.10098672,-5.723085757381009e-07,-3.4510362886454316e-08,-14.804478877588329,38.24110108679128,80.93990845252948,80.94140814736228,53.81044801443587,69566.82071230926,78759856.16217874,1.2153707959771824,0.3790968032411149,1.356568266018731,3.3197479204871274,0.37391689222241475,1.1756723973699086,3.283041186981478,0.5734087121809833,5.3709899148652545,-10.9375,0.496375,0.352375,0.98578125,1.346875,0.9325,1.2494999999999998
12.201675000000002,1.08675,14.2475,11.985,241.590625,0.09703275809515542,-23.165,13.74625,54.9075,-54.9075,1.971065607860283e-07,27.453747679335237,47.551291198130414,27.453752434464224,47.55128845275541,-47.551291198130414,0.0,14534729.66052933,28065315.169756506,0.4061139727082878,0.41122842036272755,1.1024375407343097,1.4080276378755316,1.6094405350262349,3.9314853867121236,10245295.191417137,21.83633738576206,7.055118271232843,0.5778945329750516,-0.013914262108876665,17.997644287317385,0.9826207750517818,686267945.4826993,21.369634324234166,30455.040878471766,28162284.31541995,-7.677104475799416e-07,-4.131141999740061e-08,-18.04994486499184,21.379608672161098,153.9667076579961,153.97361587951275,107.57845908256799,68107.91290379176,77840150.66581954,1.1399269435227037,0.38098902537751994,1.3826245303606062,3.326947456761883,0.3761895955579881,1.2041822290707749,3.2891849759174767,0.5621377937206997,5.391590463415508,-11.9375,0.46862499999999996,0.405625,0.84859375,0.228625,1.3105,0.9375
12.612925,1.00075,10.8825,9.865,245.82812500000003,0.09617173552781456,-20.915,15.61875,46.1325,-46.1325,1.6560612694916817e-07,23.066248050210497,39.95191806579705,23.066252045402194,39.951915759172046,-39.95191806579705,0.0,12637932.589935998,22076785.090205997,0.40437027624892724,0.4098146332498431,1.0811378537736378,1.3814119096772242,1.5855464121532576,3.9237529324270413,9333281.199710911,14.502674142140766,18.500702701703716,0.42968787385848434,-0.022435244496862426,21.55141924279006,0.5425913112118366,1012370492.5602576,47.921637632953754,24726.936831345232,22173795.7107704,-6.118832886276984e-07,-2.9958951054559025e-08,-16.03991589638775,47.937236798597425,112.06331346267275,112.06454542953183,72.25741629518046,69302.5258194619,78596443.22562072,1.2036730646785494,0.37943949188209003,1.3612308944123206,3.321019116089479,0.3743296012492689,1.1807507634428889,3.284121740034446,0.5728777749432081,5.374707406077372,-8.1125,0.326875,0.115375,0.9495312499999999,0.7956249999999999,1.4635,1.2835
6.995425,1.09075,11.5225,9.594999999999999,248.903125,0.0955765390062435,-17.185,7.41125,46.7325,-46.7325,1.6776000276707314e-07,23.366248024851505,40.47153332270874,23.366252072004727,40.47153098608373,-40.47153332270874,0.0,8827722.388494397,7779703.758407316,0.40296915326876137,0.40865845477869817,1.0661214048418657,1.3626077592253973,1.5685469604563405,3.918417200889043,7777201.426563886,15.989750776702905,11.544113648435173,0.3307892006143086,-0.015517386437653852,12.39091886476539,0.47972026847892496,778134718.5350989,32.525183254126134,10789.460336826352,7876716.863295295,-7.331324997580956e-07,-5.23896245028718e-08,-13.030687541312787,32.53339890747691,74.45066273528832,74.45398329420443,53.38253929769416,70169.41306800127,79127831.89600104,1.2369924478869805,0.3783321245101549,1.3460543697865819,3.316919409695055,0.3729897494025674,1.1642419992892554,3.280642175238061,0.5712368843528217,5.362785070647346,-6.6875,0.155875,0.11987500000000001,0.91359375,1.423875,0.9185,1.2105000000000001
11.956675,0.94325,11.5725,13.595,238.06562499999998,0.09778830501266172,-23.565,7.39375,55.332499999999996,-55.332499999999996,1.9863222282371097e-07,27.666247661372616,47.91935200510952,27.666252453307685,47.919349238484514,-47.91935200510952,0.0,12674959.738170229,24754328.711538382,0.4078338313222089,0.4126878085820115,1.1207073827833687,1.430869641082152,1.6297771208437761,3.938418650572071,9351523.048850534,22.21246750674412,6.309899459980779,0.30646632294680204,-0.018542415476068944,19.455671309380048,0.4271682316692642,558832891.9396095,28.739931836015863,27205.43889414626,24851292.5792304,-8.708733064671572e-07,-3.5679239056886526e-08,-19.49209106710447,28.751910462119323,148.27989463056673,148.28668744496528,107.37261863088659,67114.16410668564,77186696.7255112,1.0742928429215477,0.3823610799145227,1.400841366446044,3.3321855376333374,0.37780924371003216,1.2243004835295757,3.2937000823201115,0.5432115803544965,5.406984250963439,-10.0875,0.146125,0.25787499999999997,0.9332812500000001,1.446625,0.7474999999999999,0.8075
9.786675,0.83725,13.7425,12.235,243.72812499999998,0.09659145826877936,-18.835,16.528750000000002,54.207499999999996,-54.207499999999996,1.9459370566513915e-07,27.103747708920725,46.94507339840012,27.103752403427936,46.94507068802511,-46.94507339840012,0.0,12708637.272031859,17204153.289844155,0.40514643761396735,0.4104249368848345,1.0916162645564311,1.3944830806622164,1.5973210496088979,3.927507629670916,9459803.07384079,20.611325311612255,6.867367256672607,0.6342127098063569,-0.013096804781021869,14.548856664921507,0.9952864775651045,686530455.1485922,21.291403877778457,19897.67609350461,17301136.149586007,-8.415045760509689e-07,-5.321105512358719e-08,-13.322968159729662,21.303463489186786,119.8887275670641,119.89497136629534,87.7706511713446,68710.50525948378,78225510.50593439,1.171808416499187,0.3802075355409829,1.371779836573278,3.3239219222408165,0.3752524895409954,1.1922652123415336,3.286593604740497,0.5675064692295563,5.383062975567073,-0.4624999999999986,0.6343749999999999,0.6313749999999999,0.93640625,0.197125,1.4465,1.2054999999999998
12.752925000000001,1.10825,13.8925,9.105,249.315625,0.09549850626982317,-21.075,8.723749999999999,56.7825,-56.7825,2.038374227169813e-07,28.391247600088388,49.17508887597943,28.391252517597138,49.17508603685442,-49.17508887597943,0.0,13357027.178049425,27652842.527178377,0.40255151539013845,0.40826959099892646,1.0641294747440897,1.3600756356637855,1.5662480587975904,3.917643248478082,9735413.158726312,22.241441840335167,6.748970142994461,0.5830167007369365,-0.016754452102459027,19.5122347957464,0.9565729434108601,663892556.5059634,21.29374255205678,30053.52102745681,27749807.726349905,-7.59175291384074e-07,-3.600714690502854e-08,-17.227874809366128,21.30524824809402,156.5710409099498,156.57793349011493,107.7694153294919,70285.70282085412,79197703.08947456,1.2412116160251951,0.3781890326482609,1.3440417389102879,3.3163854638587913,0.37281482980418623,1.1620602482175473,3.2801909024595988,0.5708421071045381,5.36127239897888,-6.4375,0.515125,0.310375,0.86734375,1.2208750000000002,1.0365,1.4105
9.804175,0.80575,13.2375,7.975,238.98437500000003,0.09758772347355603,-21.515,19.90625,60.3825,-60.3825,2.1676067762441113e-07,30.191247447934437,52.29278041744953,30.191252677212333,52.29277739832452,-52.29278041744953,0.0,13734181.828435065,19570794.01774071,0.40737242923210987,0.41229341902637573,1.1158805598529424,1.4248519305728837,1.6244161111620936,3.936580440259263,9823088.264487237,24.810791044811126,7.383781734149242,0.6453272418040067,-0.020782787812949177,17.273657824431133,1.0095559313513849,700685798.1076292,20.72428632472394,22134.31997475234,19667751.9718226,-8.479169137361482e-07,-5.64550839540441e-08,-15.323294770791916,20.733916626803776,144.54027195024503,144.54690340473462,106.91380899271758,67373.17310167608,77359113.56129181,1.0945176320688428,0.38201229968395745,1.3960395929722977,3.3308010697941586,0.37739648075728577,1.2190007074766709,3.2925082543734887,0.5504920188539886,5.403101612878344,-9.012500000000001,0.25487499999999996,0.47687500000000005,0.76515625,0.599625,1.4815,0.7214999999999999
9.926675,1.0562500000000001,10.5375,6.6850000000000005,237.87812500000004,0.09782961147677187,-22.765,20.238750000000003,56.3075,-56.3075,2.0213227102780656e-07,28.153747620164257,48.76372679759101,28.1537524965368,48.763723982216,-48.76372679759101,0.0,12390354.841278328,15927335.719789375,0.4079798600607268,0.4128210522138975,1.1216973320835382,1.4321123699416842,1.630883032466694,3.9388142824649073,9130679.044014974,21.518166698560233,9.058489889591947,0.3112771814256714,-0.028477573854998314,20.05439657995106,0.4385168288998895,628156480.8142745,32.38212670859068,18605.02657558149,16024304.02623781,-7.429210666167873e-07,-4.908789636165172e-08,-16.405185892156638,32.39619961624204,121.91973821597954,121.92583348267469,84.94283967364711,67061.3051281162,77151309.41777277,1.070190096817489,0.382432226442082,1.401823810276331,3.332469852154113,0.37789340511075026,1.2253867433774959,3.2939452186702782,0.54172864239291,5.407776747301897,-16.3125,0.5241250000000001,0.258625,0.87984375,1.180625,1.1895,1.1495
9.559175,0.72225,10.6525,7.305,238.40312500000002,0.0977142673616821,-17.115000000000002,18.80375,57.1325,-57.1325,2.0509385027742588e-07,28.566247585295642,49.47819777584458,28.566252533115282,49.47819491921957,-49.47819777584458,0.0,11517062.867072275,13690413.567335092,0.4077622265866514,0.41264235570867164,1.118932797197513,1.428672229985528,1.6278227419455173,3.9377723965281803,8795110.474119427,21.434782406463047,8.448263168715759,0.39129185847346254,-0.025780229759792234,18.70642858365843,0.49332227182122634,659761450.9009538,29.309363570050376,16447.453713281076,13787391.071209673,-7.323531087108607e-07,-4.8098092499863075e-08,-11.837859972997782,29.322597539924185,111.34787943282706,111.35371325540457,75.8294991829012,67209.31026811071,77250226.09070791,1.0816990154072275,0.38223299848462705,1.39907509475726,3.3316752960995615,0.37765769734637444,1.222349179128551,3.293260473353898,0.5458833433848723,5.405558026174359,-19.2625,0.40637500000000004,0.287125,0.86078125,0.6171249999999999,1.3325,1.4185
12.866675,0.86875,11.8525,11.075,235.778125,0.09828974839267929,-17.715,8.54875,57.057500000000005,-57.057500000000005,2.0482461580018778e-07,28.528747588465517,49.41324586873062,28.52875252978997,49.41324301585561,-49.41324586873062,0.0,12893036.737993294,27423915.758167055,0.40895149237859496,0.4136396570844668,1.1328556428653727,1.4460248421800819,1.6432072987853221,3.9430930741862,9469831.67084622,22.477516628016616,6.720680212244967,0.5034112742688108,-0.019375087082040315,22.028249308033885,0.6997703029294337,661927724.9913722,27.018121145594233,29826.737445820345,27520887.41832171,-7.380214515139505e-07,-2.9545673953078978e-08,-14.477280103578739,27.028938371904314,152.0620619161748,152.0686422152998,102.11094189076397,66469.28456813806,76751233.85788985,1.0248158720649576,0.38322818509084094,1.4128848572695978,3.335695751670439,0.3788341615814258,1.2376626593685243,3.2967359326836676,0.5250775917304279,5.4166543910056815,-7.662499999999998,0.417625,0.273625,0.77890625,0.32837500000000003,0.8604999999999999,1.4005
11.256675000000001,0.9832500000000001,12.682500000000001,9.745000000000001,248.65937499999998,0.09562179112659781,-20.565,7.51625,54.8825,-54.8825,1.9701681596028227e-07,27.441247680391864,47.52964056242576,27.441252433355785,47.529637818300756,-47.52964056242576,0.0,11978556.780342687,21245887.573645692,0.402905325891394,0.4085718824213606,1.067300891047093,1.3640520005620258,1.569861499637604,3.918778922349826,9116112.36906912,21.020367003174385,5.4075816026673635,0.3773370763547782,-0.017690093851279995,18.388400638047447,0.6100501178573366,595910419.7364895,23.76833322442373,23820.121748349087,21342859.770891614,-7.383945905374642e-07,-3.602781853141892e-08,-16.850934289147972,23.782356376941177,133.4962922254049,133.50267358625612,90.75147581296083,70100.69639586096,79086382.30511822,1.2345178493474689,0.37842854871725934,1.3472568076478042,3.317247535411941,0.3731043159388445,1.1655399838271123,3.280919841267311,0.5714890459252969,5.363858241126888,-1.2624999999999993,0.36287499999999995,0.608125,0.97734375,0.48587499999999995,1.1595,0.7655
8.649175,0.81175,13.6575,7.745,249.165625,0.09552685888155485,-19.235,11.856250000000001,49.5075,-49.5075,1.777216784248836e-07,24.753747907566165,42.874753885925266,24.753752195041436,42.87475141055026,-42.874753885925266,0.0,11120853.492358482,14065098.549749177,0.4027089506322885,0.40841665083529466,1.064853274515418,1.360996470035591,1.5670843159928536,3.917925567232689,8824801.030548682,17.996432728143922,6.23885706554671,0.4825637506052512,-0.012721314377854941,14.237424434997994,0.8561881277480864,693568014.4503893,22.88209174583088,16882.55384252456,14162096.562647054,-7.444461525704283e-07,-4.954822905147319e-08,-14.486762028571194,22.896933042776674,100.56224129678283,100.56408287485543,73.44172933319416,70243.41563799855,79172302.98538601,1.239684738932202,0.37824099320369087,1.344773028779421,3.316579264410317,0.3728783789774308,1.1628527749121123,3.2803546511800885,0.5709904874723312,5.361821240807646,-16.2625,0.522625,0.40337500000000004,0.83609375,1.0213750000000001,1.0305,1.4605000000000001
12.464175000000001,0.80675,12.8325,12.515,243.353125,0.09666795228167736,-21.695,15.793750000000001,61.057500000000005,-61.057500000000005,2.1918378791955422e-07,30.528747419405573,52.87734758147518,30.528752707140182,52.87734452860017,-52.87734758147518,0.0,14309605.157147007,26404485.55267922,0.4052664556823153,0.4105150772115589,1.0935012848721544,1.3968339637120895,1.5994286341696733,3.9281789439465107,10037560.244829945,25.10204286943186,4.383375157457861,0.41301218149790514,-0.01960362597089569,19.1465433484467,0.670750400267221,542394289.6347401,22.73821857055889,28797.250517231732,26501439.33747002,-8.83492396932231e-07,-4.370158953646592e-08,-16.559894182561187,22.748785335801298,167.70311565352557,167.7101399912789,119.59019144738271,68604.78730234482,78158547.7842154,1.1661750025795692,0.38034248163342677,1.3736724082492262,3.3244453364944047,0.3754149905297682,1.1943404619956712,3.287040834452389,0.5665586909655408,5.384524679596851,-8.1875,0.6981249999999999,0.6291249999999999,0.93109375,0.905875,1.4945,1.3145
12.577925,0.72875,11.6275,6.865,246.428125,0.09605475117736179,-17.655,8.68875,42.2575,-42.2575,1.516956789585319e-07,21.128748213987322,36.59606953157576,21.128751873594172,36.596067418700756,-36.59606953157576,0.0,10852136.944758164,19246064.767881013,0.40427079278533035,0.40976471944015364,1.0781736611743902,1.377733480629736,1.5822197100506818,3.9227250909297973,8646220.781244839,12.97427117020189,19.624864056545256,0.43412214423561396,-0.0214830178735031,20.40745426773192,0.583287453701155,1069611413.425864,46.47326466390875,22029.470146497726,19343099.659924082,-5.461359519605187e-07,-2.5833084008123153e-08,-14.295289671078097,46.469946425694296,94.28570517453427,94.28704714271566,60.08336886662045,69471.67455088421,78701100.42551488,1.211992038028563,0.3792136306286689,1.3582341164167808,3.320196814119288,0.37405938652469695,1.1774930325904343,3.2834232145164095,0.573796475926876,5.37222877509081,-0.9874999999999972,0.6936249999999999,0.420625,0.80328125,1.243625,1.3525,1.3245
12.131675000000001,0.85275,10.6925,6.145,235.12187500000002,0.09843555548356332,-18.564999999999998,9.651250000000001,46.2825,-46.2825,1.661445959036444e-07,23.14124804387075,40.08182188002497,23.141252052052824,40.08181956589996,-40.08182188002497,0.0,10964901.083884286,18884028.933269255,0.4095194167409497,0.41416374155148405,1.1363805237002316,1.4504611550647932,1.6471227477878259,3.9445272044345634,8612054.134075927,14.474387389810532,20.758994717647326,0.46767324752956696,-0.027582579571806327,22.148567712221592,0.6602323555910079,1136011935.3593476,47.17077101461939,21601.474308654088,18981041.75165755,-5.764777988957071e-07,-2.7963459470538314e-08,-14.96145283237949,47.1728322768647,103.48084695871741,103.48203619721345,65.98183723475405,66284.2781431449,76624388.22050673,1.010856547152751,0.38347652815240596,1.416362913072427,3.3367196350742545,0.37912739115753225,1.2415403879925921,3.2976253341963773,0.5199442594677338,5.419427994372292,-3.8125,0.607375,0.42137500000000006,0.94484375,0.930375,1.1145,1.1455
10.022925,0.96225,12.0475,11.675,249.709375,0.09542438468051688,-16.005,16.31875,58.057500000000005,-58.057500000000005,2.084144088300294e-07,29.02874754620053,50.27927129691676,29.028752574127523,50.27926839404175,-50.27927129691676,0.0,11994674.535979968,15393937.91474622,0.40241072691637775,0.40816152365888103,1.0622386143529203,1.3577153881364687,1.5641046771935245,3.9169984276659164,9071888.17259499,21.902579875628394,5.739429697205582,0.4654717764489063,-0.018279177157581615,16.110136425025708,0.6530735865533169,601157495.5882784,23.51662995681087,18121.545026894502,15490913.618787622,-8.294453750513016e-07,-4.870226787868427e-08,-11.18321430868221,23.53186855742269,119.39190787658644,119.3979937981543,83.29924634293485,70396.70667585003,79264201.60484199,1.2452252700738065,0.3780526169958717,1.3421245635249135,3.315878238953299,0.3726479462831089,1.1599843522270536,3.2797626452413917,0.57045432820407,5.359832077526106,-18.3125,0.30812500000000004,0.298375,0.75296875,0.611875,1.0445,1.1485
8.001675,0.82325,13.8475,11.805,245.95937500000002,0.09614583709804231,-19.545,17.87625,44.3825,-44.3825,1.5932398914694533e-07,22.191248124174223,38.4363735664713,22.191251967811475,38.4363713473463,-38.4363735664713,0.0,11800346.928902982,12819623.562142048,0.4042268565848456,0.40968040495399133,1.080486266790722,1.3805876545466758,1.5848015198348293,3.9235060570831597,9118465.33916106,15.5163917487411,7.739357475777448,0.36721208283194673,-0.008771908641293112,12.224977682339848,0.654039289540994,726123967.8316183,26.314792923036443,15730.380233449929,12916647.462817336,-7.557447941629883e-07,-5.744889065585491e-08,-12.904873381398478,26.328272600706445,85.10046521207552,85.10251556366705,62.322445258769,69339.52710446055,78619407.66384076,1.205682053905928,0.3793922503209585,1.3605758315007674,3.3208406911596926,0.3742725781502093,1.1800377775755528,3.283970254391528,0.5732097142136121,5.374197539179375,-19.8375,0.16112500000000002,0.509875,0.94609375,0.324875,1.4605000000000001,0.8305
11.370425000000001,0.75875,14.092500000000001,7.075,244.55312500000002,0.09642577415294205,-19.955,20.85125,49.7575,-49.7575,1.78619126682344e-07,24.87874789699992,43.0912602429718,24.878752206125824,43.0912577550968,-43.0912602429718,0.0,13612518.536127925,20473904.051922925,0.4048060055324589,0.41014858655195885,1.087477396628332,1.3893150785317392,1.5926702422501229,3.9260039204434127,9844974.90923829,18.14809838711222,5.806709450114759,0.41163147272098843,-0.012104164123240058,16.942568446088945,0.6812863001855439,643801641.0544796,23.453809386507146,23133.066394080473,20570903.837614346,-6.901355024554357e-07,-4.690890195736012e-08,-13.907264271096489,23.466905532361544,116.54732272197096,116.54835689351049,81.73335707961346,68943.08476518947,78372029.94545165,1.1842595824241287,0.37989840679262,1.3676158351968244,3.3227661337758954,0.3748831319222661,1.1877155359280465,3.285607766999001,0.569573564940003,5.379666318552745,-8.6125,0.11837500000000001,0.437875,0.76171875,0.6556249999999999,0.9165,1.3065
11.492925,0.72175,13.6275,8.985,236.20937500000002,0.0981955709196732,-20.185,20.658749999999998,42.5575,-42.5575,1.527726168674844e-07,21.278748201307824,36.8558771600316,21.27875188689544,36.8558750321566,-36.8558771600316,0.0,13062489.331485717,18453811.65888887,0.4089498289327282,0.4136721346984281,1.1305560072218144,1.4431838268333277,1.6407002762072846,3.9422570784820214,9603819.0209609,15.042627907357996,9.678170817976149,0.2924126097610726,-0.009506462317151356,16.0930373840408,0.4789463511411677,705904351.0856167,30.55220963993117,21236.398455436716,18550844.797088556,-5.962578358934182e-07,-4.175600755816498e-08,-13.9198553673703,30.56234840110212,94.71560462358985,94.71659813007096,63.87352733834402,66590.86021884785,76834141.09437646,1.0340457740759292,0.3830649004081186,1.4106048750068823,3.335027060418105,0.37864128375757045,1.2351252176004333,3.2961560130482583,0.528457661536745,5.414831819227104,-6.012499999999999,0.16862500000000002,0.18362500000000004,0.80234375,0.820125,1.2425,0.9085
11.457925,0.7767499999999999,11.7125,9.365,244.30937500000002,0.09647491890363137,-18.395,17.70125,48.1325,-48.1325,1.7278571300885138e-07,24.066247965680525,41.68396892216933,24.0662521340773,41.68396651554432,-41.68396892216933,0.0,12165053.089879481,17535452.460297275,0.40506361097573323,0.41038966672087823,1.0886991693868164,1.3908646213633524,1.5940648682014371,3.9264858892088363,9142401.311464429,16.43347722948622,10.619458079468828,0.3513497509265208,-0.015285437047538496,18.34176489118371,0.44673570267322094,728511637.716388,33.62999075486904,20290.22517947372,17632461.560279943,-6.222262409156589e-07,-3.7358491325487164e-08,-13.24168263045987,33.64438753367179,102.85410711846981,102.85517820817938,66.29766678082687,68874.36809304915,78328801.6553307,1.1805716656770215,0.37998611855291736,1.3688408195285908,3.3231029464818795,0.3749888515242777,1.189055036016653,3.2858948636486494,0.5689577486938505,5.3806150739845755,-16.0625,0.34487500000000004,0.476125,0.85359375,1.047625,0.8214999999999999,0.8325
7.441675,0.9137500000000001,12.0075,8.625,249.765625,0.09541388112515495,-22.155,18.01625,48.1575,-48.1575,1.7287545783459743e-07,24.078747964623897,41.70561955787398,24.078752135185738,41.70561714999897,-41.70561955787398,0.0,11204021.943341043,10857679.141993158,0.40244799730756564,0.4082046332801438,1.0619703905011417,1.357389601063214,1.563809036730556,3.9169256957833354,8753058.874135217,16.98671121007077,8.958474055268063,0.27677122111327224,-0.01565339964240333,13.662158100472116,0.5218662431376798,684525233.2269909,30.527518713116052,13758.471326481695,10954678.80007262,-7.909132255887624e-07,-6.222925359190695e-08,-15.065194769381675,30.544950848782094,89.32447003699755,89.3269651788213,66.78914285618042,70412.56436942087,79273639.4604664,1.2457992971727103,0.37803312913163684,1.341851004583637,3.3158059638651034,0.37262409878660807,1.159688309262563,3.2797016505509284,0.570399100754072,5.359626388234137,-18.6125,0.13337500000000002,0.297625,0.97171875,1.275125,0.9824999999999999,1.4925000000000002
12.341675,0.9957500000000001,13.5425,7.0649999999999995,247.984375,0.09575071118034253,-20.535,11.82125,42.1575,-42.1575,1.5133669965554775e-07,21.078748218213818,36.50946698875715,21.078751869160417,36.50946488088214,-36.50946698875715,0.0,11802767.376442721,19616572.540842526,0.40344188186260255,0.40905803561669424,1.070574392881952,1.3681871559228422,1.57360431631357,3.9199891943174165,9097057.086439895,14.65286707293006,8.974079498010855,0.2819546611061983,-0.010211435529872803,17.23890323628117,0.5234991480765241,684872724.1840374,30.444224427259755,22378.411930129623,19713601.7910023,-5.76367723052595e-07,-3.358516251278434e-08,-16.041044061895036,30.458633874236433,96.42045453448179,96.4214819806084,63.512704701638896,69910.40407301085,78971418.85350174,1.2276800475872407,0.3786623934757994,1.350561971470915,3.3181285532395406,0.3733900210037356,1.169132222271211,3.281666060033193,0.5721662490076457,5.366332256261999,-4.862500000000001,0.353125,0.44837499999999997,0.75703125,0.4543750000000001,1.1225,1.3975
8.185425,1.06975,14.0975,7.405,239.415625,0.0974946364070699,-22.195,12.731250000000001,56.5075,-56.5075,2.0285022963377488e-07,28.25374761171126,48.93693188322824,28.25375250540431,48.936929057853234,-48.93693188322824,0.0,12171098.072896238,16498334.662585776,0.4071741046140332,0.4121269493643728,1.1136255308666185,1.4220445480053971,1.6219097799134556,3.935731258445628,9245578.694465786,22.705318254900487,5.851345185718937,0.746702623282702,-0.016874510253190263,14.654158917602366,1.152784632618685,760695833.51056,19.432298030702608,19157.035692153928,16595300.12264972,-8.822647960993759e-07,-5.958156523758006e-08,-16.788596605144054,19.441984331288033,126.59748012512169,126.604195293946,97.52082538470586,67494.74875238587,77439460.33007026,1.1040801163588734,0.38184847565880436,1.3937926886296954,3.330156133738191,0.3772025074669715,1.2165262054961672,3.291954120251887,0.5539171838228532,5.401279210479444,-6.1625,0.565375,0.272125,0.76953125,0.284625,0.9915,0.9895
8.902925,0.79375,10.5925,7.675,242.52812500000002,0.0968379239224553,-20.705,16.896250000000002,57.2325,-57.2325,2.0545282958041005e-07,28.616247581069146,49.56480031866319,28.616252537549038,49.56479745703818,-49.56480031866319,0.0,11492083.367285665,13384148.383154564,0.405737369013068,0.41092414242309416,1.0976692839531959,1.4020678043090917,1.6041141795948843,3.929738548442156,8789420.200955255,21.82957856349874,7.995255538710047,0.3127034680413796,-0.027420448076725536,18.067909495521207,0.40170110641218576,599569874.9209273,29.74904149077219,16131.084101676932,13481116.656042533,-7.691672083068929e-07,-5.116726258246099e-08,-15.036239510240899,29.764355557384626,114.74963142529319,114.7557835519457,80.83937025518631,68372.20779663915,78010263.31239755,1.1538408922074672,0.38063934428480045,1.3778477482958913,3.3256046373875794,0.37577225116325513,1.1989275967121573,3.2880330593830203,0.564473590310486,5.387743207286575,-16.5625,0.147625,0.179875,0.80265625,1.171875,0.7384999999999999,0.9744999999999999
11.169175,0.73175,14.3225,9.155000000000001,245.696875,0.09619768744624245,-23.065,12.20625,53.0825,-53.0825,1.9055518850656736e-07,26.54124775646884,45.970794791690714,26.54125235354819,45.97079213756571,-45.970794791690714,0.0,13324386.930070912,23645334.562740732,0.4042205404135705,0.40965118419771107,1.0817836490652397,1.3821886475212377,1.5862465751973105,3.923931497993246,9754458.895548254,20.464876800411243,7.69797415671605,0.6123007108987782,-0.01392196171105071,17.104021255095446,1.0492127891692926,744058414.6357065,21.299261229248145,26164.370069395845,23742309.647728674,-7.691330483046407e-07,-4.375129978500681e-08,-18.106631959534944,21.310777468915933,136.89394119518488,136.9005601086036,97.9696360575753,69265.52453446327,78573448.12361069,1.2016661405061528,0.3794867255306155,1.3618863754738655,3.3211977990192674,0.37438660968953796,1.1814645102234493,3.2842734990652223,0.5725458395374076,5.375217252257872,-5.4125,0.17612500000000003,0.6103749999999999,0.97421875,0.7343749999999999,0.8254999999999999,0.9924999999999999
9.524175,0.79725,11.0775,11.635,240.31562499999998,0.09730376023963826,-19.265,9.283750000000001,43.2075,-43.2075,1.5510598233688144e-07,21.603748173835584,37.418793688352594,21.60375191571485,37.41879152797759,-37.418793688352594,0.0,9803608.071648348,11485917.986210663,0.4070687559080565,0.412092140393154,1.1089698700669395,1.4162736605626156,1.6167782059296552,3.9340208175704414,8149552.720044233,13.881838382236486,21.217892762794072,0.295179480153437,-0.022406306214494295,14.5568191711478,0.4207834705334613,1053693541.2687619,46.28944690888987,14425.97339208538,11582943.798474468,-6.455329640949554e-07,-3.899601218192649e-08,-14.853818361845686,46.228303421657984,80.31977005363285,80.32137512202607,53.39105198211071,67748.47184951932,77606378.98971823,1.1211675883613446,0.38144780067676387,1.3891375844607394,3.328779927721811,0.37674057614918943,1.2113831754979332,3.2907622193882475,0.5589161941752309,5.396579860365772,-7.887499999999999,0.578125,0.39137500000000003,0.97203125,1.087875,1.3335,0.7134999999999999
6.837925,0.73525,12.1775,11.965,245.67812500000002,0.09620139918221002,-21.425,16.37125,51.0825,-51.0825,1.8337560244688415e-07,25.541247840998814,44.23874393531844,25.541252264873084,44.23874138119343,-44.23874393531844,0.0,11235441.980120182,11338527.04396984,0.404279696667111,0.40970992592107314,1.081877736382305,1.3823154920797616,1.5863617657780067,3.92398721586448,8793798.228466077,18.994604915630823,7.344819760969911,0.36084522732483104,-0.014719755492287098,12.715518028966356,0.6436181827625024,679115240.7663295,26.353219747960217,14192.803296475136,11435515.58904307,-8.612563569128071e-07,-6.32931053858634e-08,-14.707917387036401,26.368518579790834,97.92245643703471,97.92890699557408,73.20050487741787,69260.23863660633,78570160.63940974,1.2013795776401839,0.37949347241471015,1.3619800045365016,3.3212233362898873,0.3743947522789456,1.1815665057782474,3.284295196531317,0.5724984205766175,5.3752900992158965,-4.337499999999999,0.47987500000000005,0.205375,0.87796875,1.054625,1.2854999999999999,1.1815
7.109175,1.01225,11.2625,12.555,244.234375,0.09649007339111984,-19.825,9.10875,49.7325,-49.7325,1.7852938185659796e-07,24.866247898056546,43.06960960726715,24.866252205017386,43.06960712064215,-43.06960960726715,0.0,9747345.785848672,9983522.636023255,0.40502690216012843,0.41034620320311566,1.0890727749665294,1.3913239487029994,1.5944776190437187,3.926612000437185,8145145.908678103,18.163268620379938,9.727621370648343,0.3119553470627263,-0.015708237392008953,12.830432347649232,0.5221685082096172,725941833.7833356,30.528848903709555,12883.589623068796,10080516.860914474,-7.960695247804615e-07,-5.221699542464919e-08,-14.978726009120605,30.542202488972656,89.56692308036723,89.57311096860431,63.49310108724097,68853.22450162137,78315483.1454603,1.1794383509652822,0.3800131046145222,1.3692180677885697,3.323206775377039,0.3750213712810884,1.1894676813845735,3.285983390721873,0.5687682675025828,5.380907022780087,-17.6625,0.437875,0.5331250000000001,0.95609375,1.308375,1.0474999999999999,0.7034999999999999
8.622925,1.07075,12.5275,13.605,249.50312499999998,0.09546317203409545,-16.665,17.42125,53.4075,-53.4075,1.9172187124126588e-07,26.703747742732716,46.252253055851206,26.703752367957893,46.2522503854762,-46.252253055851206,0.0,11766671.390332824,12821586.882935975,0.40253420045916893,0.40826889276745987,1.0632295661950948,1.3589608519725123,1.565236502501147,3.917355155752167,9029334.217809997,19.406492390646683,6.323737398504235,0.4456880596187426,-0.013345262528994763,13.389838468637661,0.6859484421727962,647200314.0770515,23.928913052692394,15652.556889099948,12918578.271832153,-8.294150071249491e-07,-5.6162918310155935e-08,-10.957118158570017,23.944633649038085,102.44962392945604,102.45568282404186,72.9150741151555,70338.56179942361,79229387.22762951,1.2431218717342127,0.37812407345595744,1.3431283529183893,3.3161436550490273,0.37273537045500316,1.1610709053321644,3.2799866810288876,0.5706572737764867,5.360586418702506,-14.087499999999999,0.273625,0.262375,0.80484375,0.7623749999999999,1.2254999999999998,0.9515
11.912925000000001,0.84825,13.9725,12.905000000000001,249.35312500000003,0.09549142932666893,-17.365000000000002,8.74125,59.7575,-59.7575,2.145170569807601e-07,29.878747474350053,51.75151452483319,29.87875264950136,51.75151153695818,-51.75151452483319,0.0,12564393.295582592,23242965.83106064,0.40251705834872725,0.4082378899864405,1.0639486628813406,1.3598470726853729,1.5660405535759898,3.917576895678217,9417309.042574313,23.671003977059147,4.849377381386876,0.6593981765112791,-0.015621486310188747,16.852068562037413,0.9928585697761119,674478364.932322,19.7095421121563,25747.59742131219,23339929.628326792,-8.728234127454985e-07,-4.015791924895738e-08,-13.88942652349082,19.720868099582006,151.3568642042857,151.3635275143286,107.58297496926858,70296.27461656803,79204046.37159956,1.2415935544759993,0.3781760424257494,1.343858990227342,3.3163370620341106,0.37279894077382353,1.1618622586477343,3.2801500169696447,0.5708053082531348,5.361135214732019,-13.7375,0.5293749999999999,0.19487500000000002,0.90734375,0.522625,0.7965,1.1235
12.271675,0.82775,10.6125,12.504999999999999,240.465625,0.09727184906419109,-22.805,11.873750000000001,57.8575,-57.8575,2.0769645022406107e-07,28.928747554653526,50.106066211279526,28.92875256526001,50.10606331840452,-50.106066211279526,0.0,13101023.27130502,24719170.788643166,0.4066324513005938,0.4116613702784971,1.1081916598616746,1.4152432475140087,1.6158591756313632,3.9336288543461015,9469120.058754947,22.809863856040074,7.716084802975856,0.4066718283840091,-0.023588607614347265,21.570651699374018,0.48748980995170144,613692044.7433965,32.376699994459685,27163.461812037123,24816130.179192122,-8.472021538796881e-07,-3.581671536541021e-08,-18.25585135463187,32.39072345325546,152.5999989570765,152.60671589971705,106.9902129604758,67790.75903237492,77633833.58105244,1.1233648362330888,0.3813938393265414,1.3883693601022313,3.3285629770213303,0.37667580536855605,1.210532274682967,3.290575183436127,0.5592977296008524,5.395992422273209,-12.8125,0.5908749999999999,0.12662500000000002,0.75921875,0.890125,0.9835,0.8744999999999999
7.424175,1.05675,13.9025,6.635,241.515625,0.09704858579765795,-19.675,11.436250000000001,46.2325,-46.2325,1.6596510625215232e-07,23.116248045983998,40.03852060861566,23.11625204983595,40.03851829699066,-40.03852060861566,0.0,10524629.417518742,11847127.17125285,0.40627621227548155,0.4113871356653657,1.1028224732560121,1.4085301424958505,1.6098898930350665,3.93166804670869,8583458.243168434,16.89117869843982,7.257123531054715,0.47446698691649186,-0.011066595763161826,12.820321861779192,0.8597793564161447,746190928.0000043,23.73464158921673,14741.794521465661,11944138.299479578,-7.498295563091406e-07,-5.4618568686067295e-08,-14.615475516066626,23.74656111406663,88.13402090209264,88.13636521696525,66.40134387479402,68086.76931236398,77826452.69659239,1.1388182053257518,0.38101601318926154,1.3830065788262436,3.3270545165524448,0.3762220273799704,1.2046038104664913,3.289276964177109,0.5619482213460204,5.391883693859908,-11.7625,0.668125,0.13037500000000002,0.80171875,0.673125,0.9025,0.9995
12.052925,0.80875,13.0125,7.484999999999999,248.02187500000002,0.0957435534261262,-19.134999999999998,13.76375,50.7325,-50.7325,1.8211917488643958e-07,25.36624785579156,43.93563503545329,25.36625224935494,43.935632498828284,-43.93563503545329,0.0,12432993.360959776,20977160.5459355,0.403250092422179,0.4088662958758886,1.0703884457255277,1.367929420007631,1.5733704841516085,3.919881005999422,9311956.70638813,18.422588028980773,6.258865388055923,0.36520121511376097,-0.014613592091242699,18.684137877334358,0.6240675289298465,614894603.0890871,25.468839272587058,23614.404365652394,21074154.724194735,-6.649531477422165e-07,-3.681569081639248e-08,-14.680977649196933,25.48394575225995,119.7643229662919,119.77036658141486,80.400518021325,69920.97586872475,78977793.48688133,1.2280593816730632,0.37864939918100793,1.3503780862739183,3.318079435564394,0.37337415141821656,1.1689321602471918,3.281624420659254,0.572128450736051,5.366194685051554,-15.0875,0.524875,0.144625,0.76609375,1.4676250000000002,1.1745,0.8294999999999999
8.027925,0.72275,11.4025,8.215,239.22812499999998,0.09753502207843263,-20.675,19.62625,53.2825,-53.2825,1.9127314711253568e-07,26.64124774801584,46.14399987732794,26.6412523624157,46.14399721320293,-46.14399987732794,0.0,11397310.285866985,11196342.616376616,0.4073426081673608,0.4122829725653315,1.1146069531070977,1.423279595636568,1.6230139580750305,3.9361285193767275,8777575.671519367,19.873511161314337,8.17150046264202,0.3056079957293678,-0.02023629927017493,15.064497246689376,0.5001393075794414,632795367.4425325,28.551670716329696,14031.072555142475,11293326.099191085,-8.241591627968744e-07,-6.248276436671637e-08,-13.864926294221968,28.56504023950697,99.2964801411582,99.30276150672337,73.57984332970817,67441.8897738164,77404575.83602133,1.0999170955800932,0.3819197121147284,1.3947690349135027,3.3304361523650705,0.3772868621799746,1.2176010572495153,3.2921946380035565,0.5524273815839259,5.402071559798694,-2.6875,0.449875,0.142375,0.95921875,0.19887500000000002,0.9775,1.1025
13.522925,0.85625,11.1675,9.165,249.24062500000002,0.09551267520583319,-20.485,13.83375,51.1825,-51.1825,1.8373458174986828e-07,25.59124783677231,44.32534647813705,25.59125226930684,44.32534391901204,-44.32534647813705,0.0,13224353.789662551,26943895.02512751,0.40267954102266673,0.40839319366560084,1.0644923823282224,1.3605438396719618,1.5666734608777781,3.9177946937997787,9584499.609979263,17.893052820841195,10.1523955610102,0.4693146571632745,-0.01942158751954892,23.751788897416727,0.595464066537889,754614440.3520637,36.31205855601067,29424.21857493143,27040884.173623282,-6.670372526192576e-07,-2.894130956542107e-08,-16.159277199777474,36.331947390047546,135.46497628749083,135.47139159695232,89.13772324205111,70264.55922942633,79185007.16281627,1.240448051987019,0.3782150134411138,1.3444073498108557,3.316482331059734,0.3728466049316531,1.1624563786713404,3.2802727320042773,0.5709162538731999,5.361546798922345,-12.787500000000001,0.33587500000000003,0.263125,0.87359375,0.744875,0.7725,1.2445
7.039175,0.91275,12.9375,8.835,247.515625,0.0958398868770936,-18.445,14.58625,51.6325,-51.6325,1.8534998861329702e-07,25.81624781775307,44.71505792082081,25.81625228925874,44.71505533919581,-44.71505792082081,0.0,10662644.278969277,10268479.629951645,0.4034406303397057,0.4090161930666446,1.0728544458025233,1.3710129226700531,1.5761633937270043,3.920758611927572,8583690.123935629,18.878076680212818,6.75589422799543,0.5251768330111857,-0.014545821036614058,12.603356607694385,0.8463839014372824,721595804.7628696,23.045774826697702,13162.177966938161,10365472.283560725,-8.554057394400132e-07,-6.44391908654478e-08,-12.745473747169651,23.06056586796867,92.90334586753822,92.91009233935081,70.85495912100342,69778.25662658714,78891127.10883118,1.2229223100550783,0.37883699846624264,1.3528754132207903,3.3187561498794707,0.3735998723780244,1.1716436995154584,3.2821984550550596,0.5726351336031157,5.368235829902391,-19.4375,0.5181250000000001,0.36587499999999995,0.91421875,1.044125,1.2285,1.1425
12.840425,0.73575,13.5375,11.385,240.07187500000003,0.09735600536714886,-19.814999999999998,11.69875,43.1825,-43.1825,1.550162375111354e-07,21.591248174892208,37.397143052647934,21.59125191460641,37.39714089352293,-37.397143052647934,0.0,12340530.345030302,22037146.44298968,0.4070798002695844,0.41208283011664404,1.1102215869716994,1.4178272152613995,1.6181548982272689,3.9344542077688067,9336358.97803701,15.5876751173269,8.53417383921691,0.2873452576120149,-0.009155174856836087,17.105154492222,0.5876050094795991,694132842.5784023,29.086893884442528,24719.48398891987,22134172.246605556,-5.84355332402735e-07,-3.1357891137639205e-08,-15.479543952480839,29.098900480364918,104.41103077470889,104.41183219330114,67.37230930698703,67679.75517737903,77561494.94272512,1.1176035094750874,0.3815355100300384,1.3903871357247664,3.32913329243638,0.37684582838020114,1.2127680560077618,3.2910670332675545,0.5583000751926749,5.397534875543212,-12.7625,0.276625,0.253375,0.93859375,0.7308749999999999,1.1195,1.2294999999999998
10.862925,1.0077500000000001,13.8875,13.575,242.05937500000002,0.09693557192892975,-21.435,15.75875,51.5325,-51.5325,1.8499100931031285e-07,25.76624782197957,44.6284553780022,25.766252284824983,44.62845280137719,-44.6284553780022,0.0,13361399.363690335,20738794.653676324,0.4059153380582345,0.4110655065410439,1.1000457933208048,1.4050386086979674,1.6067670620822208,3.930600746411958,9736794.543805895,19.694873093177215,5.319617557998297,0.43551855612383955,-0.011524262121967452,15.187551313582325,0.7647848942526506,615826365.1779599,22.761644597277726,23353.097197901803,20835781.109847665,-8.164693548340365e-07,-4.832100708168347e-08,-15.761926606444678,22.773483007518617,125.71308676979926,125.71942140944358,90.71610585353426,68240.06035021547,77925394.64457846,1.1468731995388948,0.38080797029904767,1.3802272251508927,3.326268108593224,0.3759750589635407,1.2015471689049153,3.2886019468947403,0.5633112087506958,5.389572982458221,-6.0625,0.267625,0.32537499999999997,0.76578125,0.582125,1.4055,0.7515
11.545425,0.9637500000000001,13.2725,8.105,246.634375,0.09601413027558454,-17.705,14.498750000000001,51.8075,-51.8075,1.859782023935193e-07,25.903747810356695,44.86661237075339,25.903752297017807,44.866609780378376,-44.86661237075339,0.0,12434522.14592742,19786193.084640216,0.4038706496191092,0.40937610785809936,1.077156750202216,1.3764137852234564,1.5810305329109944,3.9222891036689513,9324049.028283538,19.00552980407264,5.946762914496291,0.4184825442694212,-0.014124823394630791,17.732679206610694,0.7052839429690296,636818067.0347657,23.771775514375406,22449.281480781607,19883186.78398185,-6.820402416447681e-07,-3.9334902356684075e-08,-13.24703787595345,23.785734317006835,118.41973771569226,118.4257185607349,80.08013334515576,69529.81942731065,78736967.28443739,1.2140601223019047,0.37914218609622374,1.35721563023992,3.319922220673913,0.37397226896944885,1.1763798427311833,3.2831895071761474,0.5735827222024281,5.371470685854045,-15.962499999999999,0.12212500000000001,0.384625,0.79546875,1.2313749999999999,1.0865,1.2045
12.087925,0.88525,12.817499999999999,10.575,243.315625,0.09667562720450926,-17.215,19.88875,54.1075,-54.1075,1.9423472636215503e-07,27.053747713147228,46.85847085558151,27.053752398994185,46.8584681502065,-46.85847085558151,0.0,13674171.525509687,22006831.456865385,0.4053899872283532,0.4106374652358978,1.0936924308135323,1.3970889608488823,1.5996581129101155,3.9282780888066964,9808225.03395332,20.15180347426786,6.019162458137831,0.43180880429858703,-0.014863062954699555,18.595877700244994,0.6517911337383695,614714741.4216946,24.54844792029487,24597.697951813992,22103820.096461922,-6.903329819478324e-07,-4.027537692076796e-08,-12.003274217664073,24.561529966157927,128.66691530097833,128.6729662042579,85.08921129156639,68594.21550663094,78151837.0028309,1.1656126230374944,0.3803559690000066,1.3738618063335217,3.3244977846045844,0.37543123023310826,1.1945482993698469,3.28708567774399,0.5664639139450337,5.384670798952939,-0.6624999999999979,0.27737500000000004,0.239125,0.81015625,0.141125,1.2905,1.3485
10.512925000000001,1.05725,13.8625,12.735,243.57812500000003,0.0966219874179031,-18.935,17.99875,49.8825,-49.8825,1.790678508110742e-07,24.941247891716795,43.19951342149507,24.94125221166802,43.19951092737006,-43.19951342149507,0.0,12989711.831508573,17787556.731342327,0.40525898801563554,0.41052661985519306,1.0923711168291224,1.395434099024171,1.5981745011056643,3.9277946067208793,9583225.864553029,18.20145519059472,5.961408921297401,0.4276928369295661,-0.010589067211212132,14.528067561640075,0.7084528502265482,659541478.0329897,23.30849390766546,20512.181127262735,17884557.05609507,-7.766029596811813e-07,-5.0045720778553596e-08,-13.102326472372727,23.321209947877577,109.48723618120015,109.4932009145048,77.6706386205834,68668.21807662821,78198767.47895972,1.1695530914827632,0.3802615126607094,1.3725364184381228,3.3241310114593308,0.3753174976917111,1.1930945894028049,3.286772216314824,0.5671273559307809,5.383647548184215,-5.987499999999999,0.251875,0.181375,0.90140625,0.9688749999999999,0.9005,0.7675
13.277925,0.92125,12.2775,10.025,237.74687500000002,0.09785859975652585,-20.625,13.48375,45.4575,-45.4575,1.6318301665402507e-07,22.728748078739365,39.36735090177141,22.728752015474345,39.3673486288964,-39.36735090177141,0.0,13044404.81858995,25269338.546347797,0.4081631963448606,0.41299636337209394,1.1223926198897527,1.4329949571031697,1.6316685263019832,3.9391042964031575,9566496.6167531,16.08542467441424,10.889485919634913,0.3745799368490526,-0.013059234901407245,20.663922420156513,0.4933916460248449,747229886.4547023,34.92085917160546,27836.551675485993,25366351.93899084,-6.243695120846026e-07,-2.9246823970963857e-08,-16.160211960085437,34.93448732565466,116.14394345371613,116.14464468368821,76.86046793975922,67024.30384311754,77126499.15080212,1.0673231384743733,0.3824820223154906,1.4025120345852837,3.3326692342272937,0.37795230400863394,1.2261481166168913,3.2941172104309677,0.5406912663374677,5.40833151605891,-2.4375,0.201625,0.698875,0.89328125,0.12362500000000001,1.1505,1.3115
12.971675000000001,1.09525,13.6125,6.835,240.765625,0.09720762749651723,-17.285,14.20125,51.457499999999996,-51.457499999999996,1.8472177483307472e-07,25.72874782514944,44.563503470888236,25.728752281499663,44.563500898013224,-44.563503470888236,0.0,12830764.276733823,23308996.550358098,0.406598994005689,0.4116522494037268,1.1066551720612832,1.41333084562055,1.6141613514850273,3.9330809870628918,9489070.447043214,19.09525944060817,6.040458412397444,0.4486625695852711,-0.013656117507317923,19.19956678867957,0.7026830741816297,670896956.6666284,23.49178617674521,25883.493766275787,23405992.516519222,-6.555331445568433e-07,-3.522622263086687e-08,-13.119574140402447,23.503252711103265,124.70777073483781,124.71379589638295,81.87591008153572,67875.33339808609,77689118.58501618,1.1277664771359874,0.3812858880012772,1.3868344426415813,3.3281301450146987,0.3765462044048201,1.2088334106848597,3.29020227537114,0.5600559937694798,5.394817784644411,-9.4375,0.275875,0.113875,0.86046875,0.296875,1.4965,0.8194999999999999
12.586675,1.08775,11.2875,9.115,249.896875,0.09538946344181835,-16.805,19.18875,46.582499999999996,-46.582499999999996,1.6722153381259686e-07,23.29124803119125,40.34162950848081,23.29125206535409,40.341627179355804,-40.34162950848081,0.0,12692590.483398197,20815498.279934425,0.4025297643155509,0.40829930399994796,1.0613442263187522,1.3566244695307879,1.563113598258363,3.916734400285192,9374022.771317884,14.290411909505801,15.375384163902973,0.4997805999616079,-0.0177324078108818,20.980923399189017,0.6107260987992393,936585793.4450215,42.693502392652896,23529.65143894427,20912519.433254253,-6.017871123072626e-07,-3.143414080489695e-08,-11.94203697419789,42.712137755637045,106.13546586095457,106.13661191579057,68.15148194063107,70449.5656544195,79295594.35742958,1.247139421572746,0.37798765325530476,1.3412129178736063,3.315637478402378,0.3725684464426184,1.1589980557165733,3.279559509685332,0.5702704426142142,5.3591464836325535,-11.9875,0.295375,0.602125,0.76921875,0.942625,1.3935,1.3715
7.144175,0.95225,12.0925,10.175,238.85312500000003,0.09761618955757774,-16.845,11.78625,53.7325,-53.7325,1.928885539759644e-07,26.866247728996598,46.533711320011705,26.866252382367602,46.533708633386695,-46.533711320011705,0.0,10017923.978901412,9409543.03158476,0.4075374331811722,0.4124505066939531,1.1165701733076063,1.4257280347875785,1.6251990778043426,3.9368771135182605,8268298.9766761875,20.16762852811273,7.210612168329623,0.4848492866088545,-0.016665947854617516,12.811580240674912,0.7384289593844424,723040358.410455,23.677583531946052,12296.395090503254,9506530.010687452,-8.596152048366463e-07,-5.985299634968945e-08,-12.040716228247167,23.68853174337183,90.94910413400862,90.95568139637102,66.81342704757961,67336.17181667745,77334585.55499971,1.0916160976876212,0.38206214655768395,1.3967243007967352,3.3309979723309047,0.3774554889919693,1.2197554793121843,3.29267757283603,0.5494505537859823,5.403656293256738,-14.9375,0.310375,0.311875,0.90640625,0.6713749999999999,1.4495,0.9285
12.245425000000001,0.74975,12.4025,10.275,244.928125,0.09635043465419654,-18.735,18.62875,48.3325,-48.3325,1.7350367161481973e-07,24.166247957227526,41.857174007806556,24.166252142944813,41.85717159118155,-41.857174007806556,0.0,12998298.784345564,20550363.62992786,0.40473857207449004,0.4101120121596969,1.0856086805566945,1.3869933352446933,1.590581053918915,3.925354104026997,9524180.398570526,16.877568025076616,8.48775825208546,0.3501332927091069,-0.013084793189043514,18.458766312474253,0.4876351500387784,655147385.3461361,30.143494214844335,23229.189600163016,20647371.46498158,-6.246062588563765e-07,-3.6677863495207534e-08,-13.454854199402323,30.15866963313834,110.97295797146715,110.97385161988257,71.48871813450995,69048.80272232842,78438403.45904507,1.1899436247321207,0.37976353614020586,1.3657341070473124,3.322249835895685,0.3747205028364495,1.1856598757514896,3.285168052769011,0.5705213197022386,5.378208216983805,-7.787500000000001,0.241375,0.28637500000000005,0.8160937500000001,0.933875,0.8035,1.3035
13.444175000000001,1.07775,14.1725,6.265,246.971875,0.09594795336734616,-21.795,17.771250000000002,60.707499999999996,-60.707499999999996,2.1792736035910962e-07,30.35374743419831,52.57423868161002,30.353752691622034,52.57423564623501,-52.57423868161002,0.0,15305324.541456183,31545469.81459,0.40358654927541365,0.4091166311003325,1.0755037188708592,1.3743192041723435,1.5791437072546717,3.921662832067861,10512408.280264609,24.53620476197243,7.358006883990268,0.6292262557655206,-0.019608785544524263,21.26486332490938,0.991328804744847,688476028.0025265,20.7049926931703,33822.48677696737,31642425.27596019,-7.946435949780493e-07,-4.234325753745977e-08,-16.585037603712756,20.71775513679429,178.2541110042941,178.26140916143822,125.2691132181546,69624.9655887357,78795476.78076221,1.2174448008037326,0.3790253579209099,1.3555514476345405,3.3194743651959224,0.37382973909971395,1.1745621380434834,3.2828085653102526,0.573197562517514,5.370232182715734,-15.4375,0.39137500000000003,0.683125,0.95546875,0.251375,1.3495,1.2315
9.891675,1.0117500000000001,11.6525,13.705,248.003125,0.095747154916694,-20.505,16.77375,54.2325,-54.2325,1.9468345049088523e-07,27.116247707864105,46.96672403410477,27.11625240453638,46.96672132247976,-46.96672403410477,0.0,12412932.173760323,16456923.106532231,0.4031983629411773,0.4088121131956715,1.0704781171524007,1.3680340310536028,1.5734648634341473,3.9199014542423214,9236749.31829182,20.319335384218604,6.750302315174441,0.32224057051082006,-0.01626654377371966,15.724903461519867,0.5049969635000212,594208912.7966802,27.591906610853577,19164.858399447086,16553902.12554771,-8.220697726727898e-07,-4.8427097864798704e-08,-14.729348402566838,27.608483382178065,119.11423753410621,119.1203772175379,83.455443305436,69915.6899708678,78974587.39554948,1.2278697070518396,0.3786559014370156,1.350470019409686,3.3181039946016258,0.37338209176480847,1.1690321972785624,3.28164524397211,0.572147347208064,5.366263551521506,-4.9375,0.35462499999999997,0.662125,0.90328125,1.488625,1.4355,1.1415
7.179175,0.92425,12.8975,11.125,245.846875,0.09616803243007944,-23.285,7.88375,52.957499999999996,-52.957499999999996,1.9010646437783714e-07,26.47874776175196,45.862541613167444,26.478752348005994,45.86253896529244,-45.862541613167444,0.0,10692782.496781552,13603656.77493697,0.40415869592292447,0.40960129861547195,1.0810404190260416,1.3812622466832882,1.5854101886301455,3.9236713868713333,8603200.438246185,20.50579499297691,5.936212430417472,0.477192243795008,-0.015855203630374046,13.30969399927466,0.8185201317772131,677905513.4073399,22.67982522293907,16362.298195810457,13700629.740086194,-9.037217687474805e-07,-5.5822676083000056e-08,-18.324511414982673,22.69312553611035,110.35335991644531,110.3601123726144,84.01160006866921,69307.81171731884,78599725.75214408,1.2039597939515898,0.3794327446754185,1.3611372991164945,3.32099361420268,0.37432145613456685,1.1806488429468,3.2841000798274758,0.5729251947936722,5.374634582695737,-9.3125,0.11762500000000001,0.385375,0.9432812500000001,0.46662499999999996,1.2365,1.0465
7.152925,1.07925,11.7475,13.375,241.21562500000002,0.09711207363058667,-20.545,16.21375,59.1575,-59.1575,2.1236318116285514e-07,29.578747499709042,51.231899267921506,29.57875262289883,51.231896310046494,-51.231899267921506,0.0,11697962.45987872,12432166.865618758,0.40629102819694085,0.4113771024449787,1.1043508418286476,1.4104284545075252,1.6115791486964393,3.9322040758654486,8945302.530118845,23.846681967314897,5.866511841068265,0.44946549340032865,-0.01964489810477854,13.456714187510277,0.723551993578108,634829276.5155652,23.120328593203542,15184.391710760858,12529129.008933995,-9.521274076083665e-07,-6.51888672638667e-08,-14.229665860945355,23.132925186654695,118.91784610438283,118.92440120627354,88.62787402309162,68002.19494665283,77771565.67516042,1.1343895041627503,0.3811239624626835,1.384536133815229,3.327483671643953,0.3763517275685948,1.206292648576954,3.289645901326711,0.5611899026360524,5.393056925152016,-13.6875,0.6028749999999999,0.34187500000000004,0.75734375,1.0423749999999998,1.2195,0.8614999999999999
12.560425,0.82075,14.432500000000001,8.004999999999999,236.62187500000002,0.09810765446303989,-23.415,9.66875,42.3575,-42.3575,1.5205465826151607e-07,21.178748209760823,36.682672074394375,21.178751878027928,36.68266995651937,-36.682672074394375,0.0,12380927.194022993,23099734.548235737,0.40870764140322907,0.4134590673456155,1.1283566786623356,1.4404330600717163,1.6382660115222418,3.941393411974013,9376054.281533185,15.930109718775213,7.1839694026187155,0.3004713452485475,-0.009040571949582191,16.997748211217132,0.7047931022581192,673507586.7626665,26.334923189407945,25733.06982816696,23196753.66474662,-6.047206148156473e-07,-3.397377044302839e-08,-18.84372588905736,26.34543442800941,107.71315882064044,107.7140058726762,73.43055907991784,66707.1499717007,76912519.26270126,1.0429164504167752,0.38290866122585326,1.4084282125912237,3.3343905137007845,0.37845666802751177,1.2327061439910185,3.29560466701463,0.5316953888997328,5.413088668958009,-2.9624999999999986,0.593125,0.198625,0.84640625,0.489375,1.0605,0.8805
7.616675,0.9822500000000001,12.6375,9.205,240.371875,0.09729197280924916,-16.655,12.188749999999999,61.5075,-61.5075,2.2079919478298294e-07,30.753747400386324,53.26705902415893,30.75375272709208,53.26705594878393,-53.26705902415893,0.0,10801095.922765667,11518743.815500963,0.40667276015919335,0.4116946412091702,1.108673043107541,1.4158479260122572,1.6163962781913839,3.933813399981548,8599743.222219711,24.787708112812446,6.201313725890183,0.794384732527923,-0.02152780959056318,13.9050973996582,1.1281304161868624,760975238.3181838,19.415603230365154,14290.346942208746,11615705.30911833,-9.44872936961346e-07,-6.20865846048761e-08,-12.104113649381688,19.426035499388778,114.74975965173499,114.75647740127258,86.43971122957699,67764.32954309018,77616529.15218097,1.121991404966983,0.38142757215447426,1.3888494930162425,3.3286985462072267,0.3767162937203522,1.2110639608580747,3.2906920375104103,0.5590607603569911,5.396359569597275,-3.1125000000000007,0.197125,0.189625,0.9339062499999999,1.149125,1.0985,1.0915
10.136675,0.78275,11.6875,11.905000000000001,241.34687499999998,0.097084261637564,-17.785,8.32125,51.3825,-51.3825,1.8445254035583663e-07,25.691247828319316,44.49855156377428,25.69125227817435,44.49854899464927,-44.49855156377428,0.0,10473922.016733343,14507881.332043204,0.40636544158942517,0.4114635953790505,1.1036833275426767,1.4096108708090591,1.6108525399601286,3.931989271482884,8442792.17815772,18.96751584453217,8.05185756231503,0.35418488680628124,-0.015458877316761812,15.73832432087716,0.5174600621521876,653828687.5091882,27.99395512972519,17287.822399989323,14604873.445015974,-7.37407051865478e-07,-3.9284465005076105e-08,-14.051669973145644,28.007211216491896,104.31020837470366,104.31602171031356,70.81477210813617,68039.19623165145,77795598.4104668,1.1363257292186133,0.38107673059875846,1.3838666751165896,3.327295729990333,0.3762949857084126,1.2055533069492768,3.289484297711098,0.56152165047616,5.392543511410985,-5.162499999999998,0.288625,0.607375,0.87484375,0.6241249999999999,0.8524999999999999,1.4805
8.386675,0.71975,11.4625,7.3149999999999995,242.584375,0.0968262472906885,-22.695,14.743749999999999,51.3575,-51.3575,1.8436279553009057e-07,25.678747829375943,44.476900928069625,25.67875227706591,44.47689836019462,-44.476900928069625,0.0,11148412.626970908,12738287.319838595,0.40574507957949524,0.41093672785124286,1.0973852922568106,1.401716873887154,1.603800776111069,3.9296428105944607,8699692.62273223,19.08052329409073,8.579656212689576,0.28275998898079274,-0.020265678174169664,16.1020697408515,0.48038029521052,652322556.7225235,29.880949898754995,15541.107603706378,12835270.95085125,-7.498650173309982e-07,-5.187711760256216e-08,-16.859319388712006,29.89543885607641,101.79719195987663,101.80337544951665,73.56110990451197,68388.06549020998,78020426.90392213,1.1546792220361752,0.38061910539187743,1.377562544170947,3.3255252501325283,0.37574790416374854,1.1986138922340301,3.2879650424379174,0.5646157561632374,5.387523659098107,-1.5625,0.47462499999999996,0.320875,0.79203125,0.38787499999999997,1.1655,1.0985
9.839175000000001,1.0397500000000002,12.5625,6.945,247.909375,0.09576512679833314,-17.795,14.67375,43.0575,-43.0575,1.545675133824052e-07,21.52874818017533,37.28888987412467,21.528751909064216,37.288887721249665,-37.28888987412467,0.0,10804818.568350883,12738838.222097794,0.4035189586871937,0.40913012146597144,1.0709393498581201,1.3686526566457298,1.5740255216593442,3.920136538904897,8630882.092720035,14.339053037660785,11.876312629444287,0.30315329838403804,-0.012738873431451466,15.252472292170056,0.44093055972882456,777982470.9786935,34.2067181945748,15679.839511418402,12835871.887543678,-6.109230820204964e-07,-4.22634574526789e-08,-12.827065710383339,34.215991212464736,81.17623710623961,81.17789846460921,55.443956709899034,69889.26048158306,78958590.09288725,1.2269217392407024,0.37868837219680557,1.3509298539840033,3.3182268452461563,0.3734217503873542,1.169532574421306,3.2817494043789783,0.5722419097431927,5.366607265886154,-17.1375,0.5301250000000001,0.381625,0.85984375,0.29862500000000003,0.9055,1.0715
10.364175,0.87475,13.3725,10.035,240.84062500000002,0.09719170274904045,-19.425,10.61375,56.1325,-56.1325,2.0150405724758429e-07,28.066247627560628,48.612172347658436,28.066252488777728,48.61216954103343,-48.612172347658436,0.0,12247031.219588945,19633928.6400904,0.40648862778835587,0.41154647568209385,1.106269375226321,1.4128366250178142,1.6137213519120845,3.932919585272515,9254437.196773246,22.200627487579688,7.228436640267579,0.6388354294458005,-0.01638345817615271,16.737053893606053,1.035079304494649,712595858.6737318,21.23576190717902,22235.44602247428,19730900.55450349,-7.777517892167885e-07,-4.2578341426986806e-08,-15.246899897372977,21.246531027015415,132.463230452696,132.46957507504592,93.39998215286161,67896.47698951386,77702847.32686587,1.128868629381361,0.3812589035204253,1.386451104186165,3.328022182997718,0.3765138011084063,1.2084093578468442,3.290109306124497,0.5602455699496967,5.394524244507418,-2.1125000000000007,0.19487500000000002,0.6816249999999999,0.82484375,0.43337500000000007,1.0035,1.4745
13.584175,0.8492500000000001,12.557500000000001,6.985,239.09687499999998,0.0975633732082357,-21.715,9.248750000000001,48.2825,-48.2825,1.7332418196332763e-07,24.141247959340774,41.813872736397244,24.141252140727932,41.81387032227224,-41.813872736397244,0.0,12785756.620020479,27422370.4641914,0.40744399876924914,0.4123750112058349,1.1152941634288145,1.4241388126920196,1.6237809214510686,3.936387619575109,9460283.78212488,17.745626863595312,8.067589610218645,0.3694649056988793,-0.015251531632002704,22.18880548217536,0.5341097778134377,642812525.8426235,30.50585731646243,29892.98375373506,27519366.157090105,-6.6400868200375e-07,-2.8595840756771044e-08,-17.856452825705915,30.51900447271816,129.4283004710281,129.42898496260776,87.84910596913743,67404.88848881777,77380110.68177338,1.0970079357618145,0.38196957359261174,1.395453009933396,3.3306325264281544,0.37734589715379846,1.2183543906261773,3.2923633792259817,0.5513850681193307,5.402626259912645,-5.5375,0.40712499999999996,0.576625,0.9510937500000001,0.422875,1.3905,0.8975
11.282925,0.98275,10.8125,10.435,237.221875,0.09797528135692461,-23.845,20.15125,54.7325,-54.7325,1.9647834700580602e-07,27.36624768673161,47.399736748197846,27.366252426705156,47.39973401157284,-47.399736748197846,0.0,13923573.165401846,22500983.331706285,0.40827544944424904,0.4130684801398668,1.1251673148437145,1.4364353501997933,1.6347216141478227,3.940134103392857,9819153.288356306,20.897753575628453,9.186983570435348,0.35326575180577585,-0.02255613613109666,21.302552618704652,0.446577483575275,652753610.9696271,34.227069168715296,25024.902330958106,22597954.539503478,-7.437374493892417e-07,-4.010020466515333e-08,-17.676577136311344,34.2411750818551,137.88946049394963,137.8958428613118,94.99562232207676,66876.29870312303,77026835.5351673,1.0558967905215166,0.38268121066642274,1.40526918056528,3.33346980636637,0.3781878274376598,1.2292013741324403,3.2948084273553135,0.5364680278823243,5.410551617648724,-7.1875,0.366625,0.554125,0.99515625,1.0563749999999998,1.3275000000000001,1.3515000000000001
11.895425,0.84775,13.2575,12.575,248.884375,0.09557899388918666,-20.634999999999998,9.721250000000001,45.2325,-45.2325,1.623753132223107e-07,22.616248088248987,39.17249518042953,22.616252005498396,39.17249291880452,-39.17249518042953,0.0,11654835.710894909,19152240.47009848,0.4029128578126685,0.40859954276205424,1.0662171428879001,1.3627105250401952,1.5686464829612496,3.918427540408817,9024905.677847726,16.190605212642225,7.329236666376046,0.30367105122120175,-0.009990074468370125,15.647510253317375,0.5642231391063923,628411924.2374134,27.914372997660973,21882.675163164855,19249252.865440197,-7.041583777592235e-07,-3.6713735471213017e-08,-16.296013123271415,27.930474354302135,104.87361125126722,104.8747125038209,71.9817998313453,70164.12717014432,79124630.3002031,1.2368024655003893,0.3783505939965687,1.3461574489770678,3.3169553172614386,0.37300902785752144,1.1643468420592187,3.280672633390273,0.5712649477235328,5.363034107207357,-2.7124999999999986,0.20387500000000003,0.276625,0.86546875,0.15862500000000002,1.1165,1.1835
11.379175,0.87925,11.0975,10.585,240.128125,0.09734387954766843,-16.564999999999998,17.82375,50.582499999999996,-50.582499999999996,1.815807059319633e-07,25.291247862131303,43.805731221225365,25.291252242704303,43.80572869210036,-43.805731221225365,0.0,12449660.421904847,18999368.803556196,0.40695252288976574,0.41195841810944167,1.1099298565350935,1.417447830608874,1.6178175261755952,3.934323414673599,9255115.11593831,17.34412998291327,11.4433012442773,0.4636655451093751,-0.01697671406101473,19.686803790105003,0.5270353690283045,761034433.5783802,35.374721425335395,21696.83029318771,19096371.96436698,-6.559586743065033e-07,-3.471715498814984e-08,-11.827420565021862,35.3896256884609,111.11387160780188,111.11954614879473,72.77654222909759,67695.61287094987,77571903.51815741,1.1184253668860331,0.3815152706486358,1.390098670773189,3.329051664790844,0.37682154278296454,1.212448237609734,3.290996598746932,0.5584422566790813,5.397314468364996,-11.2625,0.101125,0.29462499999999997,0.87046875,1.208625,0.8334999999999999,1.0625
12.192925,1.1027500000000001,12.0425,13.735,244.571875,0.09642200187813318,-19.025,12.66125,59.457499999999996,-59.457499999999996,2.134401190718076e-07,29.728747487029548,51.491706896377345,29.728752636200092,51.491703923502335,-51.491706896377345,0.0,13488478.043096922,25296012.57190357,0.4047079972747161,0.41005051263106806,1.0873816443411721,1.3891822966443215,1.592550081769254,3.925944814022758,9706751.491617054,23.471395557633425,5.439960348788022,0.43186751393445577,-0.018714189876248264,19.45449235582943,0.5905105368341096,586099187.7801759,25.748092426304986,27741.40116097848,25392975.473188825,-8.894003085460544e-07,-3.8046884728220264e-08,-14.827393652791576,25.76059830677723,155.82571954037775,155.83247053242147,112.14139534767912,68948.37066304641,78375350.51994056,1.1845434759421216,0.37989165666461217,1.3675216937742845,3.322740267470452,0.3748749952531465,1.1876126113346712,3.2855857215638493,0.5696209359139579,5.379593294367688,-2.0124999999999993,0.602125,0.379375,0.83328125,1.063375,1.3365,1.0615
13.417925,1.05475,11.7025,6.395,239.828125,0.09740570411057448,-20.805,11.48875,43.8825,-43.8825,1.5752909263202454e-07,21.941248145306716,38.003360852378236,21.941251945642698,38.003358658253234,-38.003360852378236,0.0,12095700.831834681,23364255.122591008,0.407249252811846,0.4122363940639976,1.1114805542775965,1.419411053505578,1.6195581162273012,3.934987719997278,9135014.503659975,14.669682031439864,15.84581845406925,0.4111215889360735,-0.018217925525436048,22.22356263031707,0.539804576464839,929620332.6966465,42.34121472885462,25996.987366749603,23461274.59655547,-5.886161312135295e-07,-2.7143020430485652e-08,-16.69662826507939,42.353609077710445,107.85159804232866,107.85247498453533,70.13058868527764,67611.03850523871,77516369.25623628,1.1132603291688343,0.3816918437114611,1.3916479487923112,3.329542320255454,0.37701695574539806,1.2141671360795807,3.2914273033623056,0.5571298880937444,5.399538501584981,-9.112499999999999,0.320125,0.284875,0.75984375,1.058125,1.1775,0.8125
11.825425,0.72525,14.1025,7.055,239.95937500000002,0.09737760464358214,-22.295,14.70875,53.932500000000005,-53.932500000000005,1.9360651258193276e-07,26.966247720543603,46.70691640564893,26.966252391235113,46.70691370902393,-46.70691640564893,0.0,13581623.13293769,24271187.552990288,0.40694459376891,0.4119380007371345,1.110793810793117,1.4185205217442962,1.618760643246919,3.9346705870066314,9821767.791275239,21.20488401822649,5.390169293780917,0.5430782018971679,-0.01525710429547153,18.304843618025433,0.9184480759626129,651488542.8060826,21.64717561901606,26765.99979129193,24368162.546120882,-7.494222122594524e-07,-4.3141047423881e-08,-17.186433351116353,21.657288142353494,140.40561539512805,140.41220657876656,99.77841240286419,67648.03979023737,77540664.07578559,1.1159609315578598,0.3816425510278349,1.3909680751765154,3.3293484226089207,0.3769584004417974,1.213418463725827,3.2912607761276376,0.5580123220118195,5.398992948652674,-0.8625000000000007,0.466375,0.116125,0.77046875,0.202375,0.8634999999999999,0.9595
7.502925,0.9032500000000001,11.2175,7.775,235.02812500000002,0.09845662292856451,-18.075,12.01375,52.932500000000005,-52.932500000000005,1.9001671955209114e-07,26.46624776280859,45.8408909774628,26.46625234689756,45.84088833083779,-45.8408909774628,0.0,9819246.585359091,9089055.553617615,0.4093815597892513,0.4140169894724727,1.1368808368361405,1.451062915717961,1.6476508420750262,3.94468858561766,8124319.928174812,19.82905245248644,8.866757939465792,0.339973454079456,-0.020555527571604074,14.249769633609127,0.5054000404546044,683954619.1989498,27.89651518765903,11978.490233927412,9186042.76841799,-8.058805076009407e-07,-5.807340255613836e-08,-13.137171911231377,27.90676368078436,89.75308223208138,89.75951255547122,65.86907076246042,66257.84865386017,76606188.68943965,1.0088708856765467,0.38351198537653697,1.4168605894392161,3.3368665173397263,0.37916924728578627,1.2420959761250039,3.297753074641022,0.5192122762908868,5.419824134278217,-7.962499999999999,0.128125,0.621625,0.92890625,0.44562500000000005,1.2725,0.8095
13.067925,0.74225,13.6725,9.455,237.184375,0.09798364207961284,-17.675,15.89875,58.6325,-58.6325,2.1047853982218832e-07,29.316247521898163,50.777235918123786,29.316252599621613,50.777232986498774,-50.777235918123786,0.0,14134457.129654236,27467989.14265012,0.4082617635735542,0.41305156554455924,1.1253653036355906,1.4366773247213316,1.6349357820772847,3.9401997342399255,10024069.676653445,23.450978108327185,6.439349216392778,0.6338659733806138,-0.016886639599702605,19.978956691069556,0.9420710162148238,648028048.8777637,21.16259445452676,29867.34159507086,27564959.060984958,-7.439958634233082e-07,-3.77662331259652e-08,-13.278287240088266,21.17071761609808,155.12385553976026,155.130444857876,103.26091910932675,66865.72690740912,77019706.23096015,1.055083243519462,0.3826954183464085,1.4054663474324176,3.3335271539153157,0.37820462594859433,1.2294199009414868,3.294857977304526,0.53617253291517,5.410709963545525,-3.7124999999999986,0.314875,0.571375,0.96578125,1.406375,0.9564999999999999,1.1945000000000001
7.992925,0.9537500000000001,11.0125,9.465,236.378125,0.09815912869676806,-21.845,20.34375,58.7575,-58.7575,2.1092726395091852e-07,29.37874751661504,50.88548909664705,29.378752605163807,50.885486158772046,-50.88548909664705,0.0,11998506.528825842,12335020.789667856,0.40864715871274027,0.4133786024125923,1.1296510183997683,1.4420248001031357,1.6396727050657793,3.941856073722696,8991480.35309605,23.557173944119395,6.88773684672678,0.329305438660227,-0.025336671307724587,15.783373684953757,0.5057420582086529,602206956.7332287,26.60184945971801,15082.714676736106,12431983.221803093,-8.886788102390506e-07,-6.512378140740581e-08,-14.762341835711,26.614079864985893,116.33334102450192,116.33979331016593,86.6208766684431,66638.43329956036,76866477.71808736,1.0376696121208584,0.3830009836887882,1.409713923995779,3.334766287004876,0.3785657680857978,1.2341346801526827,3.295930067927877,0.5297818511598846,5.414118594153153,-18.2375,0.48287500000000005,0.149875,0.81734375,0.293375,1.1755,1.3135
6.627924999999999,0.94225,11.1975,11.885,241.553125,0.09704066968560598,-17.555,10.07125,49.707499999999996,-49.707499999999996,1.784396370308519e-07,24.853747899113166,43.047958971562494,24.853752203908947,43.04795648618749,-43.047958971562494,0.0,9327866.46116146,8126722.55407412,0.40630415677671705,0.4114188206517165,1.1026320934035794,1.408300245558021,1.609685881866341,3.9316178157188495,7967388.987499015,17.8160063797233,10.464179326843258,0.3406841546384135,-0.015829455034406678,12.143928783472301,0.5279993744274598,742321036.698122,30.52169348088638,11084.25302480973,8223722.971443254,-7.912759707960475e-07,-5.6745649287217604e-08,-12.705078322923224,30.5316309214636,81.50282564971087,81.5056912773849,58.11536024409002,68097.34110807788,77833302.90551688,1.1393724683004096,0.3810025140173172,1.3828155464828602,3.3270009732095196,0.37620580698117645,1.204393000430942,3.289230955826195,0.5620430069316852,5.391736989334419,-17.1625,0.698875,0.207625,0.98296875,0.860375,0.9275,1.1865
10.749175000000001,0.88675,12.9775,7.805,245.490625,0.09623857561958905,-16.535,8.09375,55.2575,-55.2575,1.9836298834647287e-07,27.62874766454249,47.854400097995565,27.62875244998237,47.85439733512056,-47.854400097995565,0.0,11208728.187277168,17958466.562778465,0.40438269106043306,0.4097983867085449,1.082808176651945,1.3834793562439782,1.5874121512725887,3.924319467317277,8807107.617891895,20.921020222567478,5.709733130188595,0.5373623227117189,-0.017153641406141115,17.472398145394443,0.8041294315713428,657334836.9435837,22.035113763506658,20629.622954779596,18055446.905989654,-7.180407676212715e-07,-3.704934746095617e-08,-13.274281074404987,22.04757778776024,120.570178796436,120.57621019088353,81.20830733545648,69207.37965803687,78537252.35417077,1.1985165676747975,0.3795609438589873,1.3629172277724035,3.321479109114219,0.3744761717994072,1.182587562543967,3.284512523999038,0.57202423461041,5.376018565709332,-16.0375,0.590125,0.278875,0.88953125,1.362625,1.0385,0.9735
9.235425,0.93525,14.4525,13.455,241.890625,0.09696968481795519,-21.975,16.12625,52.0325,-52.0325,1.8678590582523367e-07,26.016247800847076,45.06146809209527,26.01625230699376,45.06146549047026,-45.06146809209527,0.0,13236023.75182163,18942178.875617318,0.40598304328402623,0.41112058969439924,1.1009105459224928,1.406115710266644,1.6077360462519386,3.93092519702106,9726652.726351494,20.115624299801464,9.270450195056394,0.7258820820963664,-0.011204641685430419,13.786638893449892,1.2342138301124363,875377008.9687408,20.986861996725345,21592.101874999724,19039162.30622243,-8.587799541808562e-07,-5.5708554416717985e-08,-15.838767719596445,20.998012797736802,123.76343867313123,123.76988218897019,92.6017316325412,68192.48726950295,77894798.61808895,1.1443690732047789,0.380881070868587,1.3810976310857201,3.3265201145205867,0.3760598398984518,1.202498370820512,3.2888179951010765,0.5628961148311001,5.390417851011434,-4.362500000000001,0.467125,0.113125,0.99328125,1.093125,1.1495,1.0225
11.842925000000001,1.0842500000000002,13.7725,7.655,240.615625,0.09723970557532918,-20.125,18.87375,58.2575,-58.2575,2.091323674359977e-07,29.128747537747532,50.45247638255398,29.12875258299503,50.45247346967897,-50.45247638255398,0.0,14308250.203945754,24425379.642212417,0.40655756495459455,0.41159776673592724,1.1074218773069313,1.4142766087677165,1.6150005755903898,3.933339071675196,10084851.675157335,23.223600458782695,7.492297110627522,0.6343082405236194,-0.01775566862157131,18.923282946243965,1.0178192426998354,704937810.3835175,21.011044144948944,26897.17415599248,24522346.749326527,-7.755939370201435e-07,-4.6199085062184923e-08,-14.67974159491812,21.020640879075728,150.20133969622353,150.20795952454534,106.01186042613577,67833.04621523051,77661492.67398961,1.1255643666918131,0.38133986227869876,1.3876016441768653,3.328346377686554,0.3766110087921061,1.209682351447025,3.2903885303397638,0.559676880037083,5.395405008016929,-5.587499999999999,0.550375,0.18662499999999999,0.77859375,0.190125,0.7985,1.4125
11.326675,0.88575,12.5975,10.525,247.684375,0.09580839380217729,-20.555,12.993749999999999,52.1575,-52.1575,1.8723462995396387e-07,26.078747795563952,45.16972127061853,26.078752312535954,45.16971866274353,-45.16972127061853,0.0,12593622.118950749,20718089.03406677,0.40337398031803423,0.40896260261388606,1.0720269062835948,1.369979671904408,1.5752227719920644,3.920453652794519,9368721.64335553,19.298379531346438,6.090835743729947,0.33829613850700385,-0.015286000823776548,17.969680131755922,0.5653036490000501,581357408.2425796,25.74938891856623,23336.686149117384,20815073.815078482,-7.020462103451513e-07,-3.83131721187733e-08,-15.897328507417605,25.764417409203467,124.23268662390332,124.23885730369305,83.9920185987709,69825.8297072997,78920111.5857719,1.224648668042821,0.3787663226487822,1.3520343446382757,3.3185222349308154,0.3735169302567545,1.1707349266346272,3.281999942498573,0.5724693395554152,5.367432711797886,-16.3875,0.504625,0.617125,0.76078125,0.179625,1.1425,1.2265000000000001
9.497925,0.86375,12.6025,13.465,236.865625,0.09805489889686327,-18.465,10.01875,52.5075,-52.5075,1.8849105751440844e-07,26.253747780771207,45.47283017048368,26.253752328054098,45.47282754510868,-45.47283017048368,0.0,11094795.545857495,15186807.904910684,0.40847883336360746,0.4132465273647195,1.1270580327490505,1.4387991987182558,1.6368177668764474,3.9408721190940597,8745106.317682486,20.27651483150093,6.401992848490883,0.3982941178035527,-0.013506991210562959,14.37206679023423,0.6827861502541022,645772941.7971641,23.987977659712396,17929.59505132906,15283794.841658544,-8.191134087522156e-07,-4.47469591852575e-08,-14.214989388042023,23.999021261044817,110.6275724989638,110.63357925962387,78.29305677808938,66775.86664384101,76959009.81364654,1.048181751491125,0.3828162419874574,1.4071437005081047,3.3340156703867585,0.3783474551558411,1.2312803213296097,3.295280348427948,0.5336625627583919,5.412057136848654,-18.7125,0.38987499999999997,0.24437499999999998,0.88171875,1.2926250000000001,1.1605,0.8045
9.541675,1.0947500000000001,11.5775,8.775,241.721875,0.09700510331572201,-17.985,8.35625,52.057500000000005,-52.057500000000005,1.8687565065097972e-07,26.02874779979045,45.08311872779993,26.0287523081022,45.08311612492492,-45.08311872779993,0.0,10455930.80805559,13906074.794572223,0.406212927791386,0.41134001837102596,1.101772176744814,1.407218204254406,1.6087208247357931,3.9312855870998673,8427653.012047557,19.224642626312257,8.07376649529811,0.3455988679719916,-0.01829411742898734,16.732812806905255,0.5269361052029122,658369552.5434607,27.817121007908312,16693.103300248804,14003063.791138321,-6.722086953498241e-07,-3.963982500453375e-08,-14.24917300245499,27.830172597502443,103.48832835899897,103.49415055712007,69.54732874572542,68144.91418879041,77864098.31836511,1.1418689885771385,0.3809417896949868,1.3819562200702207,3.326760305020082,0.37613282738621695,1.2034450422815501,3.2890242240875662,0.5624695593127595,5.391077299706005,-19.5625,0.43937500000000007,0.478375,0.79078125,1.271625,1.2374999999999998,1.2614999999999998
8.220425,0.71875,13.0175,11.275,246.409375,0.09605844828576136,-21.575,17.911250000000003,43.3825,-43.3825,1.5573419611710371e-07,21.691248166439212,37.57034813828517,21.69125192347392,37.57034596916016,-37.57034813828517,0.0,11704852.852225576,12831742.169626217,0.4040385288084367,0.40952740013431926,1.0782608528873354,1.3778103167882538,1.582287701679412,3.922706863906283,9028662.616187422,15.275767245594787,9.674203958624933,0.2823439100880531,-0.010332027444408132,12.944946852618559,0.5586703889693118,734801861.6825985,31.033523217868776,15741.841511871744,12928765.662363047,-7.315065911640402e-07,-5.464653277267722e-08,-14.653278469162789,31.047829965028193,85.60563377954789,85.60751655761206,62.338901806590904,69466.38865302726,78697837.8421369,1.2118039883162923,0.3792201249001309,1.3583267328264612,3.320221803015405,0.37406730507450814,1.1775943203924006,3.283444493438086,0.5738158147168559,5.37229770813683,-6.137499999999999,0.519625,0.40412499999999996,0.85953125,0.363375,0.8354999999999999,0.7905
12.735425,0.97075,14.1125,13.875,247.628125,0.09581927838090229,-16.865000000000002,20.973750000000003,61.4075,-61.4075,2.2044021547999877e-07,30.703747404612823,53.180456481340315,30.703752722658322,53.180453410965306,-53.180456481340315,0.0,15169578.810447503,26148476.398214586,0.4032842362222251,0.40886631561962833,1.072297995642973,1.3703024226041134,1.5755134569758902,3.9205182398728464,10472352.398121817,24.356312779102176,4.8301250867344905,0.6491764706853274,-0.015100724272955512,17.50476753374202,0.9487682184631583,641354541.1520019,20.04323026922837,28583.520233899337,26245441.611878347,-8.738449286117926e-07,-4.770274199886223e-08,-11.475144647605164,20.05368603560135,161.38634559755846,161.39307977933407,113.94047843203668,69809.97201372887,78910441.80621722,1.2240807730205843,0.3787858107668044,1.3523106476470352,3.318596197083212,0.3735407226118008,1.1710358633275488,3.282062701624627,0.5725262948816128,5.367639132519314,-14.2125,0.343375,0.223375,0.92140625,0.6696249999999999,0.7745,1.4065
13.181675,0.87275,11.0275,7.995,237.353125,0.09794605630538317,-22.775,12.95875,51.057500000000005,-51.057500000000005,1.832858576211381e-07,25.528747842055438,44.217093299613786,25.52875226376465,44.217090746738776,-44.217093299613786,0.0,13066704.534025094,26103280.285864748,0.4082634132422088,0.41306664819538214,1.1244729918858716,1.435576326831296,1.633959944790091,3.939878529600441,9485642.327255156,18.71875112112154,10.951279008720114,0.4225393328481367,-0.021500316840568193,24.043531252718314,0.5252018656451857,759408875.0773509,36.80700309925612,28572.170931794575,26200264.00664822,-6.760949257563756e-07,-3.001180102086454e-08,-18.248870502894857,36.82147784147874,134.85403573687492,134.86041139430924,89.82580347128459,66913.29998812165,77051768.84058659,1.0587468445037536,0.38263144205326627,1.4045793113757217,3.3332692408375033,0.3781289843029251,1.2284368902819671,3.2946351550053237,0.5375025903141988,5.409996842364037,-11.012500000000001,0.521875,0.35762499999999997,0.78171875,0.494625,1.3415,0.7665
7.336675,1.10425,11.2225,9.504999999999999,246.859375,0.09596983125704599,-20.935,17.158749999999998,56.932500000000005,-56.932500000000005,2.0437589167145758e-07,28.46624759374864,49.30499269020735,28.466252524247775,49.30498984358234,-49.30499269020735,0.0,11226117.099833068,10785906.536790524,0.4036983931588654,0.4092207490361685,1.0760547524418331,1.3750218591899994,1.5797774124733868,3.9218849559331184,8709330.889013624,21.782905440523912,6.743387752297898,0.3323214481827185,-0.02294205027381677,14.513043398625724,0.5500734681848656,614960745.0028386,26.25929753223303,13604.084376974253,10882875.412785372,-8.913693481216082e-07,-6.616616423126531e-08,-14.38582460349526,26.27550120804526,106.62453623415462,106.63124089219647,80.05670662488981,69593.250201594,78776109.52499083,1.2163133109533126,0.3790643322748098,1.3561059440673455,3.319623500700977,0.3738772841937919,1.1751675202240626,3.282935372544016,0.5733126582142107,5.370645526479722,-12.462499999999999,0.47162499999999996,0.33287500000000003,0.99171875,1.065125,1.1015000000000001,1.2214999999999998
13.304175,0.9507500000000001,13.682500000000001,12.985,249.109375,0.09553750626518427,-20.615000000000002,16.091250000000002,46.9075,-46.9075,1.683882165472954e-07,23.453748017455133,40.623087772641306,23.453752079763795,40.6230854272663,-40.623087772641306,0.0,13975943.358351003,25979885.13334623,0.4027763816549453,0.40848010468943013,1.0651253018071343,1.3613417556491485,1.5673976127322713,3.9180262713611715,10023750.97205407,16.78488761583735,6.37909959732131,0.31319781947256237,-0.009757212953119036,17.83886590509097,0.6028090988205006,607272633.7608372,26.67693650723088,28532.933889736712,26076893.221513126,-6.316865764847183e-07,-3.451759295899953e-08,-15.494646283894538,26.69271125782138,122.6651076557323,122.66580702243591,79.8931830400048,70227.55794442771,79162769.50050189,1.2391125392309363,0.3782604849099146,1.3450474349831452,3.316652035223855,0.3729022112995791,1.1631501816546663,3.2804161421951186,0.5710462192216512,5.362027181739919,-10.5375,0.548875,0.511375,0.82765625,0.9566249999999998,0.7064999999999999,1.3385
11.466675,1.00275,10.7925,13.055,236.959375,0.09803390575541662,-17.055,8.56625,61.0075,-61.0075,2.1900429826806212e-07,30.503747421518817,52.834046310065865,30.503752704923304,52.83404325969086,-52.834046310065865,0.0,11955163.66833701,21317067.84601917,0.4083638230913076,0.4131372293936087,1.1265587510957282,1.4381655438554273,1.6362552246029476,3.940658637233093,9006861.593566783,24.63207166165533,6.937514804729487,0.4975876637545228,-0.02313630881210316,19.935894391414916,0.6523712457307304,650459276.07433,27.87760091051331,23841.691023610034,21414028.404979084,-8.444860662609187e-07,-3.554055418132437e-08,-13.726914507291287,27.889522818849482,147.23217745899237,147.2385649846153,101.94377676370317,66802.29613312575,76976879.61362287,1.0502090234094206,0.38278071575080697,1.4066501028267477,3.3338718093614768,0.37830546106005697,1.2307326641354859,3.2951559286240557,0.5344004697752023,5.411661003751344,-0.8125,0.203125,0.31637499999999996,0.91953125,0.7553749999999999,0.9225,1.4455
8.937925,0.8382499999999999,11.5075,11.395,242.26562500000003,0.09689258585065616,-23.785,14.69125,42.0325,-42.0325,1.5088797552681755e-07,21.01624822349694,36.40121381023388,21.016251863618223,36.40121170860887,-36.40121381023388,0.0,11067498.132635284,12698097.847019047,0.4060606664583528,0.4112306231041539,1.0990044536196963,1.403769191809617,1.6056363407537986,3.9302838354554233,8681724.894874448,14.56098610959531,18.966674821700416,0.22915778469777345,-0.019869220054345,14.298735559513783,0.37111266469968707,974452222.5887585,45.21609343219614,15603.102083686446,12795120.460587049,-6.863296156912171e-07,-4.592734404608032e-08,-17.385910813994943,45.20587166695969,83.81216356482375,83.81370839018102,58.63473615567647,68298.2052266419,77962729.55567946,1.149933494229331,0.3807337980285442,1.3791796682196265,3.325975777715636,0.37588585631273086,1.2003933562951836,3.288351185940523,0.5638101519940959,5.3887681188255145,-8.412500000000001,0.161875,0.484375,0.84421875,0.9811249999999999,0.8855,1.4055
9.252925000000001,0.7172499999999999,13.3575,13.275,236.265625,0.09818339830693185,-18.455,17.78875,51.8825,-51.8825,1.8624743687075742e-07,25.941247807186823,44.931564277867345,25.941252300343127,44.93156168374234,-44.931564277867345,0.0,12421702.579094548,15338110.119085098,0.4087427295180366,0.41346661702628135,1.1302517018778466,1.4427799268438428,1.6403410096608826,3.9420973117221756,9324325.290321648,19.611854232105078,6.273186401665608,0.4758594013987511,-0.01186763867394177,13.747620973608976,0.7672153055909495,687845032.1143693,22.848072477434545,18092.713745831228,15435103.353689017,-8.204302403043825e-07,-5.4347617003419795e-08,-12.55027596374432,22.858461510018913,107.49005859856392,107.49602318154099,77.24500565836375,66606.71791241871,76844925.16619383,1.0352529751913404,0.3830435977038517,1.4103078160253735,3.334940081830965,0.37861611625891295,1.2347949030837475,3.296080640544834,0.528898973017395,5.414594102643625,-18.8375,0.697375,0.686875,0.87515625,0.8218749999999999,1.1885,1.3505
7.135425,0.9972500000000001,14.1225,9.995000000000001,238.55312500000002,0.0976814928676272,-22.875,14.34125,41.8575,-41.8575,1.5025976174659528e-07,20.928748230893316,36.24965936030131,20.92875185585915,36.2496572674263,-36.24965936030131,0.0,11345597.90097322,13224606.635334378,0.40774011836223545,0.41263204260161446,1.118145807860935,1.427698386756238,1.6269558389867598,3.9374858900347194,8931970.179163707,15.388713194472082,8.184296267480125,0.32591576673361006,-0.00868204946259301,12.118947773142795,0.6891052001594878,711895050.2497673,27.02629149799152,16119.25525079485,13321632.461852193,-7.527493033403601e-07,-5.689310324887805e-08,-16.306650641342433,27.03707667139242,84.9450033475027,84.94708302586977,64.42313168844204,67251.59745096629,77278390.59435397,1.084999302915112,0.3821760494839756,1.3982909488212345,3.331449133173562,0.3775903065073518,1.2214836204831254,3.293065761760753,0.5470718019644536,5.404924005145174,-16.1375,0.142375,0.515125,0.99296875,1.490375,1.2355,0.7685
7.415425,0.93325,14.2375,13.265,243.446875,0.0966487846295021,-22.065,20.81625,50.5325,-50.5325,1.8140121628047123e-07,25.266247864244555,43.76242994981606,25.26625224048743,43.76242742319105,-43.76242994981606,0.0,13265794.67851946,15598888.610233638,0.40526527061731277,0.41052192076740046,1.0930302953194815,1.3962515677996197,1.5989071599482296,3.928022827919061,9735238.828228366,19.016427083374015,5.9950170876126805,0.5866551137604815,-0.010683622321009913,12.469093840846233,0.9891324027082087,717090974.9400282,22.00203661551194,18353.46176751788,15695880.021271206,-8.79787729330342e-07,-6.788022721899658e-08,-14.299987028469003,22.014579360470933,110.70792713356546,110.71433847320866,84.92733597258082,68631.21679162956,78175313.76255946,1.1675818691258135,0.38030874024956546,1.3731989389106336,3.3243142689033918,0.375374367058352,1.1938210801504467,3.286928803732247,0.5667956339303392,5.384159100987916,-14.712499999999999,0.595375,0.6703749999999999,0.87578125,0.170875,0.7484999999999999,1.2765
10.600425,0.78325,11.057500000000001,8.485,247.759375,0.09579389975301715,-17.125,15.65375,51.2825,-51.2825,1.8409356105285245e-07,25.641247832545815,44.41194902095566,25.641252273740594,44.411946456830655,-44.41194902095566,0.0,11365404.53337279,15229238.587928947,0.40344767238371076,0.40904427633979656,1.0716646714363096,1.369541948916582,1.5748282343494031,3.9203568216600937,8781655.764424656,17.610935989448915,10.221194213885271,0.3774603303382688,-0.019311183251139837,18.538632253683726,0.4545184718802876,715008224.9261982,33.10833464573605,18015.748376041312,15326236.382161014,-6.458138740379679e-07,-3.8923264766207934e-08,-12.47499478757088,33.1245837271493,102.90168047848778,102.90731140949977,66.4888173146674,69846.9732987275,78932992.80807494,1.225406174427397,0.378740342754416,1.351666072987624,3.318423697480072,0.37348520857728534,1.1703338883772247,3.2819163428106064,0.5723934710650169,5.367157575852858,-3.6625000000000014,0.539875,0.323875,0.89453125,1.052875,1.3965,1.1795
11.702925,0.92525,11.3675,13.795,236.228125,0.09819151040785673,-22.395,8.79375,44.5325,-44.5325,1.5986245810142158e-07,22.266248117834476,38.566277380699226,22.266251974462108,38.56627515407422,-38.566277380699226,0.0,11551856.720432378,19615080.232053727,0.4088835168818716,0.413606330567989,1.1304541839626112,1.4430495200733437,1.640580805749571,3.9422040474238846,8902595.401509691,16.01308827129476,13.8848275002167,0.2907399455885991,-0.014181490089225673,17.394721187418856,0.36000537608326044,765669361.9936879,39.797750898453735,22310.615190355085,19712090.839314293,-7.193924264957752e-07,-3.250898528851748e-08,-18.062859349794262,39.80933695722938,104.49349834194231,104.49446001732224,71.72462086381921,66596.1461167048,76837736.5376369,1.0344480846429511,0.3830578027816354,1.4105058337294265,3.3349980606378664,0.37863289813241624,1.2350150964672428,3.2961308847008284,0.5286047542175532,5.414752633182858,-13.7625,0.416875,0.387625,0.93078125,0.100875,0.9575,0.7404999999999999
7.634175,0.9467500000000001,13.557500000000001,12.915,240.034375,0.09736409436863262,-20.875,17.12375,57.6075,-57.6075,2.0679900196660065e-07,28.803747565219773,49.88955985423299,28.80375255417562,49.889556973857985,-49.88955985423299,0.0,12624651.371208254,15172574.289285481,0.40680972149462524,0.41180574657141283,1.1104085328343138,1.4180221502797488,1.6183248395052297,3.9344567655617313,9417318.966771744,23.18628831021974,6.212530728888398,0.7319005574141662,-0.015424955848752196,13.21507830435081,1.134114429530613,736846484.6963592,20.087045619827446,17868.345134704196,15269541.06229522,-9.595942797236152e-07,-6.711704774678663e-08,-14.422124352582825,20.097545589918756,125.67003914858925,125.67667259576336,96.63627438733762,67669.18338166513,77554553.32622062,1.1170558601300349,0.381548996642369,1.390579515597205,3.3291877415870093,0.37686201197100233,1.2129813645136593,3.2911140192044326,0.5582052873884524,5.3976817170907765,-10.2625,0.46787500000000004,0.110125,0.90359375,0.13237500000000002,1.0915,1.4375
11.606675,1.08525,11.1125,7.635,249.015625,0.09555527092086696,-16.175,9.89625,61.2325,-61.2325,2.198120016997765e-07,30.616247412009198,53.028902031407746,30.616252714899254,53.02889896978274,-53.028902031407746,0.0,12196650.977481658,22361058.918069184,0.40270410806373497,0.4083982514454757,1.0655742951816023,1.3618878905390674,1.5678924130955978,3.9181553240270324,9130234.429374762,23.78045826076857,6.518958190332151,0.5452662863335711,-0.02787569439752311,22.796968309665044,0.7443855999533975,673792214.0785916,26.776684429897244,24882.92383355337,22458021.25158595,-7.474071430708458e-07,-3.3520953804180427e-08,-12.910404861461316,26.791818554933677,148.5007255779518,148.5071376347698,100.23729355515013,70201.12845514297,79146869.57262373,1.2381591453870944,0.3782929658725979,1.345504842255088,3.3167733952581946,0.37294192804023424,1.1636462137546912,3.280518740697279,0.5711392634410374,5.362370414452789,-10.862499999999999,0.100375,0.515875,0.92734375,0.9758749999999999,1.2025000000000001,0.8775
6.942925,0.84275,10.6425,8.915,244.328125,0.09647113270526284,-20.155,13.39625,47.9575,-47.9575,1.721574992286291e-07,23.9787479730769,41.53241447223675,23.97875212631823,41.53241207436175,-41.53241447223675,0.0,9662375.515207276,8001297.1905388,0.4050232597277894,0.410350596214513,1.0886045845169923,1.3907447523935008,1.5939574308885065,3.9264562884802987,8061146.323746176,15.883427771118894,15.867795701615886,0.28041894422772373,-0.023098061968125347,13.46763853750917,0.4198355173339321,870907570.6582274,40.024357391950375,10973.13406200427,8098300.3456970705,-7.702413559723404e-07,-5.966677517420193e-08,-14.18642903597013,40.024610993150255,78.16564957443502,78.16853846948499,56.92719777210421,68879.6539909061,78332130.01133989,1.1808551555086235,0.3799793671589956,1.3687465420485168,3.323077002234334,0.374980715331624,1.1889518867581703,3.2858727377605024,0.5690051188172338,5.380542011339682,-3.8374999999999986,0.184375,0.673375,0.92421875,0.9741249999999999,1.0514999999999999,1.3355000000000001
6.6454249999999995,1.0017500000000001,10.9925,7.5649999999999995,244.421875,0.09645221623687247,-19.105,19.731250000000003,43.6575,-43.6575,1.5672138920031016e-07,21.82874815481634,37.808505131036355,21.828751935666748,37.80850294816135,-37.808505131036355,0.0,10020658.083488656,6804685.6948485905,0.40504578579123957,0.4103816560222348,1.0881375383028822,1.3901708690293861,1.5934421872540137,3.92630957741703,8217794.342996531,11.141183509681813,28.832982481388804,0.33277321649728364,-0.03982656260166827,12.573700241619676,0.3912678180139044,1227038156.8671641,53.85138214750446,9875.356947516442,6901715.506055917,-7.785258340473967e-07,-7.159034759626307e-08,-11.257353990247523,54.09051839917671,66.15242609193497,66.15536831831018,49.2084602165913,68906.08348019083,78348764.06476675,1.1822729633866105,0.3799456318998498,1.3682752678340693,3.3229473768230173,0.37494005652999873,1.188436470307333,3.28576223008606,0.5692419704802675,5.380177073820617,-8.3125,0.35987499999999994,0.11762500000000001,0.88921875,1.121125,0.7865,1.4285
6.697925,0.74325,12.9825,10.985,248.396875,0.09567169981886789,-21.095,19.67875,50.4075,-50.4075,1.8095249215174103e-07,25.203747869527678,43.65417677129279,25.203752234945235,43.654174250917784,-43.65417677129279,0.0,11830907.043186206,11572267.591012236,0.4030165568225589,0.40866200798028374,1.0685701991487468,1.3656427542014444,1.5713020923160266,3.919230906244151,9076753.175092276,18.388446285312096,6.739452950647204,0.42812669993021785,-0.013171154201681468,12.36314674980333,0.7388496030504897,686348466.971451,24.535689196566988,14438.170704114102,11669261.294341415,-8.619750602232502e-07,-6.956936705128149e-08,-13.570333608024788,24.55153584303358,96.85753552894451,96.86410933475555,74.06107697877826,70026.6938258637,79041822.9164586,1.2318557865767872,0.37851949081385877,1.3485409128482635,3.3175893789479645,0.3732154513410375,1.1669347060058057,3.28120921933049,0.5717514699796628,5.3648200445973995,-1.0375000000000014,0.599125,0.534625,0.85328125,0.144625,0.7494999999999999,1.2395
7.704175,0.86675,11.1225,7.295,246.203125,0.0960978782476244,-23.185,19.25875,41.9575,-41.9575,1.5061874104957943e-07,20.97874822666682,36.33626190311992,20.978751860292906,36.336259805244914,-36.33626190311992,0.0,10831227.354090163,9824269.710189946,0.40426234304822073,0.40973767160541746,1.0792848090006404,1.3791084651955272,1.583465459978941,3.9231181792219023,8567525.602492653,10.922871525790885,33.86649393466165,0.2860800157040032,-0.05736872487426854,14.459138421195735,0.38049497369529833,1397054146.9224465,61.39744891327485,12817.155623412269,9921296.955515513,-6.566178087483574e-07,-5.50852995052621e-08,-15.63927468610055,61.564366875184625,74.9868044473354,74.99215633559803,53.000597604312595,69408.24377660084,78661977.13663122,1.2094184815031124,0.3793045537524592,1.359360412876447,3.3205100619611034,0.37416669161112803,1.1787155891625256,3.2836896755459293,0.5738262747069028,5.373251497989649,-1.8125,0.264625,0.353125,0.81578125,0.12012500000000001,1.4725,1.0815000000000001
10.661675,0.98375,12.717500000000001,11.785,235.47812500000003,0.09835602813874167,-23.045,10.001249999999999,52.832499999999996,-52.832499999999996,1.8965774024910694e-07,26.416247767035085,45.754288434644174,26.4162523424638,45.754285793019164,-45.754288434644174,0.0,12149251.027366545,19561886.52867324,0.4090950529713312,0.41376166577199086,1.1344627729622137,1.448031487138426,1.6449780028605547,3.9437196984029694,9154690.040581653,21.122756045534725,5.863194996327334,0.33435492305356534,-0.015503977718278642,16.47326602686048,0.6386171223467081,600904789.7404863,24.543069500703496,22164.675148549828,19658861.512435794,-8.21627550658521e-07,-4.348265720618486e-08,-18.295686588603665,24.553570724881606,127.65301812778645,127.65940876987364,91.87084421627088,66384.71020242693,76693368.4828784,1.0184214938646794,0.38334173104500874,1.4144735405704392,3.3361628601783435,0.3789682486748054,1.2394328533899224,3.2971414697159216,0.5227284533184154,5.417922266760497,-4.387499999999999,0.44462500000000005,0.48062499999999997,0.93671875,1.273375,1.3195000000000001,0.9065
11.982925000000002,0.87075,11.2375,10.185,239.92187500000003,0.09738568497347723,-21.085,15.776250000000001,52.6575,-52.6575,1.8902952646888466e-07,26.32874777443146,45.602733984711605,26.32875233470473,45.602731351836596,-45.602733984711605,0.0,13222006.210196666,23266903.050752908,0.4070246344477992,0.4120161691054688,1.110988709749081,1.418773897638049,1.6189864121851385,3.934760789641266,9569221.57039064,19.474765453948844,9.081815583124595,0.39346234227525767,-0.01921098877099905,21.338283512036483,0.5142796563032455,679099582.2163669,33.08863016961715,25807.017657917946,23363886.043660276,-7.065539785509976e-07,-3.435823300035226e-08,-16.169926583864914,33.103472445363025,131.72282629915418,131.72906537151587,89.0968368222073,67637.46799452344,77533718.70645006,1.11535396412813,0.3816562109605205,1.391160995051928,3.3294031745385575,0.37697474325522146,1.2136320330299721,3.2913079760792145,0.5578757515118249,5.399142419478436,-7.487500000000001,0.332125,0.627625,0.98765625,1.019625,1.3715,1.3475
12.490425,0.84475,12.3025,6.255,248.753125,0.09560394346172282,-20.425,19.27625,53.1325,-53.1325,1.9073467815805944e-07,26.56624775435559,46.01409606310002,26.56625235576507,46.01409340647501,-46.01409606310002,0.0,13815935.104715269,24925941.050191134,0.40285608596724787,0.40853006496842004,1.0668480915638734,1.363483384937099,1.5693462599036871,3.918617119147025,9856943.808480997,19.278437384845382,6.805931432382116,0.4106121731527924,-0.018536821300187082,21.924302851155716,0.6000693780309893,623055322.4181578,28.68994136328964,27442.52685024914,25022925.511067003,-7.13958016645022e-07,-3.7483002670296776e-08,-15.157389751399341,28.706137449355047,135.40113854936948,135.40751648829072,94.0249214663419,70127.12588514568,79102327.38114557,1.2354693851407283,0.37839607163461514,1.3467985660865778,3.31712568582429,0.3730646196663412,1.1650425746784878,3.280816747366566,0.5713955767468547,5.363514888093867,-18.4625,0.671125,0.641875,0.95140625,0.9618749999999999,0.8755,0.7304999999999999
9.296675,0.88175,10.9575,13.785,238.815625,0.09762433441676124,-18.134999999999998,18.61125,55.1075,-55.1075,1.9782451939199662e-07,27.55374767088224,47.72449628376765,27.55375244333174,47.724493528392635,-47.72449628376765,0.0,11909202.885358142,13771916.75674044,0.40755300335517664,0.4124632175515134,1.1167668543407412,1.425971878811585,1.625416387945076,3.9369480157581975,8989362.565744927,20.607648072181647,8.278766276622003,0.35225512310325197,-0.017496838810590387,15.29397532777099,0.4390168612873718,630869115.0200367,29.382226358034906,16539.86275109823,13868898.96209288,-8.171422203184491e-07,-5.049660561669515e-08,-12.25284346667484,29.395617240450814,109.50702309341685,109.51287230115663,75.32816832341969,67325.60002096357,77327571.0918966,1.0907877968304354,0.3820763838963699,1.3969200452473354,3.331054289725176,0.377472342414609,1.2199712839975918,3.292726006231657,0.5491530770500928,5.403814708696371,-12.6625,0.638875,0.17612500000000003,0.85046875,1.096625,1.0765,1.4295
10.941675,1.0942500000000002,14.1875,6.315,235.590625,0.09833109695206703,-17.085,12.15375,55.207499999999996,-55.207499999999996,1.9818349869498077e-07,27.60374766665574,47.81109882658625,27.60375244776549,47.81109606621125,-47.81109882658625,0.0,12226941.950432904,19591687.717596002,0.40904994903411956,0.4137247762667803,1.1338598930304233,1.447279959605864,1.6443151810139165,3.9434868205243365,9262134.930206489,21.559245170815014,5.812190769571723,0.702406461095911,-0.014972129866601926,16.9087893825634,1.0428457386561725,730463418.6603945,19.841923040514118,22210.100334685674,19688668.905529983,-7.445647352625863e-07,-4.2905463360353853e-08,-13.06882418714651,19.850471098434703,125.09608603014865,125.10217979902191,86.99067757515917,66416.42558956856,76715091.670845,1.0208168082152513,0.3832991611585358,1.4138775306719364,3.335987511793542,0.3789179795757389,1.2387685319548507,3.296989190488841,0.5236087749770423,5.417446899755881,-12.6125,0.481375,0.143875,0.77671875,1.147375,1.3615,1.1615
13.479175000000001,0.9577500000000001,12.2675,10.535,244.40312500000002,0.09645599757611699,-17.495,13.53625,57.682500000000005,-57.682500000000005,2.070682364438388e-07,28.8412475620499,49.95451176134696,28.84125255750094,49.95450887722195,-49.95451176134696,0.0,14024209.062591532,30068563.799477845,0.40481656808966404,0.41014645931654586,1.0882257037326581,1.3902421973302386,1.593503540311246,3.9262576576402863,9957145.307653422,22.07665954482544,6.221596558399817,0.5434953026835475,-0.018875826294890537,22.69981731354167,0.7363836447862179,678729186.402873,26.43974844163667,32421.970513041444,30165536.1582895,-7.520635167057986e-07,-3.125566669482886e-08,-13.63057437821868,26.45226240927022,158.39743017027254,158.40417319328517,106.74724032886168,68900.79758233391,78345438.28447644,1.1819892620798476,0.3799523831421878,1.368369508275793,3.3229732946859287,0.37494819358461023,1.1885395521736808,3.285784328412407,0.5691946001183026,5.380250121669805,-5.462499999999999,0.13187500000000002,0.10412500000000001,0.9026562499999999,1.378375,1.3675,0.9704999999999999
12.324175,1.0557500000000002,13.0425,6.895,249.63437499999998,0.09543847577627962,-22.655,14.131250000000001,43.8575,-43.8575,1.5743934780627849e-07,21.928748146363343,37.981710216673584,21.92875194453426,37.981708023798575,-37.981710216673584,0.0,12402120.073208502,20581340.206178322,0.4026173713781433,0.40836504591314393,1.0626026300507088,1.3581946559602411,1.5645407863431102,3.9171645246127293,9306309.34185687,15.349376650481405,8.908665439981913,0.26634661616459954,-0.012187881575146737,18.241836399816417,0.49897576492958023,663452660.8418791,31.474135357201348,23287.709326398788,20678356.321662396,-5.992874777932215e-07,-3.576229420003582e-08,-17.49260363932955,31.49091628974478,104.07364848829421,104.07464079261456,69.48551452609864,70375.56308442222,79251549.49690248,1.2444601303162128,0.3780785960358753,1.3424895030518595,3.3159746885424117,0.3726797325083809,1.16037923236326,3.2798440309348975,0.5705280475456549,5.3601062573865725,-4.212499999999999,0.5946250000000001,0.45587500000000003,0.85015625,1.142125,1.4115,1.4165
13.400425,0.71775,12.2825,9.935,238.96562500000002,0.0975917861396869,-21.535,10.42125,53.307500000000005,-53.307500000000005,1.9136289193828173e-07,26.65374774695922,46.165650513032595,26.65375236352414,46.16564784765759,-46.165650513032595,0.0,13554620.952278033,29508170.538166255,0.40743984862875604,0.4123602583538126,1.1159799185751522,1.4249836103569025,1.6245340599924698,3.9366306015211956,9766547.775898118,20.520884557143518,6.67583152387763,0.39703934728421325,-0.01741648187818768,22.368614600189016,0.5452738791853364,622190923.3345466,28.394056904235576,31878.839360711187,29605147.49146413,-7.283953836137474e-07,-3.028182029835297e-08,-17.542069337415477,28.406128731303088,149.5841480447989,149.59090357931538,102.52570580573679,67367.88720381913,77355611.72440894,1.0941028489998272,0.38201941713563237,1.3961373734191627,3.3308291757146944,0.37740490850262015,1.2191085072339825,3.2925324250382215,0.5503432100308766,5.403180794592923,-3.7624999999999993,0.17912500000000003,0.344125,0.91453125,0.394875,1.1135,1.0215
7.406675,0.99175,12.9875,8.185,242.678125,0.09680698468818845,-19.205,7.27125,58.3575,-58.3575,2.0949134673898187e-07,29.178747533521033,50.5390789253726,29.178752587428786,50.53907600749759,-50.5390789253726,0.0,10228494.824134791,12050628.955964465,0.40560992067047225,0.4108072430229834,1.096908801657651,1.4011065725652143,1.603254263579474,3.929442217495293,8392227.014841108,23.25388807277788,6.134439173474233,0.7538817892034935,-0.0199313058928099,13.737105185138851,1.1252155477695407,759681819.2169211,19.819418507646333,14818.003884091891,12147592.51216253,-9.307135204213487e-07,-5.700734640593324e-08,-15.176509884131272,19.83069145496094,113.79700499527263,113.80387501567402,87.11301021600156,68414.49497949473,78037211.97643834,1.1560774003760992,0.38058536573328794,1.3770874391990833,3.3253930591645084,0.3757073120755875,1.1980913201242345,3.2878517861815437,0.5648526995021891,5.38715763852337,-8.587499999999999,0.11912500000000001,0.218875,0.98921875,0.148125,1.2225,0.7785
9.454175,1.01925,13.6025,8.715,240.821875,0.09719570210750167,-21.735,20.13375,59.9575,-59.9575,2.1523501558672846e-07,29.978747465897055,51.92471961047042,29.978752658368872,51.92471661259541,-51.92471961047042,0.0,13927909.335599294,19393540.08364536,0.40644189941348224,0.4114974641722071,1.106364369888308,1.4129475642398903,1.6138193440577862,3.9329404545690445,9927048.21708656,24.475010671340026,5.742975561883032,0.6573189617127243,-0.019210280752652405,16.44996176311922,1.0024440104549968,662837496.6270064,20.143800480909565,21966.875946842778,19490498.95354709,-8.632978174292774e-07,-5.946861356627445e-08,-15.293441909981901,20.153696589185557,143.6255123821763,143.63219428212787,107.51490872620997,67891.19109165695,77699400.16668525,1.1285929774097094,0.3812656434348996,1.3865468895099926,3.3280491517667894,0.3765218965346241,1.2085153345396549,3.290132532563383,0.5601981759679489,5.394597541587378,-17.3375,0.38312500000000005,0.332125,0.77015625,0.566375,0.7144999999999999,1.0265
10.451675,0.92825,13.842500000000001,10.955,249.42812500000002,0.09547728232570189,-16.515,9.94875,52.432500000000005,-52.432500000000005,1.8822182303717032e-07,26.216247783941082,45.407878263369724,26.21625232472878,45.40787564174472,-45.407878263369724,0.0,11319050.072927132,16576507.774317492,0.4025670335638865,0.4082955205027693,1.06358987551259,1.3594108388697188,1.5656449663092167,3.9174761499648274,8905864.9788757,19.355364740344847,6.897966473721413,0.6589814870203397,-0.012377158662375083,14.849834287896599,1.0556910603120557,718526192.6318899,21.298630882264785,19316.95870178193,16673499.610503875,-7.849186136192161e-07,-4.302418623459206e-08,-12.725412109459928,21.312601529437558,112.33909332249596,112.34516474346857,79.60186225221,70317.41820799583,79216730.05296308,1.2423575964054427,0.378150052507818,1.3434936056223388,3.3162403143090837,0.3727671518878847,1.1614664673492836,3.280068303498794,0.5707312444545378,5.360860713812799,-0.21249999999999858,0.46262499999999995,0.587125,0.81984375,0.7833749999999999,0.7274999999999999,1.2325
12.665425,1.01025,13.3025,8.665,239.846875,0.09740169826042595,-16.035,8.776250000000001,57.2825,-57.2825,2.0563231923190213e-07,28.641247578955895,49.60810159007249,28.641252539765915,49.608098725947485,-49.60810159007249,0.0,12380460.00044247,24274105.769753475,0.407032854478006,0.41201841042227616,1.1113784169720684,1.4192550661762051,1.6194166083238535,3.9348992508905476,9291318.876882926,22.514177124997552,5.409265627649836,0.6062379617822328,-0.01719120643654702,19.66247795345699,0.9014098456269644,671073091.9178611,21.509761925011894,26768.071269214513,24371080.530614983,-7.161655602346576e-07,-3.245330665672675e-08,-12.915311093561057,21.51942578997512,142.67606618144063,142.68238182953846,93.61510458944247,67616.32440309567,77519840.14463286,1.113678871967255,0.38168471889129957,1.3915505290695638,3.3295144777564887,0.37700851647297734,1.214060115140045,3.291403432517052,0.5572790425597749,5.399459311706803,-12.8625,0.6283749999999999,0.147625,0.98140625,0.8393749999999999,0.7595,1.4205
8.692925,0.80425,11.3625,7.255,246.146875,0.09610893434350821,-23.315,15.14625,54.9825,-54.9825,1.9737579526326642e-07,27.491247676165365,47.61624310524438,27.491252437789544,47.61624035611937,-47.61624310524438,0.0,11609158.46827865,14097131.521385236,0.40405022443344935,0.40951681436660653,1.0795567789708989,1.3794129272899218,1.5837389666439985,3.9231466249302045,8879160.311070051,21.040237739894128,6.924794993634632,0.2812937725224468,-0.02372655870142438,17.113410170728876,0.453535720563371,578398420.1802008,27.81568740410628,16834.35597914966,14194100.724284418,-7.832652464403968e-07,-5.239403055396174e-08,-17.462768535022544,27.83160727329054,115.07005126244606,115.07644274149793,83.62682813583963,69392.38608302998,78652158.87554649,1.208555651267593,0.37932477115228325,1.3596407395574228,3.3205862592631696,0.3741911104018366,1.1790204770783794,3.2837543244340357,0.5736839543678924,5.373469479088439,-8.8625,0.249625,0.216625,0.75953125,0.403625,1.0655000000000001,0.8584999999999999
6.680425,0.95925,10.9525,6.325,245.86562500000002,0.09616433047722259,-21.475,20.93875,56.6575,-56.6575,2.033886985882511e-07,28.32874760537151,49.066835697456156,28.328752512054944,49.06683286458115,-49.066835697456156,0.0,11135281.803199686,9268805.421141824,0.4041587891594368,0.4096031001934802,1.0809478813861424,1.3811489074702648,1.58530808911361,3.923645572059342,8661074.331994219,21.356905219786825,7.542683673260909,0.31775281469148964,-0.026500848773809163,14.794436449648353,0.5121169886602602,635994770.4253838,27.773645098053915,12126.33520045053,9365775.753213335,-8.867225923205628e-07,-7.722030434830793e-08,-13.818270917529464,27.790240390177907,99.54790411528586,99.55500777563957,76.74671005901911,69313.09761517581,78603007.64666465,1.204246764567025,0.3794259977793979,1.3610437243317821,3.3209681205422217,0.3743133114262793,1.1805469520288439,3.284078427849608,0.5729726144333769,5.3745617622602495,-5.5625,0.18887500000000002,0.376375,0.81890625,1.2033749999999999,0.8915,1.2205
8.972925,0.84325,14.3625,11.875,239.490625,0.09747852208787125,-18.785,15.268749999999999,43.4325,-43.4325,1.559136857685958e-07,21.71624816432596,37.613649409694474,21.7162519256908,37.61364723806947,-37.613649409694474,0.0,11651382.878965668,14076987.49495987,0.40731775993467406,0.4122789656061458,1.1132378396463156,1.4215882221914573,1.6215040326800767,3.935634801097178,9079476.471696783,15.71397995890688,7.687595531144434,0.4034065960558867,-0.007839416604250806,12.502385285740674,0.7695558742012353,743762407.6952415,25.193815955407988,16961.423285155,14174016.82508744,-7.287696674508768e-07,-5.1242382711074656e-08,-13.065558809517245,25.205009231984462,87.79127600662831,87.7929460812743,63.77898116072803,67515.89234381366,77453391.04280566,1.1057477193737086,0.38181998076566476,1.3934023614642816,3.3300442879844483,0.37716876146086625,1.216096700749531,3.2918580918879745,0.554513360598275,5.400962334381569,-6.712499999999999,0.486625,0.308875,0.86796875,0.45262500000000006,1.1765,1.4855
11.886675,0.9132500000000001,10.8625,8.635,235.55312500000002,0.09833939751389081,-21.015,19.153750000000002,60.682500000000005,-60.682500000000005,2.1783761553336362e-07,30.341247435254942,52.552588045905374,30.3412526905136,52.552585011780366,-52.552588045905374,0.0,14011785.010336628,24846074.911364205,0.40902650740407287,0.41369802457456833,1.1340600864976402,1.447523612190981,1.644529547000242,3.943552970388949,9837376.353833552,24.51915121889736,7.186115461380066,0.46965446166856306,-0.028421862448457534,23.601951633926102,0.6257204658689225,650028628.6941566,29.757817898548236,27275.24235415962,24943032.695829656,-7.883579391998756e-07,-3.871162412613333e-08,-15.722835968516137,29.769393657047036,158.07680172593777,158.08346125113326,109.6943053034262,66405.8537938547,76707853.66887765,1.0200180650397315,0.3833133508919646,1.4140761740322167,3.3360459374171216,0.3789347356020574,1.238989889016133,3.2970399185729953,0.5233153671864883,5.4176053415885015,-9.1875,0.323875,0.369625,0.83796875,1.413375,1.2995,1.1595
12.254175,0.78975,14.1525,12.835,248.584375,0.0956360555399024,-23.535,10.92875,53.4825,-53.4825,1.91991105718504e-07,26.741247739562844,46.31720496296517,26.741252371283213,46.317202288840164,-46.31720496296517,0.0,13535482.01411385,25839167.389362097,0.4028815685819823,0.4085410436502371,1.0676621678592784,1.3644958962195772,1.570263184195679,3.9188900611517465,9826653.326864583,20.82443893484076,4.550142287676783,0.485578289452944,-0.01314388896034657,16.94318103260504,0.8900335023450544,594747280.1856289,21.847859173966945,28300.648237335383,25936139.348842666,-8.150062564771532e-07,-4.134888111185643e-08,-18.740476672835168,21.86017679334401,146.81960478038616,146.8264767799742,105.34246348063056,70079.55280443319,79073642.08993837,1.233756888059964,0.37845453442125865,1.3476235211364254,3.3173451033660517,0.3731360754811592,1.1659382051319565,3.281002420428326,0.5715639174090975,5.364133036482093,-10.912500000000001,0.22412500000000002,0.5443749999999999,0.9745312500000001,0.6853749999999998,0.8474999999999999,0.8654999999999999
9.987925,0.82725,14.3475,9.665,235.796875,0.0982856262687933,-17.745,12.50375,52.807500000000005,-52.807500000000005,1.8956799542336094e-07,26.403747768091712,45.73263779893953,26.403752341355364,45.73263515856452,-45.73263779893953,0.0,12146873.147385577,17956649.63125611,0.40896577870044126,0.41365571317662425,1.132755816295604,1.4459042096373238,1.6431012544511998,3.9430632134384385,9268702.811788227,20.276062161926482,6.06614557349851,0.7125912467757952,-0.012418729498902091,15.119265424769937,1.075457073435525,747952118.424067,20.146531760607395,20634.88238276169,18053638.345269486,-7.515459906934695e-07,-4.5748081324302e-08,-13.348024337101304,20.15555733275076,115.81533830580997,115.82135303265873,81.50418766080494,66474.57046599501,76754844.97857514,1.0252162945357515,0.3832210859066947,1.4127856408008013,3.3356666103189987,0.37882577751961244,1.2375521661995796,3.2967106446539147,0.5252244255165114,5.416575125364396,-1.9375,0.242125,0.206125,0.83640625,0.771125,1.4675,0.9664999999999999
10.031675,0.81125,10.5425,9.315000000000001,239.753125,0.09742188415400893,-20.775,7.97125,48.4075,-48.4075,1.7377290609205782e-07,24.20374795405765,41.922125914920514,24.203752146270126,41.92212349454551,-41.922125914920514,0.0,10347606.89735992,14289584.344646996,0.40728537386789265,0.4122672450995976,1.1118707563978885,1.41989911304248,1.6199947379877424,3.935141963115683,8343997.5239152415,16.741004205626567,15.334944069070934,0.3073984624906462,-0.02278114132489807,18.00581092491697,0.39884830850177777,860127358.9567659,40.125391995461655,17084.518703495578,14386581.188002024,-6.085422942984145e-07,-3.511340654147544e-08,-16.736182019605923,40.13111405641969,98.2727656803656,98.27407342517508,62.97213247421223,67589.89491381092,77502376.909864,1.1115943220029076,0.38172022402750877,1.3920373218748572,3.329653571707081,0.3770506080667125,1.2145954356606583,3.2915227822495,0.5566061747848072,5.399853118883463,-18.8625,0.648625,0.30812500000000004,0.87109375,1.441375,1.3875,0.9984999999999999
8.675425,0.79675,10.7225,10.595,235.08437500000002,0.09844397573230391,-16.725,19.083750000000002,60.307500000000005,-60.307500000000005,2.1649144314717303e-07,30.153747451104312,52.22782851033557,30.153752673887016,52.22782549496056,-52.22782851033557,0.0,11509559.875429714,12042121.84277514,0.4092862281821694,0.4139246553517001,1.136577026094382,1.4506729300120322,1.647306293640809,3.9445492483403757,8785231.305991009,23.892430448330412,7.1393514860011615,0.4037772115982153,-0.024657919793425662,16.14020303955685,0.527317808905047,619706388.6883676,26.17327528297457,14809.71158503528,12139089.921137389,-8.5794537322157e-07,-5.7542865851792843e-08,-11.008659152909457,26.184903551273916,113.50978052637325,113.51585954673874,80.68243408327194,66273.70634743101,76617110.7164383,1.0100620863834497,0.3834907107126918,1.4165619545572379,3.336778367664037,0.3791441337527904,1.2417625724976251,3.2976764087735186,0.5196514309179394,5.419586439961614,-0.5625,0.443875,0.618625,0.90546875,0.996875,1.2075,0.9025
8.570425,0.88475,11.3825,12.825,242.65937499999998,0.09681069557171834,-17.925,12.22375,59.9075,-59.9075,2.1505552593523636e-07,29.953747468010302,51.88141833906111,29.953752656151995,51.8814153436861,-51.88141833906111,0.0,11108401.372564647,13324279.694402,0.40564091918557255,0.4108371775214195,1.0970041343649286,1.4012295244414634,1.603364376766633,3.929484320016434,8683751.462461188,23.803118574849826,5.929044731421971,0.416738602076995,-0.021056977824735132,15.001472668479868,0.584454171170115,605382147.2820265,23.77739494432336,16060.877272902795,13421243.371059313,-8.79587042010483e-07,-5.183140698581843e-08,-13.299169373415086,23.790614309591156,120.20797218931263,120.21426725183119,85.83273420100161,68409.20908163777,78033968.56550908,1.1557976689169907,0.3805921212794446,1.377182405813327,3.3254194835232953,0.37571543991410894,1.1981958344070087,3.2878744374496383,0.5648053108106068,5.3872309697283605,-6.637499999999999,0.564625,0.195625,0.83515625,1.355625,1.3465,1.4915
13.234175,0.9842500000000001,11.6125,13.545,245.396875,0.09625720460862094,-23.635,19.92375,51.7325,-51.7325,1.857089679162812e-07,25.86624781352657,44.80166046363943,25.866252293692494,44.80165787701442,-44.80166046363943,0.0,14675796.738753216,27013217.237768225,0.40436937622545643,0.40977677460737516,1.0832727593952445,1.3840512107439118,1.5879276276644767,3.9244706863619134,10176701.082003295,18.97943656017228,8.190989221849305,0.36113946896570764,-0.015588192519710407,20.37628521333759,0.4697135725349309,616152108.3054035,33.841515707383095,29469.0294407,27110199.742858063,-7.949282614096714e-07,-3.774191396163163e-08,-17.582185551782594,33.85815598628866,140.88757756692812,140.8941945682815,99.01126294024029,69180.9501687521,78520775.00178692,1.1970865917115832,0.3795946753450998,1.3633861191245165,3.321607186452403,0.37451687219078134,1.1830986546273434,3.284621396734768,0.5717872362823158,5.376382826870661,-13.0375,0.188125,0.382375,0.76265625,0.344125,1.3175,1.2485
7.012925,1.05275,13.0325,12.195,242.11562500000002,0.09692379949422719,-23.305,9.44125,47.6075,-47.6075,1.7090107166818453e-07,23.80374798786964,41.22930557237161,23.803752110800087,41.2293031919966,-41.22930557237161,0.0,10738271.542946437,13285934.00644912,0.40593877495329006,0.41109414292605323,1.0997611177905362,1.4046901668141651,1.606456708748807,3.93051300504364,8635747.927262366,18.12056724509415,7.074110525551197,0.37533782032212737,-0.011977581266733059,12.60418258268097,0.7394378613614648,696731175.0885886,25.263449215537168,16103.61210113409,13382928.713924803,-8.327870450871794e-07,-5.379788880434549e-08,-17.875473953350863,25.276454105294224,98.96383863696005,98.96584371033669,74.4313350064726,68255.91804378631,77935613.84675704,1.1477084355410365,0.3807877384831636,1.3799414078604004,3.3261883077604333,0.3759507310297508,1.2012323235590632,3.28853348638498,0.5634533947410442,5.389353378059678,-4.637499999999999,0.6553749999999999,0.42437500000000006,0.92359375,1.465875,1.3145,0.8345
13.347925,0.84875,11.7725,6.365,246.70937500000002,0.09599938090431107,-19.745,20.71125,57.5075,-57.5075,2.064400226636165e-07,28.753747569446272,49.80295731141438,28.753752549741865,49.80295443603937,-49.80295731141438,0.0,14508049.10640748,28833463.08167561,0.4037464394112745,0.40925627678390875,1.0767877943371824,1.3759369624278663,1.5806006801690353,3.9221317964891917,10101947.227050804,21.630814960819407,6.826014369563736,0.528271328191302,-0.023307044086748132,24.716202056392895,0.7074450135856957,688727870.2695713,29.004932104241014,31217.417252479583,28930434.321310505,-7.438278989346722e-07,-3.571602564707863e-08,-14.577341956772798,29.01940420391334,156.35984173107028,156.3665721499837,107.3720998983119,69550.96301873845,78749999.74532361,1.2148131804671953,0.37911619924163964,1.3568455418632166,3.319822524777049,0.37394057701767974,1.1759754752431713,3.2831046796006746,0.5735055011301727,5.3711949314134495,-10.1375,0.18062500000000004,0.470125,0.92828125,0.309125,0.9715,1.1305
12.621675,1.05875,11.3875,12.815000000000001,242.471875,0.09684961671820405,-18.475,13.46625,58.3825,-58.3825,2.095810915647279e-07,29.19124753246441,50.56072956107725,29.191252588537225,50.56072664195224,-50.56072956107725,0.0,13286435.127581362,25076364.331123367,0.40570194756585015,0.41088329426926046,1.0979528460210213,1.4024127571022371,1.6044217563235401,3.9298210674345087,9583234.387240749,22.633349031862302,6.736506549792701,0.49124748826825,-0.019967371469072515,20.782362369718648,0.6647209087741448,646471080.806574,28.627031517841125,27536.98805986754,25173332.199269414,-8.416782283574668e-07,-3.559783308806214e-08,-14.303205268481477,28.640491097173225,150.8040893822139,150.81066867858755,105.76866072656041,68356.3501030683,78000089.27306955,1.1530029283034828,0.3806595845961012,1.3781330723402705,3.325684086251421,0.37579659599135845,1.1992414058536551,3.2881011244553084,0.5643314246098066,5.387962782190598,-15.7625,0.461125,0.506125,0.80578125,0.813125,1.2405,0.9775
10.924175,1.0782500000000002,12.5075,11.565000000000001,235.140625,0.09843134878410097,-23.865,18.12125,42.3325,-42.3325,1.5196491343577005e-07,21.16624821081745,36.66102143868972,21.16625187691949,36.66101932206472,-36.66102143868972,0.0,12586272.559419114,17033712.873626504,0.4094219657328745,0.4140666569748106,1.136278542865925,1.4503217510804145,1.646998989896945,3.944470167381806,9328857.439006202,15.384584769818717,12.761526564953215,0.2425356490820796,-0.011994899395176024,15.466851826562392,0.42932166151690543,800795991.9526063,36.27774920352646,19822.285161464777,17130735.64999456,-6.716777984795659e-07,-4.3955454405326294e-08,-17.140494548654672,36.28624171740211,93.82105663400394,93.82216874767525,64.89396088926918,66289.56404100185,76628025.80477914,1.011253945486115,0.38346943629936103,1.4162633698675466,3.33669026946686,0.37911901978453066,1.2414293211081584,3.297599807696913,0.5200906912216169,5.419348776763415,-6.087499999999999,0.694375,0.401875,0.90671875,1.282125,1.3705,1.4795
8.342925000000001,1.06125,12.8125,10.455,237.57812500000003,0.09789595769907483,-16.105,9.91375,49.557500000000005,-49.557500000000005,1.779011680763757e-07,24.77874790545292,42.91805515733458,24.778752197258317,42.91805267945957,-42.91805515733458,0.0,10037542.260873448,10937939.670771137,0.4082104122768331,0.41303110101745855,1.1232833351226172,1.4341033038505528,1.6326532338917534,3.9394465667157466,8314265.9289262295,18.351177311494656,7.548520214567902,0.45409952885522303,-0.012596096329843313,13.080178752875817,0.7562805779040752,734037618.4487424,24.235522512130817,13831.463981043167,11034944.252750631,-7.778982431884993e-07,-4.925232332970496e-08,-12.004324398836351,24.245932258627953,89.27423610957342,89.2764118851093,64.17851747294212,66976.73076240502,77094554.64796199,1.0636433477951062,0.3825460263877415,1.4033974716641762,3.33292600278358,0.37802800037422984,1.2271281029513101,3.294338792726878,0.5393586987206355,5.409044655208071,-4.4375,0.388375,0.611125,0.98484375,0.177875,0.8865,1.2035
13.260425000000001,0.88725,10.9175,6.455,240.93437500000002,0.0971718516373898,-17.345,11.401250000000001,52.4575,-52.4575,1.8831156786291637e-07,26.228747782884458,45.42952889907438,26.22875232583722,45.429526276199375,-45.42952889907438,0.0,12192531.215563422,24644631.178137094,0.4065371279665107,0.4116034042951302,1.105791302582455,1.4122496984052404,1.613200292893123,3.9327624030438972,9124997.641145399,18.569302800631846,10.838445626168088,0.5596032223683202,-0.022219503707319153,24.732988954006252,0.6931800240358682,822985234.234541,35.31943818459837,27172.46969337021,24741621.651817616,-6.444265765419086e-07,-2.774816373513562e-08,-13.821713803686903,35.335440251045064,130.6209628458764,130.62708766431467,84.5345206388559,67922.9064787986,77719970.77289811,1.1302475686772755,0.38122516253603245,1.3859720037992804,3.3278873252453005,0.3764732836475888,1.207879583453179,3.2899932163652332,0.5604790063582741,5.394157302924812,-19.2125,0.16412500000000002,0.116875,0.97265625,0.18312499999999998,0.7525,1.3205
7.7566749999999995,0.72025,11.3375,10.965,245.77187500000002,0.09618285126390377,-19.555,15.706249999999999,59.9825,-59.9825,2.1532476041247448e-07,29.99124746484043,51.94637024617507,29.99125265947731,51.94636724705006,-51.94637024617507,0.0,11293275.663348744,11921865.014712624,0.40418602644273693,0.40962266249308654,1.081411848858668,1.3817256402848161,1.5858287271694709,3.9238046193633855,8753146.06991838,23.717221086083686,5.892040638024764,0.3972426067658972,-0.023390372840706962,14.744642235236588,0.6115395585938678,599201776.8155546,24.02294340185652,14691.501385960413,12018826.507943641,-9.180202688731501e-07,-6.093844065618545e-08,-13.825726160298794,24.03755776536669,116.7073942360888,116.71398189679022,86.44339437873292,69286.66812589105,78586591.90370992,1.2028126858047177,0.37945973399068494,1.3615117382636297,3.3210956559269724,0.3743540332496284,1.181056540860744,3.2841867414155654,0.5727355164459329,5.374925893901207,-19.5375,0.6673749999999999,0.6381249999999999,0.97609375,0.898875,1.2035,0.9724999999999999
11.965425,0.8572500000000001,11.932500000000001,11.685,248.20937500000002,0.09570758448567954,-21.775,14.463750000000001,59.707499999999996,-59.707499999999996,2.1433756732926803e-07,29.8537474764633,51.70821325342388,29.85375264728448,51.70821026804887,-51.70821325342388,0.0,14252653.310960138,27397948.865762167,0.4030404658737942,0.4086695446886574,1.0694767042305449,1.36676812922306,1.572319683121417,3.919526022421335,10037023.2160158,23.674001846586158,5.235007160630401,0.38987714849781924,-0.021653222139299343,21.224068515548907,0.5584101438042006,537557994.1093874,26.274465080159445,29782.008575075946,27494905.911750313,-8.1960255887364e-07,-3.750227715280771e-08,-17.015255124632162,26.2879546881679,164.81313901568046,164.82012752120565,115.99778634458191,69973.83484729422,79009830.35687478,1.2299566812713811,0.37858444914410844,1.349459101846618,3.317834158631037,0.3732948132463085,1.1679326912380992,3.281416554801983,0.5719397819464119,5.365507315516964,-8.5625,0.236875,0.47762499999999997,0.7848437500000001,0.785125,0.8885,1.4715
10.075425,0.95525,13.3275,12.305,249.78437499999998,0.09541036369461817,-21.945,7.58625,45.4075,-45.4075,1.6300352700253297e-07,22.703748080852613,39.3240496303621,22.703752013257464,39.32404735998709,-39.3240496303621,0.0,11051331.310214907,16814665.46985159,0.40247229601830226,0.40823089246444655,1.0618809562016451,1.3572813935933257,1.5637105724932234,3.916897060046962,8785662.271405857,16.440064458024455,6.977319069129063,0.2962839926147953,-0.010322927991710093,14.369396842425376,0.5953846055584615,666353682.9385042,26.631387111770955,19589.356226747954,16911672.47710777,-7.360032254050827e-07,-4.0431199573482526e-08,-17.572011837086357,26.646949143756363,100.13832535087063,100.13976598280644,70.67381762371329,70417.8502672778,79276799.37958921,1.2459905781589484,0.37802662932720726,1.3417598161211122,3.315781875301768,0.3726161461051089,1.159589659168583,3.2796813270662715,0.5703807035545374,5.3595577757913935,-5.337499999999999,0.34187500000000004,0.561625,0.96546875,0.846375,1.2205,1.1065
12.525425,0.99275,13.9275,12.585,249.27812500000002,0.09550558887499247,-23.605,9.98375,55.6325,-55.6325,1.9970916073266346e-07,27.81624764869312,48.17915963356537,27.81625246660895,48.17915685194036,-48.17915963356537,0.0,13633577.784397274,26975437.933119576,0.4025467233035471,0.4082613948041255,1.0643094080547908,1.360297873821798,1.5664497748785364,3.9177011546255676,9843704.003828155,21.996660861211666,4.775460545487065,0.4900764562640648,-0.014865242082202872,17.72772420457185,0.8706937257740326,568048201.1887186,21.7492503856395,29389.383895854637,27072401.903853744,-8.355761950928752e-07,-4.060903106205761e-08,-19.028838646734375,21.761268521196833,156.29422038115112,156.30126776455492,112.21539580100328,70275.13102514023,79191356.16180514,1.2408297316501233,0.37820202389122365,1.3442245671262663,3.316433896332196,0.37283071732404727,1.1622582754504311,3.280231805213432,0.5708791697495909,5.361409593708551,-4.612499999999999,0.114625,0.489625,0.96015625,0.113125,1.1575,1.2425
10.294175000000001,0.85575,11.1475,9.125,247.890625,0.09576863564003775,-22.685,20.25625,60.7825,-60.7825,2.1819659483634777e-07,30.39124743102844,52.639190588723984,30.391252694947354,52.63918754959897,-52.639190588723984,0.0,13449878.679767203,19337003.74126337,0.4032004053630946,0.4088042007757635,1.071023154526334,1.3687095039131272,1.5740749493990052,3.920078671723287,9614977.460075462,24.162151933023,5.757808348002879,0.33048277414606597,-0.027550667167906915,19.874146157752747,0.5006947144854258,541589073.5930626,26.804477199086204,21910.468517497164,19433958.19133232,-7.999591430236231e-07,-4.887762756956922e-08,-16.466165380702705,26.819772397815953,144.944459236761,144.95101176094323,101.70506353295347,69883.9745837261,78955461.93078119,1.2267323310310405,0.37869487477564245,1.3510218437184784,3.318251436739806,0.3734296886771878,1.1696326678546505,3.281770254416525,0.5722608381734614,5.366676148168003,-13.8875,0.311125,0.536875,0.94078125,1.283875,1.3985,0.8365
9.436675000000001,0.9257500000000001,11.1525,11.775,248.17187500000003,0.09571477154104685,-22.884999999999998,17.96375,49.3575,-49.3575,1.7718320947040737e-07,24.678747913905916,42.74485007169735,24.678752188390803,42.74484760382234,-42.74485007169735,0.0,11983534.526618145,14354382.240852708,0.40318667923281876,0.40881519450600967,1.0696614031841734,1.3670199433814092,1.5725484026407424,3.919631827012479,9032476.746286288,17.470970759119968,10.744864001144066,0.27368192498287924,-0.017210655568371758,15.748593943604858,0.39226485372054953,707415865.5411954,35.306831280973505,17149.65504246721,14451374.9979049,-7.584359338719435e-07,-4.923630878782081e-08,-16.28889277586801,35.32477990133663,102.40373216375214,102.40523080265316,71.51339529214879,69963.26305158035,79003426.49695218,1.229577004678503,0.3785974433052503,1.349642840556844,3.317883178020095,0.37331068676073115,1.1681324871661363,3.2814580916804186,0.5719774729232702,5.365644834113196,-12.737499999999999,0.6996249999999999,0.620875,0.91796875,0.9951249999999999,1.1405,1.0354999999999999
8.229175,1.03325,12.3375,11.305,244.009375,0.0965343227623157,-23.875,13.606250000000001,45.1325,-45.1325,1.6201633391932655e-07,22.566248092475483,39.08589263761091,22.56625200106464,39.0858903809859,-39.08589263761091,0.0,11298994.982353874,13426548.585969064,0.40513533226264165,0.410437631537667,1.0902074462014422,1.3927379702573544,1.5957555549328695,3.9270284394744364,8815895.898815915,16.419167290334176,9.453699512134685,0.2403037048329642,-0.012726714771658156,13.735667245205487,0.5105326766309677,691440604.8071201,31.449116214901544,16274.285585730526,13523555.09552235,-7.59741189615081e-07,-5.1597171334437017e-08,-17.59779826434985,31.462828666615344,91.8769837312084,91.87881175873308,66.74582725411801,68789.793727338,78275615.11336543,1.1760446745223208,0.3801063311929185,1.370362592069176,3.3235308114809934,0.3751305773643691,1.190712795639307,3.286259726756599,0.5682173135090172,5.381967350373292,-2.7375000000000007,0.172375,0.18212500000000004,0.92078125,0.9601249999999999,1.4565000000000001,1.0095
7.931675,0.7152499999999999,13.9225,12.805,240.671875,0.09722766916740236,-21.055,16.56375,61.5325,-61.5325,2.2088893960872897e-07,30.7662473993297,53.288709659863585,30.766252728200516,53.28870658323858,-53.288709659863585,0.0,13004791.104257459,16844970.493134335,0.40649319414178087,0.4115371074678847,1.1071326053350132,1.4139087567942343,1.6146735017421572,3.9332232711639485,9592495.244085344,25.675763661557234,6.697804088375785,0.892054917824838,-0.01725321243276303,13.683717441069373,1.3644920708843753,878646252.3468963,18.61079934166962,19467.741612715778,16941924.56572067,-1.017107676913994e-06,-6.797751958050889e-08,-14.890290545324467,18.620204123190994,141.92901255760862,141.93590677767426,110.91468600150021,67848.90390880132,77671855.85578425,1.126389872494029,0.38131961732177055,1.3873139326071917,3.3282652555010865,0.3765867028501463,1.2093638796145179,3.2903186333699934,0.559819061330331,5.395184693377863,-11.487499999999999,0.318625,0.6726249999999999,0.79140625,0.48062499999999997,1.4385,1.2405
10.460425,0.71175,12.4825,12.765,243.54062500000003,0.09662963715140462,-18.695,7.00875,56.457499999999996,-56.457499999999996,2.0267073998228278e-07,28.228747613824506,48.89363061181893,28.228752503187433,48.893627788943924,-48.89363061181893,0.0,11198389.112310518,17912504.56780392,0.4052442164825199,0.4105083964287522,1.0925588630330638,1.395664466747021,1.5983807949151927,3.927854168688121,8780959.497108214,22.129909451071132,5.555784490148367,0.4458975400652084,-0.016748448214432173,16.113114565337497,0.6779193055210864,619197216.4283096,22.927453717493105,20556.975075115763,18009475.34587799,-8.362414059270134e-07,-4.0212151829603254e-08,-15.158924587776143,22.939841678402246,127.6284743106768,127.63473862470093,89.0633511500494,68657.6462809143,78192070.3652362,1.1689896257569425,0.3802750102629327,1.3727256545088575,3.3241833430830994,0.3753337509092266,1.1933020795198634,3.286816929046729,0.5670325780960672,5.383793762450032,-11.9125,0.25112500000000004,0.549625,0.91515625,1.017875,0.9584999999999999,1.0474999999999999
12.682925000000001,1.0762500000000002,12.4475,8.155000000000001,244.68437500000002,0.09639936922337221,-21.545,14.603750000000002,47.682500000000005,-47.682500000000005,1.7117030614542268e-07,23.84124798469977,41.294257479485566,23.841252114125403,41.29425509536056,-41.294257479485566,0.0,13216141.136913624,24497232.80223619,0.4047907204719587,0.4101441497711847,1.0868228751093747,1.3885026742355915,1.5919394308220773,3.9257761555765476,9633245.844179774,16.964788876573817,8.547056960354926,0.34818009879527045,-0.014419884636561419,20.715091921604415,0.5076016523280387,648059321.3575808,31.790295222706273,27062.877043947617,24594234.284287993,-6.601494756980452e-07,-3.301052348321782e-08,-16.7421828350373,31.806359815003546,121.25640754612765,121.25720706772817,82.78392259263741,68980.0860501881,78395278.93718019,1.1862481550050972,0.3798511844074829,1.3669568190495403,3.322585161328978,0.3748262027618545,1.1869953684885337,3.2854535923230035,0.5699051800039636,5.379155708035224,-7.037499999999998,0.533875,0.31337499999999996,0.8864062500000001,0.463125,1.2134999999999998,1.2875
8.859175,0.72075,11.9825,10.754999999999999,237.540625,0.09790440788031099,-17.585,7.91875,45.5075,-45.5075,1.6336250630551715e-07,22.753748076626113,39.410652173180715,22.753752017691223,39.410649897805705,-39.410652173180715,0.0,9557474.40152853,10930806.703367949,0.4083495480824049,0.4131692841700881,1.1234842621834715,1.4343709166181438,1.6328924286003532,3.9395539946305593,8086446.390805707,16.09393403246126,11.157565162276486,0.3010016442996037,-0.013035127849569087,13.682694169401895,0.5129352574276528,752250121.7156138,31.661216343026894,13859.743850920588,11027824.820266375,-6.927337362433035e-07,-4.211030596930311e-08,-13.671913714136396,31.667155925467885,81.78544676520063,81.78740116727174,56.4662297201657,66966.15896669113,77087335.32675391,1.0628254762623515,0.3825603373078307,1.4035945049688467,3.332983238960677,0.3780449031052411,1.2273461174840672,3.294388183560042,0.5389813979339536,5.409204384351354,-0.4125000000000014,0.39512499999999995,0.231625,0.78578125,0.865625,1.0085,1.0705
12.332925,0.86275,13.9475,9.625,248.453125,0.09566110401552665,-22.985,11.313749999999999,46.9325,-46.9325,1.6847796137304144e-07,23.466248016398506,40.64473840834596,23.466252080872234,40.64473606172095,-40.64473840834596,0.0,12955742.855888601,23949113.891470555,0.4030513757777284,0.4087021986875135,1.0682992590217757,1.3653101586471252,1.5710009973866663,3.919142329814458,9597761.729785426,17.22122757817801,5.894838863330849,0.31081644509633033,-0.011094257189035922,17.598499714345895,0.5926778302250957,622364778.7694879,25.16359759105424,26528.121354384486,24046113.309174776,-6.629992448522815e-07,-3.634327629490767e-08,-18.24462930332616,25.178310838417612,121.0907111077251,121.09158180457403,83.06780813083441,70042.55151943454,79051285.48530672,1.2324258978838496,0.37850000578201143,1.3482656121054686,3.3175160450960104,0.37319164235480573,1.1666356088484944,3.2811471265250556,0.5716951486730883,5.364613947418233,-16.4875,0.560875,0.378625,0.76015625,0.40537500000000004,1.3605,1.3585
10.906675,0.82875,11.0375,12.645,245.603125,0.09621625691352845,-23.055,11.96125,46.4575,-46.4575,1.667728096838667e-07,23.22874803647438,40.233376329957544,23.2287520598119,40.23337400708254,-40.233376329957544,0.0,11415700.944703791,16451746.71163391,0.4044411070523789,0.4098674964973377,1.0822524537331366,1.382801116047814,1.586800843473624,3.9241502314149534,8804498.193637509,16.204541196505595,13.422261598780498,0.2694363915588787,-0.01673023517249536,16.680466666768318,0.358882501212876,759228346.0009006,39.580519809729324,19215.48267270277,16548748.401717026,-7.070540290843362e-07,-3.800919050430371e-08,-17.886966486755796,39.59449531719228,101.3920490763445,101.39327837675567,67.83545445794748,69239.09504517852,78557004.59226902,1.2002338240340122,0.37952045398726636,1.3623547903657718,3.321325574965863,0.37442731518451583,1.1819747418545592,3.284382053479045,0.5723087453097853,5.3755813513134445,-2.3125,0.470125,0.318625,0.81046875,1.247125,1.2665,1.2165
9.462925,0.90025,10.8325,7.965,237.109375,0.09800037776249776,-19.145,11.59375,47.4325,-47.4325,1.7027285788796223e-07,23.716247995266013,41.077751122439025,23.71625210304101,41.07774875081402,-41.077751122439025,0.0,10297144.60816586,12244707.868197046,0.4085636236727716,0.4133519978450146,1.125768467312704,1.4372198342740024,1.63542043241838,3.94042977703161,8322977.056015192,15.986448210307287,15.818812346338628,0.3138687102432124,-0.021942093524899356,16.945365624271727,0.3854693670404525,869768932.9929137,39.59752034982471,15112.208716503252,12341714.968256004,-6.193493966482421e-07,-4.0325899069029986e-08,-14.59494630521962,39.59877673891145,89.43746650403732,89.43895701873987,59.30506535209671,66844.58331598133,77005440.32573408,1.0534571724958284,0.38272385675636234,1.4058608005892035,3.3336419451495827,0.3782382463078453,1.2298572519701725,3.2949571950998746,0.5355816743971811,5.411027033829437,-0.7375000000000007,0.553375,0.475375,0.94984375,0.601375,0.7845,0.7374999999999999
9.095425,0.9192500000000001,10.6175,10.775,246.371875,0.09606585203466127,-21.035,12.46875,54.6075,-54.6075,1.9602962287707582e-07,27.303747692014735,47.291483569674575,27.30375242116296,47.29148083929957,-47.291483569674575,0.0,10974942.207113223,13293716.175390022,0.40396960912450586,0.4094539367073697,1.0784424613066863,1.378026041224387,1.5824810416360064,3.9227483689576443,8586781.274915757,20.318419746943775,8.755450126881144,0.29874322035247514,-0.02237315621322555,16.51534471228441,0.4075892346695931,633113602.8353777,31.380687605741613,16064.527367559682,13390690.59684202,-7.873412030130165e-07,-4.7625681728664745e-08,-15.933214632333478,31.397620583615986,109.69878883829938,109.70488399418429,76.11274492100243,69455.81685731336,78691305.62186351,1.2114277855197917,0.3792331143292677,1.358512026168076,3.3202718049087685,0.3740831418747543,1.1777969440935983,3.2834870685409134,0.5738545079748405,5.372435582152517,-3.0874999999999986,0.611875,0.548875,0.9885937499999999,1.2541250000000002,1.2585,1.0375
7.021675,1.06475,12.807500000000001,11.425,248.37812499999998,0.09567528435020865,-22.125,20.30875,55.6575,-55.6575,1.9979890555840952e-07,27.828747647636497,48.20081026927002,27.82875246771739,48.200807486395014,-48.20081026927002,0.0,12521262.017477473,13105701.256902184,0.40297474998495,0.4086177280041403,1.0686598335080277,1.3657471710822349,1.571396235981828,3.919246877638876,9334282.83398211,21.350514644250474,5.7184799600472385,0.5080773614386088,-0.016642912550191385,13.191398358281988,0.835788428600055,659041199.0482789,22.545681957008647,15877.515578291084,13202673.232402552,-9.269888131130922e-07,-7.239259434362647e-08,-14.47911528069755,22.560346718808262,114.3358593102922,114.34259450868248,88.1912102122048,70021.40792800674,79038625.7583064,1.2316657424348623,0.3785259929356483,1.3486326993980655,3.317613839821244,0.3732233941569025,1.1670344381000062,3.2812299335523996,0.5717702543712081,5.364888858402356,-2.5124999999999993,0.148375,0.569125,0.9198437500000001,1.0843749999999999,1.3685,0.8405
13.286675,0.9902500000000001,11.1775,11.845,243.071875,0.09672568056087515,-18.775,13.99125,52.7575,-52.7575,1.8938850577186884e-07,26.37874777020496,45.689336527530216,26.378752339138487,45.68933388965521,-45.689336527530216,0.0,13415100.571512569,27077326.833226137,0.4055124796407811,0.4107412685343625,1.0949213887126485,1.3986286504067553,1.601037336374721,3.9287288181526243,9668125.377852615,18.987580055798304,9.379747411163429,0.4997638446817024,-0.017517869060398053,22.46204350981119,0.6381566531915184,723230168.5024667,33.94180972324147,29540.402409226015,27174314.02666502,-6.830995624693071e-07,-2.925817359822962e-08,-14.600068600271396,33.958166123662004,138.79978364693125,138.80615302928226,90.68538659618969,68525.4988344906,78108109.76880608,1.1619609618657287,0.3804436796764947,1.3750939819756418,3.3248393321192107,0.37553681292154173,1.1959008796376303,3.2873777896027883,0.5658478673706197,5.385621361857948,-17.4375,0.225625,0.519625,0.99234375,1.315375,1.1615,0.9424999999999999
11.877925000000001,1.09625,10.8225,11.515,243.91562499999998,0.09655334451747263,-17.765,13.256250000000001,55.6825,-55.6825,1.9988865038415554e-07,27.841247646579873,48.222460904974675,27.84125246882583,48.222458120849666,-48.222460904974675,0.0,12721728.361814577,22714978.924111474,0.40511351024034487,0.4104072961579253,1.0906760156957458,1.393313815566633,1.5962718110319094,3.9271763799726123,9355756.578069579,20.466295870412587,8.676507018758954,0.4916612471943557,-0.020540425234304865,21.354394955310262,0.5792579079413317,687138240.6267968,32.02144037245962,25262.901300169902,22811957.389931817,-7.047731043993622e-07,-3.2562530681015754e-08,-13.709924299783529,32.03756458810469,134.84111897547106,134.84729423816873,88.21841737746053,68763.36423805325,78258925.62852187,1.1746314935934248,0.3801400637897758,1.3708347557245963,3.32366103317566,0.3751712181213641,1.191229902949558,3.2863708754661896,0.567980364404802,5.382332484786935,-13.087499999999999,0.364375,0.499375,0.84546875,0.900625,0.9265,0.9075
13.164175,1.0297500000000002,11.4225,6.595,242.809375,0.09677982347556337,-21.525,20.69375,54.3825,-54.3825,1.9522191944536145e-07,27.191247701524357,47.096627848332695,27.191252411187012,47.09662512920769,-47.096627848332695,0.0,14235841.371544668,27120209.794428945,0.40558510441730494,0.4107929537279148,1.096246063114106,1.4002802776091736,1.6025152060244598,3.929202448214966,9968838.581673982,20.055941478996218,8.363838476208443,0.46621191717037125,-0.02244408115475153,24.44292132783581,0.6339796985514657,700906354.1031415,32.61869844581095,29557.881590926158,27217187.791671142,-7.106037212658725e-07,-3.5441028301234895e-08,-16.025324661802145,32.634021761222826,144.9201177258316,144.92665333680563,98.76181241578173,68451.49626449335,78060878.96990292,1.1580365629432166,0.38053814464597074,1.3764225193599913,3.325208210143636,0.3756504945146481,1.1973604169084078,3.2876935008954042,0.5651844211030055,5.386645567158644,-6.3375,0.311875,0.13487500000000002,0.78234375,0.608375,0.9485,1.3545
8.106675,0.9152500000000001,13.7225,6.785,246.503125,0.0960400346446213,-23.545,13.168750000000001,53.457499999999996,-53.457499999999996,1.9190136089275796e-07,26.72874774061947,46.29555432726051,26.72875237017477,46.295551654385505,-46.29555432726051,0.0,11954033.2861727,15806915.134515896,0.40383460443961794,0.4093280172286466,1.0777975591461741,1.3772044832102983,1.5817414743135134,3.9224945271991607,9148873.708253141,20.57244578063649,7.129774056167289,0.6323725140713575,-0.016268670959326957,14.736439974262435,1.0552054489679739,730653238.5109557,21.350216530440616,18513.130992450548,15903888.222968338,-8.450604125341977e-07,-5.847148624228593e-08,-17.799375139160308,21.362928376143,117.58882252013026,117.59553112465153,90.18274855891305,69492.818142312,78714094.5168205,1.2127446248722349,0.3791876521536278,1.3578636583933077,3.3200968935343314,0.3740277103238904,1.177088015002115,3.2833381515744815,0.5737191710976924,5.371953069315138,-15.1125,0.137875,0.20987499999999998,0.87765625,0.219875,1.0695000000000001,0.9185
13.111675000000002,0.84375,12.3525,10.325,235.909375,0.09826089374321749,-19.435,12.97625,45.957499999999996,-45.957499999999996,1.6497791316894587e-07,22.978748057606868,39.80036361586447,22.97875203764312,39.80036131798946,-39.80036361586447,0.0,12840950.19245794,24649625.221195262,0.40903897226813357,0.4137386586086915,1.1321567536231547,1.445173593282133,1.642457601584879,3.9428595213726716,9488028.378168108,16.320110180358895,10.41327782230298,0.39082119360388606,-0.012619099218718828,20.269392601083958,0.5246466811683311,741772964.7239449,33.50210678144993,27230.380310880682,24746639.087964877,-6.276353463755501e-07,-2.907148935992405e-08,-15.208129279477298,33.51477893498681,115.1575149366691,115.15822045587056,76.21669045633672,66506.2858531367,76776538.84552707,1.0276202641482195,0.3831785022821509,1.41219047367476,3.3354918927016004,0.37877547942867873,1.2368894683643417,3.2965590555646966,0.5261057035990704,5.416099773189842,-8.2125,0.680875,0.19637500000000002,0.99609375,0.176125,0.7194999999999999,1.2254999999999998
7.817925,1.04275,11.4375,9.545,236.05937500000002,0.09822815076389001,-16.185,7.86625,46.4825,-46.4825,1.6686255450961271e-07,23.24124803541775,40.255026965662196,23.24125206092034,40.25502464153719,-40.255026965662196,0.0,8950627.715285165,8342731.5816858485,0.4090640026809502,0.4137763760167554,1.1313568865079169,1.4441930640946194,1.6415934127056437,3.942589933193223,7800662.006936816,16.084503884333426,12.96466681446499,0.32506321881110395,-0.015675657026492543,13.09332163059117,0.4735091568952643,839898618.3818231,33.28428740086894,11329.924684659478,8439748.700234866,-6.940739040301535e-07,-4.814139576631492e-08,-12.26890127415814,33.27990290339771,73.74857947778528,73.7512652686091,50.83895487642715,66548.57303599226,76805357.43089147,1.030830250210353,0.38312170424324826,1.411397411861921,3.3352592791608937,0.3787083895608952,1.236006843652178,3.2963573200237204,0.5272813229991895,5.415465769872269,-0.7874999999999979,0.563125,0.264625,0.82890625,0.503375,0.7955,0.8815
13.006675000000001,1.0862500000000002,14.192499999999999,7.6850000000000005,248.190625,0.0957111775853741,-21.255,9.82625,52.5575,-52.5575,1.8867054716590052e-07,26.278747778657955,45.51613144189299,26.278752330270972,45.51612881401798,-45.51613144189299,0.0,13175148.50998633,26734399.125333957,0.40310243654839983,0.4087309211929441,1.0695686865681377,1.3668910974307773,1.5724311338021166,3.9195714689342105,9677674.088120557,19.94947389069794,4.992206634893137,0.47849897595866775,-0.014044630238334504,19.121310594922036,0.8177635331042833,639549964.3035467,22.1018194002085,29194.68645891286,26831379.20542418,-7.071959386608176e-07,-3.55045134813094e-08,-17.191592749703034,22.114271410585253,141.71955545275947,141.7261937193717,97.10861530499146,69968.54894943729,79006628.64971402,1.2297668003713518,0.3785909408258964,1.3495509606494909,3.317858660292585,0.373302745523284,1.1680325932625877,3.2814373185709074,0.5719586247466001,5.365575991349827,-14.5125,0.375625,0.6613749999999999,0.83828125,1.471125,1.1625,1.2825
10.425425,0.7537499999999999,13.1125,11.485,240.653125,0.09723168022503603,-21.295,9.966249999999999,54.4075,-54.4075,1.953116642711075e-07,27.20374770046773,47.11827848403735,27.203752412295447,47.11827576366234,-47.11827848403735,0.0,11991881.624024391,18996352.944463685,0.40656743215923397,0.4116109393446077,1.1072300546451297,1.4140404757184288,1.6147912454566302,3.933276578591269,9123676.242573123,21.45108221792472,5.376024645194734,0.45051782358487585,-0.015491346468817732,16.041689892246257,0.7473418234819099,601956995.6692901,22.66454959399735,21616.901772272562,19093326.296402328,-8.389660343478581e-07,-4.456143767222772e-08,-16.829057560327513,22.675906310373378,128.54952056376092,128.5559314043964,92.99099526159385,67843.61801094438,77668402.01647598,1.1261146225253797,0.3813263693876973,1.3874098388624736,3.32829229577576,0.3765948078588555,1.2094700063736057,3.290341926043914,0.5597716676480069,5.39525818428246,-17.7625,0.645625,0.425125,0.77796875,1.1246250000000002,0.9384999999999999,1.1335
10.766675,0.96675,13.6175,13.015,242.284375,0.09688867357894497,-18.825,7.74375,44.2075,-44.2075,1.5869577536672306e-07,22.103748131570597,38.284819116538735,22.103751960052403,38.28481690616373,-38.284819116538735,0.0,10802222.536534742,16355123.753112948,0.40598709934140353,0.4111572953252097,1.0989073735645303,1.403637873608247,1.6055181846578264,3.9302266371755787,8697770.521713048,15.896630920178367,7.517641156685681,0.32509228828491593,-0.008772755295180455,14.033420478982148,0.6317008136799888,669628696.5298073,26.549151109234415,19166.972297266555,16452144.837912546,-7.086127896352198e-07,-3.789617643345385e-08,-14.934707984293267,26.56135224291733,94.30647614795703,94.30781665861805,65.35846675735735,68303.49112449883,77966129.28074515,1.150212343525865,0.3807270508125128,1.3790844681933943,3.3259492288123162,0.3758777432861253,1.2002885853070973,3.2883284280666643,0.563857540300332,5.388694891552208,-7.737499999999999,0.5968749999999999,0.654625,0.83046875,0.972375,1.4765000000000001,0.7344999999999999
7.677925,0.89875,13.3625,13.075,248.490625,0.09565394298020129,-19.345,16.458750000000002,45.6575,-45.6575,1.639009752599934e-07,22.828748070286366,39.54055598740863,22.828752024341853,39.54055370453363,-39.54055598740863,0.0,11475701.073939154,12332509.207891673,0.4030628172481266,0.4087174386980058,1.068118549660249,1.3650899232025215,1.5708021574817848,3.9190953924515726,8970583.052027484,16.082950167447063,7.659092764232745,0.3570849124115064,-0.009450083350436492,12.071684489792204,0.6224410677638444,706039560.5509155,26.584832584290925,15241.831297242388,12429526.622091232,-7.787343500856718e-07,-5.6992458364604054e-08,-12.995624796010924,26.60043226876987,87.89436903031829,87.89644173116498,64.61456799388601,70053.12331514842,79057675.3935534,1.232806027680048,0.37848701325122347,1.348082156736462,3.317467187255492,0.3731757658626814,1.166436289462347,3.2811057562688166,0.5716576275759919,5.364476507699618,-13.3125,0.258625,0.15812500000000002,0.89046875,1.117625,1.4155,1.0535
7.004175,0.80025,13.1775,13.985,238.609375,0.09766922344147191,-21.445,19.17125,54.807500000000005,-54.807500000000005,1.9674758148304415e-07,27.40374768356174,47.464688655311804,27.403752430030472,47.4646859149368,-47.464688655311804,0.0,12588356.727234667,14090096.584750595,0.40757299184162415,0.4124668645109746,1.1178473519750096,1.4273063437265874,1.6266049801917823,3.9373356684083562,9396222.621838933,21.603101446705946,6.038696667650297,0.5952331666880885,-0.013853100049572612,12.573098310498253,0.9548826773297359,705566909.323687,21.886208592532554,16833.639767222572,14187072.529832216,-9.392811660660487e-07,-6.941028699527834e-08,-14.156447705167523,21.897341820722428,115.8727728741635,115.87925010952702,88.34803210378875,67267.45514453713,77288940.8643955,1.0862383184261486,0.3821547022366252,1.3979970573957117,3.3313644343459936,0.37756503911267225,1.2211592616752815,3.292992851991664,0.5475176322799985,5.404686409430992,-3.4624999999999986,0.145375,0.685375,0.83765625,1.164875,1.2945,0.8544999999999999
9.174175,0.95325,13.4725,13.685,239.734375,0.09742600802780645,-20.785,7.67375,53.1075,-53.1075,1.906449333323134e-07,26.553747755412214,45.99244542739537,26.55375235465663,45.99244277202036,-45.99244542739537,0.0,11336297.965687267,17107994.423960544,0.4070626501771503,0.4120396295674296,1.1119636428030566,1.4199813600052562,1.6200659731773872,3.9351169846815943,8897981.750095647,20.833818086195507,5.705085870886217,0.579214546999351,-0.01302065447434642,14.026096207841917,0.9643510760869286,685479519.5459452,21.64220350873228,19785.29145500309,17204972.528832123,-8.603821381455567e-07,-4.6359406161168316e-08,-16.564124221660613,21.652979404526093,119.53601915067163,119.54234733824065,86.93789092162461,67584.60901595396,77498813.43961802,1.1111761729369816,0.3817273506530954,1.3921347803051796,3.3296814446447596,0.3770590495979389,1.2147025699628327,3.291546693079819,0.5564547162504752,5.399932326007239,-11.2375,0.21287499999999998,0.110875,0.88015625,1.334625,1.0995,1.4045
12.289175,1.03275,11.0225,8.235,249.72812499999998,0.09542091883818729,-23.995,7.20125,58.832499999999996,-58.832499999999996,2.1119649842815661e-07,29.416247513445164,50.95044100376101,29.41625260848912,50.950438062136,-50.95044100376101,0.0,12946640.584054615,26692368.265262954,0.40236402181807746,0.4081155195749995,1.0621478558197581,1.357594899261904,1.5639948365565597,3.9169513468742925,9438682.965664538,23.348871246470097,6.411660533295144,0.38415866150066125,-0.028822339752435835,24.127881726000794,0.5075085001197088,591243322.0976236,29.871575255356152,29082.043162826973,26789320.046618562,-7.791694214476043e-07,-3.2681901595844625e-08,-20.11107142837472,29.887373073048913,163.48167101962855,163.48872923807482,113.98911996166895,70401.99257370696,79267317.93428907,1.245416507586179,0.37804611774145014,1.342033377733701,3.315854141592781,0.37263999389303837,1.159885654810238,3.279742305512567,0.57043591329352,5.359763457220205,-10.7375,0.187375,0.6043749999999999,0.8964062500000001,0.653875,1.3065,0.7144999999999999
10.206675,1.0902500000000002,13.8275,6.765,243.146875,0.09671025645510897,-18.495,12.346250000000001,46.3575,-46.3575,1.6641383038088252e-07,23.178748040700874,40.14677378713893,23.178752055378144,40.146771469263925,-40.14677378713893,0.0,11379046.681543957,15872041.483847108,0.4055622794606699,0.4107983319878459,1.094544895946054,1.398170137805708,1.6006276257723706,3.9286157474302716,8923836.767109998,16.683747409483594,6.991077891959992,0.3879495545909508,-0.010963731778822084,15.317084957283447,0.6593063336069983,695102352.42611,24.717837795594154,18678.690980720683,15969055.583541932,-6.61284177088166e-07,-4.2409334907155644e-08,-13.976789062224137,24.730554199909566,97.00684728022999,97.00826740333584,67.95124102961255,68546.64242591841,78121577.8857898,1.1630838077937815,0.38041670121936133,1.3747147260907278,3.3247341534213315,0.37550433720656984,1.1954844220798588,3.2872878086694874,0.5660374194553651,5.385328980935669,-4.237500000000001,0.139375,0.49787499999999996,0.99046875,0.7571249999999999,0.7244999999999999,1.4245
8.657925,1.03475,13.2425,13.825,235.946875,0.09825269318920513,-22.815,18.646250000000002,49.1075,-49.1075,1.7628576121294697e-07,24.553747924472162,42.528343714650816,24.553752177306414,42.528341259275805,-42.528343714650816,0.0,12952954.66793253,16403885.742376678,0.408888212541632,0.41358895809564317,1.1319536463537618,1.4449026747492737,1.6422168889620428,3.9427537352046578,9534749.59664996,18.752139573190007,6.577483632001431,0.34555467545546364,-0.011242176173585876,13.577826028465543,0.671891240092814,647532390.7267687,25.18912430461001,19134.82047419586,16500880.05527385,-8.227260252330741e-07,-5.692931357897891e-08,-15.747333080561857,25.200182311460914,109.12979775529286,109.13117454823094,80.12273049176274,66516.85764885056,76783746.73728116,1.0284222520351745,0.38316430483485237,1.4119921500281645,3.3354337012694697,0.37875871060709704,1.236668735042473,3.2965085859186702,0.5263995407450005,5.415941293823079,-5.137499999999999,0.291625,0.487375,0.82140625,1.187625,0.9744999999999999,1.4565000000000001
12.709175,0.87625,11.9275,7.325,245.92187500000003,0.09615323113293744,-23.665,13.79875,48.7075,-48.7075,1.7484984400101032e-07,24.353747941378156,42.18193354337636,24.353752159571396,42.18193110800135,-42.18193354337636,0.0,13152813.855553899,24936537.07812585,0.4042020403859623,0.409651666352097,1.0806708247937689,1.3808103745968878,1.585002135270218,3.9235529862478637,9577592.240265489,17.49301023037213,9.010971824549067,0.3406279204688847,-0.017430333498165206,21.950551638789143,0.4555462469365817,649171591.3959758,33.60808126654247,27466.980444802266,25033528.490073062,-6.733214983244567e-07,-3.2807555835037166e-08,-18.75811224870056,33.6250285587145,126.33594640136018,126.33676235243931,86.41808102081532,69328.95530874665,78612849.55663729,1.2051077261078589,0.3794057441209899,1.3607629266566714,3.3208916349106965,0.3742888682196066,1.1802414144250128,3.2840135057916147,0.5731148741743715,5.374343153526487,-7.9125,0.605125,0.372625,0.75671875,0.295125,0.9655,0.7935
12.210425,1.0097500000000001,12.7325,8.355,245.471875,0.09624229910706933,-17.314999999999998,19.346249999999998,49.6575,-49.6575,1.7826014737935984e-07,24.828747901226418,43.00465770015319,24.82875220169207,43.00465521727818,-43.00465770015319,0.0,12954528.37781593,20085096.765093982,0.40446531127391266,0.40988076704825843,1.0829031108524836,1.383608335165693,1.5875289515932436,3.924372228427409,9505177.378653321,17.527245713535432,7.414524578611559,0.38456447641796476,-0.013545157633452421,18.60453294119788,0.5744511609648933,646014583.9762877,27.511038939863784,22771.280555741596,20182102.770769596,-6.352806799061347e-07,-3.863083996233799e-08,-12.148500257597073,27.526046898993187,112.2413326442974,112.24226098121223,73.44450548294935,69202.0937601799,78533958.21571359,1.1982304398624264,0.37956769136985263,1.363010952061339,3.321504706619158,0.3744843145589282,1.1826897625914592,3.28453429087627,0.5719768165419593,5.376091445098882,-17.2875,0.290125,0.481375,0.84078125,0.274125,0.7124999999999999,1.0175
11.291675000000001,1.02025,11.6725,12.095,247.459375,0.09585080485902724,-18.225,10.82375,57.207499999999996,-57.207499999999996,2.05363084754664e-07,28.603747582125767,49.543149682958536,28.6037525364406,49.54314682258352,-49.543149682958536,0.0,11851844.949494055,18934811.89041981,0.4034445167382876,0.4090150326823536,1.0731277731454463,1.3713512099312735,1.5764682424838403,3.9208436439727143,8992043.345116572,21.95643150026552,6.023504209569399,0.38077706054526433,-0.019182293123883393,17.9591555467888,0.578927963393506,588784031.6352532,25.706476234743555,21560.77570387206,19031782.961302496,-7.993703435626195e-07,-3.920324513475493e-08,-14.241039431066689,25.721578303987588,131.58469165117708,131.5909207326703,89.8306150056768,69762.39893301632,78881436.6122001,1.2223547467680098,0.3788564878523148,1.3531518810121426,3.318830240725749,0.373623662913389,1.1719450289303144,3.2822613615714267,0.5726922209735372,5.368442342868157,-16.0125,0.254125,0.37412500000000004,0.93296875,0.7291249999999999,1.1345,1.0635
7.625425,0.88325,12.6525,8.315,236.43437500000002,0.09814703252261907,-20.795,18.50625,53.057500000000005,-53.057500000000005,1.9046544368082134e-07,26.528747757525466,45.94914415598606,26.528752352439753,45.94914150311106,-45.94914415598606,0.0,11673577.438065529,11994775.00217585,0.40864343011595544,0.4133792972444685,1.1293517689711539,1.4416547343370847,1.6393456444496028,3.941746640949972,8950631.501630347,20.341557009453343,6.602506615386186,0.42615916380459196,-0.01663477390077996,13.858445220635831,0.7243561078468038,667474627.8164154,23.752064874810355,14805.793051813254,12091758.501489658,-8.541094640313576e-07,-6.598416976498781e-08,-14.055075187812358,23.76321488044167,102.44211648407442,102.44859125065372,78.28511177722247,66654.29099313122,76877246.43213113,1.0388791569657843,0.38297968324753473,1.4094170919248663,3.334679479191427,0.3785405978782062,1.2338047733806947,3.2958548762708366,0.5302234372606025,5.413880971032199,-2.4125000000000014,0.626875,0.261625,0.80296875,0.32662499999999994,0.8674999999999999,1.2945
6.960425,0.82125,12.6275,10.845,245.62187500000002,0.09621254087573602,-19.695,16.301250000000003,60.6075,-60.6075,2.175683810561255e-07,30.303747438424814,52.48763613879141,30.303752687188283,52.487633108416404,-52.48763613879141,0.0,11623067.974289339,12035946.418374348,0.4042251538547811,0.4096495332766169,1.0821548905949416,1.3826494601598407,1.5866625993987604,3.9240625960119537,8955099.211816464,24.303214767730122,6.339095903105902,0.7315656874400414,-0.020405889389731775,13.293997792988275,1.0824539477763349,716894219.0151994,20.246485013923923,14797.533986232214,12132905.974661399,-9.797750915066456e-07,-7.086863206740108e-08,-13.551631368200843,20.259067497558764,119.89741518487405,119.90434126182627,92.85551071354564,69244.38094303549,78560294.51549757,1.200520187975107,0.37951370582982435,1.362261079153769,3.321300004658556,0.374419172401689,1.1818726683021266,3.2843603301538034,0.5723561639927104,5.3755084925691685,-5.487500000000001,0.689125,0.583375,0.91703125,0.7133749999999999,1.3215,1.1585
8.719175,0.8402499999999999,10.6475,13.235,240.690625,0.09722365913355449,-20.455,10.89375,59.5075,-59.5075,2.136196087232997e-07,29.7537474849163,51.53500816778666,29.753752638416973,51.535005192411646,-51.53500816778666,0.0,11089007.351463139,14096024.016110212,0.4065581588276805,0.4116047021475533,1.10703793756084,1.4138015606834453,1.6145791691693057,3.9332107189713765,8641392.097112779,24.036649578042915,6.737354666399133,0.33693038071424397,-0.02322071293759417,15.817384822960042,0.4818591983290564,581209155.6864808,26.915256059011604,16798.442017534475,14192982.909798615,-8.678751288452952e-07,-4.899551690833672e-08,-15.71796873019818,26.928898967192623,125.06057399930002,125.06686329185712,87.65459482932783,67854.1898066583,77675309.15153785,1.126665038986268,0.38131287486575105,1.3872179791118422,3.328238215628982,0.3765786070930551,1.2092577418879962,3.290295350184711,0.5598664551907642,5.395111372476624,-13.6375,0.20987499999999998,0.589375,0.81421875,0.43162500000000004,1.4125,1.1165
7.747925,0.83925,13.6525,9.805,237.053125,0.09801294195111049,-23.595,12.48625,53.3575,-53.3575,1.915423815897738e-07,26.678747744845968,46.2089517844419,26.67875236574102,46.2089491165669,-46.2089517844419,0.0,11804884.620783562,15328678.00352091,0.40831363493788203,0.41309383531990373,1.1260611498183482,1.4375445430593616,1.635704822567494,3.9404681850440335,9071978.83550267,21.193796013632316,7.830616490128644,0.6630501345045897,-0.015086602514842472,13.760352845281496,1.1108337147507548,770479603.7301068,21.29921943171937,18031.9648021375,15425651.010375673,-9.017824297477899e-07,-6.049686204556663e-08,-17.756392659325712,21.309191619494538,116.37670459559911,116.38337609228684,90.01245112143536,66828.72562241046,76994734.54426372,1.0522385084909276,0.3827451809400575,1.406156724769218,3.3337280990814575,0.37826345440988174,1.2301853943707992,3.295031668050646,0.5351386430562806,5.41126478869329,-1.0874999999999986,0.304375,0.689875,0.84390625,0.244375,1.1905000000000001,1.2755
6.890425,0.76125,12.7225,9.035,247.609375,0.09582290899909501,-18.365000000000002,14.061250000000001,59.4825,-59.4825,2.1352986389755368e-07,29.741247485972924,51.513357532082004,29.741252637308534,51.513354557956994,-51.513357532082004,0.0,10867792.243581166,10810389.67301499,0.40331862524028034,0.4088997822755743,1.0723896935158355,1.3704227546555083,1.5756224913823769,3.92056401840293,8651347.110476615,23.284011415366905,6.1365744788282,0.7712024380659415,-0.020342668076502087,13.155764416612497,1.1243639321981582,752461441.6571884,20.007560139399473,13618.619500326075,10907354.546096243,-9.598503782281694e-07,-6.897454073727583e-08,-12.947389290405598,20.0209038713262,111.19502811066525,111.20211283032698,86.4971520896587,69804.68611587188,78907217.05917922,1.2238914939395684,0.37879230292935306,1.3524027458733678,3.31862085433295,0.3735486493607081,1.1711361937098776,3.2820836275219913,0.572545290241889,5.367707889862867,-0.4875000000000007,0.458125,0.531625,0.83078125,1.261125,1.1985000000000001,1.3705
12.017925,0.73675,12.4875,13.475,243.765625,0.09658382808983276,-19.905,19.03125,42.0825,-42.0825,1.5106746517830965e-07,21.041248221383697,36.44451508164319,21.0412518658351,36.44451297751819,-36.44451508164319,0.0,12513912.832972394,17225044.27537334,0.40537537898535025,0.4106607964235328,1.0914336627826497,1.3942895601975789,1.5971493787684283,3.927504446867209,9332015.204821913,14.120514206842165,13.562257905335155,0.29833855539056364,-0.010863661599449955,15.353088471396338,0.403482817408825,810947320.461123,38.125696824924276,20055.461039219575,17322079.80336855,-6.464600532721537e-07,-3.968055220790357e-08,-13.818913612686186,38.13615482495582,91.5267841664937,91.52786048304941,61.020415353279944,68721.07705519767,78232197.35049121,1.1723727842175702,0.38019403853197353,1.3715907478231253,3.323869697065605,0.3752362343111248,1.1920580338612328,3.286549011173998,0.5676012477923285,5.382916820551175,-16.7375,0.191125,0.41537500000000005,0.8479687499999999,0.622375,1.1835,1.3305
6.899175,1.04175,14.1475,9.004999999999999,240.784375,0.09720370609329697,-22.315,17.893749999999997,48.5075,-48.5075,1.7413188539504197e-07,24.253747949831155,42.00872845773913,24.253752150703882,42.00872603236412,-42.00872845773913,0.0,12046181.840201223,13262708.905072138,0.406520702092172,0.4115744816693687,1.1065577866297842,1.4131999670722586,1.6140445642551042,3.9330328715327187,9206599.890217945,18.020532721168344,6.473321645580864,0.5337153387566977,-0.011424129384225747,12.445009612029642,0.904313530212484,713145021.3479288,22.615280018214893,16086.770506611074,13359706.599175913,-8.528102606557934e-07,-6.849750742801186e-08,-15.08985624989153,22.627236644124505,98.65022029280809,98.65247140882387,77.25240717972082,67880.61929594303,77692502.54985544,1.1280419739832492,0.3812791363982615,1.3867385933083918,3.3281031412037843,0.3765380989165086,1.2087273828179168,3.290179021231486,0.5601033877960605,5.394744311648891,-14.9125,0.19937500000000002,0.408625,0.86578125,1.318875,0.9764999999999999,0.7855
9.567925,0.75925,12.8025,7.755,245.265625,0.09628309406791562,-19.485,15.98625,58.457499999999996,-58.457499999999996,2.0985032604196602e-07,29.228747529294534,50.6256814681912,29.228752591862538,50.6256785453162,-50.6256814681912,0.0,12425376.530576417,17015830.366275195,0.4044183445677895,0.4098153850964747,1.0839250111084413,1.3848651272302615,1.5886620165975185,3.924705141404919,9283334.39131248,22.95222498458945,5.250213239111808,0.5638746837555954,-0.020264154515985698,16.905574821256522,0.8929608224205638,623609054.0713836,21.61593965701346,19673.701527992966,17112796.923030026,-8.08255123929465e-07,-5.130954089828878e-08,-14.300374755353065,21.628340610249253,129.52816879991877,129.5345556789331,93.74028344257532,69143.94888375347,78497857.64121503,1.195076855698196,0.37964208459407417,1.364043282713112,3.3217869396046042,0.3745740166881661,1.1838148873864167,3.284774199662909,0.5713731196444629,5.37689595851836,-8.6375,0.26387499999999997,0.650125,0.96984375,0.708125,0.8704999999999999,1.4465
9.034175000000001,0.90475,11.9025,7.025,235.984375,0.09824450242316138,-22.735,9.756250000000001,52.2825,-52.2825,1.8768335408269407e-07,26.14124779028083,45.2779744491418,26.14125231807815,45.27797183501679,-45.2779744491418,0.0,10984258.645531666,14649638.257018665,0.40890310322464984,0.41360699462078976,1.1317537570394562,1.4446577864311019,1.6420009592130662,3.942683599183918,8639997.253787108,20.462615466700036,7.308527830039216,0.2986438046100929,-0.019867868356609333,16.727629496573154,0.572014530333103,641606932.9813433,26.734137081647784,17379.85072410623,14746615.86406815,-7.506393861938723e-07,-4.547914667166232e-08,-18.01941601972981,26.745453722918754,110.70375099985016,110.7099508786859,79.69283760989174,66527.42944456448,76790952.47513679,1.029224627874164,0.3831500971755457,1.4117938766221072,3.3353755312046705,0.37874193011287766,1.2364480360372097,3.296458129915633,0.5266934230288794,5.4157826593672915,-11.1375,0.420625,0.178375,0.84171875,0.8428749999999999,0.9155,1.3435000000000001
12.175425,0.85775,13.7975,9.715,245.73437500000003,0.09619026717084936,-16.075,15.95125,50.2575,-50.2575,1.804140231972648e-07,25.128747875867425,43.52427295706487,25.1287522282946,43.52427044418987,-43.52427295706487,0.0,12822313.607953524,20882665.841583163,0.40432237683815064,0.4097579623731775,1.0816002867814374,1.3819770236680322,1.5860563078411256,3.923897237369477,9526660.658608185,18.135269569866974,6.1060514644760175,0.4692228811857024,-0.011443759535946037,17.261603885999143,0.7275864906785032,676491579.5094185,23.305815064441013,23546.59033132745,20979670.626772925,-6.522328285581394e-07,-3.770824248177478e-08,-11.625084878964893,23.31905657167372,114.86533519315705,114.87115743666656,75.30626562130387,69276.09633017717,78580021.24907191,1.2022392425262851,0.3794732298460784,1.3616990484151754,3.3211467186214456,0.3743703213751265,1.1812604865451986,3.284230107328232,0.5726406779508693,5.375071567184853,-11.1625,0.257125,0.563125,0.91609375,1.184125,1.2955,0.7525
7.275425,0.9277500000000001,11.0525,9.395,239.99687500000002,0.0973695081424458,-16.695,9.686250000000001,46.8075,-46.8075,1.6802923724431124e-07,23.40374802168163,40.53648522982269,23.40375207533004,40.53648288944768,-40.53648522982269,0.0,8975618.601840062,7516794.544037886,0.40717271555663975,0.4121731379958475,1.1106055612186883,1.418323704112427,1.6185897415785844,3.93468005985988,7799806.860725078,15.752762318304528,14.780957843512848,0.3278717856291818,-0.018153936241873482,12.868721265202877,0.42859655637545163,868903972.6046586,36.36177684042968,10525.281561876893,7613809.791910423,-7.223962628504013e-07,-5.348979363790097e-08,-12.175990032023973,36.35509335482903,73.02232282673961,73.02529126434628,51.62836688800564,67658.61158595124,77547609.44991443,1.1165082562209943,0.38162905770143724,1.3907756708068408,3.3292939313795182,0.37694220954828705,1.2132050434417379,3.2912137356929625,0.558107108254787,5.398846000579424,-0.7624999999999993,0.245125,0.306625,0.86703125,0.993375,1.3515000000000001,1.4885
7.957925,0.81225,13.5125,8.475,245.171875,0.09630185950286006,-22.535,10.526250000000001,58.2325,-58.2325,2.0904262261025167e-07,29.116247538804156,50.43082574684933,29.11625258188659,50.43082283522432,-50.43082574684933,0.0,11551179.20632835,15337902.70620404,0.4044264133765245,0.4098155553356549,1.0843905376207303,1.3854419432629648,1.5891817756712916,3.9248638184413744,8961699.602359332,23.57459448487722,5.619700552526809,0.6976554288662402,-0.019170935933504885,14.463743029912978,1.1051760750656237,713259851.0949535,19.83724471412507,18014.76914267678,15434860.905284036,-9.499117885940292e-07,-6.015230998723996e-08,-17.44265584506633,19.84874930886041,129.5481173304099,129.5551016471542,101.5851824365716,69117.51939446873,78481285.06957184,1.193649644722866,0.37967582448939596,1.3645126905616893,3.3219153505449515,0.37461471629417603,1.1843269103651415,3.284883424490809,0.5711372861893667,5.377260397230785,-17.7375,0.200125,0.12362500000000001,0.89921875,0.27237500000000003,1.3635,1.1675
8.491675,0.75825,14.2425,11.595,236.15312500000002,0.0982077686603853,-20.045,18.66375,60.5075,-60.5075,2.1720940175314133e-07,30.253747442651314,52.40103359597279,30.253752682754527,52.40103057059778,-52.40103359597279,0.0,13356678.73011098,17158783.85368704,0.4087038832053059,0.4134182413561206,1.1308500857921961,1.4435126464217012,1.6409874208335855,3.942301632455338,9734866.584449477,25.033441295606696,7.081292139258334,0.9353510062803948,-0.016293547479984724,14.012049931873996,1.416876397136117,909859806.6245613,18.40226901634657,19782.53818191053,17255744.006778784,-9.705637085683904e-07,-6.702341569618146e-08,-13.736129734250342,18.41064248115592,137.85266585764313,137.85937316906526,107.02734744566585,66575.00252527703,76823351.3492864,1.0328393076071722,0.38308620410924615,1.4109020217381956,3.335114099097352,0.37866645233192625,1.2354557308006495,3.296231458060728,0.5280164506112389,5.415069566970912,-18.5625,0.6291249999999999,0.41237500000000005,0.82734375,1.4396250000000002,0.9815,1.4405000000000001
10.670425,0.79525,11.2925,8.175,236.50937500000003,0.09813094572146731,-16.205,9.40625,42.0575,-42.0575,1.5097772035256357e-07,21.028748222440317,36.42286444593853,21.02875186472666,36.42286234306353,-36.42286444593853,0.0,9752230.021899356,12541401.655523993,0.4091553112148363,0.41390426554018356,1.1289634272110056,1.4412470546035268,1.6389914891415203,3.941730214084543,8137314.190560129,11.192882791968945,26.193852937035423,0.3832358129305162,-0.02867365373374107,16.720779751139307,0.509289855984624,1236743822.3381057,49.16436680974404,15487.686663016315,12638442.092923649,-5.194208015849345e-07,-3.190911266263967e-08,-12.58272703708012,49.80567843462753,78.2002830343732,78.20203495796368,47.92235490877158,66675.43458455901,76891596.78081033,1.0404929216390397,0.3829512653472349,1.4090214145449185,3.334563805236815,0.37850702000597397,1.2333651462350115,3.2957547076745706,0.530812374003036,5.413563907422837,-12.3125,0.47762499999999997,0.152125,0.94515625,1.072125,1.4025,0.7064999999999999
12.962925,0.85025,11.692499999999999,10.925,248.11562500000002,0.0957255584534727,-23.295,8.286249999999999,61.1575,-61.1575,2.1954276722253837e-07,30.57874741517907,52.96395012429378,30.578752711573934,52.963947066418775,-52.96395012429378,0.0,14025452.801308831,31647709.173645575,0.4030691089979702,0.40869038332652935,1.0699307926646808,1.3673350633572807,1.5728322429420707,3.919681574041844,9928985.658229195,24.903776568744416,5.2874829045492655,0.41334380311287244,-0.025284639939656454,23.595222068234637,0.5618208661678515,570577442.8119363,27.046906317986718,33901.65864952508,31744656.123114027,-8.333133806865655e-07,-3.248033849646027e-08,-19.40380550714541,27.059496267243183,182.5926246469288,182.60007534000553,128.10359847554787,69947.40535800948,78993817.40396056,1.2290077168210927,0.3786169286222615,1.3499184713227823,3.3179567325065737,0.37333448981073236,1.1684322604079342,3.281520427846367,0.5720340493877283,5.3658510495804475,-9.4875,0.140875,0.251875,0.92390625,1.357375,1.3735,0.7294999999999999
8.465425,0.78425,12.1875,13.345,239.509375,0.09747449684960321,-17.235,10.998750000000001,59.207499999999996,-59.207499999999996,2.125426708143472e-07,29.603747497595794,51.27520053933081,29.603752625115703,51.275197578955805,-51.27520053933081,0.0,11010258.508224724,13549983.857241705,0.4071653333506946,0.41212568422556894,1.11313678238837,1.421442024969852,1.6213718754040947,3.9355597781514406,8689318.701066274,23.722088582996427,5.764762401168366,0.583892371428267,-0.018103276461800783,14.134348161673097,0.855768824967335,655654709.6868758,21.628420475193632,16284.281428217246,13646950.675290767,-9.014065797112123e-07,-5.164256895612355e-08,-12.92760779044876,21.639665530967864,119.30314423767128,119.30944845457267,86.490622749676,67521.1782416706,77456871.82263376,1.1061647526059368,0.38181285451503194,1.3933047983422309,3.3300163390117388,0.37716032277043665,1.2159893806113153,3.291834102041019,0.554662427617873,5.400883082141931,-9.5625,0.624625,0.656875,0.82515625,1.383625,0.9315,1.2654999999999998
8.579175,1.01125,12.9925,10.365,245.509375,0.09623485318496922,-16.145,18.033749999999998,51.682500000000005,-51.682500000000005,1.8552947826478912e-07,25.84124781563982,44.758359192230124,25.841252291475616,44.75835660810512,-44.758359192230124,0.0,11519859.627062859,11850464.473469473,0.4043819836589503,0.40979943968458354,1.0827154138932567,1.3833658355589382,1.5873100061684804,3.9242943972442723,8929792.027360875,18.669103415546985,6.633987985500076,0.4894649693060852,-0.013134486735490529,13.471129933348475,0.7663682820784775,687075730.6016123,23.362700496238055,14721.251520591846,11947464.230573365,-8.028967077198016e-07,-5.88892884629278e-08,-10.393004543387535,23.376608720562608,95.25652515189883,95.26262487321111,69.28512588772729,69212.66555589381,78540545.89521615,1.198802704339627,0.37955419522835976,1.3628234586095123,3.3214535045157416,0.37446802945505153,1.1824853921770762,3.2844907654175732,0.5720716528052303,5.375945689269711,-4.0625,0.502375,0.204625,0.98109375,0.552375,1.1105,0.7494999999999999
13.409175000000001,0.75275,11.2525,12.285,244.215625,0.09649386444743903,-22.005,13.51875,59.807500000000005,-59.807500000000005,2.146965466322522e-07,29.903747472236805,51.7948157962425,29.90375265171824,51.794812805867494,-51.7948157962425,0.0,14613677.71669204,32254427.904856812,0.4048775079361694,0.41019245564053386,1.0891634189633423,1.3914114720061315,1.5945545095157603,3.9265916605982953,10155201.693912286,23.814965944943065,6.394086555645387,0.4716845488592873,-0.023138913491050746,23.90554300454991,0.6176045141102726,613294389.4864595,29.705173510067986,34511.17767594301,32351383.746268295,-7.968475780987134e-07,-3.193636136643842e-08,-17.56251863745011,29.71829200262221,177.1977563679032,177.2050204914654,120.97152809969543,68847.93860376441,78312152.24964128,1.1791552362783766,0.3800198455263288,1.3693123812423738,3.3232327377052346,0.37502949642742855,1.1895708962000453,3.2860055358212255,0.5687208970272309,5.3809799345138085,-19.9375,0.630625,0.677125,0.98328125,0.9828749999999999,0.8454999999999999,1.3095
8.605425,0.87375,10.5975,12.855,235.009375,0.09846084313643973,-21.245,9.563749999999999,49.5325,-49.5325,1.7781142325062964e-07,24.76624790650954,42.89640452162992,24.766252196149875,42.89640204500491,-42.89640452162992,0.0,10248557.079721514,12148995.974936236,0.4094521933359208,0.41408708058703847,1.1369829854780034,1.4511985935571883,1.6477710349778592,3.9447415216842696,8299481.111891,18.242429877284295,12.750089271933568,0.2644839236523021,-0.01818537291749816,14.739324948725452,0.403903254794984,755952850.7442863,35.935717221808886,14975.722628048054,12245987.773321168,-7.487860974369944e-07,-4.470847884616236e-08,-16.412418162275536,35.94424060226662,96.43802703132897,96.43957943667633,65.61164127579548,66252.56275600322,76602546.48187649,1.0084740490041777,0.38351907714621536,1.4169601537700454,3.336895914112663,0.3791776183628505,1.242207144503022,3.2977786443372343,0.5190659147986326,5.419903372633472,-0.0625,0.132625,0.503875,0.76546875,0.550625,0.7074999999999999,1.0105
12.315425000000001,0.78125,14.3375,8.754999999999999,247.00937500000003,0.09594062495743119,-19.575,20.01125,48.1825,-48.1825,1.7296520266034345e-07,24.091247963567273,41.72727019357863,24.091252136294177,41.72726778445362,-41.72727019357863,0.0,13930898.922297295,22688624.36692825,0.40370108255747017,0.4092364739927724,1.0753235115234248,1.3741126464938842,1.5789585256783174,3.9216351127327225,10006002.1739965,17.288787295545376,5.85100914982809,0.39052101952097107,-0.01047512488314295,17.210377462081354,0.7241327910590866,638744710.4966075,23.974276065057513,25316.3620094059,22785631.460930727,-6.560042381168442e-07,-4.208084046642738e-08,-13.83028638306768,23.98832282109141,117.41280739227086,117.41368349448986,80.02875451928922,69635.53738444959,78801963.9725401,1.2178220551605312,0.3790123699388012,1.355366669659234,3.3194246949730934,0.3738138932867452,1.174360472547052,3.2827663445673525,0.5731592382738697,5.370094477473149,-6.487499999999999,0.398875,0.6553749999999999,0.8239062500000001,0.47187499999999993,0.7424999999999999,0.9365
7.642925,0.9717500000000001,11.4425,10.805,238.271875,0.09774301147145177,-16.025,14.901250000000001,46.4075,-46.4075,1.665933200323746e-07,23.203748038587626,40.19007505854824,23.20375205759502,40.19007273817323,-40.19007505854824,0.0,9899931.259786613,8264927.597616521,0.40798513182957835,0.4128582936698902,1.1196264827977143,1.429561803543366,1.6286169731152813,3.938086583503704,8195003.687434411,15.615142094418125,13.646189559219861,0.343723561385593,-0.014837404066175463,12.630338264917906,0.47990385475316294,842774864.4667938,34.801687611811516,11269.37394759399,8361949.306306922,-7.484528032871847e-07,-5.64849688203025e-08,-10.494917738811246,34.80123267960525,74.17208126709644,74.17468677008436,52.61545096091538,67172.30898311209,77225546.19029106,1.0788155933166141,0.3822828103674586,1.399761666796465,3.331873493871792,0.37771663955895396,1.2231073995578217,3.2934311797577656,0.5448439492343918,5.406112619689852,-10.387500000000001,0.641125,0.26387499999999997,0.80671875,0.9041250000000001,0.7645,1.4355
12.429175,0.89075,10.7825,8.525,238.440625,0.09770606612302593,-16.465,13.186250000000001,43.5825,-43.5825,1.5645215472307206e-07,21.791248157986214,37.7435532239224,21.79125193234143,37.74355104479739,-37.7435532239224,0.0,11247463.69309278,18528311.71606625,0.40807199734863375,0.41295933924422945,1.1187425506811093,1.4284796180908208,1.6276543161088042,3.9377736833806907,8753098.946640141,10.346060449532,30.53263786534781,0.5130594035606468,-0.04138968895808627,20.937260859303404,0.6157905171368553,1321431344.8697298,58.42037997886134,21314.000834287064,18625345.431053672,-5.413217159393136e-07,-2.7259226685905657e-08,-12.564535058996213,59.166587548561544,95.92881380312103,95.93269947842498,57.46073106964771,67219.88206382461,77257271.34983616,1.082523603290181,0.3822187578490716,1.398878998873791,3.3316187143154807,0.3776408476465708,1.2221327001601308,3.2932117549259905,0.5461804002436679,5.405399458108502,-17.2125,0.654625,0.542875,0.79421875,0.265375,1.2065000000000001,1.0165
13.496675,1.0542500000000001,12.1125,7.875,242.69687499999998,0.09680310078735753,-16.555,7.32375,52.1325,-52.1325,1.8714488512821782e-07,26.066247796620576,45.14807063491388,26.066252311427515,45.148068028288876,-45.14807063491388,0.0,12174532.00319855,26414427.278133236,0.405698326399571,0.4108984503515538,1.0968159682533072,1.401002916818046,1.6031621308371322,3.9294267301088004,9190714.982787333,19.048659847954486,7.827509170583915,0.5183675055195599,-0.01705845250803311,22.69319428003845,0.6934603394628513,725253911.7446345,28.962305520412542,28904.66166811992,26511418.891837448,-6.600083133984276e-07,-2.656120169602776e-08,-13.664098124173103,28.976534193610135,133.6945596442952,133.70079701213578,87.80795886009471,68419.78087735167,78040595.11179209,1.156357065871652,0.3805786197383915,1.376992426784637,3.3253666355523097,0.37569919635684873,1.197986880587708,3.2878291598546108,0.5649000883693328,5.387084476572479,-11.5625,0.644125,0.296875,0.80078125,1.033625,1.4925000000000002,1.2915
9.357925,0.78825,11.942499999999999,11.915,249.803125,0.09540684727322095,-17.255,12.90625,58.1075,-58.1075,2.0859389848152147e-07,29.05374754408728,50.32257256832606,29.053752576344397,50.322569662951054,-50.32257256832606,0.0,11376042.53208296,14513235.122286145,0.40236439329554374,0.4081227358689048,1.0617888395442519,1.3571519173660753,1.56359255886875,3.9168408386415114,8825078.153444732,22.11781599650521,5.736823729319038,0.45080912788800337,-0.0189234368704976,15.502004600296852,0.635166314314638,615242976.9635751,23.397052783786386,17250.6931226088,14610206.317861183,-8.520781359806155e-07,-4.849930807300645e-08,-12.772954372525392,23.41223392366061,118.0671608002868,118.07337966966523,83.27858195964114,70423.13616513474,79279958.73702624,1.2461820272434205,0.3780201298103146,1.3416686475076116,3.3157577943783667,0.37260819235300435,1.1594909995392146,3.2796610046341317,0.5703623119544048,5.359489165971472,-7.612500000000001,0.108625,0.446875,0.78390625,0.571625,1.4855,1.3445
11.309175,0.7727499999999999,12.0275,12.725,238.759375,0.097636561423785,-19.645,12.41625,57.0075,-57.0075,2.0464512614869568e-07,28.503747590578765,49.36994459732131,28.503752527573088,49.3699417469463,-49.36994459732131,0.0,12383055.45235229,20063241.6834498,0.4075272704106945,0.41243245323607414,1.1170606689505147,1.4263292049490055,1.6257341307962845,3.9370404239857133,9220656.306230476,22.51736745319366,5.76221415886331,0.36929188173641825,-0.018009633470063267,17.593529552297372,0.5706510771144683,573158691.9711764,24.862760990563746,22644.03304093621,20160210.996343844,-8.287953308843197e-07,-4.0964898984685625e-08,-15.189806125686331,24.874346175576857,135.06836319981582,135.07466972298192,94.06497851138201,67309.74232739273,77317044.05871458,1.0895460630051885,0.38209774973695854,1.3972136484245659,3.3311388007770546,0.377497631897269,1.2202950953134672,3.29279871095529,0.5487069327035368,5.404052525698259,-11.0375,0.293875,0.419875,0.96828125,0.6626249999999999,1.4885,1.0135
11.772925,0.83025,10.8525,9.635,235.759375,0.09829387285295828,-21.125,16.07375,55.307500000000005,-55.307500000000005,1.9854247799796497e-07,27.653747662429247,47.89770136940488,27.65375245219925,47.89769860402987,-47.89770136940488,0.0,13189008.215374114,22947787.52474854,0.408982462468883,0.4136696211473055,1.1329565228113048,1.4461541491246954,1.6433218112556964,3.9431392950026694,9521894.64049461,21.145365093491797,8.96415663067506,0.41571992267801494,-0.022920187394570836,22.141632541801545,0.5381874592344739,685169646.4141372,32.815580406906825,25464.457941266388,23044760.988494303,-7.310955007018082e-07,-3.533775286173585e-08,-16.197948825098745,32.828785417598986,138.17594593159373,138.18225121950027,93.93111706441282,66463.9986702811,76747622.21258056,1.0244156430392384,0.3832352846240409,1.4129840957002433,3.3357249028428355,0.3788425460868856,1.237773185197007,3.2967612308700556,0.5249307691616298,5.4167336601100775,-11.8875,0.32537499999999997,0.395875,0.93421875,1.129875,0.9795,1.2365
7.844175,1.06525,10.5175,10.705,244.965625,0.0963429284217191,-20.415,18.57625,54.7575,-54.7575,1.9656809183155205e-07,27.378747685674988,47.4213873839025,27.37875242781359,47.42138464602749,-47.4213873839025,0.0,11228417.344163325,10717202.801880188,0.4046184380292893,0.40999330504299414,1.085419530581512,1.386744142501026,1.5903561930241283,3.9252683620971927,8682011.42927806,19.93507104786528,9.41895068931121,0.29730975344860194,-0.022331778738852018,14.987744205712461,0.41829958243143534,646323277.8519098,32.070315479745034,13558.63112433198,10814181.001327634,-8.351788548701764e-07,-6.070347264435835e-08,-13.704011273393316,32.08715602103203,100.53903952190373,100.54527469147683,72.65555228226012,69059.3745180423,78445024.63850224,1.1905132892319026,0.379750035970087,1.365546075947992,3.3221983061065403,0.374704224490589,1.1854546358341271,3.285124196544717,0.5706160832748604,5.378062289732002,-12.0125,0.5938749999999999,0.630625,0.76296875,1.136875,1.2595,1.2075
8.307925000000001,0.77325,12.0125,7.795,247.328125,0.09587855588206841,-18.165,10.38625,57.6325,-57.6325,2.068887467923467e-07,28.81624756416315,49.911210489937645,28.81625255528406,49.91120760831264,-49.911210489937645,0.0,10634379.715017315,12663972.474826902,0.4035072502822736,0.40906739515985147,1.0737671713911434,1.3721544505107184,1.5771930547539967,3.9210745643522866,8524825.222664526,22.251879495014208,5.955481620010163,0.48970126538786923,-0.02185384711543412,15.650959512214076,0.7475034446405702,638103343.6982123,22.73929579341055,15438.855295505711,12760942.069467504,-8.04300000078726e-07,-5.025851279954796e-08,-13.963776127117868,22.753620220824924,112.68131370021929,112.68771250843233,81.45959224166843,69725.3976480177,78856962.83842316,1.2210314638232815,0.3789019526839633,1.3537973753437205,3.3190033162705723,0.37367915584456607,1.172648647407463,3.282408323102572,0.5728259387695469,5.368924079248414,-14.762500000000001,0.500125,0.302875,0.79234375,0.11837500000000001,1.4915,0.7464999999999999
6.811675,1.07475,13.7125,12.105,242.771875,0.09678757760733173,-21.765,18.471249999999998,55.182500000000005,-55.182500000000005,1.9809375386923477e-07,27.59124766771237,47.78944819088161,27.591252446657055,47.789445431756604,-47.78944819088161,0.0,12556973.166052278,14023696.013930846,0.40555014993193744,0.4107544053056558,1.0964344782768027,1.4005099483904395,1.6027204340001682,3.929263434383921,9401418.133900028,21.55081033963354,7.28245683785999,0.751009101572387,-0.014338337561815248,12.563835745889465,1.161894987322215,781049422.7150841,20.607302835596794,16769.2000313536,14120669.585548772,-9.531834862771606e-07,-7.30213250401264e-08,-14.535289222212858,20.619041943957992,116.8540227884517,116.86075602957922,91.43079459167284,68440.92446877947,78054120.54792799,1.1574765129288884,0.3805516360365785,1.3766124502360895,3.325260994928746,0.3756667287751481,1.197569172751688,3.2877386958081227,0.5650896435167436,5.386791858432851,-5.4375,0.644875,0.367375,0.86171875,0.12887500000000002,0.8325,1.2565
9.279175,0.9792500000000001,12.307500000000001,9.645,240.01562500000003,0.09736814037024374,-20.015,19.24125,44.932500000000005,-44.932500000000005,1.6129837531335823e-07,22.466248100928482,38.91268755197368,22.46625199219713,38.91268530534868,-38.91268755197368,0.0,11652453.508022588,12595493.946345072,0.407028153698852,0.412026100027806,1.110509780971037,1.4181798220378072,1.6184672183590658,3.93455261496024,8938600.256855661,15.536982337670754,11.344952572299684,0.27185391305024015,-0.012931972748256233,14.394259994711073,0.49096444404402795,743188337.2027695,33.48895831076128,15494.664548409273,12692514.622788182,-7.030806491063727e-07,-5.181412945473885e-08,-13.414031593399727,33.49952401973345,86.10978264041435,86.11147093746254,61.26950462140193,67663.89748380819,77551081.76180102,1.1167820298627664,0.38155574006526294,1.3906757197297308,3.3292149753612197,0.37687010290864187,1.2130880214372943,3.291137517805632,0.5581578935667009,5.397755142337458,-0.01249999999999929,0.111625,0.24887499999999999,0.75546875,1.1963750000000002,1.1415,1.3825
10.705425,0.76925,12.9525,6.405,237.85937500000003,0.09783374890584866,-20.115000000000002,7.81375,44.0325,-44.0325,1.5806756158650076e-07,22.01624813896697,38.13326466660616,22.01625195229333,38.13326246498115,-38.13326466660616,0.0,10557923.368821457,15932344.289573941,0.4081975862882041,0.41304036405865535,1.121800461632415,1.4322700157041313,1.6310253615775696,3.9389030487982835,8540408.095313257,15.903530740101752,9.363544979314963,0.2933989489549782,-0.012257249240622818,16.395489416697984,0.5337098676429763,707829326.9537907,29.559312727735247,18740.88989922753,16029362.831545081,-6.171909873749338e-07,-3.488656859647784e-08,-16.258886651233947,29.56872600105178,92.4025666354928,92.40387349789455,62.583819711859654,67056.01923025922,77147767.09135419,1.069780278327104,0.3824393380512302,1.4019220881820258,3.332498311920704,0.37790181809412154,1.2254954670406888,3.293969768436006,0.5415804031870174,5.407855965551856,-8.8125,0.18362500000000004,0.568375,0.77140625,0.7063749999999999,1.4335,0.9325
10.976675,0.73875,14.1075,6.855,242.884375,0.09676432893257461,-22.615,20.44875,51.207499999999996,-51.207499999999996,1.8382432657561433e-07,25.603747835715687,44.3469971138417,25.603752270415274,44.34699455346669,-44.3469971138417,0.0,13909810.258616023,21372434.364417035,0.4055426257085173,0.4107561735965734,1.0958669799987186,1.3998047200507902,1.6020896895279397,3.929062814891544,9959851.744148336,19.285419396980465,5.3427603233869085,0.4292206975067923,-0.013481890546469354,17.061440622675974,0.7749070308831062,614030316.1664554,22.872533844352038,23974.459846325513,21469421.586456604,-7.33908225142501e-07,-4.986080422551462e-08,-16.186565128356573,22.884582700851695,125.38008025848202,125.38642007996248,90.5567595226502,68472.63985592115,78074388.09526205,1.1591568847374711,0.3805111521344922,1.3760427714018617,3.325102703220443,0.37561801484598967,1.1969430995022154,3.287603176799783,0.5653739769551295,5.386352853987082,-12.0375,0.414625,0.227125,0.85546875,0.356375,1.3425,0.9415
7.660425,0.9802500000000001,12.2625,11.975,235.853125,0.09827327889257208,-22.235,11.01625,42.8325,-42.8325,1.5375980995069084e-07,21.416248189684953,37.0940341527828,21.416251899088266,37.094032011157786,-37.0940341527828,0.0,10399862.303209519,11714930.781791858,0.4091068854056662,0.4138034440759389,1.1324585084654155,1.4455583466617985,1.6427984247828906,3.942997218776261,8447730.009179266,15.864892608409738,12.237965411318878,0.2556854775878951,-0.012097121216760088,12.741230931910001,0.48371271622416484,804792919.0889596,33.81752318286575,14628.758541250996,11811951.42742027,-7.378681470022586e-07,-4.913572077585348e-08,-16.61284085986973,33.82399545985311,82.81525778526616,82.81717671042121,59.71086174422689,66490.42815956584,76765671.23932807,1.0264179308875074,0.38319978800950855,1.412488012909626,3.335579216928072,0.37880062329661773,1.237220740466095,3.2966348137333736,0.5256650326768789,5.416337349216697,-9.837499999999999,0.220375,0.358375,0.79046875,1.437875,0.8775,0.8135
11.204175,0.9197500000000001,14.217500000000001,9.985,248.340625,0.0956824576024713,-18.634999999999998,7.23625,55.7825,-55.7825,2.0024762968713971e-07,27.891247642353374,48.309063447793285,27.891252473259584,48.30906065866828,-48.309063447793285,0.0,12167696.59102489,22177369.02951251,0.4030201644901329,0.40866050928992403,1.0688417913232946,1.3659783680932758,1.571605383157183,3.9193130509619323,9285743.066804718,21.485557950815426,5.362973713056699,0.6702337628011042,-0.014628034616811256,16.91319009248977,1.0223446409088148,695612952.64575,19.952724753648557,24731.37437611771,22274342.347982056,-7.674525920439346e-07,-3.810061786534049e-08,-15.200260790317623,19.964461694965685,137.11793876223544,137.12438733193878,95.4787507909508,70010.83613229285,79032228.83250506,1.2312859438694328,0.3785389754829531,1.3488162669342096,3.3176627538312418,0.37323925930000945,1.1672339460076737,3.2812713619185865,0.571808030781576,5.36502616542141,-14.8625,0.21437499999999998,0.12512500000000001,0.9182812499999999,0.886625,0.9235,0.9135
8.132925,0.86975,13.1625,6.875,242.49062500000002,0.09684571762951656,-22.015,14.25375,58.8825,-58.8825,2.1137598807964871e-07,29.441247511331916,50.99374227517032,29.441252610706,50.99373933104531,-50.99374227517032,0.0,12031776.516981836,15278801.565909464,0.40567692521066573,0.41085950994801124,1.097857560326761,1.4022915755063052,1.6043133750305814,3.929784167960655,9135778.8402824,23.839100347366827,6.196551009705107,0.6790062077247528,-0.020984253220615486,15.375248081855375,1.0267231597965105,700189250.530404,20.335254204518105,17955.18933673869,15375760.527131563,-8.864421664365612e-07,-6.057387776845049e-08,-16.429279220538476,20.346291300990963,128.48365342250347,128.49042875242586,98.53424116653139,68361.63600092527,78003481.5125886,1.1532820973874447,0.380652837993845,1.3780379660641915,3.3256576000763385,0.3757884816205467,1.199136800643355,3.288078432480376,0.5643788133248442,5.38788958758719,-11.3375,0.44837499999999997,0.278125,0.9354687500000001,0.870875,1.3995,1.0655000000000001
9.594175,0.73725,13.3875,11.925,240.390625,0.09728794598213801,-21.505,10.59625,49.9825,-49.9825,1.7942683011405836e-07,24.9912478874903,43.28611596431369,24.991252216101774,43.28611346518868,-43.28611596431369,0.0,11624493.54330014,16863396.029272422,0.40672562872351337,0.41174984362767414,1.1085780313926379,1.415737012277046,1.616298341046654,3.9337913662826614,9002479.90192379,19.14789592193784,6.074876183411313,0.38542413169129264,-0.012348722727679813,14.504891514874602,0.6891112058062988,659655635.6525686,23.693804316249174,19578.628954999916,16960385.883791283,-8.096688551220952e-07,-4.701653868771423e-08,-16.649463881510435,23.705751515022015,112.1542705381799,112.1604830821339,81.78590764673103,67769.61544094713,77619991.10354167,1.1222660415870298,0.3814208182119313,1.3887534098249945,3.3286714060424782,0.37670818992065996,1.2109575866328592,3.2906686481432046,0.5591081541827788,5.396286033891709,-2.7624999999999993,0.166375,0.341125,0.90109375,0.778125,1.1285,0.9555
10.320425,0.94025,13.6625,13.695,238.196875,0.09775946435641203,-18.485,9.126249999999999,53.332499999999996,-53.332499999999996,1.9145263676402776e-07,26.66624774590259,46.18730114873725,26.666252364632577,46.18729848211224,-46.18730114873725,0.0,11652859.804876788,18141077.39483619,0.40780945905326943,0.41267364965791214,1.1200168147326357,1.4300149654519907,1.6290172488868897,3.938167568825324,9030890.935437018,20.771488336030462,6.28997013102997,0.6126060313382282,-0.012343361463271795,14.63111440034558,0.9961447794465922,664523595.8089848,21.43320246370487,20804.46439110638,18238060.733430687,-8.359898558769965e-07,-4.374937434570163e-08,-14.490777091073035,21.443605972870373,121.28135514689804,121.28754208987864,86.93903024553762,67151.16539168428,77211428.48050721,1.0771697581932111,0.3823112725853838,1.4001541558367103,3.331986876861401,0.37775031702551715,1.2235410378895681,3.2935288733980737,0.5442502235850077,5.406429558533662,-17.2625,0.213625,0.504625,0.76390625,0.5121249999999999,1.3915,1.2665
9.532925,0.94525,12.5175,10.205,245.359375,0.09626442786356995,-21.495,10.22875,53.7575,-53.7575,1.9297829880171046e-07,26.878747727939974,46.55536195571636,26.87875238347604,46.55535926784135,-46.55536195571636,0.0,11437972.615524534,16067826.31433929,0.40440442123417975,0.4098092810299386,1.0834596238563305,1.3842878906485994,1.5881417115678773,3.924545709235164,8864805.934015436,20.67597490396947,5.852453508127834,0.3829133379677806,-0.017110108984850016,15.744101951567547,0.6461579651617662,597480003.3104858,24.169166929615923,18771.828743222784,16164801.642686114,-8.26394533136595e-07,-4.7051413254002726e-08,-16.82528277897826,24.18302173642667,118.30674586742249,118.31310383914196,86.03308864816037,69170.37837303821,78514355.97455664,1.1965052717644042,0.3796083414676612,1.3635741287004373,3.3216586713939242,0.37453331069861984,1.183303282413796,3.2846651219146823,0.5716100302620245,5.376531428243411,-19.7375,0.12362500000000001,0.6666249999999999,0.9979687500000001,0.527875,1.3235000000000001,1.0205
7.310425,0.9912500000000001,11.4125,7.725,238.103125,0.09778005860063266,-21.235,8.40875,60.832499999999996,-60.832499999999996,2.1837608448783985e-07,30.416247428915188,52.68249186013328,30.41625269716423,52.682488818508276,-52.68249186013328,0.0,10241117.09570755,11216118.416343842,0.40781639902180894,0.4126732262644007,1.1205097657209633,1.4306245798207375,1.6295593815619178,3.9383484280113916,8299294.221133616,25.226169713663854,5.897843055831015,0.45862269718827436,-0.028252287280090497,15.145348884949252,0.6913866022529237,608061922.6760082,22.700604439940122,13967.08095750806,11313070.624766557,-9.171133187344702e-07,-5.9319037677130306e-08,-16.656051866140324,22.711769786087892,117.09266585276909,117.0995959324406,88.60783746409138,67124.73590239955,77193766.26932624,1.0751144173386136,0.3823468583114171,1.4006449891509,3.33212875633413,0.37779241629180377,1.2240834059965542,3.293651136742621,0.5435082864556172,5.406825894159973,-5.112500000000001,0.592375,0.16562500000000002,0.96890625,0.687125,1.4395,0.7895
12.700425000000001,0.96425,11.6625,6.995,238.64687500000002,0.09766105024943607,-20.384999999999998,16.738750000000003,45.4325,-45.4325,1.6309327182827902e-07,22.716248079795985,39.34570026606675,22.716252014365903,39.34569799444174,-39.34570026606675,0.0,12645801.064456055,21926483.503784865,0.40776725051791546,0.4126668221115233,1.1176550476545555,1.427095391078618,1.6264189852559405,3.9373102860214804,9349276.818491306,15.240337834400094,14.54779981448021,0.4073903804810112,-0.017416606449754617,21.41140711327319,0.5337141872422934,882718103.100953,40.444536016590305,24583.169959573905,22023499.412036512,-6.093364922620222e-07,-3.162152405531005e-08,-15.436597362063925,40.45807183122206,108.52302808924887,108.52390234274371,71.85016130019302,67278.02694025105,77295970.8695913,1.087064770920459,0.3821404636107166,1.3978011548017708,3.3313079893214916,0.3775481875454948,1.2209431199313567,3.2929442763445453,0.5478149002206643,5.40452791768666,-13.3875,0.556375,0.399625,0.9176562500000001,0.155125,1.2755,1.1185
9.515425,0.80725,14.342500000000001,10.825,235.32812500000003,0.09838940887230194,-23.095,13.23875,59.182500000000005,-59.182500000000005,2.124529259886012e-07,29.59124749865242,51.253549903626165,29.59125262400727,51.25354694450115,-51.253549903626165,0.0,13246205.351827499,20738105.40660259,0.40909217046513785,0.41374691497737365,1.1352660538431463,1.449023208690152,1.64585132974822,3.9440113515665485,9686558.451507295,24.909558674367343,5.680107976329725,0.7499651217355028,-0.01674710917117594,15.342682369891808,1.1493432903485026,745306344.683857,19.035645507472374,23260.61343338537,20835060.694356974,-9.418494123115435e-07,-5.64444457698442e-08,-17.645348877772395,19.04354582364535,148.35959282218226,148.36649501107635,113.77561255337233,66342.42301957133,76664358.81605215,1.0152325398072708,0.38339849565447826,1.415268702720726,3.336397019628214,0.3790352693334814,1.2403194977463192,3.2973448964451393,0.5215556504482308,5.418556283187657,-4.1875,0.41012499999999996,0.249625,0.78984375,0.9986249999999999,0.7875,0.9795
10.469175,0.9527500000000001,10.7375,9.285,237.315625,0.09795440035913335,-17.295,15.916250000000002,41.7575,-41.7575,1.499007824436111e-07,20.878748235119815,36.16305681748269,20.878751851425395,36.16305472960769,-36.16305681748269,0.0,10594481.546408925,12307188.878876265,0.40875209144282987,0.41355961073192044,1.124681885939604,1.435904485355671,1.6342570280866633,3.9400836550329044,8454460.161148507,8.565692653761907,52.72376477361746,0.4570726090408212,-0.12956239390086555,16.819700249071857,0.5184072385157216,1939911385.786847,88.84736008650532,15266.61993016706,12404231.693935756,-5.377322369951827e-07,-3.6329311649743916e-08,-12.245993035160001,88.91315957638736,70.49585283530384,70.53915492391522,47.26948226378016,66902.72819240775,77044648.10439168,1.0579320940306178,0.3826456592699677,1.4047763539713505,3.333326507686057,0.37814579436321133,1.2286551992833155,3.294684619755032,0.5372069488151664,5.410155308200062,-15.0625,0.482125,0.656125,0.87421875,0.830625,0.7715,1.1845
12.910425,0.96125,11.6975,6.585,239.77187500000002,0.09741787451545503,-22.335,7.11375,59.3325,-59.3325,2.1299139494307744e-07,29.666247492312674,51.38345371785408,29.6662526306579,51.38345075122908,-51.38345371785408,0.0,13121689.757692484,28937709.841003485,0.40701161780284023,0.41199075461248763,1.1117676386308504,1.4197313903532949,1.619841835129028,3.9350299139428837,9524132.315410357,24.23286666052833,5.991993569987265,0.4347618805336936,-0.02720795612303909,24.621612098396348,0.613638893784754,623372102.3257382,27.266787805458886,31263.047832372333,29034663.601061493,-7.849198410636117e-07,-3.1566907598127175e-08,-18.761599739913873,27.277713239080455,168.58506051073667,168.59216004447197,118.25422163833079,67595.18081166789,77505849.60346846,1.1120125339629683,0.381713099142355,1.391939885816199,3.3296257093658057,0.3770421683619873,1.2144883334324732,3.291498882188063,0.5567553635118083,5.399773915228363,-18.5875,0.38012500000000005,0.343375,0.80453125,1.285625,1.4865,1.0765
11.475425000000001,1.0477500000000002,14.0875,12.145,238.68437500000002,0.09765288216766492,-21.755,18.768749999999997,43.8325,-43.8325,1.5734960298053246e-07,21.916248147419967,37.96005958096893,21.91625194342582,37.96005738934392,-37.96005958096893,0.0,13366499.8188897,19493601.237326954,0.40766613491123943,0.4125673854774558,1.1174565987219256,1.4268369699070285,1.6261879352929214,3.937217317965011,9744070.032209752,15.971631504174482,7.377493901899067,0.29121859330857985,-0.00851433765868366,14.868646193668887,0.6143512076194291,654092683.6082995,27.23696725261646,22223.52181313244,19590622.45189624,-7.005546288811172e-07,-4.59212669270883e-08,-15.320616977113348,27.24901723557016,102.51201704896414,102.5130639753905,72.39384617569583,67288.59873596492,77302998.08030835,1.087891528844434,0.38212622568435856,1.3976053034996396,3.3312515731283905,0.37753133631464414,1.2207270600382596,3.292895730481019,0.5481122063482331,5.404369439817766,-16.1125,0.581125,0.597625,0.81328125,1.499125,1.0565,0.9635
9.576675,0.89725,12.7475,13.155000000000001,244.534375,0.09642954863787331,-16.485,15.67125,60.182500000000005,-60.182500000000005,2.1604271901844283e-07,30.091247456387435,52.1195753318123,30.091252668344822,52.1195723226873,-52.1195753318123,0.0,12307122.052522706,16076581.276736137,0.4047474322052987,0.41008748011799145,1.0875694476822335,1.3894212451847903,1.5927653104037907,3.926022319260664,9240083.608554583,23.73005337299456,6.376951562455522,0.6621054056540646,-0.017302633286379814,15.054891054567959,0.937871171479743,654254327.2157141,20.8355163697732,18758.676363384948,16173548.739691231,-8.89733599840724e-07,-5.245434874593255e-08,-11.606657197243663,20.847373462922352,127.72611140184935,127.73235526002969,91.03537426441616,68937.79886733252,78368707.82214998,1.1839756197866247,0.37990515724509405,1.3677099972614881,3.3227920084800044,0.3748912690106464,1.187818490473225,3.2856298208907,0.5695261942113565,5.379739345697645,-9.762500000000001,0.6493749999999999,0.43637500000000007,0.81546875,0.24612499999999998,0.8005,1.3895
10.119175,0.9267500000000001,12.567499999999999,6.645,236.45312500000003,0.0981430063270975,-23.445,13.34375,61.457499999999996,-61.457499999999996,2.2061970513149084e-07,30.72874740249957,53.22375775274962,30.7287527248752,53.22375467987462,-53.22375775274962,0.0,12896330.873664781,20334733.521770217,0.40857687377420937,0.4133131486923657,1.1292506517965075,1.4415190051496385,1.6392245236629401,3.941686801308262,9432162.03904447,26.03711483018857,4.825136689346959,0.4850157146573357,-0.02566553968649123,18.85078191695428,0.7692869883331973,589065957.9607925,21.737385289995302,22849.658100546694,20431681.471020423,-8.50819713637042e-07,-4.929735710067033e-08,-18.310186956284447,21.746353176024513,151.55168776166707,151.55848508189166,111.04754344835985,66659.57689098816,76880834.86773463,1.0392824302336128,0.38297257607102436,1.4093181668094996,3.334650550895235,0.3785322012321773,1.233694852649923,3.2958298237116455,0.5303706549089766,5.41380165774539,-9.5125,0.431875,0.5008750000000001,0.8942187500000001,0.162125,1.1965,1.2515
13.470425,1.06575,11.3475,11.555,241.12187500000002,0.09713197247748019,-17.695,8.65375,54.707499999999996,-54.707499999999996,1.9638860218005997e-07,27.353747687788232,47.378086112493186,27.353752425596713,47.37808337711818,-47.378086112493186,0.0,12856023.57624223,28199823.191992633,0.4063964157955312,0.41147613585895915,1.1048311270629263,1.4110379264900716,1.6121218455325474,3.932391089725918,9443791.061974429,20.47507379645116,8.190063767840185,0.5341938014625494,-0.018595384341706555,22.912649090643487,0.706897048760419,721230043.1293061,30.85169872469525,30613.677563299618,28296803.105089054,-6.930434859365711e-07,-2.726334516534781e-08,-14.461797545344956,30.865896242619588,146.71256005666467,146.7190712817083,95.74957888168731,67975.7654573681,77754381.74498326,1.1330078523953653,0.3811576946409093,1.3850145540938992,3.32761808005269,0.3763922487657861,1.2068212298405923,3.289761516222118,0.5609529395539393,5.393423643272205,-7.212499999999999,0.315625,0.6583749999999999,0.99703125,0.606625,0.8494999999999999,1.2185000000000001
8.316675,0.76475,11.9225,8.045,247.853125,0.09577584991602543,-19.495,12.311250000000001,61.3825,-61.3825,2.2035047065425274e-07,30.691247405669447,53.15880584563567,30.691252721549887,53.158802776510655,-53.15880584563567,0.0,11311464.351056976,13841050.521105025,0.40321816511780906,0.40881900678569755,1.0712051554773054,1.368938394990534,1.574281883141461,3.920145244761604,8790610.95930718,24.529636667078346,5.324239662376257,0.5377247527934045,-0.025605114719046917,16.266662078657987,0.7983028541580939,603317837.0739906,21.868352314963527,16552.379122563034,13938006.454092942,-8.635991342651526e-07,-5.378343388892694e-08,-14.799444265272848,21.88198977357069,126.03068970549558,126.03730946762214,92.77404126465186,69873.40278801223,78949044.2248561,1.2263532427706667,0.3787078597935749,1.35120588111779,3.3183006268255846,0.37344554633874544,1.169832937732572,3.2818119615239287,0.572298711579191,5.36681359182701,-5.912500000000001,0.6906249999999999,0.573625,0.8557812499999999,0.286375,0.8414999999999999,0.7825
11.904175,1.0437500000000002,11.1075,11.295,235.29062500000003,0.0983977780971888,-23.025,19.69625,57.832499999999996,-57.832499999999996,2.07606705398315e-07,28.91624755571015,50.084415575574866,28.91625256415157,50.084412683949864,-50.084415575574866,0.0,14586414.367905669,25894900.005102687,0.4091580803286151,0.4138107840925792,1.1354683619128314,1.4492826064799613,1.6460805758053023,3.944102264508773,10102194.752650347,23.082212383640176,7.299881503610729,0.3923004901186324,-0.022798115307877752,21.993485604859828,0.517261493443794,606622762.0443367,30.638227524144938,28310.399524504857,25991862.51115548,-7.794209047639336e-07,-3.902829109324492e-08,-17.210547452127923,30.650082748274333,155.2055058393978,155.2122120003128,107.37642500190707,66331.85122385745,76657098.49112724,1.0144360823172158,0.3834126872305706,1.4154675564746992,3.3364556183331158,0.3790520245168495,1.2405413437258193,3.2973958278277022,0.5212625655997822,5.418714821906786,-6.212499999999999,0.21737499999999998,0.300625,0.92640625,0.130625,0.9495,1.4265
11.746675,1.0802500000000002,10.9475,13.325,246.690625,0.096003063818811,-20.365000000000002,18.38375,60.0075,-60.0075,2.1541450523822053e-07,30.003747463783807,51.968020881879724,30.00375266058575,51.968017881504714,-51.968020881879724,0.0,13905583.020555913,23445832.300756797,0.40373364048582905,0.40924166468548007,1.0768790634051026,1.3760488593727447,1.580701353829951,3.922160759669739,9815377.565798972,23.310492181236953,6.630793820816434,0.4388785531481995,-0.022152901576768174,20.231271877958275,0.5749527368445596,603163241.8259522,29.765003436724772,25934.12082567821,23542793.169396494,-8.766513484550705e-07,-4.128679350699047e-08,-15.013171729211464,29.78036287071117,152.67272254229977,152.67936911238175,108.61836199722617,69545.67712088149,78746744.8255294,1.2146247251710067,0.37912270398235837,1.3569380507759339,3.319847446905072,0.37394850718553724,1.1760765246758755,3.2831258808443016,0.5735247616778428,5.371263989675724,-13.5625,0.508375,0.4573750000000001,0.96953125,0.361625,1.1245,1.4215
12.402925,1.10575,12.0875,8.065,241.32812499999997,0.09708823147487888,-20.255,8.19875,56.8575,-56.8575,2.0410665719421946e-07,28.428747596918516,49.24004078309339,28.428752520922455,49.24003794021838,-49.24004078309339,0.0,12820131.53071879,26187917.194053568,0.4062556255638679,0.4113503694234308,1.103776679845851,1.4097093690340072,1.6109388123273087,3.9319876644660967,9433067.775568971,22.28108613258652,5.990867762357546,0.4203949457474542,-0.021640181522571793,22.239675135130057,0.5989474729073662,591073575.3610916,26.409726815066673,28616.221549645077,26284883.7183146,-7.601026838836875e-07,-3.2183690165014174e-08,-16.709451238567222,26.42169038930742,150.7421856613849,150.7488570750677,104.39933211561852,68033.9103337945,77792166.95068033,1.1360491278159293,0.3810834813534231,1.3839623083714436,3.327322569058244,0.3763030950723211,1.2056588845443676,3.2895073684337097,0.5614742577737217,5.392616894949215,-10.5625,0.410875,0.359125,0.88796875,1.289125,1.2825,1.4255
12.359175,0.84075,12.0975,11.615,249.128125,0.09553395624264072,-21.995,13.623750000000001,55.932500000000005,-55.932500000000005,2.0078609864161596e-07,27.96624763601363,48.438967262021215,27.96625247991022,48.438964465396204,-48.438967262021215,0.0,14038347.070547763,27636776.86778481,0.40264205306269063,0.4083450776936391,1.0650321077621452,1.3612069203537291,1.5672747521332713,3.9179615123296903,9968048.978925029,21.321461809285427,5.7716488017471,0.3726636848617978,-0.018578474286198413,21.081201280820455,0.5233072193322056,545069184.0887663,27.534250228165604,30045.495951612644,27733745.097813588,-7.744246821313651e-07,-3.5078797059188906e-08,-17.336008952761368,27.549106926097235,153.44341868428904,153.45023873096014,106.5314535495909,70232.84384228465,79165947.83741088,1.2393033363526613,0.37825398483887285,1.3449559877432244,3.316627777366711,0.3728942639541511,1.1630510296069716,3.2803956369559417,0.5710276364234054,5.36195847748182,-19.4875,0.656875,0.350125,0.84609375,1.367875,1.0955,1.3175
11.020425,0.77725,14.2225,6.535,245.753125,0.0961865586720253,-16.884999999999998,7.14875,48.432500000000005,-48.432500000000005,1.7386265091780387e-07,24.21624795300103,41.943776550625174,24.21625214737857,41.94377412900017,-41.943776550625174,0.0,10858414.178789489,17693281.21359405,0.4043378609738555,0.4097753207724118,1.081507689995433,1.3818650231152836,1.5859553444545895,3.923870163589538,8746515.14279658,17.624258803649113,6.227298354317716,0.5403878569046778,-0.01128886926383583,15.977260360598224,0.8642785000576608,708034919.2462322,22.24312321466398,20438.362664873763,17790287.279620297,-6.634167882766505e-07,-3.549074332056823e-08,-13.669278154563164,22.255976672414985,105.52828339738456,105.52952548195657,72.35949548600324,69281.38222803411,78583306.88952823,1.2025259659606533,0.37946648247833853,1.3616054156826134,3.3211211907954676,0.37436217710499725,1.1811584989009816,3.284208420245909,0.5726880971542528,5.374998729069459,-11.5125,0.561625,0.520375,0.87296875,0.44037499999999996,0.8955,1.2785
12.009175,0.8452500000000001,11.3175,8.855,241.984375,0.09695005032446627,-16.955,7.65625,58.7825,-58.7825,2.1101700877666454e-07,29.391247515558412,50.9071397323517,29.391252606272246,50.9071367932267,-50.9071397323517,0.0,12081005.328322992,23642748.594057705,0.40597344813563124,0.411118613265006,1.1004345115402339,1.4055235954039984,1.6072079905741292,3.930755364249841,9101810.725267109,22.832025819693786,6.88825257196274,0.5186075424461116,-0.02403307253149002,22.410362248805775,0.6670223734741556,676422312.0862384,27.296204967322655,26136.03242683283,23739715.871290296,-7.301753998276951e-07,-3.071669046139085e-08,-13.91930360426083,27.309158426751015,145.18729229540963,145.19365555205863,96.44320480151495,68218.91675878766,77911830.32773402,1.1457593758652989,0.3808473231696597,1.3806208952164918,3.32638685398151,0.37601927074792885,1.2019729504827423,3.288703618332389,0.5631312660861656,5.390051409626456,-18.4875,0.632125,0.486625,0.76859375,0.235625,0.8684999999999999,1.2065000000000001
9.672925,1.0382500000000001,11.6775,11.825,237.203125,0.0979794611211427,-20.275,14.63875,56.182500000000005,-56.182500000000005,2.0168354689907636e-07,28.091247625447384,48.65547361906775,28.09125249099461,48.65547080994274,-48.65547361906775,0.0,11987428.106811754,15848825.31933814,0.4082807460251886,0.4130724239717009,1.1252664810400619,1.436559286056972,1.6348316510200356,3.9401740766267372,9033020.693012485,22.168470437038266,6.469010748147722,0.3486110113041763,-0.01897522318758937,16.21657893340523,0.5491573612377668,596331910.4653374,25.72800030383225,18536.260627623957,15945797.024574626,-8.357851776970994e-07,-4.876971135870316e-08,-15.003665764888218,25.739860189720503,121.66362044646792,121.66979132999163,86.48753695334544,66871.01280526607,77023271.18975173,1.0554899570303797,0.3826883143292247,1.4053677530845463,3.3334984753332155,0.3781962264682742,1.229310621432781,3.294833197397966,0.5363202751510767,5.410630788867726,-18.1625,0.262375,0.134125,0.99921875,0.33362499999999995,1.0525,0.9695
11.440425000000001,1.09725,14.4375,7.495,236.71562500000002,0.09808771025446164,-16.255,16.143749999999997,55.832499999999996,-55.832499999999996,2.004271193386318e-07,27.916247640240123,48.35236471920259,27.916252475476462,48.35236192757758,-48.35236471920259,0.0,13159823.705699662,21104980.84318167,0.4085080740346028,0.4132641954404169,1.127854661832728,1.4397856588360072,1.637690988376623,3.941163790812813,9660463.264822112,21.728562918481465,5.747920939262276,0.7274121361212283,-0.014148649181397343,17.102933033105923,1.0698740740212553,743742698.0463549,19.55313692543844,23692.287860952732,21201963.598400116,-7.396342934274614e-07,-4.454004718279493e-08,-11.724191155913942,19.561782576939457,130.0233435128923,130.02945544539,89.73703014049573,66733.57946098543,76930427.18068211,1.0449382028654535,0.382873140704582,1.4079340648295597,3.3342462519911438,0.3784146896235762,1.2321574579365824,3.2954798149196636,0.5324321546747922,5.412692479067172,-17.9875,0.6846249999999999,0.49412500000000004,0.87546875,1.2173749999999999,1.2574999999999998,1.1325
9.042925,0.74075,12.5025,7.785,243.67187499999997,0.09660288187073604,-20.195,18.75125,59.082499999999996,-59.082499999999996,2.12093946685617e-07,29.541247502878917,51.16694736080754,29.54125261957351,51.16694440668253,-51.16694736080754,0.0,12614745.23321294,15901774.193820119,0.4051542686393347,0.41042812301923337,1.0918985270015356,1.3948336867951663,1.5976354242948,3.92760601330523,9340208.8160483,23.349300331046276,5.322469889468463,0.5064334902559282,-0.021642962702141364,16.634071862919363,0.7887347319962178,610310530.3139484,22.09224775174577,18578.500787485085,15998738.463002697,-8.291569502916338e-07,-5.689383172402435e-08,-14.258027811106345,22.10454704547773,127.75563364732378,127.76206780942114,93.90798894478817,68694.64756591292,78215499.89174365,1.1709623421433457,0.3802277745055858,1.3720634576294013,3.3240002797862434,0.3752768667113683,1.1925761011907086,3.286660536456975,0.5673643014586278,5.383282147347377,-2.1374999999999993,0.356125,0.6673749999999999,0.93453125,0.989875,1.2685,0.7835
8.395425,0.76525,14.2625,13.395,244.253125,0.09648628332491906,-20.295,20.903750000000002,44.2825,-44.2825,1.5896500984396118e-07,22.141248128400722,38.34977102365269,22.14125196337772,38.34976880952768,-38.34977102365269,0.0,12861772.61789758,14783948.74396432,0.40498289144162647,0.4103029839267572,1.08897856935293,1.39119943571732,1.5943651976794075,3.926563967859055,9582153.584980685,15.823381852819933,7.306493474687613,0.3712419245474114,-0.007866886377520952,12.291877327229962,0.669439770451817,713165595.770303,25.789955183733834,17644.787317418995,14880972.812949462,-7.612742027386113e-07,-5.8738825494914285e-08,-12.856457813861182,25.803860827948835,92.29200306222086,92.29361882760091,67.91043571618012,68858.51039947828,78318813.53526427,1.179721638312316,0.3800063519473368,1.3691237075783005,3.3231807973969145,0.3750132363666832,1.1893644947782867,3.2859612457371483,0.5688156378474314,5.3808339482977345,-15.0125,0.586375,0.169375,0.86328125,1.177125,1.2545,1.1535
13.391675000000001,1.1067500000000001,12.6075,8.695,246.25937499999998,0.09608682220300756,-23.195,20.76375,59.932500000000005,-59.932500000000005,2.151452707609824e-07,29.966247466953682,51.903068974765766,29.966252657260434,51.90306597814076,-51.903068974765766,0.0,16014173.985003639,33150241.226143725,0.40391632308801095,0.4093901894156959,1.0789992346229975,1.378702923095755,1.5830962103120672,3.9229189481106514,10758635.616978781,23.876543103024332,5.05397087811605,0.4337247663994237,-0.022303308684232796,23.623017128033805,0.6555829540117235,576612938.5508302,25.965689070377042,35388.79967332202,33247197.34649322,-8.118261809710949e-07,-3.955456974717478e-08,-17.4381794409101,25.977085445872387,180.11146140358846,180.11885983339596,128.4178303473748,69424.10147017168,78671796.24549006,1.210276174685801,0.3792843588269546,1.3590802077201631,3.320433939710411,0.3741422922888899,1.1784108497595376,3.283625095526311,0.5739650769041476,5.373033873256956,-17.8625,0.677875,0.556375,0.85484375,0.281125,1.2125,1.2985
9.051675,1.07275,14.3875,12.975,244.59062500000002,0.09641823724846753,-23.075,15.63625,52.3575,-52.3575,1.879525885599322e-07,26.178747787110954,45.34292635625577,26.178752321403465,45.342923738380755,-45.34292635625577,0.0,13256077.94236576,19133199.66089253,0.40471246258715554,0.41005670942572087,1.0872883225587109,1.3890679476979668,1.59244734167864,3.925916587274294,9728121.82532665,20.298221338287636,8.9987010149201,0.6963377476462544,-0.011836967320324241,13.932024550554209,1.178296807781499,844854063.7606313,21.033662863867477,21771.89620519019,19230179.03894054,-8.659117113535577e-07,-5.6286209424623555e-08,-16.846962434390846,21.045479593754248,126.33071650613692,126.33728921272736,95.27737383508972,68953.65656090336,78378665.1812439,1.1848275277642613,0.3798849160236932,1.3674275078972924,3.322714402220241,0.3748668691556446,1.1875097185156178,3.2855636929453054,0.5696683067195959,5.379520438719927,-14.0625,0.292375,0.22262500000000002,0.88046875,0.5856250000000001,0.8765,1.0835
10.591675,1.03875,10.8475,13.515,247.25312499999998,0.09589310952063736,-18.965,20.06375,49.807500000000005,-49.807500000000005,1.787986163338361e-07,24.903747894886674,43.13456151438111,24.903752208342706,43.13455902400611,-43.13456151438111,0.0,12208922.326072093,15126045.343913555,0.40364865416732737,0.40920468939487187,1.0741353367145008,1.3726319113035728,1.5776243647413264,3.921234186367817,9115783.98992092,16.68197546307658,12.474056951035914,0.35001828629336096,-0.01616601436803237,16.237298762474538,0.39064965490207726,745400703.5226973,38.02588277938048,17924.305036222082,15223046.968775045,-7.298820946728118e-07,-4.4311657169837325e-08,-12.825973313050682,38.04342816018616,102.74273455927973,102.74401549199023,68.56394641997987,69704.2540565899,78844058.18687366,1.220276490519184,0.37892791913958374,1.3541664147264767,3.319102320996526,0.37371085029146184,1.1730510605895001,3.2824924142758913,0.572910598335856,5.369199156435511,-11.9625,0.18512500000000004,0.647875,0.91109375,0.715125,0.7775,0.9115
10.959175,0.75425,13.8525,12.615,239.940625,0.09738165459379546,-17.035,17.403750000000002,53.0325,-53.0325,1.9037569885507526e-07,26.516247758582086,45.9274935202814,26.516252351331314,45.9274908686564,-45.9274935202814,0.0,12917686.78796977,18411895.542544954,0.4069850632338462,0.41197760742646566,1.1108910387810027,1.4186478831524425,1.6188740360969205,3.9347185112881817,9547817.99559356,19.992963585446457,5.739396789594662,0.5821061721800529,-0.011822208374919901,15.109224966179594,0.8836236776984348,680393958.5306894,21.68892371528715,21093.797691538697,18508887.487377163,-7.940973753479964e-07,-4.8062583942984166e-08,-11.832141396467158,21.69988474642939,117.48693704313393,117.49292528374039,82.66501819861223,67642.75389238041,77537190.47940587,1.115687273079324,0.3816493085730098,1.391064292512377,3.3293756858570367,0.3769665061089012,1.213525200410638,3.291284314612717,0.5579649289442484,5.399066594548011,-10.6625,0.173125,0.45362499999999994,0.97046875,1.241875,1.2085,1.0125
7.485425,1.00825,11.9775,6.445,246.878125,0.09596615898795392,-19.275,14.28875,59.1325,-59.1325,2.122734363371091e-07,29.56624750076567,51.21024863221685,29.56625262179039,51.21024567559184,-51.21024863221685,0.0,10950165.42548995,11368738.920619357,0.40367611595927194,0.40919969314711263,1.0759627294296537,1.3749040329658935,1.5796711216792365,3.921846772046517,8636536.338602534,23.106023698768432,5.8246886735532755,0.5280348961027165,-0.024313924447092034,15.083761100907946,0.7978567676799558,641589526.8614752,22.21964200116903,14160.28531620913,11465703.025781464,-8.747863294188212e-07,-6.290748529710949e-08,-13.944147189019336,22.233763062751642,111.9506939694817,111.95751877048836,84.89272388209015,69598.53609945095,78779358.04012045,1.2165017436712622,0.37905783781719415,1.3560134885774933,3.319598628721294,0.3738693617055531,1.1750665768999473,3.2829142239812565,0.5732934629754554,5.370576656714733,-5.637499999999999,0.680125,0.339625,0.97640625,0.688875,1.4715,1.3765
7.459175,0.94825,13.3925,8.725,247.553125,0.09583261460200088,-16.285,12.748750000000001,48.7575,-48.7575,1.750293336525024e-07,24.37874793926491,42.225234814785665,24.37875216178827,42.225232376910654,-42.225234814785665,0.0,10199388.224736854,9851202.543464705,0.4034829282852993,0.40906257932027584,1.0726731472578679,1.370794548293507,1.5759666733095956,3.9207108549298004,8424805.958292572,17.160506796799936,7.147963955981908,0.5351247573814952,-0.01181523935585953,12.211814143817358,0.8540997545233839,737250983.6667746,23.194647530173686,12797.974902156418,9948211.626651334,-8.049963524425816e-07,-5.865319410816085e-08,-11.386084051384113,23.208341216113652,83.42516016903649,83.42809067337744,62.023595937595836,69788.82842230104,78897583.45151834,1.2233006362161116,0.378824001163195,1.352691094889073,3.3187067681714404,0.3735840082216532,1.1714428923651534,3.282156542849752,0.5725971095668924,5.368098112926297,-6.5625,0.170875,0.112375,0.82546875,0.9671249999999999,0.7414999999999999,1.3185
7.187925,0.9117500000000001,10.5725,13.245000000000001,243.803125,0.0965762015903009,-20.315,8.89875,42.4825,-42.4825,1.5250338239024627e-07,21.2412482044777,36.790925252917646,21.241251883570122,36.790923128792635,-36.790925252917646,0.0,9207736.476519668,8860430.474475367,0.4054827005831531,0.4107734245733283,1.0912475580604024,1.3940778078587603,1.5969608127084813,3.927480090987909,7908789.527384782,11.592905531559312,32.332429644759564,0.3034956733262274,-0.04313188885536577,12.403388406936918,0.40922713415399553,1293727262.609255,58.2618829279574,11871.333134095696,8957456.95939895,-6.815742973292211e-07,-4.6083225651387235e-08,-15.247556391123032,58.418745003007984,72.86276427271567,72.86572433831213,48.675083271554136,68731.64885091157,78238882.29280986,1.1729371719109891,0.38018054135945656,1.3714016752345306,3.3238174899848536,0.37521997780603217,1.1918508926548677,3.2865044368769096,0.5676960267568694,5.3827706773831965,-17.0625,0.542875,0.108625,0.99140625,0.722125,1.3825,0.8444999999999999
8.299175,0.75225,13.2075,9.754999999999999,241.53437499999998,0.09704462716085281,-20.405,10.036249999999999,45.4825,-45.4825,1.6327276147977112e-07,22.74124807768274,39.38900153747606,22.741252016582784,39.38899926335105,-39.38900153747606,0.0,10434478.334594192,12549835.916140966,0.4062953325762861,0.4114081119936579,1.1027274536201075,1.4084150576728784,1.6097875647056537,3.9316398519671427,8509016.657905255,16.635415254704466,7.927058674527653,0.3453517739889046,-0.01115810599342981,13.193580641317665,0.679352641875186,705360731.1332161,26.57959617070611,15429.623962178446,12646847.90068181,-7.551867650661207e-07,-4.8783621633806104e-08,-15.56498946855601,26.591853218616176,89.1997739483639,89.20178920229073,65.48875689031169,68092.0552102209,77829878.10926032,1.1390952654323787,0.3810092627212131,1.3829110179027755,3.3270277321773705,0.37621391771292345,1.2044984116439155,3.2892539594935797,0.5619956142300637,5.391810340107413,-2.9125000000000014,0.6966249999999999,0.239875,0.89734375,1.0738750000000001,1.1115,1.4224999999999999
8.929175,0.77625,14.0375,8.125,238.79687500000003,0.09762840879398223,-21.905,17.50875,55.1325,-55.1325,1.9791426421774267e-07,27.566247669825618,47.746146919472295,27.566252444440174,47.746144162847294,-47.746146919472295,0.0,13046926.815036835,17696557.817136206,0.407481082925635,0.4123886154090485,1.1168635190816578,1.426079407468433,1.6255111688649757,3.9369584757260414,9603687.07963885,21.809028145700807,6.721019114598844,0.6872048699056081,-0.01548923801922117,15.204577289717784,1.0644840496888337,717820982.7145216,20.436149039319215,20344.684850289468,17793530.793654654,-8.333417353740172e-07,-5.839857971650122e-08,-15.749354821617079,20.446158418237594,125.99146437346695,125.99795531571105,94.86977502265576,67320.3141231066,77324062.78239974,1.090373751027284,0.38208350237270916,1.3970179145908626,3.331082453725137,0.37748076832798255,1.2200791888038776,3.2927502287468235,0.549004352869012,5.403893921615959,-6.612499999999999,0.303625,0.21962500000000001,0.85859375,1.003875,1.0155,1.3085
9.139175,0.77225,11.9725,7.365,241.853125,0.09697755956653108,-19.855,7.63875,55.9825,-55.9825,2.0096558829310804e-07,27.99124763390038,48.48226853343052,27.9912524821271,48.48226573430551,-48.48226853343052,0.0,10665274.622129595,14671729.951560736,0.4060572219292301,0.41119281878352526,1.1011023323606735,1.4063646860177457,1.6079587536099487,3.9310120317331827,8525664.717613727,21.82250604649059,6.104229829398319,0.3926953796193915,-0.02166048223890035,16.8705703598533,0.6211331578499547,601739430.4155545,23.98264113420894,17390.937762822487,14768700.030508269,-7.61571629796171e-07,-4.339949340642733e-08,-16.0191720378942,23.995063961090928,116.29116341523282,116.29739432884799,81.86627342507298,68181.91547378902,77887971.10002698,1.1438131499088502,0.3808945580230951,1.3812883879479043,3.326573450018013,0.37607605435588576,1.202708631186923,3.2888637759049386,0.5628013247961664,5.3905642817992065,-8.9625,0.431125,0.187375,0.76484375,0.24787499999999998,1.2635,1.3915
12.122925,0.80775,12.4625,7.865,245.52812500000002,0.09623113178245549,-23.655,16.82625,54.0325,-54.0325,1.9396549188491688e-07,27.0162477163171,46.79351894846754,27.016252395668864,46.793516246842536,-46.79351894846754,0.0,13662459.75012881,23851243.057871215,0.40432280605404103,0.4097406784330924,1.0826213190859322,1.3832390159017125,1.587194879538958,3.9242393938008684,9769293.41139112,20.60437683401405,5.906259270938031,0.3155232447812457,-0.019034986896868333,20.301195353924182,0.5055778496847314,588576352.6703048,26.271570974819678,26358.342750011085,23948215.584536225,-7.192053531736418e-07,-4.052126110524239e-08,-18.097581446168494,26.285367201405258,138.87407911805752,138.880586442695,95.00075672154351,69217.95145375075,78543838.83702502,1.1990887678021973,0.3795474469217341,1.3627297100089164,3.321427908202572,0.37445988753009257,1.1823832514785853,3.284469015131157,0.5721190712676408,5.375872815779819,-1.3374999999999986,0.240625,0.128125,0.75796875,0.18662499999999999,1.1845,1.2974999999999999
13.339175000000001,0.94725,13.9075,12.655000000000001,236.321875,0.09817125082285809,-21.884999999999998,17.56125,45.7825,-45.7825,1.643496993887236e-07,22.891248065003243,39.6488091659319,22.891252029884047,39.648806876806894,-39.6488091659319,0.0,14366882.41221371,26476438.195484802,0.40879541914593204,0.41352434828504286,1.1299535437871226,1.4424175882507528,1.640021347684518,3.94199633153808,10173767.803095367,16.94569287799138,6.820437982958865,0.3012263891159327,-0.009322756986374036,17.729464655892887,0.5768400333875127,615035276.2453605,26.752810484943662,29005.204469466225,26573448.970856335,-6.282235898806735e-07,-3.586260970778504e-08,-16.280433813682315,26.763888785363534,121.15806458610794,121.15870741875732,79.49718591923315,66622.57560598954,76855703.96048853,1.0364609170133126,0.38302229600485704,1.410010844809255,3.3348531632932144,0.37859094687293215,1.234464693183568,3.2960053223574963,0.5293403649179039,5.414356417213726,-11.087499999999999,0.41612499999999997,0.43037500000000006,0.82359375,1.0126249999999999,1.0095,1.0645
7.599175,0.75625,13.432500000000001,8.875,237.934375,0.09781720656217537,-22.675,8.63625,52.8575,-52.8575,1.8974748507485301e-07,26.42874776597846,45.775939070348834,26.428752343572242,45.77593642747382,-45.775939070348834,0.0,10819390.336233092,13973882.378003592,0.4079114600493124,0.41275615090237644,1.1213996300846478,1.431735414682979,1.6305473959826577,3.9386897486303853,8661299.382582368,20.877707132571302,6.515319830173817,0.6308716567828125,-0.015593183572795018,13.662522267625272,1.0531061360741887,716581830.2057945,21.531798074986224,16717.00996986191,14070857.473754706,-8.93355385928052e-07,-5.666891642597557e-08,-17.774514510445,21.542214308081647,110.89554047286984,110.90223105836854,85.57872071695303,67077.16282168703,77161932.49028814,1.0714199941502076,0.38241089156171976,1.4015289997397182,3.332384503117883,0.3778681673933743,1.225060718640804,3.293871619053392,0.5421734197769321,5.407539113337835,-18.6625,0.248125,0.16862500000000002,0.77171875,1.114125,1.1375,0.9095
7.354175,0.87875,12.1525,6.305,241.253125,0.0971041218380013,-16.525,10.05375,50.3575,-50.3575,1.8077300250024898e-07,25.17874787164093,43.610875499883484,25.178752232728357,43.61087298200848,-43.610875499883484,0.0,9486281.248015769,8973035.241393916,0.406421200711414,0.4115125805545292,1.1041622517383338,1.410214493410114,1.6113904394656107,3.9321767043042,8060692.172912698,18.277650802229203,8.115149117379161,0.4116147588650256,-0.016432446012252955,13.550371181357127,0.6791898582172169,710142421.8709509,25.687475903877818,11909.010352678142,9070035.472939063,-7.564992236111886e-07,-5.439707297593015e-08,-12.291788450264164,25.699016645775764,83.9454225877513,83.95194377222997,61.411023393427364,68012.7667423667,77778435.13112922,1.134942577856797,0.38111047250785846,1.384344843896147,3.3274299550158037,0.3763355204834656,1.2060813286977516,3.2895997010823623,0.5612846876232609,5.392910292110054,-8.2625,0.41537500000000005,0.155875,0.80796875,0.44737499999999997,1.2235,0.8265
11.116675,0.95475,12.8225,12.935,238.571875,0.09767740177473491,-21.305,10.35125,58.9825,-58.9825,2.1173496738263286e-07,29.491247507105417,51.08034481798894,29.491252615139757,51.080341868863925,-51.08034481798894,0.0,12747055.885693854,21972019.27395656,0.40757821909430286,0.4124690575387519,1.1180439420982604,1.4275484823900544,1.6268203479566072,3.9374023488065966,9405931.076140963,24.383505360494585,4.723228913624995,0.453447945706705,-0.01811296353998286,17.183808997741195,0.7385347699026638,561469577.7335103,22.183981472023405,24477.624034115834,22068977.71832861,-8.893813438348856e-07,-4.3652502551237105e-08,-16.908322000440457,22.19396962096433,149.95820720681087,149.96491810481453,108.02108827680377,67256.88334882322,77281908.04559557,1.0854121745118417,0.3821689300190715,1.3981929748344253,3.3314208909325402,0.3775818806190335,1.2213754836087785,3.2930414489176316,0.5472204025544036,5.404844747136944,-4.137499999999999,0.5413749999999999,0.209125,0.89546875,0.841125,0.7575,1.0955
9.410425,1.01275,13.3325,13.765,241.928125,0.09696184682518648,-21.384999999999998,18.29625,57.9825,-57.9825,2.0814517435279127e-07,28.991247549370403,50.214319389802796,28.991252570802203,50.21431649067779,-50.214319389802796,0.0,13585427.609663261,18805140.62778239,0.40594277982811205,0.411082817145652,1.1007193554450225,1.4058727684996646,1.6075190709945628,3.930848327976509,9790386.304379795,23.27964492707413,6.442063020866243,0.6002463295631819,-0.015592818627326413,14.858417598867106,0.9552028260802382,652996910.6877164,21.26995049286887,21410.326249931786,18902105.60111246,-9.211941498001278e-07,-5.8318103266182694e-08,-15.0619145463506,21.280935944715996,137.6577724477158,137.6643557055144,102.41816336298791,68203.05906521683,77901597.7188488,1.1449250391804342,0.3808675685356553,1.3809068862164755,3.326466784855571,0.3760436096163282,1.2022881437108008,3.288772221314565,0.5629890813801111,5.390271265531748,-19.9875,0.19187500000000002,0.182875,0.86921875,1.3066250000000001,0.7364999999999999,1.1125
11.667925,0.98775,12.432500000000001,12.895,244.140625,0.09650773201855783,-19.585,16.38875,45.3825,-45.3825,1.6291378217678695e-07,22.691248081909237,39.302398994657445,22.69125201214903,39.30239672553244,-39.302398994657445,0.0,12238033.299508281,17404674.34178069,0.40512727124960185,0.41044048227634317,1.0895507739343189,1.391923158737599,1.5950238248112873,3.926799464850622,9205147.361294666,15.850476209360972,9.860753457460605,0.3065167411253356,-0.011040548854997476,15.77134465939118,0.41785649048473295,681684485.4797714,32.41690227591006,20185.70641545938,17501692.406738155,-6.862338382457665e-07,-4.0071443886399605e-08,-14.138805151195127,32.431661061154415,99.43838476523976,99.4394814437338,67.0435723134172,68826.79501233662,78298959.75899523,1.178024805882753,0.38005909290084194,1.3697018187492387,3.323348701005331,0.3750736643245027,1.1899895092269575,3.286104359338695,0.5685490442566113,5.381456087519793,-0.11250000000000071,0.299875,0.584125,0.86265625,0.223375,1.2894999999999999,0.9215
6.820425,1.02625,10.6825,13.205,243.42812500000002,0.096652618051299,-23.745,20.518749999999997,58.0325,-58.0325,2.0832466400428332e-07,29.016247547257155,50.2576206612121,29.01625257301908,50.25761775958709,-50.2576206612121,0.0,12096384.542371511,11924016.580000944,0.4052736763730064,0.41052891884192017,1.0931246301131756,1.3963703773095202,1.599013808456035,3.928060572364807,9058053.24289451,22.949161487704238,7.1089619962973645,0.2770423805844064,-0.02243531205820564,13.964927974390736,0.48259769007389763,596888870.2301525,28.417659334794983,14688.04511303433,12020977.25711895,-9.345448904150646e-07,-6.899076956197539e-08,-15.715236362565271,28.43327733856798,116.58968181465485,116.59622232484845,86.08225181506528,68625.93089377265,78171960.08887058,1.1673003734410747,0.3803154942823322,1.3732935918712554,3.324340470349089,0.3753824970538182,1.1939248970522707,3.2869511976319084,0.566748245318856,5.384232310387531,-3.7375000000000007,0.6523749999999999,0.44462500000000005,0.94265625,0.435125,1.4685000000000001,1.4775
12.542925,0.81275,11.7525,7.515000000000001,249.971875,0.0953754267346654,-22.845,8.21625,42.7075,-42.7075,1.5331108582196065e-07,21.353748194968077,36.98578097425953,21.35375189354607,36.98577883888452,-36.98578097425953,0.0,11607599.290611409,21591892.42338124,0.40252566317232996,0.4083017355280411,1.0609854332373172,1.3561794578664164,1.5627088578563086,3.9166146822884866,8962543.552259523,14.418907525862702,15.227227387268972,0.332466580207773,-0.018158862028971892,20.657598155569147,0.41749282054979503,846980500.2326361,42.864939424657905,24279.158698526255,21688910.488858912,-5.961713259262291e-07,-2.7647323502940404e-08,-18.83076746490827,42.88085365680506,103.20664530766544,103.20769941019599,68.319341318689,70470.70924584729,79308214.9858026,1.2479056206339998,0.37796166586875923,1.340848466985577,3.315541307306025,0.3725366414037013,1.158603968002138,3.279478403368076,0.5701970530738472,5.358872286652671,-10.0375,0.597625,0.662875,0.97765625,1.4728750000000002,0.8274999999999999,1.0945
11.431675,1.10925,13.5725,8.975,238.515625,0.0976896788458258,-20.685,18.786250000000003,47.057500000000005,-47.057500000000005,1.6892668550177166e-07,23.528748011115386,40.75299158686923,23.528752086414432,40.75298923399423,-40.75299158686923,0.0,13282559.693052616,20002377.52333638,0.40774613300026225,0.4126349607266703,1.118342563756076,1.4279406041971716,1.6271713054262822,3.9375523698420625,9679645.337774992,17.215470514417675,7.081707749992858,0.32705357341587504,-0.01126490680368598,16.83095353965259,0.6182145966462383,648385014.8318338,26.362161320330436,22686.88483002981,20099386.18144174,-6.525014932299217e-07,-4.288165494406397e-08,-14.809107922688924,26.374079338408702,109.50976553485035,109.5107388329126,75.01753933357027,67241.02565525238,77271353.62466939,1.0841737240400846,0.382190289485684,1.3984869619116143,3.3315056459346835,0.37760715668645806,1.2216998990173362,3.293114399128691,0.5467746296434026,5.405082531572207,-13.3375,0.492625,0.303625,0.83984375,0.42112499999999997,0.8194999999999999,0.7705
11.230425,0.7517499999999999,13.2525,10.555,237.240625,0.09797110279326064,-19.245,20.58875,56.2575,-56.2575,2.0195278137631449e-07,28.128747622277505,48.72042552618171,28.128752494319922,48.7204227133067,-48.72042552618171,0.0,14086538.952838615,21842766.525333665,0.4082481553589299,0.41304229069853104,1.1250675241296704,1.4363083146828672,1.6346086905326087,3.940091018286989,9988057.487648573,22.03955751686767,5.355939782648864,0.46869456692795336,-0.015798629940762886,17.727900791858815,0.7133540807256915,622444121.1001058,22.414657770519003,24396.67987710788,21939743.067682736,-7.524313951895145e-07,-4.654416923784317e-08,-13.461240349591705,22.42482279837603,136.37245587630454,136.37873378968737,94.6177563760417,66881.58460097996,77030399.27313164,1.0563037349234308,0.38267409577014516,1.4051705928568863,3.3334411294451627,0.3781794169260709,1.229092111085714,3.2947836497612393,0.5366157910168877,5.4104722814499,-13.1375,0.559375,0.557875,0.78734375,0.6486249999999999,1.3075,0.7454999999999999
8.894175,0.79175,13.7775,11.465,239.71562500000002,0.0974300195217017,-20.005,16.98375,50.6075,-50.6075,1.8167045075770938e-07,25.303747861074683,43.827381856930025,25.303752243812745,43.82737932655501,-43.827381856930025,0.0,12342991.948201103,15330221.357716035,0.40709286526312183,0.41206882201980033,1.1120619230062112,1.4201069168732487,1.620178498782184,3.9351605860060577,9310819.429736942,19.018951858157394,6.121054560830358,0.4945215093961079,-0.011752969571384393,13.658935390298426,0.8680199080083979,689880796.9945016,22.547387282656207,18092.793406529243,15427215.546291448,-8.19967853180571e-07,-5.651391774828124e-08,-13.933699400284572,22.558944678488984,107.12289008008283,107.12905936283335,79.67174299880618,67579.32311809702,77495339.88409854,1.1107580923207003,0.3817344755274541,1.3922322245212189,3.3297093168832625,0.37706749021480884,1.2148097350816054,3.2915706118842016,0.556305544213158,5.4000115365999735,-14.8875,0.230125,0.469375,0.88765625,0.837625,1.3135,0.9435
9.620425000000001,1.05125,12.6675,7.395,238.309375,0.09773479257241993,-16.225,8.07625,41.6325,-41.6325,1.494520583148809e-07,20.81624824040294,36.05480363895943,20.8162518458832,36.05480155733442,-36.05480363895943,0.0,9588036.558417205,11551881.124434173,0.40818138935375575,0.41306016633619524,1.1194335089974836,1.4293490588871054,1.628429331223944,3.938054717356602,8137400.818928219,14.204908455898435,13.101511083148978,0.30607452437219607,-0.012119656669029831,14.466669221733344,0.491304938108526,848286316.3989518,33.83988977457298,14529.011947398612,11648923.078532882,-5.767165439293416e-07,-3.652300196784854e-08,-12.662526534766041,33.831622045390176,74.02512055720183,74.02689624306808,48.99090637215262,67182.88077882597,77232600.98317474,1.0796390191683383,0.38226857920801294,1.3995654457405946,3.331816832534116,0.37769980132200554,1.2228907034720273,3.293382377947188,0.545140870501828,5.405954171068199,-13.8375,0.226375,0.140125,0.80859375,0.797375,1.1525,1.1745
11.519175,0.91425,11.3275,12.125,239.171875,0.09754716464982834,-22.634999999999998,8.96875,58.432500000000005,-58.432500000000005,2.0976058121622e-07,29.21624753035116,50.60403083248656,29.216252590754106,50.604027910861554,-50.60403083248656,0.0,12675829.079184867,23362083.807880174,0.40729624738284764,0.4122311974337478,1.1148994600908673,1.4236317227003723,1.6233272406102295,3.936212315828456,9325334.385291584,23.725125194813174,6.05440507887663,0.3438453281628669,-0.022496641548950348,20.07150955257424,0.4695055255838051,537580136.12786,27.947538877980918,25830.08615509587,23459040.480746627,-8.792315702307451e-07,-3.7691054931916826e-08,-18.46730294014315,27.959540782035873,151.69686534331316,151.70362672898878,109.22957354594274,67426.03208024554,77394095.19110776,1.0986698151456458,0.38194108413211364,1.3950621281386664,3.330520281482851,0.37731216607550805,1.2179238149390126,3.2922669180820847,0.5519806202482876,5.402309315506011,-18.4125,0.250375,0.226375,0.80703125,0.314375,1.3665,1.0485
9.480425,1.03375,14.2775,13.775,241.459375,0.09706046835521052,-18.575,10.77125,47.832499999999996,-47.832499999999996,1.7170877509989888e-07,23.91624797836002,41.42416129371348,23.916252120776033,41.42415890208847,-41.42416129371348,0.0,11470600.41214,16069962.480597785,0.4062694759785288,0.41137552041201797,1.10310855297122,1.408883681634286,1.610204376421238,3.931763771746666,9009779.620603025,17.78604550553793,6.357147641824217,0.5424300500806288,-0.00908007247692656,13.055278426088865,0.9470753498121777,726960344.3393975,22.37286662080587,18849.047897153152,16166968.813452717,-7.899163666438454e-07,-4.722604346986487e-08,-13.997491912945955,22.384701078883335,103.07348183534717,103.07491340010107,74.42084853778157,68070.9116187931,77816172.80484264,1.1379869193220888,0.3810362514585716,1.3832931805615196,3.32713486413474,0.3762463485851963,1.2049201902346502,3.2893460236961825,0.5618060432904403,5.392103606259668,-7.862499999999999,0.42362500000000003,0.452125,0.85265625,0.958375,1.4255,1.4595
7.852925,1.10725,13.9775,10.215,240.278125,0.09731161648317743,-21.005,11.943750000000001,56.582499999999996,-56.582499999999996,2.0311946411101298e-07,28.291247608541383,49.0018837903422,28.291252508729627,49.00188096121719,-49.0018837903422,0.0,11772772.710009439,15156276.622432057,0.40670289801013093,0.41171743427722,1.1091545986795246,1.4164495048965409,1.6169298476013207,3.9339875494874716,9078023.221663935,22.6070050868816,6.059726006499021,0.7889240162944817,-0.015724048561245495,13.554491466375548,1.2127648960080724,789812347.0413043,19.39498273344067,17854.658005726862,15253244.110507859,-9.388138509463041e-07,-6.181978524991877e-08,-15.72912968875283,19.40508695245943,122.2692665529982,122.27597812986676,94.56280950796574,67737.90005380547,77599615.20148878,1.1206189102424529,0.3814612963045329,1.3893297308156212,3.3288342290420174,0.376756772679754,1.2115960708174591,3.290809047846307,0.5588214066244347,5.396726791516641,-18.5125,0.665125,0.6786249999999999,0.82578125,0.891875,0.9015,0.9055
9.637925,0.76175,11.5825,13.925,244.85312499999998,0.0963654592340374,-18.115000000000002,7.7787500000000005,57.3575,-57.3575,2.0590155370914025e-07,28.678747575786023,49.67305349718646,28.678752543091232,49.67305062931145,-49.67305349718646,0.0,10821971.765734944,15546487.46574172,0.40464290732104835,0.4100084392836336,1.0859794389894109,1.3874392493649763,1.5909818572360466,3.925458290166556,8593391.517569106,22.29006633139004,6.047508413363991,0.3979926262864479,-0.018087959135308744,15.523284187326757,0.5683572983677347,585336505.855677,24.611408371946514,18247.068689762833,15643456.884542365,-8.353325128361331e-07,-4.240440657654566e-08,-14.416341341965678,24.625376045016377,121.98545344069214,121.99162606416182,84.33923263210178,69027.65913090062,78425154.47516823,1.1888047511881,0.379790525379902,1.3661102179932663,3.322352940757207,0.3747530484913482,1.186070547979688,3.2852558282010134,0.570331793305208,5.378499941475578,-13.5875,0.507625,0.32987500000000003,0.84046875,0.701125,1.1515,1.4635
13.242925,1.0092500000000002,13.2775,7.595000000000001,242.640625,0.09681458165235181,-23.885,18.96125,53.5075,-53.5075,1.9208085054425003e-07,26.75374773850622,46.338855598669824,26.753752372391652,46.338852923294816,-46.338855598669824,0.0,14727372.096645586,27961631.60292095,0.40564608568552596,0.41084071017902896,1.0970991066245945,1.401346122306313,1.603468377733982,3.92951133378848,10237766.4523613,20.58719789829025,5.400135389633947,0.3395869046984152,-0.016669778902944774,20.776604380580963,0.5838441500000852,600069955.9717841,24.877213706327957,30370.417486894694,28058606.48572915,-7.102579952764544e-07,-4.014564708973962e-08,-18.03859533816459,24.889091580917103,147.93073548615817,147.9374796205373,101.28445071256579,68403.92318378083,78030584.20603989,1.1555179569792366,0.3805988679166231,1.3772774599016442,3.3254459244145376,0.3757235549932448,1.1983002924818753,3.2878970735889252,0.5647579221744782,5.387304137619798,-11.4375,0.6433749999999999,0.626875,0.85609375,1.304875,1.0545,0.9475
13.566675,0.89125,14.2025,9.435,249.521875,0.09545964111884511,-21.605,18.24375,44.0825,-44.0825,1.5824705123799286e-07,22.04124813685372,38.176565938015464,22.04125195451021,38.17656373389046,-38.176565938015464,0.0,14015348.575467147,25212758.507977597,0.40262066803062624,0.4083583403278879,1.0631419059274188,1.3588624802174147,1.5651472283549315,3.9173397167408566,10047710.157791626,15.45142014484836,6.871314804905811,0.30015721521680516,-0.009168894579270639,17.98603472289662,0.5945469040183985,619872610.853333,27.546936360785562,27816.348250510237,25309778.586606108,-5.98529540182816e-07,-3.608369474049504e-08,-15.956040217234316,27.563091112468044,113.5815244679666,113.58227801931055,75.08431666249032,70343.84769728054,79232554.89619583,1.2433129037988628,0.37811757383758593,1.3430370732735721,3.3161195017685805,0.3727274196212317,1.160972046981747,3.2799662837867416,0.5706387957395216,5.360517769554298,-14.4375,0.107125,0.150625,0.88109375,0.38612500000000005,1.0635,1.1765
8.447925,0.84175,13.1725,12.545,242.32187500000003,0.0968808525781932,-21.375,7.42875,48.4825,-48.4825,1.7404214056929595e-07,24.24124795088778,41.98707782203448,24.241252149595443,41.98707539790947,-41.98707782203448,0.0,10638215.572710026,14584776.949964281,0.4058558590693754,0.4110271822765221,1.0987148127674904,1.4033807026955178,1.6052875603247214,3.9301286560656417,8604071.511549465,18.21551664552464,6.66760080364763,0.3873829228395188,-0.011741815266527523,13.365538173548082,0.7125025120805225,692629095.225131,24.38053750420366,17371.196901695344,14681771.705797305,-8.10416837080156e-07,-4.657980449819827e-08,-16.948026852277838,24.392924891820517,101.37475408083573,101.37649196008552,73.72233011979228,68314.06292021273,77972926.7201005,1.1507700561703436,0.38071355734032136,1.3788941307578897,3.325896157066858,0.37586151406323953,1.20007900704022,3.2882829154135633,0.5639523171406191,5.3885484459183415,-13.1875,0.379375,0.236875,0.86421875,0.6766249999999999,1.2555,1.4705
12.114175,1.07125,13.5225,12.015,241.57187499999998,0.09703671334841786,-19.755,7.84875,58.4825,-58.4825,2.0994007086771207e-07,29.24124752823791,50.64733210389586,29.24125259297098,50.64732917977086,-50.64733210389586,0.0,13075119.417702595,26218686.4954123,0.40612919585154644,0.41124231285685947,1.1025331490936774,1.4081486011463653,1.6095483844789358,3.9315228078167066,9608909.015649438,23.64062225005696,7.466231408626715,0.6214154936802672,-0.01672352520664904,18.580395992916184,0.985886542457847,692327506.0967222,21.04851315340903,28635.380158959455,26315648.721543692,-7.84578087244566e-07,-3.588023165986721e-08,-16.17072799197221,21.058294916968443,156.71437294970733,156.72114696598965,107.19548174711524,68102.62700593482,77836727.09023826,1.1396497581837997,0.38099576417979103,1.3827200274494167,3.3269742063972623,0.3761976966583306,1.204287620047012,3.2892079611316944,0.5620903995649598,5.391663641540722,-16.3375,0.20837499999999998,0.375625,0.75359375,0.533125,1.1635,0.7585
9.795425,0.79825,12.442499999999999,13.085,242.39687500000002,0.09686522501902757,-18.005,10.193750000000001,52.1075,-52.1075,1.870551403024718e-07,26.0537477976772,45.12641999920923,26.053752310319076,45.126417393834224,-45.12641999920923,0.0,11029674.055076355,15123636.667510139,0.4058268403054484,0.4110039833372387,1.098334711598959,1.4029052933719544,1.604862857691204,3.929989727906866,8716657.254199171,19.60216271793851,6.518658710054798,0.3726134282056247,-0.013662733899881511,14.719494444833696,0.6300929067606392,634375078.2631727,24.859199248343185,17883.737481414315,15220626.32962951,-7.977035652522271e-07,-4.3063903945940237e-08,-13.849820746970845,24.87239845707203,108.80201860440503,108.80799292846397,76.17054145674138,68335.2065116405,77986513.44921231,1.151886128930488,0.38068656986938865,1.3785135025371538,3.3257900686345248,0.375829056143483,1.1996600897010434,3.288191972720013,0.564141870777921,5.388255590296129,-0.6125000000000007,0.633625,0.552625,0.95078125,0.34762499999999996,1.1475,1.1895
9.069175000000001,0.9737500000000001,11.8125,10.495000000000001,246.596875,0.09602159071231829,-22.795,11.34875,54.682500000000005,-54.682500000000005,1.9629885735431395e-07,27.341247688844863,47.35643547678854,27.341252424488278,47.35643274266353,-47.35643547678854,0.0,11468239.359485406,15189638.35014895,0.40382303986016377,0.40932447508427666,1.0773389424216826,1.3766337289443606,1.581228214844326,3.92234031323113,8841815.83021195,21.138338584694377,6.267558690770039,0.318323765606328,-0.019593318378135344,15.917631203963893,0.5130279752527076,600777841.8982754,25.96286366130268,17902.034379362063,15286607.986372743,-8.430031864296248e-07,-4.95031798757332e-08,-17.641877493807655,25.978050723620026,118.6408202978568,118.64726699587429,86.78123413505826,69519.24763159674,78730382.59772956,1.2136858433576132,0.37915517954400024,1.3574007648780928,3.319972109224164,0.37398811204623666,1.1765820835964946,3.2832319485191928,0.5736226667595391,5.371608496501766,-14.6375,0.44762499999999994,0.17762500000000003,0.76234375,1.1823750000000002,1.0175,0.8684999999999999
11.134175,0.82575,11.0725,13.635,246.95312500000003,0.09595148205280778,-22.545,8.86375,50.807500000000005,-50.807500000000005,1.823884093636777e-07,25.403747852621684,44.00058694256725,25.40375225268026,44.000584402192246,-44.00058694256725,0.0,11819925.774109803,20023451.869139418,0.4037001695714948,0.4092306441071843,1.0755974768492615,1.374453371142429,1.5792653735644755,3.92172815741789,9002913.77207111,18.66563457338652,8.964486682782471,0.29711382527374436,-0.016579998237410905,18.046971919729714,0.37487625492830506,606672862.9701602,33.90868190441884,22653.854570899268,20120435.08785662,-7.96321414964169e-07,-3.5763024441147857e-08,-18.22362047110409,33.926569793865916,121.59492288328589,121.60114375907715,85.00329145763708,69619.67969087875,78792344.84277098,1.217256112285804,0.3790318509189614,1.3556438025064443,3.3194991973237515,0.37383766258678924,1.1746630146171322,3.2828296877138947,0.5732167324419796,5.370301039291159,-19.4125,0.6253749999999999,0.6996249999999999,0.81078125,1.089625,1.4745,0.7815
11.737925,0.87775,13.9525,12.415,236.978125,0.09802971065754179,-19.884999999999998,16.86125,57.3825,-57.3825,2.059912985348863e-07,28.691247574729395,49.69470413289111,28.69125254419967,49.694701263766106,-49.69470413289111,0.0,14005456.640501274,23378670.667047422,0.40833690611633133,0.4131114115779288,1.1264589235677411,1.4380381734233734,1.6361420963475983,3.9406147879839555,9975665.453753335,23.057594971166075,7.6732519023803905,0.6400005835840089,-0.014659008029861339,16.790717964857123,1.0433144909307193,720798363.4993665,20.825452169086248,25876.557268793717,23475640.24414189,-8.55460803743817e-07,-4.7718733843751326e-08,-14.580031731001508,20.834518248919945,146.05960463457174,146.0661868856049,105.5223504441908,66807.5820309827,76980451.79112557,1.0506147880682446,0.3827736002639709,1.4065514261960355,3.333843052141892,0.37829705164985433,1.230623181442939,3.295131056947828,0.5345480831032959,5.41158161897755,-18.7625,0.290875,0.326875,0.9104687499999999,1.185875,0.8405,0.8564999999999999
11.501675,0.9882500000000001,13.967500000000001,13.315000000000001,239.19062499999998,0.0975431158016463,-22.225,20.168750000000003,53.5325,-53.5325,1.9217059536999608e-07,26.766247737449593,46.360506234374476,26.766252373500087,46.36050355774947,-46.360506234374476,0.0,14623804.488918576,23214494.613723848,0.40729501198839246,0.4122314780046256,1.1148016551313302,1.4235110116666796,1.623219541560615,3.9361777614048212,10239285.7551056,20.909771218799694,5.035710594463975,0.45107092716030783,-0.012489088317155022,16.11226168469519,0.7669010959979633,596732725.9868407,22.53304529982695,25744.891085982104,23311473.820882495,-8.341719706953743e-07,-5.0839553954598115e-08,-15.733935405652879,22.543570347368362,137.44465435097746,137.45118421918582,99.642310430913,67431.31797810251,77397589.47637838,1.0990854662046512,0.3819339561729179,1.394964408433705,3.3304922262932863,0.3773037285185005,1.2178162267654222,3.292242818028047,0.5521295314843335,5.40223000424117,-15.8375,0.136375,0.606625,0.8714062499999999,0.8008749999999999,0.7044999999999999,0.8274999999999999
13.251675,0.91675,13.942499999999999,11.435,248.959375,0.09556593987119597,-20.925,17.596249999999998,51.557500000000005,-51.557500000000005,1.8508075413605892e-07,25.778747820922945,44.65010601370685,25.77875228593342,44.65010343583185,-44.65010601370685,0.0,14636338.79043373,27722153.370501056,0.40275711561872646,0.40844718209256065,1.0658461698599602,1.3622320268463755,1.5682045572455567,3.91825655181697,10283775.903245268,19.003475858331434,5.096335993806176,0.3865935441982224,-0.012151261649196719,18.70206234759162,0.6734325650338627,576946352.5428803,23.7103742714276,30181.38643316287,27819141.857232206,-6.891018065864283e-07,-3.803384398880592e-08,-15.603860794720422,23.72417217900516,139.30872424613278,139.3152558319527,93.58020034588031,70185.27076157213,79137324.19957206,1.237587342416698,0.3783124469842376,1.3457794118369826,3.316846271607946,0.37296574800956406,1.1639439983655608,3.2805803549848966,0.5711951246161063,5.3625762543543525,-12.6375,0.454375,0.100375,0.88984375,0.21637499999999998,1.2715,1.4525000000000001
11.335425,0.90175,11.6475,11.535,242.040625,0.09693949840298278,-23.085,19.97625,55.3825,-55.3825,1.9881171247520307e-07,27.691247659259368,47.962653276518836,27.691252455524562,47.962650507393825,-47.962653276518836,0.0,13612434.130103478,20469980.129259646,0.40592118875857985,0.41106987510712717,1.100141052048649,1.4051575537823897,1.6068732005747888,3.9306353955645608,9691393.979769364,21.400019390475016,6.572016824402312,0.30039884162336594,-0.019256031751852996,18.47809922093996,0.4801807838132836,563784664.413477,28.34422843053396,23049.463571589018,20566950.72981585,-8.052761915980203e-07,-4.655114781449038e-08,-16.724097681132978,28.35824443641466,134.732729442847,134.73910433218157,94.49719763904085,68234.77445235851,77921986.94310737,1.14659484778026,0.3808147184400193,1.3803225397111798,3.326294729096093,0.3759831725173568,1.201652179310605,3.288624787643884,0.5632638134829084,5.389646245365222,-7.387499999999999,0.36212500000000003,0.28337500000000004,0.99359375,1.3871250000000002,0.9844999999999999,1.3225
13.041675000000001,0.9072500000000001,12.1575,7.465,241.796875,0.09698938037496704,-16.735,9.58125,51.8575,-51.8575,1.861576920450114e-07,25.928747808243447,44.90991364216269,25.928752299234688,44.909911049287686,-44.90991364216269,0.0,12234420.525232194,24809988.75107642,0.40612726185550474,0.41125910043442887,1.101389441869289,1.406729687964617,1.6082844852578788,3.9311247020456674,9213561.202610346,18.926539705605894,7.8006942568856115,0.4884838033257826,-0.01690128797312706,22.048521805478707,0.6872443380856869,701957837.7445687,28.810603205257326,27342.625430288324,24906982.13827604,-6.666964181700333e-07,-2.8405656387272754e-08,-13.489039532607054,28.824583936509168,129.22796372460687,129.23409109151342,85.74648107081518,68166.05778021818,77877725.05108096,1.1429797133716695,0.3809148042925055,1.3815745449855312,3.32665349836497,0.3761003901080024,1.2030241259369416,3.288932502992181,0.5626591395496885,5.390784200173827,-6.7875,0.428875,0.407875,0.92234375,0.7728749999999999,1.4215,0.7635
9.961675,1.04975,12.2925,10.045,245.115625,0.09631308733126777,-18.685,17.64875,53.1825,-53.1825,1.909141678095515e-07,26.59124775224234,46.057397334509325,26.591252357981944,46.057394675384316,-46.057397334509325,0.0,12132816.928600969,15200012.040895283,0.40454388646655837,0.40993023556402824,1.0846724281514408,1.3858081617649527,1.5895126156429233,3.9249916847188095,9128043.07401014,19.52727539601936,6.644469625794731,0.37563319357902947,-0.016113396642835957,15.972518077952179,0.5529681772430937,637438515.4896259,25.649026724611385,17956.774826253437,15296999.61835945,-7.82127435965691e-07,-5.0343918214887935e-08,-13.080925053521598,25.6633940698707,108.97566456354784,108.98166020300584,76.809170626273,69101.6617008979,78471370.46522942,1.192793774710276,0.3796960620315789,1.36479444889601,3.3219924596176647,0.3746391274615755,1.1846342997291326,3.28494902093185,0.5709951392919103,5.37747902970796,-11.7875,0.287875,0.229375,0.86953125,0.737875,0.8714999999999999,1.2585
8.815425000000001,0.9597500000000001,12.842500000000001,12.445,236.52812500000002,0.09812693159215286,-20.145,10.631250000000001,57.7325,-57.7325,2.0724772609533085e-07,28.86624755993665,49.99781303275626,28.866252559717815,49.99781014613125,-49.99781303275626,0.0,11614151.947039517,15866317.464855805,0.40856628396640093,0.4133084074246626,1.1288516553049053,1.4410255894055282,1.6387883854099432,3.941542373396963,8952939.350402378,23.587496040455836,6.720455297442444,0.6239436597513238,-0.017205238962533828,14.602512239015557,0.9952997034881133,676083090.5804135,21.257258356487768,18534.865192854137,15963282.48687179,-9.108109814645486e-07,-5.2136686141825885e-08,-15.490505481645656,21.267211103633887,127.30035806247433,127.30680869959882,94.2295640877662,66680.72048241597,76895182.95489895,1.0408966616101802,0.382944169732078,1.4089225415249187,3.334534915128928,0.37849863265824735,1.233255263259232,3.2957296857346314,0.5309596357029732,5.4134847767209715,-12.3625,0.15962500000000002,0.692875,0.75390625,0.225125,1.3895,1.4435
11.055425,1.0922500000000002,14.3925,7.115,247.796875,0.09578667743574666,-22.865,14.23625,44.6575,-44.6575,1.6031118223015178e-07,22.328748112551352,38.67453055922249,22.328751980004302,38.674528326347485,-38.67453055922249,0.0,12687139.264679864,20154148.098165393,0.4033629011415989,0.40896125175892467,1.071481178059966,1.3693008267183988,1.574609839028002,3.9202701107287994,9497464.775129411,16.020502791269195,6.360406192976398,0.35018357560304997,-0.009983474331656127,16.044732965790796,0.681884811654086,629705275.3201221,25.249285037662535,22856.94063546622,20251159.83176463,-6.604889795702595e-07,-4.278034353866714e-08,-17.377351323731418,25.263867107875107,106.12804209569518,106.12918613525603,75.10108856757154,69857.54509444139,78939414.57245223,1.2257849415205266,0.3787273471609894,1.351481961352841,3.318374449833003,0.3734693428467812,1.1701334834576642,3.2818745759210457,0.5723555617012961,5.367019941456246,-13.6125,0.527875,0.15662500000000001,0.75453125,1.250625,0.8664999999999999,0.8414999999999999
12.061675000000001,1.0637500000000002,10.6975,7.005,241.29062500000003,0.09709617441155803,-23.395,12.39875,57.932500000000005,-57.932500000000005,2.079656847012992e-07,28.966247551483654,50.17101811839349,28.96625256858533,50.171015221768485,-50.17101811839349,0.0,13068023.709055103,24623867.687890623,0.40627297284167624,0.4113648754418659,1.1039681460307589,1.4099495277100076,1.6111526804518501,3.932059380990644,9450873.55894059,22.739037983136704,7.849650249260481,0.4165495034603408,-0.029923021604382278,24.475611038731685,0.522386808167039,635395140.3419917,32.05248641946609,27068.335820977118,24720825.802800015,-7.571889730023901e-07,-3.48679122572629e-08,-18.825335022243294,32.06672991167871,151.90973528191344,151.91642376452742,104.6269579261305,68023.33853808064,77785302.23339649,1.135495696661089,0.3810969716629424,1.3841535680782824,3.327376248560903,0.3763193032882431,1.2058700873139778,3.2895535204919906,0.5613794728526076,5.392763504173345,-3.6374999999999993,0.585625,0.167875,0.80765625,0.678375,0.7515,0.7545
9.104175,0.78475,13.4525,6.775,237.128125,0.0979961920668578,-21.215,16.93125,44.7825,-44.7825,1.6075990635888198e-07,22.39124810726823,38.78278373774576,22.391251985546496,38.78278149862076,-38.78278373774576,0.0,11774033.95503741,14402493.810764076,0.4084349729533832,0.41322295928381,1.1256668009934607,1.437075197904508,1.63529062484382,3.940358165934227,9056401.710210742,16.22597434707839,8.253720953511237,0.30506216762928223,-0.01127715894075635,14.632019144809224,0.6050870813981478,693336537.6273584,27.505542039218845,17243.097166350035,14499510.766820844,-6.796138201821989e-07,-5.030346924643164e-08,-15.126729918376736,27.51612874337675,91.22745754358704,91.2290700338248,65.8207878595467,66849.86921383828,77009007.7088765,1.0538635649369992,0.38271674119180304,1.4057621540782357,3.333613228651158,0.37822983605852023,1.2297478881874198,3.2949323759769618,0.5357293726541014,5.410947676816699,-14.137500000000001,0.517375,0.669625,0.95578125,0.4438749999999999,0.9895,1.3875
6.759175,0.72775,12.3625,6.385,248.978125,0.09556238267081307,-23.405,20.36125,60.3575,-60.3575,2.166709327986651e-07,30.17874744899106,52.271129781744875,30.178752676103894,52.271126763869866,-52.271129781744875,0.0,12124317.9559976,12262425.84107779,0.4026696031657047,0.40835988546536167,1.0657540588306875,1.3621062444110563,1.5680902968868737,3.9182088190741085,9138815.813513279,24.135140668986782,5.7248777610507435,0.5970844131311654,-0.025144831023911903,14.59642496913976,0.9324228206895939,632206721.810004,21.526624451588418,15009.42901587892,12359380.076353222,-9.49940591497886e-07,-7.810504896702375e-08,-15.877577663200686,21.540732885952764,122.28426710294025,122.29159967697123,97.53835107900619,70190.55665942906,79140506.48657393,1.2377779911474642,0.37830595647848003,1.3456878690807992,3.3168219744945984,0.3729578119342383,1.1638447344576837,3.2805598163744376,0.5711764987583671,5.362507693105284,-5.8125,0.150625,0.525625,0.97859375,1.301375,1.1795,0.7945
9.979175,0.83575,11.7175,7.734999999999999,236.565625,0.09811965971349143,-21.065,19.55625,45.2575,-45.2575,1.6246505804805675e-07,22.62874808719236,39.194145816134174,22.628752006606835,39.194143553259174,-39.194145816134174,0.0,11839902.07129796,14205644.451327141,0.40877606858013266,0.41352424510673463,1.1286572084507545,1.4408153762025306,1.638605300042926,3.9415275263641085,8988758.556295801,15.48751026230915,14.318405895708693,0.28125866350063056,-0.01697426999303833,16.715789241096562,0.4471037502708014,843154905.1522427,38.05306150060323,17048.977591571384,14302660.94295663,-6.320401956102173e-07,-4.528033114585358e-08,-14.72222996799735,38.059940104274325,91.01021872273039,91.01152338871495,62.115198733141106,66691.29227812987,76901767.59477624,1.0417044676850553,0.3829299699278986,1.408724789057893,3.334477139660133,0.3784818515247395,1.2330355942282003,3.29567966592466,0.5312534700744604,5.413326356972505,-1.9624999999999986,0.215125,0.17012500000000003,0.9410937500000001,0.580375,1.3885,1.3835
8.334175,1.08725,11.2575,11.155000000000001,244.065625,0.09652292102876774,-19.325,20.88625,42.7575,-42.7575,1.5349057547345272e-07,21.37874819285483,37.02908224566883,21.37875189576295,37.029080107793824,-37.02908224566883,0.0,11110049.335800387,9813614.54592485,0.40526825266368305,0.4105777422765255,1.0899294451196266,1.3924141026948462,1.5954661985561487,3.926975441885957,8683580.158915244,10.988554679941506,27.29496639624895,0.3147944118307687,-0.030433594266251193,13.375317973203073,0.3914913086198727,1188064130.349104,53.24825162995541,12822.755947720625,9910649.126141295,-6.893696907689393e-07,-5.5002018344074866e-08,-11.898904948071776,53.55977050143644,73.05327492721742,73.05591854077214,50.16274018832411,68805.65142090885,78285622.92480876,1.1768930180922137,0.3800860829111018,1.3700793550438501,3.3234527290693388,0.3751061844428862,1.1904027414639997,3.2861931063722154,0.5683594836055271,5.381748172597256,-15.037500000000001,0.663625,0.581125,0.84578125,0.6643749999999999,1.0425,0.8055
9.882925,0.90275,11.6225,6.005,245.00312499999998,0.096335426279013,-21.415,18.54125,59.7325,-59.7325,2.1442731215501408e-07,29.866247475406677,51.72986388912854,29.866252648392923,51.72986090250353,-51.72986388912854,0.0,12606051.974546257,17196868.455004655,0.4045376527265922,0.409914219427452,1.085231337379124,1.3864979351169155,1.5901336767891685,3.9251764103155278,9277489.406517923,23.640922790935562,5.587565500812758,0.3557402000397898,-0.027015618828573,19.19184020162108,0.5622641639906031,560994588.488991,24.889329633217017,19831.63620469463,17293827.989998892,-7.995329395099866e-07,-5.1319475852145625e-08,-15.641682954453186,24.90306319383457,133.94766851510457,133.95410471957666,96.1898685117466,69069.94631375621,78451643.59404093,1.1910832064871553,0.3797365476743476,1.3653581283379408,3.322146818010447,0.3746879550183864,1.1852494352124794,3.2850803675663505,0.5707108468826639,5.3779165397323565,-3.0375000000000014,0.40337500000000004,0.342625,0.89515625,0.659125,0.7394999999999999,1.0455
7.380425,0.85075,12.057500000000001,12.665,248.26562499999997,0.09569681020956813,-16.195,19.13625,56.3325,-56.3325,2.022220158535526e-07,28.166247619107633,48.785377433295665,28.166252497645242,48.78537461667066,-48.785377433295665,0.0,11402754.291215118,10365248.322944503,0.4030751690672516,0.40871006299853235,1.0692054846604069,1.3664394407237568,1.572023082187224,3.919456609551632,8854024.464914354,20.991120848234086,6.471768380136217,0.5155930036667802,-0.01629371437515812,12.772223948718338,0.7564252934890697,678927975.1216345,23.19192702270154,13231.282991462607,10462230.856306426,-8.92196625279963e-07,-6.723563931071567e-08,-9.866895738547427,23.20738526287647,100.40082530462564,100.40725335220183,73.80419050842944,69989.69254086504,79019432.8197783,1.2305262448344427,0.37856496392584876,1.349183580990455,3.3177606777648605,0.37327100870519053,1.167633156428643,3.281354302158513,0.5718832858769419,5.365301139491587,-18.0875,0.10562500000000001,0.36812500000000004,0.75234375,0.515625,1.1935,1.3935
8.255425,1.01875,12.7075,6.295,236.34062500000002,0.09816720726857181,-22.935,18.331249999999997,46.1075,-46.1075,1.6551638212342212e-07,23.05374805126712,39.9302674300924,23.053752044293756,39.93026512471739,-39.9302674300924,0.0,11697484.083522644,12975598.763606638,0.40877710968115316,0.4135074835221853,1.1298534486711767,1.4422930084295,1.6399113949991297,3.941962626615016,8972797.816205755,16.878074557196324,9.05976203430515,0.27126187628485804,-0.013983140573652991,14.659831705929491,0.5409572048034702,697418396.9907916,29.391779943799047,15823.741325946437,13072605.726955203,-7.14350227771304e-07,-5.6315649224085184e-08,-16.060457686264396,29.402516642758187,91.23048894846933,91.23236909889808,67.30119752977248,66627.8615038465,76859295.77938417,1.0368637624273982,0.38301518815966634,1.409911861140536,3.334824195024543,0.37858255049478273,1.2343546714566525,3.29598022765641,0.5294875158283503,5.414277083130782,-13.987499999999999,0.662125,0.434125,0.95640625,1.1543750000000002,0.9615,0.9835
13.592925000000001,0.9517500000000001,14.4575,6.205,239.04062500000003,0.09757554331509735,-22.975,13.57125,50.8575,-50.8575,1.8256789901516978e-07,25.428747850508437,44.04388821397656,25.428752254897134,44.04388567110155,-44.04388821397656,0.0,13947974.946482684,28591047.0649467,0.40740674794958975,0.4123327139525777,1.1155873111013572,1.4244947703043176,1.6240979333609895,3.936482319200075,9990286.875602005,19.57203433276081,5.186725948159788,0.41440961890466055,-0.013237105556849104,19.619136444881846,0.72786753873994,630669563.0700642,22.648798207353735,31003.4191700433,28688031.38805763,-6.904669557844765e-07,-3.7147231765916036e-08,-18.118788367969703,22.65878529779955,141.18913301605346,141.19579850644817,96.94565958529608,67389.03079524693,77369614.70858331,1.09576241880217,0.38199093648901017,1.3957462746252562,3.330716773494324,0.37737118986922874,1.2186774965287925,3.292435790945476,0.5509385015175461,5.402863920787371,-7.5625,0.109375,0.299875,0.99203125,0.680125,1.4935,1.4665
11.361675,1.0622500000000001,12.7675,12.205,248.528125,0.09564678541907257,-19.155,9.931249999999999,45.8075,-45.8075,1.6443944421446962e-07,22.903748063946615,39.670459801636554,22.903752030992486,39.670457511261546,-39.670459801636554,0.0,11212387.246607918,16945886.1654545,0.4031025270258081,0.4087609865997132,1.0679382887475002,1.3648711609675643,1.5706041033030151,3.9190407127817797,8811304.22625629,16.231243016690893,8.192191729523104,0.30747397190574466,-0.01087223481425505,15.477674272297966,0.5359328402103685,660182738.2691473,29.159652797776285,19732.94778904947,17042899.82553293,-6.980539255086908e-07,-3.705011330916527e-08,-14.961890904511037,29.17581064521421,99.73314725462774,99.73437773379274,67.9135434271552,70063.69511086235,79064063.46594682,1.2331863758398143,0.3784740190240068,1.3478986549653755,3.317418331582246,0.373159888000137,1.1662370077318394,3.2810644036698724,0.5716201273817185,5.364339078494884,-13.9125,0.498625,0.6088749999999999,0.99546875,0.35287499999999994,1.3695,1.1265
10.897925,0.83175,10.9325,10.375,241.834375,0.09698149869824045,-16.415,14.306249999999999,44.3575,-44.3575,1.592342443211993e-07,22.17874812523085,38.41472293076665,22.178751966703036,38.41472071289165,-38.41472293076665,0.0,10786323.320110515,14000371.84932775,0.40646327225985535,0.41160364853470555,1.1012063358258442,1.406551660189303,1.6081293032139863,3.9311515140879956,8556181.25974069,11.701194328363803,23.869635324922054,0.4040474316869084,-0.025442078419578074,17.25084315131887,0.5024916086003229,1160885390.953805,48.944181122130466,16893.437294356456,14097402.327126693,-5.50649272547143e-07,-3.39073090215532e-08,-11.955586623464304,48.807154292012825,86.20803054360887,86.20994199942838,53.009905550275306,68176.62957593211,77884556.39340961,1.1435353916883335,0.3809013059739759,1.3813837299381204,3.3266001185417284,0.3760841658578643,1.202813765358127,3.2888866760056894,0.5627539295657825,5.390637584947719,-11.8625,0.676375,0.338125,0.77515625,1.324125,1.2814999999999999,1.0295
11.807925000000001,0.9817500000000001,13.5175,9.815000000000001,243.296875,0.09667946973375456,-17.325,11.506250000000001,46.6575,-46.6575,1.67490768289835e-07,23.32874802802138,40.40658141559477,23.328752068679407,40.406579082719766,-40.40658141559477,0.0,11805804.848613475,19147108.471155033,0.4055347278596346,0.41078290815649865,1.093789669958573,1.3972301732161352,1.5997857625297989,3.9283475129024126,9100061.616042927,16.714437107539503,7.185381860114547,0.369559845007473,-0.010539607357354049,16.659870378301495,0.6001346808604412,681243864.3432872,25.81960241501329,21877.19394624833,19244123.759926222,-6.214912283700049e-07,-3.446236110054284e-08,-13.343388575197,25.83267480607947,104.36487134170287,104.36588017635574,68.78925657312622,68588.929608774,78148477.92344657,1.1653314211175136,0.38036272381940905,1.373956537550571,3.3245240298388037,0.37543936018365304,1.1946522443151983,3.2871081169804195,0.566416525578734,5.3847440291291155,-18.8125,0.627625,0.19337500000000002,0.77078125,0.19187500000000002,1.3345,0.8494999999999999
11.632925,0.9407500000000001,12.9075,6.105,237.80312500000002,0.09784616854779653,-19.515,18.82125,42.0075,-42.0075,1.507982307010715e-07,21.00374822455357,36.379563174529224,21.003751862509784,36.37956107415422,-36.379563174529224,0.0,12065331.861595677,16731410.386416871,0.40827166484736566,0.4131110542418038,1.1220989287903689,1.4326482498602582,1.6313621017760052,3.939029465748518,9143641.765369821,14.32104641526752,12.676082480842997,0.29233229087948404,-0.01223406659592529,17.042064485079123,0.5059307923287896,803033981.2040462,35.15823918508975,19568.25567169036,16828447.286676176,-5.729482706162829e-07,-3.930284181932432e-08,-13.834020616859632,35.165421682785855,88.90204654634704,88.90312968894526,59.2217487134246,67040.16153668839,77137136.22496673,1.0685512980718557,0.38246068512028425,1.4022170176308866,3.3325837478919205,0.3779270672174497,1.2258217402280525,3.2940434673063033,0.541135745474134,5.4080938093084105,-14.5875,0.511375,0.586375,0.96390625,0.921625,1.2734999999999999,0.8225
6.977925,0.9742500000000001,11.2425,10.195,243.63437500000003,0.09661052133451699,-17.645,19.206249999999997,44.4075,-44.4075,1.5941373397269138e-07,22.2037481231176,38.458024202175956,22.203751968919914,38.458021981800954,-38.458024202175956,0.0,10264674.61025784,7508373.249724084,0.40542706816948365,0.4107026350364144,1.0920927694203124,1.395117069493491,1.5978924442426665,3.92775911041059,8340034.3155501755,13.372737370137266,19.862727226369866,0.3221696736837868,-0.021128152924260322,12.223003010105518,0.4171310196855026,1029297286.0037054,44.09805000734345,10560.230882049087,7605402.886558437,-7.62546884942407e-07,-6.54560634369267e-08,-10.374574878389602,44.0207370777016,68.88704176092872,68.8898430054375,49.98889541789077,68684.07577019907,78208808.33459093,1.170398579641519,0.3802412718057105,1.3722526200609697,3.324052558148621,0.3752931216632181,1.192783456349576,3.2867051933265765,0.5672695230398817,5.3834283319832625,-7.512499999999999,0.569125,0.6906249999999999,0.91921875,0.8533749999999999,1.1855,1.2885
13.190425000000001,0.89675,14.4225,12.845,242.75312499999998,0.09679145654549058,-22.165,14.65625,50.0075,-50.0075,1.795165749398044e-07,25.003747886433672,43.30776660001834,25.003752217210213,43.30776409964333,-43.30776660001834,0.0,14535664.544317907,28852627.895224977,0.40562254374843376,0.41082625260468186,1.0965306194947921,1.4006382782224212,1.6028355824823814,3.9293096026152465,10280311.552169133,18.943630974269524,5.018664112006571,0.4054434372194779,-0.010613670265309908,17.87598421878935,0.7369261878236832,584681003.1882496,23.001645211704634,31279.763352023976,28949618.085855998,-6.893502270646432e-07,-3.6892681208782636e-08,-17.081075946942804,23.013160659811337,139.74604076278487,139.75267056230862,94.23825591345002,68435.63857092251,78050740.25572975,1.1571965576677634,0.38055838220850385,1.3767074469190401,3.3252874002576878,0.37567484578781885,1.1976735751891747,3.2877613025386236,0.5650422547297366,5.38686500851855,-11.4125,0.12587500000000001,0.236125,0.98671875,0.323125,0.8724999999999999,1.1005
9.952925,0.90425,10.8725,6.885,245.453125,0.0962460247106084,-17.435,8.00625,43.3075,-43.3075,1.554649616398656e-07,21.653748169609084,37.505396231171204,21.653751920148604,37.505394065796196,-37.505396231171204,0.0,9407687.067313582,11384859.653641434,0.40482094437370486,0.41024086408599386,1.0830033674099768,1.3837848789675309,1.5876907252016492,3.9245002839501053,7980445.232900297,11.37376249135004,27.739776787712135,0.37585823058776074,-0.03847016696757921,16.886422450640847,0.5160407366075006,1296817855.8114824,52.681038665818065,14344.649041351475,11481889.21591442,-5.343344548065361e-07,-3.426767235006438e-08,-13.800012708181272,52.98120653671046,78.27557799670215,78.27820689237164,49.22471545070893,69196.80786232294,78530662.68622655,1.1979445390040813,0.37957444052988976,1.3631047622910377,3.3215303276775368,0.3744924561623932,1.1827919516549485,3.2845560587021767,0.571929499103435,5.376164327438523,-3.162499999999998,0.12062500000000001,0.6606249999999999,0.86515625,0.496375,0.8785,0.8334999999999999
9.340425,0.82025,12.1275,6.565,241.23437500000003,0.09710809718517605,-20.655,10.85875,56.057500000000005,-56.057500000000005,2.0123482277034616e-07,28.028747630730507,48.54722044054448,28.028752485452415,48.54721763766947,-48.54722044054448,0.0,11261170.80554882,15435565.064850703,0.4063255731847371,0.4114136940660327,1.104255931166852,1.4103150195379843,1.6114784072736579,3.932176688283822,8766926.9321936,21.99580731297212,5.935711826173399,0.38332707365356106,-0.02176479670522203,17.23384031297941,0.6457751957203455,602033118.0260693,23.952293974601687,18133.814541899825,15532534.59033644,-7.790954254143081e-07,-4.6124635054762696e-08,-16.192742984010035,23.964679080992894,120.0530219629312,120.05932610403899,86.3383024152031,68007.48084450979,77775000.69980873,1.1346660430530682,0.3811172112392646,1.3844404434705995,3.3274567963550448,0.376343620147367,1.206187015718692,3.2896228004726487,0.5612372951036415,5.392983523734055,-12.4125,0.46487500000000004,0.151375,0.95390625,0.508625,0.8185,0.7414999999999999
10.127925000000001,1.1047500000000001,13.092500000000001,10.785,242.34062500000002,0.09687694390823254,-16.585,8.846250000000001,46.1575,-46.1575,1.656958717749142e-07,23.078748049153873,39.9735687015017,23.07875204651063,39.9735663936267,-39.9735687015017,0.0,10346747.935279869,13612586.320936147,0.40597841949342567,0.41115325985559925,1.0986224449695212,1.4032838908979475,1.6052022781471216,3.9301278447429886,8463825.125854962,16.52788031660035,7.951474193467897,0.35579399464670425,-0.010618085475012454,14.186562060159252,0.6380735954365184,701586385.5558001,26.57780819257795,16483.7301314041,13709604.462147534,-7.038428663452908e-07,-3.9800926531705295e-08,-12.840054824115338,26.589902293267535,90.173699945205,90.17531191688434,62.440520676120215,68319.34881806967,77976324.41371755,1.151049054311986,0.3807068110788562,1.3787989933308638,3.3258696342103398,0.3758534008008688,1.199974285151045,3.2882601762428765,0.5639997054504473,5.388475227557408,-15.7875,0.449125,0.509125,0.83109375,0.855125,1.3765,1.2345000000000002
11.002925000000001,0.98475,12.2325,7.345000000000001,248.15312500000002,0.09571836635597149,-16.925,14.393749999999999,43.7825,-43.7825,1.5717011332904036e-07,21.891248149533215,37.91675830955962,21.891251941208942,37.91675612043461,-37.91675830955962,0.0,10986169.597500797,14535242.762008363,0.403446519902507,0.4090778384354691,1.0697577079131102,1.3671763709446834,1.5726910664793945,3.919726326720391,8690037.82042279,14.34394464144455,12.63405578881237,0.3336309566703063,-0.013708027423303107,16.779767560932676,0.47835730190162573,819786075.6619815,35.7169964005213,17428.674543070345,14632274.860492788,-5.833548190045537e-07,-3.658171777694974e-08,-12.407364851386738,35.725481774459766,85.81979561198952,85.82115008447268,55.93909992162167,69957.97715372339,79000223.906809,1.2293872899649818,0.3786039355675029,1.3497347393770238,3.3179076953311495,0.3733186183478293,1.1682324080195183,3.281478864324065,0.5719963262450826,5.365713515202192,-2.4624999999999986,0.382375,0.609625,0.93140625,1.068625,1.0375,1.1195
8.194175,0.79575,10.6375,13.745000000000001,247.77812500000002,0.09579028821903744,-17.535,10.088750000000001,60.332499999999996,-60.332499999999996,2.1658118797291903e-07,30.16624745004768,52.249479146040215,30.16625267499545,52.24947612941521,-52.249479146040215,0.0,10450784.35159351,12123628.875803946,0.403289301571769,0.40888484419768445,1.071570203795481,1.369402462756169,1.5747014753546456,3.9202876370072444,8401905.477305572,23.676795009440344,6.478963452160317,0.37622377841824695,-0.022420290819190464,14.750653089033104,0.5202122299246906,591537927.7286855,25.697233254950536,14893.233714046462,12220591.13203066,-8.545355586640416e-07,-5.023875161727794e-08,-13.282417047217843,25.713373275757828,117.20761825353819,117.21387207457501,81.03382734172651,69852.25919658443,78936203.883063,1.2255955961915497,0.37873383955007917,1.3515740065981765,3.318399065591872,0.3734772704940187,1.1702336704685465,3.2818954512667275,0.5723745169559743,5.3670886751182865,-3.9875000000000007,0.17762500000000003,0.10337500000000001,0.75578125,0.109625,0.7835,1.0405
9.690425000000001,1.02925,11.1575,6.045,249.821875,0.09540333182965481,-16.055,13.41375,55.5825,-55.5825,1.995296710811714e-07,27.791247650806373,48.135858362156064,27.791252464392077,48.13585558303105,-48.135858362156064,0.0,10789255.46997301,13439782.587937288,0.402438385609235,0.40819977958676923,1.0617006811903884,1.357054077771642,1.5635039768526082,3.916832841434421,8534027.390074061,20.140799077093543,7.504165578254703,0.3974209729433085,-0.023347474089942363,18.249806688159154,0.530198555349717,634113266.0968776,27.53803529691432,16233.740729115509,13536765.399628457,-6.965721305714633e-07,-4.399630935205378e-08,-11.87349615038843,27.55507173655184,106.63177366531812,106.63767383949947,71.79453332949751,70428.42206299168,79283117.52537423,1.2463735131743612,0.37801364104462115,1.341577499863378,3.3157337293041858,0.3726002504131564,1.15939240824808,3.2796407045732496,0.570343926320906,5.359420722511403,-13.712499999999999,0.17162500000000003,0.259375,0.91671875,0.12712500000000002,0.7004999999999999,1.3945
7.397925,0.7132499999999999,11.9675,6.155,242.30312500000002,0.09688476245955026,-16.345,11.80375,44.6325,-44.6325,1.6022143740440573e-07,22.316248113607976,38.652879923517844,22.316251978895863,38.65287769189283,-38.652879923517844,0.0,9265085.390867457,7951378.82102843,0.4060711659103712,0.4112446465954653,1.0988142634286735,1.4035373316367903,1.6054297916314804,3.9302282430449647,7970911.284195028,14.913129234698506,12.759491575350678,0.31963271661724363,-0.015086975522697717,13.075249767620361,0.5038098851513555,843692122.9291031,33.55463801747098,10985.925923811008,8048406.693982102,-7.036651599053097e-07,-5.3566006664445036e-08,-11.659979328933318,33.550912853425906,69.02044632748776,69.02372600272992,49.48721721237024,68308.77702235577,77969528.3424585,1.150491108216719,0.38072030391953793,1.3789892890437487,3.325922688600719,0.37586962920599604,1.20018380221573,3.2883056712260954,0.563904928812478,5.3886216672498755,-9.212499999999999,0.42437500000000006,0.348625,0.8885937500000001,1.4011250000000002,1.0615,1.1644999999999999
10.652925,0.76575,14.4125,9.055,238.328125,0.09773068499950398,-16.064999999999998,10.71875,45.6325,-45.6325,1.6381123043424735e-07,22.81624807134299,39.51890535170398,22.816252023233417,39.51890307007897,-39.51890535170398,0.0,11191983.270856421,16361514.365232695,0.40792576986070883,0.41280219146903846,1.1193297797768036,1.4291841541817063,1.628279710269109,3.9379508469782185,8899032.75716199,16.603153359810243,6.9891071428572955,0.4775513826472895,-0.008961388364428943,14.686856640248255,0.7985554074526087,740651371.1011174,23.210941866474986,19172.101699566603,16458537.42847536,-6.379354279626778e-07,-3.820221206192254e-08,-12.23504953488563,23.22117576554234,95.2410488237331,95.24231011676471,64.78627779264286,67188.16667668293,77236127.36888738,1.0800508213462312,0.3822614587533178,1.3994673673284317,3.3317885118187958,0.3776913769406284,1.2227823796497055,3.293357982938125,0.5452893457317043,5.40587486795086,-1.2874999999999979,0.334375,0.4423750000000001,0.99734375,1.320625,0.9784999999999999,0.9844999999999999
7.511675,1.08575,10.7325,8.504999999999999,246.465625,0.09604735422980983,-23.975,14.77875,58.5325,-58.5325,2.1011956051920414e-07,29.266247526124662,50.69063337530517,29.266252595187858,50.69063044868016,-50.69063337530517,0.0,11172659.072978668,11607751.638715146,0.40385835371158624,0.40934895687408474,1.0779814446454519,1.3774372041647225,1.581950934520472,3.922565746738621,8655912.989118097,23.22685426443507,6.847090992967132,0.2929236055337967,-0.02878456818744187,15.84161378387536,0.48976252385098357,593700458.6813406,27.591927085589106,14371.952814288808,11704707.708288753,-9.016099133705218e-07,-6.29634601435787e-08,-17.61767207555585,27.60831402956312,115.82569912275238,115.83256772661032,87.5245006753637,69482.24634659811,78707628.6618498,1.2123683862637413,0.3792006400832846,1.358048814723951,3.3201468302322192,0.37404354911166665,1.1772905050673415,3.283380673907708,0.5737578131851989,5.372090916921641,-10.6375,0.4633750000000001,0.304375,0.89078125,0.746625,1.2765,1.3495
9.550425,1.0682500000000001,12.1425,8.285,237.67187500000003,0.09787519105210093,-18.905,16.598750000000003,49.1325,-49.1325,1.76375506038693e-07,24.56624792341554,42.54999435035547,24.566252178414853,42.54999189373046,-42.54999435035547,0.0,11594720.32648759,14027195.077415163,0.40817713847124243,0.4130047675460679,1.1227883405583052,1.4334868760455295,1.6321057181647334,3.939257404098467,8908844.293963233,17.762252470283652,8.73606778079127,0.3269703950961457,-0.015150672201487619,16.06457784854009,0.4878881985685389,670865843.6662688,28.846042454922877,16841.032819046904,14124197.940558113,-6.842358330684646e-07,-4.6756274057051514e-08,-13.453924303564136,28.857670889937687,97.53244296539313,97.53392542711195,67.72382370716949,67003.16025168978,77112307.94879693,1.0656867289761494,0.3825104728216649,1.4029054922871904,3.332783298791521,0.3779859520490574,1.2265835043852091,3.294215627633968,0.5400986464642817,5.408648506921245,-4.037500000000001,0.31637499999999996,0.48587499999999995,0.99484375,0.114875,0.9365,1.0335
7.1004249999999995,1.0822500000000002,12.9475,6.095,249.39062500000003,0.09548435396213666,-21.285,8.16375,46.7575,-46.7575,1.6784974759281916e-07,23.37874802379488,40.49318395841338,23.378752073113162,40.49318162053838,-40.49318395841338,0.0,9842221.49697354,10906194.728828855,0.4026460985939621,0.40837279800259657,1.0637715108849477,1.3596482468510764,1.5658609834817094,3.9175597160358158,8259896.992885716,16.71603150367766,7.557344838823634,0.3566148471953614,-0.013724881379659857,13.255026950930093,0.6700433428517721,685075197.6795769,26.213071719549024,13813.635357790956,11003197.585842459,-7.594059202519331e-07,-5.240314318455859e-08,-16.607229189276072,26.2281991917477,86.48046772376595,86.48324753951877,64.91426448429978,70306.84641228193,79210389.27538222,1.2419756107190352,0.37816304307337245,1.3436763200761497,3.3162886829285743,0.3727830420141137,1.1616643431513307,3.280109147397949,0.570768264369227,5.360997877085493,-4.112499999999999,0.47387500000000005,0.373375,0.96359375,1.380125,1.4695,1.3695
10.390425,0.89975,14.2275,7.195,237.090625,0.09800456462720247,-18.435,9.056249999999999,54.832499999999996,-54.832499999999996,1.9683732630879017e-07,27.41624768250511,47.486339291016456,27.416252431138908,47.486336549391446,-47.486339291016456,0.0,11771258.92839551,19055209.943925492,0.4083305109608196,0.41311389007238103,1.125862865306269,1.4373017722435424,1.6354899058737105,3.940398716537387,9092464.73552484,21.625043517021368,5.777882637516699,0.725587846796592,-0.01486067118455923,16.26717120755536,1.121940435807044,736472707.2633661,19.7552096286048,21680.57142925734,19152187.900629982,-7.667406026862305e-07,-4.255387624284079e-08,-14.666489438233151,19.76438070341119,126.56425654829232,126.57051533795064,90.58591634480877,66839.29741812438,77001872.34112343,1.053050835895096,0.38273096108774307,1.4059594318810777,3.333670653692501,0.3782466450754285,1.2299665999653113,3.2949820066720283,0.5354339867670357,5.4111062258196805,-1.1125000000000007,0.278875,0.46487500000000004,0.94203125,1.313625,1.1295,1.2845
10.644175,1.0642500000000001,12.4075,9.885,245.284375,0.09627935874750905,-17.935,19.94125,52.9825,-52.9825,1.901962092035832e-07,26.491247760695337,45.884192248872104,26.491252349114436,45.884189599747096,-45.884192248872104,0.0,12925402.766063944,17663150.976811092,0.4044908703392405,0.4098907550946102,1.0838336301639289,1.38476281114365,1.5885703641998217,3.924694116554078,9477402.386411965,19.330574128121537,6.592842596763934,0.38081136086223716,-0.015531790387832848,17.276541316531098,0.5731752972945611,609586906.4462476,25.872146959659926,20369.643373152117,17760142.221789714,-7.010246966252519e-07,-4.554970614309439e-08,-12.294436311939272,25.88676932346,115.0630936037704,115.0689785198984,77.94283038972864,69149.23478161042,78501158.47137779,1.195362499353657,0.3796353364819842,1.3639494632281033,3.3217612817022983,0.3745658767081634,1.1837125639561497,3.2847523776350163,0.5714205016117007,5.376823046559562,-0.3874999999999993,0.355375,0.614875,0.96609375,0.716875,0.7505,0.7595
10.162925,0.93825,10.5625,10.075,240.89687500000002,0.09717971110923732,-23.245,17.106250000000003,52.5825,-52.5825,1.8876029199164657e-07,26.291247777601335,45.53778207759765,26.291252331379415,45.53777944847264,-45.53778207759765,0.0,12304346.70287542,16785657.070146814,0.4065458780605096,0.4116093436126507,1.1059832892139092,1.4124902057850248,1.6134143211244525,3.932837113170463,9131399.00333226,19.29160259321151,10.987837656268571,0.2937059843611522,-0.022651225990799658,18.8737661937263,0.3849718506724433,712080355.1628897,35.83213191050918,19474.82454253076,16882635.925063416,-7.015279350439826e-07,-4.253780444608818e-08,-17.301153016403568,35.847225877428535,116.0324388083791,116.03840047371482,77.63473025398898,67912.33468308473,77713185.40944703,1.1296956297317247,0.38123865842100496,1.386163595818593,3.32794124570487,0.37648949079943445,1.208091435738568,3.290039632137072,0.5603877520720127,5.3943040372269495,-12.9375,0.393625,0.527875,0.95953125,0.811375,1.3835,0.8634999999999999
8.762925,0.75125,12.9175,6.605,248.24687500000002,0.09570040077672955,-20.895,17.29875,58.9075,-58.9075,2.1146573290539474e-07,29.45374751027529,51.01539291087497,29.45375261181444,51.01538996549996,-51.01539291087497,0.0,12406495.47488038,15737382.445524618,0.40303098738729864,0.4086632918535292,1.0692951954355085,1.3665424646981734,1.5721157000258654,3.9194672498553094,9280717.663743384,23.11164717592596,7.044535801002089,0.6456529814668286,-0.021339315953977502,16.191093028840115,1.0030524763639548,699349793.5947969,21.142110714535573,18420.521511651397,15834345.09934937,-8.502824589989927e-07,-5.887640483973384e-08,-15.07176958206887,21.15522002864395,127.90357135609676,127.91018670612151,95.89856568723371,69984.40664300813,79016232.44465554,1.2303363211616332,0.378571454728219,1.3492753798010773,3.3177851559682248,0.37327893982505056,1.1677329718722755,3.281375042457622,0.5719021125884972,5.3653698074446,-8.8875,0.575875,0.466375,0.97890625,0.753625,1.3435000000000001,1.4235
9.086675,1.0987500000000001,11.3975,10.745000000000001,244.478125,0.09644087802702599,-19.035,10.10625,47.2825,-47.2825,1.69734388933486e-07,23.64124800160576,40.94784730821111,23.641252096390378,40.9478449440861,-40.94784730821111,0.0,10149236.318519203,11704506.670670528,0.4049853382135341,0.4103246519934244,1.0878550273664125,1.3898101129183122,1.5931169076846898,3.9261847352350845,8295340.413834466,16.49615269769229,11.50147257232596,0.2854189165238445,-0.01568249726376947,14.699370760511552,0.456501747082615,732888620.368788,34.09618091735413,14596.964461074156,11801513.939665487,-7.07378073336001e-07,-4.3861447667188654e-08,-14.511477908816552,34.10797689801698,88.58693448508699,88.58872942038018,61.00589555446751,68921.94117376168,78358738.29927678,1.1831241114232667,0.3799253892712444,1.3679926052762537,3.322869666341634,0.37491565802340276,1.188127406492402,3.285695994330361,0.5693840821007164,5.379958113657508,-9.9125,0.692875,0.591625,0.78078125,0.487625,1.1535,0.9955
10.871675,0.89825,10.8775,10.915,238.421875,0.09771016609084415,-18.515,11.76875,49.3325,-49.3325,1.7709346464466132e-07,24.66624791496254,42.7231994359927,24.666252187282367,42.72319696936769,-42.7231994359927,0.0,10835519.683087748,14808380.68431345,0.4078605664865127,0.41274361042510593,1.1188363899541278,1.4285670585513128,1.6277301869782927,3.9377612139561027,8535699.627721943,17.19419530815141,12.621813145575246,0.34670918154253844,-0.017989180962712435,17.317236643235017,0.4391944970588819,784294797.4191167,36.17593336112504,17598.12930532008,14905381.175587503,-6.831128016973724e-07,-3.7794705608133125e-08,-14.160492518043636,36.18723165101539,100.34113406607014,100.34237221809283,66.30997493743813,67214.59616596764,77253749.06780553,1.082111218151631,0.3822258783550563,1.3989770537441208,3.3316470049126554,0.37764927227169076,1.2222409237247251,3.2932361093297757,0.5460318670701655,5.405478740405487,-7.5375,0.43337500000000007,0.330625,0.80421875,0.765875,0.7104999999999999,1.4645000000000001
13.487925,0.76375,12.2525,11.345,246.65312500000002,0.09601044383430846,-17.665,14.86625,56.0075,-56.0075,2.0105533311885406e-07,28.00374763284375,48.50391916913517,28.003752483235534,48.50391636876016,-48.50391916913517,0.0,14108123.652018527,29659560.16120131,0.40378979923575054,0.409295450657634,1.0770634057569428,1.3762855351118402,1.5809145873849897,3.922234702560685,10006750.378383476,20.992475054063956,6.444014421281805,0.5217609002891509,-0.017193696292230918,22.169611345078206,0.6959851316304705,666462605.510225,27.34296204314205,32041.730989153937,29756538.472557947,-7.344888228538093e-07,-3.123870556348408e-08,-13.563718726899701,27.357022344037624,153.16921021328483,153.17587993540602,103.01457317901225,69535.10532516759,78740224.30009957,1.2142484765149915,0.37913569246600914,1.3571231264828654,3.3198972978427803,0.3739643477359111,1.1762787072904195,3.283168290061319,0.5735634472247135,5.371401784489003,-8.387500000000001,0.528625,0.665125,0.98515625,0.666125,1.0275,1.0975
9.655425000000001,0.96625,13.442499999999999,8.455,245.415625,0.0962534769239467,-20.945,9.73875,45.0825,-45.0825,1.6183684426783448e-07,22.541248094588735,39.042591366201606,22.541251998847763,39.0425891120766,-39.042591366201606,0.0,11097126.062851487,15710918.701883767,0.40451745634183467,0.4099290235842635,1.083182898984501,1.3839622428786993,1.5878484995641196,3.9244809762423682,8803358.139073314,16.269473905739737,7.433150505595733,0.3176682885675302,-0.011112174208017396,14.991129354763427,0.6368357991884945,663246567.2299366,26.70006337380729,18520.136646356426,15807931.006874193,-6.69474989887368e-07,-4.133519371936228e-08,-16.41190999657482,26.713886731421137,96.08690082463451,96.08837999632284,67.65597554083267,69186.23606660905,78524071.4895321,1.1973725656295944,0.3795879371482,1.3632923136528199,3.3215815641066415,0.3745087408308726,1.182996418946381,3.284599619486331,0.5718346570359452,5.376310100968963,-3.4125000000000014,0.44162499999999993,0.599125,0.96640625,0.9391249999999999,0.7214999999999999,0.9875
12.096675000000001,1.00325,13.717500000000001,7.825,238.365625,0.09772247365220875,-17.134999999999998,7.60375,60.082499999999996,-60.082499999999996,2.1568373971545863e-07,30.041247460613928,52.03297278899368,30.041252663911063,52.032969784868676,-52.03297278899368,0.0,12446506.673129633,24312094.04141049,0.4076972465813676,0.41257324708580007,1.1191282192977985,1.4289022561257658,1.6280262973326807,3.9378181475095557,9330311.50275345,24.59347960290067,5.038835946238935,0.6353500919477422,-0.01885697941309082,19.217125784154923,0.9381573110330257,676909392.128439,19.830987909086485,26771.613653721914,24409056.821300164,-7.720227325767917e-07,-3.545013464419783e-08,-14.012129021861783,19.837825180008657,153.6141805099002,153.62076751506814,105.38059539971805,67198.7384723968,77243178.09856728,1.0808747746053926,0.38224722827098995,1.3992712053994638,3.3317318894883687,0.3776745369777962,1.2225657383789559,3.293309213170575,0.5455863251863791,5.405716440132029,-13.9625,0.5788749999999999,0.160375,0.92109375,1.175375,1.3375,0.9584999999999999
6.706675,1.1077500000000002,13.0225,12.395,240.915625,0.09717571606716198,-23.895,14.21875,42.5825,-42.5825,1.5286236169323045e-07,21.2912482002512,36.877527795736256,21.291251888003877,36.877525666611255,-36.877527795736256,0.0,11233133.738096533,12703185.375498794,0.406575412467485,0.41164105092549635,1.105888209289291,1.4123773113929974,1.6133145779213682,3.9328157349454758,8839688.76988963,15.68431348103106,9.522457590957298,0.2610055519471514,-0.010063930356190208,12.110945322388515,0.5844791830481053,721404362.355586,30.441464941990546,15597.21263242264,12800204.593686331,-7.660685576737141e-07,-5.58796958869657e-08,-17.056662258330075,30.452895687399714,85.54664521104084,85.54867814871801,63.452599593755494,67917.62058094166,77716630.30446441,1.1299714334720758,0.38123190759594594,1.386067824410892,3.327914287159582,0.3764813837663447,1.2079854940747787,3.290016417458894,0.560435146010018,5.39423058511961,-5.1875,0.422125,0.366625,0.82640625,0.9531249999999999,1.1035,0.8484999999999999
7.739175,0.88875,12.3775,11.455,238.89062500000003,0.09760804989678205,-23.215,12.04875,58.307500000000005,-58.307500000000005,2.093118570874898e-07,29.153747535634285,50.495777653963295,29.15375258521191,50.49577473858828,-50.495777653963295,0.0,11659193.233896663,14637742.668327842,0.40742686969410824,0.41234116548287875,1.1163718232511455,1.4254659973262942,1.6249641043965781,3.9367715899246587,8946309.082382899,23.924358974761233,5.460457342572287,0.48431420093891303,-0.020187320605021465,14.420122277017235,0.7803802039637323,632738638.9472028,22.135588423551276,17319.427382383896,14734699.849513263,-9.53562573756719e-07,-5.995123312680437e-08,-17.59337706234286,22.14638174614352,125.70029258080561,125.70703969028587,95.5268933946991,67346.74361239134,77341597.1426438,1.0924446678264301,0.3820478998461059,1.3965286420876757,3.330941684006803,0.3774386255236967,1.2195397546813562,3.2926291605878726,0.5497480682586362,5.403497723890563,-10.5875,0.272125,0.575875,0.93046875,0.270625,1.2245,0.8694999999999999
13.549175000000002,0.97675,14.1675,12.745000000000001,246.296875,0.09608061185977392,-20.835,11.92625,45.3075,-45.3075,1.6264454769954882e-07,22.65374808507911,39.23744708754348,22.65375200882371,39.23744482216848,-39.23744708754348,0.0,13386749.968587782,26496729.874822736,0.40408039948443325,0.4095598249148088,1.0788121232200267,1.3784992173314166,1.5829066690062135,3.9228918228868466,9813175.848136045,16.31698614612502,6.225595227939575,0.3235229399352525,-0.008813180726201674,17.51958651125706,0.607167817171918,600263335.740238,25.746626338719757,29045.265282877157,26593742.58517596,-6.200482021830727e-07,-3.207982943169325e-08,-16.37067881634341,25.760604696590867,119.37522511678338,119.37591640007653,77.3963862049134,69434.6732658856,78678283.40634573,1.2106756610631872,0.3792590938276791,1.3588827255134996,3.320371874930523,0.3741148142471563,1.1782023839291682,3.2835722878138673,0.5739319555016725,5.372711361883319,-3.3374999999999986,0.43637500000000007,0.644125,0.79359375,0.6906249999999999,1.1705,0.8604999999999999
7.371675,0.72825,11.2025,10.335,247.29062499999998,0.09588581795940977,-23.555,16.17875,52.7825,-52.7825,1.8947825059761486e-07,26.391247769148336,45.71098716323487,26.391252340246925,45.71098452410986,-45.71098716323487,0.0,11207463.95159027,11498049.400925115,0.4035337608132683,0.40909112770222944,1.0739503111172573,1.3723859807817858,1.577401996840999,3.9211445821298034,8718111.497268358,19.56441099781803,8.037538211726238,0.26224087050500083,-0.02007064688436792,14.35627025560772,0.4527214483245262,622469533.050756,29.722580190568337,14320.494158477642,11595026.348691035,-8.509967210960218e-07,-6.073048548187678e-08,-16.774998600086093,29.739269769956056,101.18942038777989,101.19593937221917,74.78182802881577,69714.82585230378,78850522.87662815,1.2206542919600627,0.3789149313356567,1.3539818549983518,3.319052799914281,0.3736949999871909,1.1728498348250203,3.2824503568463386,0.5728724226859581,5.369061530272505,-13.4875,0.116875,0.49187499999999995,0.95296875,0.204125,0.7995,1.3275000000000001
12.157925,0.95875,12.4375,13.335,235.609375,0.09832695047768311,-19.715,12.53875,44.4325,-44.4325,1.595034787984374e-07,22.216248122060975,38.47967483788061,22.21625197002835,38.479672616255606,-38.47967483788061,0.0,11747991.800224587,18171238.07046891,0.40922257653619737,0.4139013008701165,1.133763257976316,1.4471852619251517,1.6442341324315144,3.943496469961769,9000168.654797142,15.947816297940873,10.633889730384576,0.30396257056146503,-0.01067584991089132,15.939493455615713,0.46763578564225206,739051590.4951355,32.53763944871895,20926.171047940767,18268258.31260393,-6.757816818011518e-07,-3.5791779646360644e-08,-15.02908013025456,32.54787257620004,98.85182853302307,98.8528207947588,66.02872970000347,66421.71148742553,76718709.46767803,1.0212163210778313,0.38329206136855787,1.413778241508648,3.335958309493999,0.3789095954929884,1.2386578541856652,3.2969638282340017,0.5237554960910161,5.417367599487031,-2.0874999999999986,0.174625,0.45062499999999994,0.79171875,0.36512500000000003,0.8145,1.3365
6.750425,0.72375,10.7175,10.345,237.84062500000002,0.09783788755365389,-22.505,17.036250000000003,47.0825,-47.0825,1.690164303275177e-07,23.541248010058762,40.77464222257388,23.54125208752287,40.77463986844888,-40.77464222257388,0.0,10461405.23530635,8969111.157874946,0.40810643042296263,0.4129467198869888,1.1218976531068456,1.4323796791677639,1.6311223089951148,3.938928207117562,8387744.094125579,15.966921193177924,17.269088898284256,0.25663838067374484,-0.02249112569909487,13.238986633002563,0.3992629808339885,914676777.3501205,41.80370444068491,11906.862896972762,9066114.13130237,-7.859157152160412e-07,-6.116447946466444e-08,-15.22233384543319,41.800814604521015,81.0591281061319,81.06150134795496,58.956311653605994,67050.73333240226,77144224.11557357,1.0693705117302967,0.3824464500174592,1.4020203878545963,3.3325267812099786,0.37791023153077,1.2256042227321828,3.2939943279423627,0.5414321740121265,5.407935187266531,-3.1875,0.260125,0.653875,0.97578125,0.947875,1.1395,1.4945
13.540425,0.9067500000000001,11.4725,11.225,240.878125,0.09718370724325236,-16.705,11.068750000000001,56.2325,-56.2325,2.0186303655056844e-07,28.116247623334132,48.698774890477054,28.116252493211487,48.698772078852045,-48.698774890477054,0.0,13220923.635965552,28730277.583175473,0.40649134286733074,0.41155226598076294,1.106077746666469,1.4125986418567418,1.6135098636337064,3.932850822641276,9595025.851786705,21.292196617951895,7.727604660686075,0.5790857555509757,-0.019206593832846734,23.19151230207676,0.7495855929714648,738033179.455515,29.566686440331207,31125.653988256792,28827255.50549384,-7.0804004963574e-07,-2.8180740257416343e-08,-13.295559265633955,29.580137015758375,151.07556109215298,151.0821103831231,98.96210826340851,67907.04878522777,77709739.94045937,1.1294198808019427,0.3812454110156023,1.3862594573190854,3.3279682299611046,0.37649759824282675,1.208197408436812,3.2900628559123204,0.5603403580975223,5.394377492320625,-16.9625,0.534625,0.12062500000000001,0.78046875,0.8358749999999999,1.4625,1.3625
12.227925,0.80475,10.9425,9.725,238.70312500000003,0.09764880003963378,-17.735,15.688749999999999,58.182500000000005,-58.182500000000005,2.088631329587596e-07,29.091247540917408,50.387524475440024,29.091252579669717,50.387521566315016,-50.387524475440024,0.0,13216187.661437232,24337477.01103694,0.40756713703808967,0.4124683420845668,1.1173560221082668,1.4266986645837705,1.6260635564210277,3.937154036795825,9541734.693396296,22.37892747423338,7.900157252331166,0.5331416376818162,-0.023664518402610104,22.905527685277953,0.6680698413719166,694215534.5213239,30.19638130547809,26818.74976142546,24434448.171210457,-7.354173593070609e-07,-3.3589513888711275e-08,-13.445751599466904,30.20964688454463,146.1935502340853,146.19991431284387,97.88236008625873,67293.88463382189,77306510.63173236,1.0883049689931492,0.38211910652935127,1.3975073749215658,3.3312233703387117,0.3775229106419152,1.2206190551234029,3.292871467644974,0.5482608737697712,5.404290206085975,-13.362499999999999,0.252625,0.355375,0.9645312500000001,0.7693749999999999,0.7434999999999999,1.2805
12.306675,0.81625,13.0725,6.125,237.37187500000002,0.09794188608805063,-20.305,20.833750000000002,59.1075,-59.1075,2.121836915113631e-07,29.553747501822293,51.1885979965122,29.55375262068195,51.18859504113719,-51.1885979965122,0.0,14340630.188503295,25089935.19515526,0.40815966975736134,0.41296295355262047,1.1243718128836713,1.4354366975212003,1.6338349819568911,3.939816245817041,10047796.383883234,23.813821071886718,5.011806744296109,0.4590944894194587,-0.020746372432971925,20.689907475959203,0.7477934201788119,607737422.8272755,22.489679742207997,27534.451408544166,25186900.080783464,-7.639905848410474e-07,-4.451656532780997e-08,-14.70557573764514,22.498782246848663,153.66351029587966,153.67013272807208,106.89667185302979,66918.58588597861,77055328.27178797,1.0591543489120052,0.38262432818635106,1.404480804314304,3.333240613034119,0.3781205725034972,1.228327713924961,3.2946104198804878,0.5376504261630072,5.409917530448964,-17.3875,0.404875,0.642625,0.83734375,0.242625,1.3535,0.8624999999999999
10.381675,0.9962500000000001,13.5325,6.615,249.953125,0.09537893441559658,-19.125,9.493749999999999,56.9825,-56.9825,2.0455538132294965e-07,28.491247591635393,49.348293961616655,28.49125252646465,49.34829111249165,-49.348293961616655,0.0,11860530.115901759,19039734.33434471,0.40228202416312386,0.40805220392583436,1.0610696637667885,1.3562488760511755,1.5627711208167725,3.9165826412213844,9097014.502901189,22.02447818757277,7.340546133667231,0.6777532429018313,-0.018205081466250862,17.24073821638252,1.056577303549041,730765200.8014995,20.610538376380443,21661.811552399842,19136703.542595368,-7.817831445115634e-07,-4.298274256973035e-08,-15.231872814927243,20.623460403792148,132.50278258343718,132.50922832893409,94.78111806666867,70465.42334799032,79305060.69547337,1.2477140043076196,0.37796816417633317,1.340939519198152,3.315565333646401,0.37254459602822665,1.1587024857229538,3.279498677172675,0.5702153916979228,5.358940872893567,-0.3374999999999986,0.178375,0.518875,0.98734375,0.541875,1.4535,1.3215
13.094175,0.72625,10.7075,13.805,243.934375,0.09654953828275907,-19.925,10.78875,50.7575,-50.7575,1.822089197121856e-07,25.378747854734932,43.95728567115794,25.37875225046338,43.957283133282935,-43.95728567115794,0.0,12285552.629052486,23521641.621469732,0.40511658382354776,0.4104120022281265,1.0905822265706977,1.3931981114807601,1.5961680260891546,3.9271451804475226,9175088.710828204,17.901341158342994,11.49601767252513,0.43941151078037133,-0.016847163835205452,20.361338693077712,0.5249036191418118,754254487.1319634,38.46654818649499,26081.737412957806,23618632.28949372,-7.4772840873595e-07,-3.0578882775244835e-08,-15.915446342056248,38.48487484056577,127.75233727566554,127.75854836805513,85.93484399085258,68768.65013591018,78262264.50543517,1.174914075561814,0.380133310827361,1.3707403076113458,3.323634973229521,0.3751630842023192,1.1911264534199495,3.2863486295839897,0.5680277541014283,5.382259352489219,-12.4875,0.333625,0.329125,0.96140625,0.568125,1.1724999999999999,1.0575
10.827925,0.78925,12.4925,11.815000000000001,243.33437500000002,0.09667179217047268,-19.015,12.24125,42.6825,-42.6825,1.532213409962146e-07,21.3412481960247,36.96413033855487,21.341251892437633,36.96412820442986,-36.96413033855487,0.0,10960627.726465749,14629334.827721227,0.4056001350163421,0.41085267585971874,1.0936026915105148,1.397008703359481,1.5995881411054444,3.928303898012822,8693423.887534577,14.693039933372601,11.832745572539276,0.27813203270075454,-0.011079719588829143,14.74591684286729,0.41792970597610546,754499776.9608649,34.527644519516265,17510.379264917978,14726365.729353784,-6.597244107849194e-07,-3.8446736213065264e-08,-14.288127141506479,34.53743939777439,86.58190627384374,86.5832649934133,58.87564954472447,68599.50140448788,78155190.28272918,1.165893746216244,0.38034922515942615,1.373767096911601,3.3244715562774747,0.37542311091088343,1.1944443865383678,3.2870632555800365,0.5665113024993393,5.384597737795008,-5.6875,0.340375,0.18887500000000002,0.87640625,0.589125,1.3975,1.0145
13.050425,1.0982500000000002,12.1325,9.075,247.23437499999997,0.09589675715163788,-20.884999999999998,14.918750000000001,48.2575,-48.2575,1.7323443713758157e-07,24.1287479603974,41.79222210069259,24.128752139619493,41.792219687817585,-41.79222210069259,0.0,13350440.154442798,25414536.51017136,0.40362238448853294,0.40917609329821913,1.0742258944732914,1.3727388169804313,1.5777201967891024,3.92124956204435,9680225.147734433,16.931973978647477,9.062670183099062,0.3843545193774889,-0.014892733774624495,21.349107680018115,0.5294781153287009,681073024.2789344,33.187016694507776,27959.69137035351,25511537.31422642,-6.553556404450371e-07,-3.153495687410603e-08,-16.181665351276934,33.204753627451126,124.19199237143394,124.19275260971705,83.44203251536157,69698.96815873295,78840824.69538653,1.2200875572545269,0.3789344225835428,1.3542586617387968,3.31912708685198,0.3737187853615547,1.1731516993294842,3.282513459803446,0.5729296939476067,5.3692681381046095,-17.6125,0.40037500000000004,0.6028749999999999,0.84515625,0.646875,0.9305,1.0394999999999999
10.565425000000001,0.73925,12.5525,12.004999999999999,244.103125,0.09651532460279365,-18.535,11.89125,57.582499999999996,-57.582499999999996,2.067092571408546e-07,28.791247566276397,49.86790921852833,28.79125255306718,49.867906339403326,-49.86790921852833,0.0,12024315.245139958,18261119.137683354,0.4049728822339179,0.41028034837193655,1.0897347613581287,1.3921286170913583,1.5952070693784415,3.926821290825742,9109606.172089852,22.526289087670555,5.310232987862932,0.45119455763334837,-0.017539774920858325,16.51674126372966,0.7243636720481403,603278426.8712949,22.689695460083627,20894.89741541375,18358088.767261557,-8.444120903341233e-07,-4.398321397355953e-08,-14.235115275636026,22.702210700505617,130.95014521678175,130.95646014688955,93.05146798324913,68816.22321662273,78292292.3374014,1.177458779662708,0.38007258871437394,1.3698906120124592,3.3234007139299746,0.37508992502529537,1.1901961066827582,3.2861487232795286,0.568454263932132,5.381602124141737,-2.8374999999999986,0.674875,0.30512500000000004,0.87703125,1.264625,1.0875,0.7154999999999999
7.196675,0.79425,14.0725,8.795,245.71562500000002,0.09619397674818242,-22.745,15.373750000000001,56.557500000000005,-56.557500000000005,2.0302971928526698e-07,28.27874760959801,48.98023315463755,28.278752507621192,48.980230326762545,-48.98023315463755,0.0,12176248.239769697,14791949.322120281,0.40417214533243523,0.4096036434344059,1.0816898339008103,1.3820663151810808,1.586135957950977,3.9238903887475813,9255770.660006076,22.423373430336113,5.973230603989216,0.791093832228102,-0.01641172790973159,13.370849053301075,1.233990509795374,803298055.963457,19.49663246441455,17501.3987997385,14888914.610015016,-9.652750529808612e-07,-7.041884653385924e-08,-16.350457081498586,19.50831585759674,123.668411037935,123.675469176668,99.05749000613068,69270.81043232021,78576734.99375062,1.2019525802695157,0.3794799775324361,1.3617927016777882,3.3211722546967857,0.3743784660592529,1.1813625038071378,3.284251802667253,0.5725932588336219,5.37514440824758,-6.2875,0.6606249999999999,0.686125,0.77703125,1.2348750000000002,1.4185,1.0585
8.666675,0.7717499999999999,14.4625,11.754999999999999,247.403125,0.0958637825017801,-16.395,18.89125,55.0825,-55.0825,1.977347745662506e-07,27.541247671938866,47.702845648063,27.5412524422233,47.702842893937984,-47.702845648063,0.0,12592440.10040328,14513785.795665765,0.40344083203244985,0.40900639969173025,1.0734011615001593,1.3716902889044065,1.5767740835399007,3.92093529232972,9465080.914132128,20.628520745566895,6.5452531584601195,0.889592207468477,-0.01215377403996447,13.022722853634765,1.337249108311713,860264050.9907039,19.085051971041633,17287.627861097768,14610772.25285514,-8.712399702279361e-07,-6.304309515701727e-08,-10.501661332995575,19.09743147003167,112.21793903959347,112.22422182476076,83.95617191343347,69746.54123944549,78870053.88358334,1.221787509402331,0.37887596783524125,1.3534284643950338,3.3189043796187025,0.3736474424077996,1.1722464999847706,3.2823243104794377,0.5727493419907005,5.36864871497739,-17.6875,0.308875,0.5233749999999999,0.99265625,1.311875,1.3255,0.7965
8.946674999999999,0.76725,11.0475,9.565000000000001,235.928125,0.09825679224089887,-18.745,17.68375,57.8825,-57.8825,2.077861950498071e-07,28.941247553596902,50.12771684698418,28.941252566368448,50.127713952859175,-50.12771684698418,0.0,11548139.577437196,12956362.083750803,0.40889215228865067,0.4135914843342371,1.1320536316990009,1.4450272634351269,1.6423269275154917,3.942792684617981,8813939.906433582,22.532407005789363,7.14720641534411,0.3572247792930011,-0.02338836758765944,16.48800261816589,0.4873868588086595,603970119.3658035,26.706576571464726,15710.10692921638,13053332.910738999,-8.405942739119056e-07,-5.446656519913808e-08,-13.080266696426575,26.718224064676274,112.16333735175753,112.16944002608773,79.96525210584257,66511.57175099364,76780143.06431629,1.0280212061807201,0.38317140338216993,1.4120913008761742,3.335462792084169,0.37876709553763016,1.236779109024083,3.296533820246112,0.5262526165572852,5.416020531775902,-6.9125,0.233875,0.554875,0.84203125,0.43862500000000004,1.4265,0.9575
12.647925,0.96825,11.4075,9.825,237.296875,0.09795857417896527,-20.825,7.30625,45.9825,-45.9825,1.6506765799469192e-07,22.991248056550244,39.82201425156913,22.99125203875156,39.82201195244412,-39.82201425156913,0.0,11714791.30939209,22682632.128996275,0.4084155331420435,0.4132164090451388,1.1247733774438033,1.4359687086272543,1.6343095861037646,3.9400248235002002,8976951.121319998,16.180193166755924,13.371679550531024,0.37614229551145634,-0.016664503971518755,20.97007441963183,0.43480017907751867,797527697.3973739,38.68559213006179,25295.82956470459,22779639.22647562,-6.140635003988524e-07,-2.6951244569820795e-08,-17.236812587275264,38.69808294378059,112.5253900480185,112.52619810710182,72.90103777115657,66897.44229455081,77041086.81691974,1.0575248736866028,0.3826527742021829,1.4048749264905933,3.333355164284392,0.37815420603232514,1.2287644260018329,3.2947093755892882,0.5370591436816459,5.41023463052306,-10.6125,0.636625,0.38912499999999994,0.79890625,0.615375,0.9065,1.1295
9.287925000000001,0.81025,13.1325,11.055,240.859375,0.09718770448469106,-19.295,13.37875,53.0075,-53.0075,1.9028595402932924e-07,26.503747759638713,45.90584288457676,26.503752350222875,45.90584023420175,-45.90584288457676,0.0,11692728.212277422,15267296.90785291,0.40649888162247777,0.4115585118286585,1.106173763862161,1.4127200566434641,1.6136180450070108,3.932891585347278,9005280.902853832,20.207660834107873,5.91650758630174,0.47083800459506453,-0.01420112096634807,14.562779888745428,0.7811824050106146,648496303.1993136,22.67919413395483,18008.737647632992,15364281.62730199,-8.242646824398963e-07,-5.0816975996585805e-08,-14.272770937344625,22.691132362887213,111.94299831124611,111.949184121476,81.7670508370273,67901.7628873708,77706293.91127275,1.1291443200476714,0.38125215173884197,1.3863552697517394,3.327995197835587,0.37650569431524333,1.2083033667439458,3.2900860722296947,0.5602929638941042,5.394450783447274,-19.1875,0.446125,0.5241250000000001,0.75421875,0.49287499999999995,1.3155000000000001,1.1445
9.366675,0.83275,13.9575,9.094999999999999,247.665625,0.09581202094020878,-18.314999999999998,17.36875,48.0325,-48.0325,1.7242673370586723e-07,24.01624796990702,41.59736637935071,24.016252129643544,41.597363977725706,-41.59736637935071,0.0,12216327.29950566,15267170.148147264,0.4034130840662673,0.409000847171722,1.0721188459937427,1.3701000031538155,1.5753317628151668,3.9204972873900457,9291372.899674563,16.99700680417093,6.451486805886842,0.44697997477718526,-0.010713550304449008,14.334343032692036,0.7544635172579531,700367046.2533263,23.551236231098578,18083.35030526553,15364179.72346516,-7.048133366144131e-07,-5.058033119659637e-08,-12.66745197805705,23.565323863175166,97.70739902522155,97.70898263818623,69.1775434081033,69820.54380944274,78916888.93422537,1.224459319212013,0.3787728153667684,1.3521264464779017,3.318546883255533,0.3735248573070819,1.1708352092082817,3.2820208515286207,0.5724883195472333,5.367501461246095,-3.2375000000000007,0.669625,0.27737500000000004,0.89140625,0.6031249999999999,0.7094999999999999,0.9684999999999999
13.382925,0.94425,12.0175,7.165,239.790625,0.09741386588226782,-20.225,13.27375,46.0575,-46.0575,1.6533689247193002e-07,23.02874805338037,39.88696615868309,23.028752042076874,39.88696385580808,-39.88696615868309,0.0,12648079.4246799,24551046.8366238,0.4071932790949577,0.4121765992344766,1.1116740114682342,1.4196419112466625,1.6197636850716315,3.93504280945632,9376396.78863136,15.950601185120926,11.541209405338904,0.4097203526798489,-0.015388036493263075,21.971010256391057,0.53411574275324,764344310.4188299,36.14838248789177,27133.98501283155,24648058.338030763,-6.180015818660813e-07,-2.8878651070936443e-08,-15.933011981552943,36.16312533174887,115.52044236307327,115.52119344518142,76.48966067325553,67600.46670952483,77509321.81932367,1.112430924046957,0.38170597461418543,1.3918424713371702,3.3295978562747246,0.3770337276353732,1.2143812181971672,3.291474983184234,0.5569045589740552,5.399694715041687,-11.0625,0.48587499999999995,0.37787499999999996,0.92984375,1.045875,0.8925,0.9464999999999999
9.077925,0.92925,12.8625,11.655000000000001,243.053125,0.09672953977678889,-21.625,20.028750000000002,52.5325,-52.5325,1.8858080234015446e-07,26.266247779714583,45.494480806188335,26.266252329162537,45.49447817956333,-45.494480806188335,0.0,12933600.457658755,15827122.996703316,0.4054658467639979,0.41069246257665,1.0950149405088339,1.3987388760723398,1.6011357895159888,3.928754064845334,9494789.889131056,19.855033845581335,6.002226220262163,0.3597695041931231,-0.014310383815928104,14.65349071677109,0.6461548863816181,615552108.37112,24.548157692114106,18556.930053862594,15924107.261693124,-8.304352978068242e-07,-5.7993177444225955e-08,-14.729650901099506,24.561603121752906,114.10484805870551,114.11108624660206,83.92906649205867,68520.21293663366,78104740.8846478,1.1616804346128968,0.3804504357522942,1.37518884896141,3.324865656610775,0.3755449423690605,1.1960050507004143,3.287400311177653,0.565800478392486,5.38569463064028,-10.8125,0.278125,0.39512499999999995,0.99109375,1.227875,1.2974999999999999,0.9784999999999999
13.426675,1.06075,11.5475,8.305,236.58437500000002,0.09811565480335795,-18.195,17.981250000000003,50.9825,-50.9825,1.8301662314389998e-07,25.491247845225313,44.15214139249982,25.491252260439328,44.152138843374814,-44.15214139249982,0.0,13497912.544697309,25847722.850646414,0.4086465676716559,0.41339416895206743,1.1285545412982925,1.440669054140883,1.63847394873172,3.9414508311815575,9684893.593976244,18.110020470142672,10.2082085792529,0.5195916514031136,-0.017619493346711347,23.14442265601963,0.6423922143029371,780930023.4637723,33.94297575791229,28357.814071994148,25944720.43097794,-6.57405589509772e-07,-3.10289783683759e-08,-13.534371339541755,33.956631236120536,128.68896748921784,128.695050981885,84.28945946849478,66696.5781759868,76905352.06569403,1.0421083746074147,0.3829228630506392,1.4086259080422847,3.3344482518000698,0.3784734535839752,1.2329257601006203,3.295654656431693,0.5314007594156198,5.413247067940139,-18.9375,0.505375,0.227875,0.75171875,1.392375,1.2835,0.8454999999999999
6.8816749999999995,0.99475,11.5975,13.425,243.78437499999998,0.09658001436259865,-20.355,8.75875,47.7075,-47.7075,1.712600509711687e-07,23.853747983643146,41.31590811519022,23.853752115233842,41.31590572981521,-41.31590811519022,0.0,9760785.069950469,10350465.644163638,0.40526293723229695,0.41054830654031055,1.0913366687078248,1.3941557485170355,1.5970287453192547,3.927450363266442,8177876.980015789,17.386686838816324,9.867954001579097,0.301463149664166,-0.013562422476203623,12.294115246483196,0.5333072176735895,730539666.6962914,30.708019927291073,13259.38507572454,10447466.96867339,-8.010246159173807e-07,-5.15452877534574e-08,-15.42909909197681,30.720456253633646,87.30142805341525,87.30369152791928,62.1292801411155,68726.36295305462,78235540.05604428,1.172654889861917,0.38018729510994004,1.3714962016791317,3.3238435934493036,0.37522811168511533,1.1919544699375113,3.2865267277030177,0.5676486373577259,5.382843830427949,-12.837499999999999,0.422875,0.443875,0.78328125,0.6503749999999999,0.8305,1.2995
6.6629249999999995,0.9427500000000001,14.4825,8.195,236.94062499999998,0.09803810206514663,-17.375,16.51125,57.1575,-57.1575,2.0518359510317193e-07,28.578747584239018,49.49984841154923,28.57875253422372,49.49984555367422,-49.49984841154923,0.0,11492155.531106079,11491944.009348711,0.4083558273210448,0.4131277145915812,1.1266580053627515,1.438287787610325,1.6363635229454894,3.9406963883562107,8989592.01506127,22.263204924554024,11.647677196201766,1.3291688336907905,-0.01481226597178367,12.019453222758981,2.0867070466472692,1374187874.1907864,17.62858977634426,14295.837406952947,11588919.77702145,-9.61182131516295e-07,-7.646091847552212e-08,-11.439547939014563,17.637524346206714,106.6271516954134,106.63409166867824,84.5149280964766,66797.01023526881,76973306.83106825,1.049803452960666,0.3827878207249402,1.4067488003765245,3.333900567723605,0.37831386046044946,1.2308421774612106,3.2951808016437822,0.5342528669320266,5.411740223445694,-10.287500000000001,0.545875,0.36512500000000003,0.82671875,0.6381249999999999,0.9375,1.0025
13.452925,1.02675,13.5875,13.295,241.96562500000002,0.09695398135682115,-18.235,20.57125,50.332499999999996,-50.332499999999996,1.806832576745029e-07,25.16624787269755,43.58922486417883,25.166252231619914,43.58922234755382,-43.58922486417883,0.0,14746784.728351114,26517453.857944146,0.40604447245267306,0.41118917990503195,1.1005313585107415,1.4056535788969058,1.607324567379605,3.930806860027548,10314483.64058376,18.379072805155023,6.208438287217617,0.39698504482019153,-0.010709325514612254,18.292961222492856,0.5963019977467646,638160655.1435426,25.153196233050107,29029.804051867333,26614455.342922375,-6.499617832528815e-07,-3.6732680088021665e-08,-12.784643086134967,25.165724116916074,129.25855905566814,129.2646966715347,82.72241034134085,68213.63086093072,77908420.10181588,1.145481334442677,0.3808540717847065,1.380716227383492,3.326413494368364,0.3760273837782125,1.2020779984893126,3.2887264797108946,0.5630838710127148,5.390124691953261,-13.2375,0.526375,0.6493749999999999,0.83265625,1.1683750000000002,1.1815,0.8825
13.312925,1.0402500000000001,12.7425,10.735,247.178125,0.0959077075061057,-21.225,13.64125,43.6825,-43.6825,1.5681113402605619e-07,21.841248153759715,37.83015576674101,21.841251936775183,37.830153582616,-37.83015576674101,0.0,13267759.806342717,25693251.796890963,0.40372177033089907,0.40927219594795045,1.0745019160709999,1.3730954580040406,1.5780422412502824,3.921365558475276,9704383.129629578,15.088812865354752,10.169301515137441,0.33548736024640846,-0.011238547084740931,19.78912316079946,0.4650239239762767,698158812.4518607,34.71405991891218,28283.001264733484,25790272.337303124,-6.156805688474586e-07,-2.9596169874232707e-08,-16.582471163913308,34.7315882138162,112.83409636926898,112.83484736728582,75.02702816481039,69683.11046516208,78831119.65761428,1.2195209419712318,0.37895390450129207,1.354535584203361,3.3192014221046886,0.373742558305622,1.1734536661254844,3.282576598490809,0.5729870114255972,5.369474605022663,-9.3625,0.24737499999999998,0.33887500000000004,0.98265625,0.226875,1.2515,0.9564999999999999
9.909175000000001,0.9617500000000001,13.6325,10.515,245.90312500000002,0.09615692983505982,-22.035,10.57875,48.3825,-48.3825,1.7368316126631177e-07,24.191247955114278,41.90047527921586,24.191252145161688,41.90047286009086,-41.90047527921586,0.0,11696163.444023933,17234626.88160268,0.40418682304434805,0.4096347020899436,1.0807630799941375,1.3809230799546377,1.5851039754936969,3.923583634113743,9041963.263379779,18.056918124578523,6.055181725742164,0.3621214996042308,-0.011831784673398084,14.796188582103966,0.7341122662789145,651837739.5821157,24.176521463804814,19962.662407531658,17331622.039034486,-7.796955037720212e-07,-4.6287566827863504e-08,-17.11969595676204,24.19045053262028,109.4535185629139,109.45493753472181,79.95397577798596,69323.66941088969,78609569.55289172,1.2048207917012843,0.37941249149275386,1.3608565050004775,3.3209171191194735,0.3742970131391683,1.180343257010653,3.284035140240145,0.573067454056424,5.374415965117985,-18.6875,0.149875,0.641125,0.86984375,1.338125,0.7635,1.2925
11.527925,0.83075,12.192499999999999,12.385,246.109375,0.09611630561405857,-16.165,13.29125,43.4575,-43.4575,1.5600343059434187e-07,21.728748163269337,37.63530004539913,21.728751926799237,37.63529787252413,-37.63530004539913,0.0,10896191.294613859,14468703.128648866,0.40436182916749475,0.40983045213541613,1.0797484667133275,1.3796948893659555,1.5839956681849343,3.9232900632580914,8657326.532699035,14.286194916627048,12.788844951425979,0.34433975198296013,-0.011356488466813312,15.168461892912102,0.44156392249982973,784568850.4168763,35.93562128734907,17369.061381522843,14565738.382782372,-6.443299474800607e-07,-3.6091945557303967e-08,-11.80105384290666,35.94306087509882,85.38581477172882,85.38712611900401,55.814012415088015,69381.81428731611,78645614.09612192,1.2079805290280627,0.37933827490236205,1.3598276857704548,3.3206371078716796,0.37420741251672307,1.1792238072133385,3.2837974700489756,0.573589111969074,5.373615199574061,-13.1625,0.27137500000000003,0.331375,0.78796875,0.163875,1.4145,1.0015
9.471675000000001,0.92225,12.6125,11.705,240.334375,0.09729973029740958,-21.705,15.07625,55.0075,-55.0075,1.9746554008901247e-07,27.50374767510874,47.63789374094903,27.50375243889798,47.63789099057402,-47.63789374094903,0.0,12415104.57080311,16857629.521265212,0.4067099653015069,0.4117292735919016,1.108866217512621,1.416092484795519,1.6166134540380797,3.933888428554182,9264285.84975556,21.63338754550853,5.670903492197937,0.3944746885655548,-0.016599438551493397,15.459255990479559,0.6586036118994091,596927390.3772457,23.669951363690636,19528.24839398253,16954602.24493216,-8.544583076488749e-07,-5.2258054085982124e-08,-16.03049213968035,23.681921399882953,123.82653804235107,123.8328960446174,90.5537245800354,67753.75774737628,77609842.55070312,1.1214421263788743,0.38144104868811934,1.389041577152701,3.32875279478359,0.37673247259645054,1.2112767517395346,3.2907388106236772,0.5589635877583617,5.39650631569731,-1.7375000000000007,0.573625,0.201625,0.90046875,0.6101249999999999,1.0255,1.4145
12.149175,0.95725,13.2875,10.425,249.69062499999998,0.09542790599602446,-21.045,10.64875,52.707499999999996,-52.707499999999996,1.8920901612037674e-07,26.353747772318208,45.64603525612091,26.353752336921605,45.6460326207459,-45.64603525612091,0.0,12916270.336288827,24042291.146334052,0.402436291629279,0.4081857582686414,1.0623289949985821,1.3578298438001553,1.5642085977746294,3.917029489971044,9539621.665916217,19.83514345451381,5.194201339343346,0.3756750278634796,-0.014581480496571635,18.474097872020383,0.6666836661820446,572142295.3478518,23.805702430266184,26571.212800025693,24139271.557553455,-7.118511916036562e-07,-3.612420170882989e-08,-16.795884512345236,23.820061203582778,135.75316424909562,135.75962621150614,92.1916974260513,70391.42077799304,79261039.41081165,1.245033916356882,0.3780591060877196,1.342215768049677,3.3159023357605353,0.37265588763576885,1.1600830381156355,3.279782977770794,0.570472749238448,5.3599005366744885,-4.5625,0.618625,0.21137499999999998,0.82921875,0.42462500000000003,1.1875,1.2934999999999999
12.875425,0.82925,10.6725,12.245000000000001,240.446875,0.09727587170490043,-19.185,10.123750000000001,43.1075,-43.1075,1.547470030338973e-07,21.553748178062083,37.33219114553398,21.553751911281093,37.332188990158976,-37.33219114553398,0.0,11634392.9928214,21547962.973337732,0.4070205614432766,0.4120535934463196,1.1082959133939947,1.4154274040795833,1.6160265940298209,3.933760783011985,8941185.950647943,10.778377590961478,30.678993924616922,0.4774457260685478,-0.03686871868280893,20.468757065936785,0.6278534393063393,1432031854.3820448,59.76943400365264,24245.935653880235,21644989.99176198,-5.561757326254799e-07,-2.500136224629288e-08,-15.366263683550855,59.6240466153628,104.35873381832157,104.36188750775023,63.41648023312782,67785.47313451796,77630373.76633295,1.123090005682428,0.3814005812507039,1.3884653580785173,3.328590073029125,0.3766838986838586,1.2106385664895452,3.2905985357705694,0.5592503358772632,5.396065778930472,-17.3125,0.302875,0.540625,0.79578125,0.146375,0.7344999999999999,0.7054999999999999
10.617925,0.8472500000000001,11.5875,13.675,249.29687500000003,0.09550204710909987,-22.275,14.32375,60.057500000000005,-60.057500000000005,2.155939948897126e-07,30.02874746167056,52.011322153289036,30.028752662802628,52.011319150414025,-52.011322153289036,0.0,12989924.946544232,20365432.224788956,0.40254605427962037,0.40826243249276983,1.0642193974800325,1.360186883223417,1.5663491463679045,3.9176742739073727,9461298.35834229,24.046426472298275,5.044077641634379,0.32337169445259045,-0.021126993187746895,17.55570102914051,0.5063607583380212,510478263.28594005,25.312710755422877,22916.902810382577,20462387.09962245,-8.960684055561782e-07,-4.611355571297358e-08,-17.008784259165605,25.32741290221961,148.1678993569982,148.1745850543636,105.28910156445448,70280.41692299719,79194529.88688658,1.2410206781136361,0.37819552360166064,1.3441331737840838,3.3164096792697744,0.3728227691013025,1.1621592657069457,3.2802113491756617,0.5708606356760743,5.361340913077048,-0.6374999999999993,0.110875,0.16262500000000002,0.92515625,1.119375,0.7675,1.0665
12.507925,0.87825,13.2025,7.695,236.471875,0.09813898312028757,-21.365000000000002,20.20375,55.2825,-55.2825,1.984527331722189e-07,27.641247663485867,47.87605073370022,27.641252451090807,47.87604796957521,-47.87605073370022,0.0,14389721.76829901,25247648.670023687,0.4086117186630155,0.41334995901698723,1.129151720562651,1.4414015992678377,1.6391211608826932,3.941659174130835,10086381.875838261,21.721137904185856,5.363889077117038,0.3900539159497025,-0.01722042977756331,19.987436666873112,0.6653540729134639,592991025.1549126,23.706483287847867,27713.174573835604,25344623.61486873,-7.262297509245729e-07,-4.260670011884327e-08,-15.614010315436854,23.716485172957924,144.28405879140308,144.2905654216285,99.30021315521569,66664.86278884512,76884422.74819964,1.03968588079173,0.3829654793923541,1.4092192280970857,3.334621631625969,0.3785238140213429,1.233584919165828,3.295804780735852,0.5305178834736465,5.413722516668039,-8.0125,0.22112500000000002,0.564625,0.85078125,0.583875,1.4585,0.7925
12.997925,0.89175,13.3225,9.775,238.49687500000002,0.09769377376801862,-18.895,9.33625,50.432500000000005,-50.432500000000005,1.810422369774871e-07,25.216247868471058,43.67582740699745,25.216252236053677,43.67582488537244,-43.67582740699745,0.0,12411007.47861319,24200652.326953463,0.40774475982920444,0.41263196070160646,1.11844057415741,1.4280610367429547,1.6272783366269983,3.9375845274076187,9323322.557842813,19.045775475274706,6.159743162524744,0.3826248358765281,-0.013101055475446747,18.942582030359773,0.659193883706069,620362887.3080289,24.578637592245897,26743.854648588014,24297646.076385103,-6.551349632819508e-07,-3.1346015664732005e-08,-15.23855920844052,24.58988286279113,127.27301612714547,127.27917515885451,83.34552840888793,67235.73975739544,77267834.08149599,1.0837610656665557,0.38219740929319485,1.3985849654903633,3.3315339076285926,0.37761558245708887,1.2218080860058484,3.293138732222067,0.5466260578735064,5.405161799991547,-16.2125,0.12887500000000002,0.410875,0.88421875,0.358125,0.8504999999999999,1.0594999999999999
11.650425,0.7162499999999999,13.5825,8.865,239.90312500000002,0.09738968680967508,-23.835,19.99375,51.9825,-51.9825,1.866064161737416e-07,25.991247802960324,45.01816682068596,25.991252304776882,45.01816422156096,-45.01816682068596,0.0,14377363.604408449,23761353.235900544,0.40698417791382413,0.411973598529741,1.1110853575194892,1.4188869563778945,1.6190870959542194,3.9347842070388994,10123046.864835745,20.019454826296762,5.356642109200297,0.34784130596889923,-0.014495037968296496,18.161729896306284,0.6437863191224469,572988014.173189,24.112165926382048,26284.48953505035,23858334.35380313,-7.289273180171226e-07,-4.5864629232757935e-08,-17.45033992670206,24.123524790528258,134.3130621546688,134.31953882012678,94.79294306617969,67632.18209666651,77530249.80765001,1.114935147895751,0.3816633350746069,1.3912583634298659,3.329430988672437,0.3769831836557782,1.213739017110239,3.2913318261166506,0.5577265604876157,5.399221595481063,-4.837499999999999,0.28037500000000004,0.694375,0.8948437499999999,1.460625,1.1365,1.4845000000000002
9.445425,0.81575,11.7925,13.504999999999999,242.978125,0.0967449891909685,-17.955,18.208750000000002,42.3825,-42.3825,1.5214440308726212e-07,21.1912482087042,36.70432271009903,21.191251879136367,36.70432059097402,-36.70432271009903,0.0,11203469.244698798,11733509.489688357,0.4058008152322552,0.41102669081913973,1.0954002682009065,1.399265439931685,1.6016100997746685,3.928978006921274,8767705.962323248,13.283776019016054,18.21432500555996,0.3070551463313716,-0.015005162887775288,13.346754779761586,0.418534876154053,973713039.2793335,43.00237586602065,14705.432463420975,11830548.35145482,-6.719893001093183e-07,-4.6174813029612594e-08,-11.758134197672693,42.972076619812555,77.61354826360821,77.61514393418334,52.270468376046445,68499.06934520588,78091257.9713881,1.1605584677717653,0.3804774162592551,1.3755683188213759,3.3249709586719662,0.37557741606921946,1.1964218206739816,3.2874904125968283,0.5656109219268654,5.3859870708437185,-11.3625,0.543625,0.364375,0.87671875,0.456125,0.9415,0.8185
12.595425,0.9357500000000001,13.9875,7.095000000000001,236.809375,0.09806744861293133,-21.825,9.07375,47.1075,-47.1075,1.6910617515326373e-07,23.553748009002135,40.796292858278534,23.55375208863131,40.79629050290353,-40.796292858278534,0.0,12297106.811815564,23339421.58199896,0.40855300374807224,0.4133171365626638,1.127358128168096,1.4391785725996995,1.6371542974227646,3.940993365905816,9300642.104358956,17.723169649668666,6.196513811072699,0.34828165559983376,-0.011715686356683196,18.117633180403505,0.6575315283781277,612910960.1204327,24.541605948688538,25918.413046197868,23436421.991649285,-6.487131547608984e-07,-3.417328594800389e-08,-17.704556859734943,24.552054815825517,118.59253789958278,118.59337616891985,80.41477198053086,66760.00895027017,76948320.60023966,1.0469620855304476,0.3828376116008405,1.4074401363321958,3.334102141512271,0.3783726986478796,1.2316091595240208,3.295355122798995,0.5331691939644086,5.41229620712766,-4.662500000000001,0.479125,0.22112500000000002,0.96046875,0.9181249999999999,1.2915,1.2725
11.151675000000001,1.07325,14.0625,12.715,240.240625,0.09731965559757133,-22.185,7.76125,60.2825,-60.2825,2.1640169832142695e-07,30.141247452160933,52.20617787463091,30.141252672778577,52.206174860505904,-52.20617787463091,0.0,13024607.171989636,24464902.70161086,0.40669567937137485,0.4117069339713621,1.1093468861853162,1.4166864133313979,1.6171397131157483,3.934049802523883,9588793.955832385,25.32122786188241,4.737619505248587,0.6256792137440381,-0.017041023088569866,16.713155494996993,0.96660618719439,648082403.656114,19.550610388682024,26894.614915868784,24561854.246951118,-9.155679943172963e-07,-4.437169766665962e-08,-18.08662482008862,19.559232065150503,161.64191672299114,161.64894820270027,118.60298930178443,67727.32825809154,77592706.72079077,1.1200702236694433,0.38147478246163347,1.3895219604870885,3.3288885577685505,0.3767729575836541,1.2118090010673859,3.290855888261844,0.5587266192847214,5.396873567434688,-3.4375,0.563875,0.48887500000000006,0.87390625,1.4816250000000002,1.3015,1.1315
7.117925,1.03775,11.6025,12.885,248.696875,0.09561464941900955,-23.815,12.713750000000001,45.2825,-45.2825,1.6255480287380277e-07,22.641248086135736,39.21579645183883,22.64125200771527,39.215794187713826,-39.21579645183883,0.0,10729726.8679429,11709472.629198648,0.40299775487513045,0.4086695448830398,1.0671223499759166,1.3638461919726097,1.5696759355901555,3.918753905345245,8570657.677886644,16.177123189568132,11.511057187884507,0.2433975114847047,-0.014118174375039063,12.892728198207177,0.45717093974655554,760747846.4163542,35.202890382428805,14603.172828390389,11806478.1183182,-7.842473306561217e-07,-5.342797899047891e-08,-17.43861968140525,35.217066230525795,87.43694611248229,87.43904149164685,62.99124437451835,70111.26819157484,79092761.76292545,1.2348983899931978,0.37841555547984146,1.3470734761253247,3.317198776402384,0.37308843630563787,1.1653409876604932,3.2808785881806997,0.5714516424987104,5.3637208592117425,-19.3125,0.656125,0.149125,0.85234375,1.322375,1.0145,1.4785
10.679175,1.06925,12.692499999999999,9.025,248.05937500000002,0.09573635291860706,-20.055,19.41625,47.7825,-47.7825,1.715292854484068e-07,23.891247980473267,41.38086002230418,23.891252118559155,41.38085763317917,-41.38086002230418,0.0,12731835.297898151,17267771.689873725,0.40326955756318733,0.4088895093782225,1.070207583968433,1.3677083958842813,1.5731709533369558,3.919829409078179,9420094.075272523,16.804472534626868,7.971769275716457,0.30486836077981055,-0.013039786004176797,16.739708423700193,0.5399186144248057,660796776.6076502,29.03558946315537,20029.86089571705,17364779.029070523,-6.565653982860945e-07,-4.454591277020643e-08,-14.056239268325893,29.05210405489913,103.9230088909251,103.92420727685416,70.95356804644405,69931.54766443864,78984204.36145672,1.228438596441627,0.3786364151443383,1.3501942187583578,3.318030342891252,0.37335829196461107,1.1687321767720809,3.2815828141960846,0.5720906741889501,5.366057288715047,-7.162500000000001,0.352375,0.498625,0.9489062500000001,1.038875,1.3035,0.9335
12.297925,0.74375,14.4775,12.045,236.60312500000003,0.09811165304284448,-16.375,9.30125,44.5075,-44.5075,1.5977271327567553e-07,22.2537481188911,38.544626744994574,22.25375197335367,38.54462451961957,-38.544626744994574,0.0,11711106.822128152,20516453.81887183,0.40878551245261613,0.41353654936240786,1.1284576349138749,1.4405692924989748,1.6383874547103268,3.9414505464772005,9138744.887691995,16.28188144755282,7.091537690553257,0.43139499334707726,-0.007855341015604488,15.62064622100623,0.7656820268418267,711622238.6424332,24.153817125071743,23233.3980142157,20613480.846450686,-6.009822398918646e-07,-3.1522569961731335e-08,-12.874453189383997,24.163718714207477,102.38045209163795,102.38132560609039,66.39652665490222,66701.86407384377,76908935.95824943,1.0425124001676545,0.38291575652145526,1.4085270489135224,3.3344193736415675,0.378465056086556,1.2328159583828426,3.2956296569267844,0.5315480686089855,5.413167782374844,-19.1375,0.501625,0.683875,0.77828125,1.152625,1.2525,1.0505
9.996675,0.9752500000000001,11.6575,10.905000000000001,237.72812500000003,0.09786274576775082,-19.735,8.18125,47.3325,-47.3325,1.699138785849781e-07,23.666247999492516,40.991148579620415,23.66625209860726,40.99114621299541,-40.991148579620415,0.0,10328242.642035445,13828737.695343053,0.4081944357276707,0.4130267865463181,1.1224919292559117,1.433123731749106,1.6317835256812128,3.9391548361951796,8371527.604681096,17.146596667710217,10.57978989948263,0.29883448044551886,-0.014815137465503529,15.539534739123479,0.4476609754926287,728248610.2190068,32.105587144184646,16651.109395638843,13925741.941774536,-7.014847365860921e-07,-3.9172508094593124e-08,-15.646969532459297,32.11572956357668,94.50442812239375,94.50589554536839,64.41669672059307,67019.01794526062,77122952.3059707,1.066913954422438,0.3824891342238958,1.4026103573708768,3.332697733808533,0.377960715709663,1.2262569269518306,3.2941418022688658,0.5405430962109959,5.408410758574523,-18.8875,0.144625,0.6058749999999999,0.83890625,0.291625,1.4095,0.9495
9.322925,0.81975,14.0225,6.795,246.12812499999998,0.09611261940735664,-16.384999999999998,19.801250000000003,59.8825,-59.8825,2.1496578110949033e-07,29.94124746906693,51.85976770335646,29.941252655043556,51.85976470923145,-51.85976770335646,0.0,12904566.55362205,16326858.706688594,0.4040049639091014,0.4094691214326648,1.0796482736771347,1.3795189563688055,1.583834424934395,3.923163492753339,9542776.300846294,23.343242347913705,6.718882454398975,0.915276958583302,-0.017577436597190483,15.563995971513211,1.3536128306601758,873948912.1317514,18.566890546615106,19013.014132620592,16423829.190904727,-8.37674588182676e-07,-5.982822098428694e-08,-10.863713551834492,18.57786912756788,127.61908822713877,127.62544020134783,94.27919876625023,69387.10018517305,78648886.82368504,1.2082680869766258,0.3793315281518362,1.359734202951049,3.320611683609479,0.3741992663051147,1.1791221283391726,3.283775897317389,0.5736365331048644,5.373542420370755,-10.0625,0.49787499999999996,0.269125,0.82234375,0.39312499999999995,1.3925,0.8795
12.367925,0.80925,11.8225,7.015000000000001,243.409375,0.09665645278041458,-22.895,16.44125,52.082499999999996,-52.082499999999996,1.8696539547672574e-07,26.041247798733824,45.10476936350457,26.041252309210634,45.104766759379565,-45.10476936350457,0.0,13493247.554070212,24690049.614425197,0.405326690099423,0.4105810306136854,1.0932199080903506,1.396494223067086,1.5991248097819388,3.928098492153829,9697821.964423057,19.198604436782837,7.842401372354194,0.3673750647317518,-0.0196610621090097,22.223143598397428,0.48222377025227914,618308572.7348506,31.22334780390944,27196.266298275987,24787030.83800642,-7.095649200324497e-07,-3.5807775841093086e-08,-17.700207885043877,31.238445723373527,134.01609936370443,134.0224952305287,92.50129282788673,68620.64499591567,78168605.63706172,1.1670189149437693,0.38032223798110415,1.373388264560328,3.3243666719837064,0.37539061872110985,1.1940287843622013,3.2869735993678066,0.5667008567476715,5.384305356741608,-19.6625,0.296875,0.493375,0.99828125,0.529625,0.9635,0.8105
11.624175000000001,1.0997500000000002,13.217500000000001,6.925,239.884375,0.09739368961546004,-16.745,20.868750000000002,49.7825,-49.7825,1.7870887150809004e-07,24.891247895943295,43.11291087867645,24.891252207234263,43.11290838955145,-43.11291087867645,0.0,12926891.152493186,18549298.234126322,0.40710083487313425,0.4120905476638199,1.1111851989222932,1.4190272231246583,1.6192137658999097,3.9348514841122606,9501820.353465607,17.967389122909985,6.95128920212197,0.4046488191958693,-0.013011380628651021,17.640556889662122,0.6477065352133095,658451142.5389218,25.38734612546084,21268.806636999827,18646305.917295605,-6.520015527809832e-07,-4.341017155536859e-08,-11.270678077164439,25.39960111548136,108.4198014398259,108.42083443277839,72.94124088906987,67626.89619880955,77526780.41545835,1.1145162909261435,0.38167045955223167,1.39135575338429,3.329458812047511,0.37699162451763807,1.2138460325901763,3.291355685500808,0.5575773787671733,5.39930077495037,-2.2624999999999993,0.15812500000000002,0.260125,0.92703125,0.442125,1.1675,0.7274999999999999
10.775425,0.81825,12.0325,10.145,249.14687500000002,0.09553040708200183,-22.855,10.94625,53.6325,-53.6325,1.9252957467298026e-07,26.816247733223097,46.44710877719309,26.816252377933846,46.44710609556808,-46.44710877719309,0.0,12292924.954200514,20064918.038756557,0.4026839218816378,0.4083894098461931,1.0649428944704684,1.3611030615034763,1.5671807770917017,3.917945343454111,9214712.189800274,20.437746750393007,6.104954658802809,0.28940364499665905,-0.018578291190210164,18.36553642112554,0.47685277189215164,579653232.312825,26.661821174090075,22670.761966806658,20161891.031307124,-7.353416285536533e-07,-3.917811534731819e-08,-18.18072259340958,26.67775597595259,129.7246256515742,129.7310068022987,89.34581274711407,70238.12974014158,79169125.66663733,1.2394939404232828,0.3782474941170785,1.3448644988574787,3.316603521142397,0.37288632700140484,1.1629519081100361,3.2803751476822196,0.5710090593628122,5.361889939814927,-18.0375,0.567625,0.6433749999999999,0.96703125,0.470125,0.8905,1.4445000000000001
7.362925,0.9107500000000001,10.9075,6.755,235.62812499999998,0.09832280658146207,-23.795,12.64375,48.932500000000005,-48.932500000000005,1.756575474327247e-07,24.466247931868537,42.37678926471824,24.466252169547346,42.37678681809324,-42.37678926471824,0.0,10265017.42789048,10207645.964573443,0.40912967614085183,0.4138087824901946,1.1336611516921256,1.447047522802743,1.6441118458461712,3.94344289737102,8302658.302338645,17.911256461965912,12.66935170324662,0.244781433065962,-0.022837227629600425,15.176643270715195,0.3966911705009521,754344540.1178508,35.51065846242088,13076.87190032113,10304635.541515334,-7.491220780372718e-07,-5.484449508917492e-08,-17.832154809500125,35.51853538320824,88.58899122796254,88.59133889463271,64.64776562209083,66426.99738528248,76722326.44893657,1.0216159463033594,0.3832849721062366,1.4136789384419362,3.3359291162076543,0.37890122236580326,1.2385472107647861,3.2969384847819616,0.5239022286014341,5.417288471756177,-4.987500000000001,0.47687500000000005,0.197125,0.84921875,0.8568749999999999,0.8544999999999999,1.3345
9.716675,0.73275,13.1575,11.245000000000001,242.903125,0.09676045848338358,-18.025,12.08375,42.5075,-42.5075,1.5259312721599232e-07,21.253748203421075,36.8125758886223,21.25375188467856,36.81257376324729,-36.8125758886223,0.0,10650997.720621975,12953833.72292133,0.4057821891762028,0.4110013068869704,1.0957774218460177,1.3997295549015027,1.6020247994089496,3.929098363722547,8604992.940329654,14.803072847116455,9.938444561727941,0.29851998425841225,-0.009459271515949828,13.409221003621434,0.5208067511674844,729980088.5997255,30.42536237972676,15884.440234537076,13050868.1959413,-6.789069273450335e-07,-4.278038905574636e-08,-13.287725808654418,30.43560810147783,81.87278282193863,81.87448904267357,57.273947249982925,68477.92575377808,78077763.53151134,1.1594371709924471,0.3805044067433332,1.37594785296111,3.325076342009105,0.3756098977779022,1.1968388255356053,3.28758061587436,0.5654213658386922,5.38627972466453,-1.7124999999999986,0.674125,0.291625,0.89109375,0.24962499999999999,0.9215,0.7394999999999999
10.092925000000001,0.75325,12.4725,13.645,238.178125,0.09776358071145208,-23.855,17.24625,45.6825,-45.6825,1.6399072008573942e-07,22.84124806922974,39.56220662311328,22.84125202545029,39.56220433898828,-39.56220662311328,0.0,12657030.154854938,17319994.435118034,0.40789892394149807,0.41276298775945663,1.120117477070028,1.430152094651369,1.6291402803529351,3.9382284687243145,9378361.671023674,16.845528379619235,8.997981478797099,0.23571064919088316,-0.011340130819454501,14.814978325730827,0.46268684108698965,658609984.8282499,31.1585480535097,20062.380254638083,17417000.398341347,-7.443957152694884e-07,-4.691740732542951e-08,-17.226090997127116,31.17077467899554,102.6043830981297,102.60557816922045,72.08150192951425,67145.8794938273,77207897.37687212,1.0767585449776176,0.3823183940763898,1.4002523150774948,3.332015246081176,0.3777587416170939,1.2236494939324205,3.293553318771098,0.5441018165351919,5.406508885947981,-2.237499999999997,0.455125,0.48362499999999997,0.94390625,1.4973750000000001,1.4665,1.0425
12.385425000000001,0.89025,11.2725,6.735,243.18437500000002,0.09670255208678735,-23.645,15.23375,44.8325,-44.8325,1.6093939601037408e-07,22.41624810515498,38.82608500915507,22.416251987763374,38.82608276753007,-38.82608500915507,0.0,12483818.858845446,21467867.19137694,0.4055822829470299,0.4108216717187682,1.0943568513146917,1.3979390123830895,1.6004207897097287,3.9285529802198886,9269484.228693154,14.979363029800055,17.328621087473397,0.3602963135178185,-0.022799051537817354,21.72224134759462,0.4769981459027533,950177538.0068705,45.847563305835884,24125.820662950093,21564876.587481257,-6.139306732841718e-07,-3.1983765247267616e-08,-18.43247999472299,45.862118991782125,109.0734852824892,109.07455602827902,72.89656056913424,68557.21422163231,78128307.43561465,1.1636455181140446,0.3804032017935709,1.374525154570387,3.324681591064935,0.37548808866791944,1.1952762893903213,3.2872428466441503,0.5661321956617577,5.3851826421476305,-2.3625000000000007,0.33887500000000004,0.314125,0.90890625,0.288125,1.4224999999999999,1.1925
11.186675000000001,1.02875,10.5075,9.045,247.14062499999997,0.09591501390624757,-22.405,7.13125,46.0325,-46.0325,1.65247147646184e-07,23.016248054436996,39.865315522978435,23.016252040968435,39.865313221353425,-39.865315522978435,0.0,10998935.890309742,18113081.123164717,0.4038000063253293,0.40934855288679994,1.0746860132066205,1.373336106448226,1.5782596280873762,3.921449225470579,8644163.725146685,14.927525194279342,20.207737985605274,0.36118425273755245,-0.028566183418869073,20.37290030478658,0.44661129792142595,1029677860.4160402,49.284751626778196,20841.166928393053,18210083.834616967,-6.058580117123295e-07,-2.991035353392598e-08,-18.47351838157398,49.2928331945737,104.66630300526049,104.66776318109628,68.26350101685894,69672.5386694482,78824645.85101739,1.2191432476438757,0.3789668915215056,1.3547201928106147,3.3192509938678314,0.37375840740362976,1.1736550835469384,3.2826187239318645,0.5730252487884413,5.369612262805953,-3.787499999999998,0.6583749999999999,0.256375,0.85921875,0.851625,1.1085,0.8925
11.387925,0.77825,13.3525,11.545,242.35937500000003,0.0968730364134305,-20.395,13.72875,61.1075,-61.1075,2.193632775710463e-07,30.55374741729232,52.920648852884476,30.55375270935706,52.92064579750947,-52.920648852884476,0.0,13465231.074765444,23094470.51323695,0.4057240886428043,0.41089634702347166,1.0985223797160835,1.4031218169627329,1.6050550105238255,3.9300231030746473,9722321.250449019,25.175649298920785,7.172834984077489,0.6239430611849753,-0.01890546449664028,17.65062192064384,0.9699855436976593,674694948.9247773,20.76647032335173,25570.932952820203,23191425.980575174,-8.95794158880355e-07,-4.646187251397514e-08,-15.648922926889405,20.77636705408704,157.47090759148378,157.477725756681,114.31647483575927,68324.63471592662,77979721.4433931,1.1513280665977532,0.38070006368915427,1.378703808860128,3.3258431036713305,0.37584528501235653,1.1998695085167563,3.2882374303032345,0.5640470938269347,5.388402012166854,-10.7625,0.134125,0.346375,0.79015625,0.8288749999999999,1.3305,1.0035
10.197925,0.95125,13.807500000000001,8.735,245.996875,0.09613844745614938,-18.715,11.033750000000001,47.3825,-47.3825,1.7009336823647018e-07,23.691247997379264,41.03444985102972,23.691252100824133,41.034447481904714,-41.03444985102972,0.0,11460006.977634642,16671456.613849236,0.40422000368564626,0.4096765026037917,1.0803006858419428,1.3803563525302056,1.5845923593925053,3.923436802008244,8972112.262739126,17.144137735236306,6.523089177406861,0.40764978143537645,-0.01102181618863097,15.25545123460372,0.7467077927781987,675015486.9444782,24.073070791437004,19447.185223561435,16768464.74098102,-6.762890810210126e-07,-4.107239596101944e-08,-14.4018838792526,24.086834192817133,101.99032758230412,101.99166993449495,71.02147545845813,69350.0989001744,78625963.20884347,1.2062563866536768,0.3793787563630846,1.3603887533151382,3.3207897650709093,0.3742562868224671,1.1798341782958015,3.283927021567068,0.5733045548084434,5.374051936612158,-14.5625,0.668875,0.22412500000000002,0.81296875,0.6433749999999999,0.8805,0.8965
11.064175,1.0357500000000002,11.5525,8.254999999999999,235.253125,0.09840615680848892,-23.625,13.92125,59.8575,-59.8575,2.1487603628374428e-07,29.928747470123554,51.83811706765181,29.928752653935117,51.8381140747768,-51.83811706765181,0.0,13103813.278896315,21803480.747633915,0.40917307439412526,0.41382305119831486,1.135669626780025,1.449533601019429,1.6463017693622002,3.9441802756001447,9468637.272560095,24.960432142091406,5.672831720167357,0.33143978697145265,-0.026735645144565407,20.742144303432383,0.5082029189656889,545029315.0595269,25.586930740692036,24292.48116217091,21900433.19447253,-7.890323147330767e-07,-4.2431680756475e-08,-18.51291900898933,25.597186715377006,151.03902947970397,151.04567715350765,105.25261188843545,66321.27942814353,76649835.00882563,1.0136400515315263,0.38342686856584457,1.4156664604292402,3.336514238648378,0.3790687679904171,1.2407632238750326,3.2974467730882986,0.5209695270915622,5.418873205254504,-6.112500000000001,0.5271250000000001,0.42662500000000003,0.78296875,0.884875,0.9624999999999999,1.3075
8.264175,0.7757499999999999,12.0775,9.254999999999999,239.67812500000002,0.09743804547000072,-22.085,15.18125,41.6575,-41.6575,1.4954180314062693e-07,20.82874823934631,36.07645427466408,20.82875184699164,36.07645219178907,-36.07645427466408,0.0,10703751.371788764,11105437.230199447,0.4073294219926796,0.41230609417775127,1.112262349501122,1.4203883402819077,1.6204325827372021,3.9352963049818714,8550693.14125419,14.489388199878881,16.277427034514297,0.239366717671941,-0.0160246926153077,13.54990334015863,0.48589745618041913,908362449.859569,40.06709769673871,14063.20867417376,11202466.779060367,-6.882610838913581e-07,-5.0323884596558916e-08,-15.726608665427667,40.06300002097527,77.70977676681724,77.71170865074654,55.93509494878233,67568.75132238315,77488391.32382774,1.1099221254009601,0.381748726352364,1.3924271777250765,3.329765089146883,0.3770843698642219,1.2150240707204345,3.2916184609908377,0.5560072235675674,5.400169968193253,-12.2875,0.686125,0.580375,0.77734375,0.6836249999999999,0.8694999999999999,0.8785
7.835425,0.8672500000000001,10.8875,12.405000000000001,243.97187499999998,0.09654192865927495,-18.595,12.13625,51.1575,-51.1575,1.8364483692412225e-07,25.57874783782894,44.3036958424324,25.5787522681984,44.30369328455739,-44.3036958424324,0.0,10154779.49656566,10267064.985804228,0.4051602191036404,0.41045981541116205,1.0903953902944978,1.3929755813236098,1.595969118595231,3.9271033049591604,8286971.70056868,18.251888491594734,10.199104986232827,0.3023851906035254,-0.017150620616487987,13.699618316175053,0.42195271729789546,699169977.5947602,31.946915591498726,13156.474817282771,10364057.946144266,-7.769482707841648e-07,-5.159416981940938e-08,-13.498996074642688,31.96066537309788,91.3366561738557,91.34266620676563,63.92560353990468,68779.22193162411,78268940.77920343,1.1754793472848972,0.380119825688819,1.370551408945837,3.323582879582293,0.37514683651498243,1.1909196067873555,3.286304172765233,0.5681225336251753,5.382113428426436,-8.7375,0.614875,0.5848749999999999,0.75109375,1.325875,0.9424999999999999,0.7695
11.641675,0.85675,12.7575,9.445,242.20937500000002,0.09690420298643225,-22.285,10.84125,57.957499999999996,-57.957499999999996,2.080554295270452e-07,28.978747550427027,50.192668754098136,28.97875256969376,50.19266585622313,-50.192668754098136,0.0,13108932.102834946,24115460.249846738,0.4058271787926623,0.4109884744507387,1.0992837826953312,1.4040806995509283,1.6059116969518636,3.9303124380635452,9561865.006399527,23.46201432687734,4.859322397294492,0.3829379807915399,-0.020201454344959267,19.49635207844135,0.6788345389213165,572362321.3547835,22.993917255867245,26577.947198829752,24212419.989348684,-7.796925226311984e-07,-3.916121863013143e-08,-17.87883987920902,23.004987363075777,152.5591906734589,152.56595071329616,106.4140236521861,68282.34753307105,77952632.18578982,1.1491013610652616,0.38075400287801076,1.3794652574224604,3.3260554171177263,0.375910163735794,1.2007078489548941,3.2884194860435945,0.5636905011170095,5.38898715267649,-1.6124999999999972,0.428125,0.281125,0.9098437500000001,1.280375,0.7224999999999999,1.3335
10.311675000000001,0.91725,14.0825,8.265,237.990625,0.09780481275922297,-22.605,11.38375,44.9075,-44.9075,1.6120863048761218e-07,22.453748101985106,38.89103691626903,22.45375199108869,38.89103467089402,-38.89103691626903,0.0,11984765.734125098,18540302.75000695,0.4080023409411432,0.41285281946370384,1.1211055302348425,1.4313849116706816,1.630236947647434,3.9386049358169917,9188447.165391944,16.838318590129845,6.9393482532539,0.3379436663032197,-0.01032006529851434,15.440261792345419,0.6429102151417584,691086157.4452233,25.17636354858566,21262.32640427235,18637312.42853582,-6.76190547051706e-07,-4.224996118252051e-08,-17.582605974095088,25.18746167695686,103.78081158972064,103.78201777497527,74.05427327889564,67093.02051525787,77172549.67946778,1.0726507140330015,0.38238954612978654,1.4012342409955505,3.3322991954523404,0.3778429173981448,1.2247347971178941,3.2937980636115936,0.542618286411144,5.407301342403381,-14.4625,0.531625,0.24737499999999998,0.9957812500000001,0.8096249999999999,0.7665,1.4485000000000001
9.734175,0.86425,11.9175,7.1850000000000005,238.253125,0.09774712281398182,-17.205,12.57375,48.6825,-48.6825,1.7476009917526425e-07,24.34124794243478,42.1602829076717,24.341252158462954,42.16028047354669,-42.1602829076717,0.0,10627943.588167911,13146605.575495146,0.40795895801805626,0.4128299466998493,1.1197243754092352,1.4296764277675906,1.6287180656655655,3.93810427556017,8507287.029863026,17.267437147034094,9.47469943908172,0.33924744121497474,-0.015844373048265196,16.39422565104586,0.49105072716421444,703908403.1766214,29.655687575038787,15993.587369669976,13243612.570610568,-6.589477157829075e-07,-4.143196225201168e-08,-12.876842641155486,29.665579861333875,91.91655790469976,91.91813332935091,61.9258840986943,67167.02308525512,77222017.76769798,1.0784039997710795,0.3822899311641603,1.399859774759907,3.3319018340970694,0.3777250653015964,1.2232158190478537,3.2934556037256213,0.5446955032231937,5.406191933220777,-11.4625,0.239875,0.213625,0.81921875,0.9268749999999999,1.0845,1.1885
10.889175,0.74825,13.9125,11.695,241.47812499999998,0.09705650637590968,-19.805,14.936250000000001,61.4825,-61.4825,2.207094499572369e-07,30.74124740144295,53.24540838845428,30.741252725983642,53.245405314329275,-53.24540838845428,0.0,13607402.608594429,22262640.23003927,0.406133623256769,0.4112390082237534,1.1030103360128551,1.4087412026142454,1.6100760126989189,3.931690484861984,9814581.594478,25.423299518393115,5.001296562453387,0.6663083246421311,-0.017651345299310978,16.637516852522438,1.0101784779798157,681340190.9602106,19.485244024017497,24759.78667740713,22359596.358347904,-9.172929098124151e-07,-5.06132987786923e-08,-14.83263082689271,19.49442754574002,155.84126842965276,155.8480670294758,115.02868455821168,68076.19751665008,77819600.04401484,1.1382639626512736,0.38102950147953857,1.3831976253702998,3.3271080700198876,0.3762382376794101,1.204814698864262,3.2893229920495415,0.5618534359962517,5.392030243574231,-16.8625,0.48887500000000006,0.12212500000000001,0.89609375,0.9321249999999999,1.1585,0.8174999999999999
13.356675000000001,1.08325,10.9775,13.625,247.703125,0.09580476749600908,-18.305,8.30375,59.557500000000005,-59.557500000000005,2.137990983747918e-07,29.778747482803052,51.57830943919597,29.77875264063385,51.578306461320956,-51.57830943919597,0.0,12876244.24672737,27646775.18492011,0.40327313318429137,0.4088616061693182,1.0719337224656924,1.369848979325876,1.575104161571241,3.920395002852781,9410985.76549435,23.03046016422108,6.9750627461441495,0.5456222557642325,-0.021440048746733727,22.010246321875165,0.7215131750280389,679354317.5342798,30.00411850848057,30037.518901712785,27743737.385247707,-8.423849473054516e-07,-3.151805890252682e-08,-14.988721558663029,30.019337997576272,161.6099204261029,161.6167502787699,111.59689254112266,69831.11560515665,78923333.81558599,1.2248380450776521,0.3787598197024665,1.3519422617636947,3.3184975862374766,0.37350899208484484,1.1706346319270333,3.281979026206867,0.5724503646480421,5.367363800516115,-10.337499999999999,0.478375,0.230875,0.92015625,1.4256250000000001,1.0665,1.0434999999999999
9.970425,0.82375,14.0325,6.115,240.953125,0.09716785890369425,-16.155,9.23125,49.4825,-49.4825,1.7763193359913757e-07,24.741247908622793,42.85310325022061,24.741252193932997,42.85310077609561,-42.85310325022061,0.0,10706340.727320341,15119952.884304393,0.4065491127242979,0.4116172940466412,1.1056957111446706,1.412133856956685,1.6130977227331615,3.9327362746108685,8660973.5286473,18.181219767810763,6.512285094261349,0.623428739341281,-0.012001088494410913,15.102988804940503,0.9816066756951453,747266200.4365783,21.728172952935946,17916.512299631366,15216957.31015496,-6.929323827392318e-07,-4.09577930172485e-08,-12.601138728083304,21.739102733822435,99.75654641732194,99.7580699752522,69.47515343646359,67928.19237665557,77723414.37756327,1.1305233225126496,0.3812184230855086,1.3858762753698075,3.3278603928334936,0.37646518774334753,1.20777370557482,3.2899700283378643,0.5605264014355938,5.394084023702421,-9.8625,0.16262500000000002,0.33587500000000003,0.94640625,1.091375,1.3125,1.0905
12.726675,1.03925,14.442499999999999,13.555,241.365625,0.09708029293544153,-19.985,20.27375,46.8575,-46.8575,1.6820872689580334e-07,23.42874801956838,40.579786501232,23.42875207754692,40.57978415835699,-40.579786501232,0.0,14244217.61540373,22611207.25183037,0.4063014885875092,0.4114001392545442,1.103586837167508,1.40948068107131,1.61073585974766,3.931935465170399,10129860.845620528,17.070264254295427,6.123403028672881,0.36569765447228125,-0.008542555708272379,15.568890544845372,0.678492526308397,637561392.0751541,24.665880676228724,25245.83054818741,22708219.418846816,-7.234147348107838e-07,-4.448165984177143e-08,-13.819008198903248,24.678336059045165,115.34823171646077,115.34908940067332,80.2282216728719,68044.4821295084,77799029.27719545,1.1366025161856002,0.38106998015810417,1.3837710628302518,3.327268899730823,0.3762868767510015,1.2054477602404072,3.289461235995396,0.5615690429996897,5.392470130854246,-11.8125,0.5233749999999999,0.269875,0.88203125,1.399375,1.2675,0.7875
10.302925,0.99875,13.4475,13.615,235.45937500000002,0.09836019219830718,-18.945,17.841250000000002,55.2325,-55.2325,1.9827324352072682e-07,27.61624766559912,47.83274946229091,27.616252448873933,47.83274670066591,-47.83274946229091,0.0,13245672.817867767,18622711.82877972,0.40908583879651045,0.4137508667142227,1.134562994152363,1.4481541277475718,1.6450859688516146,3.9437547957153747,9649713.129727742,21.62028883757493,5.530781437146031,0.5400746516691679,-0.013397057733431358,15.032161145276582,0.8210268119721988,648270001.0804138,21.775044873286078,21260.232575890746,18719691.358084194,-8.474688199227421e-07,-5.189701908628703e-08,-13.246261821822188,21.78466290436841,125.02169720409604,125.0278576400951,89.41825302795046,66379.42430456994,76689745.0567343,1.0180225784319072,0.3833488318468068,1.4145729099910354,3.3361921127361542,0.3789766314331556,1.239543617686405,3.2971668757870045,0.5225818125040995,5.418001591271767,-15.8125,0.360625,0.425875,0.94921875,1.327625,1.3295,1.4025
7.546675,0.82425,10.6025,6.435,236.921875,0.09804229953665057,-17.835,14.62125,57.707499999999996,-57.707499999999996,2.071579812695848e-07,28.853747560993273,49.9761623970516,28.853752558609376,49.97615951167659,-49.9761623970516,0.0,10225098.2667615,9493545.455960494,0.4084451196786883,0.41321691113966175,1.1267591409277213,1.4384267810188387,1.6364879742460827,3.9407614082701743,8265570.386929732,22.23421754476204,8.12608358395579,0.36275599253309426,-0.027964335989597824,15.959220812421245,0.4787970086264032,644854164.9703897,27.411322229052626,12336.375717253053,9590517.474959522,-8.005808034408737e-07,-6.042320747228634e-08,-12.633003760223986,27.423359429915042,99.46359211831593,99.47001527756996,72.15238655914678,66791.72433741184,76969733.458443,1.0493979414825292,0.3827949260549408,1.4068475197834402,3.333929335741988,0.37832225882806114,1.2309516765965003,3.29520567567707,0.5341052747922377,5.411819446602349,-15.5125,0.572125,0.10262500000000001,0.86140625,0.979375,0.7134999999999999,0.7164999999999999
12.945425,0.9922500000000001,14.057500000000001,8.375,241.496875,0.09705254552562138,-17.895,12.69625,51.7825,-51.7825,1.8588845756777325e-07,25.891247811413322,44.844961735048734,25.89125229590937,44.844959145923724,-44.844961735048734,0.0,13004268.631745823,24450983.485110737,0.40624205604828817,0.4113506594527461,1.102917122965362,1.4086410602722124,1.6099879466622455,3.931685112365241,9597531.217444126,19.343914982390217,5.572957590751942,0.4933221638335311,-0.012777733857876807,18.57638580678617,0.7699187121878258,653521637.2403029,22.306403353518682,26989.483722550714,24547975.927613623,-6.724807333005034e-07,-3.5199051476147835e-08,-13.846110032494366,22.31739836577323,128.66224389524757,128.66839607738436,84.84949907794524,68081.48341450703,77823026.67509843,1.1385410669970388,0.3810227518184933,1.3831020911285123,3.3270812846963906,0.37623012718426163,1.204709238356422,3.289299969394026,0.5619008286641042,5.391956883868896,-6.987500000000001,0.6058749999999999,0.16712500000000002,0.92296875,1.371375,0.7945,0.8845
13.172925000000001,0.80325,12.1375,9.955,246.521875,0.09603633985994436,-22.945,11.13875,49.2825,-49.2825,1.7691397499316922e-07,24.641247917075788,42.679898164583385,24.641252185065486,42.67989570045838,-42.679898164583385,0.0,13311574.967111237,27434751.839913025,0.4039047423987894,0.4094008621237349,1.0777073394569578,1.3771018380608224,1.5816494549619593,3.9224787959677156,9675052.935991038,17.97774823128699,7.870741992559223,0.3397064862669556,-0.015586380697693037,21.629325999179713,0.4490742783709611,601193217.8981297,31.763114376730133,29900.085476573815,27531741.301395595,-6.861043207355829e-07,-3.027766555977836e-08,-18.57309158649337,31.77957803342487,134.1851372563179,134.18584967626438,91.35039811881629,69498.10404016895,78717356.53385538,1.2129328938556152,0.37918115646922174,1.3577710135030705,3.320071914609226,0.37401979077336567,1.1769867940113807,3.2833168990175667,0.5736998575343097,5.371884149472469,-11.1875,0.6223749999999999,0.267625,0.8792187499999999,0.8813749999999999,1.4785,1.3685
8.806675,1.09125,13.3775,11.445,244.084375,0.09651912235417237,-22.625,13.938749999999999,61.332499999999996,-61.332499999999996,2.2017098100276064e-07,30.666247407782695,53.11550457422636,30.666252719333006,53.115501507601344,-53.11550457422636,0.0,12905553.86405962,18223392.36755708,0.4049211282696321,0.4102261284315942,1.089827506625661,1.3922355529583483,1.5953025595888655,3.9268382766590992,9501080.05208145,25.504875804898283,5.162522493845706,0.6525019696708403,-0.019710991156918024,15.192597343514098,0.9782116202046045,672433791.9531491,19.874319521135966,20807.536222380702,18320342.62173408,-9.790413829511742e-07,-6.031991602134225e-08,-16.96918059576624,19.884809390884975,146.34900357653004,146.3559536671057,112.4764873617453,68810.93731876578,78288957.8787565,1.177175928925232,0.3800793402456192,1.3699849404369588,3.3234267135338067,0.3750980596169652,1.1902994099448192,3.2861709147538316,0.5684068736618535,5.381675229778079,-17.8125,0.40112500000000006,0.467125,0.87828125,1.201625,1.0575,0.9544999999999999
10.040425,0.89625,13.8725,8.844999999999999,244.515625,0.09643332411097219,-21.455,17.35125,46.6075,-46.6075,1.6731127863834294e-07,23.303748030134628,40.36328014418547,23.303752066462533,40.36327781381046,-40.36328014418547,0.0,12756505.249794161,17722365.828969363,0.4048614568392273,0.4102017968590574,1.0876655774795982,1.3895562837017323,1.5928875842952979,3.9260832646042436,9497653.097484196,16.818819771405725,6.593397849590229,0.3525687553677296,-0.0108100881657708,15.309147018289059,0.6572693818430672,641919087.6994375,25.267979636348244,20469.91589643631,17819373.7941747,-6.883825168652696e-07,-4.7692983680395865e-08,-15.434050328946547,25.281670702984503,104.03277874361945,104.03405770468365,73.90315930991565,68932.51296947557,78365385.17102566,1.183691712111931,0.37991189883972687,1.3678042451153158,3.3228178989297072,0.37489939634565217,1.1879214731416825,3.285651874858686,0.5694788235175333,5.379812210198063,-18.7875,0.659875,0.46862499999999996,0.99421875,0.34237500000000004,0.9924999999999999,1.1825
10.574175,0.73425,11.0825,11.585,240.20312500000003,0.09732772614185112,-22.905,7.93625,51.8325,-51.8325,1.8606794721926535e-07,25.916247809300074,44.88826300645804,25.91625229812625,44.888260414833034,-44.88826300645804,0.0,11103207.774074882,17032547.35674684,0.40684681383861226,0.411857344351956,1.109542459971047,1.416951975356822,1.617376943456412,3.9341613842306575,8660888.653511273,19.734419516588254,8.664960070246057,0.27011982026072123,-0.01893198681364542,17.482163565495547,0.3973846369389795,617890136.1056815,31.27637220628032,19712.48319417525,17129525.360972956,-7.620849766137161e-07,-3.855784034967932e-08,-18.571281165889943,31.290046783497814,116.04057254402959,116.0466492603589,79.22616566338431,67716.75646237766,77585774.39575055,1.1195217896434915,0.38148827773322946,1.3897141361813836,3.328942896616989,0.37678915297437365,1.212022013823612,3.290902765809572,0.5586318317636231,5.397020522462994,-16.0875,0.154375,0.5271250000000001,0.79671875,0.937375,0.9145,0.8464999999999999
10.547925,1.04325,12.8675,10.475,248.28437499999998,0.0956932204782648,-16.615000000000002,16.33625,53.957499999999996,-53.957499999999996,1.9369625740767875e-07,26.978747719486975,46.72856704135358,26.978752392343548,46.728564343478574,-46.72856704135358,0.0,12488025.349971531,17667406.02304256,0.4031066011356837,0.4087435665507318,1.0691155297634147,1.3663309728192883,1.5719248910044554,3.9194283357415873,9335611.681109633,19.836325980563714,5.948626729030762,0.4591077632452182,-0.014775274376461726,16.63526131505092,0.6833477417997917,648048207.4935073,23.41073491605527,20371.93273971218,17764394.90956095,-7.148206541594628e-07,-4.3609494972219026e-08,-11.828752802788278,23.425174472042926,116.32260959453745,116.3285333791375,78.42253561384027,69994.97843872198,79022632.7509842,1.2307161539942348,0.3785584614812431,1.3490917377507077,3.3177361845760545,0.37326306648778673,1.167533329024725,3.2813335546147484,0.571864464536148,5.365232309894775,-19.7875,0.584125,0.428125,0.83921875,1.233125,1.3475,1.3965
9.611675,1.02325,12.7725,6.285,240.05312500000002,0.09736004933259185,-19.215,9.02125,42.9075,-42.9075,1.5402904442792894e-07,21.453748186515078,37.15898605989675,21.453751902413583,37.15898391452174,-37.15898605989675,0.0,10152538.372549202,13025668.738453273,0.4071357357759732,0.4121383045468975,1.1103189671154956,1.4179575829100284,1.6182713194804939,3.9345082438433945,8366149.317395634,15.225098613173829,10.92672393478418,0.2844579562974055,-0.012426062982236953,15.108397190212209,0.5320072230778231,774540849.6785988,31.690432212119397,15931.80511918599,13122696.088752016,-6.210778480501111e-07,-3.8841068834344134e-08,-15.09082801404919,31.698090642259594,83.01833730264285,83.0200053478248,57.389391217758465,67674.46927952209,77558024.3952925,1.1173295918941981,0.3815422535439527,1.3904833325602284,3.3291605168046665,0.37685391997408396,1.2128746946199884,3.291090521612693,0.5582526814181841,5.397608294826096,-19.0125,0.112375,0.620125,0.95453125,1.343375,0.8614999999999999,1.4365
9.935425,0.86025,11.9475,13.135,242.790625,0.09678369992344586,-19.945,20.55375,48.6075,-48.6075,1.7449086469802615e-07,24.303747945604655,42.09533100055774,24.303752155137637,42.09532857018274,-42.09533100055774,0.0,12493706.630840203,14996566.154380612,0.40567992424689253,0.4108878985278284,1.096342785058368,1.4004153514085045,1.6026371147511356,3.9292673504170703,9281980.452157948,17.2456889804729,9.209584442786369,0.29303521356977985,-0.012877977060867518,14.924638431004615,0.41411215646996635,657312121.7539734,31.420117591469225,17799.223922324752,15093570.730891801,-7.461906825350741e-07,-4.956240956369455e-08,-13.305527593002756,31.435005717042905,100.72621475067456,100.72754583319937,69.85699318446049,68446.21036663638,78057500.11531076,1.1577565199958306,0.3805448901821687,1.3765174743853494,3.3252345982253297,0.37565861217315677,1.1974648007820952,3.287716097833505,0.5651370322986098,5.386718711312946,-5.0375,0.43562499999999993,0.651625,0.75078125,1.4448750000000001,0.8744999999999999,1.4965
11.396675,1.0257500000000002,12.4775,11.665,236.64062500000003,0.09810365908791686,-23.355,9.45875,54.5075,-54.5075,1.9567064357409165e-07,27.253747696241234,47.204881026855965,27.253752416729206,47.20487830148095,-47.204881026855965,0.0,12431501.14119502,21511135.58614312,0.408530416532245,0.4132809030428905,1.1282533014552387,1.440281052549068,1.6381295009476138,3.9413140534908115,9251605.034715295,21.991151358517847,5.549203967609177,0.3127813376084946,-0.017221887955013122,17.717317130594466,0.5921144147561156,567301343.685802,24.82463094276416,24050.18158644372,21608103.67774017,-8.248981449136535e-07,-4.0924694651462456e-08,-18.80205907304651,24.835345820333504,137.5501901667275,137.5567401261173,98.0792773206189,66712.43586955765,76916102.00193231,1.0433206178191559,0.3829015546769068,1.408329360885434,3.3343616457678404,0.3784482699475866,1.2325963603544114,3.295579678511323,0.5318427201338967,5.413009390318739,-2.6374999999999993,0.37412500000000004,0.164875,0.90234375,0.674875,1.0185,1.4515
8.596675,1.04925,11.8325,10.765,236.134375,0.09821183988956782,-20.605,15.21625,53.9825,-53.9825,1.937860022334248e-07,26.99124771843035,46.75021767705824,26.99125239345199,46.75021497793323,-46.75021767705824,0.0,11533073.485216944,13339288.293398488,0.408804909476475,0.41351930800860465,1.130952035688275,1.443654036628946,1.6411137680805257,3.9423688399713663,8855031.048307411,20.96185296784116,6.996431665525314,0.33371640045835665,-0.017852368166995706,14.952468420620594,0.5645988311045396,629344522.6964962,25.952553343650337,16105.18755697549,13436267.241864873,-8.31777443014687e-07,-5.449517308952359e-08,-14.864273982272996,25.964133062370603,108.96169527558529,108.9678577827522,79.23389713579807,66569.71662742007,76819753.6589282,1.032437335425864,0.3830933016876338,1.4110010776553066,3.33514311941862,0.3786748382670683,1.2355659350345176,3.296256617643762,0.5278694026286678,5.415148766853411,-18.2125,0.349375,0.404875,0.88546875,0.3056249999999999,1.3785,1.2374999999999998
12.280425000000001,0.9677500000000001,12.932500000000001,10.945,238.459375,0.09770196739704709,-20.735,18.97875,50.1075,-50.1075,1.7987555424278856e-07,25.053747882207176,43.39436914283695,25.05375222164397,43.39436663746194,-43.39436914283695,0.0,13863561.372685505,23053640.487541646,0.4077423744756114,0.41262659341766994,1.1186374055552784,1.4283035479552741,1.6274941873619255,3.937655788112549,9890785.06376189,18.671904439820974,6.799486774042105,0.3272192439035106,-0.013074121518378449,18.372469357236287,0.5676493281497841,616727243.057678,26.821680682924654,25629.211551424483,23150635.94351926,-6.662105457279689e-07,-3.925902315988017e-08,-15.070945846381777,26.833870854597954,124.31858407035341,124.32467606284801,82.75813935501276,67225.16796168154,77260792.94924623,1.0829359857983307,0.3822116377032715,1.398780965722626,3.3315904331635617,0.37763242199826436,1.222024463043463,3.2931874015644795,0.5463289431874271,5.405320179283135,-16.6875,0.632875,0.139375,0.98390625,0.389625,0.8045,1.1015000000000001
12.534175000000001,0.76675,11.0925,8.225,238.084375,0.0977841812080745,-18.085,13.13375,45.1575,-45.1575,1.6210607874507257e-07,22.57874809141886,39.107543273315564,22.578752002173076,39.10754101544055,-39.107543273315564,0.0,11691356.78914557,20208097.79385632,0.4081212827096265,0.41298082409285786,1.120614774064998,1.4307959192692852,1.629714799031607,3.9384564886355324,8945035.290068168,13.97221150904241,19.31281469302162,0.46989196650123183,-0.021866040954546005,21.2766621105296,0.6361269876355328,1079932839.4181824,45.94346154787174,22920.01570545623,20305119.1405151,-5.799211595124178e-07,-2.8248416487324875e-08,-14.016506337870775,45.94752396476859,102.3304186393533,102.33157209650855,64.75322248302456,67119.45000454261,77190231.82101977,1.074703632318839,0.38235396929804455,1.4007431847825742,3.3321571466927,0.3778008297728114,1.2241919287854706,3.2936756046828704,0.54335992839902,5.406905070830865,-17.5625,0.520375,0.645625,0.78109375,0.8953749999999999,1.1945000000000001,0.8374999999999999
10.337925,0.73375,11.4925,13.035,249.990625,0.09537192001006986,-23.615,7.04375,54.6325,-54.6325,1.9611936770282185e-07,27.31624769095811,47.31313420537923,27.3162524222714,47.31313147375422,-47.31313420537923,0.0,11463351.697213385,18543626.06718842,0.40228117971609845,0.40805473278440657,1.0608903411304653,1.356027323734728,1.5625697917108385,3.9165262719844702,8848249.506824136,21.28758461677582,6.114737947883603,0.26295315588028056,-0.018810541461081815,16.939573450503364,0.44321306663600685,562370970.3364873,27.463132250494333,21169.367096582624,18640592.020834453,-8.398007548303224e-07,-4.064734040878528e-08,-19.312068611262653,27.47976218371913,130.6287316300678,130.63524029940464,92.22201713690072,70475.99514370423,79311368.69726957,1.2480970996607101,0.3779551768833668,1.3407573736613365,3.3155172827094064,0.372528697138382,1.1585054806296566,3.279458145383526,0.5701787205236604,5.3588038667138935,-3.5625,0.224875,0.446125,0.77328125,0.844625,1.4015,1.4825
7.231675,1.08175,13.8675,13.445,239.528125,0.09747019173230795,-22.755,13.85125,59.582499999999996,-59.582499999999996,2.1388884320053783e-07,29.791247481746424,51.599960074900615,29.791252641742286,51.5999570957756,-51.599960074900615,0.0,12575470.858214414,16570350.635916159,0.40709292198631897,0.4120536336942107,1.1130377407813818,1.4213086815927158,1.6212519360769888,3.9355029174431255,9417509.744368985,24.881541535005,6.229861743105652,0.8400972257993075,-0.016383869798239088,13.1440080523161,1.2983250867007772,830722166.2512017,18.993962122196567,19200.380725695388,16667305.709003912,-1.009762450243292e-06,-6.64445650558748e-08,-16.69800538042529,19.003370691191613,137.75261839022673,137.75954818575926,107.65630476706156,67526.46413952752,77460575.5767047,1.106581680910872,0.381805731579634,1.3932072584775281,3.3299884022705224,0.37715188598822413,1.215882048702991,3.2918101163202707,0.5548143012771698,5.400803833374263,-5.387499999999999,0.489625,0.349375,0.85796875,0.7868749999999999,0.9684999999999999,1.3315000000000001
13.207925,1.08975,11.4775,10.105,245.88437500000003,0.09616062960849449,-18.415,15.93375,45.0075,-45.0075,1.6156760979059635e-07,22.503748097758606,38.97763945908764,22.503751995522446,38.977637208712636,-38.97763945908764,0.0,12731332.689223675,23033860.18650874,0.4043800380781275,0.4098293399196862,1.0808600283793082,1.3810696570347307,1.585237408119701,3.923660980433295,9407443.738776186,14.164647333711994,16.04773430434775,0.4691410704187273,-0.016736154004326164,21.12096917104575,0.5809143316100593,946684105.3079164,43.504600958298695,25692.37099063167,23130882.932747614,-5.920097739996239e-07,-2.843405963307765e-08,-13.883113518751603,43.52090018471352,108.5974238415219,108.59843181286634,69.54885901145545,69318.38351303275,78606288.91549064,1.2045337701457732,0.37941923918835924,1.3609501038695317,3.3209426115659952,0.3743051570172253,1.1804450888069382,3.2840567757577905,0.5730200341971889,5.374488779655059,-0.36249999999999716,0.662875,0.293125,0.95859375,1.1263750000000001,1.3455,1.2505
10.145425,0.7597499999999999,10.9025,9.235,238.028125,0.09779655640951995,-18.505,17.018749999999997,50.4825,-50.4825,1.8122172662897918e-07,25.241247866357806,43.719128678406754,25.24125223827055,43.719126154281746,-43.719128678406754,0.0,11507114.520136671,14553379.76449209,0.40804260219214905,0.4128967625531835,1.1209090661201764,1.4311493619987592,1.6300283473423591,3.93854937560317,8821890.03134202,17.547446405458594,11.983660554583057,0.3470093111848318,-0.019391303103163893,17.892052275830345,0.44453995900696686,772861912.0554645,35.1532961611193,17343.25519269169,14650378.150973631,-6.577983591289749e-07,-4.135742271008579e-08,-13.275677080078848,35.16408082747464,100.20810754377123,100.21365027297699,65.63887322186895,67103.59231097176,77179624.52210645,1.0734716286937502,0.38237531303905514,1.4010377959561071,3.3322423564666273,0.37782608038890975,1.2245175992404267,3.293749057895628,0.5429149136237373,5.407142789743774,-7.3125,0.39812499999999995,0.311125,0.81234375,0.253125,1.2494999999999998,1.1985000000000001
10.687925,1.07375,13.2225,11.195,239.378125,0.09750270163559525,-23.825,15.39125,60.9825,-60.9825,2.189145534423161e-07,30.491247422575444,52.81239567436121,30.491252703814865,52.8123926252362,-52.81239567436121,0.0,13953941.49743354,22824850.38442342,0.40716690058556354,0.4121165614323367,1.1138208773298193,1.4222837457078767,1.6221230967341114,3.9357965355436413,9899042.232691253,25.77248303341622,6.955008810426496,0.5599324061897755,-0.020254625503714912,17.44166106349701,0.9618349373137045,668434357.3851445,21.243388647718074,25287.282167234192,22921799.77505352,-9.282203106780191e-07,-5.247590775029088e-08,-18.1103408534644,21.252691822382975,160.76544082564428,160.772477500046,120.36930759282001,67484.17695667196,77432490.41990997,1.1032468789114092,0.38186272845525276,1.3939878769509146,3.330212090621244,0.37721938542289,1.2167410585973424,3.292002178515682,0.5536191500461415,5.4014377531446955,-8.7625,0.37187499999999996,0.578125,0.81171875,0.279375,1.0325,1.3675
9.121675,0.83125,12.3475,11.065000000000001,247.02812500000002,0.095936962589426,-19.055,16.87875,58.957499999999996,-58.957499999999996,2.116452225568868e-07,29.47874750816204,51.05869418228428,29.478752614031315,51.05869123440927,-51.05869418228428,0.0,12269671.52782025,15237758.143567193,0.40359981478631746,0.409135177662669,1.0752297877087709,1.3739825500464364,1.5788408085345806,3.9215814253613925,9195012.442013957,22.991707799186,5.376328809084005,0.48737396634844316,-0.01949225077252211,15.504253209387027,0.7098926384161527,612423882.7693553,22.380641721356415,17940.864109302827,15334724.442859884,-8.812975984960052e-07,-5.585881687692239e-08,-13.480173648886494,22.394316223408495,124.96612415856853,124.97254066449642,91.72934196726258,69640.82328230655,78805206.46341377,1.2180107617481395,0.3790058749489435,1.3552742465949055,3.3193998568855423,0.37380596949666917,1.1742596439566417,3.2827452392403154,0.5731400835874769,5.370025628805663,-9.662500000000001,0.152875,0.305875,0.94703125,1.229625,1.2805,0.9755
7.214175,0.8552500000000001,12.8875,6.515,247.96562500000002,0.0957543140508901,-19.415,17.28125,46.6325,-46.6325,1.6740102346408896e-07,23.316248029078004,40.38493077989012,23.31625206757097,40.384928448265114,-40.38493077989012,0.0,10845209.456066739,10224477.733580384,0.4033000778467857,0.40891246726499136,1.0706620612854063,1.3682779846733213,1.5736860365586958,3.9199933754423184,8662970.979061734,16.219983989883932,8.266379847740218,0.3520744811709867,-0.012946948072198318,13.057640870524134,0.6044887774805116,700613182.6554583,27.42829879255328,13173.199229801641,10321490.814016832,-7.503319802016869e-07,-6.203493731609783e-08,-13.020051787606322,27.443527383751906,82.79560320697037,82.79836700189028,62.300000942145495,69905.11817515391,78968212.15640716,1.2274905480082094,0.3786688858004208,1.3506539435567686,3.3181531197203156,0.37339795207680987,1.1692323152426154,3.2816868907634276,0.5721851560240079,5.366400963629161,-13.8125,0.293125,0.521875,0.82609375,0.174375,0.9535,1.3995
12.822925000000001,0.9657500000000001,12.0525,8.115,241.159375,0.09712400963451133,-23.425,20.43125,55.4825,-55.4825,1.9917069177818724e-07,27.741247655032872,48.049255819337446,27.74125245995832,48.04925304521244,-48.049255819337446,0.0,14901849.811357154,28340513.08390923,0.40632083979807165,0.4114025470237154,1.1046384055656595,1.4107877996225382,1.6118986930858963,3.9323046634366747,10274544.061614085,21.389534577816804,6.512365415379977,0.3920074362020011,-0.020837859855985522,22.935813213128583,0.5721925860062735,595598683.868314,28.993744175704638,30724.369769280635,28437482.78934208,-7.525905280232714e-07,-3.846171055406145e-08,-17.57856802928248,29.006552699016474,153.84464920051855,153.8514626065401,107.8883194725616,67986.33725308198,77761257.07739756,1.1335603774291545,0.38114420441012437,1.384823192102256,3.327564308619557,0.3763760434692181,1.206609774406143,3.2897152576642315,0.5610477248203726,5.393276980459059,-11.2875,0.49712500000000004,0.228625,0.94859375,0.10612500000000001,1.0945,0.7565
10.434175,0.73475,13.4775,13.175,247.38437499999998,0.09586763549295733,-21.785,17.07125,51.4825,-51.4825,1.8481151965882077e-07,25.74124782409282,44.585154106592896,25.741252282608105,44.58515153246788,-44.585154106592896,0.0,13238241.960154245,19427624.836266264,0.403465794722656,0.4090301041126699,1.0734929046025148,1.3718072524728429,1.5768796213918133,3.9209700941800807,9673128.444398398,19.218355852197316,5.41242229527129,0.37791685999431335,-0.012215347072600462,15.15526341569826,0.6557558409261197,589081760.3394587,23.806569592350552,22081.60700251463,19524611.29933429,-8.183973490411314e-07,-5.010582193629104e-08,-15.752215295397326,23.820627842884367,121.59778948820158,121.604084294707,87.68181207694451,69741.25534158853,78866649.45042822,1.221598602168043,0.37888246151931404,1.3535206778313438,3.3189291037249626,0.3736553689505698,1.1723470223626677,3.282345305001444,0.5727687562188346,5.368717510944848,-7.9375,0.405625,0.595375,0.78921875,0.260125,1.4615,1.2414999999999998
11.090425,0.79475,11.7575,12.355,247.365625,0.09587127436491369,-21.185,9.091249999999999,48.2325,-48.2325,1.7314469231183555e-07,24.116247961454025,41.77057146498794,24.116252138511058,41.770569053362934,-41.77057146498794,0.0,11167667.674366944,17187805.372446515,0.4035926553753464,0.4091575148421133,1.0735866958248828,1.3719423860154727,1.5770023001420514,3.9210345853837767,8739607.775612172,17.4161604064255,8.851348859768066,0.2827052527364827,-0.014185571457226527,16.505350007642416,0.4509843788424702,644579058.1375817,31.505388348901953,19924.248582665838,17284802.517505277,-7.26755136728429e-07,-3.689062666494016e-08,-16.8881070481932,31.52195687772738,107.12434837486836,107.12555038005735,72.64562365115846,69735.96944373158,78863421.3541956,1.2214095275809982,0.37888896578041187,1.3536129123060479,3.31895384376533,0.3736633042383877,1.1724475362161768,3.282366308620592,0.5727878119865876,5.3687864741378934,-7.112499999999999,0.6666249999999999,0.45887500000000003,0.76984375,0.142875,1.1305,1.4615
8.876675,1.03025,11.2975,9.945,239.62187500000002,0.09745009184996203,-17.025,19.10125,50.182500000000005,-50.182500000000005,1.801447887200267e-07,25.091247879037304,43.459321049950915,25.09125222496929,43.459318540825905,-43.459321049950915,0.0,11122130.79879328,10889964.379528586,0.4072458690230971,0.41221669210218975,1.1125529111829846,1.4207351944754685,1.6207416796660967,3.935379439012362,8666703.302562395,17.458939677934435,10.604821656363839,0.3368258556237216,-0.01662864314830543,14.853198071594875,0.4555608739753957,710835949.9801831,32.104098283903994,13787.220244807251,10986968.740966799,-7.579691481064611e-07,-5.4591945105188544e-08,-10.976455501866266,32.11577680775925,89.01467745612409,89.02042373241672,62.63552513983166,67552.89362881231,77477964.85371731,1.1086688444338175,0.38177010235988684,1.3927196293069775,3.3298487825259264,0.3771096883208175,1.2153456766019899,3.2916902800404344,0.5555598100066813,5.400407641606506,-14.962499999999999,0.157375,0.5938749999999999,0.80546875,1.462375,1.1955,1.0925
9.147925,0.7122499999999999,13.192499999999999,10.565000000000001,246.74687500000002,0.09599188977107483,-21.925,10.438749999999999,43.5575,-43.5575,1.56362409897326e-07,21.778748159042838,37.72190258821774,21.77875193123299,37.721900410342734,-37.72190258821774,0.0,10879994.557438841,14300185.691888414,0.40389799593047626,0.4094139034833901,1.076608134860252,1.3757371503322229,1.5804223759178,3.9221172124995043,8700592.010043217,15.707294428569927,8.326232671889244,0.2695657335135406,-0.010449031618151031,13.769113024116837,0.5492551124890854,676039045.0346649,28.936997481195085,17159.32554413831,14397203.201869128,-7.234461978878634e-07,-4.533332576917114e-08,-16.843092188615124,28.95168474722486,90.70020238031869,90.70191315931969,65.54060719410224,69561.53481445232,78756603.34684795,1.2151824543320382,0.37910330857181795,1.3566607790287983,3.3197728336838126,0.3739248241871879,1.1757734386239913,3.2830623781311816,0.5734279381190077,5.371058965256906,-1.6875,0.19787500000000002,0.12137500000000001,0.95765625,1.4308750000000001,1.1465,1.3015
9.725425000000001,0.81525,11.7225,12.035,236.903125,0.09804649813944692,-17.225,17.613750000000003,44.7575,-44.7575,1.6067016153313593e-07,22.378748108324853,38.76113310204111,22.378751984438058,38.761130864166105,-38.76113310204111,0.0,11106063.36384626,11934361.575387895,0.4086626307676241,0.41343609410355703,1.1268633411398028,1.4385857094743562,1.6366312826593776,3.9408528707914403,8700087.868602173,14.80564183494907,14.561972320622484,0.31610187163863784,-0.01351213580993486,14.207023716238625,0.42049860914241305,847973028.3072436,37.391329032069024,14863.907061301865,12031389.685488477,-6.86682145408835e-07,-4.59975243395304e-08,-11.494580672510128,37.391238303209605,81.80662939815493,81.80816354890916,55.41071503919139,66786.43843955493,76966159.50514896,1.048992424763278,0.3828020310123469,1.406946224834044,3.333958104297692,0.3783306576499396,1.2310612080350023,3.2952305596381812,0.533957693489912,5.411898673221563,-2.3874999999999993,0.358375,0.37187499999999996,0.90453125,1.0353750000000002,0.7154999999999999,1.2955
9.244175,0.78875,11.3725,6.715,243.503125,0.09663729219254212,-21.615000000000002,9.42375,51.307500000000005,-51.307500000000005,1.841833058785985e-07,25.65374783148919,44.43359965666032,25.653752274849037,44.433597091285314,-44.43359965666032,0.0,10571870.0985918,13758464.455269359,0.40535631053015714,0.410619197667297,1.0927495683547912,1.3959172299397258,1.5986084109566752,3.927950300594587,8460533.787816124,18.99800110152488,8.628400545679668,0.28281911761787604,-0.020915396229050563,17.25692138582822,0.4724135938113554,647403691.4533213,30.025399417601246,16538.09356838221,13855448.23045917,-7.036552288996028e-07,-4.268225276539481e-08,-17.169359013165778,30.039860972225817,103.99101050514443,103.99705032890692,72.50653344239015,68647.0744852004,78185370.08509548,1.1684264033040217,0.3802884984868574,1.372914972570613,3.3242357004669163,0.37534999263658825,1.193509605035315,3.2868616527021786,0.5669378003028829,5.3839398225891495,-11.737499999999999,0.6403749999999999,0.557125,0.82703125,0.49987499999999996,1.3045,1.4505
6.829175,0.84625,10.6575,8.685,249.259375,0.09550913159374678,-21.725,15.46125,45.1825,-45.1825,1.6219582357081863e-07,22.59124809036223,39.129193909020216,22.591252003281515,39.129191649895205,-39.129193909020216,0.0,9908205.476356871,7999028.591812568,0.40279465310562734,0.40851255931147273,1.0644051814560405,1.3604562766646486,1.5665952006514814,3.917813595118126,8169466.130187297,13.605574821462215,23.35119285391751,0.2764546080296744,-0.03399667945291439,13.31533183041704,0.3818030116826605,1119869182.969794,50.54093391533391,11003.356376801647,8096041.479903264,-7.567401262376195e-07,-6.064093337807003e-08,-14.882590621584644,50.397546970426454,74.5994296934889,74.60211994848801,54.7336477104098,70269.84512728328,79188181.92099266,1.240638952486586,0.37820851256515753,1.344315916668043,3.316458098592332,0.3728386559358052,1.162357311798055,3.280252260638469,0.5708977089995613,5.361478113042362,-13.6625,0.36887499999999995,0.40112500000000006,0.77609375,0.9846249999999999,1.0065,1.4585
11.580425,0.71925,11.7375,11.095,246.03437499999998,0.09613106228068957,-23.135,7.95375,46.3075,-46.3075,1.6623434072939044e-07,23.153748042814122,40.10347251572962,23.153752053161263,40.103470200354614,-40.10347251572962,0.0,11544497.646163132,19847196.939258914,0.4042670207794825,0.40972743619750995,1.080116554090989,1.380135169799819,1.584392748746372,3.923385247443241,8914406.643506236,16.712751452227465,10.116880663712461,0.2594505650761298,-0.014835343859576291,18.241569283746617,0.40524892835741494,676913057.9537631,33.89586946832532,22524.444457058624,19944196.983881086,-6.318456158987133e-07,-3.159713625120341e-08,-18.91789960780698,33.911050821700684,109.19687993217747,109.19786979808806,70.88665142287509,69360.67069588832,78632516.19344494,1.2068310424951982,0.3793652622350215,1.360201692121292,3.3207388566307805,0.3742399956851925,1.1796306568713875,3.283883814439328,0.5733993954837837,5.373906345823259,-14.5375,0.234625,0.41312499999999996,0.89015625,1.222625,1.1075,1.0565
12.499175000000001,0.73975,13.3475,6.525,246.01562499999997,0.09613475431195528,-17.525,15.426250000000001,55.7075,-55.7075,1.999783952099016e-07,27.85374764552325,48.24411154067933,27.85375246993427,48.244108755304325,-48.24411154067933,0.0,13085413.042457782,23455318.86986087,0.4041090356156569,0.4095651981882946,1.0802057230806907,1.380222319346354,1.5844704831252652,3.923374042191571,9581469.98456689,21.12587601649756,5.307858222212006,0.49329172367078705,-0.01700623350644324,19.71668626786006,0.7487236087774648,638688232.5094092,22.417337457773407,25992.134236760623,23552298.82026474,-7.095659275224313e-07,-3.806624219834438e-08,-13.182166555673227,22.429605809845064,137.41687613741348,137.4231691556728,92.61790510162093,69355.38479803136,78629240.02071449,1.2065436663964884,0.37937200914072416,1.3602952124647958,3.320764306743344,0.37424814104765297,1.1797324028202278,3.2839054139003063,0.5733519751264524,5.373979139745519,-2.662499999999998,0.518875,0.593125,0.88265625,0.49812500000000004,1.0715,0.8875
9.331675,1.00475,13.567499999999999,10.155000000000001,245.321875,0.09627189122458071,-23.255,10.31625,55.3575,-55.3575,1.9872196764945704e-07,27.678747660315995,47.94100264081418,27.678752454416127,47.94099987293917,-47.94100264081418,0.0,12143344.570096023,18268676.644042768,0.4043735267310158,0.4097746199714125,1.0836449883140975,1.3845121771863351,1.5883435736571823,3.9245984444113025,9206777.286123674,22.001934361925542,6.673011952145209,0.6083888898996686,-0.01642689334698081,15.329804724853696,1.0252385425876909,698249468.0406455,21.24668060251288,20894.156286429967,18365642.466494463,-8.847259878504476e-07,-5.184243947894701e-08,-18.248216120145305,21.258659543969184,131.76404898147433,131.77077955164634,99.68845925506272,69159.80657732431,78507758.3888838,1.1959338419954029,0.3796218383360848,1.363761754815519,3.321709959943884,0.3745495936053135,1.1835078840846678,3.284708736759002,0.5715152657714703,5.376677231498073,-11.6125,0.38912499999999994,0.275125,0.75015625,1.224375,0.8795,0.7234999999999999
8.456675,1.03125,11.1875,11.265,244.159375,0.09650515247014868,-23.005,11.05125,58.807500000000005,-58.807500000000005,2.111067536024106e-07,29.40374751450179,50.92879036805636,29.40375260738069,50.92878742768136,-50.92879036805636,0.0,11372316.714242082,14403112.933602154,0.4049247839421069,0.4102358465170291,1.0894454705966607,1.3917688785661877,1.594875993664418,3.926705566461641,8768836.951563505,23.829513151975867,5.991411792982259,0.32172636468394467,-0.02412024777470314,15.938445839520059,0.495694236975908,578047089.3901222,25.604824365533364,17094.6916349792,14500068.58766805,-8.996299974328734e-07,-5.273707597384322e-08,-17.801953775851366,25.619016739355125,126.96947281207765,126.97607337460519,93.12036001854905,68832.08091019357,78302232.59840263,1.178308774974888,0.3800400564637618,1.369595311657778,3.3233106352603996,0.3750538595764406,1.1898805947440327,3.286071991222917,0.5685868251307357,5.381198521683786,-17.7125,0.317125,0.473125,0.78953125,0.482375,0.9804999999999999,0.7985
7.896675,0.8652500000000001,11.4875,8.594999999999999,241.19687500000003,0.09711605123059908,-22.455,15.041250000000002,57.5325,-57.5325,2.0652976748936252e-07,28.766247568389648,49.82460794711903,28.766252550850304,49.82460507049402,-49.82460794711903,0.0,11358368.056501264,12511006.075228691,0.40631163231949113,0.4113964534846797,1.1044469052717414,1.410550396088245,1.611687716315762,3.9322419379236586,8764712.455299122,22.87593883329513,6.2688380160285355,0.35140896598044213,-0.024035290460465035,15.477182631829931,0.5671636201209378,591128627.4607892,25.098345916738023,15262.492516974457,12607968.683034087,-8.875250141058361e-07,-6.060348394297319e-08,-16.43500197640639,25.111561191335277,115.56852455505556,115.57516949859597,87.0222833169225,67996.90904879587,77768130.05969909,1.1341132083752457,0.38113071254545877,1.3846317763105205,3.3275105390182302,0.3763598368646504,1.206398355796855,3.2896690192260496,0.5611425098568774,5.393130329552883,-2.4875000000000007,0.266125,0.185875,0.79859375,0.232125,0.8205,1.1375
10.285425,1.0502500000000001,11.6075,11.935,244.77812500000002,0.09638055486796127,-21.585,8.14625,44.7325,-44.7325,1.605804167073899e-07,22.36624810938148,38.739482466336455,22.36625198332962,38.73948022971145,-38.739482466336455,0.0,10524689.542822538,14651314.717832908,0.4048710882275119,0.410234005780386,1.0863576293596169,1.3879400585191581,1.5914340859679577,3.9256447279029802,8467491.887948483,15.844088674741485,12.435637925708658,0.266553645425965,-0.014416172435687864,15.430916724500523,0.40257352031800814,777088456.7241297,36.37538125422513,17483.176039464,14748326.146236196,-6.887415381098292e-07,-3.769495102293748e-08,-17.187356085292546,36.38657940861841,92.5598702179111,92.56126686820858,62.57402419665322,69006.51553947285,78411855.95916489,1.1876700124093986,0.37981745344944734,1.3664863158364504,3.322456051763991,0.37478553343001925,1.1864813960914709,3.285343635948524,0.5701420362105184,5.378791051177624,-17.5375,0.575125,0.12287500000000001,0.96171875,0.37212500000000004,1.4345,1.0275
9.217925000000001,0.89275,11.5175,7.855,235.346875,0.09838522780649217,-23.435,12.381250000000001,55.432500000000005,-55.432500000000005,1.9899120212669517e-07,27.716247657146123,48.00595454792814,27.716252457741444,48.005951776303135,-48.00595454792814,0.0,11663824.595999647,15732515.893436272,0.4091698720546602,0.413827237056406,1.1351671747948333,1.4489128997655039,1.6457553972186474,3.943998172758112,8893286.568245178,22.110591475316728,6.776143442873437,0.2925631751811514,-0.023253593283496774,17.6386019978029,0.4817197008076616,580462161.6936295,26.6249253603392,18405.394201918687,15829482.015557313,-7.783870033586842e-07,-4.7442647103432636e-08,-18.210725396470245,26.63595793448938,120.41313733649929,120.41941465976429,85.78568208363554,66347.70891742826,76667987.80511129,1.015630820880293,0.3833914054910594,1.41516929084276,3.3363677346738014,0.37902689841954657,1.240208648617761,3.2973194550834437,0.5217022103608884,5.418477103612537,-17.2375,0.682375,0.37487499999999996,0.8870312499999999,0.31962499999999994,0.7825,0.8724999999999999
9.944175000000001,0.97875,14.3725,7.955,244.66562500000003,0.09640315736678742,-19.375,13.78125,50.207499999999996,-50.207499999999996,1.802345335457727e-07,25.103747877980673,43.48097168565556,25.10375222607772,43.480969175280556,-43.48097168565556,0.0,12243859.658734137,17700451.553122625,0.4047507569794235,0.41010204063809186,1.0869153459612777,1.388612053975567,1.5920376873262272,3.92580014862364,9311870.058089945,18.576522272134333,6.274539671643984,0.629690134868292,-0.011837328887046685,15.177899381164345,1.0456644213444637,695476561.4218179,21.496596300146276,20416.877436964558,17797447.296054654,-7.313716339081404e-07,-4.743914947097324e-08,-14.444308770000287,21.509027620459705,111.78833228473019,111.79444963093263,80.591905037744,68974.80015233117,78391943.82128133,1.1859640445391233,0.3798579355068402,1.3670509688230277,3.3226110085818705,0.37483433987833525,1.187098195856201,3.2854756018968474,0.5698578087409846,5.379228714485533,-3.2124999999999986,0.452125,0.611875,0.96796875,0.149875,0.9464999999999999,1.4955
10.442925,1.0717500000000002,12.7025,6.065,238.215625,0.09775534926265572,-21.205,17.52625,60.5825,-60.5825,2.1747863623037945e-07,30.291247439481438,52.465985503086756,30.291252686079844,52.46598247396175,-52.465985503086756,0.0,13246549.32073206,20061467.523716927,0.4077497384187526,0.4126145187017665,1.1199171294858883,1.4298829577356515,1.6288991166163735,3.9381148055591773,9578488.131904969,24.913774020994598,4.904689219433209,0.5013076356125712,-0.02365832889344791,18.89332022019485,0.7813855502309346,580766941.1016467,21.821305740757,22609.27896112494,20158424.493430756,-8.172510179401745e-07,-5.05769126531463e-08,-15.70954432210675,21.83099919092643,145.41752619255382,145.42409914479222,105.18480983767155,67156.45128954123,77214958.91997711,1.0775811457511777,0.38230416227115877,1.4000560192785065,3.3319585255879525,0.377741903292803,1.2234326154528719,3.2935044462314584,0.5443986402993412,5.406350402649792,-6.387499999999999,0.629875,0.572125,0.89890625,1.051125,1.0215,1.2155
7.940425,0.72675,12.8525,12.475,248.07812500000003,0.09573275393804799,-19.255,10.17625,41.7075,-41.7075,1.4972129279211903e-07,20.853748237233066,36.119755546073385,20.85375184920852,36.119753460698384,-36.119755546073385,0.0,10027716.218962379,11181710.90677065,0.40339732904250175,0.40902138866108684,1.0701193860035878,1.3676192041630606,1.5730912636634256,3.919838928286039,8358823.672137119,14.544146864291452,10.859141962257528,0.2809315151105954,-0.009796155666805167,12.095534765113078,0.5683477649236626,750473722.2194703,32.297987213209296,14162.488273132742,11278745.173404012,-7.145847078891363e-07,-4.6331650884935655e-08,-14.355553739697227,32.308258210932436,77.57763404706915,77.57978594901475,55.25683136529622,69936.8335622956,78987409.14670502,1.2286283491015617,0.3786299123353485,1.3501022821953224,3.3180057927591315,0.3733503513201778,1.1686321874611316,3.281562007633448,0.5720717937981549,5.365988430148782,-0.2875000000000014,0.570625,0.317125,0.93484375,1.2103750000000002,1.3005,1.0385
7.809175,0.9857500000000001,13.7025,7.135,244.36562500000002,0.09646356317874984,-22.095,14.97125,53.557500000000005,-53.557500000000005,1.9226034019574213e-07,26.778747736392972,46.382156870079136,26.77875237460853,46.382154192204126,-46.382156870079136,0.0,11948872.620228495,14627420.55312036,0.40483167045562385,0.4101587475849718,1.0884132386119474,1.3904775056801948,1.5937153743894603,3.9263300019348204,9143199.908267695,20.584755601750647,8.499753665512902,0.70768255022234,-0.015726487490573367,14.227272225585473,1.1701776317322858,824189986.4316148,21.16093730068634,17369.301520341785,14724397.480764775,-8.433322867729285e-07,-6.137942300284118e-08,-16.122600269164018,21.17332005653843,114.08219505335232,114.08883039959325,87.7791473921709,68890.22578662,78338785.17681007,1.181422043973488,0.37996587595942877,1.3685580501300623,3.323025147341033,0.37496445436777237,1.1887456801327363,3.2858285198429407,0.5690998594960712,5.380396060594513,-6.362500000000001,0.16712500000000002,0.327625,0.88234375,0.137625,1.1355,1.1715
11.274175,0.75025,13.9975,7.984999999999999,248.434375,0.09566468580984629,-19.615000000000002,20.41375,42.6325,-42.6325,1.5304185134472252e-07,21.316248198137952,36.92082906714556,21.316251890220755,36.92082693552056,-36.92082906714556,0.0,12910908.379581455,17892070.36538873,0.4031757583499236,0.4088272206873699,1.0683929299214112,1.3654445018977508,1.5711233515912386,3.919207774388364,9576962.131071579,14.572955571466014,8.336807178139349,0.309360216212772,-0.009000883466431757,15.701729491920215,0.5187708295054706,668361874.5927024,29.04741297442657,20709.423979446165,17989104.539552167,-6.039173414504352e-07,-4.3330105387473536e-08,-13.443713611520472,29.062925086480345,93.38793194693257,93.38909131028639,63.846216888141555,70037.2656215776,79048089.84494218,1.2322358228614387,0.3785064979558314,1.3483574008012518,3.3175404888456406,0.3731995754426334,1.1667352913826003,3.2811678158213664,0.5717139172259162,5.3646825891117915,-6.1875,0.182875,0.671125,0.83578125,0.5243749999999999,1.0335,0.7104999999999999
9.506675000000001,1.1022500000000002,10.9225,10.485,239.340625,0.09751077280285196,-21.165,16.35375,46.557500000000005,-46.557500000000005,1.6713178898685087e-07,23.27874803224788,40.31997887277616,23.278752064245655,40.31997654490115,-40.31997887277616,0.0,11157269.562698867,12544728.325605638,0.4074353184122356,0.41238618818290546,1.114022179019906,1.4225719750694121,1.6223835269759002,3.935944692757294,8667079.353804687,15.595541735345327,16.727608229631755,0.2974357357234921,-0.020435194528463665,15.712529527215867,0.3670339856817367,885647012.298942,42.11305696536504,15411.746808052796,12641736.734551316,-7.050979907586339e-07,-4.632224497308467e-08,-15.1338235504637,42.11732658684484,90.3036556749517,90.30516884849668,62.139848379637066,67473.60516095808,77425517.02772976,1.102413952837767,0.38187697116767455,1.3941831156194076,3.3302680676037855,0.37723625187868015,1.2169559467444209,3.2920502492522346,0.5533211528400355,5.401596142090156,-12.6875,0.557875,0.43337500000000007,0.84265625,0.135875,0.8394999999999999,1.0895
12.884175,0.76075,13.4925,8.365,246.22187499999998,0.09609419223275757,-18.045,18.52375,59.2325,-59.2325,2.1263241564009329e-07,29.61624749653917,51.29685117503547,29.616252626224146,51.29684821341046,-51.29685117503547,0.0,14381018.46256239,26836581.48778117,0.40397035701848216,0.4094419276639772,1.0791851515661945,1.378940896986441,1.5833116489204768,3.922996289067999,10117212.63773645,23.118909340610344,4.891532983158452,0.583650620097663,-0.018201327527848983,20.316473438193334,0.8707000944149313,640403935.4044795,21.54825042382962,29261.008606764273,26933549.85224985,-7.507616341515932e-07,-4.029964406625842e-08,-13.184563842527549,21.558733971911046,155.80738085144347,155.814010970636,105.1873174166679,69413.52967445778,78665250.87407584,1.20970615969239,0.37929781792712086,1.3592669687794723,3.320484672013512,0.37415855485672195,1.178613979328303,3.283668138060715,0.5738737374478831,5.373178898489182,-8.1625,0.330625,0.546625,0.93796875,0.428125,0.7905,1.4304999999999999
7.730425,0.93425,11.3025,7.925,247.10312500000003,0.09592232525207957,-20.645,12.783750000000001,50.7075,-50.7075,1.8202943006069353e-07,25.353747856848184,43.913984399748635,25.3537522482465,43.91398186437363,-43.913984399748635,0.0,10230997.775533684,10128669.613278767,0.40367520942942814,0.4092186095014294,1.0748659966109857,1.3735433503636791,1.5784459732407514,3.9214860047863698,8314237.543694525,18.201904145309967,9.216848608299692,0.2855403672975139,-0.01953659859653375,14.541745801342081,0.4766093383344108,681217346.8695706,30.651833405906103,13018.62191298213,10225659.737918217,-7.952660304821272e-07,-5.580620904316646e-08,-15.176449728353008,30.667701695791227,90.76482792497833,90.77126884845835,66.56425493438184,69661.96687373435,78818169.03825766,1.2187657375203922,0.37897989024849366,1.354904882927758,3.319300605680392,0.37377426519246126,1.1738565403999275,3.2826608757522,0.5730635064992774,5.369750095809128,-9.712499999999999,0.151375,0.539875,0.78859375,1.026625,0.8285,0.8865
7.3016749999999995,0.86825,11.2825,11.415,235.17812500000002,0.09842294221843861,-22.415,12.10125,46.2575,-46.2575,1.6605485107789837e-07,23.128748044927374,40.060171244320316,23.12875205094439,40.06016893144531,-40.060171244320316,0.0,10262645.819164349,10502349.09551417,0.40938437778379294,0.41403165442353773,1.1360762001636238,1.450068416148485,1.6467758936958612,3.9443932170225886,8335181.024541136,16.76091496535056,13.181203311128964,0.24885141067509137,-0.016371974924954194,13.251519782632657,0.43923438216994,794959597.5492158,35.70361651420042,13402.102477088856,10599353.397679683,-7.719853981727793e-07,-5.222257308368232e-08,-16.529636462188872,35.708741484995194,84.50506497768728,84.50718599542766,60.593511767607595,66300.13583671574,76635298.65958287,1.0120490046601682,0.3834552434655137,1.416064385625966,3.3366315689297728,0.37910226636678196,1.2412072364500315,3.2975487676497863,0.5203835898156581,5.419190182666032,-18.2875,0.490375,0.38612500000000005,0.88296875,0.39837500000000003,0.9935,1.0325
12.919175000000001,0.71075,13.0375,8.275,248.734375,0.09560751125655313,-22.705,16.91375,55.5075,-55.5075,1.9926043660393327e-07,27.753747653976244,48.0709064550421,27.753752461066757,48.07090367966709,-48.0709064550421,0.0,14266040.120025989,27156326.96192984,0.40283537022846755,0.40850731142188657,1.0669380427162576,1.363591608128578,1.5694441862085902,3.9186405539337885,10053557.969985731,21.23100695914028,5.096850628189721,0.36341635833862485,-0.018152322719134494,20.732195354247843,0.5877904096454168,582442981.801511,24.314537007754492,29579.741094743495,27253296.565045297,-7.300190875292518e-07,-3.914954574584271e-08,-17.39520189701291,24.327889761315554,150.86915175903886,150.87590664855801,102.84407999612813,70121.83998728875,79099139.31951,1.235279123824813,0.37840256341028844,1.346890224424226,3.3171500484575582,0.37307255530339506,1.1651420291687102,3.2808373526914663,0.5714142598450046,5.363583487803134,-5.737500000000001,0.175375,0.5668749999999999,0.8707812500000001,0.951375,0.8564999999999999,0.8214999999999999
7.564175,0.84425,12.3925,11.025,246.89687500000002,0.09596248795697941,-16.785,20.081249999999997,56.0325,-56.0325,2.011450779446001e-07,28.016247631787127,48.52556980483982,28.016252484343973,48.52556700321482,-48.52556980483982,0.0,11644657.247231496,10797517.927723836,0.4036893482430747,0.4092148527756405,1.0758716314066301,1.3747933842723372,1.5795716970255929,3.921822539853468,8954651.458877185,20.923685750934393,6.296460650068832,0.5420416915481755,-0.016580289005541635,13.162333471295884,0.8101883979674521,680309742.939632,22.60618282512696,13651.50085847255,10894500.622610463,-8.849488376970178e-07,-6.88651401103922e-08,-10.242109331029036,22.62078784534693,101.47923865904319,101.48571632355556,75.70680228381293,69603.82199730792,78782605.83292334,1.2166903582748267,0.379051343646402,1.35592105321979,3.3195737647144012,0.3738614395955889,1.1749656628154947,3.282893083446704,0.5732742725711403,5.370507789586743,-1.3874999999999993,0.287125,0.5908749999999999,0.94421875,1.100125,0.8135,1.2174999999999998
8.509175,0.9077500000000001,12.942499999999999,12.795,242.621875,0.09681846895306005,-16.814999999999998,7.62125,61.082499999999996,-61.082499999999996,2.1927353274530025e-07,30.54124741834894,52.89899821717982,30.541252708248617,52.89899516305481,-52.89899821717982,0.0,10783678.152112197,14320257.384480048,0.4056308141441095,0.4108237171099074,1.097193288974375,1.4014620418806116,1.603571970425563,3.929544857193055,8636438.284274137,24.659942607585634,5.8313412304601,0.7614151844289173,-0.01829824440753698,14.030260219744543,1.1018813356768513,736592631.2059648,19.335101283184912,17024.036997786232,14417217.812397493,-9.309484809413168e-07,-5.054866754426609e-08,-13.225274113442998,19.34574481319217,125.06074380858885,125.06718748205809,90.87508969098212,68398.63728592388,78027199.14346774,1.155238265785557,0.38060561342591726,1.377372467158854,3.3254723576820435,0.3757316719534093,1.1984048235344564,3.287919726254414,0.5647105335948321,5.387377308478434,-16.3625,0.5826250000000001,0.393625,0.94453125,1.198125,0.9175,1.2545
7.590425,1.00425,11.7625,13.865,239.434375,0.09749060582885155,-21.115000000000002,13.08125,61.182500000000005,-61.182500000000005,2.1963251204828442e-07,30.59124741412245,52.98560075999844,30.591252712682376,52.985597700873434,-52.98560075999844,0.0,11644912.764163239,13947861.46193749,0.4071675167779828,0.4121218181999164,1.1135276267860563,1.4219236978293746,1.621801933136126,3.935697890083287,8923368.49610428,25.482276779017184,5.389967875201464,0.4747575569054281,-0.021010689206538143,14.052906392649552,0.7376307333276495,604155525.0137144,22.369308232046567,16637.50415401543,14044814.922045846,-9.812636547290742e-07,-6.004408820945541e-08,-15.586097126187818,22.380614182894742,129.74293176190648,129.74955494575056,96.4104732942079,67500.03465024281,77442944.14031635,1.104496932097986,0.3818413594856449,1.3936950751326809,3.3301281646830367,0.3771940787919175,1.2164188056351375,3.291930109587292,0.5540662143084849,5.401200111934767,-18.2625,0.475375,0.547375,0.83140625,0.7273749999999999,0.7304999999999999,0.9824999999999999
7.170425,0.88775,10.5475,7.835,244.64687500000002,0.096406917958513,-18.035,15.60125,59.307500000000005,-59.307500000000005,2.129016501173314e-07,29.6537474933693,51.36180308214943,29.653752629549466,51.361800116774425,-51.36180308214943,0.0,10279716.808077918,8810409.215765612,0.4047291214802618,0.41007860297402343,1.0870082454543981,1.388725981423962,1.5921403234332288,3.925835018679679,8287294.810434268,22.754436505885895,7.336881812277026,0.36884516547675,-0.028402419504360402,14.974401815344,0.49035108256218235,615471473.3894804,26.6445600044284,11668.241775635459,8907376.04700112,-8.875076481035938e-07,-6.819824488639691e-08,-12.317367217228698,26.660121615342355,100.5348305613599,100.54173140509526,74.8788542057214,68969.5142544742,78388631.35556401,1.1856798264667476,0.3798646748749161,1.3671450721261917,3.32263684027833,0.3748424672522462,1.1872010512964737,3.2854976115311523,0.5698104377393247,5.37930155833694,-10.4125,0.29462499999999997,0.659125,0.90390625,0.7763749999999999,0.7024999999999999,0.7645
9.707925,1.0597500000000002,13.1875,12.055,237.953125,0.09781307406661895,-18.335,15.84625,48.0575,-48.0575,1.7251647853161325e-07,24.028747968850396,41.61901701505536,24.028752130751982,41.61901461218036,-41.61901701505536,0.0,11837363.197660746,14660809.005246682,0.4080088555685898,0.4128565233469354,1.1213030325124995,1.431630461758089,1.6304553503794745,3.938681557167413,9068940.330414277,17.588944762959827,7.2799301845840425,0.3599875281101035,-0.010864009728710362,13.99717687523242,0.6082929079405492,686790224.156473,25.528377654406956,17474.612144245366,14757817.615897465,-7.517111016642454e-07,-4.906048293232711e-08,-12.862962365029555,25.539852677733077,97.74303771561851,97.744532969862,69.57659995636106,67082.44871954396,77165472.21291979,1.071830208162422,0.38240376908186535,1.401430736357723,3.3323560550427014,0.37785974431588626,1.2249520755147012,3.293847090947001,0.5423216986718651,5.407459740785729,-16.4625,0.45662499999999995,0.614125,0.92171875,1.299625,1.2614999999999998,0.8664999999999999
10.836675,1.08075,11.8975,11.355,237.82187500000003,0.09784202745121588,-22.245,20.62375,44.0575,-44.0575,1.581573064122468e-07,22.028748137910345,38.15491530231081,22.028751953401766,38.1549130994358,-38.15491530231081,0.0,12554913.207869029,15831176.98093315,0.40814917238192805,0.4129883850094503,1.1219975805081648,1.4325066730184515,1.6312351798523743,3.9389659827168524,9283615.234291416,15.215968014691793,14.598047069472951,0.2742053190196485,-0.01447275411407881,15.89071669643593,0.4312792845393538,839073668.9878502,39.42280217473157,18645.433247235094,15928196.788560785,-6.733258592420613e-07,-4.516315424635087e-08,-15.328031119331536,39.43164367719094,94.05810970450038,94.0592662787991,64.34646565191822,67045.44743454533,77140680.49189922,1.0689609142955336,0.3824535731720804,1.4021187102392072,3.3325552685058897,0.37791865435791744,1.2257129663056552,3.2940188970250475,0.5412839546759339,5.408014580656183,-14.337499999999999,0.275125,0.560125,0.85421875,0.7816249999999999,1.0885,0.7114999999999999
8.062925,1.06725,10.5225,8.075,246.80312500000002,0.09598085515191827,-19.705,12.03125,58.0825,-58.0825,2.0850415365577542e-07,29.041247545143907,50.300921932621414,29.04125257523596,50.3009190284964,-50.300921932621414,0.0,10385070.853939442,10813880.917438291,0.4037469589678746,0.4092652249919843,1.0763301634013145,1.375370973464041,1.5800919475473747,3.92198909178481,8327267.173505089,22.22854828807027,7.582592032131878,0.3291654875172579,-0.02810556224438734,16.290686287903753,0.4318768997006259,621025355.7018607,28.179809145502862,13622.474538455126,10910846.409226941,-8.187066899285616e-07,-5.5801277582805615e-08,-14.735046221355429,28.19652825328245,107.65685008922692,107.66332878964441,77.59348036412345,69577.39250802316,78766359.65727192,1.2157477998165611,0.3790838145483718,1.3563833025886776,3.3196981346068064,0.37390104960581255,1.1754704064631254,3.2829988454804537,0.5733702751709017,5.370852151598251,-0.9375,0.512125,0.137875,0.82078125,0.863875,1.0645,1.1965
10.801675,0.93725,10.9825,8.605,239.565625,0.09746214782538863,-20.035,8.49625,57.4575,-57.4575,2.0626053301212443e-07,28.728747571559524,49.759656040005076,28.72875254752499,49.75965316713007,-49.759656040005076,0.0,11448583.24516315,18536592.451238826,0.4071873981116942,0.4121525565528726,1.112844327845458,1.4210840578243984,1.6210522545326647,3.935458643784855,8789541.675050607,22.62149888437428,7.163102947332612,0.361425588263448,-0.025420284203064254,20.21483210286662,0.5029218940818755,606138254.2074183,27.772412791185403,21145.091085589658,18633557.63541565,-7.084202634937152e-07,-3.631096627032397e-08,-16.25899199820903,27.78531829587127,131.63248873033518,131.6386655760806,87.12267667284158,67537.03593524145,77467533.51863007,1.1074163443301106,0.3817914793996573,1.3930121700633413,3.3299325334449,0.37713500791766497,1.215667476710378,3.2917621669539012,0.5551124775624303,5.400645346253794,-15.1375,0.4513750000000001,0.175375,0.87171875,0.590875,0.7464999999999999,1.1255
8.010425,0.9607500000000001,11.4275,9.215,236.096875,0.09821999016004532,-16.545,18.418750000000003,55.7325,-55.7325,2.0006814003564764e-07,27.866247644466625,48.26576217638398,27.86625247104271,48.265759389758976,-48.26576217638398,0.0,11010455.479084216,10205669.607706774,0.4088367405664909,0.41354870239527053,1.1311525294044065,1.4439071797031706,1.6413378839135944,3.942454118031921,8616367.825236626,21.10690258587965,7.478120082505402,0.39800939356941206,-0.019919306544347586,14.527437482346974,0.5739523459495455,656940539.9386005,25.665184540909696,13059.884047994768,10302653.135720093,-8.514660233585245e-07,-6.286580088327077e-08,-10.634775395625171,25.67656642623875,97.3321851264736,97.33842241309917,71.16135050189824,66559.14483170617,76812556.64055979,1.0316336226208063,0.38310750806909,1.4111992196331433,3.335201188634111,0.37869161900382226,1.2357863486078857,3.2963069574910366,0.5275753403766023,5.415307345881835,-11.2125,0.653125,0.161875,0.9667187500000001,0.944375,0.7785,1.4835
9.182925000000001,0.82275,14.4925,7.215,248.35937499999997,0.09567886976339428,-20.265,18.99625,48.0075,-48.0075,1.7233698888012118e-07,24.003747970963648,41.57571574364606,24.003752128535105,41.575713343271055,-41.57571574364606,0.0,12691580.721858697,16171357.14486901,0.40305923064159177,0.4087020324182483,1.068752280056653,1.3658736473392978,1.571511029739697,3.9192971832535037,9506322.03537853,17.207727462794182,6.012413181486142,0.49804365525076055,-0.010720183421795117,14.331790954127705,0.883408922388746,690362916.7917073,22.646617755761326,18956.025910901317,16268362.73149072,-7.31877552354959e-07,-5.526118143962997e-08,-13.945389807611678,22.661021859781165,102.97872377825915,102.98030613011345,76.12289801971808,70016.12203014981,79035428.15031116,1.2314758462562323,0.37853248484492624,1.348724504835124,3.317638300256657,0.3732313273283385,1.1671341970810016,3.281250647279911,0.5717890437992849,5.364957510600206,-7.4375,0.554125,0.461125,0.80140625,1.3591250000000001,1.2265000000000001,0.8085
9.751675,1.08925,10.9125,7.625,240.728125,0.09721564230960708,-16.595,9.63375,50.0825,-50.0825,1.7978580941704254e-07,25.0412478832638,43.3727185071323,25.04125222053553,43.37271600300729,-43.3727185071323,0.0,10075417.8184493,12563481.119280498,0.40676174019277583,0.41181456905460656,1.1068502233068849,1.4135981327750464,1.6144007615260472,3.9331979093704037,8235856.947357411,17.425430590496003,11.784125375041976,0.3575777931615983,-0.020135164175525418,17.462329720023344,0.4463877577570646,767939369.6862428,33.78474797206231,15413.121322369625,12660482.112936003,-6.106434889704334e-07,-3.8225424153945124e-08,-12.862610715004626,33.79458281112526,93.84762299102877,93.85315310518719,60.99898038958853,67864.7616023722,77682214.0880363,1.127215731845081,0.3812993816127978,1.3870262034872731,3.32818417107377,0.37656240649092504,1.2090455579483006,3.2902488027316634,0.5599612425487883,5.394964572597807,-10.8375,0.39437500000000003,0.388375,0.94734375,1.409875,0.8835,0.9884999999999999
10.495425000000001,0.9112500000000001,12.2575,9.525,235.965625,0.09824859656414789,-17.425,19.50375,47.6325,-47.6325,1.7099081649393058e-07,23.816247986813018,41.25095620807626,23.816252111908522,41.25095382645125,-41.25095620807626,0.0,12157607.541483609,15372759.802338531,0.40903921653170805,0.4137435780264676,1.131856813279389,1.4448044603680867,1.642132222284408,3.9427567952282847,9152740.341932137,16.80874354541328,9.785207506150151,0.3440738515772867,-0.01320277385754149,16.449146307422076,0.5029035882929005,721178913.7121124,30.407379736682582,18182.30141439226,15469774.60310951,-6.399433179614394e-07,-4.3395648452826686e-08,-11.798748734400627,30.417743162125213,96.32124021904002,96.32243222748068,64.23210781709923,66522.14354670754,76787349.8730991,1.0288233358338457,0.3831571957484278,1.4118930202140503,3.3354046117288,0.37875031563354966,1.236558392029273,3.296483353123075,0.5265464763329407,5.415861890391296,-15.2875,0.558625,0.6351249999999999,0.88453125,0.303875,0.8975,1.1145
7.284174999999999,0.9992500000000001,11.1725,6.965,235.57187500000003,0.09833524595926603,-20.435,19.958750000000002,43.9325,-43.9325,1.577085822835166e-07,21.966248143193468,38.04666212378754,21.966251947859572,38.04665992716254,-38.04666212378754,0.0,10571169.11992351,8581731.06170432,0.40926762967587027,0.41394441995506553,1.1339652653019374,1.4474438824085814,1.6444632788907816,3.9435953407027697,8443247.89778781,13.266518750799229,23.540345532895074,0.2833966297965151,-0.029324905756010242,13.850387623611834,0.4287710099157815,1143004878.4914207,47.89819345377263,11582.716932170928,8678755.989588104,-7.045362408088027e-07,-6.189513159432846e-08,-12.987984878967005,47.795968137965474,72.69235591768839,72.69454362356846,53.02675863767827,66411.13969171165,76711473.07355532,1.0204173748375884,0.3833062503944437,1.4139768409073212,3.3360167154091442,0.37892635359839694,1.2388792408282536,3.2970145543436646,0.5234620653763302,5.417526034395543,-17.4875,0.45587500000000003,0.270625,0.77546875,0.5453749999999999,1.4995,1.2965
10.880425,0.9557500000000001,12.8825,13.365,240.99062500000002,0.09715987677413464,-23.125,11.243749999999999,49.057500000000005,-49.057500000000005,1.761062715614549e-07,24.528747926585414,42.48504244324151,24.52875217508954,42.4850399903665,-42.48504244324151,0.0,12284376.996510213,19661784.09785483,0.40646129275047255,0.4115312112437611,1.1055025168366457,1.4118811206651827,1.612872155748237,3.9326456963033993,9244428.50103728,18.779525844591625,6.51348667883824,0.2976380465360045,-0.012269580285562635,15.686910090533981,0.5348890152083521,625254069.4219427,26.24080272524938,22309.988432741393,19758774.09318803,-7.745631236711246e-07,-4.1920552045926747e-08,-18.064202734340682,26.253614020277485,118.212632430257,118.21370699376325,83.47562860854768,67938.76417236944,77730299.85540137,1.1310752120253489,0.38120491931495026,1.3856846724283105,3.327806487311666,0.37644897213764683,1.2075619084782445,3.289923638385534,0.5606211911570664,5.39393714036166,-10.3625,0.691375,0.131125,0.96203125,0.914625,0.8085,0.8205
7.520425,0.71575,11.0675,11.185,247.15937499999998,0.09591136009080481,-20.465,9.00375,43.8075,-43.8075,1.572598581547864e-07,21.90374814847659,37.93840894526427,21.903751942317378,37.938406754889265,-37.93840894526427,0.0,9373096.39676948,9285380.955210056,0.4038389249733696,0.40939022975005823,1.0745956265618868,1.3732322565582769,1.5781667668764676,3.9214413243631356,7988376.161592061,14.4486770557886,18.617751235926775,0.27393835993433197,-0.021243465056366817,13.021064333044803,0.4283717887127368,968685721.3949201,43.703382167403376,12272.273766994165,9382400.336371165,-7.011919513566046e-07,-4.707811305205831e-08,-15.54071156633101,43.66778481454263,75.93906118762364,75.9413154700151,52.86131538122492,69677.82456730517,78827883.1315422,1.219332093244362,0.3789603971471262,1.3546278463808894,3.319226196575684,0.37375048339105094,1.1735543800316925,3.2825976606907616,0.57300612752554,5.369543432597061,-9.537499999999998,0.41312499999999996,0.6253749999999999,0.8245312499999999,1.161375,1.0025,0.8574999999999999
9.821675,0.73025,11.4175,8.995000000000001,245.059375,0.09632432440797,-19.305,17.543750000000003,47.5325,-47.5325,1.706318371909464e-07,23.766247991039513,41.16435366525764,23.766252107474767,41.16435128863264,-41.16435366525764,0.0,11491760.627156096,13815163.990653668,0.4047228341994455,0.4101074039166142,1.08495589154084,1.386184793628185,1.5898531846366424,3.9251348480074633,8853980.93390651,15.955488888324238,12.2078293771988,0.31174948991653373,-0.016871849150916704,16.677993936799847,0.41430572377022595,774270667.2649889,35.93707336096804,16662.4961422661,13912173.376764165,-6.497721528643336e-07,-4.349911386513554e-08,-13.677992723934617,35.948851786901365,92.46259701380997,92.4640598815972,61.71605854610983,69085.80400732704,78461450.7581931,1.1919383028762123,0.37971631016115753,1.365076262211232,3.322069620974727,0.3746635466467706,1.1849417956261665,3.2850146717529882,0.5708529928679272,5.377697854140164,-10.1875,0.5886250000000001,0.10487500000000001,0.88515625,1.4151250000000002,1.2845,1.4755
8.850425000000001,0.9247500000000001,12.0225,13.385,246.053125,0.0961273716753915,-17.725,19.87125,47.207499999999996,-47.207499999999996,1.6946515445624788e-07,23.603748004775635,40.882895401097144,23.60375209306506,40.88289304072214,-40.882895401097144,0.0,11699487.781847492,11987601.54680482,0.40422019344270266,0.4096817447070543,1.0800232205926974,1.380015035471481,1.5842843221008425,3.923351850706542,8976860.99309727,16.172650287957776,10.080442184692092,0.31735297785782124,-0.011756833338923205,13.338786353076536,0.48641920603758165,726088864.7156757,31.784959634383682,14898.657206028216,12084617.728912117,-7.433360648326844e-07,-5.3305513941463265e-08,-11.175908914168959,31.79925288540006,87.92159873643365,87.923347153666,61.20809197124543,69365.95659374526,78635791.44452108,1.2071182821760944,0.37935851562061423,1.360108192263432,3.320713414703803,0.3742318507098202,1.1795289404241265,3.283862223153214,0.5734468488393146,5.3738335548451746,-18.0125,0.688375,0.650875,0.93171875,1.369625,1.3725,1.2305
6.8641749999999995,0.81925,14.2575,8.035,243.015625,0.09673726193614526,-18.375,8.82875,51.2575,-51.2575,1.8400381622710643e-07,25.62874783360244,44.39029838525101,25.628752272632155,44.390295822376004,-44.39029838525101,0.0,10082556.59681782,11327390.470951898,0.40549688591101274,0.41072088161639736,1.0952042883086601,1.398978543550104,1.6013505858094004,3.9288286898050826,8424453.659958135,19.187715637067154,6.829190197071673,0.8352997838793781,-0.01253978351868739,12.031874086289527,1.2917373721321244,833734283.8157611,19.87427029937815,14185.60399150139,11424381.910711827,-8.774447025573355e-07,-5.952241377218901e-08,-13.978441645550067,19.885981835480997,96.83904120387098,96.84584566850117,75.43868309851048,68509.64114091978,78098000.90822499,1.1611192959511,0.38046392609492363,1.3753785759697275,3.3249182985301085,0.37556117913211395,1.1962133959989527,3.287445348298481,0.5657057002076441,5.385840844815579,-7.762500000000001,0.49487500000000006,0.21737499999999998,0.86109375,1.432625,1.1435,0.9125
10.635425000000001,1.08125,13.817499999999999,6.085,239.13437499999998,0.09755526628319074,-18.355,19.04875,48.8075,-48.8075,1.7520882330399447e-07,24.403747937151657,42.26853608619497,24.403752164005148,42.268533645819964,-42.26853608619497,0.0,12599937.346127687,17208364.0857665,0.40743421414286013,0.4123682780008826,1.1150982575944257,1.4238969395561152,1.6235653509568702,3.9363205244368857,9401535.132626966,17.691662940680114,6.533548504914897,0.43157281430047806,-0.012061644233847134,16.162273894116204,0.7041753719177786,654719063.0529276,23.87641516191903,19957.449648332145,17305371.011208203,-6.805165908114856e-07,-4.77511637757165e-08,-12.730119097655091,23.887740322740143,104.14935809470904,104.15061036038318,72.77921270723228,67415.46028453164,77387104.41027166,1.0978386861007534,0.3819553288777496,1.3952575610165225,3.3305763939969784,0.3773290321855191,1.2181390844217042,3.2923151381194966,0.5516828256756061,5.402467780770013,-13.0125,0.13037500000000002,0.337375,0.76109375,1.061625,1.1265,1.2095
6.846674999999999,1.03675,10.9625,9.344999999999999,239.153125,0.09755121480620728,-19.915,18.348750000000003,43.4075,-43.4075,1.5582394094284976e-07,21.703748165382585,37.59199877398982,21.70375192458236,37.59199660361482,-37.59199877398982,0.0,10169979.96477178,7640214.56436827,0.4075836428108538,0.41252188173675264,1.1150038805039053,1.4238052052461894,1.6234858486012436,3.936341040078915,8276156.924505489,11.259894625284254,29.12515508063113,0.31836766608419353,-0.037225668860543105,12.613692713012336,0.37811654487200824,1225966898.18471,53.52667642744598,10677.959981848137,7737242.68044319,-7.454966287692585e-07,-6.360039553762093e-08,-12.463087103484886,53.82034705645093,69.11611231513015,69.11857500221333,50.173822288086306,67420.74618238861,77390600.16755657,1.0982542069398502,0.3819482009308258,1.3951598332747188,3.330548328845063,0.377320593717794,1.2180314330101183,3.29229101910156,0.5518317183437202,5.402388462559254,-9.6875,0.5451250000000001,0.17912500000000003,0.8785937500000001,0.6048749999999999,1.1685,0.8644999999999999
12.420425000000002,0.9487500000000001,11.3925,12.675,245.640625,0.09620882591284012,-21.465,10.368749999999999,50.1325,-50.1325,1.799652990685346e-07,25.06624788115055,43.4160197785416,25.066252222752407,43.416017271916594,-43.4160197785416,0.0,12349513.937901555,22610237.610873617,0.4043104810959931,0.40973780735157656,1.0820638568429866,1.3825484331515037,1.586571874813464,3.924049965439694,9224120.374554075,18.191912171164937,9.088116776503808,0.3501457706872469,-0.01578382228074828,19.461263358837556,0.416012256810627,635519275.9133799,34.007209737453394,25191.334631137146,22707226.843995765,-7.644133990197838e-07,-3.309908248769848e-08,-17.221955043610645,34.02467159732632,125.25297839945102,125.25922245589612,86.95485146894555,69249.66684089242,78563583.83353482,1.2008066375444078,0.3795069579902642,1.3621673884859977,3.3212744426152065,0.3744110285706276,1.1817705838691976,3.284338607891802,0.5724035827167262,5.375435636773406,-7.237499999999999,0.265375,0.158875,0.90953125,1.395875,0.8895,1.1035
11.694175000000001,0.75075,11.682500000000001,7.145,247.309375,0.09588217407270114,-21.665,19.643749999999997,42.3075,-42.3075,1.5187516861002397e-07,21.15374821187407,36.63937080298506,21.15375187581105,36.63936868761006,-36.63937080298506,0.0,12521071.373815697,18682783.389044117,0.40375008610130847,0.40931263656521394,1.073864301577882,1.3723083739324717,1.5773330647326373,3.921164036423322,9316001.4576279,12.824079920305682,21.323729177745918,0.36900514641426113,-0.024673199384325474,19.515926862732364,0.49548133347828094,1088024551.8382163,50.23502561291728,21467.850046022962,18779813.190667648,-5.880430757638589e-07,-3.5351881545967444e-08,-15.769004167399881,50.23239039460108,95.43674901618395,95.43839628562645,63.655580768280124,69720.11175016075,78853754.07034983,1.2208433056180283,0.3789084378692675,1.3538896052756475,3.3190280512656063,0.37368707467963186,1.1727492458894677,3.2824293366172803,0.5728533426387262,5.368992721141031,-11.8375,0.566125,0.12737500000000002,0.78546875,0.6311249999999999,0.7204999999999999,0.7424999999999999
9.200425,1.1062500000000002,14.467500000000001,9.835,235.196875,0.09841874238154084,-22.355,11.26125,41.9075,-41.9075,1.5043925139808735e-07,20.953748228780064,36.29296063171061,20.95375185807603,36.292958536335604,-36.29296063171061,0.0,11434412.590746704,15833576.80455718,0.40935172861531366,0.41399987844678093,1.1359749971697317,1.4499369319222026,1.6466594284195566,3.9443405475710986,8975973.225922942,15.82836832032175,7.757785661750677,0.3394824188934055,-0.008276398351757162,13.28044454919771,0.6952280328936635,746959244.5297599,25.77820184711108,18657.934899808482,15930602.046022147,-7.085888417025083e-07,-4.685092621493076e-08,-16.98681760583464,25.787935470275613,91.4245160000264,91.42603874914612,67.26805364683034,66305.42173457271,76638933.91824841,1.0124466361590176,0.3834481526742025,1.4159649084885655,3.336602233078422,0.3790938933599272,1.2410961724900484,3.2975232534110015,0.5205300566444593,5.419110975434333,-19.5125,0.281875,0.47987500000000005,0.82265625,0.5051249999999999,1.0245,1.3405
7.345425,0.7677499999999999,14.4725,9.695,246.821875,0.09597717930930916,-19.314999999999998,15.96875,53.9075,-53.9075,1.9351676775618668e-07,26.953747721600223,46.68526576994428,26.95375239012667,46.68526307456927,-46.68526576994428,0.0,11871886.940203406,13487112.032235365,0.40368897233155593,0.4092078150247426,1.0762375158908009,1.3752465226763773,1.5799794394881455,3.9219395549356606,9168473.186609156,20.35035676636999,6.500858149429642,0.8712386613647514,-0.012967020202027345,12.532324525249493,1.3588844196052454,869693570.6032062,19.302918203319518,16275.082933956155,13584094.608176565,-9.089963983850927e-07,-6.759201365703083e-08,-13.310682466892434,19.315361766320127,109.92040821880897,109.92710200539648,85.90151264074898,69582.67840588011,78769610.33161862,1.215936212365575,0.379077320645618,1.3562908510829337,3.3196732536500826,0.37389312741989533,1.1753694151289014,3.2829776797957604,0.5733510645125605,5.370783273921315,-12.0875,0.37487499999999996,0.155125,0.84484375,0.8078749999999999,1.2925,0.9235
7.222925,0.97975,11.4475,6.215,248.30312499999997,0.09568963157330634,-18.705,9.35375,43.5325,-43.5325,1.5627266507157996e-07,21.76624816009946,37.700251952513085,21.766251930124554,37.70024977588808,-37.700251952513085,0.0,9025058.03740545,7953062.016812613,0.4033361928649017,0.40897924816440656,1.0690298838858234,1.3662608780519803,1.5718631519970352,3.919470561051667,7853206.690229414,14.03110860374035,17.28093430644877,0.28724640136021684,-0.021663292054409828,13.41012286713058,0.4688482850151643,937174519.3593388,41.05826733202209,10990.570341936873,8050087.723569608,-6.685573695531705e-07,-5.079976578547426e-08,-14.05373867895724,41.02486593600521,69.81567364526066,69.81875784532147,50.23046085537243,70000.26433657896,79025832.23220047,1.230905981641532,0.3785519698378282,1.348999915612977,3.3177117074480447,0.373255134689472,1.1674335323936593,3.2813128231819477,0.5718456487708212,5.365163647196228,-19.3375,0.239125,0.233875,0.77921875,1.0143749999999998,1.4035,0.7174999999999999
7.975425,0.7797499999999999,12.5825,10.235,240.634375,0.09723569234711876,-23.385,18.55875,55.807500000000005,-55.807500000000005,2.0033737451288576e-07,27.903747641296754,48.330714083497945,27.903752474368027,48.33071129312294,-48.330714083497945,0.0,12502572.29822785,14587788.295477409,0.4065522343102214,0.411593998200385,1.1073258172315186,1.4141575488297489,1.614895033831429,3.933308429361072,9295536.778105833,22.043267906342777,5.614774968462443,0.41011482015327283,-0.01838502267132257,14.563059861668703,0.6908692071843887,605370102.7630255,23.2397753551512,17301.425826332117,14684756.121568212,-9.003970710005093e-07,-6.458242407744214e-08,-16.366248173287374,23.251793917514984,119.50505252136306,119.51166182294202,91.06633927501446,67838.33211308745,77664947.62303017,1.1258393895218035,0.3813331095809472,1.3875056958697405,3.328319319613632,0.37660290296736315,1.2095761624814132,3.2903652193852495,0.5597242739673262,5.3953315111410385,-15.5375,0.35687499999999994,0.428875,0.96265625,0.160375,1.2214999999999998,1.3655
10.215425,0.9347500000000001,10.7675,12.965,243.52187500000002,0.09663346402522723,-18.675,18.94375,46.8325,-46.8325,1.681189820700573e-07,23.41624802062501,40.55813586552735,23.416252076438482,40.55813352390234,-40.55813586552735,0.0,11549305.77415264,13292145.185572337,0.40545647867164875,0.4107226737195813,1.0926578747348028,1.3958186331389133,1.598521063363112,3.927948398797667,8843047.200966785,14.48578738703363,18.192605088706966,0.35323064986269564,-0.019193599827348806,15.561146928835015,0.4331740092159834,964504794.8932481,44.74108956066272,16164.50630729497,13389160.148207424,-6.960236934840223e-07,-4.380046560117305e-08,-12.631866629882007,44.739190030573134,90.73676063291873,90.73830525851504,59.862491131560496,68652.36038305736,78188720.61990127,1.1687080417440123,0.38028175493614635,1.372820336642007,3.32420952549928,0.37534187156486415,1.1934058271555483,3.2868392865605016,0.5669851890969938,5.383866791040661,-0.1875,0.440875,0.6756249999999999,0.78890625,0.151625,0.7404999999999999,1.2734999999999999
7.774175,0.76275,12.1625,12.535,249.05312500000002,0.0955481618345013,-16.015,12.94125,56.6325,-56.6325,2.0329895376250508e-07,28.316247606428135,49.0451850617515,28.316252510946505,49.0451822301265,-49.0451850617515,0.0,10622615.752095824,11022566.77924871,0.40271736874944886,0.40841527502938124,1.0653941544463816,1.3616686508746576,1.5676940876503334,3.9181081950890153,8546050.17616219,21.240202226320353,6.208838180897908,0.5502528847947606,-0.016671234714756317,13.154853414063531,0.808610830591618,671824489.9361734,22.43236555960063,13864.427651599373,11119545.753554245,-8.803621131150083e-07,-5.662770966912604e-08,-11.306949058875439,22.447310540683084,102.93737315070983,102.94375955084759,74.3526704742128,70211.70025085685,79153231.47165267,1.2385404778294742,0.3782799763953405,1.3453218950824348,3.316724846893749,0.37292604419444114,1.163447769166553,3.280477689136321,0.5711019994582436,5.362233146293745,-13.2625,0.331375,0.28937500000000005,0.77578125,1.394125,0.9095,0.9535
10.845425,0.83475,10.6675,8.905000000000001,238.121875,0.09777593724392236,-18.875,15.356250000000001,41.9325,-41.9325,1.5052899622383338e-07,20.96624822772344,36.314611267415266,20.966251859184467,36.314609170790256,-36.314611267415266,0.0,11114913.988753667,14977090.482191738,0.4082569614014227,0.41312162642599254,1.1204208207585127,1.430576217124342,1.6295211853449654,3.9384241243281437,8690027.466279298,8.57125736503446,52.26626817223151,0.46853496042583453,-0.13553261086965057,18.63972823943326,0.5230796626678855,1932051564.43325,96.5612851010139,17857.717763333138,15074127.576179545,-5.565434003876889e-07,-3.2713009212645546e-08,-13.970344155822012,96.61155776963717,74.80639796104657,74.86610857471995,54.39715291039694,67130.02180025648,77197300.0527272,1.0755252828176194,0.3823397368535615,1.4005468143190745,3.3321003669856997,0.37778399284973685,1.223974913454944,3.2936266699455308,0.5436566543047037,5.406746552858253,-11.6875,0.35162499999999997,0.279625,0.98421875,0.935625,0.9285,1.1905000000000001
8.421675,1.02425,12.2225,11.045,241.646875,0.09702089925058009,-23.775,18.36625,50.2825,-50.2825,1.8050376802301083e-07,25.1412478748108,43.545923592769526,25.14125222940304,43.54592107864452,-43.545923592769526,0.0,12304435.305248102,14333787.472992253,0.4061480144239747,0.4112678455856137,1.1021523327577452,1.4076801856925032,1.6091317084010164,3.9314017532923073,9202193.958250847,18.832241979649346,7.343524426267077,0.27424739771333617,-0.015199921277064703,14.529358916204526,0.5269915206490782,619529179.392586,27.91931079819375,17105.194036257973,14430774.520557873,-8.137262129239738e-07,-5.7850873699420094e-08,-16.655773502718052,27.933143337484744,105.51787601717889,105.52409983097756,77.64914392239962,68123.7705973626,77850417.67205235,1.1407591064500855,0.38096877583684025,1.3823380247361037,3.3268672021282075,0.37616526240898757,1.2038661925799614,3.28911604077312,0.562279978805197,5.391370446824035,-15.5625,0.11987500000000001,0.390625,0.77296875,1.1386250000000002,0.9085,0.7074999999999999
12.770425,0.80825,13.9175,9.355,247.421875,0.0958601461639088,-16.505,19.74875,49.6075,-49.6075,1.7808065772786776e-07,24.80374790333967,42.96135642874388,24.80375219947519,42.961353948368874,-42.96135642874388,0.0,13618819.181813486,22416729.818283543,0.40354500966229506,0.4091139247873691,1.0733123756592524,1.371594271209073,1.5766879722428477,3.9209287305097615,9857428.148193924,17.665342507695076,6.047697596159333,0.44265035887014165,-0.011007740791587717,17.81528569303818,0.715705088018416,640345062.8510604,23.995034606601944,25055.225729762617,22513738.279630393,-6.392666270491919e-07,-3.878104383128915e-08,-11.404034048523792,24.009337717754594,117.36474689303506,117.36557915811352,77.15797739960045,69751.82713730245,78873280.42459925,1.2219766215594692,0.37886947469088883,1.353336271171863,3.3188796636732176,0.37363951649416477,1.1721460068063045,3.2823033241642188,0.5727302964235923,5.3685799216422305,-10.462499999999999,0.513625,0.25487499999999996,0.95171875,1.255875,1.3945,0.8985
7.0916749999999995,0.73625,12.7625,11.254999999999999,249.671875,0.09543142828428776,-16.965,11.62875,52.2325,-52.2325,1.87503864431202e-07,26.116247792394077,45.234673177732496,26.11625231586127,45.23467056610749,-45.234673177732496,0.0,10160871.254000762,10064071.303454224,0.4024681128282084,0.4082167241993655,1.0624193509542257,1.3579487172216727,1.5643170932351425,3.9170768263584543,8393010.166084213,18.855210046573095,6.702032564994273,0.5458974902905814,-0.01387129654182914,12.20689310597858,0.8397324497058218,727469076.3398175,22.80692509543184,12965.095187591021,10161063.676949233,-8.616027447067227e-07,-5.843080335821636e-08,-12.17458614302315,22.821725989140152,90.84865371097843,90.85529418858331,66.99050469234719,70386.13488013613,79257876.65885754,1.2448425968467642,0.3780656059332901,1.3423069935561087,3.3159264484326316,0.37266383935209874,1.1601817544096498,3.2798033261594868,0.5704911761840019,5.359969162221239,-15.8875,0.540625,0.691375,0.84296875,1.4291250000000002,1.1065,0.9455
10.066675,0.96025,10.8275,9.655000000000001,238.94687500000003,0.09759585012385694,-23.455,13.693750000000001,41.8825,-41.8825,1.503495065723413e-07,20.94124822983669,36.27130999600596,20.94125185696759,36.27130790188095,-36.27130999600596,0.0,11060799.16324208,14033812.68365326,0.40780610774544174,0.4127306126070786,1.1160862378641887,1.425167485803997,1.6247021137499484,3.936766730264506,8650177.507032337,11.17533951272327,35.54222561722499,0.31303471837817054,-0.05658046562710864,16.931790813774363,0.46943641355054905,1508219470.483476,62.37744271939094,16903.87370534281,14130836.418256333,-5.839631952885794e-07,-3.714964336906945e-08,-17.81412320824796,62.54799266165744,86.58140477645802,86.58619929955879,55.3669238859486,67362.60130596219,77352109.16358498,1.093688187007888,0.3820265457410278,1.396235176482188,3.330857299453387,0.3774133456010304,1.2192162953686767,3.2925566052688438,0.5501944104980794,5.403260147540994,-15.1625,0.19037500000000002,0.695875,0.89171875,0.7203749999999999,0.8434999999999999,0.7915
12.166675000000001,0.71375,13.8375,10.935,237.071875,0.09800875270902931,-21.105,11.73375,58.7075,-58.7075,2.1074777429942644e-07,29.35374751872829,50.842187825237744,29.35375260294693,50.842184889862736,-50.842187825237744,0.0,13864784.168825505,27185612.89207341,0.4082936446838904,0.41307495690247537,1.1259614548401777,1.4374176867100696,1.6355919998072965,3.9404228767538463,9936041.347114468,24.200795924732773,7.3652953637632175,0.6211365420129878,-0.01694973366026298,18.787625088500313,0.9750207520435491,680221311.1259238,20.716574288501825,29566.702565913907,27282573.232350983,-7.978038905385027e-07,-3.9667124892821735e-08,-16.74218284755932,20.724853453995156,160.98797966507377,160.9948675975793,111.86142501507956,66834.01152026742,76998303.73677543,1.0526446430265348,0.38273806577136255,1.406058085014496,3.333699371866198,0.37825504577441954,1.2300760265984978,3.2950068370082417,0.5352863096048399,5.4111854212702,-9.2625,0.620875,0.173125,0.90828125,0.267125,0.9544999999999999,1.2435
11.729175000000001,0.9997500000000001,12.7975,10.315000000000001,249.465625,0.09547021445119218,-23.765,9.03875,57.7825,-57.7825,2.0742721574682292e-07,28.8912475578234,50.04111430416557,28.891252561934692,50.041111415040554,-50.04111430416557,0.0,13223587.554367863,25379529.33574501,0.4024779055558317,0.4082080465046179,1.0634081453006465,1.3591718713373617,1.565427524554043,3.9173904057786557,9624920.409504939,23.150524883187153,4.4910064624703985,0.3657510155736233,-0.020009303716166233,19.491832587534432,0.6526364204336329,536472596.7457311,23.179504726329817,27812.61562666961,25476485.622112654,-7.930285424745095e-07,-3.8532317789715573e-08,-19.415220998094288,23.192437805510956,157.76215897598252,157.76914247357067,110.7948875139101,70327.99000370968,79223068.69356509,1.2427396123125134,0.378137063115163,1.3433109707257482,3.316191976434685,0.372751261855445,1.161268667468168,3.280027483578116,0.5706942479737936,5.360723561018905,-17.0125,0.206125,0.570625,0.77765625,1.128125,1.1095,0.9205
11.939175,0.71475,11.5025,7.375,239.02187500000002,0.09757960205443975,-20.595,7.55125,58.1575,-58.1575,2.0877338813301354e-07,29.07874754197403,50.365873839735364,29.078752578561275,50.36587093186036,-50.365873839735364,0.0,12343266.118323876,24377905.438435387,0.40739527773205864,0.4123195856280657,1.1156849487867027,1.4246138817435425,1.6242040707172596,3.936515426523109,9205823.838538438,23.195769314446494,6.427090228594074,0.42133033288455446,-0.025469422755833762,22.7501054537929,0.5697240517787114,599446652.6775811,27.350845457810365,26832.959181821137,24474866.735069104,-7.611073821629508e-07,-3.2479268945935216e-08,-17.107245780333688,27.362586646004484,150.0032117690814,150.00981728171453,103.41883648833695,67383.74489738999,77366115.0610965,1.0953474288839515,0.3819980535970115,1.3958440254326567,3.3307448600845144,0.3773796162510331,1.2187852012834064,3.2924599330733066,0.5507896645973438,5.402943092102381,-1.6374999999999993,0.626125,0.254125,0.79328125,0.375625,0.7354999999999999,1.1525
7.9841750000000005,1.04075,11.3575,11.855,238.15937499999998,0.09776769830889954,-22.565,19.32875,44.6075,-44.6075,1.601316925786597e-07,22.303748114664604,38.63122928781319,22.303751977787424,38.63122705743818,-38.63122928781319,0.0,11480560.470853513,11393888.151393624,0.4079839460711761,0.4128479275515946,1.1202180869018545,1.4302894112760143,1.6292636208758153,3.9382923048319345,8833023.702737264,15.235541969228748,16.78325878686299,0.24383726644748385,-0.017599308071272086,13.588902296173808,0.44138175230287063,893703637.8000627,41.69921983529186,14305.77095064893,11490903.695978548,-7.295730530151583e-07,-5.4926315227662904e-08,-15.030639483786246,41.699945561856865,84.51731969702595,84.51901075585019,59.922157689682024,67140.5935959704,77204365.59785339,1.0763473680373032,0.38232550437216306,1.4003504594362028,3.3320436074114106,0.3777671547729585,1.2237579346191234,3.293577756639658,0.5439534193558913,5.406588048759851,-16.8125,0.6876249999999999,0.657625,0.95984375,1.009125,1.3625,1.4675
11.781675,1.0462500000000001,11.7775,9.325,246.559375,0.09602897196041492,-22.055,20.78125,43.9575,-43.9575,1.5779832710926266e-07,21.978748142136844,38.0683127594922,21.978751948968014,38.068310561617196,-38.0683127594922,0.0,13292423.553550629,20371416.27003606,0.40401712159905173,0.4095184966656844,1.0775269189213366,1.376894009780145,1.5814634359194977,3.9224496529861916,9637562.002223201,14.281270787846328,16.021341318303445,0.3471759034640319,-0.017246859365330016,19.34538768545966,0.4579250439934034,902355300.717048,43.85943380863132,23091.06813044667,20468437.17175872,-6.122170703890794e-07,-3.6316317207645704e-08,-15.859571391766659,43.87494323746429,103.02414796984039,103.02524714447618,68.96799647793824,69508.67583588284,78723863.54991049,1.2133092148894697,0.37916816742292625,1.3575858488787826,3.32002199589391,0.37400395137290393,1.1767844001095504,3.2832744111265284,0.5736612582308127,5.3717463177074665,-5.512499999999999,0.623875,0.502375,0.75203125,0.501625,1.2705,1.0775000000000001
9.917925,1.0482500000000001,11.1425,13.754999999999999,240.803125,0.09719970276803472,-19.795,7.21875,59.5325,-59.5325,2.1370935354904576e-07,29.766247483859672,51.55665880349131,29.766252639525412,51.5566558268663,-51.55665880349131,0.0,11187246.53365329,17014034.655926775,0.406499620173527,0.41155455551268344,1.106461290809907,1.4130769069850377,1.6139349880066078,3.932991710399931,8700874.351906195,24.169455581998136,5.929074283536268,0.3506442941257262,-0.021371113641077116,16.675166176221474,0.49995682582466494,552224665.7003202,25.39792731054765,19644.685122035593,17110993.259202696,-8.566878824737615e-07,-4.216461263735028e-08,-15.99413768255677,25.41051436418286,133.84217895859146,133.84849921139346,91.99904846549137,67885.90519379998,77695952.28569666,1.1283175040488655,0.38127239584799094,1.3866427659706946,3.3280761546809705,0.37653000267037584,1.2086213440252616,3.2901557765726293,0.5601507818051169,5.3946710086147975,-18.1875,0.169375,0.166375,0.75828125,0.330125,1.4205,1.4345
9.646675,0.9232500000000001,14.2875,13.655000000000001,236.771875,0.09807578371397188,-21.485,20.098750000000003,56.3825,-56.3825,2.0240150550504468e-07,28.19124761699438,48.82867870470497,28.191252499862117,48.82867588557996,-48.82867870470497,0.0,14247937.743982105,20200989.904469687,0.4084242676770251,0.4131836694070337,1.1275544749613333,1.4394031637595692,1.6373515878482094,3.9410344020775208,10110111.057773054,22.71669448479044,6.224307642609874,0.6720113668413674,-0.013200256274932043,14.500034423040255,1.0523093497421596,690001684.605682,20.241994471311394,22779.377230192273,20297960.7516186,-9.114702307957604e-07,-6.032811303542835e-08,-14.754854216220808,20.25114747057297,137.62328285941106,137.62986082432894,103.58472256035063,66749.43715455628,76941164.9804372,1.0461522616521028,0.38285182305539994,1.4076376856546648,3.3341597676458345,0.37838949457801846,1.231828409801435,3.295404975145296,0.5328743455207183,5.412454705509524,-12.262500000000001,0.635875,0.514375,0.78140625,0.711625,0.9195,1.0795
9.830425,1.10025,13.1475,12.425,238.478125,0.09769786994163604,-21.935,15.82875,53.582499999999996,-53.582499999999996,1.9235008502148816e-07,26.791247735336345,46.40380750578378,26.791252375716965,46.40380482665877,-46.40380750578378,0.0,12897084.830361927,18235968.876760148,0.40765355119275865,0.41253802054576577,1.1185371206308792,1.4281677669027506,1.6273724789443824,3.9375994508799237,9488187.3769846,21.02139053421691,5.544403747532618,0.4089728739235256,-0.014303349122146886,15.21466299595599,0.7076435528044361,608451747.0875633,23.199573124359556,20882.5518265841,18332946.49373443,-8.464540448433978e-07,-5.221931660655391e-08,-16.0558235844273,23.21069203672117,124.62829911619235,124.63464605966823,91.19992115187665,67230.45385953852,77264313.86021885,1.0833484676304668,0.3822045287280129,1.3986829552311275,3.331562169915029,0.37762400720111333,1.221916259462857,3.2931630663541207,0.5464774957549664,5.405241071881758,-10.2125,0.38387499999999997,0.46787500000000004,0.88140625,0.47362499999999996,1.2275,1.1685
9.812925,0.95625,10.5275,9.175,236.021875,0.09823632158477626,-20.095,8.23375,49.9325,-49.9325,1.7924734046256626e-07,24.966247889603547,43.242814692904375,24.966252213884896,43.24281219627937,-43.242814692904375,0.0,10347835.756055221,13924500.089820692,0.40902939460002796,0.41373803744794474,1.1315562473143752,1.4444321739712116,1.641803533175783,3.942644772831384,8331872.06241131,17.805273678186825,13.651327022622507,0.31327867439103757,-0.02232029142263516,17.929811666660193,0.39261622874446733,801143444.2420902,37.192657564787744,16710.776550411232,14021492.391274111,-6.222860373585678e-07,-3.661553701529514e-08,-16.089202288804795,37.20021212519999,100.13994695769853,100.14554125697349,64.65620130174693,66538.00124027838,76798156.03791858,1.0300273231560517,0.38313590036495,1.4115956186610676,3.3353173902479885,0.3787251604233761,1.2362274218490357,3.296407713859985,0.5269873504108813,5.415624207700082,-12.9875,0.43862500000000004,0.238375,0.9573437499999999,0.45962499999999995,0.7184999999999999,1.3615
13.505425,0.9702500000000001,11.8675,12.625,246.07187499999998,0.09612368187191705,-19.365000000000002,17.43875,60.1325,-60.1325,2.1586322936695073e-07,30.066247458500683,52.076274060402994,30.066252666127944,52.07627105377799,-52.076274060402994,0.0,15218368.83304874,32420996.90091743,0.40402287854130414,0.40948239900149647,1.079926249965748,1.3798640786033118,1.584146262536628,3.9232568814559676,10432410.101275794,23.45631533443878,6.048930621964856,0.5354632629054105,-0.020338576370311577,22.998783095083738,0.6958746147342669,652522780.8147328,27.48964885799241,34692.94593789926,32517959.10784756,-7.904982816053129e-07,-3.383899960108022e-08,-14.669879217614278,27.502390166847487,173.38848723225374,173.39556908469189,117.57592043667604,69371.2424916022,78639066.31702767,1.2074056829755822,0.379351769353524,1.3600147129145597,3.3206879810137955,0.3742237047167953,1.1794272132526962,3.283840632962202,0.573494269754733,5.37376076681108,-7.637499999999999,0.603625,0.458125,0.80359375,0.382625,0.7565,1.2465
7.905425,1.0177500000000002,13.4275,13.965,243.55937500000002,0.09662581162428924,-18.985,15.863750000000001,50.8825,-50.8825,1.826576438409158e-07,25.44124784945181,44.06553884968121,25.441252256005573,44.0655363055562,-44.06553884968121,0.0,11846675.519149533,13636887.907026362,0.4052591424919899,0.41052525731420014,1.0924651796211249,1.3955513702083846,1.5982797755947418,3.927829939788736,9115522.99607167,18.979798268756333,6.443518424357566,0.519473852374392,-0.011180446653980325,12.496264650531606,0.8676480049078443,716283979.0203593,22.799099507763966,16448.81662641104,13733882.899891049,-8.499493018087639e-07,-5.872693014583517e-08,-13.00744119261604,22.812179472102205,103.20930479716782,103.2154672570046,76.03987451032374,68662.93217877124,78195419.32085934,1.1692713580885972,0.38026825669978326,1.372631059055123,3.3241571768224225,0.3753256189920411,1.1931983184332149,3.2867945641685488,0.5670799669685097,5.383720570853055,-14.3625,0.205375,0.482125,0.91390625,1.1928750000000001,1.0965,1.1055
8.045425,0.9052500000000001,14.0525,11.335,240.596875,0.0972437198194194,-21.265,20.72875,48.307500000000005,-48.307500000000005,1.7341392678907368e-07,24.153747958284153,41.8355233721019,24.153752141836375,41.835520956726896,-41.8355233721019,0.0,12857066.327369107,14669285.988838263,0.4066202303564814,0.41165998058866043,1.1075193061607382,1.4144077128347852,1.6151179283777761,3.9333949775426396,9539203.205877813,17.895380848372998,6.513315572463983,0.461695860986679,-0.010420994024010742,12.87592243807172,0.833003643096018,708420016.2641225,23.46564166597945,17471.70182671965,14766288.640700592,-8.177324820566788e-07,-6.373039244816632e-08,-13.804716481383545,23.47788066969896,101.43481464624382,101.43655437291781,76.74773778000979,67827.76031737356,77658037.18746185,1.125289257065761,0.381346604558864,1.3876976125503215,3.328373436264167,0.37661910324569453,1.2097885259273273,3.290411833836731,0.5596294862952806,5.395478340833642,-8.2375,0.419875,0.107125,0.99984375,1.1788750000000001,1.4655,0.8765
9.209175,0.9897500000000001,12.4225,8.385,247.08437500000002,0.09592598274204901,-21.134999999999998,16.00375,49.957499999999996,-49.957499999999996,1.793370852883123e-07,24.97874788854692,43.26446532860903,24.97875221499333,43.26446283073402,-43.26446532860903,0.0,11864947.994798984,14808698.030881528,0.403673211682019,0.4092148190641137,1.0749573923981308,1.3736552433464146,1.5785465655791968,3.921510857234449,9048342.393598117,18.181261805562468,7.297602189517939,0.3207533389705687,-0.015438782597179282,15.832243763545254,0.572949563447316,640920786.1781548,27.256656724916127,17593.50303744351,14905691.616346534,-7.188398515364015e-07,-4.924029839785624e-08,-15.385938322275646,27.272425635536344,103.99447710422078,104.00052031608327,73.99584540584254,69656.68097587737,78814929.51140223,1.2185769249746925,0.37898638406856167,1.354997225521705,3.3193254119394173,0.373782188903721,1.1739572918429786,3.282681956023802,0.5730826431338081,5.369818933928742,-7.137500000000001,0.326125,0.567625,0.76828125,0.991625,0.8584999999999999,1.0545
13.199175,1.06175,13.4125,12.175,240.521875,0.09725978736295644,-18.955,7.16625,61.307500000000005,-61.307500000000005,2.2008123617701462e-07,30.653747408839326,53.09385393852171,30.65375271822457,53.0938508731467,-53.09385393852171,0.0,13567254.973228615,30359031.526632488,0.40659381173007986,0.4116267647546909,1.1079026518984763,1.414878425613115,1.6155350369700832,3.9335156432534544,9798479.90418904,25.467285580519558,6.547547378524785,0.6094435508803069,-0.018478347156191628,20.266705272846597,0.926415779333126,626421000.2884634,21.063207365069925,32654.536685391282,30455986.580749445,-7.919134518613456e-07,-3.2801002758656e-08,-15.702730215999036,21.071126430516117,175.62740009175565,175.63451255389768,117.72202190257244,67806.61672594576,77644209.79902117,1.124189313848913,0.3813735925344806,1.3880814210665136,3.328481708745764,0.37665150136540704,1.2102134068923673,3.2905051318716234,0.5594399111237194,5.395772036013557,-3.6125000000000007,0.10337500000000001,0.6163749999999999,0.76640625,1.402875,0.7895,1.1755
10.189175,1.08875,12.8275,11.835,241.08437500000002,0.0971399396630483,-22.485,16.68625,44.1075,-44.1075,1.583367960637389e-07,22.053748135797097,38.19821657372012,22.053751955618647,38.19821436834511,-38.19821657372012,0.0,12277808.956622005,16160523.247798342,0.4065100765396475,0.41158862609462116,1.105025247892727,1.4112960303544162,1.6123527392242034,3.932493590930236,9232442.432463998,15.8771918459781,9.433986061279898,0.24694606125239324,-0.010811649483626265,14.697976927060749,0.4903780909252125,689284418.320122,31.367823942445582,18964.02060368865,16257539.994269863,-7.080775679826314e-07,-4.64948682379247e-08,-16.166710312165204,31.38043673988143,95.25207811295253,95.2533898201642,66.84424740184198,67965.1936616542,77747504.09323376,1.1324553989073318,0.3811711861492985,1.3852060000247615,3.327671886845855,0.3764084557092974,1.207032809125601,3.2898078110031896,0.5608581544415631,5.393570317993889,-14.4875,0.45362499999999994,0.5361250000000001,0.99390625,0.40012499999999995,1.1485,1.4385
8.614175,0.86475,13.182500000000001,13.185,239.696875,0.0974340320005468,-17.595,15.338750000000001,60.6575,-60.6575,2.1774787070761757e-07,30.328747436311563,52.530937410200714,30.32875268940516,52.53093437732571,-52.530937410200714,0.0,12238246.788418798,15221967.06637296,0.4070424887011871,0.41201612553082806,1.112158322917996,1.4202183221280478,1.6202775017555988,3.9351808151251,9234389.545487886,24.68060188689581,5.725689698460737,0.7367475580751777,-0.017061321294937478,14.010573674156419,1.0615380374555967,726408618.177412,19.552470240406166,17907.003533083807,15318930.521686826,-9.381825573622279e-07,-5.881391559180672e-08,-12.393575653914532,19.562578696547845,129.34070365091128,129.34713264515827,96.00115186747459,67574.03722024008,77491865.8484083,1.1103400830163743,0.3817416007601676,1.3923296903251197,3.3297371983817863,0.37707592981090077,1.2149168871726341,3.2915945317471302,0.5561563793755142,5.400090750661891,-16.5375,0.30512500000000004,0.46562499999999996,0.87234375,1.4868750000000002,1.4905,0.7715
13.102925,0.9287500000000001,11.3775,12.325,247.590625,0.09582534737223186,-23.335,17.31625,45.7575,-45.7575,1.6425995456297755e-07,22.878748066059867,39.62715853022725,22.87875202877561,39.62715624235224,-39.62715853022725,0.0,13848194.478113184,25860503.92951256,0.4035077484854558,0.4090908016616251,1.0724919200797995,1.3705706066666745,1.57576428945317,3.9206468891831614,9873977.085283985,15.420020142319489,13.94767281157143,0.36711778411213714,-0.015776358497356834,20.93810989895176,0.42122668026318855,809887521.7365859,42.73552814686051,28411.42137116091,25957510.92852927,-6.337782603600858e-07,-3.070446247042715e-08,-17.821114172674392,42.75513125784403,120.15723837183774,120.15809328630225,78.37295286915584,69799.40021801495,78904036.66596074,1.2236790117488878,0.37881101412580076,1.3525067940789621,3.3186574115605314,0.373568154206562,1.1712421639962696,3.2821146637771483,0.572559105786177,5.367960571016744,-10.1125,0.5668749999999999,0.47387500000000005,0.85640625,0.506875,1.1865,1.2694999999999999
11.177925,0.9397500000000001,12.9025,9.685,243.859375,0.09656476884413283,-21.685,8.12875,55.957499999999996,-55.957499999999996,2.00875843467362e-07,27.978747634957,48.46061789772586,27.978752481018656,48.46061509985085,-48.46061789772586,0.0,12349288.680309491,22147931.080142237,0.40509102000327163,0.41037967475978593,1.0909572804624676,1.393658618864441,1.5965809986892778,3.92726586552259,9269362.256213736,22.089063906528565,5.1427438911869565,0.404720396220777,-0.018207060365836313,18.383120641123355,0.6628070664877119,596299411.7678559,22.86557036155477,24677.885752658374,22244897.383519057,-7.663370899399355e-07,-3.811429022853394e-08,-17.708564508912566,22.877407009411147,140.14631709607048,140.1528559682841,97.15672404055938,68747.50654448241,78248906.12539303,1.1737841299393874,0.380160303307601,1.3711182222963763,3.3237392472146348,0.37519559903886834,1.1915403454534572,3.2864376326584943,0.5678381953998431,5.382551567770739,-0.3125,0.555625,0.638875,0.92328125,0.33887500000000004,1.3865,0.7865
7.826675,0.96725,12.9125,6.195,243.221875,0.0966948528046256,-17.485,18.06875,44.6825,-44.6825,1.604009270558978e-07,22.34124811149473,38.69618119492714,22.341251981112737,38.696178960802136,-38.69618119492714,0.0,10757616.39739936,9925248.740692833,0.40556747463355025,0.41081019456152196,1.094167841798362,1.3977055543883874,1.6002121873942743,3.928496461129748,8620051.798581924,15.211550853701763,9.739268602723982,0.3365618727979838,-0.011867464360947138,13.181177262775224,0.5863633785429512,752907229.0811408,29.37635622355587,12913.406072920749,10022276.781769082,-7.045822656562191e-07,-5.887570547306715e-08,-11.31730371079004,29.386309981428788,76.00644603733126,76.00906414616561,55.52536301291935,68567.7860173462,78135033.97228171,1.1642072657475322,0.3803897128625056,1.3743355999701046,3.324629055256142,0.3754718505331785,1.1950682377839563,3.2871979201281296,0.5662269722322876,5.385036481317307,-3.9375,0.464125,0.413875,0.90765625,0.349375,0.9445,1.0305
13.461675,0.89525,12.9625,10.285,243.09062500000002,0.09672182264053136,-20.495,13.55375,51.707499999999996,-51.707499999999996,1.8561922309053512e-07,25.853747814583194,44.78000982793477,25.85375229258405,44.78000724255976,-44.78000982793477,0.0,14053553.432966715,29491382.610106517,0.40546279830438353,0.41069237595607416,1.0948259545569214,1.3985030508795857,1.6009244738648594,3.928682616311592,10015319.049510881,19.217623937326422,6.252007645839809,0.39814258432028826,-0.014384089691391986,21.217737372609722,0.5927992476123722,593569862.8492196,27.22975225318144,31894.922324271916,29588369.541528743,-7.120246662347999e-07,-3.200088849787799e-08,-16.11901096898369,27.2428565903771,142.95028808867707,142.95690720480607,97.91460833390298,68530.78473234759,78111477.9086785,1.1622416306050283,0.3804369345824345,1.3749991368142132,3.324813024571456,0.37552869410636164,1.195796740767722,3.2873552851479415,0.5658952552519951,5.385548262183945,-4.737499999999999,0.25787499999999997,0.19937500000000002,0.94671875,0.289875,1.2745,1.3235000000000001
10.372925,0.9732500000000001,12.6725,11.605,242.41562500000003,0.09686132114680923,-22.475,9.318750000000001,45.3325,-45.3325,1.6273429252529487e-07,22.666248084022488,39.25909772324814,22.66625200993215,39.259095456623136,-39.25909772324814,0.0,11213171.462381138,16525915.543865724,0.4058842392687871,0.4110638430963811,1.0982411823006066,1.4027971757530744,1.604766802688154,3.9299706671433334,8796103.335515182,16.7554058562764,8.419182521290768,0.2557702135324846,-0.011726172940880712,15.160260307608581,0.550809800735772,674459137.1190908,29.523287641403588,19296.822395260482,16622922.454483423,-7.2484307169685e-07,-4.055915275625697e-08,-17.745031697198815,29.536874831425816,100.37727121650651,100.37859533545189,70.69846243260572,68340.49240949746,77989908.43213563,1.1521653132014946,0.3806798234332222,1.3784183806669208,3.3257635641215764,0.37582094158793333,1.199555404840651,3.2881692532637685,0.5641892591334466,5.38818238381556,-8.912499999999998,0.596125,0.336625,0.76796875,0.919875,0.9875,1.0785
7.765425,0.9812500000000001,10.8575,6.235,244.90937499999998,0.09635418928007904,-17.575,15.54875,55.5325,-55.5325,1.993501814296793e-07,27.76624765291962,48.09255709074675,27.766252462175196,48.09255431412174,-48.09255709074675,0.0,10361682.240129562,9664064.169212917,0.40466035237145065,0.410031132539726,1.0856999980714535,1.3870975586121923,1.5906747155257435,3.9253748907930883,8342844.748294434,20.3865707580826,8.245177900694024,0.35615704753325306,-0.024815616122069676,15.79798099821982,0.47687066561055685,648333658.7827451,28.302672877083292,12537.136216960344,9761044.684011973,-7.853983760419959e-07,-5.96071522288401e-08,-12.225949438810611,28.318092664304206,95.58705244428657,95.59346499896583,69.21791797575474,69043.51682447147,78435092.03858905,1.189658832305719,0.3797702859845447,1.3658281205927454,3.3222756055468987,0.374728641900102,1.1857625199878756,3.285189989798141,0.5704739380576616,5.378281185043431,-5.0625,0.221875,0.34487500000000004,0.84328125,0.5383749999999999,1.3285,0.8935
11.764175,0.9952500000000001,10.5025,6.665,249.615625,0.09544200094923241,-16.775,11.08625,59.057500000000005,-59.057500000000005,2.1200420185987101e-07,29.528747503935545,51.145296725102895,29.528752618465077,51.14529377222789,-51.145296725102895,0.0,11984224.508208256,21647145.274615064,0.40246430031128416,0.4082075887129216,1.0626887370903473,1.3582795882153254,1.5646173221324204,3.917154405245279,9015597.932298047,22.04438390441321,8.117521839105246,0.5545101411740962,-0.02955454074128303,24.04943822327696,0.6931303586465891,711148543.506456,30.957011438886997,24202.899473133722,21744113.61313285,-7.080895686472138e-07,-3.2462983166484943e-08,-13.287835451431672,30.97505038954068,140.65128261658867,140.657560551993,93.24332940213053,70370.27718656529,79248385.0875105,1.2442688475707897,0.37808509533161266,1.3425807258548015,3.315998810021227,0.3726876839329442,1.1604779959907412,3.2798643955922957,0.5705464922098438,5.360174890798985,-7.4125,0.329125,0.12887500000000002,0.79484375,0.534875,1.0825,0.9035
9.664175,1.0317500000000002,12.2025,9.065000000000001,236.30312500000002,0.09817529718797957,-16.335,12.32875,48.8825,-48.8825,1.754780577812326e-07,24.441247933981785,42.33348799330893,24.441252167330465,42.333485549183926,-42.33348799330893,0.0,10772069.442390496,13357695.973150266,0.4088856767953633,0.4136145894524145,1.130054889479104,1.4425575534262856,1.6401464647372326,3.942062924395988,8585828.374266401,17.59782737564996,8.783039685309562,0.3674470435259905,-0.014064753184746034,15.656233935917411,0.5395257161696152,697705587.9235986,27.844827284061765,16199.65266691201,13454704.16005461,-6.629939600344551e-07,-4.126198724820196e-08,-12.11499674718724,27.854183968867193,92.73607696645338,92.73759416411527,62.140095632518026,66617.2897081326,76852111.59330437,1.0360581820406614,0.3830293925868577,1.410109812995607,3.3348821235502264,0.37859933321899025,1.2345747457534495,3.296030418518555,0.5291932251098868,5.414435585960277,-10.7875,0.48362499999999997,0.674125,0.78421875,1.474625,1.1325,1.1855
10.556675,0.90125,14.2825,7.845000000000001,242.828125,0.09677594810552873,-16.995,11.418750000000001,56.082499999999996,-56.082499999999996,2.0132456759609219e-07,28.041247629673876,48.568871076249124,28.04125248656085,48.56886827212412,-48.568871076249124,0.0,12158008.618398204,19210559.72289241,0.40556814954409304,0.410777366634135,1.096150979709576,1.4001606341253803,1.6024081911881218,3.9291673921279333,9262716.747951843,21.728081297349817,5.765850608676272,0.7552575828579295,-0.014852069789284779,16.304598650691556,1.1327911115027753,748856622.239695,19.350681292076406,21841.05661164016,19307537.67410473,-7.663605049983829e-07,-4.3705348121737195e-08,-13.064360755156608,19.3610916219772,128.30171426437764,128.30795093320754,90.92608933648103,68456.78216235033,78064257.2133379,1.1583165203327643,0.38053139943343345,1.376327585155496,3.3251818306844023,0.3756423772730189,1.1972560635015155,3.2876709127148085,0.5652318101242375,5.386572425969753,-14.7875,0.657625,0.613375,0.81140625,1.252375,0.9515,0.8424999999999999
7.292925,0.85875,13.5275,9.085,235.23437500000003,0.09841034968247586,-16.634999999999998,15.88125,58.332499999999996,-58.332499999999996,2.0940160191323582e-07,29.166247534577657,50.51742828966794,29.166252586320343,50.51742537304293,-50.51742828966794,0.0,11288387.614942508,11345962.476011055,0.4091794388776264,0.4138281355789474,1.1357702480877934,1.449660144291635,1.646413537204501,3.9442241923224333,8846330.052059624,23.117120584359075,7.102209632668873,0.973595783141875,-0.016864724123824285,12.841496248165818,1.4269546863703577,911346430.4978538,18.745027802882763,14144.083244430596,11442935.66327783,-9.350152249033697e-07,-6.958365302581917e-08,-11.150601407043036,18.753954902449873,107.56048915410165,107.56713463551456,82.46003748818573,66315.9935302866,76646202.08966035,1.0132421687222395,0.38343397068447704,1.4157659463319139,3.3365435722083507,0.3790771501773874,1.2408741909241208,3.2974722650944983,0.5208230253013116,5.418952571339001,-5.2125,0.39737500000000003,0.49487500000000006,0.92578125,0.321375,0.8825,0.7364999999999999
10.967925000000001,0.7747499999999999,10.7475,9.405000000000001,247.215625,0.09590040601935944,-17.015,14.53375,47.1325,-47.1325,1.6919591997900976e-07,23.56624800794551,40.817943493983186,23.566252089739745,40.81794113735818,-40.817943493983186,0.0,11340022.732195914,16367959.496598352,0.4037896512219476,0.40934468586705147,1.0743207049599608,1.3728816313437588,1.5778501535197589,3.9213274273851266,8797376.445772694,14.316755677609189,17.704161315556,0.44240311475520966,-0.021842857121228944,19.314675629352294,0.543641265376804,985841923.3529928,44.783546663031835,19172.084014954246,16464975.005199524,-6.019142909798068e-07,-3.3027705561751375e-08,-12.65710717839695,44.79130892166909,97.68449146026235,97.6859494675486,62.75361592711767,69693.682260876,78837590.44243844,1.2198986233585973,0.3789409172219023,1.3543509918623378,3.3191518672385354,0.37372670929340773,1.173252325789044,3.282534498054755,0.5729487947055835,5.369336957776581,-8.6625,0.434125,0.629875,0.78265625,0.632875,0.8095,1.4735
7.074175,1.10525,14.1325,11.145,238.346875,0.09772657867736526,-23.365,20.48375,41.7825,-41.7825,1.4999052726935715e-07,20.891248234063188,36.18470745318734,20.891251852533834,36.18470536406234,-36.18470745318734,0.0,12539496.069606613,13824972.418637935,0.40781875022466174,0.4126952756652057,1.1192296517121576,1.429045996718028,1.6281558957748412,3.937893263599328,9419010.581880102,15.328157993253399,8.541712202758657,0.29778365298089443,-0.008339661139418957,12.057790208278456,0.6700094860431821,721130674.2726262,28.28164971127311,16711.30857872389,13922000.794035431,-7.539910902335044e-07,-6.253530637559271e-08,-15.107817146409428,28.29317894529846,86.717405709175,86.71927890659174,65.84685100913723,67193.45257453986,77239653.07830931,1.0804626941946285,0.3822543487452809,1.3993692759771148,3.3317602001638225,0.3776829619363769,1.2226740439253547,3.293333597503431,0.5454378306960987,5.405795736310709,-10.1625,0.538375,0.334375,0.81515625,0.7886249999999999,0.9405,1.1405
12.674175,0.7102499999999999,13.4225,7.555,237.55937500000002,0.09790011468582617,-16.945,8.88125,46.7825,-46.7825,1.679394924185652e-07,23.391248022738257,40.514834594118035,23.3912520742216,40.51483225499303,-40.514834594118035,0.0,11372118.105811581,20431983.4525793,0.40830534949128655,0.4131256010523742,1.1233843107402879,1.4342390952500639,1.6327742945110026,3.9394969997284024,8903161.858437974,17.051156758336486,7.450808728743073,0.37555147237506215,-0.011465933444925358,18.053976595394296,0.6509933066855235,681848738.2660854,25.973385282003914,23119.216016273513,20528997.73573389,-6.030913556087338e-07,-3.013483304882096e-08,-13.5965965883775,25.98426851321652,107.25239241259969,107.25327508237133,69.43122535882212,66971.44486454809,77091002.07960564,1.0632349357382331,0.38255313931161283,1.4034958828035917,3.3329545613528935,0.3780364131820564,1.2272371101089896,3.294363455070581,0.5392107575892116,5.409123928923658,-12.212499999999999,0.530875,0.370375,0.83203125,0.211125,0.8174999999999999,1.0995
7.476675,1.00225,13.5075,10.115,246.615625,0.09601781791778073,-16.455,7.44625,43.1325,-43.1325,1.5483674785964332e-07,21.56624817700546,37.353841781238636,21.566251912389532,37.35383962461363,-37.353841781238636,0.0,9224335.704147223,9505691.149459986,0.404045312446207,0.4095524254098454,1.0772519239579728,1.3765595718114885,1.5811632532228068,3.9223744932237774,8051729.18770151,14.820851744071456,8.700483626675286,0.3784243951020931,-0.009153701465185468,11.51735277979488,0.6901773064006022,749010311.2281648,26.83845703900905,12521.580180694093,9602723.993310265,-7.345187300693822e-07,-4.781138133820687e-08,-12.558059636218248,26.84755785602626,72.24923799160608,72.2522475312555,52.13029487819417,69524.53352945368,78733709.5713567,1.2138719231538757,0.3791486814514528,1.357308218699235,3.319947166538187,0.3739801891238565,1.1764809676031192,3.283210725323591,0.5736020020673428,5.3715395898582345,-18.0625,0.12737500000000002,0.636625,0.96109375,0.484125,1.0055,0.7264999999999999
8.167925,1.04575,11.5125,7.355,237.91562499999998,0.09782134029945065,-18.345,15.32125,52.9075,-52.9075,1.8992697472634506e-07,26.45374776386521,45.81924034175814,26.45375234578912,45.819237696383134,-45.81924034175814,0.0,10781523.104906896,11071863.053936576,0.4080121673735886,0.4128569424463879,1.1215004152023742,1.4318753049398896,1.630673024056486,3.938756496764105,8539982.422281299,19.66209197510585,8.19902242479076,0.3473979312359877,-0.019692130700550363,15.405790264483384,0.5016333623280718,657229211.3602355,27.52368276202049,13920.152202256279,11168851.344315102,-7.634926521500648e-07,-5.46016999287345e-08,-12.990368117844037,27.535661924631242,96.29037317831215,96.2964643464042,69.324804363962,67071.87692383006,77158392.12548953,1.0710099714845092,0.38241800283183386,1.4016272481567775,3.332412943281677,0.3778765805008149,1.2251693920727595,3.2938961483307496,0.5420251506754535,5.407618321195148,-8.712499999999999,0.164875,0.220375,0.89859375,0.258375,1.1235,1.1695
11.081675,1.1007500000000001,14.0275,6.485,249.559375,0.09545258220243096,-23.015,16.161250000000003,53.8325,-53.8325,1.9324753327894858e-07,26.916247724770102,46.62031386283032,26.916252386801357,46.620311171205316,-46.62031386283032,0.0,13591599.22086199,22425117.222884193,0.40244657089817665,0.4081845351347816,1.0629580496472217,1.3586100750011472,1.564917370717308,3.917236654189876,9824458.544243954,20.419060751927972,4.921416015896158,0.504073469503812,-0.015694909802461042,17.683225274397508,0.8407407678890452,617171288.5826702,21.83963246915406,24977.59358740806,22522091.60998539,-7.652797149488091e-07,-4.7704496013138335e-08,-17.39162830675854,21.852607599562365,134.96361602146592,134.97019091850413,97.23226543610689,70354.41949299445,79238888.60537897,1.2436952792747487,0.37810458450584383,1.3428545123282496,3.316071212221194,0.37271152763403415,1.1607743796118986,3.279925513863885,0.5706018570842232,5.360380642957908,-16.5125,0.12137500000000001,0.663625,0.84109375,0.33187500000000003,1.1555,1.0285
12.717925000000001,0.87675,11.6325,7.455,249.653125,0.09543495153207653,-18.645,17.94625,42.7825,-42.7825,1.5358032029919874e-07,21.3912481917982,37.050732881373484,21.39125189687139,37.050730742248476,-37.050732881373484,0.0,12347406.614815209,20301457.829059295,0.40272144741227955,0.40847257576161566,1.062515205431024,1.3581012961764127,1.5644563096163755,3.9171618163435444,9252346.452410102,12.38775536908037,20.564243820555866,0.4526106079079151,-0.022517971413148777,20.64290491534899,0.6350307432390583,1127197472.5765967,49.195244660121496,23063.002490519502,20398492.474753767,-5.689560211590563e-07,-3.0546478222601424e-08,-13.696054021432005,49.193757226596695,97.18879814852657,97.1905212412495,62.25277396271083,70380.84898227916,79254713.3531395,1.2446512793614608,0.37807210607239705,1.342398238929348,3.3159505687644635,0.372671791455539,1.160280499160214,3.279823682153258,0.5705096090490341,5.360037790391806,-17.1875,0.135625,0.479125,0.79640625,0.275875,0.8245,0.7975
12.105425,1.01075,12.2875,7.475,242.865625,0.09676820075205304,-18.295,13.868749999999999,52.4075,-52.4075,1.8813207821142427e-07,26.203747784997706,45.38622762766507,26.203752323620343,45.386225007290065,-45.38622762766507,0.0,12301408.963057091,20659516.490556616,0.4056364336934269,0.4108498679323907,1.0959633162959728,1.3999378306626737,1.602209565303209,3.9291199561861387,9204805.780124437,19.35193425566971,6.965354243269691,0.38032306335868726,-0.017110637957803092,19.745628921064007,0.5975289019953316,640664230.177511,26.776788751910175,23285.15476660957,20756506.109758824,-6.658527696265405e-07,-3.560624114519205e-08,-14.003356249841817,26.79057669407882,122.15940855728364,122.16538980818261,80.67089941183049,68467.35395806421,78071011.87219852,1.158876842432939,0.3805178978363095,1.3761377106570072,3.3251290730350807,0.37562613231819,1.1970474038972734,3.287625746453435,0.5653265878260678,5.386425986274242,-12.5625,0.562375,0.524875,0.91546875,0.949625,0.7545,0.7224999999999999
10.539175,1.0157500000000002,14.4275,7.575,237.015625,0.09802132395506859,-16.915,15.251249999999999,51.0075,-51.0075,1.83106367969646e-07,25.503747844168686,44.173792028204474,25.503752261547767,44.173789477829466,-44.173792028204474,0.0,12352566.279480204,17808480.845188826,0.408416075103078,0.41319475086612834,1.1262618627152063,1.4378067298223576,1.6359382241175509,3.940565790833135,9343451.35106068,19.061464225576405,8.005941108822885,0.7317461704355878,-0.01174224264082717,15.560685434149123,1.1228049498789585,773131333.0891864,20.881523086426554,20519.605683326667,17905480.07246894,-7.090257088945714e-07,-4.5880339399067864e-08,-12.21213379985861,20.891098540959337,109.70626784784126,109.71212027877962,76.24814472814876,66818.1538266966,76987594.36155777,1.0514264874540005,0.3827593906234787,1.4063540679572946,3.333785565429401,0.3782802536129352,1.2304042697826407,3.2950813515778123,0.5348433418357235,5.4114231969128275,-6.862500000000001,0.5391250000000001,0.35987499999999994,0.79390625,0.34062499999999996,1.4275,0.7284999999999999
8.535425,0.72475,13.2275,7.445,248.921875,0.09557305648205443,-16.495,17.176250000000003,43.7075,-43.7075,1.5690087885180226e-07,21.85374815270309,37.85180640244567,21.853751937883626,37.85180421707066,-37.85180640244567,0.0,10864833.863429345,10894085.224564563,0.4029841501661777,0.40867526646849256,1.0660317448047667,1.3624973055019332,1.5684464438932948,3.9183861870740007,8701394.89134243,14.648394755184789,9.372400108292243,0.34251432697589895,-0.010386492300200471,13.339475981387915,0.5989633120975988,744728959.1415458,29.199504697237746,13885.636518314055,10991120.466125093,-6.648155232829282e-07,-5.2154232112702207e-08,-10.881289948294075,29.211507566221716,76.52121314410464,76.52348698459792,54.289309695775465,70174.69896585823,79130958.5218348,1.237206078627784,0.37832543792501605,1.3459624954521727,3.316894882910857,0.37298163132045464,1.1641426140932496,3.280621463617344,0.5712322622485313,5.362713548743215,-16.2375,0.137125,0.668125,0.83546875,1.464125,1.3385,1.3865
6.776675,0.74275,11.8825,6.725,240.16562500000003,0.09733580079880463,-18.285,13.588750000000001,60.557500000000005,-60.557500000000005,2.1738889140463343e-07,30.278747440538066,52.4443348673821,30.278752684971405,52.44433183950709,-52.4443348673821,0.0,10444219.773053227,9829694.867429826,0.40677651268625753,0.4117829480856574,1.109733517458338,1.417180109621777,1.6175785419829432,3.934214664962729,8425624.86931612,24.365994166393527,6.400027190093944,0.6786788350555746,-0.02541199618026196,14.1712405010785,0.9925639191640765,692653387.2805222,21.24608003402635,12642.252672631232,9926656.381393457,-9.275963247346675e-07,-6.782062626214417e-08,-13.099937893432237,21.257727055612726,108.40118459610639,108.40828699697944,83.67284178067358,67706.18466666379,77578839.9943685,1.1189735405531356,0.3815017742787123,1.3899063961603908,3.328997271310429,0.3768053485311818,1.212235107388268,3.290949672039065,0.5585370441890508,5.397167489439233,-4.9125,0.27437500000000004,0.505375,0.94296875,0.237375,1.3575,0.7745
8.115425,1.10125,14.4475,10.065000000000001,238.665625,0.09765696557347957,-18.265,20.29125,57.7575,-57.7575,2.073374709210769e-07,28.878747558880026,50.019463668460915,28.878752560826253,50.0194607805859,-50.019463668460915,0.0,13013692.708924592,14776459.724013023,0.40752802781139463,0.4124257164937389,1.1175517116527398,1.4269349293742162,1.6262736670601978,3.937216776342523,9601184.375124194,22.64375066990975,7.643041970113408,1.0015022748936813,-0.014595295216165418,13.300968395755064,1.5095782508542863,975253596.3895416,18.399959708282793,17496.982330193765,14873433.227850247,-9.24137403012852e-07,-7.083604366455089e-08,-11.687224582112913,18.409265341713517,119.2500795140697,119.25657037836616,91.52543235980345,67283.31283810796,77299484.82645592,1.0874781218450529,0.3821333444681495,1.3977032183060425,3.3312797765208626,0.37753976244203635,1.2208350967171362,3.292920002891836,0.5479635484774369,5.404448677017918,-12.9625,0.547375,0.543625,0.9964062499999999,1.269875,0.8815,1.4535
11.107925,1.0237500000000002,12.182500000000001,13.415,246.090625,0.09611999319534066,-19.634999999999998,18.488750000000003,58.207499999999996,-58.207499999999996,2.089528777845056e-07,29.10374753986078,50.40917511114467,29.10375258077815,50.40917220076966,-50.40917511114467,0.0,13492496.763186852,20258551.77375394,0.4040337834457401,0.4094951790970324,1.0798339479079906,1.3797524156910048,1.5840455370270328,3.923232323945738,9685238.80226419,22.619318807728636,5.328523209700075,0.3811411084011812,-0.017644056047464225,17.19326337118993,0.5946941510835554,564984150.3566414,24.466251692896755,22842.72114887023,20355519.942900144,-8.481432056637425e-07,-4.735207457722478e-08,-14.015901058945165,24.479932600959167,138.74377740077603,138.75016815593412,97.66762236652065,69376.52838945916,78642340.53460783,1.2076931434393845,0.3793450219662884,1.3599211890874332,3.3206625403349364,0.3742155591374879,1.179325515590597,3.2838190509693357,0.573541690723203,5.373687981720777,-15.7125,0.143875,0.240625,0.82984375,0.193625,1.4825,1.2235
9.130425,0.9977500000000001,13.932500000000001,7.045,241.815625,0.0969854389608625,-18.545,14.09625,45.8825,-45.8825,1.6470867869170774e-07,22.941248060776744,39.73541170875051,22.941252034317806,39.73540941462551,-39.73541170875051,0.0,11311945.77088698,13990372.950952996,0.4061739235251182,0.4113082778587538,1.1012953519340893,1.406620842764651,1.6081882472753346,3.931109733829268,8904442.553230125,16.491845971430465,7.169051186363831,0.40782278334082783,-0.010480603361847252,14.119014339565544,0.7633730562983334,712197900.596263,24.53036005610434,16848.918381413554,14087390.108448848,-6.862571435564987e-07,-4.8436762813198755e-08,-13.462469177782262,24.54246213649757,91.46832273843594,91.47003820739982,65.8119997197071,68171.34367807515,77881141.03957881,1.1432575340442859,0.3809080556981779,1.3814791611679111,3.326626812345315,0.37609227777688214,1.202918930270783,3.288909585034533,0.5627065345561691,5.390710891072531,-14.7375,0.216625,0.157375,0.81390625,0.396625,0.9695,0.9764999999999999
6.785425,0.9092500000000001,11.1625,8.055,243.653125,0.09660670112627899,-19.445,19.521250000000002,53.2325,-53.2325,1.910936574610436e-07,26.61624775012909,46.10069860591864,26.616252360198825,46.100695944293626,-46.10069860591864,0.0,10707788.223445887,8517328.883450333,0.405228452773643,0.4105021251788419,1.0919941690103814,1.394965014512665,1.5977542126708766,3.9276673617305016,8495293.454146747,19.273455504222643,8.74349861998845,0.32490195943244543,-0.02085849307266522,13.591507539278116,0.4837109012866433,671696948.0100845,29.073765014818623,11432.135152252798,8614315.392630104,-8.764672398139028e-07,-7.389805737914514e-08,-12.217779905523836,29.08892166386335,88.9398238189534,88.94673535583911,67.7065367845122,68689.36166805596,78212154.34683155,1.1706803700258577,0.3802345290441778,1.3721580624237866,3.324026426856922,0.3752849990832823,1.1926797645732783,3.2866828647922133,0.5673169123295472,5.383355321148912,-9.962499999999999,0.613375,0.551875,0.87890625,1.0003749999999998,1.0045,1.1395
12.394175,1.09375,11.7875,12.565000000000001,235.81562499999998,0.09828150647857521,-17.064999999999998,7.5337499999999995,54.4325,-54.4325,1.9540140909685352e-07,27.216247699411106,47.139929119742,27.216252413403886,47.13992639811699,-47.139929119742,0.0,11872080.511508241,22583140.11102572,0.4089485063763435,0.413639620192845,1.1326552934935643,1.4457772340005586,1.642988970439188,3.9430206631311653,9028534.385567369,20.874623679674716,7.310898194785867,0.45680032254683106,-0.016442497162747018,19.402863887342406,0.6009364525645422,667310992.9761693,27.955019193675444,25130.601728033907,22680121.93866168,-7.840836034423787e-07,-3.215187210880276e-08,-13.906574582492027,27.96674344365245,132.47048024342348,132.47667252199398,91.52425217375364,66479.85636385196,76758455.5458476,1.0256167314337197,0.3832139863481229,1.412686409595029,3.3356374694603317,0.37881739242371804,1.237441658345642,3.2966853576225628,0.52537127077125,5.416495863185986,-2.8874999999999993,0.473125,0.333625,0.95234375,0.116625,1.3245,1.2015
10.154175,0.89425,13.7325,7.545,241.421875,0.09706839350873013,-18.055,12.293750000000001,57.9075,-57.9075,2.0787593987555312e-07,28.95374755254028,50.14936748268883,28.953752567476887,50.149364587313826,-50.14936748268883,0.0,12226763.22993283,18607836.96254143,0.406208013472639,0.4113098957313937,1.1032981729844562,1.409109437090148,1.6104045948985546,3.9318111641532707,9249631.73025154,22.93688542836478,5.498656671315462,0.6884516908456993,-0.01747653031899505,16.66120989516927,1.0203640998771726,704852851.6572444,19.777029998551313,21229.71232433585,18704806.768054962,-7.951291939901459e-07,-4.636688595859833e-08,-13.808850082603046,19.787201192889352,132.1631446549362,132.16948859469596,94.91812192519774,68060.33982307924,77809318.27438647,1.137433064609493,0.3810497414665035,1.3834843527217036,3.3271884701795624,0.3762625582157963,1.2051311771750892,3.28939208938241,0.5617112206206195,5.3922501738213775,-17.8375,0.285625,0.309625,0.75140625,1.276875,1.0345,1.4975
8.517925,0.7777499999999999,14.3325,12.695,243.39062500000003,0.09666028885954964,-23.755,11.908750000000001,49.8325,-49.8325,1.7888836115958214e-07,24.916247893830047,43.156212150085764,24.916252209451144,43.15620965846076,-43.156212150085764,0.0,12288167.867111988,18033216.958321493,0.40529468308082567,0.4105470128601453,1.093313422195928,1.3966061710958602,1.599224956575742,3.9281254491075597,9341757.652863653,19.19129953983959,5.881587338998925,0.5918620230912542,-0.011065122985395661,13.473674870008878,1.0196490695291291,708419624.608493,21.633721109766814,20713.344533729676,18130202.620831177,-8.400420863446664e-07,-5.248504775707553e-08,-18.107651267765146,21.645650175431953,117.62698195829877,117.63350081700708,88.97729638837235,68615.35909805875,78165250.40328237,1.1667376546510289,0.38032898199144316,1.3734829580078156,3.3243928821529196,0.37539873932712464,1.1941326600016549,3.2869960021417914,0.5666534679771793,5.384378406054747,-11.587499999999999,0.12512500000000001,0.20087500000000003,0.91171875,0.8691249999999998,1.3855,1.4155
10.521675,0.94625,11.8725,6.9350000000000005,242.096875,0.09692772248771589,-21.025,9.38875,42.1325,-42.1325,1.512469548298017e-07,21.066248219270445,36.487816353052494,21.066251868051978,36.48781424642749,-36.487816353052494,0.0,10414934.648807116,14343430.051904153,0.4062540173018009,0.4114126373284568,1.0998629682232406,1.4048603110106452,1.6066113130366257,3.9306232816313234,8431903.985265214,14.389419637531223,16.360548418404196,0.2722531854745513,-0.018105470518416104,16.83231841472784,0.4448886323884411,906605621.6879597,40.81664503672848,17218.585946088184,14440456.700590529,-5.820903070202501e-07,-3.47063995830024e-08,-16.696986186210772,40.81285198449133,85.36343256076363,85.36477693457547,56.737537900740904,68250.63214592937,77932208.10140231,1.1474300762238032,0.38079447641903924,1.3800367268353888,3.326214910180395,0.3759588330885176,1.201337240150529,3.2885562920494116,0.5634059992639,5.389426465564164,-1.3625000000000007,0.369625,0.6966249999999999,0.86890625,0.627625,1.4325,0.7314999999999999
10.084175,0.71675,12.2725,8.785,242.15312500000002,0.09691595710527477,-23.575,19.38125,52.307500000000005,-52.307500000000005,1.8777309890844012e-07,26.153747789224205,45.29962508484646,26.153752319186587,45.29962246947145,-45.29962508484646,0.0,13102231.964720163,18197830.74040669,0.4059006079614061,0.41105842166151146,1.099570425672233,1.4044471950493334,1.606239431779883,3.9304333982744293,9535582.93389145,19.787628012105568,6.630176231308008,0.28831228558433253,-0.017525979953535244,17.49666264544155,0.520469304901898,583605964.6687759,27.143408842129812,20857.95026957906,18294810.94928628,-7.360761802086814e-07,-4.8950907505022616e-08,-17.0745023034196,27.157147433329598,120.29580923240451,120.30201569311751,85.12767373092818,68266.48983950021,77942423.35355636,1.1482654904705443,0.3807742436193062,1.3797508986795095,3.326135128727394,0.3759345046852175,1.2010224931348186,3.2884878690985118,0.5635481853670039,5.389206878989436,-1.4624999999999986,0.309625,0.596125,0.8635937499999999,1.245375,0.7625,1.3635
9.226675,0.80375,10.6225,10.254999999999999,247.87187500000002,0.09577224237085465,-18.275,11.66375,48.2075,-48.2075,1.730549474860895e-07,24.10374796251065,41.74892082928329,24.10375213740262,41.74891841890828,-41.74892082928329,0.0,10033430.938670719,11033937.880290028,0.40344456542418833,0.4090511886219164,1.0711191324840226,1.3688660889525597,1.5742180787582638,3.920181018387473,8216942.122460118,15.630606582822042,15.291677276564883,0.33497555599935264,-0.02098259803298811,15.565081620930172,0.3851044250391543,846859072.5455515,40.32566348810354,13944.07029122609,11130943.782869898,-6.829140389174482e-07,-4.367095835501654e-08,-13.640010020931902,40.33162913771189,87.11662385876467,87.11846548615301,58.76463904272942,69878.68868586916,78952253.28434843,1.2265427540873974,0.3787013671383332,1.3511138523969572,3.3182760278508034,0.3734376173155885,1.1697327883148192,3.2817911040317584,0.5722797722188144,5.366744868683673,-8.9375,0.16562500000000002,0.548125,0.86015625,0.207625,0.8444999999999999,1.3775
7.5291749999999995,1.02525,12.4575,12.265,246.278125,0.09608311405752017,-21.325,15.00625,53.6575,-53.6575,1.9261931949872628e-07,26.82874773216647,46.46875941289774,26.82875237904228,46.46875673002273,-46.46875941289774,0.0,11594643.411578897,13046085.6912677,0.40397298122348774,0.4094496245319395,1.0789085455931993,1.3786004988176135,1.5830049063305713,3.9229115917636217,8945502.171104334,20.455385759809822,6.147652241213182,0.41199310912824316,-0.015601153111951632,13.373406726070797,0.7176608006199096,646218706.410161,23.996884008005768,15833.018187543305,13143064.05360293,-8.842955969460719e-07,-6.068935545995897e-08,-15.173724147886933,24.011505356876462,109.20806562214669,109.21453388765445,81.59892386848303,69429.38736802862,78675065.8952162,1.2104644006245455,0.37927785244478773,1.3589874914901896,3.3204088919653256,0.37413436417377915,1.1783094446105755,3.2836037638283564,0.5739458607488147,5.3729647470265105,-3.3874999999999993,0.45962499999999995,0.5968749999999999,0.93734375,0.282875,1.2645,0.9165
6.855424999999999,0.82525,13.467500000000001,8.885,246.484375,0.09604365748737916,-21.175,8.26875,47.2575,-47.2575,1.6964464410773996e-07,23.628748002662388,40.92619667250646,23.62875209528194,40.92619430963145,-40.92619667250646,0.0,10004037.368095793,11472850.456731781,0.4039299706681158,0.40942349264944233,1.0778912121178938,1.3773357693628243,1.5818603198530965,3.922554687155449,8356214.606763914,17.20942276000487,6.933503350572524,0.4443139026414217,-0.012008658474144302,12.344056270450228,0.787212634919071,698151016.3825045,24.059491314803825,14357.46597481331,11569851.429014426,-8.275787494220769e-07,-5.566095357124229e-08,-16.34873209520203,24.073364585908987,90.01141222401114,90.01408581711338,68.76190323976763,69487.53224445505,78710891.75709648,1.2125565857425922,0.3791941466873126,1.3579562588098213,3.320121865408514,0.37403563025213893,1.1771892653437452,3.2833594122201344,0.5737384894955787,5.372021991798149,-15.4625,0.396625,0.526375,0.89296875,0.351125,1.4245,1.3125
9.165424999999999,0.78625,11.5625,11.945,247.815625,0.09578306746865502,-21.915,8.11125,46.3325,-46.3325,1.663240855551365e-07,23.166248041757502,40.12512315143428,23.166252054269705,40.12512083480927,-40.12512315143428,0.0,10310624.73198931,13357238.173676843,0.4034209780676688,0.40902213559184875,1.0713913142133316,1.3691994249924728,1.5745188562426324,3.920261359573587,8388205.738453364,16.53308246240988,10.625776188605226,0.24753830917802494,-0.014654354120219206,14.665477411355655,0.4322780623522212,709665254.3404051,33.84723521299696,16203.396575337847,13454241.303209681,-7.316747403287336e-07,-4.1706767049998296e-08,-17.347787678260545,33.861736310835035,92.94455261227955,92.94623215788718,64.36041538724747,69862.83099229833,78942624.86594373,1.225974403669436,0.37872085506034425,1.3513899361479111,3.3183498419399062,0.3734614141238589,1.1700332862597187,3.2818537016144473,0.5723366062514432,5.366951210422559,-11.6625,0.577375,0.659875,0.98828125,1.2978750000000001,1.1804999999999999,0.9395
7.879175,0.95025,13.6075,10.795,239.603125,0.09745410928813578,-22.645,11.61125,45.5825,-45.5825,1.6363174078275527e-07,22.79124807345624,39.47560408029467,22.79125202101654,39.47560180116967,-39.47560408029467,0.0,11169827.955292478,14008197.626118133,0.40719893790941014,0.41216742933117123,1.1126494708127992,1.4208462963214363,1.6208401827391827,3.935396267829677,8829806.935625177,17.125050395398542,7.327025342972911,0.362152384491291,-0.01054987714879321,12.941369874979284,0.6864597312998262,721522079.6090596,25.387148667221716,16835.05042332798,14105204.165706256,-7.86319109219062e-07,-5.311900780731965e-08,-16.98047768079276,25.399043627927213,95.18512982939309,95.18700886485979,71.55401921018964,67547.60773095534,77474488.39496377,1.1082512043760793,0.38177722792715185,1.3928171329855246,3.329876693105246,0.3771181287182595,1.2154529415219886,3.2917142385087717,0.5554106902426031,5.400486873018142,-14.1875,0.6643749999999999,0.35387499999999994,0.75484375,0.41412499999999997,1.0115,0.7434999999999999
7.555425,0.75725,13.6875,9.965,246.728125,0.09599569914349923,-17.505,13.88625,47.8825,-47.8825,1.7188826475139098e-07,23.94124797624677,41.467462565122794,23.94125212299291,41.46746017099778,-41.467462565122794,0.0,10695570.667582488,11021313.767045587,0.40384104156861306,0.40935440171490417,1.0766981921063998,1.37584174572563,1.5805160593709486,3.922135987847445,8652081.605178097,17.034775200739833,7.016554864217589,0.5137067061568964,-0.010728376883538289,12.149420422204813,0.8366630325403249,752192669.2926719,23.27571129024882,13942.060984457725,11118324.24425866,-7.997982803843603e-07,-5.815971727049518e-08,-12.167174450457567,23.28931358746712,86.4834059987623,86.48594603011462,64.27603557458087,69556.24891659537,78753253.96476603,1.2150015648822319,0.3791097053494372,1.3567530541712762,3.3197976189227507,0.37393265586605207,1.1758744171519302,3.2830834877248396,0.5734862449020778,5.371126040609694,-19.8875,0.484375,0.141625,0.84953125,1.374875,1.3165,0.9715
11.571675,1.07525,13.7825,10.545,248.846875,0.09558611790420674,-21.155,10.91125,46.0825,-46.0825,1.654266372976761e-07,23.04124805232375,39.90861679438775,23.041252043185317,39.908614490262735,-39.90861679438775,0.0,12356298.080188937,21008084.3503193,0.4029180213909162,0.40860143051758135,1.0663978740046083,1.362934743791447,1.568849601273628,3.9184864321382475,9349941.216409579,16.69577319201667,6.511996156387472,0.32825695535653227,-0.010348108731220298,16.48318623500658,0.6051725247439992,654518070.577214,25.724045470720057,23680.987089753704,21105092.061138336,-6.525163755124891e-07,-3.6694321818030034e-08,-16.626806957885496,25.739360871219247,111.11388387515203,111.114874041711,75.52306127486315,70153.55537443045,79118260.46876645,1.2364215707658792,0.37836358566197476,1.3463405703633244,3.3170039643443503,0.37302490994406584,1.1645455341421003,3.2807137785162355,0.5713022404848893,5.363171436603166,-5.262500000000001,0.38087499999999996,0.449125,0.79734375,0.316125,1.2155,0.9045
9.900425,0.9872500000000001,11.3425,8.325,241.759375,0.0969972666733875,-23.465,16.47625,59.2575,-59.2575,2.127221604658393e-07,29.628747495482546,51.31850181074012,29.628752627332585,51.318498847865115,-51.31850181074012,0.0,12777070.823115204,18169714.717568386,0.4060504773730273,0.41117809156413054,1.1015784444468417,1.4069536680399217,1.6084834369410563,3.9311739189728354,9338548.624060202,23.84852271204386,5.957145097678392,0.3111377972489354,-0.0267146701934912,19.167408484005254,0.46819285884501055,573173310.7762635,26.172631295465408,20765.96945157848,18266670.415862974,-8.002080452900713e-07,-4.863455518808505e-08,-17.687785543429005,26.18554861836138,137.3154981311437,137.32197851276808,97.13530498691173,68155.4859845043,77870891.19390695,1.1424243729643468,0.3809282917250377,1.381765374370392,3.32670688826221,0.37611660425690335,1.2032345647428184,3.2889783493486706,0.562564349286235,5.3909306606782375,-19.8125,0.49187499999999995,0.528625,0.85203125,0.7501249999999999,1.0745,1.0365
12.140425,0.9937500000000001,14.2075,11.475,238.290625,0.09773890139003648,-22.785,14.18375,51.9325,-51.9325,1.864269265222495e-07,25.96624780507357,44.97486554927665,25.96625230256,44.97486295265164,-44.97486554927665,0.0,14138183.432404747,26302902.989642214,0.40775276159141216,0.41262357198458094,1.1195232585212989,1.4293972869155218,1.6284672182467042,3.9379735269251848,10079230.186492436,20.340615054963774,5.194130692943933,0.45325695457528464,-0.012441683336329086,17.609030642411202,0.7847809487780946,638319452.9738395,22.31783619893827,28761.133319666205,26399883.93869538,-7.322561946075538e-07,-4.06686954640467e-08,-17.598534259375384,22.3278371749375,140.26139338919978,140.2680030528144,97.37572633600912,67177.59488096902,77229073.9235217,1.0792272302956758,0.38227570002099337,1.399663545877083,3.331845162708683,0.3777082261582273,1.2229990591730897,3.2934067826051767,0.5449924050383389,5.406033477658937,-3.9624999999999986,0.598375,0.111625,0.89828125,1.451875,1.2565,1.3465
10.810425,1.0757500000000002,12.6875,12.115,249.59687499999998,0.0954455270755396,-21.815,13.90375,41.9825,-41.9825,1.5070848587532548e-07,20.991248225610192,36.35791253882457,20.991251861401345,36.357910439699566,-36.35791253882457,0.0,11707101.098851848,16087721.185297841,0.4026646197456754,0.40840995820317816,1.0627833499542625,1.3584263018719656,1.5647515064959185,3.917239926247361,9011974.684163567,14.648043144087941,11.17180322247428,0.24214060542820254,-0.010763410935510854,14.820863191771465,0.477632059170839,745822764.282857,34.92318230563422,18934.204057432074,16184749.021007633,-6.689118977405056e-07,-4.094465635071917e-08,-16.243637160141038,34.93804832998661,90.47755101182466,90.47885764298144,62.178124978171766,70364.99128870832,79245220.1332579,1.2440775981453802,0.3780915949204728,1.342671968517754,3.3160229391612264,0.37269563574431064,1.1605767880922837,3.2798847678634417,0.5705649423209918,5.360243526835707,-0.2624999999999993,0.686875,0.5886250000000001,0.99890625,0.33537500000000003,1.4435,1.3605
12.026675000000001,0.72325,11.5275,8.555,244.79687500000003,0.09637679324908893,-16.905,12.06625,48.8325,-48.8325,1.7529856812974052e-07,24.416247936095033,42.29018672189962,24.41625216511359,42.290184280274616,-42.29018672189962,0.0,11740492.424032547,20222878.12903292,0.40481488684985445,0.41017831456849974,1.0862630145919774,1.3878139626127939,1.5913200558334086,3.9255938346334736,8993228.079215256,16.6383540741454,10.730588488149674,0.45007984562706044,-0.016397892022160437,20.51106446200738,0.5332678708562606,752613318.9087803,34.297743748336025,22906.883441191385,20319884.959323272,-6.291957807119804e-07,-3.015428150744826e-08,-13.147998090467738,34.31390577004028,109.78654782842106,109.78749542214305,71.3916353355839,69011.80143732979,78415171.17049621,1.18795456895093,0.379810704256105,1.366392289845448,3.322430254750531,0.374777395861217,1.186378665886711,3.2853216621530965,0.5701894075375409,5.378718062461586,-4.5875,0.512875,0.21437499999999998,0.93984375,1.2121250000000001,0.9644999999999999,1.3415
6.715425,0.8422499999999999,10.7975,7.085,239.396875,0.09749866835620656,-19.785,13.11625,48.6325,-48.6325,1.745806095237722e-07,24.31624794454803,42.116981636262395,24.316252156246076,42.11697920463739,-42.116981636262395,0.0,9442612.576628156,7460615.643572564,0.4073599528078785,0.4123144031142401,1.1137271069407317,1.4221996191278088,1.6220507887291256,3.935828792400507,7964025.198884945,16.736427433465906,14.12158307796404,0.28575034989048986,-0.022419435835118462,13.46881677682393,0.44491425035934945,839608433.9600924,36.510213230391535,10432.424495505813,7557616.652165545,-7.974618865889236e-07,-6.369949315868389e-08,-13.93069674036828,36.514421052901795,77.04996412434527,77.05335664374492,57.484392578273244,67489.46285452892,77435975.75267956,1.1036634731478596,0.3818556022412784,1.3938902895619423,3.3301841118656905,0.3772109454776834,1.2166335939173012,3.2919781404726343,0.5537681623427632,5.401358480075333,-3.287499999999998,0.6726249999999999,0.312625,0.85453125,0.7641249999999999,1.0405,0.8165
11.449175,0.80225,13.7275,9.905000000000001,245.19062499999998,0.09629811897086035,-17.775,15.478750000000002,59.832499999999996,-59.832499999999996,2.1478629145799823e-07,29.916247471180174,51.81646643194715,29.916252652826675,51.81646344032214,-51.81646643194715,0.0,13597412.091643507,23115065.648185927,0.4044402947211423,0.4098312274672809,1.0842977338324353,1.3853287283992026,1.5890797647446004,3.9248340615583017,9821858.767593963,23.767942224123114,5.056948968132393,0.6375242560421394,-0.017433956268314087,18.03387534031936,0.924921646944442,654988167.9591155,20.08458455180392,25621.79491773824,23212031.333514463,-7.883257085712907e-07,-4.354885699387958e-08,-13.216037117392977,20.095051763218112,149.54000861501171,149.54654012723546,104.10032374303329,69122.80529232568,78484588.79659675,1.1939350794659696,0.37966907478328615,1.36441876816931,3.3218896510808147,0.3746065757070143,1.1842244789617182,3.2848615680582784,0.5711846685054667,5.377187470515199,-8.0375,0.269875,0.203125,0.92796875,0.256625,1.2605,1.4325
11.212925,1.0677500000000002,14.2325,8.825,244.74062500000002,0.09638808099758267,-20.475,20.50125,60.8825,-60.8825,2.1855557413933192e-07,30.441247426801944,52.725793131542595,30.44125269938111,52.725790087417586,-52.725793131542595,0.0,14922363.792753352,24497912.266980805,0.4046161648150932,0.40997155289057813,1.08653895926197,1.3881262265885734,1.5915995045359472,3.925635395336804,10370440.491692167,24.62674317959073,4.719248352795942,0.6453912409080729,-0.01797276688163972,17.955386121576087,0.9937243889813427,660823366.2847582,19.55544531410583,26952.622115685892,24594871.185489573,-8.332621297632402e-07,-5.216147138836546e-08,-14.559266209811236,19.56489753520591,159.32033672411976,159.3271747796579,115.63469176378335,68995.94374375895,78405224.03599349,1.1871012463565636,0.3798309436162905,1.3666744946162466,3.3225076781601848,0.37480179964415705,1.1866869442976467,3.285387600396939,0.5700472934420735,5.378936871958176,-19.6875,0.28637500000000005,0.345625,0.94796875,0.41937500000000005,1.1735,1.2854999999999999
12.639175000000002,0.9447500000000001,11.817499999999999,7.4350000000000005,241.871875,0.09697362161381283,-17.564999999999998,13.063749999999999,43.2825,-43.2825,1.5537521681411957e-07,21.64124817066571,37.48374559546655,21.641251919040165,37.483743431341544,-37.48374559546655,0.0,11678162.549150303,20084657.421120804,0.4063238824924842,0.4114649648814826,1.1010129311035506,1.4062904838285997,1.607894905378001,3.9310427512705686,8979727.069824584,13.690086772317262,16.581717276362053,0.43771889452694573,-0.016751664433511552,20.32040805021328,0.5485393144907794,953203820.9163665,42.28117099339713,22833.86956138995,20181689.62076018,-5.729509655503359e-07,-2.82621621398743e-08,-13.557030408589878,42.28857239590869,96.99597311302452,96.99702373412673,62.30856984514491,68187.20137164598,77891385.17922483,1.1440910920423115,0.3808878089356751,1.3811929985574156,3.3265467737063443,0.37606794178853825,1.2026034847469962,3.2888408768223307,0.5628487198095512,5.390490981626788,-16.7625,0.609625,0.516625,0.83484375,1.364375,0.7444999999999999,0.8155
9.874175000000001,0.82225,11.8625,10.305,247.646875,0.09581564904890458,-21.865000000000002,9.79125,60.807500000000005,-60.807500000000005,2.1828633966209382e-07,30.40374742997182,52.66084122442864,30.403752696055793,52.66083818405363,-52.66084122442864,0.0,11856856.80449095,17895349.04191528,0.4032968954712451,0.40888088773432524,1.0722071946588052,1.37019221452254,1.5754141429192539,3.920493823398058,8995052.035113715,24.754087885347285,4.866691711134987,0.3789616888213585,-0.024374605887756043,17.539133810020058,0.604905737409029,534961403.33353937,23.3231920938241,20496.11518371289,17992300.604764067,-8.944327875436191e-07,-4.6399183032959355e-08,-17.427182553747578,23.336656532499408,142.1483304687634,142.1550282627521,103.42741970223481,69815.25791158581,78913665.76177828,1.2242701239207623,0.37877930693870965,1.3522185045951254,3.318571524727106,0.37353278473777773,1.170935520795386,3.28204176846286,0.5725073045155576,5.367570213323821,-12.162500000000001,0.207625,0.194125,0.95484375,0.449125,1.4525000000000001,1.0845
11.930425,1.01525,12.5475,12.085,239.659375,0.09744205993489259,-22.495,8.98625,56.6075,-56.6075,2.0320920893675906e-07,28.303747607484762,49.02353442604685,28.303752509838066,49.02353159567185,-49.02353442604685,0.0,12670396.860658174,23292597.4823104,0.40707660172117943,0.4120476534317437,1.1123541214263337,1.420463696903064,1.620496960619595,3.93525545718702,9355863.094577782,22.880655412315665,5.166802577108316,0.34325505192005257,-0.01807975977066094,18.336831877525785,0.5695162485733934,574022310.6703231,24.02085506250592,25778.923553125045,23389560.244303133,-8.414106207290656e-07,-3.937365483288525e-08,-18.24347328166504,24.03176331695199,146.7424609059277,146.74914383591056,103.53627112947932,67563.46542452618,77484916.32378279,1.1095043147899273,0.3817558515720411,1.3925246516764387,3.329792980548192,0.37709280889351804,1.2151312412160777,3.2916423912874193,0.5558580766784951,5.400249189194317,-14.8375,0.647875,0.598375,0.82859375,0.8166249999999999,1.4295,0.9145
12.814175,0.74575,12.8375,9.575,243.109375,0.09671796598263374,-19.765,14.16625,42.5325,-42.5325,1.5268287204173835e-07,21.266248202364448,36.83422652432695,21.266251885787,36.834224397701945,-36.83422652432695,0.0,12196509.531541392,20328988.35643001,0.40573594352640274,0.41097140320928677,1.0947376604403216,1.3984325132966589,1.6008636752327337,3.9287214476739694,9227921.578524385,14.657481396847631,11.188860748215603,0.29401293764627484,-0.011122630437460295,17.894443708690833,0.504473990404695,731201244.049572,34.11818390336749,23070.233798545512,20426019.081315473,-5.612869653205399e-07,-3.177886396091872e-08,-15.056747836531095,34.13042369681377,98.62615258819365,98.62703149937053,63.01180137168784,68536.0706302045,78114845.31400093,1.1625223301541663,0.3804301898080863,1.3749043124510665,3.3247867256087544,0.3755205757045761,1.1956926322719537,3.2873327893948656,0.5659426432223734,5.385475165472372,-1.7875000000000014,0.407875,0.569875,0.81765625,1.3731250000000002,1.1995,1.2905
10.819175000000001,0.74175,12.5875,12.185,239.059375,0.09757148538237065,-18.884999999999998,14.026250000000001,43.3325,-43.3325,1.5555470646561167e-07,21.66624816855246,37.527046866875864,21.666251921257043,37.527044700250855,-37.527046866875864,0.0,11315712.895664645,14925691.982797336,0.40762137455166564,0.412552221007414,1.1154939168597755,1.4244117120906408,1.6240264417743173,3.936510137972723,8837223.752805974,15.137042587081279,11.19295784774803,0.27936509169690454,-0.01061856983117014,14.678433223871965,0.497088400839394,735350910.3103113,33.100987797217705,17787.575047132403,15022720.856689926,-6.700491044782311e-07,-4.014973526474403e-08,-13.831893945013556,33.11043581726456,88.61480080668683,88.61608729997252,60.34207993676392,67394.31669310386,77373114.02613355,1.0961774734586422,0.38198381900889294,1.3956485101605058,3.3306886875175414,0.37736276246245554,1.218569778462861,3.292411649862714,0.5510873477848555,5.402784752935932,-16.9875,0.37712500000000004,0.25112500000000004,0.79921875,0.172625,0.7555,0.7354999999999999
13.032925,0.88225,11.4675,9.765,246.99062500000002,0.09594428857030983,-19.395,20.676250000000003,51.7575,-51.7575,1.8579871274202722e-07,25.878747812469946,44.82331109934408,25.878752294800933,44.82330851146907,-44.82331109934408,0.0,14044190.09782648,25657944.992335323,0.4036975463637273,0.4092311914736764,1.0754147716397882,1.3742253219284848,1.5790599516486956,3.9216638936920196,9926276.285160411,18.042485857284618,9.444378963593604,0.48283851422876667,-0.017548408368607323,22.415859458770164,0.5860918806024251,722129925.1021855,34.33347956949398,28176.230470752005,25754937.89667415,-6.756878037177129e-07,-3.3625604030253336e-08,-14.070768770269295,34.35179517179462,132.00262214857156,132.00886221317927,87.74742151720037,69630.25148659264,78798720.74484368,1.2176334669962545,0.3790188637807884,1.3554590485847704,3.319449526099816,0.37382181599842745,1.1744612906908118,3.282787450928439,0.5731783977324143,5.370163328776451,-7.2875,0.323125,0.296125,0.87203125,0.12537500000000001,0.9205,1.2245
13.015425,0.8512500000000001,12.2075,6.545,235.36562500000002,0.09838104915223518,-22.515,13.44875,42.8075,-42.8075,1.536700651249448e-07,21.403748190741577,37.07238351707814,21.403751897979827,37.07238137670313,-37.07238351707814,0.0,12495396.313886542,23112409.777346805,0.40935148783929853,0.4140126432440373,1.1350706405796407,1.4488177973485163,1.6456738514402154,3.944002954864317,9319139.799371742,14.96821483685272,14.272175287416463,0.3437836918100621,-0.015490710050049874,20.95142991026173,0.4397990351647274,832297407.4155931,39.51694697565226,25749.41611507312,23209431.154966153,-5.961778657992726e-07,-2.9911060315460767e-08,-17.77597073518841,39.52779341977105,105.82866786489248,105.82946745810685,70.65909477897938,66352.99481528522,76671616.00151628,1.016029255264368,0.3833843040288618,1.4150698631641132,3.3363384416429835,0.37901851445628787,1.240097735281408,3.297293996821542,0.5218487817769581,5.418397758315458,-16.9125,0.402625,0.245125,0.97109375,0.834125,1.2045,1.2195
13.137925000000001,0.9317500000000001,12.4275,13.845,245.021875,0.09633167669958903,-20.665,14.44625,42.4075,-42.4075,1.5223414791300815e-07,21.20374820764757,36.72597334580368,21.203751880244806,36.72597122542867,-36.72597334580368,0.0,12780329.326117774,22372564.353317156,0.4047091165245701,0.4100900481704397,1.0851418842379559,1.386411619880693,1.5900570533363056,3.9251882575121226,9476109.965090778,14.489463295152994,12.34268913092098,0.32556780513639055,-0.01055980679044711,17.533065908515123,0.4397066718934725,735067694.0168626,38.2918591156353,25062.449765280853,22469593.42020429,-6.823085721721293e-07,-3.240741755512948e-08,-15.734538603780026,38.308584433064304,103.72001144446054,103.72088883358938,71.08294104177591,69075.23221161314,78454952.23581766,1.191368092504996,0.379729797987913,1.3652641520134954,3.3221210745616454,0.37467981656526467,1.1851468991640144,3.2850584651199854,0.5707582289742361,5.37784358644341,-6.3125,0.320875,0.6231249999999999,0.9651562499999999,0.417625,1.1185,1.3955
8.920425,0.91625,13.4375,11.235,242.02187500000002,0.0969434260984222,-18.525,19.661250000000003,48.457499999999996,-48.457499999999996,1.739523957435499e-07,24.2287479519444,41.96542718632982,24.228752148487004,41.96542476345481,-41.96542718632982,0.0,12252029.266591243,13646051.189715141,0.4060024789717897,0.4111510034732114,1.1002378895492506,1.4052903152648104,1.606992618730334,3.9306942952422217,9255644.272640087,17.532855255313937,6.963584699596153,0.4005715317693749,-0.010895110548296397,13.417888591809914,0.6731508554077545,697107223.5521603,24.74614333774791,16490.404746548887,13743059.545681177,-7.728228445582685e-07,-5.716896204413084e-08,-12.01958732321505,24.759141855627863,96.09492357777656,96.09665165087536,69.99913748702082,68229.48855450154,77918578.57603434,1.1463166692203848,0.3808214668945705,1.3804178751780423,3.326321358317815,0.3759912850075717,1.201757177531199,3.288647629417623,0.5632164179981313,5.389719511245828,-16.5875,0.583375,0.39437500000000003,0.90703125,0.573375,1.3085,1.0245
7.572925,0.83425,11.7425,9.844999999999999,244.028125,0.09653052124985559,-18.155,15.56625,57.182500000000005,-57.182500000000005,2.0527333992891798e-07,28.591247583182394,49.52149904725389,28.591252535332163,49.52149618812888,-49.52149904725389,0.0,10913825.108764285,10721007.857347962,0.40502323047377636,0.4103252709140274,1.0901110079638825,1.3926029227080043,1.5956335067114535,3.9269680547546417,8612717.322340863,21.954725967284066,6.362335296563947,0.4396250650456575,-0.02044250647612335,14.05068877517493,0.6524015905107439,649616470.8520423,23.718986817994043,13548.672402762082,10817981.355489189,-8.898778495720788e-07,-6.262516938950183e-08,-12.547945768500046,23.732957119300778,104.79342499039572,104.7999965083676,78.09461388978214,68795.07962519494,78278951.53902769,1.1763274415555653,0.3800995783817515,1.3702681808663955,3.3235047780413813,0.37512244258082084,1.1906094135391079,3.2862375086248843,0.5682647034449493,5.381894232887939,-13.1125,0.639625,0.230125,0.93921875,0.879625,1.0785,1.3725
10.171675,0.78725,13.307500000000001,13.355,237.42812500000002,0.09792938252933021,-20.345,16.70375,49.3825,-49.3825,1.772729542961534e-07,24.69124791284929,42.766500707402,24.69125218949924,42.766498238276995,-42.766500707402,0.0,12651781.941667672,17408553.96875385,0.4082088048482633,0.41301738453119136,1.1240756289579295,1.4350792344150851,1.6335188084163361,3.9397264563075685,9415300.294451352,18.61649653069267,6.462654059666441,0.34494849128166155,-0.011111134619783707,14.524250982595174,0.6664298397488218,645886109.1396859,24.85789036569684,20127.573747855757,17505552.24105066,-7.840311347593814e-07,-4.891969969900341e-08,-14.501694424212346,24.869337814794374,110.2729686196169,110.27417860099213,78.6595114463217,66934.44357954944,77066002.90373246,1.0603772908010862,0.38260300822174104,1.4041853078153836,3.3331547770293226,0.37809536068939015,1.2280003812146545,3.2945362906212554,0.5380939901943754,5.409679952259715,-17.9125,0.472375,0.320125,0.94359375,0.806125,0.7885,1.0855
9.777925,0.72125,11.4525,12.455,237.65312500000002,0.09787934193467535,-21.595,7.90125,60.7325,-60.7325,2.180171051848557e-07,30.36624743314169,52.59588931731468,30.366252692730477,52.59588628068967,-52.59588931731468,0.0,11508824.535482544,17702865.491358917,0.408027083017923,0.41285093078737234,1.122884004516058,1.4335828589286819,1.6321889664756462,3.939250300323851,8835814.672337182,25.42216953840053,5.445817489908227,0.35211407895929026,-0.023343935840667414,17.06037375184312,0.5365931023887811,569211877.531015,24.115432906021425,20293.15102217938,17799817.019461237,-8.961648389865982e-07,-4.4339139698942464e-08,-17.46806810932988,24.126305419854152,140.6832282535639,140.68976967805855,100.15184858573672,66997.87435383281,77108758.54616326,1.0652778309186666,0.38251758542505787,1.403003866316912,3.332811827570432,0.3779943640775492,1.2266923970443218,3.294240249801158,0.5399505346639821,5.408727763304274,-14.6875,0.617125,0.146875,0.76703125,0.8743749999999999,1.3955,1.4985
12.455425,1.00725,13.7875,9.495000000000001,243.82187499999998,0.09657238975456274,-21.645,8.42625,45.0575,-45.0575,1.6174709944208843e-07,22.528748095645355,39.020940730496946,22.52875199773932,39.02093847762194,-39.020940730496946,0.0,12111935.416998276,22543725.75648026,0.4052577393042986,0.4105458480672372,1.0911487384876022,1.3939192696854377,1.5968160726363327,3.9273722064705394,9241417.862394055,16.385888564473355,6.757656432374065,0.30810441475692796,-0.010393304930081433,17.410423011254938,0.5979532243771966,614194613.0250719,26.348480178396887,25177.61385257551,22640735.636591032,-6.264981555094221e-07,-3.269016160924804e-08,-17.577884534258708,26.361613415348906,111.31851927983841,111.31940423533801,74.15369984900109,68736.9347487685,78242224.04535069,1.173219484060925,0.38017379856941913,1.3713071705483226,3.323791403353738,0.3752118545342883,1.1917473473715383,3.286482163029165,0.5677434162112104,5.382697693176586,-0.8374999999999986,0.24887499999999999,0.5451250000000001,0.99453125,1.2401250000000001,0.7334999999999999,1.0235
12.437925,0.72725,11.1275,11.035,246.93437500000002,0.09595514950870852,-20.285,7.46375,48.5575,-48.5575,1.7431137504653405e-07,24.278747947717903,42.05202972914843,24.27875215292076,42.05202730127343,-42.05202972914843,0.0,11815740.866729023,22962660.940987736,0.40380561422098254,0.40933613121381945,1.0756911256938286,1.3745842675537712,1.579383818827407,3.921783164270636,9027276.439185612,16.94413369271006,11.464875927657479,0.39402007336681627,-0.017131852904694978,21.00840422137108,0.47067396772720516,751729820.2057576,37.252520097469166,25557.716862865404,23059658.104923096,-6.391218790789107e-07,-2.743006745156919e-08,-16.75771802298544,37.27079020087118,119.75295475607288,119.75380936507916,77.43198164705622,69614.3937930218,78789099.23498842,1.2170676285547035,0.37903834563966704,1.35573624180335,3.319524052350579,0.37384558499387277,1.174763880726413,3.2828508111500487,0.5732359072046596,5.370369898502911,-19.1625,0.469375,0.626125,0.77421875,0.12187500000000001,1.1155,0.8385
13.120425000000001,0.85975,11.182500000000001,10.675,243.840625,0.09656857884874477,-23.675,13.221250000000001,44.2325,-44.2325,1.587855201924691e-07,22.116248130513974,38.30646975224339,22.11625196116084,38.30646754061838,-38.30646975224339,0.0,12873961.474726465,24444863.234286096,0.40529472682376155,0.4105849731927601,1.091055764037982,1.393809245461882,1.59671767032764,3.9273497293895394,9455266.125146251,14.812688424571153,17.716882149639446,0.3692599138845046,-0.02019031462120487,21.485704096666698,0.48710260111487985,968763295.861992,47.02185040176769,27035.556605281043,24541874.321387902,-6.100602550835224e-07,-2.8308860617695644e-08,-18.804949480388824,47.03660127873078,113.79655010401933,113.79756051835754,73.72198543690766,68742.22064662546,78245565.32573597,1.1735018551511955,0.38016705609627477,1.3712126865810719,3.3237653252090626,0.3752037316735492,1.1916438322498026,3.286459897754557,0.5677908056797143,5.382624711924636,-4.3125,0.185875,0.40712499999999996,0.83296875,0.9408749999999999,1.2465,0.8955
8.797925,1.09275,10.7525,9.195,242.228125,0.09690028711720253,-17.915,7.28875,47.0075,-47.0075,1.6874719585027956e-07,23.503748013228634,40.70969031545992,23.50375208419755,40.70968796508491,-40.70969031545992,0.0,9234917.29504633,9883638.250095135,0.40609867132673383,0.41126612108842614,1.0991943386078933,1.4040115678446297,1.6058530143034768,3.9303616936203216,7885382.834875302,15.521731636178353,16.140714968862444,0.31697253585106144,-0.021466824686682193,15.032183659394436,0.3886804233769524,878718266.8490725,39.81034342870017,12824.057726025067,9980648.141696846,-6.53683663460824e-07,-4.2362746154002765e-08,-14.05006209468847,39.803826318382576,81.35480877487585,81.35680123223588,54.92445818034642,68287.63343092798,77956033.95593445,1.1493801049539818,0.38074725470670545,1.3793699947577618,3.326028842137022,0.3759020494752345,1.2006029860992535,3.288396701621727,0.5637378960439057,5.388913916516021,-0.7124999999999986,0.587125,0.472375,0.85765625,0.7903749999999999,1.1915,1.2355
7.494175,0.7907500000000001,14.2975,8.425,249.934375,0.09538244309186301,-23.985,15.53125,47.5075,-47.5075,1.7054209236520038e-07,23.75374799209614,41.14270302955299,23.753752106366328,41.142700654177986,-41.14270302955299,0.0,12017915.213630805,14877759.64170902,0.4023053605876301,0.4080743822900936,1.0611599467464545,1.356364578006771,1.5628765709226797,3.916621086938554,9218576.416678801,17.508858016153766,6.0685222847391636,0.46837243351524427,-0.011243473267039148,13.072336816366265,0.9026095779948321,705680964.2786484,23.063234801967447,17672.72508303808,14974756.22989214,-8.307255179644321e-07,-6.221077648595493e-08,-17.24828810445859,23.07841042254256,103.03388820477738,103.03595351919985,80.56099097479992,70460.13745013338,79301905.82528397,1.2475224015994544,0.3779746642062276,1.3410306533192065,3.3155893817029427,0.37255254958869755,1.158800993957676,3.279518952035367,0.5702337362059283,5.359009461755756,-4.537499999999998,0.314125,0.6403749999999999,0.83390625,0.345875,0.7254999999999999,1.0745
6.741675,0.9207500000000001,13.5975,13.565000000000001,239.28437499999998,0.09752289144349176,-18.015,19.43375,50.957499999999996,-50.957499999999996,1.8292687831815393e-07,25.478747846281934,44.13049075679516,25.478752259330886,44.130488208920156,-44.13049075679516,0.0,11925507.806228386,11588884.968714299,0.40730336080767066,0.4122476858609224,1.1143126122287415,1.4229113106351186,1.6226849475196796,3.9360142905396542,9154933.436477147,18.90401910602715,6.7287314233370505,0.6208607615406913,-0.01088452604904516,11.481063862679452,0.9860096705971814,749697472.8114562,22.054708769400545,14454.221764783288,11685883.826237526,-8.711580399073061e-07,-6.920293559580711e-08,-10.9979438677312,22.066074063569,95.70574763823132,95.71200062573145,71.76614472654003,67457.74746738722,77415049.79384623,1.1011651081278437,0.3818983411280132,1.3944760307395416,3.330352081089802,0.3772615579415534,1.2172784494501325,3.292122417882352,0.552874225911115,5.401833835329016,-2.3374999999999986,0.580375,0.48512500000000003,0.87328125,0.300375,1.2345000000000002,1.3755
7.047925,0.85175,12.5725,11.105,246.16562499999998,0.09610525041332456,-16.425,15.02375,47.5575,-47.5575,1.7072158201669246e-07,23.77874798998289,41.186004300962296,23.778752108583205,41.18600192308729,-41.186004300962296,0.0,10255029.091958478,8904474.120197242,0.40415610607874985,0.40962634485105104,1.0794664922622126,1.3793187857574907,1.5836549200102565,3.923152301792133,8416163.557634298,16.622710179297943,8.4895747458377,0.3931803481435393,-0.011700782693986956,11.757400093827663,0.6541975862303226,729912979.2953609,26.91086942370075,11888.67832486902,9001489.454448422,-8.006052143517932e-07,-6.092560811924929e-08,-10.7425115122797,26.92415096212968,79.16007934147817,79.1630165421324,58.13796512533084,69397.67198088695,78655430.27431378,1.208843324672802,0.3793180250381858,1.359547297715923,3.3205608513998963,0.37418296355809955,1.1789188169949483,3.2837327609578426,0.573731375640974,5.373396705777995,-19.3875,0.30212500000000003,0.41837500000000005,0.93203125,0.543625,1.3485,0.8394999999999999
11.851675,1.01625,11.1175,12.295,240.74687500000002,0.09721163550315239,-16.095,11.64625,47.2325,-47.2325,1.6955489928199393e-07,23.61624800371901,40.904546036801804,23.616252094173504,40.9045436751768,-40.904546036801804,0.0,11192301.894863965,17425565.52271491,0.4067140874960136,0.4117676022607987,1.1067533796054387,1.4134700265447069,1.614286301010545,3.9331475999587324,8736255.20324506,15.534467090762025,14.171056140717967,0.45206063953874726,-0.015211702886661656,18.066253427504456,0.5202429370032389,853393483.9523383,39.148140851717805,20195.46929103164,17522581.40392337,-6.755358195017462e-07,-3.222904520918946e-08,-12.291888430166663,39.160382198817295,99.9343013262038,99.93539283563321,65.70732651982007,67870.04750022914,77685665.72016425,1.1274911734434094,0.3812926293703367,1.3869303121102057,3.328157149483413,0.3765543001788437,1.2089394679445753,3.290225530347118,0.5600086362053432,5.39489109363341,-1.3125,0.695125,0.218125,0.88890625,1.170125,0.8314999999999999,0.9855
11.536675,1.0322500000000001,14.3775,7.915,235.51562500000003,0.09834770816572667,-17.545,19.11875,48.6575,-48.6575,1.7467035434951822e-07,24.328747943491404,42.13863227196705,24.328752157354515,42.13862983909204,-42.13863227196705,0.0,13213301.522122823,19723780.262782007,0.4091567873594174,0.4138272188352977,1.1342634693009594,1.4477937469084823,1.644769389553321,3.9436620619106066,9689918.444503058,17.926419552244823,6.289061788033848,0.4954289694507158,-0.010552709196374875,16.33573331802141,0.8033488106407451,672866271.6796293,22.76609227566893,22413.136730596296,19820789.934148237,-6.632755977282137e-07,-4.4248755929830404e-08,-12.142569219214769,22.77600061935129,109.71623278516434,109.71722123527074,75.11293065186375,66395.28199814078,76700612.44393802,1.019219609248679,0.38332754057511687,1.4142748317093095,3.3361043837126516,0.378951491934256,1.2392113294648912,3.2970906782703797,0.5230220053723255,5.417763797256047,-15.337499999999999,0.189625,0.184375,0.88609375,0.695875,0.7755,0.9445
9.629175,0.9377500000000001,13.1375,12.485,237.446875,0.0979252170838386,-20.105,15.09375,51.3325,-51.3325,1.8427305070434455e-07,25.666247830432567,44.45525029236497,25.666252275957472,44.455247725739966,-44.45525029236497,0.0,12221335.56254256,16328961.581572445,0.4081835696246074,0.41299328083934406,1.1239760192604926,1.434952805694609,1.633406399636798,3.939684377525496,9221238.03853356,19.629888329408132,6.187149929451078,0.3948875143917427,-0.012690707574863668,14.512850945064049,0.7035752679406606,642894916.0721856,23.8444230568282,19053.021648777554,16425951.678512087,-8.096020301591836e-07,-5.0409795509246455e-08,-14.58572914244425,23.855637751516895,111.9765460370805,111.9826222541034,80.79864858979738,66939.72947740638,77069559.8655104,1.0607851153064627,0.38259589431410956,1.4040868159811852,3.333126169506283,0.3780869492116459,1.227891287366391,3.2945115860089573,0.5382418656227526,5.409600654213437,-18.3375,0.47087500000000004,0.340375,0.8323437499999999,1.4081249999999998,1.1055,1.1605
11.947925000000001,0.78775,12.3225,11.715,239.209375,0.09753906829264573,-19.625,14.98875,50.5575,-50.5575,1.8149096110621728e-07,25.278747863187927,43.78408058552071,25.278752241595868,43.7840780576457,-43.78408058552071,0.0,12851772.538789952,21456827.657856014,0.4074157333412231,0.4123554967404231,1.1147062561958108,1.4234108228254219,1.6231314472234317,3.9361749620640625,9459835.394671649,18.798894409731265,7.444202191270202,0.33022256306820713,-0.013960441790735006,18.297488387908857,0.541365057862816,634927640.1277051,27.948115518286446,24069.513798536413,21553821.96988959,-6.636912053339045e-07,-3.577836724008382e-08,-14.828646530634595,27.960917889826202,121.20291556492111,121.20889657225833,79.29479317426853,67436.60387595942,77401083.02201024,1.0995012713872696,0.38192683935908683,1.394866711334591,3.330464188887456,0.37729530030574054,1.2177086270607564,3.2922187275350416,0.5522784518599896,5.402150864118642,-4.012499999999999,0.5443749999999999,0.257125,0.81265625,0.25487499999999996,1.0015,0.7735
12.079175,0.77025,10.9675,10.615,238.384375,0.09771836986969737,-21.634999999999998,19.53875,42.8825,-42.8825,1.5393929960218292e-07,21.441248187571706,37.137335424192095,21.441251901305144,37.13733328006709,-37.137335424192095,0.0,12833120.103752071,20058407.72070566,0.4079832457243687,0.4128649214865201,1.119036407760749,1.4288293252063244,1.627964642795878,3.937858814817231,9415466.77001001,10.630187282058877,32.200479922353516,0.4325277195815,-0.04175626157412877,19.912320585152003,0.5745605398865827,1451347521.5108929,61.521720695749245,22788.690807123225,20155434.53327491,-5.837269546332702e-07,-3.2182543548437324e-08,-15.803943451212394,61.33493534309818,101.72822471081724,101.73194817914471,64.52305298759815,67204.02437025376,77246702.43352084,1.0812868126471733,0.38224010815711473,1.3991731565402268,3.3317035882654777,0.3776661124763938,1.2224574646938788,3.293284838477384,0.545734829502604,5.405637147426006,-0.03749999999999787,0.6816249999999999,0.174625,0.96328125,0.169125,1.3405,1.2534999999999998
9.305425,0.90375,10.8675,13.285,248.47187499999998,0.09565752308902037,-23.035,16.03875,42.2825,-42.2825,1.5178542378427795e-07,21.141248212930694,36.61772016728041,21.14125187470261,36.61771805315541,-36.61772016728041,0.0,11210705.4734297,12851723.151819594,0.4032409801471542,0.40889711411904855,1.0682134252048248,1.3652330142084395,1.5709325581003328,3.9191728713105327,8729347.5428065,12.57584293218348,28.379376947599688,0.2635518592312783,-0.036106101173494,14.44383984504378,0.4034616366424867,1280572873.2957923,58.09523934812783,15765.858702685715,12948747.277628526,-6.79555347338342e-07,-4.369741136026079e-08,-16.514462990108807,58.477188003038194,84.20933974293787,84.21245039812499,55.570787975993866,70047.83741729148,79054480.6683869,1.2326160484569177,0.3784935034013698,1.3481738422975869,3.3174916009075095,0.3731836981738689,1.166535914418148,3.281126429988641,0.571676385354525,5.364545144142027,-5.8375,0.33287500000000003,0.10562500000000001,0.80921875,0.594375,1.1825,1.3745
12.936675000000001,0.74725,13.1175,10.655000000000001,240.18437500000002,0.09733176294375487,-21.315,10.29875,60.5325,-60.5325,2.1729914657888735e-07,30.266247441594686,52.422684231677444,30.266252683862966,52.42268120505244,-52.422684231677444,0.0,13911600.84877669,29513340.89520797,0.4067455522263118,0.41175289211978455,1.109636641462097,1.41705324460859,1.6174653250265594,3.9341636290078066,9912927.425308762,25.19680269068321,4.595501605015841,0.4760349114457509,-0.02010876065352806,20.764258948865272,0.7569710515236096,604191337.0181663,22.044568008978093,31825.555899708394,29610294.632333502,-7.928373566584832e-07,-3.571322697310445e-08,-17.287106933245287,22.053377457800273,174.00265080751356,174.00980882839207,119.34427066643593,67711.47056452071,77582307.45676205,1.1192475955911663,0.3814950204713825,1.3898102551444058,3.3289700752717,0.3767972461225086,1.212128566192059,3.2909262141809275,0.5585844380457665,5.397093920858557,-16.4375,0.140125,0.12587500000000001,0.8473437500000001,0.368625,1.4425,0.8254999999999999
8.526675000000001,0.74475,11.3525,8.745000000000001,238.046875,0.09779243010583599,-18.625,12.80125,51.432500000000005,-51.432500000000005,1.8463203000732873e-07,25.716247826206068,44.54185283518359,25.71625228039123,44.54185026355858,-44.54185283518359,0.0,10335427.34546438,11003531.755231703,0.40796952392538904,0.4128241897668618,1.1208087752232176,1.4310160598796375,1.6299091864731299,3.938497840578522,8349338.877367614,18.709702678445456,9.100078802742955,0.3185208579038582,-0.018583313192237366,15.08152330109842,0.45603425442199563,673115858.385717,29.39338366980679,13863.684565640348,11100523.878642358,-7.684222577325596e-07,-5.06617603934664e-08,-13.702530810081415,29.404208144225315,92.18618817022876,92.19219201885848,65.13439945765877,67108.87820882871,77183160.94618489,1.0738822028859503,0.38236820171188346,1.4009395707963022,3.332213946539728,0.3778176670296306,1.224409026250732,3.293724569529614,0.5430632420216536,5.407063602679695,-1.1625000000000014,0.6613749999999999,0.18512500000000004,0.89234375,1.385375,1.4045,0.7575
12.744175,1.0702500000000001,11.0625,9.015,246.578125,0.09602528075218579,-16.685,11.751249999999999,44.9825,-44.9825,1.614778649648503e-07,22.491248098815234,38.95598882338299,22.491251994414007,38.955986574257985,-38.95598882338299,0.0,11516260.919726074,20358805.23250299,0.4041284835244937,0.40963319800371306,1.077437127767455,1.3767985980055493,1.5813782406990102,3.922444994213418,8888268.63675085,13.303394751322008,19.435122314737324,0.5049013814459217,-0.02171249711852135,21.18372183338909,0.6689699650539475,1097854607.957834,47.091069690472395,23089.946240953126,20455830.412140243,-5.626095801778809e-07,-2.6756934367504506e-08,-13.007639534254343,47.094920594816784,101.49308400083149,101.49451206904737,62.910109281774965,69513.96173373978,78727123.42058724,1.2134975210414634,0.379161674055191,1.3574933290990687,3.319997056078481,0.37399603297627954,1.1766832671098353,3.283253182828563,0.5736419599446424,5.371677405784782,-9.2875,0.5331250000000001,0.5796250000000001,0.90859375,1.023125,0.9724999999999999,1.3045
11.720425,0.81425,13.7575,10.225,236.040625,0.09823223489475172,-22.325,20.606250000000003,48.8575,-48.8575,1.7538831295548654e-07,24.42874793503841,42.311837357604276,24.428752166222026,42.311834914729275,-42.311837357604276,0.0,14269004.654325508,22792460.609319307,0.40886776436995537,0.41357553583172624,1.1314532640894437,1.4442805976393185,1.6416674559633428,3.942562046268478,10096580.753243186,18.436362935723412,6.207693544283929,0.33293762555637946,-0.011660742220694569,17.241133364593836,0.6451556565830736,616590182.5162528,25.13453120448908,25376.236181942564,22889458.18804696,-6.848968520630341e-07,-4.421542640875537e-08,-15.937930449323332,25.145363073839825,122.07344755538962,122.07428138439212,84.4109512950758,66543.28713813532,76801757.01380895,1.0304287155023553,0.38312880212810596,1.4114965042933008,3.3352883298124234,0.3787167747688164,1.236117116458862,3.296382511888786,0.5271343311222213,5.415544987056393,-15.9125,0.392875,0.17162500000000003,0.93609375,0.8498749999999999,1.1025,0.7184999999999999
6.925425,0.97275,13.8775,10.975,242.50937500000003,0.09684181980226844,-17.165,20.11625,60.1575,-60.1575,2.1595297419269675e-07,30.078747457444056,52.09792469610765,30.078752667236383,52.09792168823264,-52.09792469610765,0.0,12329273.071344797,12027262.088700542,0.4056607482160408,0.41084469207696406,1.097762453863531,1.4021719291310661,1.6042064872509942,3.929749795824253,9307688.589468908,23.79767017891019,9.316688774227984,1.1571798340599015,-0.016342923938780222,12.328781787450827,1.7406636352980775,1142682844.162114,18.02110352073151,14806.709884516833,12124230.148431093,-9.830706325114319e-07,-7.934580704723824e-08,-10.440488361792552,18.031705507609125,116.42435362783479,116.43117491112716,91.28036225144693,68366.9218987822,78006873.05246015,1.1535614573799229,0.3806460917038864,1.3779428806377323,3.3256311225553454,0.3757803661863127,1.1990321834054358,3.2880557415303775,0.5644262018172591,5.387816395952591,-17.7875,0.301375,0.647125,0.89796875,1.329375,0.7084999999999999,1.3295
8.990425,0.84125,13.342500000000001,6.175,246.540625,0.09603266507739806,-20.845,16.283749999999998,61.432500000000005,-61.432500000000005,2.2052996030574484e-07,30.716247403556203,53.202107117044974,30.716252723766765,53.202104045419965,-53.202107117044974,0.0,12673485.59589463,17171886.70188571,0.4037855702430825,0.4092813881092295,1.0776131441587662,1.3769680803397035,1.581528496239505,3.922419218501742,9403728.34858872,24.928350990937528,5.254776604117511,0.6890305239944378,-0.022284101465453378,16.465186897275014,1.04401530930901,702348690.6946375,19.6288215141054,19796.85787409008,17268841.382810406,-8.829197311586567e-07,-5.888606116648456e-08,-15.317854927285614,19.640034524801127,139.80442915186848,139.81120124597732,106.0413261161638,69503.3899380259,78720602.41280077,1.213121141921805,0.37917466251602727,1.3576784534177484,3.320046958770614,0.3740118716085455,1.1768856023613326,3.283295654552301,0.5736805494337837,5.37181523226997,-1.9875000000000007,0.499375,0.30212500000000003,0.90921875,1.317125,1.4835,0.8115
8.325425,0.9227500000000001,13.6975,7.705,247.571875,0.09582898037167335,-22.595,10.561250000000001,49.0075,-49.0075,1.759267819099628e-07,24.50374792869866,42.4417411718322,24.50375217287266,42.44173872145719,-42.4417411718322,0.0,11312940.609395776,15156646.695442718,0.4034163149194938,0.4089962982933565,1.0725807560132659,1.3706686626213482,1.5758524211381117,3.92065677162415,8900564.143966313,18.296431607402493,6.06872059649788,0.431070734069679,-0.013154571235012284,14.331663121906047,0.8356875906559741,680441482.3897054,23.24261872048868,17927.288215112887,15253637.849819755,-7.738619552355164e-07,-5.123452867996741e-08,-17.47694657203494,23.256909924833728,105.76475736481672,105.7665587164319,79.24225952008933,69794.11432015803,78900810.44654079,1.2234898650053319,0.37881750749614773,1.3525989344470406,3.318682085914563,0.3735760810198305,1.1713425136609754,3.282135599350044,0.5725781051655666,5.3680293406561175,-9.737499999999999,0.549625,0.396625,0.75890625,0.384375,0.8365,1.3665
11.352925,0.9697500000000001,11.9525,11.325,248.096875,0.09572915579413156,-17.805,14.11375,43.0075,-43.0075,1.5438802373091312e-07,21.503748182288582,37.245588602715365,21.503751906847338,37.24558645234036,-37.245588602715365,0.0,11430434.810833,16175595.373765562,0.4035124631175608,0.4091398818960967,1.0700313844152574,1.367524744772547,1.573006286610915,3.9198315200582035,8884252.11196323,13.878053030484406,14.854396366330331,0.33019185706742366,-0.013756183645806764,16.573601628268516,0.4129096101394247,849246575.9761382,39.62901878268423,19032.813446645236,16272628.956787217,-5.684703917008658e-07,-3.336547207332065e-08,-13.184635828791157,39.633385092573484,89.51464538920273,89.51584075558634,56.686743084819135,69942.11946015255,78990613.49226329,1.2288180894959662,0.37862342176268426,1.3500104301982285,3.317981273320544,0.3733424196422166,1.1685321899945746,3.2815412104170245,0.5720529188555974,5.365919738551775,-14.9875,0.689875,0.5728749999999999,0.95359375,1.388875,0.9595,1.1045
13.330425000000002,0.73825,10.7275,7.945,241.27187500000002,0.09710014755196096,-18.555,8.47875,49.8575,-49.8575,1.7897810598532816e-07,24.928747892773423,43.17786278579042,24.92875221055958,43.17786029291541,-43.17786278579042,0.0,11789967.719386261,24273099.714904703,0.4064320855196843,0.4115247871927602,1.1040669612322223,1.4100947742666707,1.6112834254472783,3.932133136843657,8969461.67865042,17.033445064520688,13.53054388093225,0.5161810985355124,-0.021692001320881386,24.1467055440165,0.6454136571872979,893190281.4616954,39.92185998764137,26826.21854052896,24370096.222743124,-6.150522113693096e-07,-2.5644763528548658e-08,-15.249260001726118,39.93848727323718,124.46343055562248,124.46953205876957,79.17389766863265,68018.05264022364,77781868.98267068,1.1352190556865454,0.381103721928564,1.3842491955033622,3.3274030973809867,0.3763274124188297,1.2059757142527001,3.289576610281029,0.5613320803316079,5.392836896650546,-1.5874999999999986,0.560125,0.29912500000000003,0.89265625,1.2261250000000001,1.0795,0.7444999999999999
8.561675000000001,0.79975,11.1325,11.504999999999999,243.990625,0.09653812522500964,-16.795,18.45375,43.9075,-43.9075,1.5761883745777056e-07,21.953748144250092,38.02501148808289,21.953751946751137,38.025009292707885,-38.02501148808289,0.0,10512445.215319866,9257494.565659892,0.4053342943941445,0.41063851430876236,1.0903057157085339,1.3928901328983754,1.5958940621335205,3.927121509333515,8442434.869181974,11.723317597867297,22.21041208285455,0.33436749985502395,-0.023222315001401705,13.353551057538976,0.4653252203581626,1123499888.747674,47.97531945385477,12278.837412376786,9354528.664624386,-6.990921954216739e-07,-5.1887625875036674e-08,-10.527220351538888,47.704795990329764,73.02427096093808,73.02640392882765,50.38927976411492,68784.50782948104,78272278.18853204,1.1757619224263631,0.380113073688559,1.3704570229426294,3.3235568450524644,0.37513870237540287,1.190816206029077,3.2862819450422727,0.5681699236474272,5.382040305015399,-8.287499999999998,0.5998749999999999,0.680125,0.75859375,0.564625,1.3225,1.0725
11.414175,1.10175,14.4875,12.605,236.415625,0.09815106165034468,-23.485,19.223750000000003,59.3825,-59.3825,2.131708845945695e-07,29.691247490199423,51.42675498926339,29.69125263287478,51.42675202013838,-51.42675498926339,0.0,15356297.039899468,26221793.127579227,0.408570663677057,0.41330385977957895,1.1294499969640697,1.4417639229206782,1.6394408631278532,3.941756319316713,10546847.122293351,24.905490964096018,5.228968648070744,0.6143540262940346,-0.015522981855357942,16.773065773709526,0.9540927402346957,649315587.0598279,19.99147780727635,28615.337547051127,26318749.61417032,-9.153969629856616e-07,-5.4237525727708726e-08,-17.116030039352847,19.99938219598247,164.63321466156196,164.6403190485272,123.10108862137952,66649.00509527427,76873657.42307544,1.0384758388716342,0.3829867799030312,1.4095160380290543,3.3347084087061423,0.3785489845026495,1.233914724917707,3.295879930275087,0.5300762308686314,5.4139601190253535,-15.237499999999999,0.12287500000000001,0.644875,0.81796875,1.205125,0.8115,1.1555
8.176675,0.93925,12.8725,13.975,241.778125,0.09699332296498417,-23.945,8.70625,52.332499999999996,-52.332499999999996,1.8786284373418614e-07,26.166247788167578,45.32127572055111,26.166252320295023,45.321273103926096,-45.32127572055111,0.0,11451924.060752854,16465073.683084581,0.40605038901764257,0.41117961132676245,1.1014831185436789,1.406835985157579,1.6083786573080017,3.931142837123077,8920015.763652029,20.71877488719327,5.720758476667253,0.41103311263663705,-0.013979333366522155,13.778895657043895,0.771492532940328,639306544.6367922,23.32769960219029,19150.919850338196,16562047.782895418,-8.707371238810506e-07,-4.95528840297421e-08,-18.891894991016212,23.339886525737363,119.86994157169374,119.87644793047234,88.66608677103633,68160.77188236124,77874308.43413761,1.1427020640857046,0.3809215532005001,1.381669949715754,3.3266801931284897,0.37610850284570513,1.2031293523687496,3.2889554298787234,0.5626117443515072,5.390857512251829,-7.8125,0.576625,0.45662499999999995,0.8395312500000001,0.5786250000000001,1.0235,1.4555
8.080425,0.73325,10.7625,7.645,245.228125,0.09629056785273034,-23.705,18.926250000000003,47.9075,-47.9075,1.71978009577137e-07,23.953747975190144,41.48911320082745,23.95375212410135,41.48911080545244,-41.48911320082745,0.0,11214983.694171969,11220734.015181376,0.4045821897792003,0.40997895234181053,1.084115014444503,1.3851250851083883,1.5888977257243084,3.924818625074677,8700912.547074996,16.175332789451915,15.853655608619775,0.26237607536754876,-0.0248063326323457,15.901036879253937,0.3841618071862426,872657560.9199884,42.006928365895924,14100.133074116009,11317731.34000029,-7.100754315368722e-07,-5.4903710407004936e-08,-16.56431802030727,42.01651986551666,89.8765950193924,89.8785280278194,64.08063170867614,69133.37708803958,78491254.24621622,1.1945058374908752,0.37965557261343647,1.3642310479647854,3.321838287464824,0.37459028920717374,1.1840196623606971,3.2848178676159194,0.5712783557200165,5.3770416259431,-5.787499999999998,0.149125,0.292375,0.93265625,0.554125,1.0415,1.0755
11.860425,0.73125,12.1225,10.295,246.784375,0.09598453215790435,-19.725,10.70125,57.307500000000005,-57.307500000000005,2.0572206405764818e-07,28.65374757789927,49.62975222577715,28.653752540874358,49.629749360402144,-49.62975222577715,0.0,12602195.148913361,22939445.329455927,0.4037448652047105,0.40926127806058804,1.0764216622705889,1.3754824529379566,1.580191959758201,3.9220112157267444,9340528.56568932,22.302235291810085,5.513658469841072,0.38310946224727466,-0.019977515382369006,19.85556892199103,0.6084913624157797,574261500.259659,24.773008280029938,25457.14013093947,23036412.689522788,-7.393959854278224e-07,-3.519067075991174e-08,-15.756358220248508,24.786786830302734,144.09176785268454,144.09824242993136,96.60413272129837,69572.10661016621,78763108.26585932,1.2155592808028155,0.3790903087484783,1.3564757742325653,3.3197230235526614,0.3739089707221119,1.1755713872843923,3.2830200122072677,0.5733894911530174,5.370921031912846,-17.0375,0.5353749999999999,0.356125,0.93515625,1.2628750000000002,1.1644999999999999,1.2454999999999998
8.360425,0.83325,12.9725,7.275,243.953125,0.09654573299690086,-22.995,20.466250000000002,60.9075,-60.9075,2.1864531896507797e-07,30.453747425745316,52.74744376724725,30.45375270048955,52.74744072187224,-52.74744376724725,0.0,13233266.57054506,16399362.158470355,0.40498981583731936,0.41028481415925566,1.0904857944572903,1.3930604408375984,1.5960435702506042,3.927080729025801,9610199.601802591,24.906411340752182,7.027952152342289,0.65814264411516,-0.022816192070242745,16.039712908990285,1.014825594896845,700532874.1526228,20.71306321379774,19036.33617546793,16496315.683425438,-9.028291639338596e-07,-6.658390696388997e-08,-16.070188106018648,20.724365067477418,137.80864387138988,137.81550194319271,106.24977389661724,68773.93603376717,78265602.88405828,1.1751966676337697,0.3801265688214997,1.3706458812371225,3.323608930093774,0.37515495942041643,1.1910229942419255,3.2863263931475375,0.5680751438755807,5.382186388981205,-9.3875,0.42662500000000003,0.146125,0.80890625,0.767625,0.9944999999999999,1.1475
6.802925,1.01475,10.8075,10.865,240.10937500000003,0.09734792046273776,-18.805,18.69875,48.0825,-48.0825,1.726062233573593e-07,24.041247967793776,41.64066765076002,24.041252131860425,41.64066524663502,-41.64066765076002,0.0,10411378.75204852,7999849.157138648,0.4069717427806721,0.41197676656169524,1.1100267381372806,1.4175742009370227,1.617930417155111,3.93437763405367,8373122.336963262,15.77423213679616,15.590237177073183,0.3112552117844792,-0.019369285378152096,12.686109705572319,0.40545620754899964,887186264.4636756,38.912355048999764,10980.283054942813,8096857.961813213,-8.034829565212505e-07,-6.594262984338012e-08,-11.577833177527639,38.91057965154145,76.88979259509857,76.89252391065155,55.58025053135885,67690.32697309292,77568434.50035277,1.118151332848192,0.3815220132071912,1.3901948043530052,3.32907886222603,0.3768296346218981,1.2125548266380528,3.2910200675974943,0.5583948629234378,5.39738787869692,-1.4124999999999979,0.425125,0.26087499999999997,0.76890625,1.448375,1.3755,1.4335
6.689175,1.05925,13.3375,10.835,241.609375,0.09702880401882906,-20.165,16.581249999999997,60.8575,-60.8575,2.184658293135859e-07,30.428747427858568,52.70414249583794,30.42875269827267,52.704139452962934,-52.70414249583794,0.0,11979017.904072328,12718286.748082113,0.4060764864401594,0.41119200237379955,1.1023413918375207,1.4079040998028325,1.6093303102456098,3.9314472152533666,9129855.340457832,24.860629675117554,6.616336515168734,0.8977120125520666,-0.018988593145343065,12.846096664425511,1.3521994149837284,868886540.1796736,18.900161479320413,15453.11905266167,12815244.682125183,-1.0110599789216767e-06,-7.551793547689657e-08,-13.764794131607553,18.910745452473655,124.19407296168347,124.20109383619949,98.26830662530678,68113.19880164872,77843573.61654152,1.140204306549872,0.38098227472816304,1.3825289847049171,3.32692069090425,0.3761814845869279,1.204076867147767,3.2891619912176324,0.5621851887324018,5.391517121573043,-11.3125,0.155125,0.648625,0.98359375,0.587375,1.2315,0.9405
10.259175,0.81475,13.9375,6.745,235.065625,0.0984481892126693,-19.775,8.93375,51.582499999999996,-51.582499999999996,1.8517049896180492e-07,25.791247819866317,44.6717566494115,25.791252287041857,44.6717540702865,-44.6717566494115,0.0,11489174.329850955,18153965.973798487,0.409324020751166,0.4139613885891592,1.1366784040754134,1.4508021482532902,1.6474201747709236,3.944589687312778,8960694.550738525,20.04120077255362,6.262807803908075,0.6260140730069068,-0.013928613934130606,16.14864809601944,1.0251514400561086,679761198.1649706,21.490837027049512,20821.422550337968,18250952.82821922,-7.354915279263327e-07,-4.18570197015647e-08,-15.791084296549286,21.500208270110324,116.69387565259485,116.70000657283195,83.22868699868026,66268.42044957409,76613470.81214261,1.009664904897547,0.38349780215970725,1.4166614898323315,3.3368077441172814,0.37915250498053743,1.2418736901237049,3.2977019568618355,0.5195050343615827,5.419665667942548,-2.9875000000000007,0.440125,0.5826250000000001,0.85828125,0.37387499999999996,1.2165,0.9964999999999999
9.016675,0.78675,12.9575,9.425,239.265625,0.09752693367956813,-23.325,19.39875,49.2075,-49.2075,1.7664474051593112e-07,24.603747920245663,42.61494625746943,24.603752181740173,42.61494379709442,-42.61494625746943,0.0,12603613.97516428,15379368.079902593,0.40731704098692434,0.41225998154623195,1.1144108377215916,1.4230332418795324,1.6227937383738547,3.9360485589963448,9354125.031746078,18.442455277356125,6.869747696007366,0.30544025257108165,-0.013775056059068655,14.8179712137264,0.5941539421080887,626358856.5426121,26.288698542100065,18137.015642630777,15476361.105138352,-7.885628287943467e-07,-5.696577394120901e-08,-16.262264779005402,26.30119824384369,105.86970067058797,105.87128073384908,78.54028578881133,67452.46156953028,77411559.2075636,1.100749036833468,0.3819054687565145,1.394573712699931,3.3303801070396246,0.37726999618092544,1.2173859693036615,3.2921464874347173,0.5527252685616462,5.4019131292298335,-13.0625,0.173875,0.31937499999999996,0.83015625,1.145625,1.4075,0.7805
10.530425000000001,0.9772500000000001,13.4075,6.955,235.871875,0.09826916829166245,-20.855,15.40875,46.8825,-46.8825,1.6829847172154936e-07,23.441248018511757,40.60143713693665,23.441252078655356,40.601434792811645,-40.60143713693665,0.0,12161657.564646754,17382694.84343922,0.40901276857100416,0.41370929173482796,1.1323564960388888,1.445417401583007,1.642672523632536,3.9429295356984477,9203675.985399608,17.377520463213113,7.4137594013101715,0.33458323656547645,-0.012230710730974094,16.301394027320967,0.6404387285315443,669121906.9983014,26.192010808862833,20123.31138763694,17479702.06730435,-6.668427686755895e-07,-4.386476731550727e-08,-15.4843688533798,26.202756903743182,103.33740366811469,103.33860584001957,72.44701218991845,66495.7140574228,76769278.54147643,1.0268185791781639,0.38319270041379744,1.4123888484875804,3.3355501140505517,0.37879225004597944,1.2371103321791788,3.296609565750696,0.5258119117155183,5.416258266402012,-3.6875,0.218875,0.431125,0.78828125,0.181375,1.0895,1.2574999999999998
8.054175,0.88625,11.8575,6.075,241.009375,0.09715588715808841,-17.825,18.08625,58.1325,-58.1325,2.086836433072675e-07,29.066247543030656,50.34422320403071,29.066252577452836,50.344220297405705,-50.34422320403071,0.0,11310280.170209289,11602430.79099393,0.40641639946309643,0.4114872744387653,1.1054057957197994,1.4117557781449834,1.612760496652342,3.9326050402848765,8766812.165040474,22.424093558811652,6.231243876663836,0.4722164249948273,-0.023224529853061397,15.699426667967314,0.686497468129467,631515480.701849,23.190803322404467,14400.883551579853,11699403.013699342,-8.372205201330905e-07,-6.237298836508427e-08,-12.111110380659316,23.20313598867579,107.39101998508615,107.39744570064224,79.26526133410269,67944.05007022641,77733741.85290302,1.1313510965136044,0.38119817935540273,1.3855889379492146,3.3277795646411468,0.37644087597931236,1.2074560799821443,3.2899004695179426,0.5606685839427779,5.393863870068715,-14.0125,0.43262500000000004,0.402625,0.86453125,0.893625,1.3555,1.4315
7.467925,1.0277500000000002,12.3325,8.945,248.771875,0.09560037658805261,-23.105,18.856250000000003,54.1325,-54.1325,1.9432447118790105e-07,27.066247712090604,46.88012149128616,27.066252400102623,46.88011878466115,-46.88012149128616,0.0,12016904.083472732,12657460.808528861,0.4028178467131542,0.4084929576280227,1.0667569806122201,1.363366219441356,1.5692402172775528,3.918583485988606,9089444.58675413,20.407917606226256,6.036184761517615,0.36398188032195705,-0.018552583781579795,14.19296564610112,0.6381270288526134,608674970.254072,24.668631023021582,15447.041910815331,12754435.199172905,-8.778162916791004e-07,-6.753785931828636e-08,-15.839035765763972,24.684469813285325,108.91758160098513,108.92431245390995,83.4629870075203,70132.41178300265,79105514.96312812,1.235659814969923,0.3783895710879464,1.3467069895474553,3.3171013371377613,0.3730566743973654,1.1649431469548746,3.2807961414955695,0.571376898749967,5.363446126899719,-14.1625,0.6373749999999999,0.490375,0.75515625,0.36687499999999995,1.1255,0.7014999999999999
8.036675,0.74025,13.5525,13.495000000000001,245.303125,0.09627562445998498,-17.045,20.92125,54.9575,-54.9575,1.972860504375204e-07,27.47874767722199,47.59459246953973,27.478752436681106,47.59458972166472,-47.59459246953973,0.0,12610485.03612549,13320156.084843202,0.40441173625994153,0.40981195943634097,1.0837388432601032,1.384634834258757,1.5884545616969397,3.9246445658716134,9429366.615129279,20.6425224551897,7.404245939193162,0.7609732323915703,-0.012649081662180778,12.664089675718346,1.132436231751059,768657928.9626539,20.789184681652152,16119.917422399445,13417142.465758415,-8.816353752773322e-07,-6.612449342716337e-08,-10.363669293887435,20.80206697827301,108.7692856922029,108.775524766575,80.75098852538699,69154.52067946737,78504458.7248689,1.1956481497809524,0.3796285872497019,1.3638555987311836,3.321735616670143,0.37455773568094974,1.1836102295150743,3.2847305566660867,0.5714678836634973,5.3767501375528735,-14.2875,0.34787500000000005,0.653125,0.94015625,0.718625,1.3054999999999999,1.3885
12.761675,0.8612500000000001,11.432500000000001,9.705,239.584375,0.09745812788322634,-23.345,8.58375,60.4075,-60.4075,2.1685042245015715e-07,30.20374744687781,52.31443105315418,30.20375267832077,52.31442803277917,-52.31443105315418,0.0,13679006.039900787,29804662.03917808,0.4070915543813084,0.41205672381393954,1.1127447881632855,1.4209467691042827,1.6209285303674839,3.935395503618838,9752768.615718799,25.054311248176063,5.88136538529849,0.41394897003346026,-0.026692170405130358,23.97215082863127,0.5980734976585957,587615639.0397164,27.869198590396607,32096.453757271192,29901611.1545133,-8.11960269387899e-07,-3.260100619927786e-08,-19.399103942487784,27.88026404986112,175.84772911278174,175.85498959222102,123.39004226657553,67542.3218330984,77471011.33817132,1.1078337152143696,0.3817843538484018,1.39291465826419,3.329904612957691,0.3771265680903022,1.2155601933696918,3.2917381980307523,0.5552615793870612,5.400566107900494,-6.412499999999998,0.612625,0.4513750000000001,0.82203125,0.732625,0.9704999999999999,1.2595
12.656675,0.88125,13.1975,11.795,248.60312499999998,0.0956324806597101,-22.215,7.72625,55.557500000000005,-55.557500000000005,1.9943992625542537e-07,27.778747651863,48.11420772645141,27.778752463283638,48.1142049485764,-48.11420772645141,0.0,13216738.69505864,27619958.94843555,0.402896946893886,0.408558331701778,1.0675719966524742,1.3643863548563917,1.5701640745516205,3.918863947928741,9664101.23516405,21.659526154980583,4.756051422744309,0.3768566916436083,-0.0162860000353642,19.378956895898213,0.6187816632786747,566419694.0587587,23.13272957109893,30023.209649489072,27716925.22436757,-7.535910395213441e-07,-3.4043616847674965e-08,-18.34436059079513,23.14540424675273,153.59077158145146,153.59763070776327,103.88193876978839,70084.83870229012,79076834.03043091,1.2339471167552523,0.37844803266524635,1.3475318280304858,3.317320699209984,0.37312813109758863,1.1658386347055638,3.2809817648833626,0.5715451913910711,5.364064251621654,-8.462499999999999,0.41912499999999997,0.35462499999999997,0.97140625,0.526125,1.3565,0.7194999999999999
10.057925000000001,1.0172500000000002,13.2925,8.295,249.859375,0.09539648770074304,-20.075,14.35875,54.557500000000005,-54.557500000000005,1.9585013322558375e-07,27.278747694127986,47.24818229826527,27.278752418946084,47.24817957039026,-47.24818229826527,0.0,12472834.836241573,18197816.66227251,0.40233960417294,0.40810247211346906,1.0615192355637264,1.356813892592539,1.5632851429007582,3.91674415237514,9340318.962247211,20.578336220803966,5.317109627209826,0.49826097786949847,-0.0163651728535921,16.61345747489879,0.8171407802879235,619209530.9641147,22.244735559288763,20862.423498314547,18294794.35370735,-7.634664947458494e-07,-4.733998510642709e-08,-15.066582916240511,22.258998765849523,124.16347524419449,124.16978715459143,88.73950947622306,70438.99385870558,79289280.59279989,1.246756375268345,0.3780006420524184,1.3413951996909568,3.31568559153661,0.3725843433966434,1.1591951931465678,3.279600091108497,0.5703071728120046,5.359283515971594,-17.4125,0.41237500000000005,0.692125,0.99671875,1.259375,1.3595000000000002,1.2625
11.676675,0.85425,13.8975,11.955,241.103125,0.09713595551488197,-21.655,9.19625,44.8825,-44.8825,1.6111888566186615e-07,22.44124810304173,38.86938628056438,22.441251989980252,38.86938403643937,-38.86938628056438,0.0,11811873.972311875,19852825.602095246,0.40647376853745376,0.41155321208722495,1.1049285005083243,1.4111703208187067,1.6122404950101954,3.932447204635159,9111338.02631914,16.556737186177532,6.7050237461913555,0.3224523558019635,-0.009406576195908687,15.313680649696764,0.6285698750696549,628612232.8860083,25.736669917234206,22551.568760941787,19949836.702165004,-7.060754102657719e-07,-3.791034852753093e-08,-17.22041743602052,25.748887968274975,106.25783385887192,106.25890500515584,74.0474657843303,67970.47955951112,77750943.22017133,1.1327316270336207,0.38116444632328916,1.385110301515008,3.327644991612587,0.3764003571785257,1.2069270048740832,3.289784663312474,0.5609055469782063,5.3934970625770955,-0.4375,0.42737500000000006,0.363625,0.85734375,0.153375,1.4505,0.7535
11.659175000000001,0.79625,11.7675,12.495000000000001,239.321875,0.09751481102699366,-23.275,19.76625,54.2825,-54.2825,1.9486294014237728e-07,27.141247705750853,47.01002530551408,27.141252406753253,47.010022591389074,-47.01002530551408,0.0,13758648.654981345,21387369.486303404,0.40726157033644617,0.41220814753539986,1.1141161911409847,1.4226616390152895,1.622461482249027,3.935927377202913,9761925.119651614,21.01852616768658,6.762588830683585,0.2941347136004936,-0.01754204817484939,18.265453162674838,0.47196590155132495,568166760.5443187,28.62657573717067,23948.69351685516,21484343.387058116,-7.996674156198074e-07,-4.501518977779945e-08,-16.9373654609727,28.63966608736222,134.57552633662897,134.58189373014685,93.75926086194649,67468.3192631011,77422028.68879437,1.1019975714591947,0.38188409845494137,1.3942807678799192,3.330296074290426,0.37724469023426443,1.217063416643659,3.292074298847308,0.553172168031568,5.401675425574108,-9.1625,0.344125,0.38012500000000005,0.96859375,1.156125,1.1455,1.1735
12.630425,1.01675,12.5125,10.715,243.24062500000002,0.09669100510706442,-17.865000000000002,18.15625,57.6575,-57.6575,2.0697849161809272e-07,28.828747563106525,49.9328611256423,28.828752556392498,49.93285824276729,-49.9328611256423,0.0,14487601.46006953,27454330.62919631,0.4053584751374956,0.41059906700139437,1.0940688678369663,1.3975503193467695,1.600070843670189,3.9283970155142667,10151069.630565643,22.10179126249236,5.865647995129238,0.49595036438724543,-0.017999048284759286,21.178874674888885,0.6787701068271202,641727747.018825,25.438645554518214,29873.382598262193,27551304.37467427,-7.624847420654456e-07,-3.6657446734614396e-08,-13.124327900985596,25.45076518640381,151.98137653470798,151.9879540061706,104.14129249870007,68573.07191520315,78138396.10315298,1.1644882656157571,0.3803829567677793,1.3742407856205996,3.3246027757711833,0.3754637203992056,1.1949642135902803,3.287175453836738,0.5662743604820529,5.384963239265378,-8.987499999999999,0.395875,0.503125,0.80515625,1.1123750000000001,1.4645000000000001,0.8015
8.771675,1.02475,11.3225,13.065000000000001,238.59062500000002,0.0976733119767519,-19.835,16.80875,49.582499999999996,-49.582499999999996,1.7799091290212171e-07,24.79124790439629,42.939705793039224,24.791252198366752,42.939703313914215,-42.939705793039224,0.0,11418942.870181479,12589188.613537699,0.40771993017407976,0.41261456653321493,1.1179487079359083,1.427453115231667,1.6267374018954628,3.937412706517833,8808968.132289,17.798766210537693,10.291227266815815,0.2830779034838131,-0.014912306107532596,14.270411700065731,0.40343291397377673,693469005.0324872,32.4237219296505,15428.777070013715,12686187.361702973,-7.726139165510093e-07,-5.0706904808588876e-08,-13.745585009334969,32.43606584192834,95.8817055712881,95.88333405006153,67.25492609687991,67262.16924668016,77285424.8012207,1.0858252187176147,0.38216182171878316,1.3980950234930685,3.3313926665723397,0.37757346557531973,1.2212673802349505,3.293017154197718,0.5473690126039166,5.404765660507089,-7.337499999999999,0.345625,0.38087499999999996,0.97703125,1.4588750000000001,1.3355000000000001,1.0075
13.575425000000001,0.93625,13.0975,9.615,247.065625,0.09592964149616155,-18.925,10.73625,60.7575,-60.7575,2.1810685001060172e-07,30.378747432085067,52.61753995301933,30.378752693838916,52.61753691514432,-52.61753995301933,0.0,14394039.17268255,33160935.032674115,0.4035510611553477,0.4090887427670798,1.0750460237397472,1.3737459940071342,1.57862718371021,3.9215018118934446,10147858.578108504,24.277223550791362,4.853563844421217,0.5100355224250752,-0.020284467921927746,22.773662735494145,0.7769964371221667,619748268.6138021,23.556554998639818,35406.075500027386,33257893.330736198,-8.132132694234784e-07,-3.2636870944787506e-08,-15.2907820236281,23.566203869263962,179.59298206402835,179.6002757344147,126.01878793197757,69651.39507802045,78811689.23807089,1.2183882907852006,0.37899287673889925,1.3550895240042138,3.319350211240124,0.373790112992814,1.1740580724678125,3.28270304428961,0.5731017846695939,5.369887774683481,-8.487499999999999,0.5818749999999999,0.35087499999999994,0.80734375,0.337125,1.0105,1.1075
8.999175000000001,0.9762500000000001,12.4125,10.125,245.97812499999998,0.09614214170705476,-20.375,14.55125,48.1075,-48.1075,1.7269596818310535e-07,24.05374796673715,41.662318286464675,24.053752132968864,41.66231588108967,-41.662318286464675,0.0,11269325.052661922,13221170.89728549,0.40420542138351845,0.4096601666141069,1.0803930721519608,1.3804691883202944,1.5846943985856317,3.9234680517818634,8798887.182474246,17.297708497064193,8.020672228358716,0.2962890882426383,-0.013520291730742194,14.433957174440073,0.5571129818867357,663487778.3532908,28.380627457632446,16066.47343278904,13318173.444108598,-7.55463889110637e-07,-5.0261510385037024e-08,-14.775346480042597,28.39590729698699,95.57202791681864,95.57381925208502,68.75867846242876,69344.81300231746,78622685.75478356,1.2059691108909292,0.37938550390534603,1.3604823146811247,3.320815231621717,0.3742644315522926,1.1799359430175045,3.283948630301018,0.5732571345841908,5.37412473642338,-12.1875,0.49112500000000003,0.5181250000000001,0.93578125,0.520875,1.2625,0.8905
7.887925,0.9157500000000001,12.0625,12.595,242.734375,0.0967953367415998,-21.805,8.02375,48.9075,-48.9075,1.7556780260697862e-07,24.453747932925157,42.35513862901358,24.453752168438903,42.35513618363858,-42.35513862901358,0.0,10310064.079808278,12729052.309391394,0.4056907545228559,0.410894177913682,1.0966265649088225,1.4007691052614444,1.6029534446036489,3.9293685445751634,8410498.80742729,18.249540953221032,7.824192818107114,0.2979436812006198,-0.013875668844855835,13.430197922540037,0.5659222341581857,657916526.5616511,27.786722925006913,15554.710310850833,12826044.529081251,-8.189776748835227e-07,-4.8423414290971344e-08,-17.08016698602883,27.800023016891046,97.22829908347198,97.23024332549785,70.188186082266,68430.35267306556,78047359.25557314,1.156916779725313,0.38056512724792435,1.376802396843877,3.325313797978408,0.37568296320815203,1.19777800810735,3.287783918027239,0.5649948657939903,5.386938161570258,-4.4625,0.387625,0.27137500000000003,0.86203125,1.0073750000000001,0.8965,1.2705
8.736675,0.78225,13.6375,10.094999999999999,248.828125,0.09558968123517098,-20.995,12.36375,50.832499999999996,-50.832499999999996,1.8247815418942373e-07,25.416247851565057,44.0222375782719,25.41625225378869,44.02223503664689,-44.0222375782719,0.0,11557532.791327568,15122042.986252122,0.40282256951372275,0.40850273065242687,1.0664860443078361,1.363030945652877,1.5689364726789448,3.918494401285694,8991664.297666144,18.852072633874112,5.885011606534729,0.489004545819567,-0.012980436339181658,13.970399710854645,0.8331158107718264,688541133.6089743,22.57316333569726,17888.574795176384,15219031.559543146,-8.273819609110499e-07,-5.322810829775908e-08,-15.757739156862298,22.587545141783142,107.84824079945822,107.85460952071756,80.26459708285714,70148.26947657349,79115074.81891353,1.2362310683531619,0.3783700878971661,1.346432192973853,3.317028310828178,0.37303285657444496,1.1646449241799015,3.2807343668132916,0.5713208970735585,5.363240187281895,-16.6625,0.10412500000000001,0.550375,0.88359375,1.492125,1.1565,0.8554999999999999
7.800425,0.8712500000000001,12.5375,6.655,239.00312500000004,0.09758366210282353,-22.025,7.18375,50.2325,-50.2325,1.8032427837151876e-07,25.116247876924053,43.50262232136022,25.116252227186163,43.502619809735215,-43.50262232136022,0.0,10134859.826794744,12415482.67577101,0.40747677478051886,0.4124009414068607,1.1157846025066853,1.4247497418815411,1.6243263247477313,3.9365773627263816,8340017.627294308,19.302314817262932,7.101119718884574,0.3525050384705758,-0.016789325408809584,14.565931363546307,0.6317691120460194,685088144.6514261,25.065732104334476,15226.40492047918,12512468.564086178,-7.75868167462253e-07,-4.889807579254484e-08,-17.637773079345685,25.077472548846636,99.61960418982427,99.6260320942825,74.23291934068475,67378.45899953305,77362614.67340381,1.094932454632412,0.3820051818616754,1.39594179885251,3.3307729644874375,0.3773880534671919,1.2188929394025532,3.2924840932281874,0.5506408371034416,5.40302243462808,-13.462499999999999,0.460375,0.416875,0.77390625,0.561125,1.2435,0.7995
6.619174999999999,0.85375,10.6275,7.525,241.02812500000002,0.09715189865583025,-19.095,11.22625,46.2075,-46.2075,1.658753614264063e-07,23.103748047040625,40.01686997291101,23.10375204872751,40.01686766253601,-40.01686997291101,0.0,8953473.658659711,6741475.921362805,0.4066109106466889,0.4116866987520777,1.1053141331907332,1.4116727566461391,1.6126893413238985,3.932634862891582,7766569.80181505,14.629286207507924,20.344261436462155,0.30232334801349386,-0.028207244868905135,13.01396085530278,0.39656328973542393,1033575784.2984734,44.109258331038475,9763.910504466969,6838488.558968985,-7.581194609659077e-07,-6.079097239121519e-08,-13.636642655588862,44.05347148425615,70.4633649959363,70.46675688352448,51.70258135598067,67949.33596808335,77737183.27677837,1.1316271161215266,0.3811914289819502,1.3854932234617605,3.327752642412747,0.37643276845709167,1.2073502371319071,3.2898772931955786,0.560715976549388,5.39379043585478,-19.6375,0.32987500000000003,0.20687499999999998,0.90578125,0.977625,1.2325,0.7334999999999999
13.435425,1.0957500000000002,11.5325,6.135,248.040625,0.09573995273824826,-23.715,7.49875,46.5325,-46.5325,1.670420441611048e-07,23.266248033304503,40.2983282370715,23.266252063137213,40.29832591044649,-40.2983282370715,0.0,12165395.979999067,25385761.85537113,0.4032884288645506,0.4089068306304082,1.0702984893013106,1.367822866045542,1.5732743157821505,3.919858512990573,9160823.082481317,16.414962262084202,11.691529172849993,0.3605509845148473,-0.01915019157561345,23.38922682902959,0.45916180848469296,754888298.1674967,38.53884377861726,27923.738068769657,25482759.190949634,-6.296027766766401e-07,-2.7180494709546137e-08,-19.830881711158582,38.5581523797004,122.5325383363414,122.53335823847283,82.04395870307029,69926.2617665817,78980999.14225835,1.228248921003188,0.37864290773559917,1.3502861742517864,3.3180548926212396,0.37336622150143295,1.1688321540585662,3.281603613505628,0.5721095598700663,5.366125985570213,-19.0375,0.571375,0.500125,0.92265625,1.010875,0.7935,0.8285
12.472925,0.80525,12.6775,10.855,248.678125,0.09561821985055927,-22.384999999999998,19.48625,55.8575,-55.8575,2.0051686416437784e-07,27.928747639183502,48.37401535490725,27.928752476584904,48.37401256203224,-48.37401535490725,0.0,14664957.87801909,26252922.66665,0.4028625930763799,0.4085300437894877,1.0672097496501647,1.3639324384195857,1.5697529592865798,3.918737226287431,10209086.829242991,21.383503850166765,5.196550735338804,0.3477057074937541,-0.017509064422608554,19.95122274963375,0.5780890360069794,546089639.9978151,25.19311560367965,28700.177795467862,26349892.991934486,-7.372158257325108e-07,-4.0915248075155135e-08,-16.578294501967285,25.207252496139713,150.18093808145858,150.18763683108455,102.07109619495692,70105.9822937179,79089572.26952437,1.2347081638435273,0.3784220571958855,1.34716513245717,3.3172231561357814,0.3730963816616913,1.1654404916608316,3.280899218339177,0.5714703413072366,5.363789630923953,-18.5375,0.48062499999999997,0.272875,0.88671875,0.475375,1.1695,1.1545
6.8729249999999995,0.81875,10.8025,10.995000000000001,235.834375,0.09827738901094267,-20.215,12.45125,47.4575,-47.4575,1.703626027137083e-07,23.728747994209392,41.099401758143685,23.728752104149454,41.099399385268676,-41.099401758143685,0.0,9736293.620610386,8598248.679925263,0.40909139417628904,0.4137863543018214,1.1325582258505829,1.4456807404109686,1.6429064511767648,3.943035404164295,8099357.159045259,16.57986641199571,15.35204741741866,0.285381947906322,-0.019098384440762308,12.899333381696506,0.4323446685881465,887652190.441686,37.937786364816425,11546.52139168947,8695253.395409795,-7.6654876869414e-07,-5.610264905447714e-08,-14.43477126309779,37.93656924854285,79.83080896473751,79.83325392117584,56.8167147431706,66485.1422617089,76762065.58938707,1.0260172114495019,0.38320688714468826,1.4125872003553683,3.335608338424864,0.37880900777758525,1.237331183151157,3.296660080748635,0.5255181274365341,5.416416604470168,-2.9375,0.6756249999999999,0.284125,0.93765625,0.8831249999999998,1.0905,1.2675
11.300425,1.0662500000000001,11.8375,7.415,244.75937500000003,0.09638431746175112,-21.345,12.556249999999999,47.182500000000005,-47.182500000000005,1.6937540963050186e-07,23.591248005832263,40.8612447653925,23.591252091956626,40.86124240626749,-40.8612447653925,0.0,11610676.387736658,17647670.853990205,0.40484350977311384,0.4102042770456892,1.086450487213908,1.3880501149638704,1.591532816922711,3.9256659471588065,8910016.23067145,16.649535487347105,10.286016658484401,0.29198076506399223,-0.016477717583843664,18.62088576194354,0.4403502851389078,709486661.2719643,33.39113095551467,20384.76096189619,17744673.975680716,-6.28511663937296e-07,-3.617206992038915e-08,-16.62195261817905,33.40589670486734,104.05690251033884,104.05802894897951,68.98581695611946,69001.2296416159,78408540.23029625,1.187385524944803,0.3798241937920569,1.366580427386084,3.322481864418553,0.374793661254687,1.186584154327287,3.2853656097809965,0.5700946649109248,5.378863877333755,-7.7125,0.233125,0.11912500000000001,0.77453125,1.2786250000000001,1.1175,0.9315
7.712925,1.00875,14.2725,8.925,242.078125,0.09693164662051086,-23.475,18.73375,60.932500000000005,-60.932500000000005,2.1873506379082402e-07,30.466247424688696,52.76909440295191,30.466252701597988,52.769091356326896,-52.76909440295191,0.0,13424563.316615654,17036887.46406196,0.40582826293711943,0.41097860256582286,1.0999489150057857,1.4049056823196189,1.6066477028747128,3.9305438195696896,9754535.584669068,25.32182210087796,6.830058150031886,0.8972461662732307,-0.018760090383511927,14.16884696693998,1.3745214914695174,890451750.7576312,18.498679997204587,19650.870798419284,17133839.164710455,-1.0146152052200873e-06,-7.493888746946742e-08,-16.41490744391122,18.508129357271557,142.16190684998472,142.16910609576013,114.87348557906323,68245.34624807241,77928801.7023032,1.147151621979175,0.3808012239235781,1.3801319996143009,3.326241513256402,0.3759669458198831,1.2014421891894473,3.2885791150312023,0.5633586039976237,5.38949972252459,-3.487499999999997,0.324625,0.191125,0.92859375,0.555875,1.2654999999999998,0.8145
13.155425000000001,0.99675,10.6625,11.205,249.33437500000002,0.09549496632508271,-19.335,7.9887500000000005,44.307500000000005,-44.307500000000005,1.5905475466970723e-07,22.1537481273441,38.37142165935735,22.15375196448616,38.37141944398234,-38.37142165935735,0.0,11513618.291548109,22485438.179657865,0.40286807665576724,0.4085932641036493,1.064046305592183,1.3600186405011436,1.5661976507223383,3.917695945426178,8893361.888151132,12.14975268728512,24.007362381773294,0.4790940064563438,-0.029207633727771472,21.53037193669044,0.6975013168533637,1264161284.4323912,54.77810425221056,25153.423415940048,22582457.541495927,-5.627887340300684e-07,-2.4306047808831203e-08,-15.863444210985232,54.7688802021879,108.17582633179092,108.1780195938435,66.2686443375245,70290.98871871109,79200875.77129883,1.2414024260444307,0.3781825329522351,1.3439503853719128,3.3163612622027396,0.37280688090865355,1.1619612573319185,3.2801704551395936,0.5708235841617593,5.361203723595211,-1.8625000000000007,0.6786249999999999,0.129625,0.93015625,1.150875,1.1275,0.8995
11.265425,1.1087500000000001,13.0625,7.285,248.32187499999998,0.09568604473979822,-16.325,19.85375,50.1575,-50.1575,1.8005504389428063e-07,25.078747880093925,43.437670414246256,25.078752223860846,43.43766790637125,-43.437670414246256,0.0,12615625.439304685,17534985.628597993,0.4031438191373702,0.40878476316954165,1.0689352268013659,1.3661127671128301,1.5717277628884025,3.919378748009695,9381122.487450063,17.689346313273614,6.740433449999838,0.40712638995918743,-0.013323394799906742,17.316272255654525,0.6407113197668197,645956300.9780203,25.481255898653565,20288.982212064202,17631992.226815574,-6.584458597183612e-07,-4.3697973215527606e-08,-11.037312826707893,25.496797615075092,106.59495211525707,106.600675522574,71.84401215481375,70005.5502344359,79029030.28044915,1.2310959531063868,0.3785454784809161,1.3489081134645584,3.317687238124761,0.3732472018150789,1.1673337257464822,3.2812920927903892,0.5718268372486189,5.365094987121532,-0.5124999999999993,0.272875,0.40037500000000004,0.82421875,1.215625,0.9504999999999999,1.4895
9.025425,1.06325,13.067499999999999,11.315000000000001,243.46562500000002,0.09664495246908218,-16.855,19.45125,51.9575,-51.9575,1.8651667134799554e-07,25.97874780401695,44.99651618498131,25.978752303668443,44.9965135871063,-44.99651618498131,0.0,12133692.367150214,13281373.815572305,0.40531902761352423,0.41057818339158547,1.0929371733569455,1.3961445925796627,1.5988118232975257,3.928006918175962,9181426.796214875,19.008211584243753,6.433597293983297,0.4675520271519898,-0.012823650842603389,13.824444129385801,0.7419844446884416,667938158.3040595,23.43114401298961,16108.722490806309,13378371.447846532,-7.999686282594294e-07,-5.7722361380616066e-08,-10.781494910803689,23.444441308758325,100.9151601884515,100.92114673017937,72.94720792878559,68636.50268948653,78178666.65959275,1.167863223804462,0.38030199575057017,1.373104240713683,3.324288068343977,0.3753662462234406,1.193717253395073,3.286906419287023,0.566843022855507,5.38408606055802,-14.4125,0.665875,0.559375,0.87265625,0.184875,1.4085,1.2685
8.272925,0.88825,12.1675,7.585,247.271875,0.09588946310420908,-22.915,10.28125,54.182500000000005,-54.182500000000005,1.9450396083939315e-07,27.091247709977356,46.92342276269547,27.0912524023195,46.92342005357046,-46.92342276269547,0.0,11069774.723088466,14041489.375136899,0.4035283382705012,0.40908388087730035,1.0740413187785764,1.3724973034317627,1.5775021884322806,3.9211693488607944,8707847.886171788,20.919023012586308,6.1322008323125825,0.36074139286084905,-0.020324741440312318,15.758250393273393,0.6513398394120531,619640819.1774479,24.635828435247653,16785.322025811845,14138459.976057965,-8.052318285654579e-07,-5.102728150399752e-08,-17.92967686576758,24.650766719313566,114.07437387783058,114.0809174908606,84.42008529869602,69709.53995444684,78847290.91533507,1.2204653285162192,0.37892142509346416,1.3540741248134274,3.3190775564906585,0.37370292422043544,1.1729504134005289,3.2824713781121253,0.572891508009311,5.369130342037282,-2.1625000000000014,0.608125,0.46262499999999995,0.87953125,0.818375,1.0725,0.8674999999999999
10.582925,0.72925,10.7025,8.645,235.27187500000002,0.09840196628822276,-17.195,9.14375,54.307500000000005,-54.307500000000005,1.9495268496812335e-07,27.153747704694233,47.03167594121874,27.153752407861695,47.03167322584373,-47.03167594121874,0.0,10697723.733913798,15855933.121679787,0.40931857696427887,0.41397209707787236,1.1355719372113453,1.4494345275179787,1.6462167172061548,3.9441846224748023,8476074.801180856,20.334116462046243,9.613927285330563,0.39277096234473696,-0.02264796414759093,19.405528734292595,0.514033927493176,694691482.2281201,30.74212382182339,18569.061390798044,15952915.876168296,-6.399486240786431e-07,-3.4661781491885396e-08,-13.671834894267032,30.753529734806477,113.25609906223434,113.26180847626816,72.51487873523453,66326.56532600049,76653467.14301836,1.0140380736186458,0.3834197784529447,1.4155670343799267,3.336484932974312,0.37906039677190345,1.2406522912643776,3.2974212999650687,0.5211160404576334,5.418794011853097,-3.3625000000000007,0.378625,0.671875,0.88390625,1.133375,1.2445,1.1575
10.696674999999999,1.00625,13.6225,7.265000000000001,242.921875,0.0967565893214935,-19.895,17.85875,43.6325,-43.6325,1.5663164437456414e-07,21.816248155872962,37.7868544953317,21.81625193455831,37.786852313706696,-37.7868544953317,0.0,12282699.526218984,16629647.54659391,0.40570583673216565,0.41092521189186726,1.0956815816408367,1.3995987006711268,1.6019069776510966,3.9290426401417764,9282202.95975075,15.088199864865885,8.525761216236216,0.31215245493272614,-0.010191637456041095,15.68276123353822,0.523805963477304,674471945.798755,28.72808479962209,19450.45896895389,16726674.286003286,-6.225659673450226e-07,-4.378369926197608e-08,-14.118074598612894,28.740143380234283,91.59325557551526,91.59454898141128,62.6532098555612,68483.21165163504,78081138.20380895,1.159717441794606,0.3804976616724114,1.3758529553325036,3.325049989405383,0.37560177965538605,1.1967345397045186,3.287558055987747,0.5654687548071023,5.38620659830639,-19.9625,0.615625,0.398875,0.98953125,1.4361249999999999,1.4304999999999999,0.7955
10.731675,1.00025,11.2475,6.425,238.74062500000002,0.09764063967215171,-19.975,10.806249999999999,60.4825,-60.4825,2.171196569273953e-07,30.241247443707937,52.379382960268146,30.24125268164609,52.37937993614313,-52.379382960268146,0.0,11840939.557526125,18911561.408879243,0.40753962793687104,0.4124434799764584,1.117159067380153,1.426452223078584,1.6258438415884455,3.937078281752806,8941042.116660552,24.633704322554642,6.0769559123262,0.38800253550248465,-0.02908082169324108,20.84905269639219,0.5851195350423981,593231896.0924338,25.40438234269264,21488.12073442611,19008518.33867187,-7.573440601952113e-07,-3.993266605279915e-08,-15.904780197802944,25.416018782568585,140.66147586897307,140.6678405088774,96.46406443820943,67304.45642953577,77313533.61797208,1.0891322502455478,0.38210486855549813,1.3973115473837208,3.331166984164779,0.3775060576932769,1.220403050167471,3.292822953622457,0.5485582369515437,5.404131749026493,-15.1875,0.6463749999999999,0.612625,0.90609375,1.1106250000000002,0.7535,1.1105
13.024175,0.76625,14.0125,8.495000000000001,237.52187500000002,0.09790856732050857,-21.355,11.12125,43.7575,-43.7575,1.5708036850329434e-07,21.87874815058984,37.895107673854966,21.878751940100504,37.89510548597996,-37.895107673854966,0.0,12462331.050690396,23146993.38956967,0.40829422460461645,0.41311132825019803,1.123582384222174,1.434481331730476,1.632989207155182,3.9395646554450106,9387080.344169833,15.966062925440392,7.377797195539037,0.30038245668887004,-0.009686150352714177,17.688487679786828,0.5674222203658854,637401530.1302323,26.915392457958195,25778.735183793688,23244011.80906613,-6.00086000962282e-07,-3.275432232541583e-08,-16.94006337715286,26.92609086348115,108.12964026570025,108.13044778252387,71.12667729763656,66960.87306883416,77083781.48439606,1.0624172623139667,0.38256745089640976,1.4036929597123708,3.3330118166340528,0.3780533152884391,1.2274551428263727,3.294412856684712,0.5388334707805977,5.409283665056231,-5.0875,0.263125,0.26837500000000003,0.83453125,0.370375,1.0354999999999999,1.0415
7.065424999999999,0.81675,14.2125,9.915,244.834375,0.09636921772613387,-23.375,7.34125,49.682500000000005,-49.682500000000005,1.783498922051059e-07,24.841247900169797,43.02630833585785,24.84125220280051,43.026305851732836,-43.02630833585785,0.0,10735992.657004433,14590434.98162386,0.4046266834888915,0.40999035581231363,1.08607247772163,1.3875517329855143,1.5910829501893946,3.9254849524398168,8697638.29502641,19.07602956542401,7.48147449625706,0.6936540557414935,-0.01223284157114135,12.719522808925273,1.1532002787493287,787459119.800717,21.220091538992143,17354.66967964673,14687419.877665225,-8.675586287441251e-07,-5.472803396691508e-08,-18.513491352253695,21.232596883589043,108.05921265294505,108.06597582148684,84.37723479730488,69022.37323304369,78421840.98996387,1.188520068247692,0.3797972750592237,1.366204248102836,3.3223787282725987,0.3747611862841722,1.186173229626706,3.285277784133201,0.5702844118904148,5.378572921353949,-2.862499999999997,0.49412500000000004,0.677875,0.78609375,1.366125,1.3095,1.2475
8.071674999999999,0.84675,13.6425,12.135,248.809375,0.09559324548422643,-16.435,12.59125,43.7325,-43.7325,1.569906236775483e-07,21.866248151646467,37.87345703815032,21.866251938992065,37.87345485152531,-37.87345703815032,0.0,10378548.328871846,10857351.140203249,0.4030153672155532,0.4086974875249675,1.0665805355732287,1.3631774579390838,1.5690703567824464,3.9185806177477405,8540778.271501083,14.976986089131483,8.183452595072254,0.3823947761127616,-0.008419858876670556,11.713675123724833,0.6875890872285378,728372746.1521311,26.556146547716022,13842.892043938604,10954383.818282492,-7.33708063864728e-07,-5.072988790028109e-08,-11.506914274335603,26.568854524551664,77.47440285854137,77.47679092975957,55.3804422127796,70142.98357871652,79111888.68265995,1.2360407061298466,0.37837657850199674,1.3465237715165255,3.3170526424304834,0.37304079212310504,1.1647443024270199,3.2807549478761415,0.5713395588635364,5.363308776500177,-12.9125,0.650125,0.328375,0.94828125,0.7798749999999999,0.8125,1.1345
10.740425,0.96325,14.4175,10.815000000000001,249.18437500000002,0.09552331159527251,-16.475,20.64125,57.2575,-57.2575,2.0554257440615608e-07,28.62874758001252,49.58645095436784,28.628752538657476,49.586448091492834,-49.58645095436784,0.0,13746334.631819032,19069186.85431683,0.40260525658226987,0.40831269433389666,1.0647610242429453,1.3608663005872368,1.5669657714993466,3.9178660906241225,9909360.044257574,21.687932869272927,5.649067338594572,0.7588890182198641,-0.013712180771996598,15.408165801638038,1.1194370221530436,751594446.2899498,19.403057755522177,21716.01158416441,19166166.229047,-8.398226729710344e-07,-5.5138154197323594e-08,-10.785376397507125,19.415204559981035,129.85105783923132,129.85733134236182,94.21706717772702,70248.70153585549,79175479.79703352,1.2398755841047908,0.3782345044904461,1.3446816423747636,3.3165550379186612,0.37287043988281043,1.1627536339351965,3.2803341640045742,0.5709719209205818,5.361752708378703,-9.4125,0.6163749999999999,0.290125,0.99953125,0.9093749999999999,0.8514999999999999,1.4395
10.626675,0.81075,11.9075,8.705,237.27812500000002,0.09796274918329878,-21.565,17.71875,61.0325,-61.0325,2.1909404309380817e-07,30.516247420462193,52.85569694577052,30.516252706031743,52.85569389414551,-52.85569694577052,0.0,13385121.51037255,20615416.181461036,0.4082040346162251,0.413000515900067,1.1248682570725308,1.4360561114424977,1.6343846148554468,3.940007863231026,9609257.681024913,25.217970136014873,5.2357486501634325,0.3805796911365385,-0.02502201573316361,19.55632841603798,0.5863939448505495,555421291.8090407,23.848460174886338,23143.05088078974,20712371.145936474,-8.065384553291145e-07,-4.696409323180015e-08,-16.039014663100026,23.85883549528795,148.6263585736533,148.63290850646217,104.68329389375272,66892.15639669387,77037524.92655398,1.057117753768622,0.38265987717383537,1.4049734477928384,3.333383803879761,0.3781626062246557,1.2288736370219002,3.2947341238820873,0.5369113489726487,5.410313787894686,-6.737500000000001,0.346375,0.275875,0.76765625,1.290875,0.7765,1.3425
11.562925,0.87025,10.7575,10.465,236.75312499999998,0.09807975584358294,-18.975,8.44375,47.807500000000005,-47.807500000000005,1.7161903027415288e-07,23.903747979416647,41.402510658008836,23.903752119667597,41.40250826763383,-41.402510658008836,0.0,11219845.812837165,19176242.778433252,0.4086913385392764,0.4134529712577056,1.1276592970233272,1.4395705982433347,1.6375029978064424,3.94113920809119,8742224.102992263,16.2646341856487,15.423372604210261,0.4101825717735489,-0.019391833626849535,20.125407587366283,0.5120324743857313,898543615.4545281,40.937707279681014,21866.59491400065,19273246.986525934,-6.11467389436423e-07,-2.885828606343735e-08,-15.383964537516839,40.94848921123339,108.06890845492056,108.06987489008226,69.34517210931128,66744.15125669933,76937586.2950941,1.0457475134862673,0.3828589285820444,1.4077364568401705,3.3341885860768503,0.378397892474841,1.231938060150163,3.295429911773831,0.5327269376044232,5.412533959897168,-14.037500000000001,0.20687499999999998,0.315625,0.86609375,0.704625,1.1545,1.1285
9.489175,0.90575,11.9375,11.135,240.25937499999998,0.09731564927372054,-21.145,20.396250000000002,57.4825,-57.4825,2.0635027783787045e-07,28.7412475705029,49.78130667570973,28.741252548633426,49.78130380158472,-49.78130667570973,0.0,12968219.923999289,16233328.06941728,0.40673593639757344,0.41174944166796484,1.1092515574750481,1.4165747893141651,1.6170413850955403,3.9340309969241734,9443031.886884216,22.670327310945872,5.876493606988973,0.356917468299632,-0.019752085295839723,16.277506037048905,0.575924789935929,583016736.9061065,24.86122117891595,18906.95255638299,16330296.14780912,-8.566906298220456e-07,-5.6318310220555595e-08,-14.57599535658846,24.873737589713258,126.17710575326991,126.18341567785386,91.6412266430562,67732.6141559485,77596150.2598751,1.120344530418294,0.3814680399505096,1.3894258699134938,3.328861397453672,0.37676486566418327,1.2117025423867565,3.2908324675520464,0.5587740129631191,5.396800177985875,-14.2375,0.411625,0.512875,0.91015625,1.390625,0.7284999999999999,0.9815
13.601675,1.04125,14.1775,11.765,238.00937499999998,0.09780068397589392,-23.585,16.021250000000002,59.6325,-59.6325,2.140683328520299e-07,29.816247479633176,51.64326134630992,29.816252643959167,51.64325836468492,-51.64326134630992,0.0,15965947.353797205,34448932.1918553,0.40782422992060763,0.4126735208425952,1.1210031616469993,1.4312323891654901,1.6300992092412228,3.9385193132898397,10805580.20950653,24.96617305896028,6.7222463715419165,0.551272727455085,-0.01684710412982522,20.327477843199436,0.9092661090108339,629611495.2841111,21.211894253749527,36638.0725223635,34545886.30818274,-8.082672714037976e-07,-4.056668620107784e-08,-18.302938569732838,21.219183025722455,185.61886317232745,185.62643171045679,130.1852662208239,67098.30641311478,77176087.42630982,1.0730611344318024,0.3823824239905463,1.401136007127889,3.3322707669692297,0.3778344941987802,1.22462620420134,3.2937735559644534,0.5427665950362526,5.407221980270332,-0.2375000000000007,0.24437499999999998,0.42362500000000003,0.92453125,1.157875,1.1005,1.4725
8.885425,0.78525,11.5425,7.8149999999999995,237.61562500000002,0.09788764738370317,-18.255,16.42375,45.7325,-45.7325,1.6417020973723152e-07,22.866248067116494,39.605507894522596,22.866252027667173,39.60550560789759,-39.605507894522596,0.0,10685419.355735693,11110542.916721337,0.4083164330434105,0.41314171472904543,1.1230880238347702,1.4338773050640463,1.6324539897113397,3.9394043515871484,8517383.94220918,15.145260155243502,14.213749733198645,0.30650953817177534,-0.016994526153244247,15.266895759279114,0.4193413888269052,832606057.2283926,36.86226345768737,14039.878255331161,11207562.823113866,-6.58291082233856e-07,-4.7470946468133495e-08,-12.722590471914245,36.86183040270339,80.7083697419854,80.71017372737803,55.28138815957465,66987.30255811893,77101657.87315522,1.0644604292292739,0.3825318001433787,1.4032006429012678,3.3328688963212616,0.37801117759369396,1.2269102309738913,3.2942895061828015,0.5396546066691676,5.408886118182068,-15.6875,0.20237500000000003,0.188125,0.86859375,0.576875,1.2054999999999998,0.9935
10.950425,0.79875,11.3125,6.555,245.378125,0.09626093338415187,-17.855,16.05625,47.3075,-47.3075,1.6982413375923203e-07,23.653748000549136,40.96949794391576,23.653752097498817,40.96949557854075,-40.96949794391576,0.0,11176467.32375745,14923215.765253576,0.4046260408906177,0.41003621344433494,1.0833712272816434,1.3842110471513493,1.5880735737516527,3.924573588466464,8708830.841090076,15.413803807174363,13.222649317618668,0.35691787804647884,-0.018639506338579085,18.57233721354518,0.43461297872733856,801382651.572243,37.438627479592526,17754.302048544338,15020229.109360773,-6.138216432071465e-07,-3.779828681487754e-08,-13.050954077287518,37.44912563634483,93.67312685921262,93.67445243437797,60.73377363583413,69175.66427089515,78517477.92507447,1.1968008539982278,0.37960142300451927,1.3634798807089081,3.3216328099821615,0.3745250140912869,1.1832009218685713,3.2846431906432048,0.5717398154438431,5.3764557210060575,-11.3875,0.46562499999999996,0.495625,0.80640625,0.575125,1.0005,1.3905
10.792925,1.07725,11.1025,12.254999999999999,239.97812500000003,0.09737355566418499,-18.665,18.908749999999998,59.6075,-59.6075,2.1397858802628388e-07,29.8037474806898,51.62161071060527,29.80375264285073,51.62160773023026,-51.62161071060527,0.0,12898502.079016056,18156969.930340927,0.4069429969586153,0.41193799431056144,1.1106973577759487,1.4184013716636925,1.6186552735248323,3.934639841440116,9370071.236890398,23.422268163024444,6.533994575787892,0.39453774434074423,-0.021875932728449954,18.199494304035007,0.5165838890362136,584518419.142452,27.016155038350725,20777.48653509033,18253935.931440413,-8.342371775046827e-07,-4.650308813585991e-08,-13.167350606944305,27.02916153922735,133.73546500481683,133.7416324433235,92.0461932691157,67653.3256880943,77544137.1815497,1.1162345160699383,0.3816358045715525,1.3908718799061563,3.329321176789282,0.3769503055304691,1.213311760081516,3.2912372554114975,0.5580597152264652,5.398919473123357,-5.862499999999999,0.509875,0.16112500000000002,0.89984375,0.18837500000000001,0.8574999999999999,0.9504999999999999
13.514175000000002,1.0582500000000001,13.8325,8.935,242.171875,0.09691203764879248,-23.515,8.46125,60.957499999999996,-60.957499999999996,2.1882480861657005e-07,30.478747423632065,52.79074503865655,30.478752702706423,52.79074199078155,-52.79074503865655,0.0,14395731.60429008,33120723.22367669,0.40580382498734024,0.4109615689022711,1.0994732939175498,1.4043117211980136,1.6061174981751933,3.9303697500641253,10134098.284873545,25.67526507121309,7.920308826866951,0.6024854825922366,-0.020483258399197325,21.425799909142178,1.0161856062741206,720524256.0240343,21.07142451002408,35330.64927993056,33217670.360097878,-8.142943119385928e-07,-3.631589698005488e-08,-19.48548126389212,21.084107999088832,188.10043259442685,188.10805033036812,132.2399132238631,68271.77573735714,77945827.11759862,1.1485439840470504,0.38076749739401455,1.379655709439436,3.326108560479313,0.3759263906649233,1.2009175811109007,3.288465065925744,0.5635955808771427,5.389133633913005,-6.4625,0.298375,0.6936249999999999,0.9823437500000001,0.9706249999999998,0.8534999999999999,1.2715
9.384175,0.94925,14.3975,7.665,238.721875,0.09764471922081826,-18.655,18.716250000000002,53.432500000000005,-53.432500000000005,1.9181161606701193e-07,26.716247741676096,46.273903691555866,26.716252369066336,46.27390101993086,-46.273903691555866,0.0,12911729.077116814,16859721.602012455,0.40754729654185995,0.41244979902462925,1.11725751431595,1.4265748430159912,1.625953212119447,3.9371164731298034,9567655.094438732,20.31729592661919,6.083917925077044,0.7218388538583075,-0.013232093481644142,14.897079153269724,1.0845074633669947,751153599.4876888,20.133030913328362,19565.295710707083,16956708.824703723,-7.805982153578326e-07,-5.6360135343422795e-08,-12.817910913305703,20.143038553010655,115.05290186189363,115.05904687025554,84.2209148352446,67299.1705316788,77310022.47818696,1.0887186021170767,0.38211198772697225,1.3974094680297273,3.3311951769479906,0.37751448393923004,1.220511036764614,3.2928472058479388,0.548409550557165,5.404210975822311,-18.9125,0.256375,0.605125,0.87015625,1.485125,1.4105,1.1875
8.552925,1.01425,14.4975,13.885,240.35312499999998,0.09729570139917747,-21.675,16.63375,52.4825,-52.4825,1.884013126886624e-07,26.24124778182783,45.45117953477903,26.24125232694566,45.45117691065403,-45.45117953477903,0.0,13162118.353981141,17945757.031924758,0.4066817575863836,0.4117021850123202,1.1087694810422142,1.415968237400014,1.6165029290960204,3.933846870220855,9702112.483363774,20.38101415854858,7.777781772286372,0.7366539062329998,-0.011136566722244556,13.20416409010166,1.1804936991957025,802571233.6117337,20.55529674408903,20615.83037873952,18042739.71306123,-8.813564718504122e-07,-5.924222588748988e-08,-15.322174558139613,20.565857552037905,121.35256861114046,121.35899191101448,91.28037954388985,67759.04364523324,77613305.57723783,1.1217166671180667,0.38143430631394115,1.3889455223305447,3.3287256621725216,0.3767243797764069,1.2111703609147537,3.290715419537946,0.559010981336767,5.396432941158001,-16.7875,0.218125,0.252625,0.89359375,1.2068750000000001,1.1925,1.1115
9.865425,1.06875,12.6175,9.925,249.409375,0.09548081766069293,-20.985,14.14875,56.5325,-56.5325,2.029399744595209e-07,28.266247610654634,48.95858251893289,28.26625250651275,48.958579692307886,-48.95858251893289,0.0,12306813.986499367,17209848.54047518,0.4025174540107563,0.4082433668945168,1.0636788509015151,1.3595135006851726,1.5657379674552885,3.9174917533917477,9217255.010997241,21.789911954094688,5.226140753438918,0.41930151225678636,-0.018615475673419934,16.38536473803327,0.6831571855531714,579484052.6016672,23.124661217523123,19874.524805084246,17306817.253286842,-8.450702547200907e-07,-5.046050363733069e-08,-15.758618994785731,23.13917346717652,127.53709060185449,127.54354962127655,93.01394315133017,70312.13231013883,79213559.93039697,1.2421665353511704,0.3781565535959986,1.3435849846990886,3.3162645060041887,0.37277510175387757,1.1615653919628581,3.2800887257617184,0.5707497515278501,5.3609293760766485,-12.3875,0.376375,0.592375,0.95265625,0.233875,1.3185,1.4425
7.205425,0.8632500000000001,11.0075,12.995000000000001,244.94687499999998,0.09634668100910614,-16.835,11.55875,53.7075,-53.7075,1.9279880915021838e-07,26.853747730053225,46.51206068430705,26.853752381259163,46.51205799893204,-46.51206068430705,0.0,9858283.008196572,9240592.128180698,0.40466961154636705,0.4100437937506782,1.085513630942199,1.3868688627460943,1.5904689863263217,3.9253160787787977,8180346.370189114,19.51732068675866,8.478880656368435,0.36863901374384334,-0.017228431666452017,12.853440664230089,0.5211581757945261,682245766.1755441,27.969069890577387,12140.921996787074,9337579.114066545,-8.153872984253596e-07,-5.585954359645581e-08,-12.004651411866968,27.982542626471,90.4206773844281,90.42694409855194,62.95621146502564,69054.08862018537,78441714.33094783,1.1902283741907238,0.3797567866187283,1.365640114114638,3.322224074597721,0.37471236419061155,1.1855572613537861,3.285146124130469,0.5705687015653222,5.378135251880064,-2.7875000000000014,0.10262500000000001,0.35162499999999997,0.98703125,0.167375,1.1045,1.3805
11.711675,0.7112499999999999,13.3825,7.385,237.76562500000003,0.09785445443848119,-16.115000000000002,11.27875,56.7325,-56.7325,2.0365793306548926e-07,28.36624760220164,49.13178760457012,28.36625251538026,49.13178476794511,-49.13178760457012,0.0,12160801.647028783,21086916.57528713,0.40802763779073764,0.41286044513384396,1.1222908466358126,1.4328507464768716,1.6315390579110594,3.9390356846806065,9201665.70095814,22.204860965844187,6.862294828286991,0.6608981734940202,-0.017035109350023885,18.538761311107365,0.9825141319703278,674004875.6408753,21.093848850316462,23662.88926479341,21183894.198921338,-7.266274913592532e-07,-3.698612451364743e-08,-12.543983831722935,21.103203831668626,131.95358349371708,131.95969044789254,88.3032935301716,67029.5897409745,77130045.74998635,1.0677324248140132,0.3824749100814509,1.4024136977399122,3.332640735257179,0.377943891326029,1.2260392924584615,3.2940926196696596,0.5408393569715035,5.40825227700952,-11.112499999999999,0.4423750000000001,0.172375,0.9120312500000001,0.876125,1.4795,0.7204999999999999
6.6541749999999995,1.09325,12.6425,9.855,245.078125,0.09632057767223977,-20.905,14.831249999999999,47.4825,-47.4825,1.7045234753945433e-07,23.741247993152765,41.12105239384834,23.741252105257892,41.121050019723334,-41.12105239384834,0.0,10717754.438233418,10328943.19930736,0.4045989945364376,0.4099831896895336,1.0848599855845185,1.3860490912396064,1.5897301995116553,3.92507399665869,8593553.88369491,17.178306391037417,8.144527867727863,0.35276474882943903,-0.01297229214015985,12.30448888877456,0.6431995905031533,704926440.6861556,27.183949003981443,13247.552962720245,10425947.30169701,-8.15567119250465e-07,-6.276364873629926e-08,-14.490737289793373,27.198378770414468,86.93860834495436,86.94129599869555,65.79238591478922,69091.089905184,78464757.89111874,1.1922233398857742,0.3797095599888999,1.3649822819273976,3.3220438870280975,0.3746554065077228,1.1848392672033445,3.2849927797886354,0.5709003750766384,5.3776249097085405,-13.512500000000001,0.367375,0.101125,0.85671875,0.4578749999999999,0.8225,0.8504999999999999
12.691675,0.83675,10.9975,6.905,245.790625,0.0961791449061008,-19.225,16.10875,42.7325,-42.7325,1.5340083064770667e-07,21.366248193911453,37.00743160996418,21.36625189465451,37.00742947333917,-37.00743160996418,0.0,11850206.77005398,19651143.805887163,0.4045307089081385,0.40997444266812144,1.0813268758442933,1.381668180150372,1.5857787329263704,3.9238555683708336,9011365.739519373,10.154778046352702,32.102013514667824,0.47442313620065124,-0.04998587116621403,21.618031292033493,0.6406227548661033,1437957782.8123803,62.243164379064744,22416.84077953763,19748176.06783887,-5.595756913984622e-07,-2.8931767357023483e-08,-14.534532051249627,62.91771604805095,98.96678097871903,98.97232529248053,61.13461111540147,69291.954023748,78589876.29973689,1.2030993145598194,0.37945298726603843,1.3614181465870492,3.3210701445978743,0.37434588981362743,1.1809546124126982,3.284165070836457,0.5727829360222733,5.374853061679923,-6.8125,0.235375,0.615625,0.94140625,1.404625,1.3115,0.9604999999999999
10.854175000000001,1.06275,11.3325,9.305,243.48437500000003,0.09664112166979477,-23.725,13.658750000000001,51.1075,-51.1075,1.8346534727263018e-07,25.55374783994219,44.26039457102309,25.553752265981522,44.26039201564809,-44.26039457102309,0.0,12287583.192138962,18754386.77862547,0.4053471826114909,0.41060826291876734,1.0928436617890822,1.396031712965193,1.5987108048845686,3.9279775967637542,9160289.474754581,18.97056597951779,8.833975959039154,0.2736125209261179,-0.01952800382464605,19.051743298318854,0.4130457280472138,630912698.9537573,32.08370237023562,21406.49571672847,18851368.390497953,-6.884993093630045e-07,-3.9251145951976956e-08,-18.428296147165504,32.09908969413626,118.58541367265127,118.59150000875472,79.83373429716632,68641.78858734347,78182018.76409239,1.1681447731244174,0.3802952530077789,1.3730096302817354,3.324261892312561,0.3753581243268593,1.1936134149880782,3.2868840358795293,0.5668904115873638,5.384013023086554,-12.5125,0.506125,0.551125,0.96734375,1.213875,1.4365,0.8354999999999999
8.412925,0.7182499999999999,11.8475,13.715,249.840625,0.0953998173623442,-18.615000000000002,9.17875,55.7575,-55.7575,2.0015788486139366e-07,27.878747643409998,48.28741281208863,27.878752472151145,48.28741002421363,-48.28741281208863,0.0,10601831.515426682,13298029.691071013,0.4023643296072489,0.4081260544198525,1.0616093879905195,1.3569302085117094,1.563391058185431,3.916784161942755,8531100.881363139,21.19626463861619,6.025992569009453,0.39577659322305825,-0.01675813655658393,14.019296111127286,0.6414981234093388,612514536.1180336,24.22324771630586,16073.424800799014,13395004.049005954,-8.608213276127352e-07,-4.8514257061057416e-08,-14.373114591113305,24.239258150874022,112.39723634574513,112.40352351464134,80.13085908903362,70433.70796084864,79286275.74895455,1.2465649776588352,0.37800714068495256,1.341486308773331,3.3157096495379292,0.3725922974347295,1.1592938054549133,3.2796203973092246,0.5703255465087892,5.359352117930341,-10.487499999999999,0.6231249999999999,0.5413749999999999,0.96234375,1.0791250000000001,0.8065,0.7244999999999999
12.411675,1.0342500000000001,12.2475,6.575,240.40937499999998,0.09728392017768958,-17.105,12.92375,54.057500000000005,-54.057500000000005,1.9405523671066295e-07,27.02874771526048,46.8151695841722,27.028752396777307,46.815166881297195,-46.8151695841722,0.0,12657093.39562609,23710078.693033352,0.4067246430863668,0.4117502876351569,1.1084818506617695,1.4156166593058768,1.6161914320373627,3.933753657547443,9372278.630324475,20.126799329218038,6.932866236580906,0.47623670124433165,-0.018531086662635938,21.66358443447813,0.6420099592548392,647740438.6638392,27.049224333406823,26247.531797105068,23807064.40067126,-7.083573512805338e-07,-3.2698748147929506e-08,-13.298141420205068,27.061827579408277,131.6284221460191,131.6345714800036,89.14414674531858,67774.90133880408,77623452.53112003,1.1225406697692093,0.3814140767896573,1.3886574181688016,3.3286443002451787,0.37670009685336353,1.2108512453249194,3.290645276444448,0.559155548057503,5.396212668294331,-12.0625,0.28337500000000004,0.6283749999999999,0.75765625,1.194625,0.7795,0.9295
7.651675,0.9852500000000001,13.9625,11.995000000000001,235.440625,0.09836435870891327,-23.225,17.22875,57.1075,-57.1075,2.0500410545167985e-07,28.55374758635227,49.456547140139925,28.553752532006843,49.45654428476492,-49.456547140139925,0.0,13081581.364253292,16739286.713711787,0.4090476392380546,0.41371064679801434,1.1346625929985126,1.4482716655081584,1.6451889781792508,3.9437811080838605,9610958.952395717,23.44019271336763,5.8039635480832,0.7277833924203552,-0.0154295067645519,13.52661489705567,1.1201809852256117,747635247.7636231,19.82416911432742,19380.343886428287,16836249.994938463,-9.650872542353947e-07,-6.805410259020481e-08,-16.39577952730783,19.83303964816032,130.52456574024106,130.53133919025186,102.00027079033212,66374.138406713,76686120.83555867,1.0176237406180817,0.38335592209062885,1.4146723005074666,3.3362213666311096,0.3789850041265944,1.2396544131147518,3.2971922834778726,0.5224351832715837,5.418080750103891,-3.3125,0.328375,0.4633750000000001,0.82046875,0.559375,0.7705,1.2894999999999999
8.141675,0.7697499999999999,12.6975,12.225,247.740625,0.09579751732666271,-20.585,7.48125,47.8575,-47.8575,1.7179851992564495e-07,23.928747977303395,41.44581192941814,23.928752121884475,41.44580953654313,-41.44581192941814,0.0,10203418.680300802,12917305.24198084,0.4033856539835164,0.40897958844244214,1.0717541784860867,1.3696444487308328,1.5749204326360073,3.9203721599342827,8410321.354886249,17.461586260161535,7.252390755043628,0.3448928964692938,-0.01215117083879455,13.167594370108414,0.6431987564896783,668591890.4173653,26.274663719181742,15764.436590538326,13014304.669160653,-8.022813689550626e-07,-4.691832719958127e-08,-16.210943961981407,26.289518422671165,94.908347145154,94.91032870219102,68.47383604105342,69841.68740087052,78929777.00593051,1.225216753309532,0.3787468343010127,1.3517580946282894,3.3184483142870693,0.3734931370004292,1.1704341333631005,3.2819372339483355,0.5724124304372253,5.367226314778351,-5.9375,0.642625,0.360625,0.95015625,0.429875,1.2115,1.0735000000000001
11.510425000000001,0.72575,14.3525,7.205,237.596875,0.09789180192836351,-16.245,15.811250000000001,46.0075,-46.0075,1.6515740282043794e-07,23.00374805549362,39.84366488727378,23.00375203986,39.84366258689877,-39.84366488727378,0.0,12112480.713002274,17895750.971374772,0.4082533292725788,0.4130759623669237,1.1231855309377763,1.4339868527208897,1.6325500492659706,3.939415222824614,9253936.87535187,16.44158357830081,6.9719330117384954,0.45796931740850394,-0.009458521833997023,15.8584386723846,0.7448617137933675,694155545.434627,23.830734004805553,20669.075524953583,17992774.524787277,-6.252452559925505e-07,-4.009439341565209e-08,-11.632738961761653,23.840823525800314,97.86037997990952,97.8614947800893,65.58497466594974,66982.01666026196,77098106.58802263,1.064051875711928,0.3825389130880087,1.4032990463857675,3.332897444772431,0.3780195894995788,1.2270191739204983,3.2943141489438514,0.5395066503217316,5.408965384960956,-7.0875,0.495625,0.221875,0.82796875,0.468375,0.9964999999999999,1.0875
8.089175000000001,1.03725,14.4025,9.795,241.04687500000003,0.09714791124343704,-20.955,17.73625,49.1575,-49.1575,1.7646525086443902e-07,24.57874792235891,42.571644986060114,24.578752179523292,42.57164252818511,-42.571644986060114,0.0,12403051.328155596,14744673.019194141,0.4064040781303175,0.41147785447664376,1.1052142214445682,1.4115154827466463,1.6125467317351827,3.9325323499693368,9366151.157613644,18.25695577868602,6.231290410034129,0.6069293657117296,-0.010908603532129803,13.002576394436494,1.0145856917308487,723532257.8601414,21.87619547440979,17534.382014930467,14841671.256904183,-8.288744845852577e-07,-6.254592070982748e-08,-14.320281854469199,21.887944384531895,103.19223910769836,103.19409889019566,79.1721709798729,67954.6218659403,77740624.12570645,1.1319031972063955,0.38118468820243306,1.385397461978908,3.32772572063993,0.3764246701686771,1.207244383468134,3.289854126354345,0.5607633691364213,5.393717171511532,-15.9375,0.695875,0.37712500000000004,0.97921875,1.332875,0.8345,1.2145
10.609175,1.08275,13.0075,8.765,239.640625,0.09744607539756749,-18.185,18.17375,55.6075,-55.6075,1.9961941590691744e-07,27.80374764974975,48.15750899786072,27.803752465500516,48.15750621748571,-48.15750899786072,0.0,13016248.471382065,18726288.967425764,0.4071258594145893,0.41209618513505014,1.1124527549603698,1.420592680317561,1.6206127921557703,3.9353048295252293,9527178.249691915,21.359773575908395,5.7166382531320705,0.47896966603910995,-0.016684026112418586,17.333178543352503,0.7189245119267784,645132182.8550932,22.585967597986965,21369.161117277214,18823269.062436484,-7.435056001561651e-07,-4.7087212807047326e-08,-12.887075255661012,22.597032617080107,124.37962396478159,124.38569469618656,86.05899254591472,67558.17952666924,77481440.82329379,1.1090865018104528,0.38176297715233976,1.392622147224037,3.3298208812205496,0.3771012483807901,1.2152384431724037,3.2916663309701972,0.5557089388770885,5.4003284136652985,-17.8875,0.305875,0.237625,0.85890625,0.49112500000000003,0.8594999999999999,1.1665
7.030425,0.86175,12.5775,8.565,244.49687500000002,0.09643710056105288,-22.134999999999998,11.681249999999999,51.6575,-51.6575,1.8543973343904305e-07,25.828747816696445,44.736708556525464,25.828752290367177,44.73670597365046,-44.736708556525464,0.0,10607167.140311819,11477778.352786345,0.4048075169759678,0.41014544283583854,1.0877577728404308,1.3896636561480549,1.5929837955192565,3.9261046283852195,8535790.94348766,19.474445299535518,6.656926955928703,0.4052996272474902,-0.01649837790744316,13.352771339280618,0.7031934233747805,685141884.1917896,24.269026308464564,14310.693707283126,11574760.658770021,-8.646398049241412e-07,-6.050790440573043e-08,-16.530424119978125,24.282641836196323,98.74144539880658,98.74820591959494,75.23570772876626,68927.22707161865,78362061.9957009,1.183407813226057,0.3799186484878839,1.3678983822952138,3.3228437747616133,0.3749075327970343,1.188024446383141,3.285673938262502,0.5694314529017167,5.37988524325652,-4.087499999999999,0.650875,0.603625,0.77265625,0.410625,1.0594999999999999,1.4135
11.142925,0.81775,13.057500000000001,12.635,245.58437500000002,0.0962199740575776,-20.245,10.50875,47.7575,-47.7575,1.7143954062266078e-07,23.878747981529894,41.359209386599524,23.878752117450716,41.35920699872452,-41.359209386599524,0.0,11661047.41519307,18161268.340078983,0.4043794884680772,0.4098032018589295,1.0823438369352936,1.3829049215002764,1.5868940287323445,3.9241634116039554,9009028.544328231,17.486038091423776,6.820176263884166,0.32405181198292193,-0.011188272328646673,15.435400135507894,0.5937390852970059,624499830.4685562,26.47631307481586,20884.86381175533,18258270.63681463,-7.418095703632701e-07,-3.9628351351685775e-08,-15.787294748458645,26.490933829680163,108.44220773622727,108.4433799928718,75.43473351593326,69233.80914732159,78553714.05612099,1.1999475917645563,0.3795272024584939,1.3624485221270568,3.3213511535371536,0.37443545837662595,1.1820768450487562,3.284403785074083,0.5722613265271134,5.3756542130064275,-15.3875,0.284875,0.36287499999999995,0.78359375,1.352125,0.7975,0.9245
8.684175,1.0722500000000001,13.7675,12.075,246.184375,0.09610156540798663,-16.935,8.61875,46.5075,-46.5075,1.6695229933535876e-07,23.253748034361127,40.27667760136685,23.253752062028777,40.27667527599184,-40.27667760136685,0.0,10243611.857896116,12575551.46059487,0.4041470051627246,0.40961854265285463,1.079373702697494,1.3792013976326742,1.583548455897783,3.9231121221897274,8481056.611593857,16.694804733735612,7.128778689023072,0.4809904395778639,-0.00944804016362327,12.505288351457557,0.8216442596599777,733205283.719343,23.79248149031719,15470.548895199423,12672566.911736883,-7.610382147694373e-07,-4.609603811719443e-08,-12.937313804389682,23.805960409681514,89.27672812056298,89.27870225363223,64.24622773565763,69402.9578787439,78658702.71693677,1.2091308003132295,0.37931128845999956,1.3594538125762983,3.3205354449420454,0.3741748273210994,1.1788171883165726,3.283711214101066,0.5737788130713295,5.373324100419181,-12.7125,0.516625,0.285625,0.95328125,0.540125,0.9475,1.0825
11.974175,0.9087500000000001,12.4175,12.315000000000001,236.115625,0.09821591372506364,-16.645,7.02625,56.807500000000005,-56.807500000000005,2.0392716754272738e-07,28.403747599031764,49.196739511684086,28.40375251870558,49.196736671309075,-49.196739511684086,0.0,11478878.964284446,20463993.036990277,0.4088054050634004,0.413518214659807,1.131051857213267,1.4437764163177018,1.641221616955864,3.942400614789845,8868146.935221847,22.545538886976978,5.821043151222607,0.4508886135881329,-0.0167844454124352,17.80013846143674,0.6660646120245142,635193430.2746615,23.31958099005208,23043.688409994815,20560967.229779024,-7.848379650886346e-07,-3.5044516303580915e-08,-13.546798555401322,23.329860246877708,133.54469402934362,133.55086447215703,90.40951469639532,66564.4307295631,76816155.4307383,1.0320354634800113,0.3831003996197421,1.4111001555034925,3.335172149512737,0.3786832231644388,1.235676124724238,3.296281778224432,0.5277223658477664,5.4152279701942625,-7.837499999999999,0.4573750000000001,0.246625,0.98984375,0.827125,1.2095,0.9864999999999999
9.742925,1.02725,11.6375,8.575,241.403125,0.09707235885672455,-19.465,12.67875,47.9825,-47.9825,1.7224724405437515e-07,23.991247972020272,41.554065107941405,23.99125212742667,41.5540627088164,-41.554065107941405,0.0,10966820.266022345,13939877.998418719,0.40641460874174434,0.41151824021379657,1.1033980578592073,1.4092637928998173,1.6105442075465584,3.9319024759977728,8640159.280630438,16.91062872987387,10.475464046978944,0.2999745158253813,-0.016356039638760256,16.56708851908918,0.46752386735361456,701526071.6909099,32.51392677197511,16765.832012922157,14036882.412341943,-6.583475619302548e-07,-4.0946111904574285e-08,-14.726043183593942,32.52616699746801,95.30091432644922,95.30237165294703,64.66728095735157,68055.05392522228,77805889.21066707,1.137156118709434,0.38105649095211697,1.383579902138593,3.32721527402912,0.3762706674124166,1.2052366745776681,3.289415132069947,0.5616638281510998,5.392323545441551,-3.8625000000000007,0.348625,0.170875,0.7926562500000001,1.336375,1.3205,1.3165
11.195425,0.9217500000000001,11.6675,11.215,245.43437500000002,0.09624975029101213,-23.735,8.37375,48.7825,-48.7825,1.7511907847824842e-07,24.39124793820828,42.24688545049032,24.39125216289671,42.246883011365306,-42.24688545049032,0.0,11421900.496974494,18302132.42126677,0.4044465492180992,0.40985850072160507,1.0830883955024044,1.3838351043167734,1.5877333906035906,3.924430767295417,8823340.668616187,18.140451935563117,8.56215931976174,0.24961065591137846,-0.01605454125705064,17.424509683969497,0.46046351910611627,634255575.9388666,31.538415459616445,20985.254832421237,18399120.59810766,-7.393237399179808e-07,-3.721252660541763e-08,-19.228197373182976,31.554408297002567,113.41457167662024,113.41573594820852,78.40610772426822,69191.52196446601,78527367.38454044,1.1976585387487813,0.3795811886793722,1.3631985276920697,3.3215559417487617,0.37450059828931515,1.182894170451472,3.2845778349417474,0.5718820779758034,5.3762372127284905,-15.3125,0.21137499999999998,0.522625,0.97671875,0.639875,0.8995,0.7765
7.249175,1.0742500000000001,14.1625,13.915,240.971875,0.0971638672965807,-21.955,14.72625,42.2075,-42.2075,1.5151618930703985e-07,21.103748216100573,36.55276826016646,21.103751871377295,36.55276614979145,-36.55276826016646,0.0,11730520.401003864,14328432.695662607,0.40653776693093197,0.411607468794261,1.105600015375115,1.4120140331188658,1.6129913230273039,3.9327039582243657,9122050.117517486,15.517854343479982,7.713515542623991,0.33639856314344946,-0.007554679254965034,11.715942030220704,0.7418814222837056,716960776.4681417,26.529954481833325,17202.497150065807,14425459.428523539,-7.582389068103046e-07,-5.385531559731094e-08,-15.476089742909322,26.542010348881718,88.77517738851704,88.77689568523861,65.58998163682534,67933.47827451251,77726857.40238929,1.1307992405972433,0.38121167176614074,1.3857804979030035,3.327833444047283,0.3764570804709716,1.2076678133223893,3.2899468328520443,0.5605737963033282,5.394010580539287,-1.8874999999999993,0.40412499999999996,0.314875,0.84234375,1.0983749999999999,0.8294999999999999,1.0085
12.262925000000001,0.73075,12.0825,8.655000000000001,242.996875,0.09674112495634334,-16.085,13.30875,52.8825,-52.8825,1.8983722990059904e-07,26.441247764921837,45.797589706053486,26.44125234468068,45.79758706192848,-45.797589706053486,0.0,12476639.291358545,22630658.179047383,0.4055584093347652,0.4107816357097318,1.095300078030305,1.399104725530381,1.6014637232662203,3.9288714113871017,9313110.246758558,19.206353957734475,7.4878863943597045,0.48453389081056586,-0.016749493913673395,20.80287603243633,0.6406130850520747,665670488.4772623,28.126535748270108,25216.62936181668,22727650.95093353,-6.881062463907662e-07,-3.1737005168721134e-08,-12.323631170077366,28.140810922884118,125.38072145793723,125.38672226225943,83.6866514430735,68504.3552430628,78094629.80710703,1.1608389717818042,0.3804706710139863,1.3754734369912083,3.3249446242997895,0.37556929812487355,1.1963176142470595,3.287467879923942,0.5656583109138613,5.385913956347953,-7.0625,0.385375,0.266875,0.79609375,0.7361249999999999,0.9295,1.3155000000000001
9.401675000000001,0.86575,11.5925,9.265,248.865625,0.09558255548081088,-22.575,8.60125,47.1575,-47.1575,1.692856648047558e-07,23.578748006888883,40.83959412968784,23.578752090848184,40.839591771812835,-40.83959412968784,0.0,10687425.057690414,14477305.97670405,0.40295645882384146,0.40864233360730157,1.0663084048226235,1.3628304678987233,1.5687554330185787,3.918471152109293,8544934.995639263,16.852630194338236,10.179036751640151,0.2610268042712555,-0.016693154295356036,16.33203509382839,0.4360493356607113,694481099.8627822,33.27921996590278,17284.325424328374,14574304.025812106,-6.694069710203538e-07,-3.9364397070819795e-08,-18.03316884000512,33.29493474188641,97.5814554306994,97.58299187851374,66.6031264413032,70158.84127228738,79121445.62226094,1.236612100713305,0.37835709420635233,1.3462489688167962,3.3169796338441215,0.37301697370780995,1.1644461747334096,3.280693206226897,0.5712835934088659,5.363102852629375,-17.5125,0.36812500000000004,0.40637500000000004,0.79109375,1.268125,0.9604999999999999,1.3105
7.266675,0.79225,13.0475,10.895,241.44062499999998,0.09706443147512962,-20.065,16.26625,47.4075,-47.4075,1.701831130622162e-07,23.703747996322637,41.05610048673437,23.703752101932572,41.056098116359365,-41.05610048673437,0.0,11190344.402571026,11433069.821803983,0.4062903615822811,0.4113952789799289,1.1032045868391944,1.409006641319183,1.6103142466607574,3.931806864718519,8811350.647006769,17.3100667154926,7.774302804331396,0.3816414466380466,-0.011548236416104344,12.397302971038512,0.696123899476335,717968002.7493024,25.955845603583832,14327.826323443223,11530077.152789535,-8.033806438890213e-07,-6.051815821234514e-08,-13.645209935705912,25.968622227769707,89.50617592204543,89.5084348227896,66.88747081634044,68065.62572093616,77812744.96779302,1.1377100236808428,0.38104300175125067,1.3833887567073508,3.3271616670416426,0.37625445842559285,1.2050256691961296,3.289369056360763,0.5617586504048732,5.392176971925428,-8.7875,0.339625,0.243625,0.82828125,0.725625,1.0925,0.9904999999999999
11.991675,1.0422500000000001,14.1425,13.945,242.940625,0.09675272142459895,-16.445,9.26625,45.8575,-45.8575,1.6461893386596172e-07,22.928748061833367,39.71376107304586,22.928752033209367,39.713758780170856,-39.71376107304586,0.0,11361299.47410744,18277232.182162404,0.4056619287688944,0.41088212928434753,1.0955856805600528,1.399473962687369,1.6017950093991413,3.9289978915935553,8958658.9694364,16.57533383374438,6.603460627990712,0.4051370597684109,-0.008160055933771863,14.436392570492819,0.7374211978719907,678645854.2150649,24.198889985953755,21040.762100588596,18374252.355438095,-7.054829346910665e-07,-3.6309111489738175e-08,-12.777412553743137,24.211475487564297,101.4716773989592,101.47277914451783,68.96214092223887,68488.49754949199,78084512.1458624,1.1599977953901301,0.38049091691845943,1.3757580785069268,3.325023645401949,0.3755936619434496,1.196630284300807,3.2875355048312715,0.5655161437378174,5.386133474912454,-9.4625,0.12437500000000001,0.682375,0.95796875,0.8971249999999998,1.3545,1.2555
13.321675,1.04525,12.6325,6.375,249.87812499999998,0.09539297508258926,-19.655,14.88375,58.0075,-58.0075,2.082349191785373e-07,29.00374754831378,50.23597002550745,29.003752571910642,50.23596712513244,-50.23597002550745,0.0,14185916.339148344,29922187.516277477,0.4022908538072953,0.4080544197817749,1.0614285302565827,1.356693583776376,1.5631754465739909,3.9166984356783394,10020871.60173718,22.17791032950384,5.484503000435173,0.4845225564453877,-0.021337162478330025,23.478280675695036,0.7292415147175729,625692070.0761728,25.545668503423556,32273.333792770594,30019154.65263862,-7.679443519576483e-07,-3.4566102975288194e-08,-15.32519076078251,25.558762548169696,162.0266974126437,162.0336277260422,113.14205626338234,70444.27975656255,79292437.76158611,1.246947903241351,0.37799415273469994,1.3413040494219368,3.315661535254509,0.37257639971129136,1.1590966112147647,3.279579800737392,0.5702888047396185,5.359215080353444,-19.0875,0.551875,0.507625,0.89578125,1.296125,0.7855,1.4015
7.914175,0.76425,11.9925,13.535,236.79062499999998,0.0980716542857585,-19.865000000000002,10.963750000000001,53.2075,-53.2075,1.9100391263529756e-07,26.60374775118572,46.079047970213985,26.603752359090386,46.079045309838975,-46.079047970213985,0.0,10762310.14473998,12771126.19627334,0.4085047930214909,0.4132669514558086,1.1274565522073472,1.439295236955797,1.6372573312588048,3.941025202217966,8585415.313181615,20.751375147558214,6.909307010020093,0.3719934141623166,-0.015158104752815834,13.439388446697874,0.6562956729392181,661060396.264223,25.044227010243983,15558.447731871533,12868107.661207946,-8.642938992702958e-07,-5.171740485009035e-08,-14.940921631508086,25.05566145378988,106.3219668016808,106.32813004053278,76.88598715865308,66754.72305241322,76944743.093259,1.0465571426225195,0.38284471714957313,1.4075389000578022,3.334130949739423,0.37838109712902157,1.2317187917932622,3.2953800484667006,0.5330217642676132,5.412375454586435,-8.362499999999999,0.243625,0.11837500000000001,0.94765625,0.40712499999999996,1.4405000000000001,1.2745
8.150425,0.91825,12.6625,11.725,247.19687499999998,0.09590405616619813,-17.155,16.94875,58.2825,-58.2825,2.0922211226174374e-07,29.14124753669091,50.474127018258635,29.14125258410347,50.47412410413363,-50.474127018258635,0.0,11777969.838262951,12766833.671972597,0.4035336243534541,0.4090826972674919,1.0744064184217157,1.3729515467737343,1.577911707510267,3.9212934032564366,9022479.527194086,22.311891516469743,6.992196210900938,0.6863356621523,-0.017321246073864652,13.783240080791748,1.0147876627454064,700877946.2047802,21.142112454688426,15547.101167200206,12863806.361864965,-8.990801319422122e-07,-6.179379030557739e-08,-11.533939872172722,21.155539162707623,112.79665194684824,112.80305976560616,83.0704684032556,69688.39636301906,78834355.42909014,1.2197098722219215,0.3789474107116359,1.3544432779806859,3.3191766406983634,0.37373463360361564,1.1733529813812071,3.2825555442777525,0.5729679003574628,5.369405780082556,-15.4125,0.163375,0.242875,0.81359375,1.350375,1.2875,1.3575
12.035425,0.80075,12.9275,7.895,239.546875,0.09746616909385727,-18.755,10.49125,56.4825,-56.4825,2.0276048480802883e-07,28.241247612767886,48.91528124752359,28.241252504295872,48.915278423398576,-48.91528124752359,0.0,12461697.06302481,22853160.0660533,0.40716866007797453,0.4121319803383151,1.1129416009596287,1.4212006869743483,1.6211561529192717,3.9354861694686605,9300640.638960453,22.28603442183845,5.360161206482628,0.4534434042952484,-0.018541151848780656,19.576132360944946,0.7348417202397388,611231048.1866271,22.728122710964218,25374.56982019439,22950132.237688147,-7.292770548332334e-07,-3.584147793744035e-08,-14.966101614339385,22.73869262712264,140.33929028325772,140.34566548249273,95.13381153597602,67531.7500373845,77464054.92929819,1.1069989155509654,0.38179860531287885,1.393109703466846,3.329960463216902,0.37714344672734357,1.2157747469594218,3.2917861369362145,0.554963384960844,5.400724588078301,-10.5125,0.113875,0.680875,0.76421875,1.310125,0.7034999999999999,1.1245
12.989175,0.9892500000000001,13.2975,11.745000000000001,235.21562500000002,0.09841454487468602,-16.985,20.37875,41.6825,-41.6825,1.4963154796637298e-07,20.841248238289687,36.098104910368725,20.84125184810008,36.098102826243725,-36.098104910368725,0.0,13147849.051595135,20066605.126936413,0.409558982672754,0.41421127533886515,1.1358792574364183,1.4498463233834364,1.646582250621104,3.944353118513562,9640435.123083614,14.164716202663755,11.958349011160266,0.3412903381840741,-0.008915034869240295,16.751993666948273,0.5145948491213701,778274559.8590798,33.68686508873446,22843.761764924842,20163651.847796336,-5.419962041646887e-07,-3.444070319491963e-08,-11.485791783550331,33.693958554193344,93.71371126527272,93.7145024861856,58.693898734632725,66310.70763242965,76642568.38863787,1.0128443953589328,0.38344106150145735,1.415865416400353,3.336572897687153,0.37908552228804615,1.2409851891837016,3.297497758761528,0.5206765350851621,5.419031771658745,-8.087499999999999,0.525625,0.107875,0.84359375,1.427375,1.2865,0.9344999999999999
8.701675,0.88075,11.2325,6.825,243.128125,0.09671411059573086,-20.335,15.05875,41.5825,-41.5825,1.4927256866338883e-07,20.79124824251619,36.01150236755012,20.791251843666327,36.01150028842511,-36.01150236755012,0.0,10219297.564909134,10207168.162361106,0.4057951178123827,0.41103359965001585,1.0946447752934299,1.3983284533895857,1.6007716425243013,3.9287168609235485,8320472.148674287,10.828030180428398,31.475976931604617,0.32056462174902484,-0.0466653397739737,15.121253309564517,0.4109740564251969,1349919226.0551193,57.139885832096404,13205.811706622604,10304202.912662746,-6.188018992645675e-07,-4.57936211202067e-08,-14.591139822653448,57.325190980993156,73.71672119687595,73.72014772700429,50.525826894051406,68541.35652806146,78118211.9708587,1.1628031016651665,0.3804234453528413,1.374809508878573,3.3247604352260764,0.37551245624790897,1.1955885119903422,3.2873102946824306,0.5659900312539805,5.3854020717229965,-3.912499999999998,0.230875,0.600625,0.80953125,0.877875,1.0265,0.7755
7.0829249999999995,1.05775,12.1975,9.275,239.115625,0.09755931909410655,-16.575,14.00875,43.2325,-43.2325,1.551957271626275e-07,21.61624817277896,37.440444324057246,21.616251916823288,37.44044216243224,-37.440444324057246,0.0,9649500.82343666,7715829.012952752,0.40762140692999277,0.41255716037969825,1.1152000629734773,1.4240523977826653,1.623706603260501,3.936418115222381,8129937.771893167,14.478750384032498,13.724966410493007,0.31469961864944473,-0.013075755165485882,11.78079932478933,0.5141584504355056,853643806.0299685,34.44883840501327,10771.507669543564,7812864.735015187,-7.467997802347748e-07,-5.869071804061995e-08,-10.962967041016306,34.441523811582776,67.3442056335108,67.34751799552906,49.13764758627882,67410.1743866747,77383607.91434634,1.0974232942921984,0.38196244565877535,1.395355274171621,3.330604451313958,0.37733745925455137,1.218246720851674,3.2923392496689186,0.5515339422041525,5.402546934754973,-7.262499999999999,0.434875,0.234625,0.97328125,1.493875,0.9755,1.0495
9.007925,1.0882500000000002,12.2125,9.735,249.221875,0.09551621973506795,-18.125,14.95375,44.1325,-44.1325,1.5842654088948493e-07,22.06624813474047,38.21986720942477,22.066251956727086,38.219865002799764,-38.21986720942477,0.0,10635802.568985118,11091454.126088118,0.40284852714653996,0.40856389657323716,1.0645862958966852,1.3606870834678928,1.5668045213751296,3.91787942233548,8538575.762285369,14.734901376688745,11.838791098148512,0.29118756463749373,-0.012904698973908231,13.797843834171431,0.436867918348702,771143729.7913635,34.44707320356189,14058.03884898377,11188481.483302085,-6.944178660002664e-07,-4.8507432029703464e-08,-12.664396652991195,34.45806701829829,79.747448986056,79.7494800308597,56.196247205521225,70259.27333156938,79181831.88845633,1.2402571448789497,0.37822151318158387,1.3444987402583544,3.3165065569480556,0.37285455431578435,1.1625554741299828,3.280293211043138,0.5709348042127719,5.361615487429955,-6.0375,0.542125,0.574375,0.99078125,0.7483749999999999,0.9125,1.0255
13.059175,0.84575,13.317499999999999,11.365,238.87187500000002,0.09761211906166718,-17.355,20.32625,52.6325,-52.6325,1.8893978164313864e-07,26.316247775488083,45.58108334900695,26.316252333596292,45.581080717381944,-45.58108334900695,0.0,14271941.118340999,24960221.29848249,0.407530374510236,0.4124446179206875,1.1164721439849086,1.4256035793572224,1.62508762586945,3.93683015566401,10082549.04712285,19.70219668158711,6.036232771866535,0.4382759236882862,-0.012838702832900731,18.853485843786398,0.6797414925417689,626327380.5516533,24.325613400701553,27486.60368926662,25057215.48142294,-6.685490747535658e-07,-3.781802084007788e-08,-12.135955127205573,24.33702691860595,131.97708794235228,131.98321870844285,86.04004489006796,67341.45771453441,77338091.71171601,1.0920303184868632,0.3820550284260319,1.3966264610883703,3.33096982771143,0.37744706296374536,1.219647624540077,3.292653370453073,0.5495993063827417,5.403577090736194,-7.987500000000001,0.5796250000000001,0.6981249999999999,0.79828125,0.461375,1.0135,1.1975
8.544175,0.83225,13.1675,7.9350000000000005,248.940625,0.09556949798234242,-22.205,8.25125,48.7325,-48.7325,1.7493958882675635e-07,24.366247940321532,42.20358417908101,24.36625216067983,42.203581742456,-42.20358417908101,0.0,10794881.048987018,14631472.727513505,0.4028097422327069,0.408499213746007,1.0659374540820221,1.3623539631806338,1.5683155233570194,3.918304604835907,8665525.064014874,17.947306891042246,6.474099331111602,0.36424914659456786,-0.013924291370949011,14.716147457779435,0.6757358143576263,672301608.970996,24.644067978808167,17419.329525309793,14728464.80510931,-7.498162743176854e-07,-4.642082472000976e-08,-17.660745315062655,24.65903565582453,101.94422801849811,101.94606746798958,74.33340315215989,70179.98486371519,79134141.41846202,1.237396759894634,0.3783189482635757,1.3458709756427973,3.3168705846855056,0.3729736944724305,1.1640432928684628,3.280600909579687,0.5712137557526071,5.362644982252541,-0.6875,0.300625,0.27437500000000004,0.80203125,0.35987499999999994,1.4515,0.8524999999999999
7.870425,0.74125,13.0525,11.495000000000001,244.628125,0.09641068009501652,-20.515,12.276250000000001,43.5075,-43.5075,1.561829202458339e-07,21.75374816115609,37.67860131680843,21.753751929016115,37.67859914143343,-37.67860131680843,0.0,10632300.641386017,11997299.935336087,0.40489123313678393,0.4102418157072206,1.087105305509438,1.3888686549711797,1.5922696975481287,3.925906432211029,8598973.683516879,15.50527381341794,9.217733942066902,0.31084223554758866,-0.010091235117645307,12.494647166280837,0.5951295874030859,729912046.490638,29.328385287556642,14922.742116680834,12094322.508548513,-7.435337220522583e-07,-5.076996719207288e-08,-14.991575767290028,29.340729652038117,83.1983729485002,83.20046325319453,60.346443426960974,68964.22835661726,78385317.90486753,1.1853956310973572,0.3798714251760262,1.3672391971064706,3.322662688677286,0.37485060520168234,1.187303938507701,3.2855196379784037,0.5697630667949972,5.379374570698063,-3.8874999999999993,0.46187500000000004,0.173875,0.8807812500000001,0.7431249999999999,1.3775,1.4075
10.241675,0.7927500000000001,12.3275,9.185,246.84062500000002,0.09597350468615301,-22.435,14.42875,55.8825,-55.8825,2.0060660899012386e-07,27.941247638126875,48.3956659906119,27.94125247769334,48.39566319648689,-48.3956659906119,0.0,12690343.303246113,19197326.90282727,0.4037061995790407,0.4092269204489843,1.076146394607302,1.3751353226087193,1.5798793900166588,3.921911131477414,9377142.351652011,21.658143541998914,5.426509526741473,0.343998411618314,-0.019742062168226944,17.91528277535464,0.5825393186185943,555030672.5259051,24.522361410227486,21807.48403477621,19294294.690323636,-7.725601225528123e-07,-4.541481736585617e-08,-17.159175055418853,24.536427568708675,132.16764546622943,132.17407409928234,93.34029919125284,69587.96430373706,78772860.28703456,1.2161247495731948,0.3790708270319987,1.3561984197034662,3.3196483806702464,0.3738852056147099,1.1752684530532354,3.282956522150751,0.5733318588346844,5.370714398881849,-13.5375,0.413875,0.13337500000000002,0.95828125,0.758875,0.8015,1.3735
13.269175,0.72975,12.967500000000001,8.025,243.165625,0.09670640363244559,-16.235,19.783749999999998,52.6075,-52.6075,1.888500368173926e-07,26.303747776544707,45.5594327133023,26.303752332487853,45.55943008292729,-45.5594327133023,0.0,14062708.14728298,26578040.932488095,0.40544825757049474,0.4106839452565853,1.0944481468594827,1.3980330351573422,1.6005037242341653,3.9285499239696566,10004114.642344208,19.08932114957647,6.730944446877023,0.5191662412168021,-0.014639033111400052,21.302907721744145,0.7424989092719834,676842175.5957667,26.522169332074974,29078.22902197989,26675037.63598229,-6.886024158871038e-07,-3.4460021475288446e-08,-11.53262541221887,26.535524879689817,133.41370463965856,133.41989935180519,90.07750013257531,68551.92832377534,78124943.03660978,1.1633646402017068,0.3804099452941795,1.3746198958023306,3.3247078557321923,0.3754962083562683,1.1953803607147773,3.287265322930805,0.5660848075338274,5.385255727004806,-15.6125,0.408625,0.114625,0.80390625,1.080875,1.2334999999999998,1.3535
11.615425,0.77425,11.0325,10.004999999999999,236.828125,0.09806330433979385,-16.715,11.19125,45.3575,-45.3575,1.6282403735104092e-07,22.678748082965864,39.28074835895279,22.67875201104059,39.28074609107779,-39.28074835895279,0.0,11109664.853489261,17752547.145274676,0.4087575153358347,0.4135260117016067,1.1272626387785731,1.4390903359189848,1.6370786045446315,3.941011701011294,8713241.731118836,14.258775649273613,18.73569728954333,0.4490110016722574,-0.01980539506565894,19.383073640318607,0.5829068988325,1034036268.6679442,44.11433662056635,20526.5902612477,17849570.086032804,-5.753311351237318e-07,-2.8869175281237323e-08,-12.996818932965533,44.11528866244263,97.39404906823958,97.39518100195046,61.696192224594796,66765.29484812712,76951857.75997764,1.0473714667718115,0.382830452916235,1.4073411911557845,3.334073256868906,0.3783642529757105,1.2314995173844134,3.295330168039759,0.5333674747872958,5.412215614328983,-0.8874999999999993,0.32237499999999997,0.281875,0.85390625,0.209375,1.0225,1.1565
12.219175,0.82675,10.5575,9.415,239.246875,0.09753097723287475,-16.134999999999998,9.161249999999999,44.9575,-44.9575,1.6138812013910428e-07,22.478748099871858,38.934338187678335,22.47875199330557,38.93433593980333,-38.934338187678335,0.0,10761891.710959516,18408743.750088274,0.40766488170715004,0.4126111776995776,1.1145155577983474,1.4232108846156855,1.622955549216242,3.936167327446963,8552715.59092257,11.108940630302586,26.389995027595656,0.5173860857479982,-0.03273408213826533,20.85883330303945,0.6638031692997878,1231017087.5472004,53.87796950859697,21176.7518727945,18505769.092088245,-5.420962842023152e-07,-2.5676130685224067e-08,-12.881903490401527,53.79901893619789,98.2712143223522,98.27353805310355,59.52005515278722,67447.17567167335,77408067.88896452,1.1003330642962115,0.38191259601399574,1.394671381083019,3.3304081336148132,0.37727843339674233,1.2174934759311524,3.2921705580345875,0.5525763203923478,5.4019924266059025,-3.0124999999999993,0.282625,0.317875,0.8629687500000001,1.2488750000000002,1.0975,1.0885
10.355425,1.03525,14.3275,12.215,241.17812500000002,0.0971200298919733,-17.995,15.49625,46.6825,-46.6825,1.6758051311558104e-07,23.341248026964752,40.428232051299425,23.341252069787846,40.42822971717442,-40.428232051299425,0.0,12232709.829020748,16461108.4563313,0.40642320566780715,0.4115081949514158,1.1045448926071415,1.410687604783411,1.611810885999231,3.932303061985989,9305694.876398066,16.98298273336677,6.530285084986154,0.4434565467472448,-0.008821268896799626,13.734029898319411,0.7589714945581613,705197757.8109246,23.448506087844482,19254.35605009275,16558124.032307314,-7.392849290246506e-07,-4.7797459925721876e-08,-12.70326466020828,23.460551491470014,99.7897117378488,99.79105068193078,71.06764703121866,67991.62315093893,77764693.85642995,1.1338367880874727,0.38113745368216667,1.3847275076405263,3.3275374235737347,0.3763679348155521,1.2065040487487988,3.289692129692934,0.5610951173199646,5.393203570098541,-12.1375,0.297625,0.35687499999999994,0.80609375,1.199875,1.0495,1.1515
12.516675,0.9567500000000001,12.4975,6.975,238.77812500000002,0.09763248446875762,-18.064999999999998,9.54625,50.3825,-50.3825,1.80862747325995e-07,25.191247870584302,43.63252613558814,25.191252233836796,43.63252361646313,-43.63252613558814,0.0,12125551.627793277,23366363.304653578,0.40760426667163735,0.41251201304590246,1.1169640829798178,1.4262205561057382,1.6256380856277026,3.9370230045702046,9179468.77534425,18.5414762029903,7.568981831117247,0.4130246580531507,-0.015704629450355542,20.855311790301272,0.6072199156197184,657064559.195912,28.20776863991045,25936.442278179326,23463359.39184045,-6.749393825329886e-07,-3.0094954417121253e-08,-14.590081054984344,28.220461520386213,123.31055342563778,123.31661725046108,83.66350836124664,67315.02822524964,77320553.7699147,1.089959861161552,0.38209062047400577,1.3971157701936496,3.331110618326441,0.3774891946922206,1.220187125335377,3.29277446080988,0.548855638057935,5.403973138002393,-13.8625,0.107875,0.496375,0.84890625,1.478125,1.2485,1.1955
9.156675,0.9307500000000001,13.7625,9.135,241.665625,0.09701694854484674,-17.634999999999998,11.99625,49.1825,-49.1825,1.7655499569018507e-07,24.591247921302287,42.59329562176477,24.59125218063173,42.59329316263976,-42.59329562176477,0.0,11250243.946490206,14574393.704967063,0.4062044855484111,0.41132674861901075,1.1020580153431228,1.4075712027834881,1.6090351990011595,3.9313819947260376,8879128.415791735,18.090774289804134,6.534385142014223,0.5068943661856532,-0.011599511863561543,14.270130822945875,0.8276477623148736,718390366.0811117,22.659923981251456,17382.716344321252,14671397.14843469,-7.169473830101792e-07,-4.6347967773595434e-08,-13.161167442650578,22.67183293055556,99.69328029371965,99.69488192255962,70.97252967793337,68129.05649521957,77853838.76890483,1.1410364699422808,0.38096202759824116,1.3822426103797651,3.3268404791911474,0.3761571512058754,1.2037608799331097,3.2890930750270653,0.5623273740076445,5.391297113917063,-19.2375,0.6313749999999999,0.6846249999999999,0.91140625,1.105375,0.8385,1.1205
11.685425,0.83975,11.7325,6.675,241.740625,0.09700115720355319,-19.455,14.41125,45.0325,-45.0325,1.6165735461634238e-07,22.516248096701982,38.99929009479229,22.516251996630885,38.99928784316729,-38.99929009479229,0.0,11379819.103000741,16797083.589784227,0.4063510562962608,0.4114817528042935,1.1016801716371485,1.407122625846301,1.6086368775332094,3.9312848947018972,8810979.152380077,15.142217420432297,13.817257321275852,0.32350827522157805,-0.016952216242475674,18.7648176205347,0.46810937506840067,835692034.6861045,37.936390687311736,19591.92846287742,16894102.61207852,-5.873898551424727e-07,-3.4559994411755796e-08,-14.75265365706782,37.9461055546534,95.90025457221778,95.90136233300643,62.31787639892317,68150.20008664735,77867516.91599771,1.1421466274425156,0.380935041276545,1.381860820957803,3.326733600543656,0.37612471635258476,1.203339809665692,3.289001286207211,0.5625169543398049,5.39100397870346,-7.5875,0.227875,0.176875,0.75328125,0.596125,1.2145,0.8734999999999999
9.191675,1.08375,12.3975,6.345,235.66562499999998,0.09831452969566383,-22.955,17.75375,53.682500000000005,-53.682500000000005,1.9270906432447233e-07,26.84124773110985,46.4904100486024,26.841252380150724,46.49040736447739,-46.4904100486024,0.0,12370148.724251965,15794122.403365806,0.40901075861281666,0.4136910031122359,1.1334582004780867,1.446778459195504,1.6438727686896104,3.9433324168250072,9214659.068362119,20.930505544127065,6.375257764950689,0.33827648287618134,-0.019387183647311047,16.8116371664589,0.5805441896769237,601402598.3858747,25.058024608680416,18491.274644141195,15891098.22351941,-7.730646155985003e-07,-5.4391016231238055e-08,-16.69055788314323,25.06890429524315,116.01900671174037,116.02526002243543,84.82163327423645,66437.56918099639,76729555.75057717,1.0224155214206103,0.3832707715800133,1.4134803593644463,3.335870732241145,0.3788844544422735,1.238325971064095,3.2968878015162377,0.5241968275765485,5.417129888529501,-5.887500000000001,0.24587499999999998,0.49112500000000003,0.8317187500000001,0.613625,1.0285,1.2085
6.951675,1.00675,10.6325,6.035,247.53437499999998,0.09583625009320115,-16.755,7.06125,56.3575,-56.3575,2.0231176067929863e-07,28.17874761805101,48.80702806900032,28.178752498753678,48.80702525112531,-48.80702806900032,0.0,8916991.676319955,7846006.692138364,0.4034655074942444,0.4090432404780941,1.072763678003787,1.3709053586792648,1.5760666312956793,3.9207400164068202,7755543.861484092,20.91308982161514,8.183636836539268,0.3787426304440603,-0.02717012631154854,14.803368016510953,0.512155410518086,658932047.9717965,27.17932647536454,10754.083335372356,7942982.192818621,-7.465369535121636e-07,-5.646395791073477e-08,-12.99544180676266,27.194680003158318,90.42299744039595,90.42993743343534,64.8985132880553,69783.5425244441,78894355.67244437,1.223111400762709,0.3788305042161163,1.3527832126299657,3.3187314518201596,0.37359194586593686,1.1715433020325543,3.282177502588272,0.5726161190912362,5.368167052363836,-19.2875,0.6043749999999999,0.5391250000000001,0.77203125,1.376625,1.0935,0.9944999999999999
7.861675,0.84975,11.7275,11.004999999999999,244.196875,0.09649765643141231,-20.965,16.61625,59.4075,-59.4075,2.1326062942031556e-07,29.703747489142796,51.44840562496804,29.703752633983218,51.44840265459303,-51.44840562496804,0.0,11803900.797232086,13046405.624320861,0.4048983896017243,0.4102122269741107,1.089257553125237,1.3915325325932315,1.5946636924178796,3.926635720009646,8973713.188954279,23.708821693395414,5.633063224435659,0.4070373900723895,-0.02213327719585962,14.76415628499201,0.652234323147234,598123722.3354715,23.450286032833066,15784.1403500136,13143366.267990798,-9.211459997493416e-07,-6.239516791658437e-08,-14.807036413331122,23.463864517155002,121.07632584424785,121.08293699495988,90.59071935656394,68842.65270590747,78308820.85334916,1.1788720474493566,0.3800265973882867,1.3694067164192993,3.3232587168062624,0.37503763070355245,1.189674101468054,3.286027690361996,0.5686735267746915,5.381053014916072,-17.0875,0.152125,0.5788749999999999,0.92671875,1.353875,0.7374999999999999,1.1995
12.350425000000001,0.74425,13.0025,8.395,248.715625,0.09561107990091021,-19.285,8.53125,45.7075,-45.7075,1.6408046491148547e-07,22.853748068173118,39.58385725881794,22.853752026558734,39.58385497344294,-39.58385725881794,0.0,11407747.417267792,20132292.13529644,0.4030647095063507,0.40873897866131137,1.067033268323263,1.3637432005197103,1.569582542556232,3.9187305460638946,8914781.71947528,16.075566089606223,7.9102868733856795,0.3151436048172428,-0.011946084719333644,18.013238037949865,0.5469682811607244,650291250.7696952,28.679365759499692,22840.263420906995,20229305.170997195,-6.045185089946792e-07,-3.070301077974246e-08,-15.611240025972995,28.695121365671625,105.64205008197455,105.64303292207605,68.85998535997788,70116.5540894318,79095950.77861789,1.2350887487959996,0.37840906454353573,1.3469818408535985,3.317174412663762,0.37308050134489446,1.1652415143236425,3.2808579740515778,0.5714329485118563,5.363652254255983,-9.8125,0.19637500000000002,0.295375,0.91234375,1.075625,1.3655,1.0055
8.955425,0.77125,11.2075,11.735,248.56562499999998,0.09563963129512017,-17.384999999999998,10.543750000000001,59.3575,-59.3575,2.1308113976882349e-07,29.678747491256047,51.405104353558734,29.67875263176634,51.40510138568373,-51.405104353558734,0.0,10748654.956192754,13323717.509798307,0.4029359972833298,0.40859490398341003,1.0677536397111955,1.3646187874408424,1.570374978200335,3.91894035380661,8532488.94213147,23.043396641539847,6.14355531656083,0.41214915680016434,-0.02212222545367449,15.75543223178738,0.5870269181409882,599985118.6010677,24.631882566428644,16074.398656466738,13420683.322762817,-8.350570537945979e-07,-4.786022881637208e-08,-13.257168842230799,24.64762749621735,118.51098019062968,118.51722599839988,82.91756147498491,70074.26690657625,79070449.67947048,1.2335666776602714,0.3784610259757337,1.3477152331075617,3.3173695070696283,0.3731440087783271,1.1660377636900847,3.2810230687355806,0.5715826487962473,5.364201659802664,-12.337499999999999,0.10187500000000001,0.335125,0.9042187500000001,1.135125,0.8234999999999999,1.0045
9.392925,1.0137500000000002,12.7125,11.165,244.290625,0.09647870609461529,-19.605,10.21125,54.582499999999996,-54.582499999999996,1.9593987805132977e-07,27.291247693071355,47.269832933969916,27.29125242005452,47.26983020484491,-47.269832933969916,0.0,11320408.293094493,15530204.743917571,0.4048950441389817,0.41021677784026644,1.0887889947865363,1.3909519096925815,1.5941420439729452,3.9264741928634956,8831069.031423345,21.03438886379195,5.704401348351454,0.4430422993872171,-0.016173476044428644,15.113745767323614,0.7261224512825516,620576952.6281803,22.95699511116291,18249.397619375777,15627181.456243977,-8.379091284283771e-07,-4.747729354783846e-08,-15.18974651633943,22.97008997228305,117.29277331598446,117.29905733026747,84.96510035864483,68869.08219519221,78325472.7990644,1.1802883802099413,0.37999285963406315,1.3689351166412898,3.3231288908236074,0.37499697648454156,1.1891581720939601,3.2859169821986627,0.5689103783852968,5.3806879739068885,-1.4875000000000007,0.39212499999999995,0.5878749999999999,0.77359375,1.101875,1.2414999999999998,0.7555
11.790425,0.89375,11.9575,7.234999999999999,243.69062499999998,0.09659906354487992,-23.915,14.51625,58.582499999999996,-58.582499999999996,2.1029905017069622e-07,29.29124752401141,50.733934646714474,29.291252597404732,50.73393171758946,-50.733934646714474,0.0,13414059.921841694,23807872.517474968,0.40514721264589465,0.4104224679209801,1.0918043389023158,1.394715302590094,1.5975291268653014,3.927568741648537,9627275.867845925,23.60546328613735,5.357288549197849,0.3324151861925655,-0.02503132264316151,21.37936417213338,0.5745904828677535,559614929.1201942,25.471665782199686,26270.043365885325,23904828.4460288,-7.691968568867869e-07,-4.085194533448369e-08,-18.77495409063754,25.484157568403855,153.9242263091569,153.93101599951748,107.37220997245538,68699.93346376989,78218844.96720944,1.1712443862325046,0.38022103237434257,1.3719689414480272,3.3239741655003017,0.375268744949911,1.1924724698295528,3.2866382251202784,0.5674116905835745,5.383209142432452,-17.9375,0.153625,0.347125,0.89765625,1.238375,1.3025,1.0675
11.834175,1.02825,14.0075,10.445,241.065625,0.09714392492658551,-23.805,11.71625,43.0825,-43.0825,1.5465725820815124e-07,21.541248179118707,37.31054050982933,21.541251910172655,37.310538355704324,-37.31054050982933,0.0,12770255.732817808,22299652.982386637,0.4065277605913378,0.4116048636309857,1.1051211962301168,1.411416562723021,1.6124598204631666,3.9325263793049725,9523660.458067184,16.015335635291034,7.301672954026002,0.2758045399864244,-0.009271904521196223,16.47030071078688,0.5616913997453569,675787746.5401046,27.205013739694675,24950.259696787973,22396668.52902279,-6.222980469075912e-07,-3.6342080844708855e-08,-18.70337370555485,27.217438904962258,108.11694417924654,108.1178463402759,73.90527090915157,67959.90776379724,77744064.40077578,1.1321793662468274,0.3811779370127846,1.3853017205043892,3.327698799315585,0.3764165634661364,1.2071386025827076,3.2898309681679097,0.56081076165966,5.393643743260441,-5.612500000000001,0.493375,0.665875,0.78640625,0.7938749999999999,0.9735,0.8755
12.849175,1.0057500000000001,12.7525,13.855,236.88437499999998,0.09805069795024106,-22.445,11.45375,60.2575,-60.2575,2.1631195349568093e-07,30.12874745321756,52.18452723892626,30.12875267167014,52.18452422605125,-52.18452723892626,0.0,14447655.171498306,30449122.673935875,0.40835019439127285,0.41311740439169986,1.1269560751314445,1.4386534017398553,1.6366867927878481,3.9407961637851994,10124044.612039821,25.228567817348203,4.59836100116103,0.3718050112957884,-0.018648480139129977,20.089989653138762,0.5603276319213574,547625730.0553906,24.475811612206513,32730.338166888472,30546075.348950014,-9.387629201488534e-07,-3.891129170432706e-08,-18.014124467683576,24.484700050525653,177.0554270317041,177.06278594492022,131.4238452100423,66781.15254169794,76962584.94758314,1.0485870682157057,0.3828091363208955,1.4070449517384556,3.3339868825084875,0.3783390569183267,1.2311707717886806,3.2952554535252987,0.533810122724611,5.411977903303581,-16.6375,0.401875,0.242125,0.85140625,1.219125,0.7695,1.0155
8.824175,0.80175,12.9975,7.245,245.134375,0.09630934370530343,-17.145,10.26375,44.8075,-44.8075,1.60849651184628e-07,22.4037481062116,38.80443437345041,22.40375198665493,38.80443213307541,-38.80443437345041,0.0,10056227.04172678,11620624.512294186,0.40473200135807436,0.41012318461548014,1.0845832238511683,1.3857256135973048,1.5894396656356042,3.9250116650244378,8353984.072173641,15.62365482343159,8.859574410499206,0.33583019926234436,-0.011508329739457939,14.011056221235552,0.631272846177816,712511576.6019745,28.10535441405773,14559.686265650702,11717648.50700878,-6.61178328532646e-07,-4.332502312120378e-08,-13.001238762943252,28.117129472320446,82.0471387822122,82.04918557291046,57.68709440899242,69106.94759875482,78474675.902562,1.1930790789235919,0.3796893128102531,1.3647005304040911,3.321966750656286,0.3746309870959799,1.1845318198176076,3.2849271467390424,0.5710425214542131,5.377406094138603,-4.512499999999999,0.6193749999999999,0.48812500000000003,0.85171875,1.381875,0.9884999999999999,1.4935
12.604175000000001,0.72425,12.3875,9.515,237.409375,0.09793354918413892,-17.405,13.81625,56.707499999999996,-56.707499999999996,2.0356818823974318e-07,28.35374760325826,49.11013696886546,28.35375251427182,49.110134133490455,-49.11013696886546,0.0,13442225.575161567,26313457.256702907,0.4081724846112543,0.41297892339018516,1.1241738493039584,1.4351943334101005,1.6336201790847424,3.939748067020653,9712392.071833257,21.995358176125784,6.264181687148659,0.4945731476308352,-0.018440719414629797,21.453793363719758,0.6798118094025618,660384139.9742992,25.61943874975688,28757.130034710986,26410433.240135945,-7.474923780548159e-07,-3.32774348189848e-08,-13.44017367286413,25.630183025270355,146.28522635679903,146.29166489714132,99.6426002191715,66929.15768169246,77062445.3162676,1.059969580667069,0.38261011090452024,1.4042837845264122,3.3331833766121433,0.3781037621791527,1.228109505550249,3.294560996499155,0.5379461251072679,5.409759085404415,-1.1875,0.281125,0.530875,0.82328125,1.483375,1.4755,1.4625
12.481675000000001,0.89775,13.0275,10.875,239.86562500000002,0.097397693432653,-17.445,12.43375,61.2075,-61.2075,2.1972225687403047e-07,30.603747413065822,53.00725139570309,30.603752713790815,53.007248335328086,-53.00725139570309,0.0,13544773.627163723,26264034.952511262,0.4069764860589202,0.41196271807931917,1.111279876939146,1.4191254815639298,1.6193001937010512,3.934849962840337,9756059.75548786,24.936879190817976,5.229039063877007,0.5968786462763811,-0.019398118857594255,19.93311060213516,0.8673566968729556,633637740.6957638,21.391628684904344,28673.157986396807,26360995.779766157,-7.744845040032057e-07,-3.6400951978041625e-08,-13.588274628033728,21.400603419846508,160.3029931301951,160.30964500677155,106.86418884856828,67621.61030095261,77523310.51993945,1.114097497472054,0.38167759442872123,1.3914531309274811,3.329486644500997,0.37700007617939996,1.2139530812131065,3.291379562728117,0.5574282061762607,5.3993801252960605,-5.7125,0.509125,0.6523749999999999,0.95203125,0.965375,1.0805,0.9175
9.699175,0.7142499999999999,13.7075,8.615,235.38437500000003,0.09837687290642702,-19.965,14.813749999999999,59.0075,-59.0075,2.118247122083789e-07,29.503747506048793,51.10199545369358,29.503752616248196,51.10199250331858,-51.10199545369358,0.0,12850580.604335023,18976580.76703857,0.4090972013003236,0.4137564588201211,1.1349648058070219,1.4486519512450404,1.6455245040167616,3.9439033083690993,9498362.539383996,24.268183284676628,5.452006203010024,0.699407741265532,-0.018127553114226362,16.354363183284438,1.061762810845117,706256535.3454169,19.68651896927722,21562.875794997904,19073544.006735083,-8.371143287055163e-07,-5.1716547514359834e-08,-14.9085715371199,19.695084660623493,138.4642327251039,138.47072785076273,101.70898276413695,66358.28071314217,76675243.39537758,1.0164277268381898,0.3833772138388064,1.4149704583940572,3.3363091670446314,0.37901014294934343,1.2399869040398241,3.297268566688476,0.5219953648306308,5.418318585655668,-8.0625,0.15662500000000001,0.41612499999999997,0.93953125,1.163125,1.2785,1.1155
8.124175000000001,1.0012500000000002,14.0025,13.225,236.54687500000003,0.09812292052159467,-16.675,16.65125,45.932500000000005,-45.932500000000005,1.6488816834319984e-07,22.966248058663496,39.778712980159824,22.966252036534684,39.77871068353482,-39.778712980159824,0.0,11482648.345812162,12108047.974119501,0.4087012718184735,0.413446969157811,1.1287549031815316,1.4409264626689178,1.6387027165991963,3.9415468827050235,8991964.810464244,16.529516737326365,7.4912635680534585,0.4738404831581547,-0.00835697024008754,11.75387607865439,0.8120086105380857,743749245.3704728,23.912633841353745,15020.109728197061,12205071.213254223,-7.6807785127551e-07,-5.657485793631348e-08,-10.798660500617954,23.922212801406467,85.41937719381389,85.4213256452806,61.64275711852395,66686.00638027291,76898768.54797038,1.0413003495788875,0.3829370628659514,1.408823653091817,3.33450601702736,0.378490235291651,1.233145411065306,3.295704665223963,0.5311069086012765,5.413405480761078,-12.112499999999999,0.279625,0.565375,0.79515625,0.10262500000000001,0.8424999999999999,0.7795
11.029175,0.79325,10.6875,13.485,246.31562499999998,0.09607690504324275,-17.905,10.24625,60.1075,-60.1075,2.1577348454120468e-07,30.053747459557307,52.05462342469834,30.053752665019505,52.054620419323335,-52.05462342469834,0.0,11978833.18146678,20098180.160028107,0.4039232301668394,0.4094017416638625,1.0787167974818481,1.3783590025557344,1.5827796817467301,3.9228232956403706,9034499.296246301,23.45455488361718,6.847603518873927,0.44553924373650317,-0.022497242817967833,19.172553519291824,0.5713701400652329,610865007.1363659,28.816039872420465,22671.14393278613,20195142.384201672,-8.49568601207113e-07,-3.741163633899203e-08,-14.148722168846785,28.831735871547266,142.2655971550606,142.2719849833781,98.8028271100051,69439.95916374252,78681552.3829224,1.210863713845978,0.37925259779266607,1.3587899880004086,3.3203468377958543,0.3741068963052262,1.178100999909959,3.2835509743543083,0.5739125859117788,5.3726424129877834,-18.3625,0.18212500000000004,0.5301250000000001,0.76359375,1.159625,0.9455,0.7004999999999999
7.327925,0.86625,11.8875,13.215,241.30937500000002,0.09709220238809871,-22.305,14.376249999999999,45.1075,-45.1075,1.619265890935805e-07,22.55374809353211,39.06424200190626,22.5537519999562,39.06423974653125,-39.06424200190626,0.0,10915502.449640557,11707352.223702226,0.40641623956189804,0.41151221574173613,1.1038758125110253,1.4098577352420978,1.6110728985404392,3.9320743419519277,8654585.210785221,16.36678192494541,11.414811569814102,0.26663570693630745,-0.012682977585308472,12.665616559269425,0.5104894660560364,780852464.2919675,33.68178923034999,14605.155295676233,11804363.360177077,-7.735820207438523e-07,-5.358941151020745e-08,-15.861980450254217,33.69289267477302,87.07277996421794,87.07468963251496,62.49355275610032,68028.62443593757,77788734.88817134,1.1357723639894548,0.3810902309836898,1.3840578938632255,3.327349400248733,0.37631120485462666,1.2057644930459146,3.28953044818189,0.561426865327494,5.392690281469171,-6.537500000000001,0.659125,0.224875,0.96765625,1.122875,1.3505,1.2795
9.419175,1.0967500000000001,13.8575,6.465,242.43437500000002,0.09685741843762784,-19.564999999999998,11.54125,52.0075,-52.0075,1.8669616099948762e-07,26.0037478019037,45.039817456390615,26.00375230588532,45.03981485601561,-45.039817456390615,0.0,11572247.421386842,16190906.20340344,0.40577516835344246,0.4109546042681123,1.0981440058267267,1.402660854840504,1.6046440815742467,3.929908385197361,8993341.408946281,19.69980562813528,6.427793472435824,0.6364430932282453,-0.014245032025804698,15.360112020684937,1.0491413094434263,699422547.4997042,21.428485358377564,18918.072531269383,16287893.197717074,-7.576591548224296e-07,-4.8142944814609874e-08,-15.004366972662597,21.440235987196296,112.37316477027892,112.37937798091237,81.98574308023626,68345.77830735443,77993302.73043798,1.1524443722305375,0.3806730773227791,1.3783232796532032,3.325737068282134,0.3758128259818191,1.1994507079409482,3.2881465348482175,0.564236647774926,5.3881091803045775,-16.2875,0.48812500000000003,0.38987499999999997,0.84703125,1.287375,1.4195,1.2005
9.856675,0.93225,14.1575,13.105,241.703125,0.09700905060659733,-19.525,14.79625,57.082499999999996,-57.082499999999996,2.049143606259338e-07,28.54124758740889,49.434896504435265,28.541252530898404,49.43489365031026,-49.434896504435265,0.0,13037356.404502075,19191511.0776929,0.4060526368131919,0.41117557601886146,1.101864257401947,1.4073083847792027,1.6087994041172748,3.9312731484245913,9616122.25838002,22.691368203423924,5.339006206238535,0.6962067832514076,-0.013890689002526822,14.645659909253428,1.0724980037087164,720021598.8296175,19.725651612688658,21801.165470870594,19288481.501637872,-8.999306858564057e-07,-5.3927469573820264e-08,-14.281824279195051,19.735913339869576,134.9610619090462,134.96756856991192,100.13410582890191,68139.62829093345,77860679.0938094,1.1415915301785535,0.3809485384261585,1.3820516400939757,3.3267870182458514,0.37614093882550975,1.2035503056699426,3.2890471709050386,0.5624221640687652,5.391150623686033,-15.7375,0.38687499999999997,0.38387499999999997,0.9417187499999999,0.6993749999999999,1.2885,0.8234999999999999
10.416675000000001,0.87175,13.5775,8.465,249.203125,0.09551976519097113,-16.405,19.83625,44.4575,-44.4575,1.5959322362418346e-07,22.22874812100435,38.50132547358527,22.22875197113679,38.501323250710264,-38.50132547358527,0.0,12145782.616824578,14788114.274736967,0.4028415765232701,0.40855502347788913,1.0646763591564579,1.3607964517719129,1.5669035880755766,3.9179026273597883,9241701.753377505,15.06888463766555,8.286359006036797,0.3526352255958358,-0.009595999258967204,14.94807562577234,0.6014443514346572,700851730.3658876,27.99120685339905,17679.481217082706,14885147.372429125,-6.21928674442828e-07,-4.5768270007606564e-08,-10.706424232775865,28.00634281541939,87.94196871215519,87.94340853489787,59.95670669620414,70253.98743371243,79178656.09962627,1.240066302003083,0.37822800416924474,1.3445902121152369,3.316530796616976,0.3728624926374667,1.1626545579248033,3.2803136828652786,0.5709533599394846,5.3616840146216,-16.9375,0.574375,0.553375,0.78765625,1.1403750000000001,1.0295,0.8245
10.224175,0.87975,10.7775,13.004999999999999,237.165625,0.09798782420231553,-21.895,11.10375,53.6075,-53.6075,1.924398298472342e-07,26.80374773427972,46.42545814148844,26.803752376825408,46.42545546111343,-46.42545814148844,0.0,11461075.151471334,16494306.603191793,0.4083414289901303,0.41313099646107704,1.1254661248264843,1.4368144518545516,1.6350584774005952,3.9402618747678395,8790931.478499882,20.717154045664884,8.807952443830327,0.28376476539793194,-0.019229618934344543,16.987102230630022,0.385025160905175,624038699.983417,31.466021931975998,19175.479933184408,16591281.966195967,-7.879685707478892e-07,-4.1528052677086874e-08,-17.089822875878223,31.479225867503285,119.20686001867146,119.21290578063717,81.46100501013748,66860.44100955217,77016140.67841986,1.054676580769137,0.382702532845546,1.405564928437868,3.3335558415394813,0.3782130363291009,1.2295292143420815,3.294882775649335,0.5360248012353278,5.410789310150172,-4.887499999999999,0.359125,0.301375,0.90015625,1.031875,1.4545,0.7885
12.892925000000002,0.92625,12.5425,10.135,249.034375,0.09555171545385037,-21.405,15.11125,50.6575,-50.6575,1.8184994040920146e-07,25.32874785896143,43.87068312833932,25.328752246029623,43.87068059546432,-43.87068312833932,0.0,13895455.287100183,27022179.034081,0.40273627862591027,0.40843262903693234,1.0654849331689826,1.3617815241472089,1.5677961060414443,3.918133332246115,9931903.126428906,18.323466403193713,6.863506608457499,0.36422273180516473,-0.014817488791516007,20.87196465774151,0.5403597358751767,591585492.7447447,29.30450113380208,29501.622824299637,27119168.68503951,-7.006666824788213e-07,-3.352215835257104e-08,-16.586163336104278,29.32099404881876,135.2931915005169,135.29966538372204,92.75338057152811,70206.41435299991,79150051.16141242,1.2383497942338284,0.3782864657275596,1.3454133581461203,3.316749113082187,0.3729339816310356,1.1635469953692412,3.2804982102332545,0.5711206036544197,5.362301697061579,-6.587499999999999,0.261625,0.639625,0.91640625,0.858625,0.7324999999999999,1.3054999999999999
8.474175,0.88375,12.7775,10.665,249.37187500000002,0.09548789117618162,-20.175,11.471250000000001,55.9075,-55.9075,2.006963538158699e-07,27.95374763707025,48.417316626316556,27.95375247880178,48.417313830941545,-48.417316626316556,0.0,11315356.68986051,14297016.781231795,0.4025406402650553,0.4082636647222742,1.0638592165250917,1.3597406975836512,1.5659443323410802,3.9175581167149254,8840921.110275544,21.505942368182247,5.501370048529935,0.5218328343926047,-0.017297734374531467,14.456186745190129,0.8518564852492685,639985651.8373784,22.079643626118344,17039.68056100573,14393988.17592396,-8.795306111984347e-07,-5.390406784647406e-08,-15.29680713920299,22.09414655662134,117.32835409110584,117.33488043751282,87.35406552676469,70301.56051442499,79207218.08676381,1.2417845716793376,0.3781695433180412,1.343767676462422,3.316312875762735,0.3727909912006786,1.1617632866316774,3.2801295783596713,0.5707867833832289,5.361066544595532,-10.8875,0.569875,0.422875,0.77109375,0.307375,0.7054999999999999,1.3525
7.922925,1.0132500000000002,10.8375,13.955,235.72187499999998,0.09830212863403018,-18.205,20.04625,57.807500000000005,-57.807500000000005,2.07516960572569e-07,28.903747556766778,50.06276493987022,28.903752563043135,50.06276204949521,-50.06276493987022,0.0,11807964.662888218,11749553.833855022,0.4089929397124255,0.4136774617657804,1.1331571220406786,1.446405384238982,1.643543893554935,3.94322366072545,8939101.14352376,22.460098188606377,7.504135234393461,0.34672793058808504,-0.01929578280010421,14.099091281889793,0.472448712014276,619765970.1063881,27.283682151217942,14539.018237129229,11846527.19157692,-8.806183454357093e-07,-6.088446653357538e-08,-11.581647608264294,27.295477680089938,108.58942574073211,108.59544933105391,76.39449930161263,66453.42687456722,76740397.33199082,1.0236153431959756,0.383249483292448,1.413182565015287,3.335783215993098,0.378859313474951,1.2379942400966657,3.296811839397015,0.5246371583319478,5.416892208709181,-6.6625,0.13487500000000002,0.6643749999999999,0.90171875,1.348625,0.7234999999999999,0.9265
12.927925,0.9457500000000001,14.067499999999999,10.405000000000001,237.259375,0.09796692538719333,-18.425,19.31125,51.0325,-51.0325,1.8319611279539205e-07,25.516247843112062,44.19544266390913,25.516252262656206,44.19544011228412,-44.19544266390913,0.0,14263844.197542878,24951552.458445597,0.40829335982010867,0.413089605159374,1.1249693333304303,1.4361931883705614,1.6345071787293564,3.940065783155616,10114292.251461172,19.127545159995723,5.8319229628453115,0.4466506699624753,-0.011544941545840735,18.10357847484793,0.7105268968767381,660817566.0123525,23.125159382977767,27484.28916947998,25048549.944930553,-6.691842696370927e-07,-3.934771595075403e-08,-13.130452852881662,23.135524345821874,128.3514011378229,128.35752611850023,85.13302542814968,66886.8704988369,77033962.40015626,1.0567106513847573,0.38266699208908594,1.4050720279118523,3.333412470638525,0.37817101583289287,1.2289828356605446,3.294758881758447,0.536763564832984,5.410393117155082,-15.587499999999999,0.237625,0.632875,0.78203125,1.082625,1.2105000000000001,0.7094999999999999
7.782925,0.9722500000000001,10.9275,9.295,242.60312499999998,0.09682235753689739,-18.215,14.043750000000001,45.8325,-45.8325,1.645291890402157e-07,22.916248062889995,39.692110437341206,22.916252032100928,39.692108145716205,-39.692110437341206,0.0,9784867.354903832,8461741.511558667,0.40590270015220836,0.4110986981291044,1.0972939222526612,1.4016283596623347,1.6037235497400435,3.9296606571521906,8120913.45421217,14.502916131660449,18.168481346768054,0.3044488070191372,-0.02200000758833648,13.61632378390838,0.4008609878340635,963534221.1739976,42.318370152556625,11459.135014768712,8558759.746219452,-7.202146224207598e-07,-5.429201756685133e-08,-12.601488623723395,42.29520745469522,74.8723012744458,74.8747141272356,53.075200850688006,68393.35138806692,78023813.37217848,1.1549588312841896,0.38061235924536396,1.3774674952431114,3.3254987995809433,0.3757397878484477,1.1985093426209417,3.2879423799477476,0.5646631447173915,5.3874504823044695,-18.9875,0.546625,0.20387500000000003,0.88578125,0.862125,1.0775000000000001,0.8855
6.916675,0.87725,10.7425,8.145,239.471875,0.09748254866840571,-16.305,8.95125,44.2575,-44.2575,1.5887526501821513e-07,22.128748129457346,38.32812038794804,22.12875196226928,38.32811817507303,-38.32812038794804,0.0,8403458.248044722,6131797.161282863,0.40750973871870355,0.4124727732847427,1.1133391632549887,1.4217449849205088,1.621646769710225,3.9357368455224573,7552170.027985777,11.808386407940993,26.19897864778627,0.35564360173591275,-0.0325310791241965,12.516893752687388,0.40238248634693374,1179559041.3920946,48.09832765530869,9207.266462575195,6228825.447328288,-7.13132765375993e-07,-5.531053161653152e-08,-11.832503152352361,48.369142965772994,63.05035262374648,63.05391455251572,44.349113151209906,67510.60644595671,77449909.49962814,1.105330738871584,0.381827107374656,1.3934999462035143,3.3300722462519166,0.3771772006071762,1.2162040524029252,3.2918820911527256,0.5543643026923024,5.4010415900934206,-5.3125,0.372625,0.43937500000000007,0.76140625,1.303125,0.9335,0.9355
10.005425,0.94125,13.592500000000001,13.405000000000001,240.559375,0.0972517514743497,-20.815,13.01125,58.6075,-58.6075,2.1038879499644227e-07,29.303747522954787,50.75558528241913,29.303752598513174,50.75558235204412,-50.75558528241913,0.0,12948148.771013856,20074777.154434588,0.4065678497996319,0.4116035764136569,1.1077100718104187,1.4146362319067174,1.6153199523042352,3.9334443030878643,9543229.03664238,23.893191300981677,5.955928151914258,0.6396904251036086,-0.015874217815180114,15.351967430558899,0.963111698184203,663553812.2162211,20.425174116780493,22638.89388525319,20171739.004437603,-9.219853215074557e-07,-5.1588049473257105e-08,-15.78703235894216,20.435145305762553,142.66285905855403,142.66950671871658,105.43536526715752,67817.18852165967,77651124.57384218,1.124739149471546,0.3813600979124646,1.387889474733957,3.328427554679979,0.37663530222432795,1.2100009261058955,3.290458468616285,0.5595346988248688,5.3956251824572705,-6.762499999999999,0.677125,0.5818749999999999,0.79984375,0.156875,1.2294999999999998,1.1225
8.754175,0.8692500000000001,10.7725,6.705,244.984375,0.09633917683473994,-20.445,7.79625,59.7825,-59.7825,2.1460680180650616e-07,29.891247473293426,51.77316516053784,29.8912526506098,51.773162171412835,-51.77316516053784,0.0,10467937.846399926,13414752.837003198,0.40457945673077816,0.4099551600607932,1.085325302762928,1.386620917290742,1.590244788309575,3.9252211395006618,8381152.466480226,23.710391143291687,6.491421172308041,0.3396965657204163,-0.030889577736967076,18.186684338210572,0.490505213175863,573349334.988588,26.098373185767436,16134.386298373704,13511709.551975511,-7.629356411147863e-07,-4.590460987150778e-08,-16.47378292027976,26.112905306911355,120.89472033471701,120.90109220249161,84.41316903962108,69064.66041589926,78448334.39517172,1.1907981942058832,0.3797432976866513,1.3654521252765714,3.322172569808987,0.37469609535522935,1.1853520419988357,3.285102285711221,0.5706634650955715,5.37798949597639,-13.2875,0.21962500000000001,0.145375,0.80984375,0.4368749999999999,0.8734999999999999,0.9655
10.757925,0.81725,11.4825,13.095,244.271875,0.09648249423502761,-20.575,18.43625,58.682500000000005,-58.682500000000005,2.106580294736804e-07,29.341247519784915,50.82053718953309,29.341252601838494,50.820534255408084,-50.82053718953309,0.0,13177541.749683881,19216329.59492885,0.4048736466040197,0.4101934011864083,1.088882287786751,1.3910639091162111,1.5942424533251514,3.926499203943883,9521299.938420627,22.970287836030984,5.889661643806887,0.3480107602892724,-0.020026415787876013,17.609358035951356,0.5231653903697334,559057314.8165888,26.36834437085864,21813.918350814485,19313294.162373554,-8.512839808319758e-07,-4.717355088494404e-08,-14.826980112910793,26.382435786399633,137.62632854346393,137.63270073683591,96.72059535377795,68863.79629733524,78322143.4206595,1.180005016443752,0.37999961166488866,1.3690294354791495,3.323154851931608,0.37500511203837644,1.189261340034634,3.2859391176342507,0.5688630081378312,5.38076104247011,-0.9125000000000014,0.37112500000000004,0.688375,0.84828125,0.9163749999999999,0.7605,0.8945
7.389175,0.74875,12.1475,13.665,236.39687500000002,0.09815509373385647,-23.695,9.86125,43.1575,-43.1575,1.5492649268538937e-07,21.57874817594883,37.37549241694329,21.57875191349797,37.37549025906828,-37.37549241694329,0.0,10470194.054159984,12731547.833224908,0.4088182523089822,0.41355372656600137,1.1295548050475477,1.441930960750263,1.639592090745888,3.9418671837268855,8489438.871047921,16.3256774054126,11.306496173697616,0.2402246710679292,-0.011553502046663038,12.628496472900045,0.5621616344754115,762581337.8454115,33.05152537718254,15605.228350673611,12828562.273909282,-7.542983584205156e-07,-4.711801366770565e-08,-18.102899069124245,33.060087881965785,87.60828096261969,87.61002820902732,62.85412906355951,66643.71919741735,76870067.8543002,1.038072749273277,0.38299388705747617,1.4096149705182703,3.3347373472451673,0.37855738204890477,1.234024710571193,3.2959050028898718,0.5299290353683372,5.414039439243198,-19.7625,0.176875,0.34787500000000005,0.77484375,0.42637500000000006,1.0535,0.8025
7.949175,0.78375,11.1925,10.415,235.740625,0.09829799959614191,-16.365000000000002,12.25875,46.4325,-46.4325,1.6668306485812064e-07,23.216248037531,40.21172569425289,23.216252058703457,40.21172337262788,-40.21172569425289,0.0,9536668.516237693,8541777.577852864,0.40921092795728964,0.4139002069932201,1.1330612988279407,1.4463195170320913,1.643471384302932,3.9432498542732373,8032334.878550736,15.500488299716693,14.833100022668642,0.32230227530461786,-0.016521967426670912,13.205950475483062,0.43372085883683037,871813948.5026678,36.35406880491779,11529.21760277421,8638796.839121515,-7.135223787278146e-07,-5.106746956986695e-08,-11.520470899459697,36.34481679272498,74.30596423460118,74.30838042464738,51.37962129523318,66458.71277242416,76744010.03300129,1.0240154226146903,0.38324238378308007,1.413083319376977,3.335754054505211,0.3788509295585877,1.2378836963153415,3.296786530052337,0.5247839581031778,5.416812932677814,-6.9625,0.5211250000000001,0.617875,0.86765625,0.230375,0.7815,0.8594999999999999
9.847925,1.09175,13.3975,12.945,244.815625,0.09637298086021635,-23.145,7.56875,56.8825,-56.8825,2.0419640201996548e-07,28.44124759586189,49.261691418798044,28.441252522030894,49.26168857467303,-49.261691418798044,0.0,12174308.54552526,20262555.46149803,0.40459708845550646,0.40995859482677155,1.0861651945673698,1.3876614500997313,1.5911813521689524,3.925505847487634,9222372.700660657,23.05471475039354,6.396934471814977,0.5875573184454171,-0.016324921352006097,15.521524646480126,0.9479195206855259,652078227.7515985,21.09350604299777,22822.994366515948,20359515.269799765,-8.943176496259167e-07,-4.6321336771969684e-08,-18.741415488817562,21.104913432952994,142.21476084880942,142.22156875230274,105.4540531703223,69017.08733518673,78418524.18698856,1.1882355521925019,0.37980401385742096,1.3662982974583804,3.3224045152466397,0.3747693137499363,1.1862759390229893,3.285299739483205,0.5702376790860575,5.378645738691877,-13.4375,0.246625,0.37112500000000004,0.80015625,0.7746249999999999,1.4895,0.8885
7.126675,0.83875,11.7825,12.754999999999999,241.38437499999998,0.09707632534976021,-16.895,16.231250000000003,51.2325,-51.2325,1.8391407140136038e-07,25.616247834659067,44.368647749546355,25.616252271523717,44.36864518792135,-44.368647749546355,0.0,10599497.24300087,9426494.833372056,0.4063297040058634,0.4114306121568951,1.1034917308851648,1.4093696110154708,1.6106378418065321,3.931921106001557,8513403.66387434,18.51167148589634,8.388744825545363,0.3890028850477354,-0.014086536488897454,12.278584304833839,0.5890964553446387,704723374.3713908,27.080502458028672,12347.996725301355,9523493.684112553,-8.36686176490876e-07,-6.124838588220614e-08,-10.939220580110687,27.092617034413802,86.93984853046702,86.94607059816745,62.405648980066466,68049.76802736532,77802459.54750657,1.1368793598070495,0.38106324075185444,1.383675472501885,3.327242086673087,0.37627877701585744,1.2053422028482974,3.289438183754294,0.5616164354833654,5.392396920042656,-2.037499999999998,0.503125,0.679375,0.78515625,0.37912500000000005,1.2305,0.9105
10.049175,1.07875,13.1075,13.585,242.959375,0.09674885469250126,-18.845,17.63125,50.932500000000005,-50.932500000000005,1.828371334924079e-07,25.46624784733856,44.108840121090516,25.466252258222454,44.10883757446551,-44.108840121090516,0.0,12643009.027566006,16561098.994217265,0.405547243798383,0.41076726194604074,1.095488938103587,1.3993379458653743,1.6016723929866843,3.9289377773801264,9403464.398553973,18.69227005141264,6.279052346914135,0.3786599838507874,-0.011692050919370266,14.452195368859362,0.61786304273545,644935240.1682713,24.499452215884055,19303.528814352547,16658095.01566086,-7.912358205533381e-07,-5.020795343212653e-08,-13.035522211778996,24.51248608643938,108.6112344055031,108.61717183838465,76.48075752409613,68493.78344734893,78087885.40000792,1.1602780304295495,0.3804841710424773,1.375663155065016,3.324997293838001,0.37558554464909266,1.1965260593134515,3.287512962406458,0.5655635329287478,5.386060354482527,-13.412500000000001,0.266875,0.6876249999999999,0.97515625,0.22162500000000002,1.2985,1.1215
11.221675000000001,0.76225,12.3675,10.885,246.671875,0.09600675857533543,-20.205,13.97375,49.3075,-49.3075,1.7700371981891527e-07,24.653747916019164,42.70154880028804,24.653752186173925,42.70154633491303,-42.70154880028804,0.0,12331057.591069425,19271301.728177503,0.4038977135391098,0.4094069242155134,1.0769741730508162,1.376191061837039,1.5808304380693372,3.922235814021927,9257795.408367295,17.817062864228944,7.500132377034319,0.3104609208132065,-0.013823342347560526,17.492793880696265,0.5277772832193827,624460629.9289321,28.470245603352144,21957.00496419531,19368299.2642459,-6.642510368635752e-07,-3.7483930762868634e-08,-15.371015739052911,28.486029785043584,113.43141338268701,113.4324302428296,75.52719100594885,69540.39122302453,78743480.61406763,1.2144368746535528,0.3791291976910848,1.3570305783407997,3.31987236798725,0.37395642688580133,1.1761776011632168,3.283147081017782,0.57354417733351,5.3713328857629525,-14.3875,0.210625,0.215125,0.91578125,0.618875,0.8025,1.4415
9.112925,0.85225,13.6475,12.165,249.57812499999997,0.09544905417607348,-20.025,11.20875,50.9075,-50.9075,1.8274738866666185e-07,25.453747848395185,44.08718948538586,25.45375225711401,44.08718694001085,-44.08718948538586,0.0,11533046.718585158,15796229.613574209,0.4024814489280623,0.4082218026287416,1.0628688773988693,1.3585058086232809,1.5648229254132804,3.917220657415204,8994999.828455407,18.902976148988266,5.74675604014384,0.49874047922409304,-0.012025024371967065,13.822023565852922,0.873376456547481,668800079.613719,22.495088929212574,18551.22704687578,15893219.651762923,-8.283089652949063e-07,-4.995274428584789e-08,-15.193520518222432,22.50981386382142,110.37058401870709,110.37686233877425,81.05455444982255,70359.70539085136,79242054.64102298,1.2438864926779143,0.37809808433250836,1.342763229924638,3.3160470677485696,0.3727035779555316,1.1606756067196309,3.279905139484738,0.570583396691539,5.360312001678354,-2.2875000000000014,0.236125,0.13187500000000002,0.81203125,0.645125,1.0075,0.8835
7.537925,1.02125,13.4025,9.375,237.690625,0.09787104139670313,-17.814999999999998,7.37625,43.6075,-43.6075,1.565418995488181e-07,21.80374815692959,37.76520385962705,21.80375193344987,37.765201679252044,-37.76520385962705,0.0,9394296.050473599,10111805.762968028,0.4082437569471402,0.4130739780813673,1.122690598002942,1.4333767996602713,1.63200891897108,3.9392422826582805,8094256.629730906,15.85884281807743,8.931815847618457,0.3702651615839984,-0.009912822601348851,11.963057507203532,0.6562870384610177,772228331.3748546,26.68475706765338,13083.1431604789,10208832.39056909,-7.399130619183032e-07,-4.800215232426246e-08,-13.755386136242041,26.69301047633119,77.14825456335656,77.15087077117857,56.79811474180516,67008.4461495467,77115856.71452196,1.0660957217254803,0.3825033598430678,1.4028071041526333,3.332754770575835,0.3779775404718028,1.2264746437971126,3.294191015238633,0.5402467863137961,5.408569254005434,-13.7875,0.181375,0.232375,0.88734375,0.415875,0.7915,1.2605
11.046675,1.1037500000000002,11.9875,6.805,249.071875,0.0955446090504128,-19.475,19.60875,57.332499999999996,-57.332499999999996,2.058118088833942e-07,28.666247576842643,49.6514028614818,28.666252541982793,49.65139999485679,-49.6514028614818,0.0,13082698.213267788,19445347.039855577,0.40269322754234915,0.40839222587451235,1.0653036481022229,1.3615513162208548,1.5675873257758826,3.9180658312244843,9497604.924055196,21.662150515784052,5.851598029654295,0.381596580634762,-0.02215670350228194,19.737963417048498,0.5978837764801265,594778535.3189797,25.384340381796466,22063.392470978248,19542318.95568577,-7.411957955949409e-07,-4.5617639217563026e-08,-13.953268651214357,25.39971252504422,132.12392009066082,132.1301671057047,91.21095398066757,70216.98614871381,79156411.31811288,1.238731053230374,0.37827347545036955,1.3452303880902496,3.316700565873651,0.3729180971486185,1.163348569648367,3.2804571674677265,0.5710834007661751,5.362164434155025,-9.1375,0.487375,0.143125,0.92484375,1.143875,1.0315,1.1804999999999999
12.980425,0.7707499999999999,12.3725,10.245000000000001,241.14062500000003,0.09712799047991583,-16.605,17.57875,58.6575,-58.6575,2.1056828464793434e-07,29.328747520841535,50.79888655382844,29.328752600730052,50.798883620953426,-50.79888655382844,0.0,14314522.465007167,28250418.087857172,0.40633246034741255,0.41141278382313723,1.1047342175964727,1.4109084359141035,1.6120060344382625,3.932341115031502,10072201.071344558,22.73636431020568,6.078969192894199,0.559030859594672,-0.019013532386113034,22.030818219308834,0.772532126029993,666626907.2486622,25.44279075433948,30644.93114782438,28347391.047239803,-7.60265292933717e-07,-3.4597399082363466e-08,-12.228488516897587,25.45412794083224,155.62357313342366,155.63016339838038,105.73655060827272,67981.05135522506,77757819.70828964,1.133284029669924,0.3811509540061922,1.3849188286654162,3.327591185742702,0.3763841510617065,1.2067154875313564,3.289738386652509,0.5610003323248071,5.393350393803104,-8.1375,0.552625,0.233125,0.83671875,1.024875,1.2505,1.0315
13.085425,0.9777500000000001,10.5675,8.415,242.715625,0.09679921815064346,-17.685,8.811250000000001,46.3825,-46.3825,1.6650357520662857e-07,23.19124803964425,40.168424422843586,23.191252056486583,40.16842210371858,-40.168424422843586,0.0,11309395.280793032,21685280.084324796,0.405881781597316,0.41108628085753385,1.0967251714374484,1.4009165989598196,1.6030865962505683,3.929441321631099,8772770.420825582,13.789918348749874,21.3739970924129,0.531776613011592,-0.027101217123147232,22.978552534893996,0.7592377915573636,1201320255.9316692,49.81668523141281,24349.755508120346,21782294.27203566,-5.650183802613922e-07,-2.4947327687388293e-08,-14.374287348876353,49.823309330506575,109.93281479712442,109.93425124855781,67.91364405346935,68425.06677520862,78043977.53773813,1.156636896961861,0.38057187405688364,1.3768974351995245,3.325340220568256,0.37569107957617615,1.1978824291041401,3.287806534556788,0.5649474770606963,5.387011317588182,-19.7125,0.45062499999999994,0.542125,0.83703125,1.4536250000000002,1.0554999999999999,1.2865
11.816675,0.91025,11.0875,12.025,245.940625,0.09614953357421131,-19.195,12.626249999999999,51.1325,-51.1325,1.8355509209837623e-07,25.566247838885563,44.282045206727744,25.56625226708996,44.28204265010274,-44.282045206727744,0.0,12059053.981677234,19930816.64800526,0.4041907328887529,0.4096418547124046,1.0805778288587478,1.3806945528243582,1.5848976069579397,3.923521705789141,9085270.872360857,18.003013734504478,9.951389939411612,0.40431713315022033,-0.016967935004488316,19.18769731882365,0.4961765766886887,682728218.9606546,34.70083063283519,22584.531233218884,20027808.50230605,-7.482379054026118e-07,-3.478829427779317e-08,-14.869256959837454,34.71893907653221,118.24935040424664,118.25535068748015,81.18893317114845,69334.24120660358,78616128.92572634,1.2053949038121474,0.3793989970603998,1.3606693688240579,3.320866158922144,0.3742807222461004,1.1801395610661305,3.28399187240293,0.5731622941092925,5.374270344880352,-6.237500000000001,0.29912500000000003,0.45962499999999995,0.86828125,1.005625,1.4985,1.0605
10.180425,0.78025,12.6575,7.125,236.003125,0.09824041073682618,-16.295,9.528749999999999,56.4075,-56.4075,2.024912503307907e-07,28.203747615937758,48.85032934040962,28.203752500970555,48.85032652003461,-48.85032934040962,0.0,11073072.510183569,16341320.014042098,0.4088850567732699,0.4135901429189421,1.131653292537843,1.4445309901699859,1.6418887865858476,3.942641442557034,8715968.094805326,22.207917310669973,6.00307005725223,0.5503599832928356,-0.018821531659940147,17.294153521312445,0.8425383292233908,664732984.1337475,21.974081912045687,19030.077825107022,16438297.535684353,-7.362061072551226e-07,-4.010874491792629e-08,-12.8117522747976,21.983973792728825,119.49345976415366,119.49945329416764,82.32949713393361,66532.71534242143,76794554.53149249,1.0296258747521232,0.3831429989620575,1.411694754977594,3.3353464604805607,0.3787335450462115,1.2363377126505548,3.2964329168337625,0.5268403811794069,5.415703431803643,-14.662500000000001,0.620125,0.532375,0.77234375,1.173625,1.0585,1.3005
12.831675,0.75775,13.4975,8.335,247.478125,0.09584716416091797,-18.145,17.49125,52.7325,-52.7325,1.892987609461228e-07,26.366247771261584,45.66768589182556,26.366252338030048,45.66768325520056,-45.66768589182556,0.0,13570041.591692798,24066914.24521097,0.4034661763786605,0.4090386612295383,1.0730372293056545,1.371241372972062,1.5763692516943637,3.9208168259660625,9802065.303905075,19.311627709365553,5.642719240828592,0.4333842325489265,-0.014129183801965308,19.18805961536761,0.6655376700856848,635072841.7422261,23.638370147690793,26618.40932238594,24163904.749496937,-6.775366315477556e-07,-3.79061874923842e-08,-13.31799827732781,23.651935453804313,130.06259425967366,130.06876400244633,85.97129703074323,69767.68483087329,78884667.64538142,1.2225439032702579,0.37884998498616823,1.3530597468706183,3.318805540175958,0.3736157265673475,1.17184458166636,3.282240383800807,0.5726731759059901,5.368373392873591,-6.512500000000001,0.45887500000000003,0.5293749999999999,0.91859375,0.547125,0.8055,1.1655
11.799175,0.9982500000000001,13.9925,11.285,235.103125,0.09843976446521804,-16.045,10.68375,49.082499999999996,-49.082499999999996,1.761960163872009e-07,24.541247925528783,42.50669307894616,24.541252176197975,42.50669062482115,-42.50669307894616,0.0,11984868.265026933,20140206.079752177,0.4093988517189685,0.41404015671611544,1.1364786667662057,1.4505657020941662,1.647213208218644,3.944534488575683,9196603.414708823,18.437075859930697,6.468509101597281,0.501796426603309,-0.01032134525295682,16.245821896299464,0.7871907542859362,703649122.3457376,22.71033144607373,22812.29408943052,20237213.264966134,-6.508715686359851e-07,-3.4672261300305005e-08,-12.391111530460396,22.720008647386578,112.04344879091404,112.0443497621028,73.82574910598062,66278.99224528794,76620749.8601828,1.010459262562576,0.38348361962348904,1.416462441308025,3.336749001141746,0.3791357614877068,1.2416514398718013,3.2976508616706837,0.5197978393701944,5.419507215438273,-12.5375,0.192625,0.10187500000000001,0.91328125,0.634625,0.7805,0.7725
13.146675,0.9272500000000001,13.0775,6.845,244.384375,0.09645977989230885,-19.355,17.92875,56.1075,-56.1075,2.0141431242183824e-07,28.053747628617256,48.590521711953784,28.053752487669293,48.59051890657878,-48.590521711953784,0.0,14496938.36405654,28971842.058860827,0.404817243523632,0.41014555779304296,1.0883193511710514,1.3903581329194394,1.5936077434755425,3.926289602190967,10170829.712221626,21.24095933288809,5.576388712560486,0.4671996448542959,-0.018136224417466238,22.17308896890433,0.6613297660223739,626902041.632267,24.961428183249602,31360.339483823023,29068817.626574032,-7.524022184277371e-07,-3.673097303633987e-08,-14.53751623383198,24.97321843127634,151.69699988891455,151.703680298867,105.42834006068486,68895.51168447694,78342111.98647377,1.181705631821902,0.3799591240806183,1.3684637683448297,3.322999212639941,0.3749563194163536,1.1886426208981669,3.2858064194113146,0.5691472297909849,5.380323006828986,-4.7875,0.37787499999999996,0.140875,0.9901562500000001,1.0598750000000001,1.4805,0.7384999999999999
8.780425000000001,0.8752500000000001,12.8775,12.275,235.684375,0.09831039355561721,-22.715,20.18625,55.4075,-55.4075,1.989014573009491e-07,27.703747658202744,47.98430391222349,27.703752456633,47.984301141848476,-47.98430391222349,0.0,13291811.807485403,16679724.933331182,0.4089623948603792,0.41364343050379976,1.1333569729468942,1.4466465212857802,1.6437558060258035,3.943283125347667,9631539.392833568,22.186760128909192,5.561802617636372,0.4131647747335716,-0.015891473377460632,14.6995193544358,0.7117188133734199,612872684.3194369,23.088456250904407,19343.900579580022,16776696.380071122,-8.878921178535551e-07,-6.129735031221705e-08,-15.597194475059759,23.098857298572266,125.16055239219527,125.1669729192876,93.63442126800628,66442.85507885332,76733170.28966254,1.0228153492014023,0.38326367174047793,1.4133810845569508,3.335841550594429,0.37887607066656714,1.2382153766541761,3.296862470826937,0.5243435931342384,5.417050602113202,-3.5124999999999993,0.10487500000000001,0.307375,0.89703125,0.592625,0.7454999999999999,1.3795
7.686675,0.8592500000000001,13.2475,7.035,236.84687499999998,0.09805910104516141,-16.125,19.57375,54.082499999999996,-54.082499999999996,1.9414498153640895e-07,27.04124771420385,46.83682021987685,27.041252397885742,46.83681751575184,-46.83682021987685,0.0,11519680.045837928,11046814.435393475,0.40846498764925215,0.41323106567735524,1.1271572636967067,1.438920397530973,1.6369250121651453,3.940907811806353,8932681.680635836,20.4304210270187,7.740172125180967,0.763576067729442,-0.015324574719483277,13.525017710678561,1.140571382978603,774306186.5265734,21.091573264816724,13901.527246959036,11143805.582109028,-8.22311538976078e-07,-6.746884027185858e-08,-10.042143043247453,21.101923048829157,97.31236708022305,97.31869874397117,73.12885820959158,66770.58074598407,76955434.07456887,1.0477765700340975,0.3828233472740234,1.407242434900285,3.334044458793526,0.37835585384023324,1.2313899031891729,3.2953052532625535,0.5335150133971023,5.412136373857037,-6.887499999999999,0.514375,0.326125,0.92046875,0.165625,0.9355,0.9255
10.267925,0.88025,13.8025,9.535,236.734375,0.09808373134357833,-20.865000000000002,8.338750000000001,58.7325,-58.7325,2.1083751912517246e-07,29.366247517671663,50.8638384609424,29.36625260405537,50.86383552431739,-50.8638384609424,0.0,12383116.121307379,21207721.92226923,0.4084563084044527,0.41321316533985275,1.1277540606897316,1.4396539343465486,1.6375737869727962,3.941113599693722,9321549.75643764,24.32826949204985,5.27225536471056,0.6633802388792629,-0.017881135808997358,16.87748065282698,1.0108937527133797,691019017.0239527,19.720766550064443,23731.299108864594,21304681.18951892,-8.360624544610434e-07,-4.397773576497725e-08,-16.869186319302884,19.72927602523836,145.55170854586052,145.55835780651168,105.27155505401649,66738.86535884239,76934007.0284772,1.0453427804331523,0.3828660344673458,1.4078352498970972,3.334217414192362,0.3784062908255583,1.2320477428576968,3.295454858365225,0.5325795407286233,5.412613217749629,-18.1375,0.31337499999999996,0.697375,0.77640625,1.495625,0.9105,0.9975
12.184175,0.98675,12.7375,13.045,242.56562499999998,0.09683013826624703,-18.915,16.24875,54.932500000000005,-54.932500000000005,1.9719630561177435e-07,27.466247678278616,47.572941833835074,27.466252435572667,47.57293908721007,-47.572941833835074,0.0,13300542.292118074,21894532.9306575,0.4056902310814737,0.41087930086629015,1.0974788085788363,1.4018237676442893,1.603895571100229,3.9296559194426712,9634235.11331992,20.947245767331626,5.627115901458563,0.38720237990750966,-0.014723142431294047,17.4890712536995,0.5860006197626435,599904012.3148674,24.44243198906261,24464.308239163583,21991512.84398812,-7.957860635186154e-07,-4.180138120376415e-08,-13.927592678317415,24.455030070172583,133.55815210093382,133.5644224890068,92.42206874207456,68382.77959235302,78017039.73698191,1.1543996691191798,0.38062585185605075,1.3776576139448806,3.325551709332198,0.37575601942113523,1.1987184298631814,3.287987705961131,0.5645683676255764,5.387596838859534,-3.5375000000000014,0.452875,0.321625,0.78453125,1.3451250000000001,0.9995,1.2275
10.276675000000001,1.0522500000000001,13.0825,12.435,244.046875,0.0965267206513112,-20.134999999999998,14.27125,44.1825,-44.1825,1.58606030540977e-07,22.09124813262722,38.263168480834075,22.09125195894396,38.26316627170907,-38.263168480834075,0.0,11718155.501416832,15549885.372400308,0.40516647806666134,0.41047241272407947,1.0900204626008427,1.3925104921610112,1.5955514764669383,3.9269704582705125,9031325.29510434,15.73790417032639,8.702886052372271,0.27751977318971505,-0.00977406333469529,14.202931585207727,0.5649689052547991,690284177.078579,29.573253240204515,18384.502535860418,15646906.689347984,-7.048382375448681e-07,-4.4058305672944705e-08,-14.70499242862999,29.587069478689838,93.3815344044627,93.38290085588882,65.23198150351291,68800.36552305188,78282287.4779125,1.1766101474344146,0.38009283508479375,1.370173724844218,3.3234787455844432,0.37511431840028037,1.1905060633727582,3.286215307429625,0.5683120935935126,5.381821284157705,-0.08749999999999858,0.5361250000000001,0.6373749999999999,0.9807812499999999,1.1893749999999998,1.1335,0.9915
9.349175,1.01825,12.0725,10.645,240.296875,0.0973075846883349,-18.605,10.473749999999999,49.4325,-49.4325,1.7745244394764546e-07,24.71624791073604,42.80980197881131,24.71625219171612,42.8097995071863,-42.80980197881131,0.0,10571142.246841397,13053724.244107757,0.40685519747105203,0.411873700099383,1.1090614941957964,1.4163566462076895,1.6168493826492485,3.933997219897867,8491452.419307966,18.184603738258,8.234555234837526,0.31673136341309416,-0.014449321490776632,14.802113134777626,0.5498276932320021,677149709.9185829,27.937309450687106,15886.061160987952,13150723.424056016,-7.497807974789741e-07,-4.440986722862717e-08,-14.205391126840878,27.949830149965937,96.7504990712688,96.75218038054747,67.9254141176611,67743.1859516624,77603079.61991693,1.1208931711768724,0.38145454368521164,1.3892336814050015,3.3288070782219568,0.3767486697871332,1.2114896287219166,3.2907856288759465,0.5588688005013988,5.396653240869637,-8.4375,0.621625,0.585625,0.75640625,1.4221249999999999,1.3645,0.7124999999999999
11.755425,0.91475,11.307500000000001,8.205,238.628125,0.09766513621235409,-21.985,7.07875,47.0325,-47.0325,1.688369406760256e-07,23.516248012172007,40.731340951164576,23.51625208530599,40.73133859953957,-40.731340951164576,0.0,11409283.779392734,20450266.432369858,0.4077526962355294,0.4126505603045109,1.1177527274345336,1.427214237445246,1.6265246496461314,3.937342078560297,8834046.414533706,16.90121063148593,12.509954253334628,0.33791288218132165,-0.018622783030145452,20.6592905889667,0.4375168062752679,775514110.3366015,37.4929238226057,23099.59487794599,20547265.72353137,-6.354214415216977e-07,-2.9615443888240494e-08,-18.220217057378346,37.50656410877461,111.72847626839156,111.72940763983013,74.8664842243607,67272.74104239407,77292456.21221443,1.086651506262481,0.3821475831097121,1.397899112993074,3.3313362115334573,0.37755661458176787,1.2210512201700223,3.2929685679192864,0.5476662614646235,5.404607161824273,-7.6875,0.110125,0.43262500000000004,0.76453125,1.434375,1.4555,0.7845
6.724175,0.93025,13.2125,9.475,242.84687499999998,0.09677207381678167,-23.495,13.09875,58.4075,-58.4075,2.0967083639047394e-07,29.203747531407785,50.582380196781905,29.203752589645664,50.582377276406895,-50.582380196781905,0.0,11619171.176131295,13623032.376631211,0.4054994930323699,0.41070922588614095,1.096055035179533,1.4000322294488283,1.6022928719958758,3.929118766738206,8975708.457669742,23.71770445664745,6.369473317064183,0.7188421756510119,-0.019585285656980256,13.430821658539289,1.104629340081064,730008566.137002,20.151004476771153,16334.515988862113,13719989.11430793,-9.98580775350905e-07,-7.053656837946666e-08,-17.35755248680161,20.162187443732435,123.58333443070121,123.5905293767675,98.54566583744848,68462.06806020725,78067634.8936907,1.158596645530084,0.3805246438637661,1.3762326707420045,3.325155451472126,0.3756342502094181,1.197151738741776,3.287648324856134,0.5652791989691967,5.386499121526194,-1.2375000000000007,0.270625,0.153625,0.81703125,0.9548749999999999,0.7294999999999999,0.8474999999999999
13.557925000000001,1.0517500000000002,12.7925,6.165,247.496875,0.0958435248899958,-19.064999999999998,9.70375,48.9575,-48.9575,1.7574729225847072e-07,24.47874793081191,42.39843990042289,24.478752170655785,42.39843745254789,-42.39843990042289,0.0,12592334.169730641,26610937.418961745,0.4034951440953837,0.40906969832494106,1.0729466615281833,1.3711329100041456,1.5762715202198037,3.920792503347543,9400587.892301716,17.42773944076039,7.403861252924854,0.41546222605814365,-0.01467355764141067,21.927276366994825,0.6187302827816166,649881022.8924388,29.09881237815437,29124.26755867836,26707937.072201226,-6.589991197511726e-07,-2.8454688531818562e-08,-15.501445432541766,29.114832081238887,127.4077482530015,127.40847975250591,86.05320415648103,69772.97072873022,78887897.76965035,1.2227331129255183,0.3788434915788608,1.3529675700092598,3.318780841074316,0.37360779927936455,1.1717441260558892,3.2822194154583797,0.5726541509498009,5.368304610072265,-14.2625,0.284125,0.250375,0.84671875,1.3311250000000001,1.3395000000000001,0.7615
11.422925,0.81375,13.3675,11.645,248.134375,0.0957219619884123,-18.585,15.44375,47.3575,-47.3575,1.7000362341072413e-07,23.678747998435888,41.01279921532507,23.678752099715698,41.01279684745006,-41.01279921532507,0.0,12256497.11233808,17759494.959982555,0.40322039347919375,0.40884609481872647,1.0698434007236837,1.3672497956032583,1.5727562035461864,3.9196965461670032,9263697.773439027,16.83007060534445,6.912203588493907,0.3467523001693546,-0.010514478756648328,15.456710534356667,0.6119137165917574,648284141.4845225,26.303887396437702,20519.007336264367,17856505.870880753,-7.141408787110725e-07,-4.232220919824563e-08,-13.503079468921841,26.31954955333945,104.26799732437301,104.26918898793384,72.09544253209933,69952.69125586642,78997020.8734809,1.2291975080190922,0.37861042669376366,1.3498265948007302,3.3179322058827116,0.3733265488688047,1.1683323188099037,3.281499638018726,0.5720151851579032,5.365782198916378,-10.6875,0.437125,0.460375,0.98890625,1.086125,1.4375,0.7324999999999999
9.602925,0.9237500000000001,12.8925,7.505,238.909375,0.09760398198834441,-17.875,17.26375,47.7325,-47.7325,1.7134979579691473e-07,23.86624798258652,41.33755875089487,23.86625211634228,41.337556364269865,-41.33755875089487,0.0,11619631.571495831,13919756.239806328,0.4075983362144338,0.4125167755639925,1.1162774422828086,1.4253745289450008,1.6248845204568045,3.9367837547829594,8962341.04145618,16.96719722393572,8.021250058433964,0.35621432484446136,-0.012800948524112935,15.350937331206126,0.5694824782570915,676639106.8868039,26.89339335393592,16761.929918151793,14016768.236056922,-6.759823517107332e-07,-4.7964966354794105e-08,-12.43216615984828,26.904400705054332,92.62072690590102,92.6223034976682,64.30292585878787,67352.02951024829,77345101.87424839,1.0928590579440112,0.38204078169927624,1.3964308103389484,3.3309135493719855,0.37743019892398244,1.2194319182366429,3.2926049687835732,0.5498968396766373,5.403418528308791,-14.1125,0.195625,0.533875,0.92953125,1.476375,1.2454999999999998,1.3555
8.290424999999999,0.88275,11.8925,10.385,245.209375,0.09629437943739126,-18.405,12.88875,43.2575,-43.2575,1.5528547198837352e-07,21.628748171722336,37.4620949597619,21.628751917931726,37.46209279688689,-37.4620949597619,0.0,10034762.070930252,9897007.337833706,0.4047335154156034,0.4101312942401086,1.0842110686241255,1.3852664349596349,1.5890261900910618,3.9248912694731373,8283787.222364593,14.309601560010895,14.546571484036523,0.2894259972569413,-0.014396224659633848,13.10542786414653,0.45130015761979786,881368357.2218776,37.612772498396,12893.697481905087,9994037.2690706,-7.020621987618058e-07,-4.825227483966811e-08,-13.160227329074079,37.60592804382161,73.8572589063621,73.85954972193629,51.73352208010208,69128.09119018262,78487891.95069134,1.194220398778553,0.3796623268426533,1.3643249320207698,3.3218639754026236,0.3745984355398174,1.1841220773213998,3.28483971997494,0.571232051096402,5.377114546752696,-10.3125,0.399625,0.443125,0.81453125,1.030125,0.7164999999999999,1.3325
10.932925000000001,1.0602500000000001,14.1275,11.865,237.146875,0.09799200755105292,-20.975,16.19625,49.4575,-49.4575,1.7754218877339152e-07,24.728747909679416,42.83145261451596,24.72875219282456,42.83145014164096,-42.83145261451596,0.0,13149348.409788363,19796846.34155752,0.40831995090724554,0.4131076827660584,1.1255650071344774,1.4369327503576552,1.635162918990964,3.940289534536231,9647257.597038085,18.79815012175794,5.794308975730978,0.4267098692178494,-0.01079150364521898,15.143319727497383,0.7711709907839045,643736752.3629804,23.046809136545992,22451.62923583287,19893842.483530678,-7.784768311969454e-07,-4.818615277783855e-08,-15.272053145856558,23.057446912490462,117.04093370769336,117.04201780707656,84.4270328993406,66855.15511169522,77012574.49606255,1.0542700559269091,0.38270963757145715,1.4056635664571626,3.333584539364385,0.37822143670943487,1.229638558312825,3.294907575303264,0.5358770814209238,5.4108684917536625,-19.8625,0.12662500000000002,0.6343749999999999,0.88828125,1.094875,1.1205,1.3455
8.482925,0.9647500000000001,11.2675,6.475,244.178125,0.09650138179590532,-19.595,10.33375,43.9825,-43.9825,1.5788807193500868e-07,21.99124814108022,38.089963395196854,21.991251950076453,38.08996119607185,-38.089963395196854,0.0,9636418.08182545,10038896.93803136,0.4052420153120874,0.410560081088843,1.0893586340833084,1.3917082084557917,1.5948242698120185,3.9267623258023403,8084124.960416004,14.228203575571042,18.324140619425215,0.2872732328629608,-0.02341171446650271,15.138166253813285,0.4420816032764451,956967308.5533155,42.85230155146398,13008.866952164199,10135918.516790237,-6.267389569075332e-07,-4.417335566159664e-08,-14.9406234048829,42.8264720313466,77.03428389398486,77.0363104702413,53.329774487918556,68837.36680805052,78305543.77795771,1.1785888210774755,0.38003333750051943,1.3695010047999108,3.3232846802466876,0.3750457552169445,1.1897773349531227,3.2860498450280256,0.5686261566561367,5.381125932556688,-6.262499999999999,0.129625,0.10637500000000001,0.9589062500000001,0.477125,0.9435,1.1435
11.597925,0.9692500000000001,11.1375,6.275,242.190625,0.09690812004027728,-16.825,9.37125,53.2575,-53.2575,1.9118340228678963e-07,26.628747749072467,46.12234924162329,26.628752361307264,46.12234657874828,-46.12234924162329,0.0,11341849.514928147,19673450.320482634,0.40595285903381306,0.4111145606160231,1.0993812884965415,1.404220061319123,1.6060372756761103,3.930379471853015,8783765.767847959,19.274719339019885,9.129964096352946,0.46952489777923,-0.021874756293283427,21.82585581688929,0.6134023327987925,704306972.3449373,31.365735158284508,22317.016476482935,19770437.962248713,-6.59582154615323e-07,-3.126324153016599e-08,-13.505540461918748,31.38099138213518,120.36047140315877,120.36637875581057,79.72862534251487,68277.06163521408,77949229.74911714,1.1488226562680133,0.38076074991991293,1.3795604729589792,3.326081984393376,0.37591827693830776,1.2008126996873472,3.288442271496359,0.5636431062109177,5.389060391808754,-2.6125000000000007,0.21587499999999998,0.132625,0.9729687499999999,0.41237500000000005,1.4575,1.1175
8.019175,0.74775,11.8275,9.605,248.22812499999998,0.09570399222494196,-23.265,18.22625,50.307500000000005,-50.307500000000005,1.805935128487569e-07,25.15374787375418,43.56757422847418,25.153752230511483,43.56757171309918,-43.56757422847418,0.0,11698933.967072034,12525073.568059115,0.40311715378957413,0.40874943253202706,1.0693878458222719,1.3666708211842487,1.5722324085870765,3.9195244993190053,8944543.865022022,18.26305956212674,8.010667535545295,0.26630383044882094,-0.016967378996313356,14.539667856582195,0.49328450944102914,633052245.471988,29.546695000867803,15352.920428234447,12622061.677660014,-8.06518693529916e-07,-5.9282447744290605e-08,-16.217878698009148,29.563807769005606,99.4900419792695,99.49637308405565,73.54348218748568,69979.12074515117,79013031.62296382,1.2301465598764514,0.3785779472506425,1.3493672619444028,3.3178096565502884,0.3732868727801865,1.1678328550598138,3.281395797344384,0.5719209444805696,5.365438478021974,-9.037500000000001,0.317875,0.282625,0.94046875,0.907625,1.4065,1.0805
11.125425,1.05075,12.1725,13.125,243.709375,0.09659527478335779,-18.325,15.74125,48.5325,-48.5325,1.7422163022078802e-07,24.266247948774527,42.030379093443784,24.26625215181232,42.030376666818775,-42.030379093443784,0.0,12008848.609906321,16571430.937575195,0.4052832369410682,0.41056239652731263,1.0917132300364631,1.3946231505815765,1.5974478222132371,3.927577151720853,9094901.701183155,17.175863498562155,8.5574029517384,0.33915018148237824,-0.012208791886071395,15.714727469845338,0.4564828541990358,647713159.012155,29.857907302839223,19341.955144779775,16668437.416966576,-7.23357455343436e-07,-4.1512802309506116e-08,-13.193250049764243,29.872791492936933,103.26179585536615,103.26299100065701,70.24045556268352,68705.21936162682,78222166.3808735,1.1715264743664666,0.3802142784727704,1.3718743781267133,3.3239480354443014,0.3752606119369068,1.1923688250744147,3.286615906429548,0.5674590797407963,5.38313597456339,-4.962499999999999,0.5728749999999999,0.513625,0.82953125,0.832375,0.8935,0.9485
7.607925,1.02275,13.8125,6.915,235.159375,0.0984271443560235,-19.075,9.84375,56.9575,-56.9575,2.044656364972036e-07,28.478747592692017,49.326643325912,28.478752525356214,49.326640478037,-49.326643325912,0.0,10912707.702117113,13377982.04171976,0.4092186301755791,0.4138619433410229,1.1361732331757457,1.4501632475417814,1.6468567360321569,3.9443796608444157,8714216.02722428,22.999072989543933,6.706261308405264,0.900656205775467,-0.01724062271086369,13.845163779070232,1.3777256858010059,874083418.607702,18.88857858935386,16116.976392509714,13474951.604989408,-8.770710575377737e-07,-5.7933975409656774e-08,-14.65185917749398,18.89746680889347,116.00908517605689,116.0156966126255,89.09057417983303,66294.8499388588,76631662.6192536,1.0116514207664242,0.3834623346114144,1.4161638847814606,3.3366609146964237,0.37911063684491086,1.2413182376267922,3.2975742735627476,0.5202371346925818,5.419269393354074,-7.362500000000001,0.321625,0.440125,0.83859375,0.377375,0.7655,0.7505
8.246675,0.88425,11.2125,10.695,237.63437500000003,0.09788349406287072,-22.525,7.09625,59.682500000000005,-59.682500000000005,2.14247822503522e-07,29.84124747751993,51.68656261771923,29.841252646176045,51.68655963359423,-51.68656261771923,0.0,10676036.154672012,13817135.071545826,0.4080464375535798,0.4128691070073483,1.1229832924500975,1.4337085991418905,1.632300854169216,3.9392927861062006,8479213.68981288,24.9221304430833,6.001536978403855,0.3566474499578953,-0.025481637888006965,15.849344603874512,0.545292996612492,595520768.3100423,24.420600462259372,16504.200169775962,13914087.379747663,-8.969238967184175e-07,-5.076798930604059e-08,-18.132926924470233,24.432134371824144,126.68639093050028,126.69301026886609,93.23411857087032,66992.58845597586,77105208.52721341,1.0648691364467175,0.382524687549373,1.4031022612000112,3.3328403574203556,0.3780027661342904,1.2268013201144732,3.294264873200685,0.5398025654962915,5.408806854871178,-17.5875,0.20087500000000003,0.39812499999999995,0.97546875,0.5103749999999999,1.3265,1.1095
10.722925,0.76325,11.557500000000001,13.835,236.078125,0.09822406919246987,-19.384999999999998,13.431249999999999,42.4325,-42.4325,1.5232389273875417e-07,21.216248206590947,36.74762398150833,21.216251881353244,36.747621859883324,-36.74762398150833,0.0,10978094.630236618,14188144.122564157,0.4091181376059869,0.4138325202937183,1.131258505936088,1.444076758263937,1.6414910084918917,3.942559330880373,8655697.008805986,14.073449939260017,18.461635841865373,0.29106233856913943,-0.015456762431422357,14.690811394039411,0.42338379989229125,955005277.139088,43.09107077963817,17071.29832507794,14285176.00570534,-6.601648523819383e-07,-3.762806702635534e-08,-14.315710705622667,43.07966592336755,85.42638071883975,85.42761490435228,56.64031167114646,66553.85893384923,76808957.30912954,1.031231943311003,0.3831146059771435,1.4112983047771765,3.3352302290045417,0.3787000047992185,1.235896603412908,3.2963321382567425,0.5274283259920055,5.415386556147508,-15.3625,0.141625,0.676375,0.85296875,0.21287499999999998,0.8165,1.3785
8.867925,1.0037500000000001,12.1025,9.585,247.946875,0.09575791771457201,-17.475,10.45625,44.5825,-44.5825,1.6004194775291368e-07,22.291248115721228,38.60957865210854,22.291251976678986,38.60957642298353,-38.60957865210854,0.0,9845727.16700564,10573746.036069408,0.4034534143420084,0.40906684119646525,1.0707559836254106,1.3684168570114585,1.5738123734723508,3.9200630110027492,8213768.463145094,15.121792121104106,11.4575738589118,0.2990195209803893,-0.013199199784707969,13.72383091329643,0.4520264386769222,761693516.9344723,33.28697405844947,13543.279336545927,10670770.373399233,-6.904697015828671e-07,-4.477401234655578e-08,-13.061075019098551,33.29665002737102,79.08022478845906,79.08238045224665,55.30021627844578,69899.83227729694,78965005.03152563,1.2273009280290563,0.37867538893714014,1.3507459367763759,3.3181777023083434,0.3734058906696936,1.1693323609539812,3.2817077240275325,0.572204068528363,5.3664698380043285,-8.8375,0.350125,0.41912499999999997,0.94546875,0.760625,1.0505,0.8314999999999999
7.056675,0.97475,11.9625,12.785,241.684375,0.09701299899262021,-17.845,12.52125,58.8575,-58.8575,2.1128624325390266e-07,29.42874751238854,50.97209163946567,29.428752609597563,50.97208869659066,-50.97209163946567,0.0,10699530.748875856,10959522.060329456,0.4060945079293595,0.41121664826213145,1.1019603756043184,1.4074350971979916,1.6089130050456764,3.93132331990871,8554043.31925219,23.16048184811189,6.174299287829804,0.5951869661153781,-0.018864058762694556,12.939362787521958,0.8757923925053972,693322319.1947097,21.872715776982854,13761.759883013923,11056489.351410564,-9.396307438575326e-07,-6.162825324825373e-08,-12.776172472300098,21.884741579339856,108.38229957404829,108.38887773736816,79.8113583124635,68134.34239307651,77857259.24997291,1.1413139579978886,0.3809552889323812,1.3821471494852524,3.326813756816895,0.37614905068305193,1.2036555998513208,3.289070126679151,0.5623747690713655,5.391223950643757,-2.2124999999999986,0.425875,0.633625,0.88328125,0.401875,0.9525,0.7625
13.610425000000001,0.9862500000000001,14.1975,13.435,235.40312500000002,0.09837269907756403,-23.685,12.76625,46.9575,-46.9575,1.6856770619878749e-07,23.478748015341885,40.66638904405062,23.478752081980677,40.66638669617561,-40.66638904405062,0.0,14299137.61202896,29584666.631458055,0.409186874165518,0.4138487708459468,1.1348662954255686,1.4485422487025168,1.6454289961807766,3.9438872553968314,10169571.862557512,17.98016143292713,5.928597916871633,0.3183777499243175,-0.009629009123521982,18.011181820142895,0.6089606531010356,625963224.8564985,24.626924341075124,32003.681702146743,29681664.929161664,-6.410118477513071e-07,-3.329177031118276e-08,-18.70226098891459,24.63680956777253,132.51878229327374,132.51936743526264,87.00924398730845,66363.56661099913,76678870.00576667,1.0168263333389937,0.3833701130851319,1.4148710747174273,3.336279893785708,0.3790017598830324,1.239876056289982,3.2972431289244386,0.5221419593907253,5.418239247288213,-13.9375,0.41837500000000005,0.674875,0.75046875,0.751875,1.3805,1.2385
12.551675,0.82475,10.5325,9.245000000000001,239.453125,0.09748657657407447,-22.365,19.363750000000003,42.1075,-42.1075,1.5115721000405568e-07,21.05374822032707,36.46616571734784,21.05375186694354,36.46616361197284,-36.46616571734784,0.0,12618071.228692684,20245166.922627836,0.4075187568656211,0.41247963721729847,1.1134380068242493,1.421861327946431,1.6217495998652465,3.9357496211626892,9301634.316721205,7.583003173125623,62.31129651963487,0.5216904117293862,-0.2453675621190625,21.41571377708884,0.7979569404782514,2251457780.091154,129.1679795466372,22977.64392494886,20342195.693775237,-5.62702324496143e-07,-3.04011815726583e-08,-16.58034975612831,129.23869233295005,86.29396161812551,86.3377329130556,62.791136867621276,67505.32054809976,77446427.19675143,1.104913756898764,0.38183423361677593,1.3935975174328157,3.330100205155119,0.3771856402121529,1.2163114355878648,3.2919060998443013,0.5542152539879468,5.4011208492777385,-9.8875,0.647125,0.43862500000000004,0.91078125,0.7413749999999999,1.4165,1.4815
6.767925,0.96525,13.2825,10.685,247.834375,0.09577945830488081,-19.535,11.36625,59.0325,-59.0325,2.1191445703412494e-07,29.516247504992165,51.123646089398235,29.516252617356635,51.12364313777323,-51.123646089398235,0.0,10953491.816859886,12180885.844849244,0.4032071623217696,0.4088061700820547,1.0712958089698397,1.3690493716164323,1.574382077984255,3.920172906730463,8725939.113010855,23.39157033762973,6.369756564043899,0.8552146618360814,-0.01815627928482356,12.734898868040569,1.295837426565346,834879206.3275074,19.23981986053935,14949.9351117755,12277848.394202605,-9.838821518540057e-07,-6.648324118890784e-08,-14.429319759877892,19.252511843112792,117.92207455612798,117.92909939089688,92.15162897382551,69868.11689015527,78945834.75217117,1.2261639002725946,0.37871435273593823,1.3512979298851262,3.318325233662758,0.373453475741364,1.169933116119189,3.2818328268922405,0.5723176561011099,5.366882317598208,-18.6375,0.228625,0.42737500000000006,0.77953125,0.5313749999999999,0.9984999999999999,1.4695
13.295425000000002,0.9942500000000001,14.3825,9.385,239.303125,0.09751885057445778,-17.965,13.501249999999999,54.7825,-54.7825,1.966578366572981e-07,27.39124768461836,47.44303801960715,27.39125242892203,47.44303528048214,-47.44303801960715,0.0,13795400.452895822,27386203.63153137,0.40727730474048424,0.4122225313450322,1.1142141933197152,1.4227841001181605,1.6225707746498887,3.935963041159638,9935806.056106575,21.20630415471876,7.898953678562863,0.6721331041979538,-0.013513414542386038,18.97372738053069,1.0421948370028327,725861105.6386664,20.886177388838778,29820.565084399717,27483184.963476025,-7.093021482212962e-07,-3.61985904872552e-08,-13.828323292734598,20.89540258387597,144.51056681903503,144.51704219128897,96.18944230811839,67463.03336524419,77418539.6171783,1.1015813225663003,0.3818912253693691,1.394378406578671,3.330324081601755,0.3772531290425405,1.217170918112308,3.292098357890832,0.5530231923380299,5.401754712532554,-15.9875,0.5008750000000001,0.411625,0.95421875,0.218125,1.0434999999999999,1.2115
6.934175,0.9712500000000001,14.3675,13.025,241.909375,0.09696578130897172,-16.875,17.80625,51.6075,-51.6075,1.85260243787551e-07,25.803747818809697,44.69340728511616,25.8037522881503,44.693404704741155,-44.69340728511616,0.0,11820042.977798639,11890788.357496545,0.4060110296834508,0.4111506970440558,1.1008159244050935,1.4060035938508544,1.6076366366237198,3.930904626799365,9158162.779944438,19.09850497249505,6.850721714209724,0.8458648334423715,-0.01033908175751582,11.331468075034214,1.278659138028019,856927806.7555759,19.978977895640526,14751.158224962226,11987786.526383175,-8.814011738095395e-07,-6.88381502083577e-08,-10.53241688065424,19.990390302867933,97.19537249529203,97.20172301865821,73.6153401679215,68197.77316735988,77898185.56159511,1.1446469926784224,0.38087431811266237,1.3810022811224032,3.326493451449351,0.3760517224166493,1.2023932409258467,3.288795101536053,0.5629416865257957,5.390344556783843,-8.3375,0.26837500000000003,0.689125,0.97828125,0.9023749999999999,1.0205,1.2025000000000001
8.159175,1.0197500000000002,10.5525,12.525,244.871875,0.09636170158112367,-22.925,10.403749999999999,42.9575,-42.9575,1.5420853407942104e-07,21.47874818440183,37.20228733130606,21.47875190463046,37.20228518343105,-37.20228733130606,0.0,9999452.21255207,10825835.570366237,0.40491076552621663,0.41028257156923487,1.0858922175173684,1.3873711923714576,1.5909227860368635,3.925503934822116,8216022.858186679,13.399650505802002,28.727494000836696,0.2583706698068894,-0.03889905867405065,13.830736899259694,0.411433345825652,1298843022.1944447,56.752544833213456,13767.771730156364,10922853.378160419,-6.865195380161398e-07,-4.445863205570382e-08,-17.364315762116536,57.17065218296421,80.96744475933649,80.96976907798138,54.41839134342626,69032.94502875755,78428467.54543838,1.1890894180524585,0.3797837745788068,1.366016142586987,3.322327146036116,0.3747449096495302,1.185967855174787,3.28523387332492,0.5703791747981497,5.378426964553863,-0.9624999999999986,0.42137500000000006,0.225625,0.98171875,1.455375,0.7314999999999999,1.1365
7.257925,1.04475,13.6675,6.815,236.69687500000003,0.0980916925152578,-19.115000000000002,17.456249999999997,61.1325,-61.1325,2.1945302239679235e-07,30.566247416235694,52.94229948858913,30.5662527104655,52.942296431964124,-52.94229948858913,0.0,12078663.89703142,13128231.207910217,0.40845620771830915,0.4132101433576877,1.1279531383640267,1.4399004029833413,1.63779195826935,3.941188759033991,9171626.756264511,24.91104277374851,8.147558320305272,1.032321854526222,-0.020149527324645436,13.888912367873543,1.5457602773637964,1004839057.4798253,18.196109087034912,15849.98088476971,13225190.923440926,-9.413859885850886e-07,-7.292199413766293e-08,-13.06538666473093,18.204827510141545,121.63618111134066,121.64301869493656,94.92304728087171,66728.29356312849,76926846.75782032,1.0445337239885522,0.3828802356919431,1.40803286441156,3.3342750818049436,0.3784230769199342,1.2322671570751242,3.2955047639059947,0.5322847795376271,5.412771575197867,-19.5875,0.296125,0.154375,0.81828125,1.3976250000000001,1.4175,1.2774999999999999
8.377925,0.9497500000000001,13.2625,8.435,248.41562499999998,0.09566826848810915,-22.265,18.278750000000002,56.1575,-56.1575,2.015938020733303e-07,28.078747626504004,48.63382298336309,28.078752489886167,48.63382017548808,-48.63382298336309,0.0,12606050.08412467,15253086.553478982,0.40295310853805155,0.4085989800300458,1.0684781884741819,1.3655184456194032,1.5711891003938474,3.9191794412123424,9372967.312724032,21.651061686439345,5.583950330969387,0.5807142967791924,-0.017791867211084195,14.791214369421962,0.9330368799704956,632861656.1342204,21.573322360483925,17964.87069988292,15350055.574049953,-8.907862580876115e-07,-6.431098156280518e-08,-15.64585248562824,21.586917018908665,121.63443459686364,121.64113946867818,93.47772111939393,70031.97972372064,79044893.75173815,1.2320458921628692,0.3785129994843931,1.3484491473850528,3.317564934113287,0.3732075189347566,1.1668350046491816,3.281188521192653,0.5717326908137057,5.36475139765203,-9.2375,0.506875,0.19037500000000002,0.76203125,1.236625,1.1215,1.1085
10.714175000000001,0.80275,14.307500000000001,6.415,247.721875,0.09580114198110544,-22.825,15.28625,42.1825,-42.1825,1.5142644448129377e-07,21.091248217157194,36.5311176244618,21.091251870268856,36.53111551533679,-36.5311176244618,0.0,12358310.497090671,18442700.52306831,0.40344981376150346,0.4090430915629343,1.0718469444573335,1.3697670503577455,1.5750313208889382,3.920413572181403,9363558.087932762,15.007477300672702,7.461241626020718,0.29895954429430555,-0.0092467624933348,15.50810497969361,0.643241867014314,661939905.2459853,27.465912995006576,21221.19706587976,18539725.318646036,-6.3403370471247e-07,-4.32892592809752e-08,-17.058335279452812,27.480924712525805,96.57594437453834,96.577201266281,68.55547644912068,69836.40150301358,78926555.62198564,1.2250273071864268,0.3787533275753725,1.3518502000330632,3.318472953682422,0.3735010643530527,1.17053436814758,3.281958126130975,0.5724313951052542,5.367295056332726,-18.3875,0.113125,0.624625,0.86390625,0.239125,1.4845000000000002,1.2814999999999999
9.760425,0.9367500000000001,10.6775,12.955,235.646875,0.09831866840704269,-19.085,11.17375,54.4825,-54.4825,1.9558089874834563e-07,27.241247697297858,47.18323039115131,27.241252415620767,47.1832276670263,-47.18323039115131,0.0,10967081.845571324,14482849.031231169,0.40908017253115564,0.41375994930305077,1.1335596565293962,1.446914554577466,1.6439937915622447,3.943389770219813,8583802.69151156,20.840466452668252,9.035833276264597,0.3301690639279193,-0.019246379602644234,16.321233834466966,0.4518064823482227,640187440.0218753,30.606985583501167,17219.52131425429,14579827.752781505,-7.726706329803263e-07,-4.2734857230277893e-08,-14.610092299773347,30.619192722598616,112.5142779629152,112.52013172613657,75.92460691844224,66432.28328313942,76725940.40624864,1.0220157229052176,0.38327787177703193,1.4135796561523488,3.33589992373526,0.37889283866983925,1.2384365981746221,3.2969131423949953,0.524050073574288,5.417209178410413,-6.9375,0.35087499999999994,0.16412500000000002,0.9723437500000001,0.848125,1.0685,1.2645
6.671675,0.93125,14.317499999999999,8.545,238.83437500000002,0.09762026134102034,-17.095,12.17125,58.932500000000005,-58.932500000000005,2.1155547773114081e-07,29.466247509218668,51.03704354657963,29.466252612922883,51.03704059995462,-51.03704354657963,0.0,10834984.324040808,11429560.363664456,0.40745034784566914,0.4123604841191192,1.116666542248563,1.4258329414403752,1.6252913577531745,3.9368833896618085,8717914.67006414,23.270365858623173,14.413863381227893,1.4875002066619678,-0.01623655571758094,12.122259208095716,2.436540742929142,1630903919.1230605,17.186949509925295,14219.004800782399,11526528.894426504,-9.822521322915425e-07,-7.06608849154544e-08,-12.226725543079711,17.196043396189957,110.1695712595695,110.176603872376,86.81799019465151,67330.88591882051,77331078.66878161,1.0912018469133842,0.38206926505120514,1.3968221621823609,3.3310261263370715,0.37746391547896513,1.219863365794514,3.2927017847634827,0.5493018107696457,5.403735499243388,-16.8875,0.503875,0.43562499999999993,0.97390625,0.681875,1.2005,1.1625
8.710425,0.74525,12.2275,12.155000000000001,241.946875,0.09695791351057835,-17.945,11.57625,49.2325,-49.2325,1.7673448534167717e-07,24.61624791918904,42.63659689317408,24.61625218284861,42.63659443154907,-42.63659689317408,0.0,10527732.07104729,12161296.916313611,0.406099136089285,0.4112433528976428,1.1006273918959744,1.4057827088522576,1.607440587598794,3.930862314679915,8502278.36677261,17.833166842470163,7.9573412579517235,0.33705249588588326,-0.012978291585981907,13.636910656062735,0.548281407942583,663150979.6339799,27.203787640557287,15025.733384249397,12258299.153997391,-7.755145210654431e-07,-4.7243098953987526e-08,-13.298869234543178,27.216763495431213,93.22062991144468,93.22251870679281,66.2232860996553,68208.34496307377,77905009.23276815,1.1452031670274008,0.38086082072552174,1.3808115804639312,3.3264401434935817,0.3760354972270365,1.2021830772121744,3.288749349999397,0.5630364761869279,5.390197977254959,-16.1625,0.591625,0.255625,0.9879687500000001,0.5978749999999999,1.4875,1.4765000000000001
11.072925000000001,1.08475,11.8025,9.145,248.50937499999998,0.09565036376819133,-16.355,13.151250000000001,42.4575,-42.4575,1.5241363756450025e-07,21.228748205534323,36.76927461721299,21.228751882461683,36.76927249433798,-36.76927461721299,0.0,10705780.354475165,14077348.75572377,0.40340888125158403,0.40907105322438125,1.0680356704754526,1.3650359888602583,1.5707547934308999,3.9191502082646212,8566768.490297422,12.997203883377587,17.640037803337556,0.3554647444749748,-0.01733280622586099,16.599999481097957,0.4700936430227075,971201392.8245106,42.62083094293904,17003.037864025533,14174388.755212214,-5.505872304235528e-07,-3.379502915640249e-08,-12.089389334297842,42.58896571050806,81.87147550937875,81.87295138837722,51.52664193074869,70058.40921300538,79060869.6606265,1.2329962028990469,0.37848052052335657,1.3479903648399867,3.3174427523945043,0.37316783102134093,1.1663366158085604,3.2810850768572766,0.5716388748176535,5.364407873879415,-10.237499999999999,0.17012500000000003,0.288625,0.97796875,0.39137500000000003,1.3845,1.1915
6.969175,1.0217500000000002,13.4575,7.175,244.121875,0.09651152782948856,-17.305,18.68125,53.8825,-53.8825,1.9342702293044065e-07,26.94124772265685,46.66361513423963,26.941252389018235,46.66361244011462,-46.66361513423963,0.0,11262891.556788113,10189326.357068721,0.4049737416498521,0.4102829442968859,1.089641097136163,1.3920140061122634,1.5951044352008297,3.92679541454388,8839216.267372236,19.98553583356889,7.800287417958461,0.8060821803003513,-0.015053116575558646,12.528643591668597,1.188485462880488,807022815.1547885,20.702529297049896,13069.702582880891,10286315.043915141,-8.910375983810984e-07,-7.492532727379665e-08,-10.852695481630729,20.71514610534135,95.2210345331566,95.2279424514024,74.06320081490647,68821.50911447966,78295626.30046196,1.1777417713704523,0.38006584668550264,1.3697962387943392,3.323374715303286,0.37508179955935217,1.190092793829713,3.2861265412413068,0.5685016540774214,5.3815291872328235,-9.637500000000001,0.373375,0.32237499999999997,0.97359375,0.38087499999999996,1.2475,0.8035
9.270425,0.79775,10.9875,8.135,246.446875,0.09605105212602644,-23.505,9.51125,49.9075,-49.9075,1.7915759563682024e-07,24.95374789066017,43.22116405719972,24.953752212776457,43.221161561824715,-43.22116405719972,0.0,10745560.978183461,14123564.786705015,0.4040035804998869,0.4094950093649361,1.0780762533233692,1.377575747788318,1.5820764365631543,3.9226332318650097,8525013.958198518,18.243169425875465,10.411232744961053,0.24732912582779848,-0.021540568582723168,17.3938738705213,0.4473570846698887,675557048.094887,34.16825921112681,16901.226930311004,14220549.557455614,-6.885631737374843e-07,-4.161131120798647e-08,-18.706049763774768,34.18463691967477,103.95298314366791,103.95900729939768,71.87028865713589,69476.96044874117,78704364.88284083,1.2121801836816777,0.3792071352101487,1.3581414554783606,3.3201718181602833,0.374051468356383,1.1773917741492659,3.28340194369614,0.5737771420362703,5.372159844685816,-5.237499999999999,0.43037500000000006,0.46187500000000004,0.76046875,0.277625,0.8875,1.3645
9.585425,0.8732500000000001,12.7875,10.725,236.190625,0.09819963416022613,-22.375,18.19125,53.1575,-53.1575,1.9082442298380549e-07,26.578747753298963,46.03574669880467,26.578752356873505,46.035744040929664,-46.03574669880467,0.0,12845711.951273115,16925625.181734525,0.40875026451885954,0.41346828524097373,1.1306512849828672,1.443274063064816,1.6407774352876372,3.9422428103130605,9436830.166308975,20.702274535680033,6.062096691515,0.36920476277164266,-0.015559624510882332,15.550390672619796,0.6191953868369509,602600795.7422462,24.389359056901966,19605.01129434262,17022604.4648237,-8.26036123474531e-07,-5.4407627099059064e-08,-15.958303343358203,24.400281368974376,118.91601951337584,118.92227221354773,87.12786262339563,66585.57432099091,76830545.06698623,1.0336435403688609,0.383071997658072,1.4107039016858844,3.335056060705047,0.3786496698335056,1.235235371263042,3.2961811514695953,0.5283105800577542,5.414911008728705,-19.6125,0.6351249999999999,0.562375,0.90484375,0.702875,1.0195,1.1724999999999999
12.779175,1.09925,13.5025,10.355,240.540625,0.09725576890881786,-22.585,16.966250000000002,43.0325,-43.0325,1.5447776855665917e-07,21.516248181231955,37.26723923842002,21.516251907955777,37.267237086795014,-37.26723923842002,0.0,13483936.866560467,22912633.229542367,0.4068045200099553,0.4118422393640283,1.1078114659349674,1.4147950992246305,1.6154633604346862,3.933538099475097,9779913.545965789,15.416367481414673,8.765093184916886,0.2666632248499804,-0.009807039511866737,17.55995975627808,0.5028027856119277,665425430.0926774,30.48142060744535,25564.398285155137,23009655.2411334,-5.943526903109926e-07,-3.6012189427358326e-08,-16.869457329715623,30.494019666745015,106.55139973926504,106.55219974052582,70.08174957231137,67811.90262380273,77647667.45369275,1.1244642574469945,0.381366850433534,1.3879854378671688,3.328454631457998,0.37664340821893416,1.2101071957097294,3.2904818080503873,0.5594873049032221,5.395698691278181,-10.962499999999999,0.306625,0.40937500000000004,0.85109375,0.8253749999999999,0.9955,0.9675
11.160425,0.85475,13.1425,8.965,247.12187500000002,0.09591866898561163,-16.265,16.54625,49.4075,-49.4075,1.7736269912189944e-07,24.703747911792664,42.788151343106655,24.70375219060768,42.78814887273165,-42.788151343106655,0.0,12196355.377093479,17459049.259039298,0.40371509673093886,0.40926065458904803,1.0747755752027568,1.373435345294632,1.5783485720767527,3.92145942143594,9231508.16698899,17.449746055565065,6.7992549091630785,0.40588877101189635,-0.012306535036630163,16.710489540197038,0.6294684693796719,644715022.7822832,25.304116249431875,20217.55280123862,17556057.527312454,-6.525565344458168e-07,-4.045742444468867e-08,-11.545739594052733,25.318701646704724,104.58552676373387,104.58669003097859,69.47428910585002,69667.25277159126,78821407.82026683,1.218954581764388,0.3789733952860768,1.3548124962615318,3.319275792483135,0.373766341866274,1.1737558181279069,3.2826398034780007,0.5730443749273576,5.36968126032451,-4.1625,0.10637500000000001,0.109375,0.96296875,0.513875,0.9555,1.0865
11.037925000000001,0.9437500000000001,14.1175,8.535,240.14687500000002,0.09733983966143714,-22.115,17.38625,41.8325,-41.8325,1.5017001692084923e-07,20.916248231949943,36.228008724596656,20.916251854750715,36.22800663297165,-36.228008724596656,0.0,12842432.085129125,18862625.685192652,0.40698137156399355,0.4119892795556725,1.1098345755349095,1.4173329068181149,1.6177159390760696,3.9342960459161853,9545639.846702281,14.996238094520537,8.43528645105626,0.2858871553955119,-0.008899040571270889,15.5507638928594,0.576266261882945,685850631.514838,28.70735517289572,21632.902572185394,18959655.478660412,-6.154606491864701e-07,-4.2408729913863836e-08,-16.04561688007512,28.71903306591004,95.43350448782479,95.43460213091332,66.01215451150503,67700.89876880682,77575372.01131588,1.1186994236298011,0.38150851692756854,1.3900025224403252,3.3290244593556713,0.37681344102535363,1.2123416780965228,3.2909731306497148,0.5584896504574708,5.397240893802567,-3.2624999999999993,0.38612500000000005,0.601375,0.9276562500000001,0.986375,1.0165,0.7084999999999999
10.101675,1.0442500000000001,14.2925,10.625,235.49687500000002,0.09835186725114439,-22.425,8.51375,48.3575,-48.3575,1.7359341644056575e-07,24.178747956170902,41.87882464351121,24.17875214405325,41.8788222256362,-41.87882464351121,0.0,11740032.112651227,18742657.11020558,0.40910847432397096,0.4137767625520697,1.1343626970116776,1.447909700652372,1.644870921852181,3.943686426552859,9083650.294722691,18.71899794134965,6.017887339862181,0.48460710883278374,-0.01100964703910799,14.657505196261075,0.8558519732648111,698403355.994118,22.287519055911037,21413.055455553593,18839650.346679762,-7.759936027841738e-07,-4.428516206856694e-08,-17.87179714677304,22.297133302994535,112.8990241041233,112.90028373232563,82.33341905001765,66389.99610028387,76696990.62489086,1.0188205185115757,0.3833346414032853,1.4143741939840593,3.336133625926423,0.37895987528475594,1.2393220758389718,3.297116073132774,0.5228753416983514,5.417843114840709,-4.6875,0.361375,0.623875,0.97078125,1.443125,0.8554999999999999,1.4095
10.329175,0.73775,14.3575,7.105,236.65937500000004,0.09809966696614703,-20.765,14.568750000000001,42.2325,-42.2325,1.5160593413278587e-07,21.116248215043946,36.57441889587111,21.116251872485734,36.574416784246104,-36.57441889587111,0.0,11921844.932559367,16908692.534488752,0.408707960233943,0.41346252081450097,1.1281576518901295,1.4401881179722071,1.6380495788399487,3.941325156182727,9178183.07068169,15.392581045260227,7.94101500004015,0.3198474106815962,-0.008809898761576842,14.814883499931478,0.6854368767956107,705989027.5958602,26.631783630580767,19720.909697684863,17005722.3202461,-6.321882915030008e-07,-4.3232935979625165e-08,-15.388453535200146,26.641887423370168,92.08783631955649,92.08911739474293,65.04698235261813,66717.72176741458,76919684.16083989,1.0437249199948373,0.3828944484804131,1.4082305310618717,3.3343327875314452,0.3784398723153294,1.232486609111146,3.2955546999885055,0.5319900622708224,5.412930115145801,-2.537499999999998,0.548125,0.47087500000000004,0.9020312500000001,0.629375,0.8075,1.4875
9.060425,0.82175,12.1175,8.085,247.44062499999998,0.09585651109226655,-19.875,16.75625,54.2575,-54.2575,1.9477319531663125e-07,27.12874770680748,46.988374669809424,27.128752405644818,46.98837195693442,-46.988374669809424,0.0,11864007.468149133,14459905.547977503,0.40347300858282037,0.40904244572644133,1.0732196039464887,1.3714697729534484,1.5765754804438736,3.9208839453683457,9028196.81252485,20.197802112314466,6.390005283036237,0.3625265002746592,-0.018857216333304314,16.306667815230117,0.5546632133759952,620278663.606622,25.289064048229292,17219.2528055909,14556885.923492458,-7.620492340396102e-07,-5.165404350751471e-08,-14.278043779340567,25.30451306994196,111.22575241749239,111.2319299432714,79.73979935205412,69757.11303515937,78876506.18216783,1.2221657541748885,0.3788629818390881,1.35324409802059,3.3188549556383293,0.37363158950791686,1.1720455033232517,3.28228233889095,0.5727112559930426,5.368511130939196,-4.2875,0.557125,0.431875,0.99859375,0.408875,1.4445000000000001,0.8005
8.439175,0.89575,11.0025,13.305,247.34687499999998,0.095874914492912,-23.115,17.333750000000002,51.4075,-51.4075,1.8454228518158265e-07,25.703747827262692,44.52020219947893,25.70375227928279,44.52019962910392,-44.52020219947893,0.0,11849913.095300604,13605129.070438199,0.40353566204807617,0.4090980006830078,1.073676811894379,1.3720467589620857,1.57709622971146,3.9210542178467516,8983415.561104272,18.749545299773892,9.266047307349854,0.2505969334020396,-0.017196656095507905,14.718030337480446,0.4048934272209314,649289239.376888,32.85577642232491,16393.90217856196,13702112.784036672,-8.160309480469328e-07,-5.3182261128698775e-08,-16.36495434582738,32.87334519701379,105.35687635896753,105.36295681725078,74.4220917647021,69730.6835458746,78860192.48327465,1.2212204742619157,0.37889545980426753,1.3537051657874741,3.318978583469703,0.373671231307567,1.1725481166975815,3.2823873188013724,0.5728068728378372,5.368855275376744,-0.5874999999999986,0.692125,0.437125,0.91296875,0.6923749999999999,0.9395,1.1505
12.805425,0.74675,13.7375,6.225,243.61562500000002,0.0966143424218586,-20.755,9.80875,49.0325,-49.0325,1.7601652673570882e-07,24.516247927642034,42.46339180753685,24.516252173981098,42.46338935591184,-42.46339180753685,0.0,12305423.704865022,23581204.5050077,0.40528490065876616,0.4105559881527019,1.0921834140140527,1.395204413822955,1.597968724358789,3.927732506058206,9296287.25531347,18.17639858372821,5.863498611991538,0.3649506452027517,-0.013164944539026462,18.915672025986677,0.672310124690601,605725564.2339798,24.377255735094398,26151.20562719693,23678199.703468017,-6.55198589557501e-07,-3.370064460005133e-08,-16.76181486107644,24.389975462038443,123.53390854848367,123.53474783447128,83.34610832313703,68678.78987234211,78205461.85901436,1.1701166653593278,0.3802480163357881,1.3723472653299853,3.3240787139101173,0.37530124319469255,1.1928871365368934,3.286727522912181,0.567222134020108,5.383501345774249,-16.8375,0.131125,0.538375,0.87453125,0.928625,0.8374999999999999,1.1465
12.446675,0.9782500000000001,13.5625,9.875,236.35937500000003,0.09816316656109118,-19.935,8.04125,50.5075,-50.5075,1.813114714547252e-07,25.25374786530118,43.74077931411141,25.25375223937899,43.7407767887364,-43.74077931411141,0.0,12280802.502284542,23581706.373294886,0.40874157609441736,0.41347271512203926,1.1297526081480238,1.44216220758878,1.6397949992323015,3.941909973001629,9279413.994742626,19.307618485878987,5.854068306685632,0.39196546712079205,-0.012962884845548146,18.211644461344648,0.6690571102350169,607910211.520071,23.645723270867293,26127.65598837458,23678696.642287686,-6.773265013340299e-07,-3.2931424279752326e-08,-16.265914273545523,23.655877765233413,126.64168474721906,126.64787695550955,84.50762251364219,66633.14740170343,76862887.02816118,1.0372666659668424,0.3830080915536904,1.409812900300177,3.334795245017031,0.3785741650469872,1.2342446838533274,3.2959551515838497,0.5296346778881625,5.414197921303031,-14.8125,0.536875,0.577375,0.82171875,1.0283749999999998,1.2185000000000001,0.9155
11.554175,0.9757500000000001,10.5775,13.254999999999999,239.078125,0.09756742864925201,-23.175,12.87125,42.6575,-42.6575,1.5313159617046855e-07,21.328748197081325,36.942479702850214,21.328751891329194,36.94247756997521,-36.942479702850214,0.0,11685364.121400416,17873575.933421176,0.4076093912610154,0.41254147729322505,1.1153957875945242,1.4242886357574587,1.6239164560196635,3.9364707749496524,8917808.72822229,11.6194013180216,31.58300133361684,0.3531699449155895,-0.04029657478825606,17.73754297145494,0.4449360697851312,1350010161.9230852,61.72579987864982,20640.527278607187,17970595.964357186,-6.729155638617783e-07,-3.327700127815633e-08,-17.95999074258573,61.50805321410739,97.65048371105242,97.65380169486477,64.5069661440096,67399.60259096083,77376612.71756455,1.096592698218127,0.38197669035939724,1.3955507310930273,3.3306605937036338,0.37735432513148437,1.218462090331835,3.2923875097604585,0.5512362032465089,5.402705420830328,-16.6125,0.138625,0.414625,0.90296875,0.4508749999999999,1.1665,0.9305
8.237925,0.96275,11.7075,9.335,244.721875,0.09639184549505785,-22.105,12.60875,60.6325,-60.6325,2.1765812588187152e-07,30.31624743736819,52.50928677449606,30.31625268829672,52.509283742871055,-52.50928677449606,0.0,11499420.952180486,13969031.88808902,0.40464831667455764,0.4100027180084845,1.086632954511288,1.3882482232399178,1.5917096724241633,3.9256798278968277,8835477.493622899,24.637957030523467,5.436026341566812,0.4238535447136285,-0.02547252047507283,15.868533452227531,0.6444617049715878,598820460.4057236,23.048603783945445,16664.532603032636,14065984.677275576,-9.227397754789083e-07,-5.756154280331762e-08,-16.769827410804314,23.061669235819153,127.40467130413667,127.41143123500876,95.52199388111116,68990.65784590201,78401907.3036575,1.1868168319660362,0.3798376937651956,1.3667685824744298,3.322533500278615,0.37480993698953263,1.1867897230761117,3.285409592074485,0.5699999222415033,5.379009869540473,-9.612499999999999,0.31937499999999996,0.492625,0.75609375,0.134125,1.4315,1.3985
10.985425,1.06675,14.182500000000001,13.725,249.09062500000002,0.09554105720321675,-16.765,15.58375,53.7825,-53.7825,1.9306804362745648e-07,26.891247726883346,46.57701259142101,26.891252384584476,46.577009902296005,-46.57701259142101,0.0,12911557.939941742,19079862.655560553,0.4026813315209135,0.4083818002965703,1.0652131554422406,1.3614376688185958,1.5674842586420514,3.918033687522587,9581517.539475799,19.918658568007828,7.549556334956255,0.6931333708047279,-0.011343865613897108,14.761467115958471,1.0510250339152734,733744233.8850571,20.785833377491507,21750.94892548717,19176851.48241836,-8.144361884881501e-07,-4.760507656609214e-08,-11.906486336511133,20.798921638088895,121.11001900632287,121.1161269498891,85.06235300299234,70222.27204657074,79159590.6607584,1.2389217978729574,0.37826697479396443,1.3451389010208954,3.3166762925756865,0.37291014903128566,1.1632493603651,3.280436646847792,0.5710648073143259,5.362095724645441,-12.887500000000001,0.673375,0.212125,0.80109375,1.4116250000000001,0.7925,0.7775
13.365425,0.78575,12.2375,6.055,243.596875,0.09661816442620846,-18.384999999999998,17.473750000000003,49.2575,-49.2575,1.768242301674232e-07,24.628747918132415,42.65824752887873,24.628752183957047,42.65824506600372,-42.65824752887873,0.0,13216670.736469423,25195248.108275652,0.40530592353139894,0.41057574974435335,1.092277995830154,1.395324523953081,1.598076557187799,3.927770259657622,9615744.238576435,17.1163062103195,8.97110476817427,0.4714215033627121,-0.015763757350665538,22.404864099446225,0.5994545858000726,712779325.9214184,31.847250747999656,27749.01527602159,25292252.187615935,-6.47978097786524e-07,-3.1725362887784686e-08,-13.774158808387844,31.8628829095359,122.42515653359398,122.42589661687903,81.31762951191165,68673.50397448514,78202114.91712837,1.169834785815855,0.3802547703875306,1.372441865488313,3.3241048705827283,0.37530937534009445,1.1929908487631926,3.2867498695096633,0.5671747450543159,5.383574528472608,-5.6625,0.342625,0.248125,0.9567187500000001,0.620625,0.9904999999999999,0.8915
9.769175,1.04725,10.6075,6.025,249.44687500000003,0.09547374792715922,-20.525,15.12875,53.8575,-53.8575,1.933372781046946e-07,26.928747723713474,46.641964498534975,26.928752387909796,46.64196180565997,-46.641964498534975,0.0,11228947.947940622,14177937.859547058,0.4026029927404842,0.40833385252947396,1.0635007814503215,1.3593062994161615,1.5655503366852528,3.917458944996352,8685066.861592686,19.210357222291,9.700029815512798,0.321591477410883,-0.026193231093672,19.258061962980037,0.4438780145216864,656273298.7609956,33.4565380498746,16944.86477663673,14274917.405340774,-6.987582753616477e-07,-4.485738688408608e-08,-15.371566110082957,33.47564571494556,109.28451255709047,109.29050170610282,74.81841095735547,70322.70410585277,79219899.6409995,1.242548646276984,0.37814356361260754,1.3434023100153891,3.3162161527518164,0.3727592123963479,1.1613675732106925,3.280047897142551,0.570712743363739,5.360792218037263,-8.5125,0.259375,0.324625,0.98453125,0.9881249999999999,0.9344999999999999,1.2125
8.789175,0.88975,10.8175,12.925,245.04062499999998,0.09632792817514078,-16.275,13.71125,42.6075,-42.6075,1.5295210651897647e-07,21.303748199194576,36.89917843144091,21.303751889112316,36.89917630106591,-36.89917843144091,0.0,9788238.979056677,9177581.840157297,0.4049605746714541,0.4103478046255046,1.085054139567807,1.386342702187433,1.5899973844212314,3.9252373675784162,8148229.1751835905,10.638455543870052,33.28700395694805,0.38537425072625986,-0.04177642984285683,13.150157600111243,0.3979829220110204,1338626789.715129,58.70898533599842,12217.13381262893,9274621.571410788,-6.457382542784166e-07,-4.478605631030385e-08,-11.138185958212729,58.841262638181234,71.3832456578681,71.39043754998927,46.16102328820974,69080.5181094701,78458260.32174683,1.1916531992928923,0.3797230486132554,1.3651701962884264,3.3220953394445014,0.37467167705613663,1.1850443520089784,3.2850365637220333,0.5708056108711558,5.3777706361093305,-15.6375,0.589375,0.20237500000000003,0.82296875,0.35462499999999997,0.9255,0.9525
8.351675,0.82975,12.8475,11.625,249.54062499999998,0.09545611118588937,-17.465,20.956249999999997,44.4825,-44.4825,1.596829684499295e-07,22.241248119947727,38.52297610928992,22.24125197224523,38.522973885164916,-38.52297610928992,0.0,11634018.741139878,10966718.888144244,0.4026457592125833,0.4083859540162535,1.0630526322274971,1.358758491657907,1.5650534258488011,3.9173301066191173,8993800.780992877,14.863771734331488,9.9518360800995,0.33643552663096893,-0.010107529647236034,12.524862948496176,0.5341113594500674,746506259.6889592,30.889920951078988,13945.555035764384,11063749.610300472,-7.257018103756404e-07,-5.814068240173379e-08,-10.451127985368382,30.903584846767412,79.09109135116486,79.09325444130906,56.416071908310265,70349.1335951375,79235722.02175547,1.2435041009831354,0.3781110849729999,1.3429458146131763,3.3160953643677002,0.3727194791520973,1.160873219083666,3.2799459024293136,0.5706203234611026,5.360449286862285,-1.5124999999999993,0.651625,0.38312500000000005,0.95046875,0.667875,1.2795,1.4575
13.374175000000001,0.75525,11.2775,12.775,236.284375,0.09817934634947578,-18.995,9.598749999999999,50.057500000000005,-50.057500000000005,1.7969606459129649e-07,25.028747884320428,43.351067871427645,25.028752219427094,43.35106536855264,-43.351067871427645,0.0,12674610.387919258,26742029.888348095,0.4088102883342864,0.413536413878877,1.130153151666095,1.4426665725472678,1.6402414259905393,3.942072574687414,9382967.615397109,18.163870751029783,10.526533185143334,0.45637175444880373,-0.01542340529775647,21.612623153391038,0.5694312923910928,737064017.5045863,34.91317204041627,29223.566780935213,26839025.059056778,-6.545762386149927e-07,-2.6518785479021244e-08,-15.408021046689774,34.926940138730096,131.46532040285936,131.47154960786588,84.69428943055067,66612.00381027564,76848518.66159979,1.0356555068639786,0.38303650041063964,1.4102088040095757,3.334911102074312,0.3786077304977903,1.2346848324777122,3.2960555333240715,0.5290460964912294,5.414514926977273,-5.762499999999999,0.312625,0.517375,0.81484375,0.107875,0.8105,1.4175
10.504175,0.9337500000000001,11.6425,9.975,239.80937500000002,0.09740985825513844,-17.605,13.04625,52.2575,-52.2575,1.8759360925694802e-07,26.128747791337453,45.25632381343715,26.12875231696971,45.25632120056214,-45.25632381343715,0.0,11512061.991693234,16339844.699832316,0.4071499657466023,0.41213434829565004,1.1115755186640708,1.4195158518198288,1.619650840999348,3.935002857376671,8864129.265239151,19.17520062866332,8.069824625472029,0.3600559762816908,-0.01710164420181142,17.629738864919915,0.4920034847682207,642513033.7667801,28.317394139367043,19070.78051496136,16436836.144541,-6.752410001918449e-07,-3.8470647081096136e-08,-13.28676662315989,28.329950304120562,109.16876042376452,109.17448238976186,71.60701537104894,67605.75260738177,77512793.52642523,1.112849334883111,0.38169883894777057,1.3917450424737827,3.329569995391517,0.37702527701962163,1.214274132667076,3.29145108504695,0.5570537634987618,5.399615350891956,-19.9125,0.167875,0.19187500000000002,0.96921875,0.548875,1.2694999999999999,1.1275
12.000425,0.9297500000000001,13.3125,9.555,237.33437500000002,0.09795022775339812,-20.325,13.67625,59.2825,-59.2825,2.1281190529158533e-07,29.64124749442592,51.340152446444776,29.641252628441023,51.34014948231977,-51.340152446444776,0.0,13737528.62241727,25373813.831305247,0.40817660357939783,0.4129771369306269,1.124570286188618,1.435684113691242,1.6340544858590318,3.939891884979248,9836813.53438927,24.326703765116374,5.605967741916542,0.561092851974758,-0.018901148635811996,19.36531714924716,0.8901899745078119,589839860.6540285,21.439490943035217,27801.472520317075,25470774.92977178,-7.83556974367443e-07,-4.061718893944781e-08,-15.77651153171757,21.448333480469177,157.07718140262864,157.08392214628222,109.06133172479095,66908.01409026473,77048208.77643286,1.0583394844857956,0.38263855627293053,1.4046778402499247,3.333297878232757,0.37813739506783217,1.2285460526326308,3.294659891150179,0.5373547642649952,5.4100761577506145,-17.4625,0.337375,0.4453750000000001,0.76671875,0.4648749999999999,1.4775,1.4865
12.796675,1.0052500000000002,10.5125,7.905,248.621875,0.09562893631159464,-23.155,13.95625,46.9825,-46.9825,1.6865745102453354e-07,23.491248014285258,40.68803967975527,23.491252083089115,40.68803733063026,-40.68803967975527,0.0,12477705.501509689,22681314.13286329,0.40306217197943256,0.40872808207742567,1.0674853724666549,1.36430288618093,1.570089371428943,3.9188782481154734,9241156.941378646,14.690562443124014,20.256952179738327,0.4290909405067913,-0.030041939883163917,23.419856077088678,0.5715487527473422,1086939430.67392,51.65371322200612,25293.384642748126,22778314.283543188,-6.164140310985728e-07,-2.9649751748617378e-08,-18.310847795503868,51.67096291919853,117.37870127921995,117.38020886031529,75.77606462865587,70090.12460014706,79080000.95398948,1.2341372799050974,0.3784415417006842,1.3474401559954758,3.317296311069085,0.37312019566698285,1.1657390563056298,3.280961118678865,0.5715264712557984,5.363995633549887,-5.012499999999999,0.327625,0.192625,0.92203125,0.9111249999999999,1.2395,1.3395000000000001
10.232925,0.86775,13.4875,12.465,245.546875,0.09622741146908846,-19.165,16.668750000000003,55.1575,-55.1575,1.980040090434887e-07,27.57874766876899,47.76779755517695,27.578752445548613,47.767794797301946,-47.76779755517695,0.0,12944175.157367028,18301716.18860924,0.40429270772193376,0.4097117463110102,1.0825277371315127,1.3831195964084386,1.5870870876051568,3.9242027241349375,9540380.247690327,21.04108085381104,5.275010131448194,0.5413625010151153,-0.014030510056003155,15.217643542634036,0.8288189413234254,635637100.8463131,21.737188627077558,20960.390528709486,18398694.924825877,-8.428313189933555e-07,-5.1296728846066356e-08,-13.692621355047947,21.74980704613046,125.47330865179322,125.47960779365185,91.09405798339124,69223.23735160769,78547131.1826968,1.1993749935746942,0.3795406989284262,1.3626359819573144,3.321402320159432,0.3744517445520781,1.1822810998599738,3.28444726590085,0.5721664896210451,5.375799945239443,-4.762499999999999,0.606625,0.36887499999999995,0.87734375,0.557625,0.9975,0.8895
9.261675,1.02225,12.2175,11.575,244.346875,0.09646734747584061,-23.925,20.221249999999998,45.2075,-45.2075,1.6228556839656468e-07,22.60374808930561,39.150844544724876,22.603752004389957,39.150842284349864,-39.150844544724876,0.0,12547323.093570126,14842868.072621796,0.4049620175628362,0.4102897317709646,1.0885100338325278,1.3906163585061766,1.59384124991611,3.926399360525544,9311270.088964371,16.154835931436008,10.582749947573967,0.23019637722163286,-0.012961849588518645,14.616742613913239,0.472753443861068,720603537.3437709,34.19445109506226,17664.646844307998,14939877.663255744,-7.306111350433096e-07,-5.239520282622905e-08,-16.410126721511954,34.20953853946497,95.80731258804295,95.80877117305171,68.45546143177144,68884.93988876307,78335457.8462241,1.1811386283336658,0.37997262670961235,1.3686522862775208,3.323051074739442,0.37497258972756226,1.1888487693584022,3.285850628748779,0.5690524890470112,5.380469117321879,-1.6625000000000014,0.381625,0.668875,0.96421875,0.652125,0.8624999999999999,0.8704999999999999
10.915424999999999,0.71275,12.067499999999999,11.175,246.334375,0.09607319935512569,-21.395,11.97875,50.682500000000005,-50.682500000000005,1.819396852349475e-07,25.341247857904808,43.89233376404398,25.341252247138065,43.89233122991898,-43.89233376404398,0.0,11770709.324145436,17706677.332952473,0.4039958257747965,0.4094772440660054,1.078626636774439,1.3782577375205547,1.5826892586573647,3.922812997801066,8987322.058669021,18.662282186896615,7.188681586176372,0.29330690061993364,-0.015394364605734262,16.85157374400346,0.47666545088725004,592722356.7679195,28.333429380696742,20405.246785656487,17803665.345188834,-7.577337787587367e-07,-4.07781221840236e-08,-16.60505831556118,28.348967690660615,113.74389688932057,113.74995614594468,78.64824879852814,69445.24506159947,78684820.6912254,1.2110517280673252,0.37924610349022386,1.358697335470549,3.320321823834198,0.3740989787497863,1.1779996452896517,3.2835296690203952,0.5738932215058484,5.37257346673425,-15.4875,0.232375,0.20837499999999998,0.96484375,0.694125,0.7585,0.9015
8.981675,1.05325,12.5325,7.615,247.92812500000002,0.09576152202822817,-16.215,13.36125,53.8075,-53.8075,1.9315778845320253e-07,26.903747725826722,46.59866322712566,26.903752385692915,46.59866053675066,-46.59866322712566,0.0,10986742.431525396,12956541.577639699,0.40327794333972805,0.4088865141197065,1.0708429824137917,1.3684985732949808,1.5738850317117603,3.9200436435035733,8692686.13815489,19.67793792949012,6.35510758306586,0.4783768501702218,-0.016857209787976477,15.438943210450187,0.7133543719617671,650959001.2415727,23.362191962696414,15775.635500116572,13053530.522728251,-7.48556398459765e-07,-4.8863727639704695e-08,-11.791046928803762,23.3767268703289,102.26286441372416,102.26891810089155,72.01252799634443,69894.54637944001,78961797.62289657,1.227111318657191,0.3786818804208248,1.350837885369523,3.318202269851615,0.37341382106422577,1.1694324727532173,3.2817285636798794,0.5722229864822493,5.366538550631648,-1.0124999999999993,0.679375,0.361375,0.76734375,0.9251249999999999,1.1385,1.4685000000000001
7.240425,0.98875,12.4675,9.675,249.746875,0.09541739949675866,-18.855,10.14125,42.8575,-42.8575,1.538495547764369e-07,21.42874818862833,37.11568478848744,21.428751900196705,37.11568264561244,-37.11568478848744,0.0,9554755.679429378,9199627.522502955,0.40262294901218026,0.40838120618366935,1.062063801128107,1.357531538938557,1.5639388582668692,3.9170034256567505,8126385.294498986,14.68156713624148,11.497707698805375,0.2925006428998756,-0.012100266824184707,12.110883078883278,0.5474815714180701,771212347.2970381,33.010461845568116,12217.952016141411,9296656.75213809,-7.305810661600393e-07,-5.094489956326698e-08,-13.924506441281133,33.01946593019677,73.56484205410844,73.56774297100522,53.687227010413594,70407.27847156388,79270478.9763465,1.2456078759199276,0.37803961877493913,1.341942211785312,3.315830051874074,0.3726320404329788,1.1597869478425589,3.2797219668370077,0.5704175041149429,5.359694839537629,-3.1374999999999993,0.600625,0.632125,0.90515625,1.037125,1.4475,0.7474999999999999
7.432925,0.9477500000000001,11.8425,7.885,246.353125,0.09606955565250858,-17.395,18.10375,59.6575,-59.6575,2.1415807767777596e-07,29.82874747857655,51.66491198201457,29.828752645067606,51.66490899913957,-51.66491198201457,0.0,11133666.561628211,10250549.598581001,0.4039083401937213,0.40939000248279744,1.0785329565856077,1.3781298233600967,1.5825739574264952,3.9227642441606814,8695262.557634246,22.976411623793684,5.997121375069559,0.5441644563825879,-0.02321825075966003,14.337229087643287,0.7765462812553163,644803947.0226178,22.263361990030692,13079.43168179876,10347517.83588655,-9.242438101831714e-07,-7.070753471102679e-08,-11.368280563998384,22.27744872768072,106.02159614069856,106.028472793545,80.48132546902045,69450.53095945643,78688038.5062021,1.211239836687538,0.37923960947822966,1.3586047031095065,3.320296817906121,0.3740910601164596,1.1778982799931446,3.2835083647174232,0.5738738619685195,5.372504523122543,-11.537500000000001,0.231625,0.417625,0.90796875,1.469375,0.7685,0.9225
10.486675,0.99075,14.3025,10.165,236.49062500000002,0.09813496290949793,-22.145,10.158750000000001,55.457499999999996,-55.457499999999996,1.9908094695244117e-07,27.728747656089492,48.02760518363279,27.72875245884988,48.02760241075778,-48.02760518363279,0.0,12951467.883054875,22472582.147867057,0.408579399955023,0.41331867968402813,1.1290512865929554,1.441273168893525,1.6390072769412702,3.9416149041333086,9587691.073597085,22.607204729413642,5.944201762999113,0.666652393351388,-0.014774202886177017,16.451880718403658,1.0873371498662685,700720833.1341634,20.09467950001915,24987.43557433405,22569550.042532742,-8.080342806884294e-07,-4.4964375218037803e-08,-17.595330393871297,20.103472496800332,142.24023494776392,142.24690285989553,103.50222848157193,66670.14868670206,76888010.04932745,1.0400893831607687,0.38295837292396895,1.4091203467740252,3.3345927227753127,0.37851541678811645,1.2334750164829027,3.2957797391985895,0.5306651232036829,5.413643210311264,-12.4375,0.341125,0.464125,0.81640625,0.139375,0.8985,1.0185
8.281675,1.09775,10.8925,13.195,237.784375,0.09785031089258682,-21.275,16.49375,57.0325,-57.0325,2.0473487097444173e-07,28.51624758952214,49.39159523302596,28.516252528681527,49.391592381400955,-49.39159523302596,0.0,11784423.955244657,13389732.510516118,0.4080028431225325,0.4128369144887707,1.1221915968600205,1.4327260958590415,1.6314283655957298,3.9389998838490152,8926247.879309848,22.57381982037852,7.285452441620693,0.29914410322740587,-0.020520736090380624,15.001982288430954,0.4736761003310199,606760963.6112564,27.894131458856066,16127.035164706183,13486699.997382414,-8.769513992536254e-07,-5.5767618152582706e-08,-15.09301960219344,27.907113297040205,116.97529392173126,116.98150284126915,83.68244624293213,67034.87563883144,77133591.30536328,1.068141845736345,0.3824677974219149,1.4023153467943748,3.3326122368057964,0.3779354790447329,1.2259305003257925,3.2940680386122745,0.5409875461774869,5.408173041426098,-19.4625,0.35387499999999994,0.265375,0.97484375,1.416875,1.0755,0.9615
12.569175000000001,1.10975,13.2675,6.355,246.390625,0.09606214958622714,-20.745,8.05875,44.3325,-44.3325,1.5914449949545326e-07,22.166248126287474,38.393072295062005,22.166251965594597,38.393070078437,-38.393072295062005,0.0,11437766.96695835,20595146.331175234,0.4041197965159086,0.4096080503411188,1.0783539967967433,1.3779359398676743,1.582400722692507,3.922748776708463,8924023.8780539,15.719772310948533,8.09184116479838,0.2927700801900996,-0.011774921445572857,18.25124950417764,0.5315251485590082,648989755.7471806,28.951122869881868,23295.09558143768,20692161.85817441,-5.947310709818509e-07,-3.110650534168655e-08,-16.933260181497133,28.965472909015766,104.0810240518925,104.08199948128657,68.40180487422279,69461.10275517033,78694572.06915267,1.2116158771581003,0.37922661946841363,1.3584193694085747,3.320246799945113,0.3740752240123971,1.1776956375718672,3.2834657804728473,0.5738351588025143,5.372366643823988,-1.7624999999999993,0.28937500000000005,0.152875,0.97015625,1.077375,0.9245,1.2134999999999998
6.732925,0.79025,13.4625,13.905000000000001,242.378125,0.09686913009966298,-20.695,10.66625,56.9075,-56.9075,2.0428614684571153e-07,28.453747594805264,49.2833420545027,28.453752523139332,49.28333920912768,-49.2833420545027,0.0,11197721.61184177,13866559.295248521,0.4057315520051707,0.4109055912212807,1.098427617812336,1.403006589677971,1.604952381842358,3.9299970264960153,8859236.104325548,22.83622571318166,6.125560207725107,0.7863551869180474,-0.01489930953208944,12.318831320622158,1.210346028465824,791980347.5151407,19.815299638662903,16596.930989756143,13963525.810636258,-9.813533067492784e-07,-6.216855885314494e-08,-15.519954178376707,19.8265201922766,121.06978662433464,121.07651053440165,93.10939001994933,68329.92061378356,77983117.78772803,1.1516070317418978,0.38069331662250167,1.3786086452663817,3.3258165818173917,0.37583717110922676,1.1997648051420506,3.2882147009986165,0.5640944823831696,5.388328799746499,-11.637500000000001,0.671875,0.28037500000000004,0.90078125,0.240875,1.2774999999999999,1.0005
12.376675,0.73225,14.2525,8.165,235.046875,0.09845240496020169,-16.975,15.30375,57.4075,-57.4075,2.0608104336063233e-07,28.70374757367277,49.716354768595764,28.70375254530811,49.71635189822076,-49.716354768595764,0.0,13589342.86390983,24683356.12927199,0.40928395403288653,0.4139192534271896,1.13677829105548,1.4509193924198371,1.647522707033531,3.9446144115044004,9829393.568709489,22.86528510602055,5.3114376015481115,0.6600414019152224,-0.015358033179804295,18.556712557806424,0.9604920017599641,694473830.6496358,19.903696586003026,27161.28541260891,24780331.385794047,-7.437567671727201e-07,-4.026651221052389e-08,-12.665470431113096,19.911278213725037,143.86693733998257,143.87329097826282,97.40901923438143,66263.1345517171,76609830.13659096,1.0092678746171924,0.3835048939568833,1.416761047136591,3.3368371304998052,0.37916087516339736,1.2419847927191099,3.2977275059221167,0.5193586494027587,5.419744899381337,-15.862499999999999,0.307375,0.566125,0.78703125,0.200625,1.2965,0.9005
10.477925,0.79925,11.9975,8.955,243.896875,0.09655715170755949,-17.415,9.87875,45.6075,-45.6075,1.6372148560850132e-07,22.803748072399618,39.497254715999325,22.80375202212498,39.49725243562432,-39.497254715999325,0.0,10480429.041515408,14392118.828510318,0.40536811499921277,0.4106645183892823,1.0907753143582255,1.3934739809490317,1.5964176800919658,3.927277505656441,8477938.672388185,15.680243862502907,11.136450006702999,0.3205721510606508,-0.013922484826701175,16.44760570134178,0.49819629216320455,742651394.7552102,33.0109768293788,17249.11617855128,14489137.981526695,-5.987630105676704e-07,-3.485302800431916e-08,-13.565020400211203,33.02157335223135,90.57767050925807,90.57900682952786,59.14797751402668,68758.07834019631,78255586.27591811,1.1743490718744756,0.3801468064281447,1.3709292235139068,3.323687093256721,0.3751793407928957,1.1913333391530436,3.286393113994516,0.5679329745878999,5.382405454208813,-2.5625,0.532375,0.545875,0.8401562499999999,0.923375,1.1785,1.0195
8.430425,1.03075,12.9225,12.375,240.09062500000002,0.09735196242156693,-17.625,15.19875,52.207499999999996,-52.207499999999996,1.8741411960545594e-07,26.1037477934507,45.213022542027836,26.10375231475283,45.21301993165283,-45.213022542027836,0.0,11451391.824695695,12859374.91865427,0.40687441844310684,0.4118761600277557,1.1101207982759564,1.4176749103871844,1.6180180902571322,3.9343753301952042,8903839.567116369,19.643447911434563,6.572468167358034,0.4801113131903938,-0.013036077990789577,13.283297271604948,0.7565970714328198,698584782.4226763,23.167578696333813,15679.154239571219,12956367.578568572,-8.268770079236763e-07,-5.5520384325298974e-08,-12.213018042047166,23.17956690585192,101.7966248759939,101.80269663105565,73.94138086556899,67685.04107523597,77564964.97553018,1.1178774603280077,0.38152875680539294,1.3902909938793877,3.3291060771852146,0.37683772686529377,1.212661446930269,3.2910435456855858,0.5583474689751671,5.397461292010022,-9.5875,0.370375,0.6193749999999999,0.9254687500000001,0.5173749999999999,0.8644999999999999,1.1935
10.250425,0.82825,12.3425,6.625,243.37187500000002,0.0966641262154159,-20.085,20.99125,54.3325,-54.3325,1.9504242979386938e-07,27.166247703637605,47.05332657692339,27.166252408970134,47.053323860298384,-47.05332657692339,0.0,12834394.763641987,17133219.433389973,0.4053414161459474,0.4105929224627698,1.0934087196245517,1.3967309164179138,1.5993371494328423,3.928170467543912,9416208.875695694,20.370647618925354,6.285156754802475,0.35323198946564993,-0.01881586855944402,17.912039439938475,0.5376165233614384,613487127.1481204,25.441479676049465,19824.79300202176,17230201.077875614,-7.366439258604709e-07,-5.0411253376326903e-08,-13.963979520560734,25.45524975168645,118.67498496570349,118.68107204752691,83.78908672507427,68610.07320020179,78161894.39560895,1.166456344024968,0.3803357369793294,1.3735776732522882,3.324419109222008,0.37540686909247195,1.1942365257657386,3.2870184143685224,0.56660607940632,5.384451624358354,-9.0625,0.26087499999999997,0.5946250000000001,0.8082812500000001,1.339875,1.1315,0.7605
11.317925,0.89325,11.8775,7.765000000000001,245.153125,0.09630560106792967,-17.515,16.40625,45.5325,-45.5325,1.634522511312632e-07,22.76624807556949,39.43230280888537,22.76625201879966,39.432300532260356,-39.43230280888537,0.0,11493235.707588745,15766603.049100034,0.4047640167099233,0.41015717965043336,1.0844910802875458,1.3856151067256424,1.5893401113542782,3.9249849947472764,8872713.872668272,14.995088114618872,12.553448757092845,0.3479121916628495,-0.015044661396244767,17.805144946462512,0.4790441781428842,811596052.0346894,35.95976049267245,18601.52083956257,15863625.874484852,-5.941767722026363e-07,-3.680800050981728e-08,-12.65667944343065,35.96995383723698,92.02909674682748,92.03031302565708,59.274451051398145,69112.23349661179,78477980.7704425,1.1933642500356103,0.37968257307345565,1.3646065678687693,3.32194104285869,0.3746228572950904,1.1844293715429357,3.284905289271156,0.5710899039287481,5.377333326899665,-19.1125,0.160375,0.36212500000000003,0.81859375,0.6416249999999999,1.0485,1.3815
10.994175,0.87225,12.317499999999999,12.705,235.53437500000004,0.09834355157458873,-20.715,18.31375,52.182500000000005,-52.182500000000005,1.8732437477970992e-07,26.09124779450733,45.19137190632319,26.091252313644393,45.191369297198186,-45.19137190632319,0.0,13017441.891031425,18674086.432826485,0.40909416718370634,0.41376522532951004,1.1341618179504338,1.447659670632221,1.6446504732035312,3.943610582486945,9490815.675964102,19.889875654865804,6.9151775699657545,0.3266079573546166,-0.01437246634192073,16.45452806961481,0.5392387665375997,611422754.8442874,26.871314960047584,21329.732857989897,18771073.34928536,-7.816440191743452e-07,-4.615522375806266e-08,-14.807215165415755,26.882816244680523,119.42630585345363,119.43233951153127,83.65686492225748,66400.56789599777,76704233.46361949,1.0196187764780522,0.3833204510121008,1.4141754923313352,3.336075159903617,0.378943119543808,1.2391006174590595,3.297065302232004,0.5231686805571862,5.417684652247559,-19.3625,0.158875,0.590125,0.85703125,1.420375,0.8945,1.2225
12.954175000000001,0.74925,11.6175,7.715,245.09687499999998,0.09631683199167194,-17.975,15.16375,44.1575,-44.1575,1.5851628571523096e-07,22.078748133683845,38.24151784512942,22.078751957835525,38.241515637254416,-38.24151784512942,0.0,12124161.31091537,21303457.137991212,0.40477989856975766,0.4101682913303523,1.084770733695828,1.3859621604138155,1.5896527125980462,3.9250783373953344,9158564.555900197,13.803719656521654,16.67951228428484,0.4598657482541337,-0.017935154139282074,21.135494106304563,0.5811712346611574,969170250.5875406,43.553879933306405,24016.10013864387,21400484.891255096,-5.813870477161272e-07,-2.8516745630548615e-08,-13.647242888545497,43.56697272142396,102.58907429852947,102.5901527354999,66.1280602132274,69096.37580304095,78468064.46114653,1.1925085556178565,0.37970281157071095,1.3648883879832443,3.322018176905647,0.37464726677733096,1.1847367685747794,3.2849708961813016,0.5709477571378639,5.377551968231212,-1.0625,0.6381249999999999,0.41012499999999996,0.93703125,0.792125,1.4735,0.7484999999999999
6.986675,0.9327500000000001,11.567499999999999,8.445,237.484375,0.09791688978363532,-17.335,9.213750000000001,56.2825,-56.2825,2.020425262020605e-07,28.14124762122088,48.74207616188636,28.14125249542836,48.74207334776135,-48.74207616188636,0.0,9535279.126890954,8891383.676678313,0.40816986513605363,0.4129824813950198,1.1237775347419279,1.4347075791893622,1.633188992921386,3.9396156812252734,8033296.073439296,21.917672382560927,7.115752620182158,0.4731732123612771,-0.02146204767273152,13.5201809846738,0.7208863830649532,691074733.6653519,23.60774441813553,11758.721194355792,8988359.131441576,-8.560785694782686e-07,-5.999302222798618e-08,-13.014802062732631,23.618908488630794,95.83140014799801,95.83818011577009,71.22166240956196,66950.30127312028,77076671.93170466,1.0616010009182701,0.38258167768322043,1.4038898626914431,3.333068982673154,0.37807013804833883,1.2276731977660822,3.2944622147948444,0.5385376475511106,5.409442236874006,-17.1125,0.116125,0.200125,0.93828125,1.016125,1.3445,0.9624999999999999
10.784175000000001,0.83625,12.8575,10.055,238.92812500000002,0.09759991541074926,-19.505,12.818750000000001,54.4575,-54.4575,1.9549115392259957e-07,27.228747698354482,47.16157975544666,27.22875241451233,47.16157703257165,-47.16157975544666,0.0,12435722.062375711,19692851.478487637,0.40747835666679694,0.412396400221082,1.116176774563704,1.4252324919498771,1.6247564495184046,3.936713376403586,9300057.392627593,21.107103928424337,5.7068783529053135,0.41740689031715034,-0.016203184183825107,17.419466213452527,0.6806397095506108,605700655.3283544,23.324524760325282,22307.22764378656,19789830.10632536,-7.369320243188803e-07,-4.101913094757812e-08,-14.993065864551953,23.335683652916288,126.9551111056528,126.96128059401612,87.5261780804694,67357.31540810522,77348605.86834955,1.0932735645119973,0.38203366390716625,1.3963330002563672,3.3308854241081076,0.37742177277607564,1.2193241134805637,3.2925807865049825,0.5500456204346093,5.403339336192347,-17.3625,0.229375,0.24587499999999998,0.91265625,0.872625,1.4005,0.7024999999999999
7.581675,0.87575,13.2325,10.395,249.915625,0.09538595274812636,-22.665,8.39125,51.9075,-51.9075,1.8633718169650347e-07,25.9537478061302,44.953214913572,25.953752301451566,44.95321231819699,-44.953214913572,0.0,10794259.678842096,13933767.826292994,0.4023062320635646,0.4080735818398022,1.06124946052999,1.3564757536869356,1.562977630211971,3.9166506707532527,8664956.785655953,19.628565490966977,5.869289648727499,0.4939159253513056,-0.014704320105235032,13.445523054727703,0.8507870295880248,685089931.7024873,22.545960445653034,16704.58043502971,14030746.33372945,-8.795471946589587e-07,-5.482230793908704e-08,-17.7644364523816,22.56066568568502,108.63427437984403,108.6409783043025,82.62794951352886,70454.85155227644,79298750.37928736,1.2473307856387545,0.37798115264673743,1.3411217440608734,3.315613415087056,0.37256049356752224,1.1588995286070052,3.2795392262091614,0.5702520866210874,5.359077889533483,-1.2124999999999986,0.335125,0.635875,0.84140625,0.317875,1.0465,0.8434999999999999
8.640425,0.78175,10.7125,11.405000000000001,237.034375,0.09801713234735161,-18.814999999999998,18.051250000000003,56.2075,-56.2075,2.017732917248224e-07,28.103747624390756,48.6771242547724,28.103752492103048,48.67712144439739,-48.6771242547724,0.0,11422793.212748364,12161892.413977817,0.408390638214396,0.4131705471666521,1.1261620221720887,1.4376812606987472,1.6358270608912127,3.94052925873469,8763190.626491975,21.267060548033268,8.449473921600887,0.3445353431062423,-0.021378193168294122,15.608848110069808,0.43008337469669905,636225104.5044456,29.33413326510398,14951.500596921034,12258868.914691007,-8.272079136130874e-07,-5.4744030498973305e-08,-12.849212061263446,29.346641356394915,106.29516750572846,106.30115151777076,74.65844634252316,66823.43972455354,76991164.76314215,1.0518324433239405,0.3827522856052428,1.4062553854386954,3.333756827434989,0.3782718545290565,1.2302948391487114,3.2950565093070345,0.5349909871731802,5.411343991072529,-15.2125,0.384625,0.560875,0.88484375,1.266375,1.3815,1.4475
13.076675000000002,0.79125,12.4525,12.685,237.503125,0.09791272796083424,-19.005,9.61625,61.2575,-61.2575,2.1990174652552254e-07,30.62874741095257,53.0505526671124,30.628752716007693,53.05054960423739,-53.0505526671124,0.0,14095061.194385415,31767571.38816085,0.4080782272445197,0.4128907694623004,1.1236767755547112,1.4345672484851344,1.6330628842095107,3.9395442367607054,10001074.203904228,25.380231054940396,5.19187826529517,0.4865572193992577,-0.020024697249761438,21.877462962206597,0.7061440864673341,602518097.7221041,24.48543681588902,34026.66030440893,31864527.546601366,-8.262938166174754e-07,-3.191304221292467e-08,-15.477260267964509,24.494575120205784,178.65272848564445,178.65993164367035,124.1511971105723,66955.58717097723,77080227.01884341,1.0620091148453665,0.3825745641104607,1.4037914003007081,3.3330403948654386,0.3780617264410837,1.2275641542321198,3.2944375308342684,0.5386855539499432,5.409362949230378,-1.8374999999999986,0.115375,0.6223749999999999,0.89203125,1.107125,1.0835,1.2285
9.314175,0.86075,12.5225,7.425,242.54687499999997,0.09683403050252118,-18.095,17.19375,57.557500000000005,-57.557500000000005,2.0661951231510857e-07,28.778747567333024,49.84625858282369,28.778752551958746,49.84625570494868,-49.84625858282369,0.0,12108353.430049134,15240352.39092068,0.40569892644194944,0.4108866216610262,1.0975737033576296,1.4019432840061015,1.604002555012515,3.929693511981176,9133031.572223619,22.187419284767703,5.724646788811439,0.5086950514715407,-0.020039500718362444,16.59228303484994,0.7506106571169074,643994553.106467,22.299221460969456,17954.693007320417,15337325.51509876,-7.911606278302163e-07,-5.2753062402817486e-08,-12.82375199775036,22.311254419200676,118.453896591925,118.46007134049262,84.4552146498373,68377.4936944961,78013651.8725216,1.1541203297689717,0.3806325986317065,1.3777527045686384,3.3255781771785977,0.3757641350833104,1.198822998015786,3.288010378269743,0.5645209788531468,5.387670021588959,-10.7125,0.223375,0.19787500000000002,0.93890625,1.341625,1.1125,1.1775
9.375425,0.98075,13.4825,13.995000000000001,245.565625,0.09622369222387972,-17.075,9.77375,47.9325,-47.9325,1.7206775440288305e-07,23.96624797413352,41.5107638365321,23.966252125209788,41.51076143990709,-41.5107638365321,0.0,10780140.011875555,14183095.523806248,0.4044072936451574,0.4098299518336596,1.082437200265067,1.3830252057955101,1.5870027878357955,3.9242050683964087,8691895.888912741,17.42617055087193,6.801002603604051,0.44488202525094295,-0.009681175927537748,13.02624628369114,0.7768486639216264,705812489.9941682,23.99738809193066,17021.640413458244,14280104.702780616,-7.724583577658898e-07,-4.4422032023838177e-08,-12.937230583438671,24.011087503701425,96.80909628905331,96.81070166564103,68.31243911082487,69228.52324946465,78550422.91944095,1.1996612417179555,0.3795339498161658,1.3625422090827175,3.3213767250387707,0.37444360198976645,1.1821789779040461,3.284425524957374,0.5722139080824119,5.375727077648377,-3.0625,0.269125,0.537625,0.93234375,0.263625,0.8265,1.1635
6.794175,0.9177500000000001,13.6775,7.335,237.70937500000002,0.09786689296432104,-19.685,10.981250000000001,50.6325,-50.6325,1.817601955834554e-07,25.316247860018056,43.84903249263467,25.316252244921184,43.84902996100967,-43.84903249263467,0.0,10320719.473780226,11014253.02923291,0.40805398244592817,0.41288282861591535,1.1225879145637958,1.4332223793789858,1.6318695420324507,3.93915499604189,8470665.661326323,19.259262066587645,6.85067905719343,0.7057920099143176,-0.01356536103096702,12.399096874392164,1.132460422132202,769763110.3222575,21.460205921413067,13872.906627200371,11111244.87632677,-8.638384204672603e-07,-6.20339723576983e-08,-14.593198892377552,21.47084205885317,95.11659407532494,95.1233538702705,74.11905505246392,67013.73204740367,77119404.82987571,1.0665047522501347,0.38249624722192194,1.4027087378065042,3.3327262519096807,0.37796912786593584,1.2263657693410972,3.2941664038711496,0.5403949362855671,5.408490004556617,-9.7875,0.48512500000000003,0.266125,0.83421875,1.002125,0.9664999999999999,1.4115
12.787925000000001,0.95825,13.1525,11.085,235.42187500000003,0.09836852767043244,-16.314999999999998,16.721249999999998,61.3575,-61.3575,2.202607258285067e-07,30.678747406726075,53.13715520993102,30.678752720441448,53.137152142056,-53.13715520993102,0.0,14255077.907432944,26936306.130953453,0.40909184266533966,0.4137539312828703,1.1347638711327515,1.4484025000682232,1.6453046533732856,3.9438266513152285,10042616.40392097,25.165741561279475,5.60052312522557,0.6446831599498914,-0.018451095078177795,20.05100971234162,0.9305367926995731,671536609.7548292,21.276422885339787,29332.22919811429,27033270.793502018,-7.634484684362708e-07,-3.814516343904423e-08,-11.969735758228152,21.28423460210354,161.04678453108775,161.05338400954383,106.76638088501042,66368.85250885607,76682495.81743056,1.0172249792833,0.38336302286890417,1.4147716770654561,3.3362506295399403,0.3789933877834559,1.2397652429439496,3.297217710014276,0.5222885655807192,5.418160081542759,-4.4125,0.143125,0.21587499999999998,0.89671875,1.360875,1.1975,1.3285
8.631675,0.7787499999999999,12.6225,8.675,240.50312499999998,0.09726380687744338,-16.625,12.85375,42.9825,-42.9825,1.542982789051671e-07,21.491248183345206,37.22393796701071,21.4912519057389,37.22393581788571,-37.22393796701071,0.0,9950242.418631371,9893574.76747205,0.40692377094816223,0.4119605944512197,1.1080056785479118,1.4150563529777032,1.6156969860017478,3.9336480286584767,8274652.878075596,14.616538362332374,11.892242217747878,0.3172669160861936,-0.011637944895291073,13.048125082384768,0.5208200617415424,814614890.3670123,32.39561799308545,12899.96154350706,9990611.019761086,-6.913418742847928e-07,-4.816276740939795e-08,-11.799129478378884,32.397233684254644,72.64693098798922,72.64932344234629,51.3617715818147,67801.3308280888,77640751.59005246,1.1239143927778152,0.38138034424621864,1.3881773568966755,3.328508786398963,0.376659606713163,1.2103196948754846,3.290528481489724,0.5593925173721722,5.395845550808163,-1.9124999999999979,0.242875,0.136375,0.83359375,0.205875,1.2174999999999998,1.4085
10.110425,0.87425,11.2275,8.245000000000001,243.746875,0.09658764271626273,-23.235,12.83625,54.8575,-54.8575,1.9692707113453622e-07,27.42874768144849,47.50798992672111,27.42875243224735,47.507987183846105,-47.50798992672111,0.0,11939484.489993298,17348938.29783965,0.4051801662732288,0.410460787981594,1.0915229791874193,1.3943724078873203,1.5972219982445581,3.9274841854299973,9006421.799077136,21.036232493910315,7.2521290238210145,0.28688144230198837,-0.02344865379653414,18.955050029353604,0.43425223406240576,578161264.2371287,28.960722914770578,20002.122172449817,17445907.033018865,-7.415290924336453e-07,-4.261082991712417e-08,-18.13948054828606,28.975536901972006,123.61665703480125,123.62289827340267,85.43876871853111,68715.79115734072,78228854.16318765,1.172090568213511,0.3802007914767219,1.3716852489512217,3.323895801617387,0.3752443675509148,1.1921616297896491,3.286571311633791,0.5675538584998631,5.382989979526413,-4.8125,0.22262500000000002,0.148375,0.82015625,0.19537500000000002,0.9035,0.8065
8.745425000000001,0.9097500000000001,14.3125,11.525,236.996875,0.0980255167148874,-23.525,11.29625,47.5825,-47.5825,1.708113268424385e-07,23.79124798892627,41.207654936666955,23.791252109691648,41.20765255754195,-41.207654936666955,0.0,11969431.668179128,17343420.531157162,0.4083862027168016,0.4131629818884109,1.1263605916049564,1.437924533843949,1.6360421963379428,3.9405947351447566,9192387.600996766,18.45980907603297,6.145984819514813,0.4838640625342425,-0.01042769509617906,13.554083534420696,0.9467793102661205,713812586.3810244,22.57462290304939,20055.419052000896,17440415.75488423,-8.002130196251961e-07,-5.055870892399159e-08,-18.02869531963545,22.58504332556352,109.96226365319725,109.96368958808486,82.42245391974197,66812.86792883964,76984023.37325506,1.051020576556157,0.38276649526713047,1.406452736152473,3.333814303963332,0.3782886531491206,1.2305137326971411,3.295106203757056,0.5346957071883922,5.411502406214404,-13.2125,0.6703749999999999,0.5998749999999999,0.84765625,0.26187499999999997,1.4235,0.7044999999999999
8.404175,0.96875,12.2975,11.115,240.484375,0.09726782746903676,-18.765,7.35875,53.3825,-53.3825,1.9163212641551983e-07,26.691247743789344,46.23060242014655,26.691252366849458,46.23059975102155,-46.23060242014655,0.0,10203305.713438867,12646072.756629165,0.4066974872629211,0.4117290920145867,1.1080968387987784,1.4151362926101227,1.6157652907369862,3.9336179881992535,8358396.702943995,20.369191695526276,6.5054589843260064,0.4182982479455414,-0.01614874120334902,14.093074765982893,0.6853375401372352,646867342.4950453,23.795450175557406,15442.889559649137,12743054.400624448,-8.229031641113326e-07,-4.7739078277545565e-08,-14.82491082956431,23.80739709134127,103.88340935957288,103.88963566865135,74.78889720796582,67796.04493023186,77637292.84904519,1.1236396473279489,0.381387086978591,1.388273382191161,3.3285358815266277,0.3766677006745314,1.2104259683294754,3.2905518236357003,0.5593451233920045,5.3959189015040865,-9.337499999999999,0.5878749999999999,0.4296249999999999,0.79765625,0.804375,1.4595,0.9644999999999999
6.636674999999999,1.0362500000000001,14.1375,7.605,247.04687500000003,0.09593330143369794,-17.455,12.118749999999999,60.432500000000005,-60.432500000000005,2.1694016727590323e-07,30.21624744582119,52.33608168885884,30.21625267942921,52.33607866723383,-52.33608168885884,0.0,10841804.823260386,11367438.343818182,0.4035614776659236,0.4090978297611696,1.0751375609666225,1.3738626341854765,1.5787326077676531,3.9215413581187186,8713723.44099136,23.580898738624274,14.460733819733111,1.4741359834848777,-0.018099675704382548,12.408963266136563,2.423893987967834,1643227917.0659375,17.14763379464295,14156.41431717568,11464401.363166003,-9.988181083195518e-07,-7.233043631873888e-08,-12.560829251843735,17.158708048016774,113.21325921239263,113.22057189180475,89.82149701280035,69646.1091801635,78808448.22130808,1.2181995321474324,0.37899937114450266,1.3551819068198827,3.319375033405763,0.3737980360151278,1.1741588426681762,3.28272413360154,0.5731209315675929,5.36995661807355,-16.1875,0.35762499999999997,0.5353749999999999,0.98609375,1.103625,1.0625,1.4495
7.721675,0.95425,10.5875,11.375,238.140625,0.09777181716129311,-18.865000000000002,11.52375,59.432500000000005,-59.432500000000005,2.133503742460616e-07,29.716247488086175,51.4700562606727,29.71625263509166,51.47005328904769,-51.4700562606727,0.0,10423087.615133584,10920552.821725177,0.40783900164783493,0.4126992219054959,1.1203130403879278,1.4303858881326903,1.6293476009867924,3.938286733367856,8353633.424033663,23.78493686078625,7.176625777143727,0.35278232484994965,-0.02487908951182168,14.924731013151032,0.5119689192758005,621287461.0391333,26.29685642628116,13706.446725792188,11017515.638572495,-8.554431689546419e-07,-5.592084619635938e-08,-14.004618217308566,26.309459076724057,111.21736113400371,111.22368694817888,79.2058574848365,67135.30769811345,77200833.16120544,1.0759363319976218,0.3823326258455815,1.4004486264764464,3.3320719866925756,0.37777557878887824,1.2238664089143447,3.2936022127206552,0.543805031858098,5.40666738311737,-0.16249999999999787,0.617875,0.163375,0.92921875,0.268875,1.0815000000000001,1.4655
9.681675,0.77925,13.5475,12.065000000000001,243.034375,0.09673340023164446,-21.855,14.07875,50.7825,-50.7825,1.8229866453793165e-07,25.39124785367831,43.97893630686259,25.391252251571817,43.97893376773759,-43.97893630686259,0.0,12401239.308669303,17642913.55576135,0.4054825383350082,0.41070781303419485,1.095109677247097,1.398858399234198,1.601242793525746,3.9287895231838537,9327468.017686272,19.245816991425887,5.677512714107684,0.40870128487569224,-0.012381440941840545,14.61509546873493,0.7343544138770567,625107853.6023784,23.335153020970136,20336.985795896428,17739901.110690463,-8.217423262807888e-07,-5.067883689150526e-08,-16.26705331393788,23.347768190035044,115.82708585264653,115.83336202130923,84.8641902557504,68514.92703877675,78101371.26564829,1.161399885532429,0.38045718004024887,1.3752836683843823,3.324891965204044,0.37555306054338117,1.1961092081533695,3.287422825381566,0.5657530892431771,5.385767736246434,-8.6875,0.446875,0.695125,0.81953125,1.457125,1.3745,1.3375
7.966675,0.91225,10.5825,8.585,240.578125,0.09724773512111355,-19.175,15.72375,60.457499999999996,-60.457499999999996,2.1702991210164922e-07,30.228747444764558,52.357732324563486,30.228752680537646,52.35772930168847,-52.357732324563486,0.0,10910706.151956882,10994396.123491589,0.4066066091399422,0.4116446061965637,1.1076148290491905,1.4145251186342,1.615222046050825,3.933427336096212,8535242.628482707,24.003850536254095,6.960945290485114,0.3569104609292705,-0.029064461525166653,16.178682170335968,0.47102467371297047,610514171.1969321,26.443781001228455,13777.436400581431,11091356.985715298,-8.708788090412693e-07,-6.071028254635176e-08,-13.581678606172455,26.457536743550232,112.60003006641963,112.60652069707538,82.36910767851656,67822.4744195166,77654581.1535626,1.125014194768366,0.38135335644693213,1.387793533617675,3.3284004952233897,0.37662720842315783,1.2098947332708805,3.2904351549588187,0.5595820925478505,5.395551843681636,-14.3125,0.36512500000000003,0.555625,0.81109375,0.519125,1.1715,1.0695000000000001
8.964175000000001,1.05375,11.0425,8.815,237.390625,0.09793771703476749,-22.965,10.75375,41.8075,-41.8075,1.5008027209510318e-07,20.903748233006564,36.206358088891996,20.903751853642273,36.20635599851699,-36.206358088891996,0.0,10285290.547836341,11951147.474942237,0.40853891439682105,0.4133493816049747,1.1242809274450283,1.435379742138688,1.63378928232638,3.9398861780180616,8337686.727076136,13.38890853033465,27.89133988857315,0.2762341088588966,-0.03826963572383832,15.618874112062018,0.423481681262821,1270694660.177916,53.899643893896396,14869.797886597133,12048171.278267134,-6.02416734079298e-07,-4.0053936464152034e-08,-17.721065834792718,53.20557592631721,80.67372493605724,80.67551986362217,55.035638819322685,66923.87178383554,77058887.10208775,1.0595618949986407,0.38261722479306204,1.4043822839797264,3.3332119942748397,0.3781121730776299,1.2282186175780636,3.2945857119615702,0.5377982704658922,5.409838390384586,-10.9875,0.4296249999999999,0.49712500000000004,0.84984375,0.9636250000000001,1.4975,1.4905
12.044175000000001,0.86225,12.3575,6.245,246.915625,0.09595881813246189,-17.755,19.01375,56.432500000000005,-56.432500000000005,2.0258099515653679e-07,28.216247614881134,48.87197997611428,28.216252502078998,48.87197715448927,-48.87197997611428,0.0,13128199.523910055,21527162.51384073,0.40369823988930403,0.4092253685668017,1.0757803562291268,1.3746796596627435,1.5794690533717883,3.921786770543067,9537676.287863147,21.127481299358614,5.8993020259866125,0.43928018739421726,-0.020066132980520606,20.49208186861291,0.6431519826456369,609510863.9845588,24.796679812107193,24108.721841133578,21624141.08635088,-7.103982201644974e-07,-4.063228311843568e-08,-12.787374572893121,24.810722994887048,133.17671298782076,133.18287520381986,89.23168435421101,69609.10789516484,78785852.89747834,1.216878980940703,0.3790448392239896,1.3558286369112555,3.319548900412299,0.37385350779211923,1.1748647760632336,3.282871942618083,0.5732550873274097,5.3704387603511226,-9.9375,0.209125,0.6463749999999999,0.8004687500000001,0.723875,0.8845,1.3265
8.211675,0.90625,11.9125,13.145,244.440625,0.09644843583135967,-21.195,14.84875,44.8575,-44.8575,1.610291408361201e-07,22.428748104098357,38.847735644859725,22.428751988871813,38.84773340198472,-38.847735644859725,0.0,11057361.535355084,12197771.343381185,0.4049817408453938,0.41031784241714153,1.0880422844005377,1.3900413372468652,1.5933247504711958,3.9262485711457407,8713361.463517979,15.79965096798119,11.597601961757116,0.26140387284353384,-0.01249773393196613,13.153891332124795,0.49719011095703075,752923933.9727849,34.53589707770744,15099.627406395972,12294786.85020649,-7.436203650879275e-07,-5.0053631254864085e-08,-15.043928764908507,34.54812395939611,87.1318531682468,87.13361041288576,61.5409060797003,68911.36937804779,78352089.33080211,1.182556535134039,0.3799388916035438,1.3681810490981916,3.3229214757040704,0.3749319315291731,1.1883334615638312,3.285740156039999,0.5692893411199648,5.380104194563969,-8.5375,0.40937500000000004,0.510625,0.97984375,0.9461249999999999,0.7014999999999999,1.1355
8.587925,0.81325,10.8425,10.605,240.428125,0.0972798954164889,-22.555,18.40125,54.5325,-54.5325,1.957603883998377e-07,27.266247695184607,47.22653166256061,27.26625241783764,47.226528935935605,-47.22653166256061,0.0,11804301.372145085,13086660.49998119,0.40670438883949045,0.4117314506027318,1.108385465018351,1.41549554543783,1.6160841023512282,3.933721821481679,8924243.841471575,20.704678661098114,8.647841123662463,0.28865448979728375,-0.021827253240264785,15.947255784570844,0.4257835116534596,637169724.724549,30.8352721002981,15852.762555221841,13183634.517586853,-8.264263091001093e-07,-5.5823538065881285e-08,-15.880169524053557,30.849835980465212,109.91865415131831,109.92482104388301,79.03901836027273,67780.18723666102,77626913.4079398,1.1228152772692641,0.3814073342361132,1.3885613780851813,3.3286171863794936,0.376692002724959,1.210744891194633,3.29062190575684,0.5592029420441699,5.396139305674936,-7.462499999999999,0.4453750000000001,0.47462499999999996,0.99765625,0.8148749999999999,1.2934999999999999,1.1135
13.129175,0.75475,13.7525,8.805,242.24687500000002,0.09689649930581917,-22.465,11.15625,56.7575,-56.7575,2.0374767789123528e-07,28.37874760114501,49.153438240274774,28.3787525164887,49.153435402399765,-49.153438240274774,0.0,13935473.552119995,29292605.056333713,0.40580226882323117,0.4109662889935936,1.099093437049463,1.40384073124225,1.6056973084160477,3.9302388877352734,9955037.941539077,22.809908704867688,4.527163506919303,0.45209924573052107,-0.017343134865611266,20.293218479844068,0.7411026027115265,589044557.8058399,21.94718171097816,31638.229437946957,29389568.383437462,-7.588484923221145e-07,-3.671396435285064e-08,-18.11207969762247,21.956930710103954,162.3461599024672,162.35320134986466,112.41996960578923,68292.91932878493,77959329.15940289,1.149654652071694,0.38074054556374437,1.379274889127716,3.3260023353115065,0.37589397122122786,1.2004982006265172,3.2883739604783333,0.5637627637571602,5.388841349070007,-17.6375,0.685375,0.575125,0.91890625,0.569875,1.2534999999999998,1.3025
11.247925,0.9387500000000001,11.807500000000001,13.525,244.45937500000002,0.09644465644918641,-18.105,7.83125,60.0325,-60.0325,2.1550425006396655e-07,30.01624746272718,51.98967151758438,30.01625266169419,51.989668515959366,-51.98967151758438,0.0,11740302.738861974,20101340.70370093,0.4047900921530236,0.4101244080549464,1.0879443821513468,1.3898910235363637,1.593187890950258,3.926158516651147,8958867.852429252,23.978990054130843,5.33319631436015,0.4175666380767007,-0.01982796911881222,17.697877885051792,0.6136507825892942,569875202.8643475,23.846832413060437,22668.19735021308,20198301.660818655,-8.444434841633642e-07,-3.838584784069577e-08,-14.62897709690805,23.859604526357906,142.62689711119242,142.63330955882887,97.95860881844658,68916.65527590475,78355414.07227282,1.182840333118757,0.37993214099819533,1.3680868499709922,3.3228955746618793,0.3749237953008088,1.1882304396708763,3.285718074656549,0.5693367115518445,5.380031152630326,-17.9625,0.18662499999999999,0.137125,0.8551562500000001,1.257625,1.4705,1.1385
